Scenario,Age0,Age1,Arm,Year0,N0,Index,A,M,L,U
Overall,70,80,ReRZV_1d,2024,1,N0,1,1,1,1
Overall,70,80,ReRZV_1d,2024,1,dYear_Life,5.702141062070094e-4,5.699458913586142e-4,4.7383949570738436e-4,6.676679820350806e-4
Overall,70,80,ReRZV_1d,2024,1,dYear_Immunised,9.848486452587897,9.884971067050074,8.87834745344731,10.600693900226293
Overall,70,80,ReRZV_1d,2024,1,dRisk_HZ,-0.08854915265257662,-0.08887353722213773,-0.09586803279190437,-0.07920328511888322
Overall,70,80,ReRZV_1d,2024,1,dRisk_Hosp,-0.0043362462803922695,-0.00431263811363443,-0.005198129464003868,-0.0035565391501270094
Overall,70,80,ReRZV_1d,2024,1,dRisk_PHN,-0.007345402830333872,-0.007360615365269497,-0.008233860624219685,-0.006392453621115169
Overall,70,80,ReRZV_1d,2024,1,dRisk_Death,-9.36240162838124e-5,-9.339250912188793e-5,-1.1256058887719521e-4,-7.525959073404789e-5
Overall,70,80,ReRZV_1d,2024,1,dQ_Life,3.9038963508086154e-4,3.9014150977934037e-4,3.2426224727153394e-4,4.567001771985879e-4
Overall,70,80,ReRZV_1d,2024,1,dQ_HZ,0.012776267881394162,0.012719977385256551,0.01089749275521277,0.014894711370284206
Overall,70,80,ReRZV_1d,2024,1,dQ_HZ_Norm,0.004057821046111236,0.0040484946250054065,0.0034402120453649442,0.004712896437505778
Overall,70,80,ReRZV_1d,2024,1,dQ_All,0.013160074412023546,0.01310155005628122,0.011243577828900309,0.015283944001626894
Overall,70,80,ReRZV_1d,2024,1,dQ_HZ_d,0.012776267881394162,0.012719977385256551,0.01089749275521277,0.014894711370284206
Overall,70,80,ReRZV_1d,2024,1,dQ_HZ_Norm_d,0.004057821046111236,0.0040484946250054065,0.0034402120453649442,0.004712896437505778
Overall,70,80,ReRZV_1d,2024,1,dQ_Life_d,3.9038963508086154e-4,3.9014150977934037e-4,3.2426224727153394e-4,4.567001771985879e-4
Overall,70,80,ReRZV_1d,2024,1,dQ_All_d,0.013166657516474991,0.013107641450272212,0.011249552825112063,0.015290911749064894
Overall,70,80,ReRZV_1d,2024,1,dC_Hosp,-18.783129469779997,-18.741240241616914,-22.757876304014854,-15.194362007917233
Overall,70,80,ReRZV_1d,2024,1,dC_GP_NonPHN,-9.842395278699806,-9.878030944261221,-10.672040839175745,-8.813634547965238
Overall,70,80,ReRZV_1d,2024,1,dC_GP_PHN,-3.998773043428714,-4.001195337602099,-4.548237152852542,-3.434821769682327
Overall,70,80,ReRZV_1d,2024,1,dC_GP,-13.841168322128519,-13.89536414544505,-15.066551060312426,-12.294969651289891
Overall,70,80,ReRZV_1d,2024,1,dC_Med,-32.62429779190852,-32.59844245493624,-37.20413948609357,-27.995340246004822
Overall,70,80,ReRZV_1d,2024,1,dC_VacZVL,110,110,110,110
Overall,70,80,ReRZV_1d,2024,1,dC_VacRZV,68.66182112291749,68.66182270066724,68.66167936882835,68.66194765484585
Overall,70,80,ReRZV_1d,2024,1,dC_Vac,178.66182112291747,178.66182270066724,178.66167936882837,178.66194765484585
Overall,70,80,ReRZV_1d,2024,1,dC_All,146.03752333100897,146.06336228852422,141.45764261396738,150.66644663097932
Overall,70,80,ReRZV_1d,2024,1,dC_Hosp_d,-18.783129469779997,-18.741240241616914,-22.757876304014854,-15.194362007917233
Overall,70,80,ReRZV_1d,2024,1,dC_GP_NonPHN_d,-9.842395278699806,-9.878030944261221,-10.672040839175745,-8.813634547965238
Overall,70,80,ReRZV_1d,2024,1,dC_GP_PHN_d,-3.998773043428714,-4.001195337602099,-4.548237152852542,-3.434821769682327
Overall,70,80,ReRZV_1d,2024,1,dC_GP_d,-13.841168322128519,-13.89536414544505,-15.066551060312426,-12.294969651289891
Overall,70,80,ReRZV_1d,2024,1,dC_Med_d,-32.62429779190852,-32.59844245493624,-37.20413948609357,-27.995340246004822
Overall,70,80,ReRZV_1d,2024,1,dC_VacZVL_d,110,110,110,110
Overall,70,80,ReRZV_1d,2024,1,dC_VacRZV_d,68.66182112291749,68.66182270066724,68.66167936882835,68.66194765484585
Overall,70,80,ReRZV_1d,2024,1,dC_Vac_d,178.66182112291747,178.66182270066724,178.66167936882837,178.66194765484585
Overall,70,80,ReRZV_1d,2024,1,dC_All_d,146.03752333100897,146.06336228852422,141.45764261396738,150.66644663097932
Overall,70,80,ReRZV_1d,2024,1,dN_VacZVL,1,1,1,1
Overall,70,80,ReRZV_1d,2024,1,dN_VacRZV,0.8077861308578528,0.8077861494196146,0.8077844631626865,0.8077876194687745
Overall,70,80,ReRZV_1d,2024,1,dN_VacZVL_d,1,1,1,1
Overall,70,80,ReRZV_1d,2024,1,dN_VacRZV_d,0.8077861308578528,0.8077861494196146,0.8077844631626865,0.8077876194687745
Overall,70,80,ReRZV_1d,2024,1,ICER,11164.96975411164,11116.248375826266,9310.724303724637,13177.535710613478
Overall,70,80,ReRZV_1d,2024,1,Price0,85,85,84.99999999999999,85.00000000000001
Overall,70,80,ReRZV_1d,2024,1,Thres20,366.38094552191126,365.44817099267993,316.5678679649066,423.1387025102505
Overall,70,80,ReRZV_1d,2024,1,Thres30,529.3777702985981,527.7762217590296,455.6203510483832,611.2250362093878
Overall,70,80,ReRZV_1d,2024,1,Thres20_50,NA,365.44817099267993,NA,NA
Overall,70,80,ReRZV_1d,2024,1,Thres30_90,NA,480.3719407928445,NA,NA
Overall,70,80,ReRZV_1d,2024,1,Thres,NA,365.44817099267993,NA,NA
Overall,70,80,ReRZV_2d,2024,1,N0,1,1,1,1
Overall,70,80,ReRZV_2d,2024,1,dYear_Life,5.887941622126665e-4,5.87698556920202e-4,4.973765824700215e-4,6.839255908897002e-4
Overall,70,80,ReRZV_2d,2024,1,dYear_Immunised,10.079792834649599,10.100980585163141,9.249576867016234,10.746288148883217
Overall,70,80,ReRZV_2d,2024,1,dRisk_HZ,-0.09073222611098225,-0.0909683783499183,-0.09729000179396219,-0.08301741669560275
Overall,70,80,ReRZV_2d,2024,1,dRisk_Hosp,-0.004479762406209649,-0.004465776113526426,-0.005342969529445631,-0.0037076378132532475
Overall,70,80,ReRZV_2d,2024,1,dRisk_PHN,-0.007542166487467314,-0.007552453093670366,-0.008354908519028578,-0.006705575859634924
Overall,70,80,ReRZV_2d,2024,1,dRisk_Death,-9.698161120111626e-5,-9.670322174982941e-5,-1.1575132254564033e-4,-7.958775296659436e-5
Overall,70,80,ReRZV_2d,2024,1,dQ_Life,4.0298182435098175e-4,4.023084123447873e-4,3.4178601553964684e-4,4.6720645640565547e-4
Overall,70,80,ReRZV_2d,2024,1,dQ_HZ,0.013105937632103626,0.0130318867108736,0.011397523790795547,0.015197793552843768
Overall,70,80,ReRZV_2d,2024,1,dQ_HZ_Norm,0.00415558231903817,0.004136726751748298,0.0035848963686178235,0.004803118946918609
Overall,70,80,ReRZV_2d,2024,1,dQ_All,0.013502084261710578,0.013428831474581848,0.01176310875474007,0.01561484217539597
Overall,70,80,ReRZV_2d,2024,1,dQ_HZ_d,0.013105937632103626,0.0130318867108736,0.011397523790795547,0.015197793552843768
Overall,70,80,ReRZV_2d,2024,1,dQ_HZ_Norm_d,0.00415558231903817,0.004136726751748298,0.0035848963686178235,0.004803118946918609
Overall,70,80,ReRZV_2d,2024,1,dQ_Life_d,4.0298182435098175e-4,4.023084123447873e-4,3.4178601553964684e-4,4.6720645640565547e-4
Overall,70,80,ReRZV_2d,2024,1,dQ_All_d,0.013508919456454625,0.013435612793713858,0.011769186349147365,0.01562289984023031
Overall,70,80,ReRZV_2d,2024,1,dC_Hosp,-19.418694671533896,-19.33883419295313,-23.316709390778996,-15.910250784921718
Overall,70,80,ReRZV_2d,2024,1,dC_GP_NonPHN,-10.07857535065176,-10.101374722212377,-10.832585161404129,-9.233637457591172
Overall,70,80,ReRZV_2d,2024,1,dC_GP_PHN,-4.104239524670937,-4.09955600930636,-4.628879534319543,-3.6006797501348298
Overall,70,80,ReRZV_2d,2024,1,dC_GP,-14.182814875322697,-14.22069316591124,-15.283355651537518,-12.878565464052466
Overall,70,80,ReRZV_2d,2024,1,dC_Med,-33.60150954685659,-33.57318542992975,-37.9777795963142,-29.45266690436727
Overall,70,80,ReRZV_2d,2024,1,dC_VacZVL,110,110,110,110
Overall,70,80,ReRZV_2d,2024,1,dC_VacRZV,137.32364224583498,137.3236454013345,137.3233587376567,137.3238953096917
Overall,70,80,ReRZV_2d,2024,1,dC_Vac,247.32364224583498,247.3236454013345,247.32335873765672,247.3238953096917
Overall,70,80,ReRZV_2d,2024,1,dC_All,213.72213269897838,213.75047063643922,209.34606219390795,217.87093514461571
Overall,70,80,ReRZV_2d,2024,1,dC_Hosp_d,-19.418694671533896,-19.33883419295313,-23.316709390778996,-15.910250784921718
Overall,70,80,ReRZV_2d,2024,1,dC_GP_NonPHN_d,-10.07857535065176,-10.101374722212377,-10.832585161404129,-9.233637457591172
Overall,70,80,ReRZV_2d,2024,1,dC_GP_PHN_d,-4.104239524670937,-4.09955600930636,-4.628879534319543,-3.6006797501348298
Overall,70,80,ReRZV_2d,2024,1,dC_GP_d,-14.182814875322697,-14.22069316591124,-15.283355651537518,-12.878565464052466
Overall,70,80,ReRZV_2d,2024,1,dC_Med_d,-33.60150954685659,-33.57318542992975,-37.9777795963142,-29.45266690436727
Overall,70,80,ReRZV_2d,2024,1,dC_VacZVL_d,110,110,110,110
Overall,70,80,ReRZV_2d,2024,1,dC_VacRZV_d,137.32364224583498,137.3236454013345,137.3233587376567,137.3238953096917
Overall,70,80,ReRZV_2d,2024,1,dC_Vac_d,247.32364224583498,247.3236454013345,247.32335873765672,247.3238953096917
Overall,70,80,ReRZV_2d,2024,1,dC_All_d,213.72213269897838,213.75047063643922,209.34606219390795,217.87093514461571
Overall,70,80,ReRZV_2d,2024,1,dN_VacZVL,1,1,1,1
Overall,70,80,ReRZV_2d,2024,1,dN_VacRZV,1.6155722617157056,1.6155722988392291,1.615568926325373,1.615575238937549
Overall,70,80,ReRZV_2d,2024,1,dN_VacZVL_d,1,1,1,1
Overall,70,80,ReRZV_2d,2024,1,dN_VacRZV_d,1.6155722617157056,1.6155722988392291,1.615568926325373,1.615575238937549
Overall,70,80,ReRZV_2d,2024,1,ICER,15908.089006371225,15917.937113605924,13517.450187831391,18360.646309537256
Overall,70,80,ReRZV_2d,2024,1,Price0,85,85,84.99999999999999,85.00000000000001
Overall,70,80,ReRZV_2d,2024,1,Thres20,188.03237970405246,187.01796250588993,165.03941117735536,215.98287522659587
Overall,70,80,ReRZV_2d,2024,1,Thres30,271.6493103920695,270.2957900418281,237.6622397407812,312.6973157104807
Overall,70,80,ReRZV_2d,2024,1,Thres20_50,NA,187.01796250588993,NA,NA
Overall,70,80,ReRZV_2d,2024,1,Thres30_90,NA,248.67574763186923,NA,NA
Overall,70,80,ReRZV_2d,2024,1,Thres,NA,187.01796250588993,NA,NA
Overall,70,81,ReRZV_1d,2024,1,N0,1,1,1,1
Overall,70,81,ReRZV_1d,2024,1,dYear_Life,5.530100289701582e-4,5.530358160168447e-4,4.5885766738962275e-4,6.472160186139497e-4
Overall,70,81,ReRZV_1d,2024,1,dYear_Immunised,9.411698606654841,9.436919155199494,8.498636409279156,10.121478908450271
Overall,70,81,ReRZV_1d,2024,1,dRisk_HZ,-0.08443990773693573,-0.08467359743380648,-0.09142402976871429,-0.07587192687995552
Overall,70,81,ReRZV_1d,2024,1,dRisk_Hosp,-0.004214133175364828,-0.00419261597064492,-0.00505108500375666,-0.0034650699546594815
Overall,70,81,ReRZV_1d,2024,1,dRisk_PHN,-0.006979945070104051,-0.006999349120240621,-0.0077971624659237465,-0.006088835413458315
Overall,70,81,ReRZV_1d,2024,1,dRisk_Death,-9.248474137298476e-5,-9.22531886562624e-5,-1.1111768507812045e-4,-7.446308851539645e-5
Overall,70,81,ReRZV_1d,2024,1,dQ_Life,3.7800847348349096e-4,3.7783309738603776e-4,3.1476018275196084e-4,4.4191520575460603e-4
Overall,70,81,ReRZV_1d,2024,1,dQ_HZ,0.012201479647501746,0.012149888256976897,0.010420667482653932,0.014226023184006857
Overall,70,81,ReRZV_1d,2024,1,dQ_HZ_Norm,0.0038693261890499217,0.0038596216816095628,0.003293797687095871,0.004486302694049934
Overall,70,81,ReRZV_1d,2024,1,dQ_All,0.012572847661695589,0.012524611488768933,0.010769656882464717,0.014603554690250629
Overall,70,81,ReRZV_1d,2024,1,dQ_HZ_d,0.012201479647501746,0.012149888256976897,0.010420667482653932,0.014226023184006857
Overall,70,81,ReRZV_1d,2024,1,dQ_HZ_Norm_d,0.0038693261890499217,0.0038596216816095628,0.003293797687095871,0.004486302694049934
Overall,70,81,ReRZV_1d,2024,1,dQ_Life_d,3.7800847348349096e-4,3.7783309738603776e-4,3.1476018275196084e-4,4.4191520575460603e-4
Overall,70,81,ReRZV_1d,2024,1,dQ_All_d,0.012579488120985222,0.01253036213974923,0.010775808885285043,0.014610735308237019
Overall,70,81,ReRZV_1d,2024,1,dC_Hosp,-18.31334358694049,-18.250934785408877,-22.19027385471584,-14.884989244572171
Overall,70,81,ReRZV_1d,2024,1,dC_GP_NonPHN,-9.378685845908155,-9.407284917144173,-10.171723314796179,-8.425272751901275
Overall,70,81,ReRZV_1d,2024,1,dC_GP_PHN,-3.794984166339586,-3.795054853416163,-4.3115456840451545,-3.2571066364172263
Overall,70,81,ReRZV_1d,2024,1,dC_GP,-13.173670012247742,-13.216932078286643,-14.317772220327058,-11.757371113017998
Overall,70,81,ReRZV_1d,2024,1,dC_Med,-31.487013599188234,-31.47137191162631,-35.92672702162552,-27.058030137031224
Overall,70,81,ReRZV_1d,2024,1,dC_VacZVL,110,110,110,110
Overall,70,81,ReRZV_1d,2024,1,dC_VacRZV,65.98960361334055,65.98960689787913,65.98943187616378,65.98975555336162
Overall,70,81,ReRZV_1d,2024,1,dC_Vac,175.98960361334056,175.98960689787913,175.98943187616382,175.9897555533616
Overall,70,81,ReRZV_1d,2024,1,dC_All,144.50259001415233,144.5182465225958,140.06300880774634,148.9315162268435
Overall,70,81,ReRZV_1d,2024,1,dC_Hosp_d,-18.31334358694049,-18.250934785408877,-22.19027385471584,-14.884989244572171
Overall,70,81,ReRZV_1d,2024,1,dC_GP_NonPHN_d,-9.378685845908155,-9.407284917144173,-10.171723314796179,-8.425272751901275
Overall,70,81,ReRZV_1d,2024,1,dC_GP_PHN_d,-3.794984166339586,-3.795054853416163,-4.3115456840451545,-3.2571066364172263
Overall,70,81,ReRZV_1d,2024,1,dC_GP_d,-13.173670012247742,-13.216932078286643,-14.317772220327058,-11.757371113017998
Overall,70,81,ReRZV_1d,2024,1,dC_Med_d,-31.487013599188234,-31.47137191162631,-35.92672702162552,-27.058030137031224
Overall,70,81,ReRZV_1d,2024,1,dC_VacZVL_d,110,110,110,110
Overall,70,81,ReRZV_1d,2024,1,dC_VacRZV_d,65.98960361334055,65.98960689787913,65.98943187616378,65.98975555336162
Overall,70,81,ReRZV_1d,2024,1,dC_Vac_d,175.98960361334056,175.98960689787913,175.98943187616382,175.9897555533616
Overall,70,81,ReRZV_1d,2024,1,dC_All_d,144.50259001415233,144.5182465225958,140.06300880774634,148.9315162268435
Overall,70,81,ReRZV_1d,2024,1,dN_VacZVL,1,1,1,1
Overall,70,81,ReRZV_1d,2024,1,dN_VacRZV,0.7763482778040065,0.7763483164456368,0.7763462573666329,0.7763500653336661
Overall,70,81,ReRZV_1d,2024,1,dN_VacZVL_d,1,1,1,1
Overall,70,81,ReRZV_1d,2024,1,dN_VacRZV_d,0.7763482778040065,0.7763483164456368,0.7763462573666329,0.7763500653336661
Overall,70,81,ReRZV_1d,2024,1,ICER,11561.761019339334,11529.786691126073,9667.299956397886,13580.345835912236
Overall,70,81,ReRZV_1d,2024,1,Price0,85,85,84.99999999999999,85.00000000000001
Overall,70,81,ReRZV_1d,2024,1,Thres20,364.626008080711,363.388602380865,316.0842122319694,420.7159954863011
Overall,70,81,ReRZV_1d,2024,1,Thres30,526.6600895312586,524.7998871214365,455.17246613367973,608.4208559059202
Overall,70,81,ReRZV_1d,2024,1,Thres20_50,NA,363.388602380865,NA,NA
Overall,70,81,ReRZV_1d,2024,1,Thres30_90,NA,478.2258388935889,NA,NA
Overall,70,81,ReRZV_1d,2024,1,Thres,NA,363.388602380865,NA,NA
Overall,70,81,ReRZV_2d,2024,1,N0,1,1,1,1
Overall,70,81,ReRZV_2d,2024,1,dYear_Life,5.706267711940107e-4,5.693160855368973e-4,4.840208203471086e-4,6.626453514098074e-4
Overall,70,81,ReRZV_2d,2024,1,dYear_Immunised,9.62054054580731,9.636230255852734,8.859347271019441,10.25816731017742
Overall,70,81,ReRZV_2d,2024,1,dRisk_HZ,-0.08641166146118433,-0.08660969011797129,-0.09267851556463516,-0.07924093690355738
Overall,70,81,ReRZV_2d,2024,1,dRisk_Hosp,-0.004350670833003759,-0.0043316698072870695,-0.005184881264982025,-0.003618754856271184
Overall,70,81,ReRZV_2d,2024,1,dRisk_PHN,-0.007157856315249472,-0.007158833812719846,-0.007920165266548106,-0.006343482347262013
Overall,70,81,ReRZV_2d,2024,1,dRisk_Death,-9.576131362429256e-5,-9.560025000984508e-5,-1.1381391082705054e-4,-7.89436886793211e-5
Overall,70,81,ReRZV_2d,2024,1,dQ_Life,3.899137269173707e-4,0.00038910482515497335,3.314079026108807e-4,4.519244771801656e-4
Overall,70,81,ReRZV_2d,2024,1,dQ_HZ,0.01250137607994137,0.012421532189091936,0.010876279868621996,0.014488029872249229
Overall,70,81,ReRZV_2d,2024,1,dQ_HZ_Norm,0.0039574070653967605,0.0039415772659290105,0.0034138889147085376,0.004570907111979452
Overall,70,81,ReRZV_2d,2024,1,dQ_All,0.012884396532951727,0.012806357763536447,0.011245449081201377,0.0148873968202909
Overall,70,81,ReRZV_2d,2024,1,dQ_HZ_d,0.01250137607994137,0.012421532189091936,0.010876279868621996,0.014488029872249229
Overall,70,81,ReRZV_2d,2024,1,dQ_HZ_Norm_d,0.0039574070653967605,0.0039415772659290105,0.0034138889147085376,0.004570907111979452
Overall,70,81,ReRZV_2d,2024,1,dQ_Life_d,3.899137269173707e-4,0.00038910482515497335,3.314079026108807e-4,4.519244771801656e-4
Overall,70,81,ReRZV_2d,2024,1,dQ_All_d,0.012891289806858735,0.012814018876484035,0.011251308120355352,0.014894781417105029
Overall,70,81,ReRZV_2d,2024,1,dC_Hosp,-18.921371407408056,-18.847103942583537,-22.69911585609479,-15.58330247368914
Overall,70,81,ReRZV_2d,2024,1,dC_GP_NonPHN,-9.59111765876111,-9.607341286707044,-10.30892418289646,-8.812083568948859
Overall,70,81,ReRZV_2d,2024,1,dC_GP_PHN,-3.889979114113561,-3.88620198686327,-4.3869560161293215,-3.41106009019679
Overall,70,81,ReRZV_2d,2024,1,dC_GP,-13.48109677287467,-13.51750382267664,-14.508331924125407,-12.306431836477607
Overall,70,81,ReRZV_2d,2024,1,dC_Med,-32.402468180282725,-32.37475805603663,-36.55920847940552,-28.353023581382704
Overall,70,81,ReRZV_2d,2024,1,dC_VacZVL,110,110,110,110
Overall,70,81,ReRZV_2d,2024,1,dC_VacRZV,131.9792072266811,131.97921379575826,131.97886375232756,131.97951110672324
Overall,70,81,ReRZV_2d,2024,1,dC_Vac,241.9792072266811,241.97921379575826,241.97886375232758,241.97951110672324
Overall,70,81,ReRZV_2d,2024,1,dC_All,209.5767390463984,209.60423936015715,205.41987759184772,213.62622260753056
Overall,70,81,ReRZV_2d,2024,1,dC_Hosp_d,-18.921371407408056,-18.847103942583537,-22.69911585609479,-15.58330247368914
Overall,70,81,ReRZV_2d,2024,1,dC_GP_NonPHN_d,-9.59111765876111,-9.607341286707044,-10.30892418289646,-8.812083568948859
Overall,70,81,ReRZV_2d,2024,1,dC_GP_PHN_d,-3.889979114113561,-3.88620198686327,-4.3869560161293215,-3.41106009019679
Overall,70,81,ReRZV_2d,2024,1,dC_GP_d,-13.48109677287467,-13.51750382267664,-14.508331924125407,-12.306431836477607
Overall,70,81,ReRZV_2d,2024,1,dC_Med_d,-32.402468180282725,-32.37475805603663,-36.55920847940552,-28.353023581382704
Overall,70,81,ReRZV_2d,2024,1,dC_VacZVL_d,110,110,110,110
Overall,70,81,ReRZV_2d,2024,1,dC_VacRZV_d,131.9792072266811,131.97921379575826,131.97886375232756,131.97951110672324
Overall,70,81,ReRZV_2d,2024,1,dC_Vac_d,241.9792072266811,241.97921379575826,241.97886375232758,241.97951110672324
Overall,70,81,ReRZV_2d,2024,1,dC_All_d,209.5767390463984,209.60423936015715,205.41987759184772,213.62622260753056
Overall,70,81,ReRZV_2d,2024,1,dN_VacZVL,1,1,1,1
Overall,70,81,ReRZV_2d,2024,1,dN_VacRZV,1.552696555608013,1.5526966328912737,1.5526925147332657,1.5527001306673323
Overall,70,81,ReRZV_2d,2024,1,dN_VacZVL_d,1,1,1,1
Overall,70,81,ReRZV_2d,2024,1,dN_VacRZV_d,1.552696555608013,1.5526966328912737,1.5526925147332657,1.5527001306673323
Overall,70,81,ReRZV_2d,2024,1,ICER,16345.791863089493,16356.047192546932,13901.121972642906,18860.321554626196
Overall,70,81,ReRZV_2d,2024,1,Price0,85,85,84.99999999999999,85.00000000000001
Overall,70,81,ReRZV_2d,2024,1,Thres20,186.91885457826479,185.90021557304863,164.1467766480683,214.77462820566734
Overall,70,81,ReRZV_2d,2024,1,Thres30,269.94402550545533,268.56967805202356,236.474102106077,310.6933471336657
Overall,70,81,ReRZV_2d,2024,1,Thres20_50,NA,185.90021557304863,NA,NA
Overall,70,81,ReRZV_2d,2024,1,Thres30_90,NA,247.8341361686324,NA,NA
Overall,70,81,ReRZV_2d,2024,1,Thres,NA,185.90021557304863,NA,NA
Overall,70,82,ReRZV_1d,2024,1,N0,1,1,1,1
Overall,70,82,ReRZV_1d,2024,1,dYear_Life,5.32441952619358e-4,5.321028793563443e-4,4.4389304577050485e-4,6.224548724270918e-4
Overall,70,82,ReRZV_1d,2024,1,dYear_Immunised,8.970649439792563,8.993448427417158,8.12270803187462,9.661579423808288
Overall,70,82,ReRZV_1d,2024,1,dRisk_HZ,-0.08023531244892364,-0.08040663692137415,-0.0868766506990543,-0.07216071950131547
Overall,70,82,ReRZV_1d,2024,1,dRisk_Hosp,-0.004065196984809498,-0.004045853252885886,-0.004869357462606065,-0.003339621220680186
Overall,70,82,ReRZV_1d,2024,1,dRisk_PHN,-0.006591293040840688,-0.006605563405102159,-0.007386839944898283,-0.005745325095303218
Overall,70,82,ReRZV_1d,2024,1,dRisk_Death,-9.077522187871344e-5,-9.057567293327789e-5,-1.0886445612444207e-4,-7.320709036388222e-5
Overall,70,82,ReRZV_1d,2024,1,dQ_Life,3.6335141213585673e-4,3.631476243644016e-4,3.0347252601243825e-4,4.242471168408368e-4
Overall,70,82,ReRZV_1d,2024,1,dQ_HZ,0.011605096375386412,0.011550395292578168,0.009942199368129317,0.013550280286052032
Overall,70,82,ReRZV_1d,2024,1,dQ_HZ_Norm,0.0036775644971801303,0.0036691383948341877,0.003147093580172757,0.004268166413476493
Overall,70,82,ReRZV_1d,2024,1,dQ_All,0.011961767759024399,0.011906605185494357,0.010290236204063241,0.01393205097538117
Overall,70,82,ReRZV_1d,2024,1,dQ_HZ_d,0.011605096375386412,0.011550395292578168,0.009942199368129317,0.013550280286052032
Overall,70,82,ReRZV_1d,2024,1,dQ_HZ_Norm_d,0.0036775644971801303,0.0036691383948341877,0.003147093580172757,0.004268166413476493
Overall,70,82,ReRZV_1d,2024,1,dQ_Life_d,3.6335141213585673e-4,3.631476243644016e-4,3.0347252601243825e-4,4.242471168408368e-4
Overall,70,82,ReRZV_1d,2024,1,dQ_All_d,0.01196844778752225,0.01191356895204354,0.01029719970027636,0.013939697313806306
Overall,70,82,ReRZV_1d,2024,1,dC_Hosp,-17.722789886708245,-17.65113017037251,-21.380984752764338,-14.380032224618402
Overall,70,82,ReRZV_1d,2024,1,dC_GP_NonPHN,-8.90879580239096,-8.932680082347247,-9.660121124607912,-8.037796094760743
Overall,70,82,ReRZV_1d,2024,1,dC_GP_PHN,-3.5796282173827794,-3.5830772751972892,-4.070489856353338,-3.078295329125528
Overall,70,82,ReRZV_1d,2024,1,dC_GP,-12.488424019773738,-12.514482380623065,-13.575465098385752,-11.187750135779368
Overall,70,82,ReRZV_1d,2024,1,dC_Med,-30.211213906481984,-30.208855793979176,-34.44128777418495,-25.944470327907815
Overall,70,82,ReRZV_1d,2024,1,dC_VacZVL,110,110,110,110
Overall,70,82,ReRZV_1d,2024,1,dC_VacRZV,63.1051127913613,63.10511698250856,63.10491065448689,63.1052975305398
Overall,70,82,ReRZV_1d,2024,1,dC_Vac,173.1051127913613,173.10511698250855,173.10491065448687,173.1052975305398
Overall,70,82,ReRZV_1d,2024,1,dC_All,142.89389888487932,142.89623078506804,138.66386914193433,147.16059791952003
Overall,70,82,ReRZV_1d,2024,1,dC_Hosp_d,-17.722789886708245,-17.65113017037251,-21.380984752764338,-14.380032224618402
Overall,70,82,ReRZV_1d,2024,1,dC_GP_NonPHN_d,-8.90879580239096,-8.932680082347247,-9.660121124607912,-8.037796094760743
Overall,70,82,ReRZV_1d,2024,1,dC_GP_PHN_d,-3.5796282173827794,-3.5830772751972892,-4.070489856353338,-3.078295329125528
Overall,70,82,ReRZV_1d,2024,1,dC_GP_d,-12.488424019773738,-12.514482380623065,-13.575465098385752,-11.187750135779368
Overall,70,82,ReRZV_1d,2024,1,dC_Med_d,-30.211213906481984,-30.208855793979176,-34.44128777418495,-25.944470327907815
Overall,70,82,ReRZV_1d,2024,1,dC_VacZVL_d,110,110,110,110
Overall,70,82,ReRZV_1d,2024,1,dC_VacRZV_d,63.1051127913613,63.10511698250856,63.10491065448689,63.1052975305398
Overall,70,82,ReRZV_1d,2024,1,dC_Vac_d,173.1051127913613,173.10511698250855,173.10491065448687,173.1052975305398
Overall,70,82,ReRZV_1d,2024,1,dC_All_d,142.89389888487932,142.89623078506804,138.66386914193433,147.16059791952003
Overall,70,82,ReRZV_1d,2024,1,dN_VacZVL,1,1,1,1
Overall,70,82,ReRZV_1d,2024,1,dN_VacRZV,0.7424130916630741,0.742413140970689,0.7424107135821988,0.7424152650651741
Overall,70,82,ReRZV_1d,2024,1,dN_VacZVL_d,1,1,1,1
Overall,70,82,ReRZV_1d,2024,1,dN_VacRZV_d,0.7424130916630741,0.742413140970689,0.7424107135821988,0.7424152650651741
Overall,70,82,ReRZV_1d,2024,1,ICER,12015.953487546209,11979.153937718022,10072.932991689811,14084.012620940357
Overall,70,82,ReRZV_1d,2024,1,Price0,85,85,85,85
Overall,70,82,ReRZV_1d,2024,1,Thres20,363.113431997328,361.8703351662126,315.6392448380596,419.5304116819406
Overall,70,82,ReRZV_1d,2024,1,Thres30,524.3235150052499,522.3628258113264,454.67917597662364,608.4463912564618
Overall,70,82,ReRZV_1d,2024,1,Thres20_50,NA,361.8703351662126,NA,NA
Overall,70,82,ReRZV_1d,2024,1,Thres30_90,NA,476.4970094429934,NA,NA
Overall,70,82,ReRZV_1d,2024,1,Thres,NA,361.8703351662126,NA,NA
Overall,70,82,ReRZV_2d,2024,1,N0,1,1,1,1
Overall,70,82,ReRZV_2d,2024,1,dYear_Life,5.489870845662104e-4,5.475211117662582e-4,4.6622232531827733e-4,6.37395197839119e-4
Overall,70,82,ReRZV_2d,2024,1,dYear_Immunised,9.157788772106374,9.163664315544018,8.459920474164582,9.776919856230231
Overall,70,82,ReRZV_2d,2024,1,dRisk_HZ,-0.0820002747626853,-0.08213967519465738,-0.08792294204033932,-0.07532602887544748
Overall,70,82,ReRZV_2d,2024,1,dRisk_Hosp,-0.004193884665575627,-0.004181804119007657,-0.00500257187562745,-0.0034833722106741467
Overall,70,82,ReRZV_2d,2024,1,dRisk_PHN,-0.006750140613516723,-0.006754611875471261,-0.007462823321979569,-0.005976255127091572
Overall,70,82,ReRZV_2d,2024,1,dRisk_Death,-9.394936924868594e-5,-9.363270780964996e-5,-1.1138940286026957e-4,-7.78626634861051e-5
Overall,70,82,ReRZV_2d,2024,1,dQ_Life,0.00037449781440831574,3.7365844539571924e-4,3.1916790863100174e-4,4.3381133502990994e-4
Overall,70,82,ReRZV_2d,2024,1,dQ_HZ,0.011875493157993532,0.011784867481770062,0.0103500971873288,0.013749108414238922
Overall,70,82,ReRZV_2d,2024,1,dQ_HZ_Norm,0.003756221415482073,0.003740030228757788,0.0032388165497419822,0.00433764339204925
Overall,70,82,ReRZV_2d,2024,1,dQ_All,0.01224305813080566,0.012162419270703495,0.010691047783513773,0.014139378525241362
Overall,70,82,ReRZV_2d,2024,1,dQ_HZ_d,0.011875493157993532,0.011784867481770062,0.0103500971873288,0.013749108414238922
Overall,70,82,ReRZV_2d,2024,1,dQ_HZ_Norm_d,0.003756221415482073,0.003740030228757788,0.0032388165497419822,0.00433764339204925
Overall,70,82,ReRZV_2d,2024,1,dQ_Life_d,0.00037449781440831574,3.7365844539571924e-4,3.1916790863100174e-4,4.3381133502990994e-4
Overall,70,82,ReRZV_2d,2024,1,dQ_All_d,0.012249990972401845,0.012170604847162814,0.01069734401255653,0.0141485189331191
Overall,70,82,ReRZV_2d,2024,1,dC_Hosp,-18.29919260810168,-18.220373033193294,-21.861028643922854,-15.043504082006113
Overall,70,82,ReRZV_2d,2024,1,dC_GP_NonPHN,-9.09818119247121,-9.112469589637557,-9.789212302988403,-8.371554631068939
Overall,70,82,ReRZV_2d,2024,1,dC_GP_PHN,-3.6640926178602986,-3.658893115624366,-4.1306302037213785,-3.2121728376149807
Overall,70,82,ReRZV_2d,2024,1,dC_GP,-12.762273810331509,-12.78472638480795,-13.75809460266958,-11.692496160938108
Overall,70,82,ReRZV_2d,2024,1,dC_Med,-31.061466418433188,-31.007705950010347,-35.124810448976355,-27.245743519278776
Overall,70,82,ReRZV_2d,2024,1,dC_VacZVL,110,110,110,110
Overall,70,82,ReRZV_2d,2024,1,dC_VacRZV,126.2102255827226,126.21023396501712,126.20982130897379,126.2105950610796
Overall,70,82,ReRZV_2d,2024,1,dC_Vac,236.2102255827226,236.21023396501715,236.20982130897377,236.2105950610796
Overall,70,82,ReRZV_2d,2024,1,dC_All,205.1487591642894,205.20218732473708,201.08549911017147,208.96455794443833
Overall,70,82,ReRZV_2d,2024,1,dC_Hosp_d,-18.29919260810168,-18.220373033193294,-21.861028643922854,-15.043504082006113
Overall,70,82,ReRZV_2d,2024,1,dC_GP_NonPHN_d,-9.09818119247121,-9.112469589637557,-9.789212302988403,-8.371554631068939
Overall,70,82,ReRZV_2d,2024,1,dC_GP_PHN_d,-3.6640926178602986,-3.658893115624366,-4.1306302037213785,-3.2121728376149807
Overall,70,82,ReRZV_2d,2024,1,dC_GP_d,-12.762273810331509,-12.78472638480795,-13.75809460266958,-11.692496160938108
Overall,70,82,ReRZV_2d,2024,1,dC_Med_d,-31.061466418433188,-31.007705950010347,-35.124810448976355,-27.245743519278776
Overall,70,82,ReRZV_2d,2024,1,dC_VacZVL_d,110,110,110,110
Overall,70,82,ReRZV_2d,2024,1,dC_VacRZV_d,126.2102255827226,126.21023396501712,126.20982130897379,126.2105950610796
Overall,70,82,ReRZV_2d,2024,1,dC_Vac_d,236.2102255827226,236.21023396501715,236.20982130897377,236.2105950610796
Overall,70,82,ReRZV_2d,2024,1,dC_All_d,205.1487591642894,205.20218732473708,201.08549911017147,208.96455794443833
Overall,70,82,ReRZV_2d,2024,1,dN_VacZVL,1,1,1,1
Overall,70,82,ReRZV_2d,2024,1,dN_VacRZV,1.4848261833261482,1.484826281941378,1.4848214271643976,1.4848305301303482
Overall,70,82,ReRZV_2d,2024,1,dN_VacZVL_d,1,1,1,1
Overall,70,82,ReRZV_2d,2024,1,dN_VacRZV_d,1.4848261833261482,1.484826281941378,1.4848214271643976,1.4848305301303482
Overall,70,82,ReRZV_2d,2024,1,ICER,16838.091214800206,16849.77102024298,14322.119561499689,19339.84188228945
Overall,70,82,ReRZV_2d,2024,1,Price0,85,85,85,85
Overall,70,82,ReRZV_2d,2024,1,Thres20,185.92161487268086,184.84814759433198,163.83429676626452,213.26902099385615
Overall,70,82,ReRZV_2d,2024,1,Thres30,268.4227920001058,266.7582623488528,235.76072766078386,308.45277270603015
Overall,70,82,ReRZV_2d,2024,1,Thres20_50,NA,184.84814759433198,NA,NA
Overall,70,82,ReRZV_2d,2024,1,Thres30_90,NA,246.16427382549895,NA,NA
Overall,70,82,ReRZV_2d,2024,1,Thres,NA,184.84814759433198,NA,NA
Overall,70,83,ReRZV_1d,2024,1,N0,1,1,1,1
Overall,70,83,ReRZV_1d,2024,1,dYear_Life,5.085414265368353e-4,5.083989907834763e-4,4.236068862573994e-4,5.937560968529709e-4
Overall,70,83,ReRZV_1d,2024,1,dYear_Immunised,8.531244610970377,8.539643289912469,7.747774243330695,9.203435382287655
Overall,70,83,ReRZV_1d,2024,1,dRisk_HZ,-0.07600704945822764,-0.07615731505287529,-0.08239870660455956,-0.06845348473289699
Overall,70,83,ReRZV_1d,2024,1,dRisk_Hosp,-0.0038927233246567544,-0.0038827069833595614,-0.004651333714847864,-0.0031999992561006344
Overall,70,83,ReRZV_1d,2024,1,dRisk_PHN,-0.006198619710845394,-0.006205863979843816,-0.006967279647405924,-0.00541729313581394
Overall,70,83,ReRZV_1d,2024,1,dRisk_Death,-8.843056160341054e-5,-8.831838042831682e-5,-1.059268863869767e-4,-7.148801713196383e-5
Overall,70,83,ReRZV_1d,2024,1,dQ_Life,3.4646496409559903e-4,3.4644397268124294e-4,2.894693520868685e-4,4.0340659611310943e-4
Overall,70,83,ReRZV_1d,2024,1,dQ_HZ,0.010997209081880064,0.010934148498725883,0.009413197710246917,0.012851720455733396
Overall,70,83,ReRZV_1d,2024,1,dQ_HZ_Norm,0.003485766511681546,0.00347408849379456,0.00297794425518684,0.0040475642788853385
Overall,70,83,ReRZV_1d,2024,1,dQ_All,0.011336976734404475,0.011276803608709862,0.00974617377707343,0.013225364591118179
Overall,70,83,ReRZV_1d,2024,1,dQ_HZ_d,0.010997209081880064,0.010934148498725883,0.009413197710246917,0.012851720455733396
Overall,70,83,ReRZV_1d,2024,1,dQ_HZ_Norm_d,0.003485766511681546,0.00347408849379456,0.00297794425518684,0.0040475642788853385
Overall,70,83,ReRZV_1d,2024,1,dQ_Life_d,3.4646496409559903e-4,3.4644397268124294e-4,2.894693520868685e-4,4.0340659611310943e-4
Overall,70,83,ReRZV_1d,2024,1,dQ_All_d,0.011343674045975648,0.011283827535141455,0.009752107331497716,0.013233648438007558
Overall,70,83,ReRZV_1d,2024,1,dC_Hosp,-17.022349306557917,-16.99403054259541,-20.572308198291218,-13.791841131852019
Overall,70,83,ReRZV_1d,2024,1,dC_GP_NonPHN,-8.439102767611294,-8.460523241151606,-9.17091676845274,-7.624078013917817
Overall,70,83,ReRZV_1d,2024,1,dC_GP_PHN,-3.363246563380288,-3.36232527542088,-3.8397750570555873,-2.8948102858030835
Overall,70,83,ReRZV_1d,2024,1,dC_GP,-11.802349330991582,-11.82088786789004,-12.849399034536917,-10.578902835732302
Overall,70,83,ReRZV_1d,2024,1,dC_Med,-28.824698637549496,-28.822843506956804,-32.86766393129176,-24.756459054856975
Overall,70,83,ReRZV_1d,2024,1,dC_VacZVL,110,110,110,110
Overall,70,83,ReRZV_1d,2024,1,dC_VacRZV,60.00163889985989,60.001642315211136,60.00140209333483,60.00185801510456
Overall,70,83,ReRZV_1d,2024,1,dC_Vac,170.0016388998599,170.00164231521114,170.00140209333483,170.00185801510457
Overall,70,83,ReRZV_1d,2024,1,dC_All,141.17694026231038,141.17889472271816,137.1341271080142,145.24536732075828
Overall,70,83,ReRZV_1d,2024,1,dC_Hosp_d,-17.022349306557917,-16.99403054259541,-20.572308198291218,-13.791841131852019
Overall,70,83,ReRZV_1d,2024,1,dC_GP_NonPHN_d,-8.439102767611294,-8.460523241151606,-9.17091676845274,-7.624078013917817
Overall,70,83,ReRZV_1d,2024,1,dC_GP_PHN_d,-3.363246563380288,-3.36232527542088,-3.8397750570555873,-2.8948102858030835
Overall,70,83,ReRZV_1d,2024,1,dC_GP_d,-11.802349330991582,-11.82088786789004,-12.849399034536917,-10.578902835732302
Overall,70,83,ReRZV_1d,2024,1,dC_Med_d,-28.824698637549496,-28.822843506956804,-32.86766393129176,-24.756459054856975
Overall,70,83,ReRZV_1d,2024,1,dC_VacZVL_d,110,110,110,110
Overall,70,83,ReRZV_1d,2024,1,dC_VacRZV_d,60.00163889985989,60.001642315211136,60.00140209333483,60.00185801510456
Overall,70,83,ReRZV_1d,2024,1,dC_Vac_d,170.0016388998599,170.00164231521114,170.00140209333483,170.00185801510457
Overall,70,83,ReRZV_1d,2024,1,dC_All_d,141.17694026231038,141.17889472271816,137.1341271080142,145.24536732075828
Overall,70,83,ReRZV_1d,2024,1,dN_VacZVL,1,1,1,1
Overall,70,83,ReRZV_1d,2024,1,dN_VacRZV,0.7059016341159987,0.7059016742966016,0.7058988481568803,0.7059042119424067
Overall,70,83,ReRZV_1d,2024,1,dN_VacZVL_d,1,1,1,1
Overall,70,83,ReRZV_1d,2024,1,dN_VacRZV_d,0.7059016341159987,0.7059016742966016,0.7058988481568803,0.7059042119424067
Overall,70,83,ReRZV_1d,2024,1,ICER,12525.352367954838,12493.985392280127,10497.999979076896,14713.258228636669
Overall,70,83,ReRZV_1d,2024,1,Price0,85,85,85,85
Overall,70,83,ReRZV_1d,2024,1,Thres20,362.22918537168965,360.67689665447006,314.7097331435589,418.8575211937078
Overall,70,83,ReRZV_1d,2024,1,Thres30,522.926841356346,520.1895111269303,452.61930479160844,607.505730579522
Overall,70,83,ReRZV_1d,2024,1,Thres20_50,NA,360.67689665447006,NA,NA
Overall,70,83,ReRZV_1d,2024,1,Thres30_90,NA,474.68870928720054,NA,NA
Overall,70,83,ReRZV_1d,2024,1,Thres,NA,360.67689665447006,NA,NA
Overall,70,83,ReRZV_2d,2024,1,N0,1,1,1,1
Overall,70,83,ReRZV_2d,2024,1,dYear_Life,5.23908802056404e-4,5.224708608064788e-4,4.4597720854726574e-4,6.055676764934681e-4
Overall,70,83,ReRZV_2d,2024,1,dYear_Immunised,8.697544449879146,8.69268729800507,8.045803012939599,9.304599496615925
Overall,70,83,ReRZV_2d,2024,1,dRisk_HZ,-0.07757175242796618,-0.07765307121730139,-0.0833432097365263,-0.07134600718218599
Overall,70,83,ReRZV_2d,2024,1,dRisk_Hosp,-0.00401285544249818,-0.004000611085390128,-0.0047626845116563845,-0.00336132236230786
Overall,70,83,ReRZV_2d,2024,1,dRisk_PHN,-0.006338878874390557,-0.006338701381910507,-0.00705016119987252,-0.0056127745271852564
Overall,70,83,ReRZV_2d,2024,1,dRisk_Death,-9.147866376810639e-5,-9.124672557105343e-5,-1.0839997497909003e-4,-7.581625005342276e-5
Overall,70,83,ReRZV_2d,2024,1,dQ_Life,3.5678293257154526e-4,3.5582208408158067e-4,3.0424436805058795e-4,4.1170883057417557e-4
Overall,70,83,ReRZV_2d,2024,1,dQ_HZ,0.01123868237359262,0.011157707972788596,0.009768261147022726,0.013018295724470615
Overall,70,83,ReRZV_2d,2024,1,dQ_HZ_Norm,0.0035553421074970924,0.003540140955375193,0.0030606209814726336,0.004102909666563821
Overall,70,83,ReRZV_2d,2024,1,dQ_All,0.01158851607935658,0.011512685404765577,0.010113824453232879,0.01337220373943868
Overall,70,83,ReRZV_2d,2024,1,dQ_HZ_d,0.01123868237359262,0.011157707972788596,0.009768261147022726,0.013018295724470615
Overall,70,83,ReRZV_2d,2024,1,dQ_HZ_Norm_d,0.0035553421074970924,0.003540140955375193,0.0030606209814726336,0.004102909666563821
Overall,70,83,ReRZV_2d,2024,1,dQ_Life_d,3.5678293257154526e-4,3.5582208408158067e-4,3.0424436805058795e-4,4.1170883057417557e-4
Overall,70,83,ReRZV_2d,2024,1,dQ_All_d,0.011595465306164166,0.011520672939099086,0.010120788924432977,0.013380206557546567
Overall,70,83,ReRZV_2d,2024,1,dC_Hosp,-17.563644120489833,-17.498100141813644,-21.017228625116072,-14.45298402192717
Overall,70,83,ReRZV_2d,2024,1,dC_GP_NonPHN,-8.60629502771806,-8.61137548544568,-9.278499727741211,-7.911235390498002
Overall,70,83,ReRZV_2d,2024,1,dC_GP_PHN,-3.437492360029343,-3.429784380272605,-3.8901083020751694,-3.0002038093634087
Overall,70,83,ReRZV_2d,2024,1,dC_GP,-12.043787387747402,-12.059285602776566,-13.014413436542934,-11.009268357501387
Overall,70,83,ReRZV_2d,2024,1,dC_Med,-29.607431508237234,-29.57651714110922,-33.461611527742065,-26.08717310740299
Overall,70,83,ReRZV_2d,2024,1,dC_VacZVL,110,110,110,110
Overall,70,83,ReRZV_2d,2024,1,dC_VacRZV,120.00327779971978,120.00328463042227,120.00280418666966,120.00371603020912
Overall,70,83,ReRZV_2d,2024,1,dC_Vac,230.00327779971977,230.00328463042229,230.00280418666966,230.00371603020912
Overall,70,83,ReRZV_2d,2024,1,dC_All,200.39584629148254,200.42650544869792,196.54193692517796,203.91627278855913
Overall,70,83,ReRZV_2d,2024,1,dC_Hosp_d,-17.563644120489833,-17.498100141813644,-21.017228625116072,-14.45298402192717
Overall,70,83,ReRZV_2d,2024,1,dC_GP_NonPHN_d,-8.60629502771806,-8.61137548544568,-9.278499727741211,-7.911235390498002
Overall,70,83,ReRZV_2d,2024,1,dC_GP_PHN_d,-3.437492360029343,-3.429784380272605,-3.8901083020751694,-3.0002038093634087
Overall,70,83,ReRZV_2d,2024,1,dC_GP_d,-12.043787387747402,-12.059285602776566,-13.014413436542934,-11.009268357501387
Overall,70,83,ReRZV_2d,2024,1,dC_Med_d,-29.607431508237234,-29.57651714110922,-33.461611527742065,-26.08717310740299
Overall,70,83,ReRZV_2d,2024,1,dC_VacZVL_d,110,110,110,110
Overall,70,83,ReRZV_2d,2024,1,dC_VacRZV_d,120.00327779971978,120.00328463042227,120.00280418666966,120.00371603020912
Overall,70,83,ReRZV_2d,2024,1,dC_Vac_d,230.00327779971977,230.00328463042229,230.00280418666966,230.00371603020912
Overall,70,83,ReRZV_2d,2024,1,dC_All_d,200.39584629148254,200.42650544869792,196.54193692517796,203.91627278855913
Overall,70,83,ReRZV_2d,2024,1,dN_VacZVL,1,1,1,1
Overall,70,83,ReRZV_2d,2024,1,dN_VacRZV,1.4118032682319974,1.4118033485932031,1.4117976963137606,1.4118084238848134
Overall,70,83,ReRZV_2d,2024,1,dN_VacZVL_d,1,1,1,1
Overall,70,83,ReRZV_2d,2024,1,dN_VacRZV_d,1.4118032682319974,1.4118033485932031,1.4117976963137606,1.4118084238848134
Overall,70,83,ReRZV_2d,2024,1,ICER,17377.586994462512,17406.762556803402,14767.275671757683,19976.824793037737
Overall,70,83,ReRZV_2d,2024,1,Price0,85,85,85,85
Overall,70,83,ReRZV_2d,2024,1,Thres20,185.2359586671734,184.08086858743434,163.0814835142223,212.50825307763498
Overall,70,83,ReRZV_2d,2024,1,Thres30,267.36825933906914,265.5748479989006,234.5766592924732,307.4098643273504
Overall,70,83,ReRZV_2d,2024,1,Thres20_50,NA,184.08086858743434,NA,NA
Overall,70,83,ReRZV_2d,2024,1,Thres30_90,NA,244.69477501432604,NA,NA
Overall,70,83,ReRZV_2d,2024,1,Thres,NA,184.08086858743434,NA,NA
Overall,70,84,ReRZV_1d,2024,1,N0,1,1,1,1
Overall,70,84,ReRZV_1d,2024,1,dYear_Life,4.8141809866481287e-4,4.8122483050505593e-4,4.019834275774237e-4,5.624583805292182e-4
Overall,70,84,ReRZV_1d,2024,1,dYear_Immunised,8.09912019104622,8.105382347185973,7.366211027301005,8.747279135365359
Overall,70,84,ReRZV_1d,2024,1,dRisk_HZ,-0.07183344925610267,-0.07193303443482607,-0.07807448697280284,-0.06465062425237521
Overall,70,84,ReRZV_1d,2024,1,dRisk_Hosp,-0.0036955130394644414,-0.003689200258265247,-0.004419386919542247,-0.0030371746547257204
Overall,70,84,ReRZV_1d,2024,1,dRisk_PHN,-0.005805341842649184,-0.005809005415087954,-0.006551782352232613,-0.0050452533827835475
Overall,70,84,ReRZV_1d,2024,1,dRisk_Death,-8.538948606982014e-5,-8.53703995058701e-5,-1.0204644547483536e-4,-6.920606143395799e-5
Overall,70,84,ReRZV_1d,2024,1,dQ_Life,3.2745073653588455e-4,3.273143533073508e-4,2.73932184671466e-4,3.8182894428726575e-4
Overall,70,84,ReRZV_1d,2024,1,dQ_HZ,0.010389211570603725,0.01033827645723534,0.008905876311073938,0.012182100164797219
Overall,70,84,ReRZV_1d,2024,1,dQ_HZ_Norm,0.003297358677857264,0.003287187942938867,0.0028163130723636983,0.003815078525934898
Overall,70,84,ReRZV_1d,2024,1,dQ_All,0.010709975498639336,0.01065168806223138,0.009203604253234498,0.012534100208895583
Overall,70,84,ReRZV_1d,2024,1,dQ_HZ_d,0.010389211570603725,0.01033827645723534,0.008905876311073938,0.012182100164797219
Overall,70,84,ReRZV_1d,2024,1,dQ_HZ_Norm_d,0.003297358677857264,0.003287187942938867,0.0028163130723636983,0.003815078525934898
Overall,70,84,ReRZV_1d,2024,1,dQ_Life_d,3.2745073653588455e-4,3.273143533073508e-4,2.73932184671466e-4,3.8182894428726575e-4
Overall,70,84,ReRZV_1d,2024,1,dQ_All_d,0.010716662307139609,0.010658520377270442,0.009209623975276892,0.012541934899827734
Overall,70,84,ReRZV_1d,2024,1,dC_Hosp,-16.204554972984614,-16.182456143702105,-19.550849274456603,-13.170039328685991
Overall,70,84,ReRZV_1d,2024,1,dC_GP_NonPHN,-7.979288343326035,-7.99222140405702,-8.697966533002479,-7.211085117398618
Overall,70,84,ReRZV_1d,2024,1,dC_GP_PHN,-3.1480021457811826,-3.148351730139084,-3.5940824805015,-2.6952314553615286
Overall,70,84,ReRZV_1d,2024,1,dC_GP,-11.127290489107217,-11.145564135980905,-12.143706957590691,-9.986854408729124
Overall,70,84,ReRZV_1d,2024,1,dC_Med,-27.33184546209183,-27.32696179972851,-31.248541467552794,-23.46099636624199
Overall,70,84,ReRZV_1d,2024,1,dC_VacZVL,110,110,110,110
Overall,70,84,ReRZV_1d,2024,1,dC_VacRZV,56.67110023060338,56.67110555088513,56.67082713123748,56.671345496517745
Overall,70,84,ReRZV_1d,2024,1,dC_Vac,166.67110023060337,166.67110555088513,166.67082713123747,166.67134549651774
Overall,70,84,ReRZV_1d,2024,1,dC_All,139.33925476851155,139.34433985772478,135.42234825199213,143.20992575920175
Overall,70,84,ReRZV_1d,2024,1,dC_Hosp_d,-16.204554972984614,-16.182456143702105,-19.550849274456603,-13.170039328685991
Overall,70,84,ReRZV_1d,2024,1,dC_GP_NonPHN_d,-7.979288343326035,-7.99222140405702,-8.697966533002479,-7.211085117398618
Overall,70,84,ReRZV_1d,2024,1,dC_GP_PHN_d,-3.1480021457811826,-3.148351730139084,-3.5940824805015,-2.6952314553615286
Overall,70,84,ReRZV_1d,2024,1,dC_GP_d,-11.127290489107217,-11.145564135980905,-12.143706957590691,-9.986854408729124
Overall,70,84,ReRZV_1d,2024,1,dC_Med_d,-27.33184546209183,-27.32696179972851,-31.248541467552794,-23.46099636624199
Overall,70,84,ReRZV_1d,2024,1,dC_VacZVL_d,110,110,110,110
Overall,70,84,ReRZV_1d,2024,1,dC_VacRZV_d,56.67110023060338,56.67110555088513,56.67082713123748,56.671345496517745
Overall,70,84,ReRZV_1d,2024,1,dC_Vac_d,166.67110023060337,166.67110555088513,166.67082713123747,166.67134549651774
Overall,70,84,ReRZV_1d,2024,1,dC_All_d,139.33925476851155,139.34433985772478,135.42234825199213,143.20992575920175
Overall,70,84,ReRZV_1d,2024,1,dN_VacZVL,1,1,1,1
Overall,70,84,ReRZV_1d,2024,1,dN_VacRZV,0.6667188262423928,0.6667188888339427,0.6667156133086762,0.6667217117237381
Overall,70,84,ReRZV_1d,2024,1,dN_VacZVL_d,1,1,1,1
Overall,70,84,ReRZV_1d,2024,1,dN_VacRZV_d,0.6667188262423928,0.6667188888339427,0.6667156133086762,0.6667217117237381
Overall,70,84,ReRZV_1d,2024,1,ICER,13086.06992156875,13059.824567714564,10961.427127721732,15312.7311036939
Overall,70,84,ReRZV_1d,2024,1,Price0,85,85,85,85
Overall,70,84,ReRZV_1d,2024,1,Thres20,362.4692661222148,360.77498746191213,314.974239655781,420.4355367232284
Overall,70,84,ReRZV_1d,2024,1,Thres30,523.2066194523718,520.7362634588792,453.5424761454081,608.9013953295905
Overall,70,84,ReRZV_1d,2024,1,Thres20_50,NA,360.77498746191213,NA,NA
Overall,70,84,ReRZV_1d,2024,1,Thres30_90,NA,474.9233974244644,NA,NA
Overall,70,84,ReRZV_1d,2024,1,Thres,NA,360.77498746191213,NA,NA
Overall,70,84,ReRZV_2d,2024,1,N0,1,1,1,1
Overall,70,84,ReRZV_2d,2024,1,dYear_Life,4.955065795168938e-4,4.941998407890225e-4,4.2164322832851655e-4,5.727044908833356e-4
Overall,70,84,ReRZV_2d,2024,1,dYear_Immunised,8.245550121232284,8.238749060466429,7.63909849605648,8.836777638116585
Overall,70,84,ReRZV_2d,2024,1,dRisk_HZ,-0.07320665941342215,-0.07320437097677665,-0.07883542878557816,-0.06721403617715167
Overall,70,84,ReRZV_2d,2024,1,dRisk_Hosp,-0.0038063560444638565,-0.0037901644578794006,-0.004535717914943671,-0.0031857289547714517
Overall,70,84,ReRZV_2d,2024,1,dRisk_PHN,-0.00592763137929392,-0.0059269511829016155,-0.0066319851543840454,-0.005215677898667322
Overall,70,84,ReRZV_2d,2024,1,dRisk_Death,-8.828587437372035e-5,-8.805667275711331e-5,-1.0431737275138097e-4,-7.323943254551058e-5
Overall,70,84,ReRZV_2d,2024,1,dQ_Life,3.3687502619301134e-4,3.3605849688900236e-4,2.870911466406945e-4,3.8893951454537217e-4
Overall,70,84,ReRZV_2d,2024,1,dQ_HZ,0.010602684403831894,0.010527993007381817,0.009197721743822097,0.012304352246207108
Overall,70,84,ReRZV_2d,2024,1,dQ_HZ_Norm,0.003358288294223397,0.0033447990693936972,0.002893214745086953,0.0038760486475724588
Overall,70,84,ReRZV_2d,2024,1,dQ_All,0.01093262270829416,0.010862529202008808,0.00951275236765139,0.0126324346318456
Overall,70,84,ReRZV_2d,2024,1,dQ_HZ_d,0.010602684403831894,0.010527993007381817,0.009197721743822097,0.012304352246207108
Overall,70,84,ReRZV_2d,2024,1,dQ_HZ_Norm_d,0.003358288294223397,0.0033447990693936972,0.002893214745086953,0.0038760486475724588
Overall,70,84,ReRZV_2d,2024,1,dQ_Life_d,3.3687502619301134e-4,3.3605849688900236e-4,2.870911466406945e-4,3.8893951454537217e-4
Overall,70,84,ReRZV_2d,2024,1,dQ_All_d,0.0109395594300249,0.010869572623718682,0.00951959444265471,0.012639238051856025
Overall,70,84,ReRZV_2d,2024,1,dC_Hosp,-16.70705124245393,-16.642976055979368,-19.95385533028359,-13.782567260635792
Overall,70,84,ReRZV_2d,2024,1,dC_GP_NonPHN,-8.125410553302867,-8.121315799665833,-8.789475497132294,-7.4410085420859815
Overall,70,84,ReRZV_2d,2024,1,dC_GP_PHN,-3.212431080290453,-3.2094175359769235,-3.6363782460111422,-2.7895378205313937
Overall,70,84,ReRZV_2d,2024,1,dC_GP,-11.33784163359332,-11.340206002946337,-12.300802510985138,-10.32657842785469
Overall,70,84,ReRZV_2d,2024,1,dC_Med,-28.04489287604725,-27.98637395604203,-31.74579589429522,-24.628448537100205
Overall,70,84,ReRZV_2d,2024,1,dC_VacZVL,110,110,110,110
Overall,70,84,ReRZV_2d,2024,1,dC_VacRZV,113.34220046120676,113.34221110177026,113.34165426247496,113.34269099303549
Overall,70,84,ReRZV_2d,2024,1,dC_Vac,223.34220046120677,223.34221110177026,223.34165426247498,223.3426909930355
Overall,70,84,ReRZV_2d,2024,1,dC_All,195.2973075851595,195.35570817391567,191.5967206425874,198.71351616738087
Overall,70,84,ReRZV_2d,2024,1,dC_Hosp_d,-16.70705124245393,-16.642976055979368,-19.95385533028359,-13.782567260635792
Overall,70,84,ReRZV_2d,2024,1,dC_GP_NonPHN_d,-8.125410553302867,-8.121315799665833,-8.789475497132294,-7.4410085420859815
Overall,70,84,ReRZV_2d,2024,1,dC_GP_PHN_d,-3.212431080290453,-3.2094175359769235,-3.6363782460111422,-2.7895378205313937
Overall,70,84,ReRZV_2d,2024,1,dC_GP_d,-11.33784163359332,-11.340206002946337,-12.300802510985138,-10.32657842785469
Overall,70,84,ReRZV_2d,2024,1,dC_Med_d,-28.04489287604725,-27.98637395604203,-31.74579589429522,-24.628448537100205
Overall,70,84,ReRZV_2d,2024,1,dC_VacZVL_d,110,110,110,110
Overall,70,84,ReRZV_2d,2024,1,dC_VacRZV_d,113.34220046120676,113.34221110177026,113.34165426247496,113.34269099303549
Overall,70,84,ReRZV_2d,2024,1,dC_Vac_d,223.34220046120677,223.34221110177026,223.34165426247498,223.3426909930355
Overall,70,84,ReRZV_2d,2024,1,dC_All_d,195.2973075851595,195.35570817391567,191.5967206425874,198.71351616738087
Overall,70,84,ReRZV_2d,2024,1,dN_VacZVL,1,1,1,1
Overall,70,84,ReRZV_2d,2024,1,dN_VacRZV,1.3334376524847855,1.3334377776678854,1.3334312266173525,1.3334434234474761
Overall,70,84,ReRZV_2d,2024,1,dN_VacZVL_d,1,1,1,1
Overall,70,84,ReRZV_2d,2024,1,dN_VacRZV_d,1.3334376524847855,1.3334377776678854,1.3334312266173525,1.3334434234474761
Overall,70,84,ReRZV_2d,2024,1,ICER,17952.91289452852,17967.938556087618,15236.077655552832,20651.313512985027
Overall,70,84,ReRZV_2d,2024,1,Price0,85,85,85,85
Overall,70,84,ReRZV_2d,2024,1,Thres20,185.11257193955092,184.06140599640125,162.8693058688589,212.5355430833232
Overall,70,84,ReRZV_2d,2024,1,Thres30,267.15284619425177,265.61789309196536,234.56252368443802,307.39070283887196
Overall,70,84,ReRZV_2d,2024,1,Thres20_50,NA,184.06140599640125,NA,NA
Overall,70,84,ReRZV_2d,2024,1,Thres30_90,NA,244.58003343814514,NA,NA
Overall,70,84,ReRZV_2d,2024,1,Thres,NA,184.06140599640125,NA,NA
Overall,70,85,ReRZV_1d,2024,1,N0,1,1,1,1
Overall,70,85,ReRZV_1d,2024,1,dYear_Life,4.512670825905776e-4,4.507967339204555e-4,3.7733249931628523e-4,5.282010645683676e-4
Overall,70,85,ReRZV_1d,2024,1,dYear_Immunised,7.679581406551166,7.692792392672322,6.974403357821352,8.317896058192787
Overall,70,85,ReRZV_1d,2024,1,dRisk_HZ,-0.06779332046541711,-0.06784166727274218,-0.07392393373868412,-0.06116720518822219
Overall,70,85,ReRZV_1d,2024,1,dRisk_Hosp,-0.0034837354708951614,-0.0034736707960516203,-0.004169324549139753,-0.002870113905993541
Overall,70,85,ReRZV_1d,2024,1,dRisk_PHN,-0.005425310094995488,-0.0054334563708709396,-0.006149506850258776,-0.004686379053666643
Overall,70,85,ReRZV_1d,2024,1,dRisk_Death,-8.159810506842752e-5,-8.154681782815589e-5,-9.746072600434103e-5,-6.629782655741392e-5
Overall,70,85,ReRZV_1d,2024,1,dQ_Life,3.0646954976765086e-4,3.061508807844504e-4,2.570957595951384e-4,3.5838090331963274e-4
Overall,70,85,ReRZV_1d,2024,1,dQ_HZ,0.009793239567535921,0.00973928470080648,0.008381967098767915,0.011471702990125027
Overall,70,85,ReRZV_1d,2024,1,dQ_HZ_Norm,0.0031157874849471203,0.0031035697742338077,0.0026557254803903046,0.003608953437039194
Overall,70,85,ReRZV_1d,2024,1,dQ_All,0.01009306734236059,0.010040250081651436,0.008657438372994354,0.01179553314880546
Overall,70,85,ReRZV_1d,2024,1,dQ_HZ_d,0.009793239567535921,0.00973928470080648,0.008381967098767915,0.011471702990125027
Overall,70,85,ReRZV_1d,2024,1,dQ_HZ_Norm_d,0.0031157874849471203,0.0031035697742338077,0.0026557254803903046,0.003608953437039194
Overall,70,85,ReRZV_1d,2024,1,dQ_Life_d,3.0646954976765086e-4,3.061508807844504e-4,2.570957595951384e-4,3.5838090331963274e-4
Overall,70,85,ReRZV_1d,2024,1,dQ_All_d,0.010099709117303573,0.010046964567442807,0.008663040213820673,0.011802607373182016
Overall,70,85,ReRZV_1d,2024,1,dC_Hosp,-15.310721832871465,-15.211860811571096,-18.48401194589356,-12.433286361230293
Overall,70,85,ReRZV_1d,2024,1,dC_GP_NonPHN,-7.536503344886152,-7.536633159948287,-8.227400364071356,-6.819291699012721
Overall,70,85,ReRZV_1d,2024,1,dC_GP_PHN,-2.9411060903006585,-2.93692094608802,-3.364455629838672,-2.5120928934022952
Overall,70,85,ReRZV_1d,2024,1,dC_GP,-10.47760943518681,-10.485695605337245,-11.472829620212616,-9.379963129948745
Overall,70,85,ReRZV_1d,2024,1,dC_Med,-25.788331268058275,-25.743241412626965,-29.46389389150963,-22.21590854325777
Overall,70,85,ReRZV_1d,2024,1,dC_VacZVL,110,110,110,110
Overall,70,85,ReRZV_1d,2024,1,dC_VacRZV,53.11764741980038,53.117655689852015,53.117338501584335,53.117930371920224
Overall,70,85,ReRZV_1d,2024,1,dC_Vac,163.1176474198004,163.11765568985203,163.11733850158433,163.1179303719202
Overall,70,85,ReRZV_1d,2024,1,dC_All,137.3293161517421,137.37450921098701,133.65374509835326,140.90147385301285
Overall,70,85,ReRZV_1d,2024,1,dC_Hosp_d,-15.310721832871465,-15.211860811571096,-18.48401194589356,-12.433286361230293
Overall,70,85,ReRZV_1d,2024,1,dC_GP_NonPHN_d,-7.536503344886152,-7.536633159948287,-8.227400364071356,-6.819291699012721
Overall,70,85,ReRZV_1d,2024,1,dC_GP_PHN_d,-2.9411060903006585,-2.93692094608802,-3.364455629838672,-2.5120928934022952
Overall,70,85,ReRZV_1d,2024,1,dC_GP_d,-10.47760943518681,-10.485695605337245,-11.472829620212616,-9.379963129948745
Overall,70,85,ReRZV_1d,2024,1,dC_Med_d,-25.788331268058275,-25.743241412626965,-29.46389389150963,-22.21590854325777
Overall,70,85,ReRZV_1d,2024,1,dC_VacZVL_d,110,110,110,110
Overall,70,85,ReRZV_1d,2024,1,dC_VacRZV_d,53.11764741980038,53.117655689852015,53.117338501584335,53.117930371920224
Overall,70,85,ReRZV_1d,2024,1,dC_Vac_d,163.1176474198004,163.11765568985203,163.11733850158433,163.1179303719202
Overall,70,85,ReRZV_1d,2024,1,dC_All_d,137.3293161517421,137.37450921098701,133.65374509835326,140.90147385301285
Overall,70,85,ReRZV_1d,2024,1,dN_VacZVL,1,1,1,1
Overall,70,85,ReRZV_1d,2024,1,dN_VacRZV,0.6249134990564751,0.6249135963512003,0.6249098647245216,0.6249168279049437
Overall,70,85,ReRZV_1d,2024,1,dN_VacZVL_d,1,1,1,1
Overall,70,85,ReRZV_1d,2024,1,dN_VacRZV_d,0.6249134990564751,0.6249135963512003,0.6249098647245216,0.6249168279049437
Overall,70,85,ReRZV_1d,2024,1,ICER,13686.923646029853,13647.264103011554,11475.257725808631,16052.505631585434
Overall,70,85,ReRZV_1d,2024,1,Price0,85,85,85,85
Overall,70,85,ReRZV_1d,2024,1,Thres20,364.5024520993535,363.23235828797266,315.68159268088226,422.2646077463812
Overall,70,85,ReRZV_1d,2024,1,Thres30,526.12015839038,524.2382204107485,454.448177068239,610.8184429127726
Overall,70,85,ReRZV_1d,2024,1,Thres20_50,NA,363.23235828797266,NA,NA
Overall,70,85,ReRZV_1d,2024,1,Thres30_90,NA,476.3388431120412,NA,NA
Overall,70,85,ReRZV_1d,2024,1,Thres,NA,363.23235828797266,NA,NA
Overall,70,85,ReRZV_2d,2024,1,N0,1,1,1,1
Overall,70,85,ReRZV_2d,2024,1,dYear_Life,4.639836225875982e-4,4.62679015223344e-4,3.9409020038894127e-4,5.385528393933469e-4
Overall,70,85,ReRZV_2d,2024,1,dYear_Immunised,7.807217840570596,7.7993152310632,7.211284626745996,8.402292025778102
Overall,70,85,ReRZV_2d,2024,1,dRisk_HZ,-0.06898584521745653,-0.06892181889427218,-0.07464800111902184,-0.06313552857386885
Overall,70,85,ReRZV_2d,2024,1,dRisk_Hosp,-0.0035848570095566175,-0.003568414702596945,-0.004257212278380376,-0.0029979215234360143
Overall,70,85,ReRZV_2d,2024,1,dRisk_PHN,-0.005530694059419115,-0.0055274792062172395,-0.006225830784891393,-0.004835881923902461
Overall,70,85,ReRZV_2d,2024,1,dRisk_Death,-8.43153710296125e-5,-8.409887770207119e-5,-9.980989925192731e-5,-7.008635029571699e-5
Overall,70,85,ReRZV_2d,2024,1,dQ_Life,3.1494137840962645e-4,3.1388047375280337e-4,2.680757133294964e-4,3.654163077889461e-4
Overall,70,85,ReRZV_2d,2024,1,dQ_HZ,0.00997997561163449,0.009918673330537755,0.008617328341953268,0.01156905987177272
Overall,70,85,ReRZV_2d,2024,1,dQ_HZ_Norm,0.0031685944072065157,0.003156477766363499,0.002715157350444739,0.0036639741059339473
Overall,70,85,ReRZV_2d,2024,1,dQ_All,0.01028802866230283,0.0102314933062857,0.008924347389575128,0.011908498426520175
Overall,70,85,ReRZV_2d,2024,1,dQ_HZ_d,0.00997997561163449,0.009918673330537755,0.008617328341953268,0.01156905987177272
Overall,70,85,ReRZV_2d,2024,1,dQ_HZ_Norm_d,0.0031685944072065157,0.003156477766363499,0.002715157350444739,0.0036639741059339473
Overall,70,85,ReRZV_2d,2024,1,dQ_Life_d,3.1494137840962645e-4,3.1388047375280337e-4,2.680757133294964e-4,3.654163077889461e-4
Overall,70,85,ReRZV_2d,2024,1,dQ_All_d,0.010294916990044116,0.010238340509520327,0.008931563212078775,0.011914882205355947
Overall,70,85,ReRZV_2d,2024,1,dC_Hosp,-15.771974419887764,-15.679755753982864,-18.806010443506423,-13.05325878704953
Overall,70,85,ReRZV_2d,2024,1,dC_GP_NonPHN,-7.662848858477824,-7.654696148355986,-8.314852250498985,-6.997678186227243
Overall,70,85,ReRZV_2d,2024,1,dC_GP_PHN,-2.9963491639984916,-2.9890309742057504,-3.4101301042837457,-2.5863890297534806
Overall,70,85,ReRZV_2d,2024,1,dC_GP,-10.659198022476316,-10.664565510580585,-11.624757885526657,-9.662230820484215
Overall,70,85,ReRZV_2d,2024,1,dC_Med,-26.43117244236408,-26.377914284282255,-29.940400912261588,-23.277042516141115
Overall,70,85,ReRZV_2d,2024,1,dC_VacZVL,110,110,110,110
Overall,70,85,ReRZV_2d,2024,1,dC_VacRZV,106.23529483960075,106.23531137970403,106.23467700316867,106.23586074384045
Overall,70,85,ReRZV_2d,2024,1,dC_Vac,216.23529483960075,216.23531137970403,216.23467700316868,216.23586074384042
Overall,70,85,ReRZV_2d,2024,1,dC_All,189.80412239723668,189.8577112074346,186.2947857751046,192.9575876153136
Overall,70,85,ReRZV_2d,2024,1,dC_Hosp_d,-15.771974419887764,-15.679755753982864,-18.806010443506423,-13.05325878704953
Overall,70,85,ReRZV_2d,2024,1,dC_GP_NonPHN_d,-7.662848858477824,-7.654696148355986,-8.314852250498985,-6.997678186227243
Overall,70,85,ReRZV_2d,2024,1,dC_GP_PHN_d,-2.9963491639984916,-2.9890309742057504,-3.4101301042837457,-2.5863890297534806
Overall,70,85,ReRZV_2d,2024,1,dC_GP_d,-10.659198022476316,-10.664565510580585,-11.624757885526657,-9.662230820484215
Overall,70,85,ReRZV_2d,2024,1,dC_Med_d,-26.43117244236408,-26.377914284282255,-29.940400912261588,-23.277042516141115
Overall,70,85,ReRZV_2d,2024,1,dC_VacZVL_d,110,110,110,110
Overall,70,85,ReRZV_2d,2024,1,dC_VacRZV_d,106.23529483960075,106.23531137970403,106.23467700316867,106.23586074384045
Overall,70,85,ReRZV_2d,2024,1,dC_Vac_d,216.23529483960075,216.23531137970403,216.23467700316868,216.23586074384042
Overall,70,85,ReRZV_2d,2024,1,dC_All_d,189.80412239723668,189.8577112074346,186.2947857751046,192.9575876153136
Overall,70,85,ReRZV_2d,2024,1,dN_VacZVL,1,1,1,1
Overall,70,85,ReRZV_2d,2024,1,dN_VacRZV,1.2498269981129502,1.2498271927024005,1.2498197294490432,1.2498336558098875
Overall,70,85,ReRZV_2d,2024,1,dN_VacZVL_d,1,1,1,1
Overall,70,85,ReRZV_2d,2024,1,dN_VacRZV_d,1.2498269981129502,1.2498271927024005,1.2498197294490432,1.2498336558098875
Overall,70,85,ReRZV_2d,2024,1,ICER,18544.339229213234,18534.692126581765,15763.378481864618,21407.303211149898
Overall,70,85,ReRZV_2d,2024,1,Price0,85,85,85,85
Overall,70,85,ReRZV_2d,2024,1,Thres20,185.88932830745148,184.9784064714343,162.9496338574666,213.25188313837677
Overall,70,85,ReRZV_2d,2024,1,Thres30,268.2600605346918,266.8890177457264,234.3831434930727,308.8966095625138
Overall,70,85,ReRZV_2d,2024,1,Thres20_50,NA,184.9784064714343,NA,NA
Overall,70,85,ReRZV_2d,2024,1,Thres30_90,NA,245.1889568301337,NA,NA
Overall,70,85,ReRZV_2d,2024,1,Thres,NA,184.9784064714343,NA,NA
Overall,70,86,ReRZV_1d,2024,1,N0,1,1,1,1
Overall,70,86,ReRZV_1d,2024,1,dYear_Life,4.1838242508767466e-4,4.175122704808132e-4,3.4959123456577144e-4,4.907225801994208e-4
Overall,70,86,ReRZV_1d,2024,1,dYear_Immunised,7.277564758331695,7.270720156295156,6.596355777479331,7.91817338728517
Overall,70,86,ReRZV_1d,2024,1,dRisk_HZ,-0.06391508921048408,-0.06386070732676544,-0.06999420145894107,-0.05760413937455285
Overall,70,86,ReRZV_1d,2024,1,dRisk_Hosp,-0.0032518515723654407,-0.0032462883746210446,-0.003890932164841681,-0.002667503278586419
Overall,70,86,ReRZV_1d,2024,1,dRisk_PHN,-0.005063027849572722,-0.005069587655206818,-0.005779854041656755,-0.004362404851235078
Overall,70,86,ReRZV_1d,2024,1,dRisk_Death,-7.70149064125147e-5,-7.691557400362639e-5,-9.198988203458715e-5,-6.253191034892351e-5
Overall,70,86,ReRZV_1d,2024,1,dQ_Life,2.8374953887636245e-4,2.8318311912656213e-4,2.379258171151921e-4,3.3211444776508613e-4
Overall,70,86,ReRZV_1d,2024,1,dQ_HZ,0.00921397614884158,0.009179476511705456,0.007880597582958379,0.010798700170013434
Overall,70,86,ReRZV_1d,2024,1,dQ_HZ_Norm,0.0029422006847136394,0.002932364286836922,0.002506570460380716,0.003427226646218821
Overall,70,86,ReRZV_1d,2024,1,dQ_All,0.009491171730248923,0.009455578803447828,0.008133986753461775,0.011081775371082214
Overall,70,86,ReRZV_1d,2024,1,dQ_HZ_d,0.00921397614884158,0.009179476511705456,0.007880597582958379,0.010798700170013434
Overall,70,86,ReRZV_1d,2024,1,dQ_HZ_Norm_d,0.0029422006847136394,0.002932364286836922,0.002506570460380716,0.003427226646218821
Overall,70,86,ReRZV_1d,2024,1,dQ_Life_d,2.8374953887636245e-4,2.8318311912656213e-4,2.379258171151921e-4,3.3211444776508613e-4
Overall,70,86,ReRZV_1d,2024,1,dQ_All_d,0.009497725687717954,0.009461637911440945,0.008140679359115267,0.011088761875729158
Overall,70,86,ReRZV_1d,2024,1,dC_Hosp,-14.314918165388491,-14.250017730558152,-17.283754437731414,-11.620977877558635
Overall,70,86,ReRZV_1d,2024,1,dC_GP_NonPHN,-7.11444977147113,-7.1059388024514485,-7.807199641306912,-6.400927196843128
Overall,70,86,ReRZV_1d,2024,1,dC_GP_PHN,-2.745334974593361,-2.7408482244931074,-3.1634408069091133,-2.338387085262299
Overall,70,86,ReRZV_1d,2024,1,dC_GP,-9.859784746064491,-9.86210577528836,-10.847853585592228,-8.819681394106492
Overall,70,86,ReRZV_1d,2024,1,dC_Med,-24.174702911452982,-24.148036474720364,-27.645007323181073,-20.84330497470029
Overall,70,86,ReRZV_1d,2024,1,dC_VacZVL,110,110,110,110
Overall,70,86,ReRZV_1d,2024,1,dC_VacRZV,49.353438656272864,49.353450692235924,49.3530874448151,49.35377199340993
Overall,70,86,ReRZV_1d,2024,1,dC_Vac,159.35343865627286,159.35345069223592,159.3530874448151,159.35377199340994
Overall,70,86,ReRZV_1d,2024,1,dC_All,135.17873574481987,135.2052684299676,131.70879900605308,138.50985700378598
Overall,70,86,ReRZV_1d,2024,1,dC_Hosp_d,-14.314918165388491,-14.250017730558152,-17.283754437731414,-11.620977877558635
Overall,70,86,ReRZV_1d,2024,1,dC_GP_NonPHN_d,-7.11444977147113,-7.1059388024514485,-7.807199641306912,-6.400927196843128
Overall,70,86,ReRZV_1d,2024,1,dC_GP_PHN_d,-2.745334974593361,-2.7408482244931074,-3.1634408069091133,-2.338387085262299
Overall,70,86,ReRZV_1d,2024,1,dC_GP_d,-9.859784746064491,-9.86210577528836,-10.847853585592228,-8.819681394106492
Overall,70,86,ReRZV_1d,2024,1,dC_Med_d,-24.174702911452982,-24.148036474720364,-27.645007323181073,-20.84330497470029
Overall,70,86,ReRZV_1d,2024,1,dC_VacZVL_d,110,110,110,110
Overall,70,86,ReRZV_1d,2024,1,dC_VacRZV_d,49.353438656272864,49.353450692235924,49.3530874448151,49.35377199340993
Overall,70,86,ReRZV_1d,2024,1,dC_Vac_d,159.35343865627286,159.35345069223592,159.3530874448151,159.35377199340994
Overall,70,86,ReRZV_1d,2024,1,dC_All_d,135.17873574481987,135.2052684299676,131.70879900605308,138.50985700378598
Overall,70,86,ReRZV_1d,2024,1,dN_VacZVL,1,1,1,1
Overall,70,86,ReRZV_1d,2024,1,dN_VacRZV,0.5806286900737984,0.5806288316733638,0.5806245581742953,0.5806326116871756
Overall,70,86,ReRZV_1d,2024,1,dN_VacZVL_d,1,1,1,1
Overall,70,86,ReRZV_1d,2024,1,dN_VacRZV_d,0.5806286900737984,0.5806288316733638,0.5806245581742953,0.5806326116871756
Overall,70,86,ReRZV_1d,2024,1,ICER,14329.192108991685,14275.504351096914,12024.892628589396,16893.324750041524
Overall,70,86,ReRZV_1d,2024,1,Price0,85,85,85,85
Overall,70,86,ReRZV_1d,2024,1,Thres20,368.78853185853893,367.72883959307774,317.6866414221855,426.9216292808193
Overall,70,86,ReRZV_1d,2024,1,Thres30,532.3651033542266,530.7733255523192,458.34191261707946,619.1047880934148
Overall,70,86,ReRZV_1d,2024,1,Thres20_50,NA,367.72883959307774,NA,NA
Overall,70,86,ReRZV_1d,2024,1,Thres30_90,NA,482.16247064675497,NA,NA
Overall,70,86,ReRZV_1d,2024,1,Thres,NA,367.72883959307774,NA,NA
Overall,70,86,ReRZV_2d,2024,1,N0,1,1,1,1
Overall,70,86,ReRZV_2d,2024,1,dYear_Life,4.2964565669195844e-4,4.282795259946681e-4,3.6558505429180595e-4,5.000703479047352e-4
Overall,70,86,ReRZV_2d,2024,1,dYear_Immunised,7.387588074066927,7.378584307609061,6.7960562669272635,8.0078092579372
Overall,70,86,ReRZV_2d,2024,1,dRisk_HZ,-0.06493794281446305,-0.06483454419375316,-0.07073506426855385,-0.05899769290121657
Overall,70,86,ReRZV_2d,2024,1,dRisk_Hosp,-0.0033426414224263985,-0.003333822912898814,-0.003965613545386066,-0.0027884217102886327
Overall,70,86,ReRZV_2d,2024,1,dRisk_PHN,-0.005152629257035111,-0.005155066167544912,-0.005850952237417779,-0.004491819071709797
Overall,70,86,ReRZV_2d,2024,1,dRisk_Death,-7.95243958965658e-5,-7.940150106583958e-5,-9.449428469009876e-5,-6.631861484376889e-5
Overall,70,86,ReRZV_2d,2024,1,dQ_Life,2.9121901519076944e-4,2.904502624847538e-4,2.4838507287157087e-4,3.3784146204856035e-4
Overall,70,86,ReRZV_2d,2024,1,dQ_HZ,0.009375303451215709,0.009328217681448205,0.00807123931093944,0.010895855183114658
Overall,70,86,ReRZV_2d,2024,1,dQ_HZ_Norm,0.00298740854818205,0.002976715860999373,0.0025575681296207656,0.003463513945694357
Overall,70,86,ReRZV_2d,2024,1,dQ_All,0.00965972698544327,0.009616724228791895,0.008351427026869597,0.011195382168443579
Overall,70,86,ReRZV_2d,2024,1,dQ_HZ_d,0.009375303451215709,0.009328217681448205,0.00807123931093944,0.010895855183114658
Overall,70,86,ReRZV_2d,2024,1,dQ_HZ_Norm_d,0.00298740854818205,0.002976715860999373,0.0025575681296207656,0.003463513945694357
Overall,70,86,ReRZV_2d,2024,1,dQ_Life_d,2.9121901519076944e-4,2.904502624847538e-4,2.4838507287157087e-4,3.3784146204856035e-4
Overall,70,86,ReRZV_2d,2024,1,dQ_All_d,0.009666522466406476,0.009623277426182852,0.008359089568427524,0.011202961110075503
Overall,70,86,ReRZV_2d,2024,1,dC_Hosp,-14.731662396279692,-14.64973738057113,-17.682113148669323,-12.123309230903132
Overall,70,86,ReRZV_2d,2024,1,dC_GP_NonPHN,-7.222351740023988,-7.211800162773562,-7.883026976310543,-6.573391093411308
Overall,70,86,ReRZV_2d,2024,1,dC_GP_PHN,-2.792062634083295,-2.7867447316908462,-3.198590174973249,-2.3987917671890022
Overall,70,86,ReRZV_2d,2024,1,dC_GP,-10.014414374107282,-10.012454639852692,-10.973550585339217,-9.033075912074855
Overall,70,86,ReRZV_2d,2024,1,dC_Med,-24.746076770386974,-24.719321658536607,-28.098826152457153,-21.705508296634466
Overall,70,86,ReRZV_2d,2024,1,dC_VacZVL,110,110,110,110
Overall,70,86,ReRZV_2d,2024,1,dC_VacRZV,98.70687731254573,98.70690138447185,98.7061748896302,98.70754398681986
Overall,70,86,ReRZV_2d,2024,1,dC_Vac,208.70687731254574,208.70690138447185,208.70617488963018,208.70754398681984
Overall,70,86,ReRZV_2d,2024,1,dC_All,183.96080054215875,183.98772591316126,180.6080126322757,187.0008173257548
Overall,70,86,ReRZV_2d,2024,1,dC_Hosp_d,-14.731662396279692,-14.64973738057113,-17.682113148669323,-12.123309230903132
Overall,70,86,ReRZV_2d,2024,1,dC_GP_NonPHN_d,-7.222351740023988,-7.211800162773562,-7.883026976310543,-6.573391093411308
Overall,70,86,ReRZV_2d,2024,1,dC_GP_PHN_d,-2.792062634083295,-2.7867447316908462,-3.198590174973249,-2.3987917671890022
Overall,70,86,ReRZV_2d,2024,1,dC_GP_d,-10.014414374107282,-10.012454639852692,-10.973550585339217,-9.033075912074855
Overall,70,86,ReRZV_2d,2024,1,dC_Med_d,-24.746076770386974,-24.719321658536607,-28.098826152457153,-21.705508296634466
Overall,70,86,ReRZV_2d,2024,1,dC_VacZVL_d,110,110,110,110
Overall,70,86,ReRZV_2d,2024,1,dC_VacRZV_d,98.70687731254573,98.70690138447185,98.7061748896302,98.70754398681986
Overall,70,86,ReRZV_2d,2024,1,dC_Vac_d,208.70687731254574,208.70690138447185,208.70617488963018,208.70754398681984
Overall,70,86,ReRZV_2d,2024,1,dC_All_d,183.96080054215875,183.98772591316126,180.6080126322757,187.0008173257548
Overall,70,86,ReRZV_2d,2024,1,dN_VacZVL,1,1,1,1
Overall,70,86,ReRZV_2d,2024,1,dN_VacRZV,1.1612573801475967,1.1612576633467275,1.1612491163485905,1.1612652233743512
Overall,70,86,ReRZV_2d,2024,1,dN_VacZVL_d,1,1,1,1
Overall,70,86,ReRZV_2d,2024,1,dN_VacRZV_d,1.1612573801475967,1.1612576633467275,1.1612491163485905,1.1612652233743512
Overall,70,86,ReRZV_2d,2024,1,ICER,19146.97299928148,19103.70846138039,16291.24952560764,22228.70677623423
Overall,70,86,ReRZV_2d,2024,1,Price0,85,85,85,85
Overall,70,86,ReRZV_2d,2024,1,Thres20,187.79343414856626,187.1878051023672,163.64956443076028,215.5921523708222
Overall,70,86,ReRZV_2d,2024,1,Thres30,271.0352888581639,270.0844267591847,235.4818745228912,312.29536203373226
Overall,70,86,ReRZV_2d,2024,1,Thres20_50,NA,187.1878051023672,NA,NA
Overall,70,86,ReRZV_2d,2024,1,Thres30_90,NA,247.10878593477037,NA,NA
Overall,70,86,ReRZV_2d,2024,1,Thres,NA,187.1878051023672,NA,NA
Overall,70,87,ReRZV_1d,2024,1,N0,1,1,1,1
Overall,70,87,ReRZV_1d,2024,1,dYear_Life,3.831561879282486e-4,3.823619040232984e-4,3.2083347402904754e-4,4.5035444267860214e-4
Overall,70,87,ReRZV_1d,2024,1,dYear_Immunised,6.897506475536452,6.887573813879873,6.254010840758452,7.544090693756109
Overall,70,87,ReRZV_1d,2024,1,dRisk_HZ,-0.06025713360126808,-0.06012558680287884,-0.06630200718076905,-0.05400050830580139
Overall,70,87,ReRZV_1d,2024,1,dRisk_Hosp,-0.003009605329399112,-0.0030067331105954635,-0.003607532141257164,-0.0024637876474972718
Overall,70,87,ReRZV_1d,2024,1,dRisk_PHN,-0.004723424499962665,-0.004729049625556627,-0.00543917387200395,-0.004065812245877239
Overall,70,87,ReRZV_1d,2024,1,dRisk_Death,-7.161557594639173e-5,-7.1488035933731e-5,-8.5910571924133e-5,-5.818910740160719e-5
Overall,70,87,ReRZV_1d,2024,1,dQ_Life,2.5958411425792695e-4,2.589778294073142e-4,2.181099161441935e-4,3.0460222095767263e-4
Overall,70,87,ReRZV_1d,2024,1,dQ_HZ,0.00866085910815814,0.008631645143111131,0.00737189464269879,0.010183983275950267
Overall,70,87,ReRZV_1d,2024,1,dQ_HZ_Norm,0.0027790345800491607,0.00277047731483058,0.0023575074816631785,0.003241011516039292
Overall,70,87,ReRZV_1d,2024,1,dQ_All,0.008914030018509574,0.008883545651743319,0.007600510974493479,0.01045629394462777
Overall,70,87,ReRZV_1d,2024,1,dQ_HZ_d,0.00866085910815814,0.008631645143111131,0.00737189464269879,0.010183983275950267
Overall,70,87,ReRZV_1d,2024,1,dQ_HZ_Norm_d,0.0027790345800491607,0.00277047731483058,0.0023575074816631785,0.003241011516039292
Overall,70,87,ReRZV_1d,2024,1,dQ_Life_d,2.5958411425792695e-4,2.589778294073142e-4,2.181099161441935e-4,3.0460222095767263e-4
Overall,70,87,ReRZV_1d,2024,1,dQ_All_d,0.008920443222416087,0.008889902234716196,0.007605984047095671,0.010463499726147463
Overall,70,87,ReRZV_1d,2024,1,dC_Hosp,-13.258793526062023,-13.225567644577598,-16.133778058385197,-10.716021521096776
Overall,70,87,ReRZV_1d,2024,1,dC_GP_NonPHN,-6.718802762143695,-6.7097707232166925,-7.418761803832541,-6.0158603890767655
Overall,70,87,ReRZV_1d,2024,1,dC_GP_PHN,-2.563091429274956,-2.555724189081891,-2.98158124507264,-2.178518550902098
Overall,70,87,ReRZV_1d,2024,1,dC_GP,-9.281894191418651,-9.277680103060218,-10.293353917671654,-8.267037067698231
Overall,70,87,ReRZV_1d,2024,1,dC_Med,-22.540687717480672,-22.49792168878644,-25.900309685643002,-19.406822203211128
Overall,70,87,ReRZV_1d,2024,1,dC_VacZVL,110,110,110,110
Overall,70,87,ReRZV_1d,2024,1,dC_VacRZV,45.40721775454493,45.4072275814723,45.40681396558727,45.40760402863402
Overall,70,87,ReRZV_1d,2024,1,dC_Vac,155.40721775454494,155.4072275814723,155.40681396558728,155.407604028634
Overall,70,87,ReRZV_1d,2024,1,dC_All,132.86653003706425,132.90904038635563,129.50691381175668,136.00022873402196
Overall,70,87,ReRZV_1d,2024,1,dC_Hosp_d,-13.258793526062023,-13.225567644577598,-16.133778058385197,-10.716021521096776
Overall,70,87,ReRZV_1d,2024,1,dC_GP_NonPHN_d,-6.718802762143695,-6.7097707232166925,-7.418761803832541,-6.0158603890767655
Overall,70,87,ReRZV_1d,2024,1,dC_GP_PHN_d,-2.563091429274956,-2.555724189081891,-2.98158124507264,-2.178518550902098
Overall,70,87,ReRZV_1d,2024,1,dC_GP_d,-9.281894191418651,-9.277680103060218,-10.293353917671654,-8.267037067698231
Overall,70,87,ReRZV_1d,2024,1,dC_Med_d,-22.540687717480672,-22.49792168878644,-25.900309685643002,-19.406822203211128
Overall,70,87,ReRZV_1d,2024,1,dC_VacZVL_d,110,110,110,110
Overall,70,87,ReRZV_1d,2024,1,dC_VacRZV_d,45.40721775454493,45.4072275814723,45.40681396558727,45.40760402863402
Overall,70,87,ReRZV_1d,2024,1,dC_Vac_d,155.40721775454494,155.4072275814723,155.40681396558728,155.407604028634
Overall,70,87,ReRZV_1d,2024,1,dC_All_d,132.86653003706425,132.90904038635563,129.50691381175668,136.00022873402196
Overall,70,87,ReRZV_1d,2024,1,dN_VacZVL,1,1,1,1
Overall,70,87,ReRZV_1d,2024,1,dN_VacRZV,0.5342025618181757,0.5342026774290859,0.5341978113598502,0.5342071062192238
Overall,70,87,ReRZV_1d,2024,1,dN_VacZVL_d,1,1,1,1
Overall,70,87,ReRZV_1d,2024,1,dN_VacRZV_d,0.5342025618181757,0.5342026774290859,0.5341978113598502,0.5342071062192238
Overall,70,87,ReRZV_1d,2024,1,ICER,14999.790718808545,14938.093017293606,12542.331651366745,17733.098878979727
Overall,70,87,ReRZV_1d,2024,1,Price0,85,85,85,85
Overall,70,87,ReRZV_1d,2024,1,Thres20,376.16729599084096,374.9895862322974,323.09625163382526,436.8271198767698
Overall,70,87,ReRZV_1d,2024,1,Thres30,543.1534359912554,541.3738249560673,465.3707225123532,632.7578085988772
Overall,70,87,ReRZV_1d,2024,1,Thres20_50,NA,374.9895862322974,NA,NA
Overall,70,87,ReRZV_1d,2024,1,Thres30_90,NA,490.9170802142027,NA,NA
Overall,70,87,ReRZV_1d,2024,1,Thres,NA,374.9895862322974,NA,NA
Overall,70,87,ReRZV_2d,2024,1,N0,1,1,1,1
Overall,70,87,ReRZV_2d,2024,1,dYear_Life,3.9289990957043307e-4,3.9172225514683134e-4,3.340813076652793e-4,4.573144735769751e-4
Overall,70,87,ReRZV_2d,2024,1,dYear_Immunised,6.991191406722084,6.983285152082379,6.391122323119947,7.634342065124387
Overall,70,87,ReRZV_2d,2024,1,dRisk_HZ,-0.061122849285663236,-0.06098195312206932,-0.06704679421625423,-0.0552995059994248
Overall,70,87,ReRZV_2d,2024,1,dRisk_Hosp,-0.0030898177774857367,-0.0030803210572303355,-0.0036927926705543766,-0.002567584868401721
Overall,70,87,ReRZV_2d,2024,1,dRisk_PHN,-0.004798497594639817,-0.00480038239277574,-0.00549931800084743,-0.004163999889643614
Overall,70,87,ReRZV_2d,2024,1,dRisk_Death,-7.388805611370583e-5,-7.372452589532192e-5,-8.78945308612959e-5,-6.162804619369812e-5
Overall,70,87,ReRZV_2d,2024,1,dQ_Life,2.660125460629246e-4,2.653303147814867e-4,2.2628228266663442e-4,3.090141289710857e-4
Overall,70,87,ReRZV_2d,2024,1,dQ_HZ,0.008798369850137959,0.008765750256947966,0.007551103488577051,0.010257460491923559
Overall,70,87,ReRZV_2d,2024,1,dQ_HZ_Norm,0.0028172267021296386,0.0028067045021571944,0.0023984999167802295,0.0032908509790009477
Overall,70,87,ReRZV_2d,2024,1,dQ_All,0.009057734748208777,0.009025097322454378,0.007792174236564176,0.010531677636698199
Overall,70,87,ReRZV_2d,2024,1,dQ_HZ_d,0.008798369850137959,0.008765750256947966,0.007551103488577051,0.010257460491923559
Overall,70,87,ReRZV_2d,2024,1,dQ_HZ_Norm_d,0.0028172267021296386,0.0028067045021571944,0.0023984999167802295,0.0032908509790009477
Overall,70,87,ReRZV_2d,2024,1,dQ_Life_d,2.660125460629246e-4,2.653303147814867e-4,2.2628228266663442e-4,3.090141289710857e-4
Overall,70,87,ReRZV_2d,2024,1,dQ_All_d,0.009064382396200882,0.00903175481219698,0.0077978754899962425,0.010537819715505091
Overall,70,87,ReRZV_2d,2024,1,dC_Hosp,-13.629302115852127,-13.59399211044003,-16.425698864186785,-11.216030108603798
Overall,70,87,ReRZV_2d,2024,1,dC_GP_NonPHN,-6.809728104865758,-6.798517156544361,-7.4844988075114145,-6.165640550020886
Overall,70,87,ReRZV_2d,2024,1,dC_GP_PHN,-2.6020348352284186,-2.594785176788983,-3.0081144943096816,-2.2260409136857966
Overall,70,87,ReRZV_2d,2024,1,dC_GP,-9.411762940094176,-9.398694519001488,-10.40468015183528,-8.441672869137857
Overall,70,87,ReRZV_2d,2024,1,dC_Med,-23.041065055946305,-22.997637412138403,-26.264489220429788,-20.138445683713236
Overall,70,87,ReRZV_2d,2024,1,dC_VacZVL,110,110,110,110
Overall,70,87,ReRZV_2d,2024,1,dC_VacRZV,90.81443550908986,90.8144551629446,90.81362793117454,90.81520805726804
Overall,70,87,ReRZV_2d,2024,1,dC_Vac,200.81443550908986,200.81445516294463,200.81362793117455,200.81520805726805
Overall,70,87,ReRZV_2d,2024,1,dC_All,177.77337045314357,177.81676337904398,174.55010174263901,180.67616294608214
Overall,70,87,ReRZV_2d,2024,1,dC_Hosp_d,-13.629302115852127,-13.59399211044003,-16.425698864186785,-11.216030108603798
Overall,70,87,ReRZV_2d,2024,1,dC_GP_NonPHN_d,-6.809728104865758,-6.798517156544361,-7.4844988075114145,-6.165640550020886
Overall,70,87,ReRZV_2d,2024,1,dC_GP_PHN_d,-2.6020348352284186,-2.594785176788983,-3.0081144943096816,-2.2260409136857966
Overall,70,87,ReRZV_2d,2024,1,dC_GP_d,-9.411762940094176,-9.398694519001488,-10.40468015183528,-8.441672869137857
Overall,70,87,ReRZV_2d,2024,1,dC_Med_d,-23.041065055946305,-22.997637412138403,-26.264489220429788,-20.138445683713236
Overall,70,87,ReRZV_2d,2024,1,dC_VacZVL_d,110,110,110,110
Overall,70,87,ReRZV_2d,2024,1,dC_VacRZV_d,90.81443550908986,90.8144551629446,90.81362793117454,90.81520805726804
Overall,70,87,ReRZV_2d,2024,1,dC_Vac_d,200.81443550908986,200.81445516294463,200.81362793117455,200.81520805726805
Overall,70,87,ReRZV_2d,2024,1,dC_All_d,177.77337045314357,177.81676337904398,174.55010174263901,180.67616294608214
Overall,70,87,ReRZV_2d,2024,1,dN_VacZVL,1,1,1,1
Overall,70,87,ReRZV_2d,2024,1,dN_VacRZV,1.0684051236363514,1.0684053548581718,1.0683956227197005,1.0684142124384477
Overall,70,87,ReRZV_2d,2024,1,dN_VacZVL_d,1,1,1,1
Overall,70,87,ReRZV_2d,2024,1,dN_VacRZV_d,1.0684051236363514,1.0684053548581718,1.0683956227197005,1.0684142124384477
Overall,70,87,ReRZV_2d,2024,1,ICER,19739.1670191755,19705.812864728352,16687.517536884727,23011.193902054765
Overall,70,87,ReRZV_2d,2024,1,Price0,85,85,85,85
Overall,70,87,ReRZV_2d,2024,1,Thres20,191.24645622848533,190.45589024473267,166.05845267640743,220.23159609965117
Overall,70,87,ReRZV_2d,2024,1,Thres30,276.0867601436886,274.9802092273187,239.0132355257948,318.48598890409784
Overall,70,87,ReRZV_2d,2024,1,Thres20_50,NA,190.45589024473267,NA,NA
Overall,70,87,ReRZV_2d,2024,1,Thres30_90,NA,250.97844619494177,NA,NA
Overall,70,87,ReRZV_2d,2024,1,Thres,NA,190.45589024473267,NA,NA
Overall,70,88,ReRZV_1d,2024,1,N0,1,1,1,1
Overall,70,88,ReRZV_1d,2024,1,dYear_Life,3.46087021518235e-4,3.455245385826089e-4,2.898865199243872e-4,4.085766670059776e-4
Overall,70,88,ReRZV_1d,2024,1,dYear_Immunised,6.543276433908989,6.529318381241891,5.9024133461298085,7.204907735678814
Overall,70,88,ReRZV_1d,2024,1,dRisk_HZ,-0.056866854702482664,-0.05676871761209474,-0.06306656536748598,-0.050674105507549125
Overall,70,88,ReRZV_1d,2024,1,dRisk_Hosp,-0.002763126020373863,-0.00275791464226235,-0.0033256390364357143,-0.0022615914929576134
Overall,70,88,ReRZV_1d,2024,1,dRisk_PHN,-0.004414551265016929,-0.004417442928812902,-0.00511234156490306,-0.003768041687788709
Overall,70,88,ReRZV_1d,2024,1,dRisk_Death,-6.539904032571944e-5,-6.52569425953667e-5,-7.849837947121413e-5,-5.308975094771828e-5
Overall,70,88,ReRZV_1d,2024,1,dQ_Life,2.3433627729157626e-4,2.3375690945393046e-4,1.9647098026189804e-4,2.7662185053669577e-4
Overall,70,88,ReRZV_1d,2024,1,dQ_HZ,0.008141977026731874,0.008114499516335423,0.006884043409606557,0.009579384162429363
Overall,70,88,ReRZV_1d,2024,1,dQ_HZ_Norm,0.002628267209996191,0.0026193839189150863,0.002224021699372315,0.0030829523619260845
Overall,70,88,ReRZV_1d,2024,1,dQ_All,0.008370106236592258,0.008339672033081946,0.007097003558066906,0.009821032871123325
Overall,70,88,ReRZV_1d,2024,1,dQ_HZ_d,0.008141977026731874,0.008114499516335423,0.006884043409606557,0.009579384162429363
Overall,70,88,ReRZV_1d,2024,1,dQ_HZ_Norm_d,0.002628267209996191,0.0026193839189150863,0.002224021699372315,0.0030829523619260845
Overall,70,88,ReRZV_1d,2024,1,dQ_Life_d,2.3433627729157626e-4,2.3375690945393046e-4,1.9647098026189804e-4,2.7662185053669577e-4
Overall,70,88,ReRZV_1d,2024,1,dQ_All_d,0.008376313304023471,0.008345792031906107,0.007103548679796079,0.009828499719514293
Overall,70,88,ReRZV_1d,2024,1,dC_Hosp,-12.168745563962025,-12.159246680637846,-14.900873731334698,-9.864016412375035
Overall,70,88,ReRZV_1d,2024,1,dC_GP_NonPHN,-6.353933804024543,-6.341405505761335,-7.05867505512328,-5.660477316763383
Overall,70,88,ReRZV_1d,2024,1,dC_GP_PHN,-2.3984605004276816,-2.396221961684893,-2.804832586635235,-2.026303862953459
Overall,70,88,ReRZV_1d,2024,1,dC_GP,-8.752394304452226,-8.733943651882981,-9.780560434515575,-7.7381197344954185
Overall,70,88,ReRZV_1d,2024,1,dC_Med,-20.92113986841425,-20.89690769669919,-24.048609938566372,-17.945046640906426
Overall,70,88,ReRZV_1d,2024,1,dC_VacZVL,110,110,110,110
Overall,70,88,ReRZV_1d,2024,1,dC_VacRZV,41.3161241401923,41.31613172851827,41.315662702603085,41.31655663041779
Overall,70,88,ReRZV_1d,2024,1,dC_Vac,151.3161241401923,151.31613172851826,151.31566270260308,151.31655663041778
Overall,70,88,ReRZV_1d,2024,1,dC_All,130.39498427177804,130.41918696288457,127.26776020515823,133.37118017606355
Overall,70,88,ReRZV_1d,2024,1,dC_Hosp_d,-12.168745563962025,-12.159246680637846,-14.900873731334698,-9.864016412375035
Overall,70,88,ReRZV_1d,2024,1,dC_GP_NonPHN_d,-6.353933804024543,-6.341405505761335,-7.05867505512328,-5.660477316763383
Overall,70,88,ReRZV_1d,2024,1,dC_GP_PHN_d,-2.3984605004276816,-2.396221961684893,-2.804832586635235,-2.026303862953459
Overall,70,88,ReRZV_1d,2024,1,dC_GP_d,-8.752394304452226,-8.733943651882981,-9.780560434515575,-7.7381197344954185
Overall,70,88,ReRZV_1d,2024,1,dC_Med_d,-20.92113986841425,-20.89690769669919,-24.048609938566372,-17.945046640906426
Overall,70,88,ReRZV_1d,2024,1,dC_VacZVL_d,110,110,110,110
Overall,70,88,ReRZV_1d,2024,1,dC_VacRZV_d,41.3161241401923,41.31613172851827,41.315662702603085,41.31655663041779
Overall,70,88,ReRZV_1d,2024,1,dC_Vac_d,151.3161241401923,151.31613172851826,151.31566270260308,151.31655663041778
Overall,70,88,ReRZV_1d,2024,1,dC_All_d,130.39498427177804,130.41918696288457,127.26776020515823,133.37118017606355
Overall,70,88,ReRZV_1d,2024,1,dN_VacZVL,1,1,1,1
Overall,70,88,ReRZV_1d,2024,1,dN_VacRZV,0.48607204870814474,0.48607213798256793,0.4860666200306245,0.48607713682844467
Overall,70,88,ReRZV_1d,2024,1,dN_VacZVL_d,1,1,1,1
Overall,70,88,ReRZV_1d,2024,1,dN_VacRZV_d,0.48607204870814474,0.48607213798256793,0.4860666200306245,0.48607713682844467
Overall,70,88,ReRZV_1d,2024,1,ICER,15682.817052820372,15627.855483267082,13076.541211666921,18570.825334272908
Overall,70,88,ReRZV_1d,2024,1,Price0,85,85,85,85
Overall,70,88,ReRZV_1d,2024,1,Thres20,387.6943390299088,386.30217202354737,332.18777860971886,451.2989850522275
Overall,70,88,ReRZV_1d,2024,1,Thres30,560.0208952945011,557.7901080311444,478.227489581566,653.5244410382046
Overall,70,88,ReRZV_1d,2024,1,Thres20_50,NA,386.30217202354737,NA,NA
Overall,70,88,ReRZV_1d,2024,1,Thres30_90,NA,503.35732927076924,NA,NA
Overall,70,88,ReRZV_1d,2024,1,Thres,NA,386.30217202354737,NA,NA
Overall,70,88,ReRZV_2d,2024,1,N0,1,1,1,1
Overall,70,88,ReRZV_2d,2024,1,dYear_Life,3.542640100591399e-4,3.531767808606645e-4,2.993526766691623e-4,4.1469044207724786e-4
Overall,70,88,ReRZV_2d,2024,1,dYear_Immunised,6.621978898260381,6.613920535964182,6.024650356125968,7.280194141459024
Overall,70,88,ReRZV_2d,2024,1,dRisk_HZ,-0.05758935442785182,-0.057467976739791975,-0.06366805584658941,-0.05174284168939175
Overall,70,88,ReRZV_2d,2024,1,dRisk_Hosp,-0.0028327834123575172,-0.0028252801481793792,-0.0033776572343368967,-0.0023396892676686683
Overall,70,88,ReRZV_2d,2024,1,dRisk_PHN,-0.004476619060700886,-0.004471487641572314,-0.005182284040391798,-0.003846511371603524
Overall,70,88,ReRZV_2d,2024,1,dRisk_Death,-6.740558743805067e-5,-6.721972986198339e-5,-8.025701672785241e-5,-5.613352871336122e-5
Overall,70,88,ReRZV_2d,2024,1,dQ_Life,2.3969864603136414e-4,2.388564514399505e-4,2.0284039807707543e-4,2.8033362577399855e-4
Overall,70,88,ReRZV_2d,2024,1,dQ_HZ,0.00825752554074825,0.008231921064774321,0.0070340720520945055,0.009676915002768712
Overall,70,88,ReRZV_2d,2024,1,dQ_HZ_Norm,0.0026600840347233146,0.002648256004512507,0.0022554601663520575,0.003118618056993963
Overall,70,88,ReRZV_2d,2024,1,dQ_All,0.00849079227121773,0.008464587937687895,0.007261822032265375,0.00991782099936618
Overall,70,88,ReRZV_2d,2024,1,dQ_HZ_d,0.00825752554074825,0.008231921064774321,0.0070340720520945055,0.009676915002768712
Overall,70,88,ReRZV_2d,2024,1,dQ_HZ_Norm_d,0.0026600840347233146,0.002648256004512507,0.0022554601663520575,0.003118618056993963
Overall,70,88,ReRZV_2d,2024,1,dQ_Life_d,2.3969864603136414e-4,2.388564514399505e-4,2.0284039807707543e-4,2.8033362577399855e-4
Overall,70,88,ReRZV_2d,2024,1,dQ_All_d,0.008497224186779614,0.008471020125653261,0.007268662855376862,0.009924464851632253
Overall,70,88,ReRZV_2d,2024,1,dC_Hosp,-12.492495028079674,-12.455286562179275,-15.204499646281434,-10.275466146353363
Overall,70,88,ReRZV_2d,2024,1,dC_GP_NonPHN,-6.429463820120297,-6.420225472937288,-7.104405596081916,-5.794650017271433
Overall,70,88,ReRZV_2d,2024,1,dC_GP_PHN,-2.4304827024288267,-2.426367829590452,-2.832436763755554,-2.0628867661407404
Overall,70,88,ReRZV_2d,2024,1,dC_GP,-8.859946522549125,-8.836646155750648,-9.878573246120554,-7.896387988812262
Overall,70,88,ReRZV_2d,2024,1,dC_Med,-21.352441550628797,-21.30088477311584,-24.46502826089709,-18.573891803119743
Overall,70,88,ReRZV_2d,2024,1,dC_VacZVL,110,110,110,110
Overall,70,88,ReRZV_2d,2024,1,dC_VacRZV,82.6322482803846,82.63226345703654,82.63132540520617,82.63311326083559
Overall,70,88,ReRZV_2d,2024,1,dC_Vac,192.6322482803846,192.63226345703654,192.63132540520616,192.6331132608356
Overall,70,88,ReRZV_2d,2024,1,dC_All,171.27980672975582,171.33126380857794,168.16728151308627,174.05777582659002
Overall,70,88,ReRZV_2d,2024,1,dC_Hosp_d,-12.492495028079674,-12.455286562179275,-15.204499646281434,-10.275466146353363
Overall,70,88,ReRZV_2d,2024,1,dC_GP_NonPHN_d,-6.429463820120297,-6.420225472937288,-7.104405596081916,-5.794650017271433
Overall,70,88,ReRZV_2d,2024,1,dC_GP_PHN_d,-2.4304827024288267,-2.426367829590452,-2.832436763755554,-2.0628867661407404
Overall,70,88,ReRZV_2d,2024,1,dC_GP_d,-8.859946522549125,-8.836646155750648,-9.878573246120554,-7.896387988812262
Overall,70,88,ReRZV_2d,2024,1,dC_Med_d,-21.352441550628797,-21.30088477311584,-24.46502826089709,-18.573891803119743
Overall,70,88,ReRZV_2d,2024,1,dC_VacZVL_d,110,110,110,110
Overall,70,88,ReRZV_2d,2024,1,dC_VacRZV_d,82.6322482803846,82.63226345703654,82.63132540520617,82.63311326083559
Overall,70,88,ReRZV_2d,2024,1,dC_Vac_d,192.6322482803846,192.63226345703654,192.63132540520616,192.6331132608356
Overall,70,88,ReRZV_2d,2024,1,dC_All_d,171.27980672975582,171.33126380857794,168.16728151308627,174.05777582659002
Overall,70,88,ReRZV_2d,2024,1,dN_VacZVL,1,1,1,1
Overall,70,88,ReRZV_2d,2024,1,dN_VacRZV,0.9721440974162895,0.9721442759651359,0.972133240061249,0.9721542736568893
Overall,70,88,ReRZV_2d,2024,1,dN_VacZVL_d,1,1,1,1
Overall,70,88,ReRZV_2d,2024,1,dN_VacRZV_d,0.9721440974162895,0.9721442759651359,0.972133240061249,0.9721542736568893
Overall,70,88,ReRZV_2d,2024,1,ICER,20296.50978960348,20251.114208974097,17067.625659485773,23803.265236664436
Overall,70,88,ReRZV_2d,2024,1,Price0,85,85,85,85
Overall,70,88,ReRZV_2d,2024,1,Thres20,196.7783388858239,195.96927834414464,169.5884093102767,228.3128178236853
Overall,70,88,ReRZV_2d,2024,1,Thres30,284.18537161522426,283.1427865093274,244.52884071461315,330.52989875492426
Overall,70,88,ReRZV_2d,2024,1,Thres20_50,NA,195.96927834414464,NA,NA
Overall,70,88,ReRZV_2d,2024,1,Thres30_90,NA,256.87870801603026,NA,NA
Overall,70,88,ReRZV_2d,2024,1,Thres,NA,195.96927834414464,NA,NA
Overall,70,89,ReRZV_1d,2024,1,N0,1,1,1,1
Overall,70,89,ReRZV_1d,2024,1,dYear_Life,3.077669918860604e-4,3.068688081899751e-4,2.5621766395929053e-4,3.664831201163565e-4
Overall,70,89,ReRZV_1d,2024,1,dYear_Immunised,6.218016651620764,6.208438848896542,5.597458850904262,6.892855654973303
Overall,70,89,ReRZV_1d,2024,1,dRisk_HZ,-0.05377226100338073,-0.05364960767734495,-0.06014678922969443,-0.04766895438480825
Overall,70,89,ReRZV_1d,2024,1,dRisk_Hosp,-0.0025213709980438006,-0.002509105545773929,-0.003033971845863474,-0.0020577555409579773
Overall,70,89,ReRZV_1d,2024,1,dRisk_PHN,-0.004132243182631404,-0.0041269169743377646,-0.0048256799339078515,-0.003506353681059337
Overall,70,89,ReRZV_1d,2024,1,dRisk_Death,-5.839189019336297e-5,-5.8296118803903454e-5,-7.020464005721707e-5,-4.746967499724365e-5
Overall,70,89,ReRZV_1d,2024,1,dQ_Life,2.084280511505492e-4,2.0757561116280243e-4,1.7340033205894836e-4,2.483589234619998e-4
Overall,70,89,ReRZV_1d,2024,1,dQ_HZ,0.007662590045708099,0.007630064989796565,0.006466593732119704,0.009043370443782053
Overall,70,89,ReRZV_1d,2024,1,dQ_HZ_Norm,0.002490942664359847,0.0024824283330645387,0.0020998706603602203,0.002934258024295798
Overall,70,89,ReRZV_1d,2024,1,dQ_All,0.007865097901876438,0.007831825625334687,0.006650650036607253,0.009270571803030103
Overall,70,89,ReRZV_1d,2024,1,dQ_HZ_d,0.007662590045708099,0.007630064989796565,0.006466593732119704,0.009043370443782053
Overall,70,89,ReRZV_1d,2024,1,dQ_HZ_Norm_d,0.002490942664359847,0.0024824283330645387,0.0020998706603602203,0.002934258024295798
Overall,70,89,ReRZV_1d,2024,1,dQ_Life_d,2.084280511505492e-4,2.0757561116280243e-4,1.7340033205894836e-4,2.483589234619998e-4
Overall,70,89,ReRZV_1d,2024,1,dQ_All_d,0.007871018096858647,0.007837563774768519,0.006655861850104338,0.00927689557799849
Overall,70,89,ReRZV_1d,2024,1,dC_Hosp,-11.084708676504038,-11.033030305417016,-13.540594119001158,-8.92490122815735
Overall,70,89,ReRZV_1d,2024,1,dC_GP_NonPHN,-6.022842413557804,-6.009987003142522,-6.737965783305511,-5.346310095766019
Overall,70,89,ReRZV_1d,2024,1,dC_GP_PHN,-2.2488269821261846,-2.2428133527037533,-2.6478170704540016,-1.8817918580116029
Overall,70,89,ReRZV_1d,2024,1,dC_GP,-8.271669395683988,-8.250663636553995,-9.303652578587062,-7.270061450096508
Overall,70,89,ReRZV_1d,2024,1,dC_Med,-19.356378072188026,-19.328256479954145,-22.3235246246615,-16.511074816994636
Overall,70,89,ReRZV_1d,2024,1,dC_VacZVL,110,110,110,110
Overall,70,89,ReRZV_1d,2024,1,dC_VacRZV,37.13471103356716,37.13471721544104,37.134195592103836,37.13520107558907
Overall,70,89,ReRZV_1d,2024,1,dC_Vac,147.13471103356716,147.13471721544104,147.13419559210388,147.1352010755891
Overall,70,89,ReRZV_1d,2024,1,dC_All,127.77833296137914,127.80642084301981,124.811157614413,130.62363647456863
Overall,70,89,ReRZV_1d,2024,1,dC_Hosp_d,-11.084708676504038,-11.033030305417016,-13.540594119001158,-8.92490122815735
Overall,70,89,ReRZV_1d,2024,1,dC_GP_NonPHN_d,-6.022842413557804,-6.009987003142522,-6.737965783305511,-5.346310095766019
Overall,70,89,ReRZV_1d,2024,1,dC_GP_PHN_d,-2.2488269821261846,-2.2428133527037533,-2.6478170704540016,-1.8817918580116029
Overall,70,89,ReRZV_1d,2024,1,dC_GP_d,-8.271669395683988,-8.250663636553995,-9.303652578587062,-7.270061450096508
Overall,70,89,ReRZV_1d,2024,1,dC_Med_d,-19.356378072188026,-19.328256479954145,-22.3235246246615,-16.511074816994636
Overall,70,89,ReRZV_1d,2024,1,dC_VacZVL_d,110,110,110,110
Overall,70,89,ReRZV_1d,2024,1,dC_VacRZV_d,37.13471103356716,37.13471721544104,37.134195592103836,37.13520107558907
Overall,70,89,ReRZV_1d,2024,1,dC_Vac_d,147.13471103356716,147.13471721544104,147.13419559210388,147.1352010755891
Overall,70,89,ReRZV_1d,2024,1,dC_All_d,127.77833296137914,127.80642084301981,124.811157614413,130.62363647456863
Overall,70,89,ReRZV_1d,2024,1,dN_VacZVL,1,1,1,1
Overall,70,89,ReRZV_1d,2024,1,dN_VacRZV,0.43687895333608423,0.4368790260640123,0.4368728893188687,0.4368847185363421
Overall,70,89,ReRZV_1d,2024,1,dN_VacZVL_d,1,1,1,1
Overall,70,89,ReRZV_1d,2024,1,dN_VacRZV_d,0.43687895333608423,0.4368790260640123,0.4368728893188687,0.4368847185363421
Overall,70,89,ReRZV_1d,2024,1,ICER,16361.78396376434,16306.389114793767,13583.377986826476,19478.671966618567
Overall,70,89,ReRZV_1d,2024,1,Price0,85,85,84.99999999999999,85.00000000000001
Overall,70,89,ReRZV_1d,2024,1,Thres20,404.6354446657066,403.0415021531117,344.59077268165225,473.1822328848673
Overall,70,89,ReRZV_1d,2024,1,Thres30,584.8001488810977,582.0545303797323,497.38351875441356,684.6915434487904
Overall,70,89,ReRZV_1d,2024,1,Thres20_50,NA,403.0415021531117,NA,NA
Overall,70,89,ReRZV_1d,2024,1,Thres30_90,NA,523.4828768844573,NA,NA
Overall,70,89,ReRZV_1d,2024,1,Thres,NA,403.0415021531117,NA,NA
Overall,70,89,ReRZV_2d,2024,1,N0,1,1,1,1
Overall,70,89,ReRZV_2d,2024,1,dYear_Life,3.143522564125032e-4,3.128903839684227e-4,2.641605387803558e-4,3.7115984589375367e-4
Overall,70,89,ReRZV_2d,2024,1,dYear_Immunised,6.283153303227079,6.275481083674775,5.673172343536348,6.9580580615500445
Overall,70,89,ReRZV_2d,2024,1,dRisk_HZ,-0.054365849979801005,-0.05422598362937028,-0.06066591647467636,-0.04855419442587115
Overall,70,89,ReRZV_2d,2024,1,dRisk_Hosp,-0.0025809366979699135,-0.0025674544781276753,-0.0030862784026611627,-0.002131485085020268
Overall,70,89,ReRZV_2d,2024,1,dRisk_PHN,-0.004182600731860916,-0.004172910965427163,-0.004885029033044541,-0.0035683898017815283
Overall,70,89,ReRZV_2d,2024,1,dRisk_Death,-6.010492896763495e-5,-5.997953440669153e-5,-7.172948228206638e-5,-5.0008328615200724e-5
Overall,70,89,ReRZV_2d,2024,1,dQ_Life,2.1271504860272738e-4,2.1182797266039444e-4,1.7870569485545218e-4,2.5094945151491463e-4
Overall,70,89,ReRZV_2d,2024,1,dQ_HZ,0.007758134515122575,0.007724076943644754,0.006588734470578661,0.009145090684016022
Overall,70,89,ReRZV_2d,2024,1,dQ_HZ_Norm,0.0025170331001552167,0.0025078421213159817,0.002125770538865094,0.0029554765800879996
Overall,70,89,ReRZV_2d,2024,1,dQ_All,0.007964717207666776,0.007930167184668768,0.0067806870005750145,0.009380042380518282
Overall,70,89,ReRZV_2d,2024,1,dQ_HZ_d,0.007758134515122575,0.007724076943644754,0.006588734470578661,0.009145090684016022
Overall,70,89,ReRZV_2d,2024,1,dQ_HZ_Norm_d,0.0025170331001552167,0.0025078421213159817,0.002125770538865094,0.0029554765800879996
Overall,70,89,ReRZV_2d,2024,1,dQ_Life_d,2.1271504860272738e-4,2.1182797266039444e-4,1.7870569485545218e-4,2.5094945151491463e-4
Overall,70,89,ReRZV_2d,2024,1,dQ_All_d,0.007970849563725324,0.007936281259775413,0.006787198506529179,0.009386860813803598
Overall,70,89,ReRZV_2d,2024,1,dC_Hosp,-11.363163594720469,-11.292676116018688,-13.83467480821172,-9.279757627372483
Overall,70,89,ReRZV_2d,2024,1,dC_GP_NonPHN,-6.084582605458511,-6.070865372951364,-6.782925510201652,-5.4465680084516475
Overall,70,89,ReRZV_2d,2024,1,dC_GP_PHN,-2.274647078177788,-2.2697495219841786,-2.674634847416885,-1.9101265267087717
Overall,70,89,ReRZV_2d,2024,1,dC_GP,-8.359229683636299,-8.328993938717304,-9.3916360792225,-7.394985711374842
Overall,70,89,ReRZV_2d,2024,1,dC_Med,-19.722393278356765,-19.651535315287475,-22.694487665097952,-16.995589517147145
Overall,70,89,ReRZV_2d,2024,1,dC_VacZVL,110,110,110,110
Overall,70,89,ReRZV_2d,2024,1,dC_VacRZV,74.26942206713431,74.26943443088209,74.26839118420767,74.27040215117815
Overall,70,89,ReRZV_2d,2024,1,dC_Vac,184.26942206713431,184.2694344308821,184.2683911842077,184.27040215117813
Overall,70,89,ReRZV_2d,2024,1,dC_All,164.54702878877754,164.61769566530978,161.57608913438276,167.27354877510973
Overall,70,89,ReRZV_2d,2024,1,dC_Hosp_d,-11.363163594720469,-11.292676116018688,-13.83467480821172,-9.279757627372483
Overall,70,89,ReRZV_2d,2024,1,dC_GP_NonPHN_d,-6.084582605458511,-6.070865372951364,-6.782925510201652,-5.4465680084516475
Overall,70,89,ReRZV_2d,2024,1,dC_GP_PHN_d,-2.274647078177788,-2.2697495219841786,-2.674634847416885,-1.9101265267087717
Overall,70,89,ReRZV_2d,2024,1,dC_GP_d,-8.359229683636299,-8.328993938717304,-9.3916360792225,-7.394985711374842
Overall,70,89,ReRZV_2d,2024,1,dC_Med_d,-19.722393278356765,-19.651535315287475,-22.694487665097952,-16.995589517147145
Overall,70,89,ReRZV_2d,2024,1,dC_VacZVL_d,110,110,110,110
Overall,70,89,ReRZV_2d,2024,1,dC_VacRZV_d,74.26942206713431,74.26943443088209,74.26839118420767,74.27040215117815
Overall,70,89,ReRZV_2d,2024,1,dC_Vac_d,184.26942206713431,184.2694344308821,184.2683911842077,184.27040215117813
Overall,70,89,ReRZV_2d,2024,1,dC_All_d,164.54702878877754,164.61769566530978,161.57608913438276,167.27354877510973
Overall,70,89,ReRZV_2d,2024,1,dN_VacZVL,1,1,1,1
Overall,70,89,ReRZV_2d,2024,1,dN_VacRZV,0.8737579066721685,0.8737580521280246,0.8737457786377374,0.8737694370726842
Overall,70,89,ReRZV_2d,2024,1,dN_VacZVL_d,1,1,1,1
Overall,70,89,ReRZV_2d,2024,1,dN_VacRZV_d,0.8737579066721685,0.8737580521280246,0.8737457786377374,0.8737694370726842
Overall,70,89,ReRZV_2d,2024,1,ICER,20796.83312827997,20727.73683156253,17366.46341371097,24525.25141023609
Overall,70,89,ReRZV_2d,2024,1,Price0,85,85,84.99999999999999,85.00000000000001
Overall,70,89,ReRZV_2d,2024,1,Thres20,205.02172553580533,204.30259070731074,175.78949477915634,239.01754179046884
Overall,70,89,ReRZV_2d,2024,1,Thres30,296.2466304150224,295.0403055378847,253.5482832133084,346.2439743985615
Overall,70,89,ReRZV_2d,2024,1,Thres20_50,NA,204.30259070731074,NA,NA
Overall,70,89,ReRZV_2d,2024,1,Thres30_90,NA,266.19142305964886,NA,NA
Overall,70,89,ReRZV_2d,2024,1,Thres,NA,204.30259070731074,NA,NA
Overall,70,90,ReRZV_1d,2024,1,N0,1,1,1,1
Overall,70,90,ReRZV_1d,2024,1,dYear_Life,2.6886986152268124e-4,2.6772011632480996e-4,2.2130667865161158e-4,3.242476247562464e-4
Overall,70,90,ReRZV_1d,2024,1,dYear_Immunised,5.924077661278662,5.922164572732217,5.303686748881221,6.623850438124904
Overall,70,90,ReRZV_1d,2024,1,dRisk_HZ,-0.05099753894309248,-0.050865074163112846,-0.05751306728394868,-0.04498193616874577
Overall,70,90,ReRZV_1d,2024,1,dRisk_Hosp,-0.002280102886873548,-0.0022633012388638437,-0.002770201480000499,-0.001846295765059497
Overall,70,90,ReRZV_1d,2024,1,dRisk_PHN,-0.0038823098021927667,-0.0038768671100527143,-0.004564279087871294,-0.003267758503820075
Overall,70,90,ReRZV_1d,2024,1,dRisk_Death,-5.065335421792885e-5,-5.050016535502958e-5,-6.10582614636537e-5,-4.11550047323804e-5
Overall,70,90,ReRZV_1d,2024,1,dQ_Life,1.8233112512492332e-4,1.8141234178425947e-4,1.498535376021959e-4,2.204185069066167e-4
Overall,70,90,ReRZV_1d,2024,1,dQ_HZ,0.007227599946598212,0.00718996498722213,0.006074427347144593,0.0085516707227307
Overall,70,90,ReRZV_1d,2024,1,dQ_HZ_Norm,0.0023680124136921613,0.00235758218325843,0.0019900660330297725,0.0027922610133199947
Overall,70,90,ReRZV_1d,2024,1,dQ_All,0.0074043974664560214,0.007368907696916338,0.006240499920253572,0.008750538294146447
Overall,70,90,ReRZV_1d,2024,1,dQ_HZ_d,0.007227599946598212,0.00718996498722213,0.006074427347144593,0.0085516707227307
Overall,70,90,ReRZV_1d,2024,1,dQ_HZ_Norm_d,0.0023680124136921613,0.00235758218325843,0.0019900660330297725,0.0027922610133199947
Overall,70,90,ReRZV_1d,2024,1,dQ_Life_d,1.8233112512492332e-4,1.8141234178425947e-4,1.498535376021959e-4,2.204185069066167e-4
Overall,70,90,ReRZV_1d,2024,1,dQ_All_d,0.007409931071723142,0.007374301048574061,0.00624538629333209,0.008756362432431962
Overall,70,90,ReRZV_1d,2024,1,dC_Hosp,-9.98803643668192,-9.9187298302249,-12.250995745550622,-8.025033716526147
Overall,70,90,ReRZV_1d,2024,1,dC_GP_NonPHN,-5.728401104657056,-5.716686047685858,-6.452190513075618,-5.059354309916711
Overall,70,90,ReRZV_1d,2024,1,dC_GP_PHN,-2.1176176422368393,-2.1092778716902796,-2.5152826212185033,-1.7596007240125269
Overall,70,90,ReRZV_1d,2024,1,dC_GP,-7.846018746893896,-7.823100111722951,-8.893081554584887,-6.856032374967307
Overall,70,90,ReRZV_1d,2024,1,dC_Med,-17.834055183575817,-17.761694425335477,-20.790215040780843,-15.131524495138473
Overall,70,90,ReRZV_1d,2024,1,dC_VacZVL,110,110,110,110
Overall,70,90,ReRZV_1d,2024,1,dC_VacRZV,32.92407076041614,32.92408133311446,32.92348258101789,32.924615187280914
Overall,70,90,ReRZV_1d,2024,1,dC_Vac,142.92407076041616,142.92408133311446,142.92348258101788,142.9246151872809
Overall,70,90,ReRZV_1d,2024,1,dC_All,125.09001557684033,125.16241275875893,122.1345571773187,127.79267509344369
Overall,70,90,ReRZV_1d,2024,1,dC_Hosp_d,-9.98803643668192,-9.9187298302249,-12.250995745550622,-8.025033716526147
Overall,70,90,ReRZV_1d,2024,1,dC_GP_NonPHN_d,-5.728401104657056,-5.716686047685858,-6.452190513075618,-5.059354309916711
Overall,70,90,ReRZV_1d,2024,1,dC_GP_PHN_d,-2.1176176422368393,-2.1092778716902796,-2.5152826212185033,-1.7596007240125269
Overall,70,90,ReRZV_1d,2024,1,dC_GP_d,-7.846018746893896,-7.823100111722951,-8.893081554584887,-6.856032374967307
Overall,70,90,ReRZV_1d,2024,1,dC_Med_d,-17.834055183575817,-17.761694425335477,-20.790215040780843,-15.131524495138473
Overall,70,90,ReRZV_1d,2024,1,dC_VacZVL_d,110,110,110,110
Overall,70,90,ReRZV_1d,2024,1,dC_VacRZV_d,32.92407076041614,32.92408133311446,32.92348258101789,32.924615187280914
Overall,70,90,ReRZV_1d,2024,1,dC_Vac_d,142.92407076041616,142.92408133311446,142.92348258101788,142.9246151872809
Overall,70,90,ReRZV_1d,2024,1,dC_All_d,125.09001557684033,125.16241275875893,122.1345571773187,127.79267509344369
Overall,70,90,ReRZV_1d,2024,1,dN_VacZVL,1,1,1,1
Overall,70,90,ReRZV_1d,2024,1,dN_VacRZV,0.3873420089460723,0.38734213333075834,0.38733508918844584,0.38734841396801073
Overall,70,90,ReRZV_1d,2024,1,dN_VacZVL_d,1,1,1,1
Overall,70,90,ReRZV_1d,2024,1,dN_VacRZV_d,0.3873420089460723,0.38734213333075834,0.38733508918844584,0.38734841396801073
Overall,70,90,ReRZV_1d,2024,1,ICER,17023.35226901786,16974.200399464324,14090.335818640073,20305.18123314865
Overall,70,90,ReRZV_1d,2024,1,Price0,85,85,84.99999999999999,85.00000000000001
Overall,70,90,ReRZV_1d,2024,1,Thres20,428.6460920528485,426.58375880569827,364.1214103608529,502.9677139541589
Overall,70,90,ReRZV_1d,2024,1,Thres30,619.948073308059,616.8807794364947,526.0765602290369,729.5223783683903
Overall,70,90,ReRZV_1d,2024,1,Thres20_50,NA,426.58375880569827,NA,NA
Overall,70,90,ReRZV_1d,2024,1,Thres30_90,NA,552.1780245297804,NA,NA
Overall,70,90,ReRZV_1d,2024,1,Thres,NA,426.58375880569827,NA,NA
Overall,70,90,ReRZV_2d,2024,1,N0,1,1,1,1
Overall,70,90,ReRZV_2d,2024,1,dYear_Life,2.738634386351073e-4,2.723178221533118e-4,2.274702505869364e-4,3.274461787119875e-4
Overall,70,90,ReRZV_2d,2024,1,dYear_Immunised,5.97710242554478,5.973343156583177,5.3638912508524985,6.681023211356577
Overall,70,90,ReRZV_2d,2024,1,dRisk_HZ,-0.051476859041209556,-0.05131144555971192,-0.05793196196268226,-0.04563072013424998
Overall,70,90,ReRZV_2d,2024,1,dRisk_Hosp,-0.002329664459098108,-0.0023097270789229664,-0.002813999680430333,-0.0019069975302198078
Overall,70,90,ReRZV_2d,2024,1,dRisk_PHN,-0.003922427928241548,-0.003910807220788877,-0.004614001519338083,-0.0033141787024996644
Overall,70,90,ReRZV_2d,2024,1,dRisk_Death,-5.2047872478903426e-5,-5.182949577632927e-5,-6.217418702524866e-5,-4.3016256767657595e-5
Overall,70,90,ReRZV_2d,2024,1,dQ_Life,1.85550829990067e-4,1.8457445425568153e-4,1.5426717770248286e-4,2.2231277448971908e-4
Overall,70,90,ReRZV_2d,2024,1,dQ_HZ,0.007305200329141546,0.007264224842332306,0.006159841620265357,0.008636339633585115
Overall,70,90,ReRZV_2d,2024,1,dQ_HZ_Norm,0.002389034749751404,0.0023788229984998775,0.002015488083406475,0.0028119348568122564
Overall,70,90,ReRZV_2d,2024,1,dQ_All,0.0074850218803646125,0.007446507652001166,0.006325270605874911,0.008827900253376252
Overall,70,90,ReRZV_2d,2024,1,dQ_HZ_d,0.007305200329141546,0.007264224842332306,0.006159841620265357,0.008636339633585115
Overall,70,90,ReRZV_2d,2024,1,dQ_HZ_Norm_d,0.002389034749751404,0.0023788229984998775,0.002015488083406475,0.0028119348568122564
Overall,70,90,ReRZV_2d,2024,1,dQ_Life_d,1.85550829990067e-4,1.8457445425568153e-4,1.5426717770248286e-4,2.2231277448971908e-4
Overall,70,90,ReRZV_2d,2024,1,dQ_All_d,0.007490751159131614,0.007452196575249204,0.006331605782972227,0.008834252895557036
Overall,70,90,ReRZV_2d,2024,1,dC_Hosp,-10.220983470361375,-10.164452012458401,-12.508416012656427,-8.323224773085956
Overall,70,90,ReRZV_2d,2024,1,dC_GP_NonPHN,-5.778022653578939,-5.763181688318865,-6.502633960282829,-5.132087085430721
Overall,70,90,ReRZV_2d,2024,1,dC_GP_PHN,-2.138069162376535,-2.1300044742361157,-2.5343895223338446,-1.7838178538030114
Overall,70,90,ReRZV_2d,2024,1,dC_GP,-7.9160918159554745,-7.8868223807873,-8.974894027468814,-6.964019112618938
Overall,70,90,ReRZV_2d,2024,1,dC_Med,-18.13707528631685,-18.075758088371806,-21.12525562014673,-15.540283527775467
Overall,70,90,ReRZV_2d,2024,1,dC_VacZVL,110,110,110,110
Overall,70,90,ReRZV_2d,2024,1,dC_VacRZV,65.84814152083229,65.84816266622892,65.84696516203579,65.84923037456183
Overall,70,90,ReRZV_2d,2024,1,dC_Vac,175.84814152083229,175.84816266622892,175.8469651620358,175.8492303745618
Overall,70,90,ReRZV_2d,2024,1,dC_All,157.71106623451544,157.77206700487608,154.7233481480453,160.30668040758314
Overall,70,90,ReRZV_2d,2024,1,dC_Hosp_d,-10.220983470361375,-10.164452012458401,-12.508416012656427,-8.323224773085956
Overall,70,90,ReRZV_2d,2024,1,dC_GP_NonPHN_d,-5.778022653578939,-5.763181688318865,-6.502633960282829,-5.132087085430721
Overall,70,90,ReRZV_2d,2024,1,dC_GP_PHN_d,-2.138069162376535,-2.1300044742361157,-2.5343895223338446,-1.7838178538030114
Overall,70,90,ReRZV_2d,2024,1,dC_GP_d,-7.9160918159554745,-7.8868223807873,-8.974894027468814,-6.964019112618938
Overall,70,90,ReRZV_2d,2024,1,dC_Med_d,-18.13707528631685,-18.075758088371806,-21.12525562014673,-15.540283527775467
Overall,70,90,ReRZV_2d,2024,1,dC_VacZVL_d,110,110,110,110
Overall,70,90,ReRZV_2d,2024,1,dC_VacRZV_d,65.84814152083229,65.84816266622892,65.84696516203579,65.84923037456183
Overall,70,90,ReRZV_2d,2024,1,dC_Vac_d,175.84814152083229,175.84816266622892,175.8469651620358,175.8492303745618
Overall,70,90,ReRZV_2d,2024,1,dC_All_d,157.71106623451544,157.77206700487608,154.7233481480453,160.30668040758314
Overall,70,90,ReRZV_2d,2024,1,dN_VacZVL,1,1,1,1
Overall,70,90,ReRZV_2d,2024,1,dN_VacRZV,0.7746840178921446,0.7746842666615167,0.7746701783768917,0.7746968279360215
Overall,70,90,ReRZV_2d,2024,1,dN_VacZVL_d,1,1,1,1
Overall,70,90,ReRZV_2d,2024,1,dN_VacRZV_d,0.7746840178921446,0.7746842666615167,0.7746701783768917,0.7746968279360215
Overall,70,90,ReRZV_2d,2024,1,ICER,21223.068216828353,21150.38750454833,17613.345777050537,25170.945452693544
Overall,70,90,ReRZV_2d,2024,1,Price0,85,85,84.99999999999999,85.00000000000001
Overall,70,90,ReRZV_2d,2024,1,Thres20,216.80072906883052,215.94558017656163,184.70080304189688,254.242241476088
Overall,70,90,ReRZV_2d,2024,1,Thres30,313.49498468125563,312.2372321700853,266.20219747600987,368.0641558108032
Overall,70,90,ReRZV_2d,2024,1,Thres20_50,NA,215.94558017656163,NA,NA
Overall,70,90,ReRZV_2d,2024,1,Thres30_90,NA,280.033267639548,NA,NA
Overall,70,90,ReRZV_2d,2024,1,Thres,NA,215.94558017656163,NA,NA
Overall,70,91,ReRZV_1d,2024,1,N0,1,1,1,1
Overall,70,91,ReRZV_1d,2024,1,dYear_Life,2.3693991210920728e-4,2.354367913817157e-4,1.9224906209123205e-4,2.9072796836029365e-4
Overall,70,91,ReRZV_1d,2024,1,dYear_Immunised,5.6629621552651095,5.661996691144333,5.036431272516152,6.370714304573042
Overall,70,91,ReRZV_1d,2024,1,dRisk_HZ,-0.048559742082045304,-0.0484239724167576,-0.05507797707551187,-0.04257846129844456
Overall,70,91,ReRZV_1d,2024,1,dRisk_Hosp,-0.0020584347737441517,-0.0020449286731217616,-0.0025167490247287,-0.0016631024157726959
Overall,70,91,ReRZV_1d,2024,1,dRisk_PHN,-0.003668744723048487,-0.0036591828597478107,-0.004353065398513598,-0.003048140203392684
Overall,70,91,ReRZV_1d,2024,1,dRisk_Death,-4.377888039046649e-5,-4.361873922329885e-5,-5.322373549564635e-5,-3.562421521731746e-5
Overall,70,91,ReRZV_1d,2024,1,dQ_Life,1.6107353731825125e-4,1.5998782851767146e-4,1.3080390700079825e-4,1.9785681400565913e-4
Overall,70,91,ReRZV_1d,2024,1,dQ_HZ,0.006840839876653042,0.006801524676959852,0.005727880897331702,0.008149444035399734
Overall,70,91,ReRZV_1d,2024,1,dQ_HZ_Norm,0.002260118950165536,0.0022517933095177254,0.0018958359316270845,0.0026774703418806986
Overall,70,91,ReRZV_1d,2024,1,dQ_All,0.00699678796834785,0.0069557415644574405,0.005868197794444185,0.008326723856717821
Overall,70,91,ReRZV_1d,2024,1,dQ_HZ_d,0.006840839876653042,0.006801524676959852,0.005727880897331702,0.008149444035399734
Overall,70,91,ReRZV_1d,2024,1,dQ_HZ_Norm_d,0.002260118950165536,0.0022517933095177254,0.0018958359316270845,0.0026774703418806986
Overall,70,91,ReRZV_1d,2024,1,dQ_Life_d,1.6107353731825125e-4,1.5998782851767146e-4,1.3080390700079825e-4,1.9785681400565913e-4
Overall,70,91,ReRZV_1d,2024,1,dQ_All_d,0.00700191341397129,0.006960749957357848,0.005872935315593652,0.008332221658272852
Overall,70,91,ReRZV_1d,2024,1,dC_Hosp,-8.967421751706574,-8.915595893889165,-11.05636726922957,-7.195799307764436
Overall,70,91,ReRZV_1d,2024,1,dC_GP_NonPHN,-5.470093781563263,-5.454380000422128,-6.203100953804498,-4.80963346922923
Overall,70,91,ReRZV_1d,2024,1,dC_GP_PHN,-2.00596146697155,-1.9998787044907065,-2.3998084359990832,-1.6505064381457237
Overall,70,91,ReRZV_1d,2024,1,dC_GP,-7.476055248534813,-7.4494217131072675,-8.535834985083067,-6.496508730095905
Overall,70,91,ReRZV_1d,2024,1,dC_Med,-16.443477000241387,-16.38872427463361,-19.33574314927762,-13.907872118068086
Overall,70,91,ReRZV_1d,2024,1,dC_VacZVL,110,110,110,110
Overall,70,91,ReRZV_1d,2024,1,dC_VacRZV,28.751393021185837,28.75140113633894,28.750729530744426,28.75198979938004
Overall,70,91,ReRZV_1d,2024,1,dC_Vac,138.75139302118583,138.75140113633893,138.75072953074442,138.75198979938006
Overall,70,91,ReRZV_1d,2024,1,dC_All,122.30791602094445,122.36295774171238,119.41585997724457,124.84318036884981
Overall,70,91,ReRZV_1d,2024,1,dC_Hosp_d,-8.967421751706574,-8.915595893889165,-11.05636726922957,-7.195799307764436
Overall,70,91,ReRZV_1d,2024,1,dC_GP_NonPHN_d,-5.470093781563263,-5.454380000422128,-6.203100953804498,-4.80963346922923
Overall,70,91,ReRZV_1d,2024,1,dC_GP_PHN_d,-2.00596146697155,-1.9998787044907065,-2.3998084359990832,-1.6505064381457237
Overall,70,91,ReRZV_1d,2024,1,dC_GP_d,-7.476055248534813,-7.4494217131072675,-8.535834985083067,-6.496508730095905
Overall,70,91,ReRZV_1d,2024,1,dC_Med_d,-16.443477000241387,-16.38872427463361,-19.33574314927762,-13.907872118068086
Overall,70,91,ReRZV_1d,2024,1,dC_VacZVL_d,110,110,110,110
Overall,70,91,ReRZV_1d,2024,1,dC_VacRZV_d,28.751393021185837,28.75140113633894,28.750729530744426,28.75198979938004
Overall,70,91,ReRZV_1d,2024,1,dC_Vac_d,138.75139302118583,138.75140113633893,138.75072953074442,138.75198979938006
Overall,70,91,ReRZV_1d,2024,1,dC_All_d,122.30791602094445,122.36295774171238,119.41585997724457,124.84318036884981
Overall,70,91,ReRZV_1d,2024,1,dN_VacZVL,1,1,1,1
Overall,70,91,ReRZV_1d,2024,1,dN_VacRZV,0.3382516826021863,0.3382517780745758,0.3382438768322874,0.3382587035221181
Overall,70,91,ReRZV_1d,2024,1,dN_VacZVL_d,1,1,1,1
Overall,70,91,ReRZV_1d,2024,1,dN_VacRZV_d,0.3382516826021863,0.3382517780745758,0.3382438768322874,0.3382587035221181
Overall,70,91,ReRZV_1d,2024,1,ICER,17624.823464190722,17560.142203070718,14479.420518362307,21109.626091592203
Overall,70,91,ReRZV_1d,2024,1,Price0,85,85,85,85
Overall,70,91,ReRZV_1d,2024,1,Thres20,462.6191277281619,460.31059589568065,390.8147586617689,546.5257430208416
Overall,70,91,ReRZV_1d,2024,1,Thres30,669.6221283251588,666.1833169947827,565.3628259934621,793.5962681314788
Overall,70,91,ReRZV_1d,2024,1,Thres20_50,NA,460.31059589568065,NA,NA
Overall,70,91,ReRZV_1d,2024,1,Thres30_90,NA,593.7951102796831,NA,NA
Overall,70,91,ReRZV_1d,2024,1,Thres,NA,460.31059589568065,NA,NA
Overall,70,91,ReRZV_2d,2024,1,N0,1,1,1,1
Overall,70,91,ReRZV_2d,2024,1,dYear_Life,2.4063962851727182e-4,2.388265543782353e-4,1.9686983862428063e-4,2.934385048346754e-4
Overall,70,91,ReRZV_2d,2024,1,dYear_Immunised,5.705340305471624,5.6985961956914775,5.09586491060335,6.429910565651902
Overall,70,91,ReRZV_2d,2024,1,dRisk_HZ,-0.048939762847059545,-0.04878389408944503,-0.055595910423254784,-0.043065308586786734
Overall,70,91,ReRZV_2d,2024,1,dRisk_Hosp,-0.0020989775657467217,-0.0020836714662154534,-0.0025606147164687378,-0.0017146714399867875
Overall,70,91,ReRZV_2d,2024,1,dRisk_PHN,-0.0037001742909044373,-0.0036855919927821397,-0.004384811766216799,-0.0030967835877444665
Overall,70,91,ReRZV_2d,2024,1,dRisk_Death,-4.489340872860128e-5,-4.4684414403890605e-5,-5.418740153501178e-5,-3.683902530984291e-5
Overall,70,91,ReRZV_2d,2024,1,dQ_Life,1.634323130960933e-4,1.6230511090675748e-4,1.333243369990189e-4,1.9958462868054913e-4
Overall,70,91,ReRZV_2d,2024,1,dQ_HZ,0.006902664408776955,0.006865736224122181,0.0057924350233964535,0.008197238914465355
Overall,70,91,ReRZV_2d,2024,1,dQ_HZ_Norm,0.0022767403575823623,0.0022652656260067627,0.0019098752960844416,0.0026932689998371193
Overall,70,91,ReRZV_2d,2024,1,dQ_All,0.007060792725737566,0.007022436362708717,0.005932469706742128,0.0083719046429656
Overall,70,91,ReRZV_2d,2024,1,dQ_HZ_d,0.006902664408776955,0.006865736224122181,0.0057924350233964535,0.008197238914465355
Overall,70,91,ReRZV_2d,2024,1,dQ_HZ_Norm_d,0.0022767403575823623,0.0022652656260067627,0.0019098752960844416,0.0026932689998371193
Overall,70,91,ReRZV_2d,2024,1,dQ_Life_d,1.634323130960933e-4,1.6230511090675748e-4,1.333243369990189e-4,1.9958462868054913e-4
Overall,70,91,ReRZV_2d,2024,1,dQ_All_d,0.0070660967218730535,0.0070276839959380055,0.0059375817339108565,0.0083778299252792
Overall,70,91,ReRZV_2d,2024,1,dC_Hosp,-9.15882077931561,-9.114423228389075,-11.258131424899457,-7.423420546239885
Overall,70,91,ReRZV_2d,2024,1,dC_GP_NonPHN,-5.509196084817703,-5.492015591170073,-6.2434528511327265,-4.857628108990727
Overall,70,91,ReRZV_2d,2024,1,dC_GP_PHN,-2.0218730040019453,-2.015665645478966,-2.4157962613628103,-1.6642977115984934
Overall,70,91,ReRZV_2d,2024,1,dC_GP,-7.531069088819648,-7.501921651955735,-8.603564441200627,-6.573819680049796
Overall,70,91,ReRZV_2d,2024,1,dC_Med,-16.689889868135257,-16.600728880427415,-19.530009186330325,-14.262617106616899
Overall,70,91,ReRZV_2d,2024,1,dC_VacZVL,110,110,110,110
Overall,70,91,ReRZV_2d,2024,1,dC_VacRZV,57.502786042371675,57.50280227267788,57.50145906148885,57.50397959876008
Overall,70,91,ReRZV_2d,2024,1,dC_Vac,167.50278604237167,167.50280227267788,167.50145906148887,167.50397959876008
Overall,70,91,ReRZV_2d,2024,1,dC_All,150.8128961742364,150.90208059441176,147.97190011861036,153.2389050291819
Overall,70,91,ReRZV_2d,2024,1,dC_Hosp_d,-9.15882077931561,-9.114423228389075,-11.258131424899457,-7.423420546239885
Overall,70,91,ReRZV_2d,2024,1,dC_GP_NonPHN_d,-5.509196084817703,-5.492015591170073,-6.2434528511327265,-4.857628108990727
Overall,70,91,ReRZV_2d,2024,1,dC_GP_PHN_d,-2.0218730040019453,-2.015665645478966,-2.4157962613628103,-1.6642977115984934
Overall,70,91,ReRZV_2d,2024,1,dC_GP_d,-7.531069088819648,-7.501921651955735,-8.603564441200627,-6.573819680049796
Overall,70,91,ReRZV_2d,2024,1,dC_Med_d,-16.689889868135257,-16.600728880427415,-19.530009186330325,-14.262617106616899
Overall,70,91,ReRZV_2d,2024,1,dC_VacZVL_d,110,110,110,110
Overall,70,91,ReRZV_2d,2024,1,dC_VacRZV_d,57.502786042371675,57.50280227267788,57.50145906148885,57.50397959876008
Overall,70,91,ReRZV_2d,2024,1,dC_Vac_d,167.50278604237167,167.50280227267788,167.50145906148887,167.50397959876008
Overall,70,91,ReRZV_2d,2024,1,dC_All_d,150.8128961742364,150.90208059441176,147.97190011861036,153.2389050291819
Overall,70,91,ReRZV_2d,2024,1,dN_VacZVL,1,1,1,1
Overall,70,91,ReRZV_2d,2024,1,dN_VacRZV,0.6765033652043726,0.6765035561491516,0.6764877536645748,0.6765174070442362
Overall,70,91,ReRZV_2d,2024,1,dN_VacZVL_d,1,1,1,1
Overall,70,91,ReRZV_2d,2024,1,dN_VacRZV_d,0.6765033652043726,0.6765035561491516,0.6764877536645748,0.6765174070442362
Overall,70,91,ReRZV_2d,2024,1,ICER,21528.12624007024,21463.891566016668,17745.648749826694,25709.913659078076
Overall,70,91,ReRZV_2d,2024,1,Price0,85,85,85,85
Overall,70,91,ReRZV_2d,2024,1,Thres20,233.571309614451,232.37472915794712,197.56810222302573,275.39471259928
Overall,70,91,ReRZV_2d,2024,1,Thres30,338.0215604155796,336.25132878501586,285.3866168561564,399.34939807352646
Overall,70,91,ReRZV_2d,2024,1,Thres20_50,NA,232.37472915794712,NA,NA
Overall,70,91,ReRZV_2d,2024,1,Thres30_90,NA,300.3799239264279,NA,NA
Overall,70,91,ReRZV_2d,2024,1,Thres,NA,232.37472915794712,NA,NA
Overall,70,92,ReRZV_1d,2024,1,N0,1,1,1,1
Overall,70,92,ReRZV_1d,2024,1,dYear_Life,2.1124624796912527e-4,2.0980865206254862e-4,1.686348588117781e-4,2.6376951373405786e-4
Overall,70,92,ReRZV_1d,2024,1,dYear_Immunised,5.435229439353611,5.433931896349446,4.798404552208606,6.159338021377029
Overall,70,92,ReRZV_1d,2024,1,dRisk_HZ,-0.04645316851181084,-0.04635100779213897,-0.053104093271597284,-0.040459069404158436
Overall,70,92,ReRZV_1d,2024,1,dRisk_Hosp,-0.0018525721819331567,-0.0018414036054022068,-0.0022927635346428007,-0.0014872719735189073
Overall,70,92,ReRZV_1d,2024,1,dRisk_PHN,-0.0034848262933815763,-0.0034676292555757488,-0.004170675583631027,-0.002888286295653884
Overall,70,92,ReRZV_1d,2024,1,dRisk_Death,-3.778321740138204e-5,-3.765185110464953e-5,-4.67041269317714e-5,-3.0178762092436444e-5
Overall,70,92,ReRZV_1d,2024,1,dQ_Life,1.4411360136468688e-4,1.4330000149431754e-4,1.1464594580230525e-4,1.7990152003206637e-4
Overall,70,92,ReRZV_1d,2024,1,dQ_HZ,0.006502635478813866,0.006457494103844924,0.0054203390353653345,0.007770024328162243
Overall,70,92,ReRZV_1d,2024,1,dQ_HZ_Norm,0.002166870994378466,0.0021561146920949263,0.0018079713256850267,0.0025798038777606297
Overall,70,92,ReRZV_1d,2024,1,dQ_All,0.0066420545699425295,0.006596025957557927,0.005544181755084532,0.007941382845642586
Overall,70,92,ReRZV_1d,2024,1,dQ_HZ_d,0.006502635478813866,0.006457494103844924,0.0054203390353653345,0.007770024328162243
Overall,70,92,ReRZV_1d,2024,1,dQ_HZ_Norm_d,0.002166870994378466,0.0021561146920949263,0.0018079713256850267,0.0025798038777606297
Overall,70,92,ReRZV_1d,2024,1,dQ_Life_d,1.4411360136468688e-4,1.4330000149431754e-4,1.1464594580230525e-4,1.7990152003206637e-4
Overall,70,92,ReRZV_1d,2024,1,dQ_All_d,0.0066467490801785725,0.006600541489987677,0.005548552816482877,0.007945690590440656
Overall,70,92,ReRZV_1d,2024,1,dC_Hosp,-8.007591594515675,-7.927296037495582,-9.974977815007922,-6.33322069807807
Overall,70,92,ReRZV_1d,2024,1,dC_GP_NonPHN,-5.248420070810614,-5.230563579512312,-5.995035406763661,-4.591630225577073
Overall,70,92,ReRZV_1d,2024,1,dC_GP_PHN,-1.9105113738125583,-1.9049716751981887,-2.2998389861770985,-1.562247850968717
Overall,70,92,ReRZV_1d,2024,1,dC_GP,-7.158931444623172,-7.131712439384167,-8.23699260461462,-6.185993381200748
Overall,70,92,ReRZV_1d,2024,1,dC_Med,-15.166523039138847,-15.098887749992432,-18.01440759401548,-12.740811239920294
Overall,70,92,ReRZV_1d,2024,1,dC_VacZVL,110,110,110,110
Overall,70,92,ReRZV_1d,2024,1,dC_VacRZV,24.691716732444302,24.69172281280666,24.690999769340177,24.69233963289613
Overall,70,92,ReRZV_1d,2024,1,dC_Vac,134.6917167324443,134.69172281280666,134.69099976934018,134.69233963289614
Overall,70,92,ReRZV_1d,2024,1,dC_All,119.52519369330545,119.59266342924317,116.67767671494832,121.9504993091448
Overall,70,92,ReRZV_1d,2024,1,dC_Hosp_d,-8.007591594515675,-7.927296037495582,-9.974977815007922,-6.33322069807807
Overall,70,92,ReRZV_1d,2024,1,dC_GP_NonPHN_d,-5.248420070810614,-5.230563579512312,-5.995035406763661,-4.591630225577073
Overall,70,92,ReRZV_1d,2024,1,dC_GP_PHN_d,-1.9105113738125583,-1.9049716751981887,-2.2998389861770985,-1.562247850968717
Overall,70,92,ReRZV_1d,2024,1,dC_GP_d,-7.158931444623172,-7.131712439384167,-8.23699260461462,-6.185993381200748
Overall,70,92,ReRZV_1d,2024,1,dC_Med_d,-15.166523039138847,-15.098887749992432,-18.01440759401548,-12.740811239920294
Overall,70,92,ReRZV_1d,2024,1,dC_VacZVL_d,110,110,110,110
Overall,70,92,ReRZV_1d,2024,1,dC_VacRZV_d,24.691716732444302,24.69172281280666,24.690999769340177,24.69233963289613
Overall,70,92,ReRZV_1d,2024,1,dC_Vac_d,134.6917167324443,134.69172281280666,134.69099976934018,134.69233963289614
Overall,70,92,ReRZV_1d,2024,1,dC_All_d,119.52519369330545,119.59266342924317,116.67767671494832,121.9504993091448
Overall,70,92,ReRZV_1d,2024,1,dN_VacZVL,1,1,1,1
Overall,70,92,ReRZV_1d,2024,1,dN_VacRZV,0.29049078508758003,0.2904908566212548,0.2904823502275315,0.29049811332818976
Overall,70,92,ReRZV_1d,2024,1,dN_VacZVL_d,1,1,1,1
Overall,70,92,ReRZV_1d,2024,1,dN_VacRZV_d,0.29049078508758003,0.2904908566212548,0.2904823502275315,0.29049811332818976
Overall,70,92,ReRZV_1d,2024,1,ICER,18155.04520139378,18099.214538354703,14788.966287616226,21839.017149487583
Overall,70,92,ReRZV_1d,2024,1,Price0,85,85,85,85
Overall,70,92,ReRZV_1d,2024,1,Thres20,509.83183140163624,506.8480425755708,428.7203552151962,607.0898312280763
Overall,70,92,ReRZV_1d,2024,1,Thres30,738.6427591245348,733.8723693711818,618.965941145411,881.4033260344789
Overall,70,92,ReRZV_1d,2024,1,Thres20_50,NA,506.8480425755708,NA,NA
Overall,70,92,ReRZV_1d,2024,1,Thres30_90,NA,652.8963465434858,NA,NA
Overall,70,92,ReRZV_1d,2024,1,Thres,NA,506.8480425755708,NA,NA
Overall,70,92,ReRZV_2d,2024,1,N0,1,1,1,1
Overall,70,92,ReRZV_2d,2024,1,dYear_Life,2.1391372245622975e-4,2.123003150344971e-4,1.712215119545668e-4,2.656216886482098e-4
Overall,70,92,ReRZV_2d,2024,1,dYear_Immunised,5.468407044176563,5.457379997449911,4.846874548138491,6.187129731337168
Overall,70,92,ReRZV_2d,2024,1,dRisk_HZ,-0.04674811207633824,-0.046599720651193,-0.05352684611901201,-0.040862360788544036
Overall,70,92,ReRZV_2d,2024,1,dRisk_Hosp,-0.001884780452223807,-0.0018743862347374977,-0.002321687034623838,-0.0015230676963016207
Overall,70,92,ReRZV_2d,2024,1,dRisk_PHN,-0.00350885068810392,-0.0034924056852290624,-0.004209127871524903,-0.002913418268077774
Overall,70,92,ReRZV_2d,2024,1,dRisk_Death,-3.8655782455453154e-5,-3.8404523489575886e-5,-4.724850042713428e-5,-3.127703363588419e-5
Overall,70,92,ReRZV_2d,2024,1,dQ_Life,1.4579137420434575e-4,1.4461186442815688e-4,1.1657457268543503e-4,1.818682919985548e-4
Overall,70,92,ReRZV_2d,2024,1,dQ_HZ,0.006550784830238801,0.006509340750508894,0.0054631172119625135,0.007816879269649921
Overall,70,92,ReRZV_2d,2024,1,dQ_HZ_Norm,0.002179721861865298,0.002169808100553543,0.0018212198462929617,0.0025879744380228123
Overall,70,92,ReRZV_2d,2024,1,dQ_All,0.00669172096002551,0.006655046308758905,0.005587239294304513,0.007980372115288369
Overall,70,92,ReRZV_2d,2024,1,dQ_HZ_d,0.006550784830238801,0.006509340750508894,0.0054631172119625135,0.007816879269649921
Overall,70,92,ReRZV_2d,2024,1,dQ_HZ_Norm_d,0.002179721861865298,0.002169808100553543,0.0018212198462929617,0.0025879744380228123
Overall,70,92,ReRZV_2d,2024,1,dQ_Life_d,1.4579137420434575e-4,1.4461186442815688e-4,1.1657457268543503e-4,1.818682919985548e-4
Overall,70,92,ReRZV_2d,2024,1,dQ_All_d,0.006696576204443137,0.006659597215486812,0.005591935930802806,0.007985288077021212
Overall,70,92,ReRZV_2d,2024,1,dC_Hosp,-8.160137410755379,-8.098455462853437,-10.156912093570044,-6.530902220508512
Overall,70,92,ReRZV_2d,2024,1,dC_GP_NonPHN,-5.278574185789378,-5.264054950554387,-6.028446036876135,-4.617940976481352
Overall,70,92,ReRZV_2d,2024,1,dC_GP_PHN,-1.9225828607861495,-1.915741983634934,-2.3142998613508334,-1.5749695977083344
Overall,70,92,ReRZV_2d,2024,1,dC_GP,-7.201157046575528,-7.176830781348059,-8.299745206507655,-6.2568176133577484
Overall,70,92,ReRZV_2d,2024,1,dC_Med,-15.361294457330906,-15.275893622246468,-18.15543007565721,-13.019006550339581
Overall,70,92,ReRZV_2d,2024,1,dC_VacZVL,110,110,110,110
Overall,70,92,ReRZV_2d,2024,1,dC_VacRZV,49.383433464888604,49.38344562561332,49.381999538680354,49.38467926579226
Overall,70,92,ReRZV_2d,2024,1,dC_Vac,159.3834334648886,159.38344562561332,159.38199953868036,159.38467926579224
Overall,70,92,ReRZV_2d,2024,1,dC_All,144.02213900755768,144.1077725825238,141.22723888689578,146.363493597367
Overall,70,92,ReRZV_2d,2024,1,dC_Hosp_d,-8.160137410755379,-8.098455462853437,-10.156912093570044,-6.530902220508512
Overall,70,92,ReRZV_2d,2024,1,dC_GP_NonPHN_d,-5.278574185789378,-5.264054950554387,-6.028446036876135,-4.617940976481352
Overall,70,92,ReRZV_2d,2024,1,dC_GP_PHN_d,-1.9225828607861495,-1.915741983634934,-2.3142998613508334,-1.5749695977083344
Overall,70,92,ReRZV_2d,2024,1,dC_GP_d,-7.201157046575528,-7.176830781348059,-8.299745206507655,-6.2568176133577484
Overall,70,92,ReRZV_2d,2024,1,dC_Med_d,-15.361294457330906,-15.275893622246468,-18.15543007565721,-13.019006550339581
Overall,70,92,ReRZV_2d,2024,1,dC_VacZVL_d,110,110,110,110
Overall,70,92,ReRZV_2d,2024,1,dC_VacRZV_d,49.383433464888604,49.38344562561332,49.381999538680354,49.38467926579226
Overall,70,92,ReRZV_2d,2024,1,dC_Vac_d,159.3834334648886,159.38344562561332,159.38199953868036,159.38467926579224
Overall,70,92,ReRZV_2d,2024,1,dC_All_d,144.02213900755768,144.1077725825238,141.22723888689578,146.363493597367
Overall,70,92,ReRZV_2d,2024,1,dN_VacZVL,1,1,1,1
Overall,70,92,ReRZV_2d,2024,1,dN_VacRZV,0.5809815701751601,0.5809817132425096,0.580964700455063,0.5809962266563795
Overall,70,92,ReRZV_2d,2024,1,dN_VacZVL_d,1,1,1,1
Overall,70,92,ReRZV_2d,2024,1,dN_VacRZV_d,0.5809815701751601,0.5809817132425096,0.580964700455063,0.5809962266563795
Overall,70,92,ReRZV_2d,2024,1,ICER,21707.33228665402,21664.751392814585,17757.704854552325,26027.854205755266
Overall,70,92,ReRZV_2d,2024,1,Price0,85,85,85,85
Overall,70,92,ReRZV_2d,2024,1,Thres20,256.96643426984036,255.26302565898467,216.16346931316488,305.1806548754297
Overall,70,92,ReRZV_2d,2024,1,Thres30,372.2295347599762,369.6807992048448,312.84177650524515,443.9080144350338
Overall,70,92,ReRZV_2d,2024,1,Thres20_50,NA,255.26302565898467,NA,NA
Overall,70,92,ReRZV_2d,2024,1,Thres30_90,NA,329.0232040933917,NA,NA
Overall,70,92,ReRZV_2d,2024,1,Thres,NA,255.26302565898467,NA,NA
Overall,70,93,ReRZV_1d,2024,1,N0,1,1,1,1
Overall,70,93,ReRZV_1d,2024,1,dYear_Life,1.9103099817202463e-4,1.8946251352325305e-4,1.4917894522321619e-4,2.4251259165470885e-4
Overall,70,93,ReRZV_1d,2024,1,dYear_Immunised,5.240546721033582,5.231309766472034,4.596291364917235,5.970903464093779
Overall,70,93,ReRZV_1d,2024,1,dRisk_HZ,-0.044671812805632566,-0.04451727251516927,-0.05146931976569743,-0.038711755338608496
Overall,70,93,ReRZV_1d,2024,1,dRisk_Hosp,-0.0016699907232023226,-0.00166170229340917,-0.0021069412188550957,-0.0013150950015322605
Overall,70,93,ReRZV_1d,2024,1,dRisk_PHN,-0.0033335974569579764,-0.003315143421592147,-0.004017559425417092,-0.002742021086949393
Overall,70,93,ReRZV_1d,2024,1,dRisk_Death,-3.2657625866812284e-5,-3.2466526762163827e-5,-4.112165455297573e-5,-2.5690383243641767e-5
Overall,70,93,ReRZV_1d,2024,1,dQ_Life,1.3089941578616493e-4,1.2978313580180867e-4,1.0202102647145494e-4,1.6635224262686595e-4
Overall,70,93,ReRZV_1d,2024,1,dQ_HZ,0.006213229838091467,0.00616636483373076,0.005161127435734026,0.007473819597302778
Overall,70,93,ReRZV_1d,2024,1,dQ_HZ_Norm,0.002087978530288853,0.002078082454507617,0.0017359288599815932,0.00249265346980413
Overall,70,93,ReRZV_1d,2024,1,dQ_All,0.006339889792778172,0.006295419271771685,0.0052668449515151485,0.007625463123694275
Overall,70,93,ReRZV_1d,2024,1,dQ_HZ_d,0.006213229838091467,0.00616636483373076,0.005161127435734026,0.007473819597302778
Overall,70,93,ReRZV_1d,2024,1,dQ_HZ_Norm_d,0.002087978530288853,0.002078082454507617,0.0017359288599815932,0.00249265346980413
Overall,70,93,ReRZV_1d,2024,1,dQ_Life_d,1.3089941578616493e-4,1.2978313580180867e-4,1.0202102647145494e-4,1.6635224262686595e-4
Overall,70,93,ReRZV_1d,2024,1,dQ_All_d,0.006344129253877637,0.006299716545738576,0.00527060315626815,0.007630083955083799
Overall,70,93,ReRZV_1d,2024,1,dC_Hosp,-7.145588089945214,-7.084718093861374,-9.027341480933062,-5.5292555245882635
Overall,70,93,ReRZV_1d,2024,1,dC_GP_NonPHN,-5.061413355080964,-5.045554698426345,-5.818457156109563,-4.39733128532744
Overall,70,93,ReRZV_1d,2024,1,dC_GP_PHN,-1.832384827963794,-1.8284436526712913,-2.218759412884821,-1.4895025490932585
Overall,70,93,ReRZV_1d,2024,1,dC_GP,-6.8937981830447574,-6.86768579404507,-7.997329813939918,-5.933788286485119
Overall,70,93,ReRZV_1d,2024,1,dC_Med,-14.03938627298997,-13.98688529777533,-16.833921226808233,-11.668931878945719
Overall,70,93,ReRZV_1d,2024,1,dC_VacZVL,110,110,110,110
Overall,70,93,ReRZV_1d,2024,1,dC_VacRZV,20.81515282781513,20.815159032788458,20.81441438901999,20.815777785908416
Overall,70,93,ReRZV_1d,2024,1,dC_Vac,130.81515282781513,130.81515903278844,130.81441438902002,130.8157777859084
Overall,70,93,ReRZV_1d,2024,1,dC_All,116.77576655482515,116.82810167677188,113.98160964048662,119.14610746982098
Overall,70,93,ReRZV_1d,2024,1,dC_Hosp_d,-7.145588089945214,-7.084718093861374,-9.027341480933062,-5.5292555245882635
Overall,70,93,ReRZV_1d,2024,1,dC_GP_NonPHN_d,-5.061413355080964,-5.045554698426345,-5.818457156109563,-4.39733128532744
Overall,70,93,ReRZV_1d,2024,1,dC_GP_PHN_d,-1.832384827963794,-1.8284436526712913,-2.218759412884821,-1.4895025490932585
Overall,70,93,ReRZV_1d,2024,1,dC_GP_d,-6.8937981830447574,-6.86768579404507,-7.997329813939918,-5.933788286485119
Overall,70,93,ReRZV_1d,2024,1,dC_Med_d,-14.03938627298997,-13.98688529777533,-16.833921226808233,-11.668931878945719
Overall,70,93,ReRZV_1d,2024,1,dC_VacZVL_d,110,110,110,110
Overall,70,93,ReRZV_1d,2024,1,dC_VacRZV_d,20.81515282781513,20.815159032788458,20.81441438901999,20.815777785908416
Overall,70,93,ReRZV_1d,2024,1,dC_Vac_d,130.81515282781513,130.81515903278844,130.81441438902002,130.8157777859084
Overall,70,93,ReRZV_1d,2024,1,dC_All_d,116.77576655482515,116.82810167677188,113.98160964048662,119.14610746982098
Overall,70,93,ReRZV_1d,2024,1,dN_VacZVL,1,1,1,1
Overall,70,93,ReRZV_1d,2024,1,dN_VacRZV,0.2448841509154721,0.2448842239151583,0.2448754634002352,0.24489150336362842
Overall,70,93,ReRZV_1d,2024,1,dN_VacZVL_d,1,1,1,1
Overall,70,93,ReRZV_1d,2024,1,dN_VacRZV_d,0.2448841509154721,0.2448842239151583,0.2448754634002352,0.24489150336362842
Overall,70,93,ReRZV_1d,2024,1,ICER,18595.332229864925,18533.902383899036,15033.16399841038,22488.2684710728
Overall,70,93,ReRZV_1d,2024,1,Price0,85,85,85,85
Overall,70,93,ReRZV_1d,2024,1,Thres20,575.4635666497107,571.8110606504298,480.50804985332985,688.4172642806233
Overall,70,93,ReRZV_1d,2024,1,Thres30,834.530001140399,828.5898867283759,695.9594342873017,1000.130470591188
Overall,70,93,ReRZV_1d,2024,1,Thres20_50,NA,571.8110606504298,NA,NA
Overall,70,93,ReRZV_1d,2024,1,Thres30_90,NA,733.5759729660799,NA,NA
Overall,70,93,ReRZV_1d,2024,1,Thres,NA,571.8110606504298,NA,NA
Overall,70,93,ReRZV_2d,2024,1,N0,1,1,1,1
Overall,70,93,ReRZV_2d,2024,1,dYear_Life,1.9289246587007015e-4,1.9131941047412226e-4,1.512856498646187e-4,2.442865921817194e-4
Overall,70,93,ReRZV_2d,2024,1,dYear_Immunised,5.2659220489236285,5.249733482973764,4.639385631790166,5.991959537950219
Overall,70,93,ReRZV_2d,2024,1,dRisk_HZ,-0.04489546055905868,-0.04475585071364698,-0.05180589137325689,-0.03895543105647676
Overall,70,93,ReRZV_2d,2024,1,dRisk_Hosp,-0.001694922209385829,-0.001681993220298032,-0.002127414335838537,-0.001341098105161837
Overall,70,93,ReRZV_2d,2024,1,dRisk_PHN,-0.003351594131898851,-0.0033344342514466108,-0.00404034941721144,-0.002763551949251291
Overall,70,93,ReRZV_2d,2024,1,dRisk_Death,-3.332499816529081e-5,-3.3085614053262345e-5,-4.156119623129987e-5,-2.6500836903912362e-5
Overall,70,93,ReRZV_2d,2024,1,dQ_Life,1.320506023397403e-4,1.309511435172439e-4,1.0337065906331765e-4,1.6746341615649915e-4
Overall,70,93,ReRZV_2d,2024,1,dQ_HZ,0.0062497839691152525,0.00621058917878815,0.005193184588615224,0.007515887508709005
Overall,70,93,ReRZV_2d,2024,1,dQ_HZ_Norm,0.0020976678811766704,0.002088212504553852,0.001748389746274121,0.0024984449777634616
Overall,70,93,ReRZV_2d,2024,1,dQ_All,0.006377452946207359,0.006337916449843384,0.005308759474988589,0.007655726176638033
Overall,70,93,ReRZV_2d,2024,1,dQ_HZ_d,0.0062497839691152525,0.00621058917878815,0.005193184588615224,0.007515887508709005
Overall,70,93,ReRZV_2d,2024,1,dQ_HZ_Norm_d,0.0020976678811766704,0.002088212504553852,0.001748389746274121,0.0024984449777634616
Overall,70,93,ReRZV_2d,2024,1,dQ_Life_d,1.320506023397403e-4,1.309511435172439e-4,1.0337065906331765e-4,1.6746341615649915e-4
Overall,70,93,ReRZV_2d,2024,1,dQ_All_d,0.006381834571455005,0.0063419127515347284,0.0053129959526964305,0.007660202720226738
Overall,70,93,ReRZV_2d,2024,1,dC_Hosp,-7.263789381697936,-7.205303222811288,-9.162800638733255,-5.6511895054157755
Overall,70,93,ReRZV_2d,2024,1,dC_GP_NonPHN,-5.0840806556252085,-5.066457047527176,-5.851635678822703,-4.412413516080847
Overall,70,93,ReRZV_2d,2024,1,dC_GP_PHN,-1.8413430241010658,-1.8352953453940475,-2.230881948770677,-1.4987524609744163
Overall,70,93,ReRZV_2d,2024,1,dC_GP,-6.925423679726274,-6.899666852048185,-8.037382562913516,-5.967820543282783
Overall,70,93,ReRZV_2d,2024,1,dC_Med,-14.18921306142421,-14.107988318607944,-16.99844502921428,-11.868632137344031
Overall,70,93,ReRZV_2d,2024,1,dC_VacZVL,110,110,110,110
Overall,70,93,ReRZV_2d,2024,1,dC_VacRZV,41.63030565563026,41.630318065576915,41.62882877803998,41.63155557181683
Overall,70,93,ReRZV_2d,2024,1,dC_Vac,151.63030565563025,151.63031806557692,151.62882877804,151.63155557181682
Overall,70,93,ReRZV_2d,2024,1,dC_All,137.44109259420605,137.52246688835973,134.63238871610451,139.76100169245478
Overall,70,93,ReRZV_2d,2024,1,dC_Hosp_d,-7.263789381697936,-7.205303222811288,-9.162800638733255,-5.6511895054157755
Overall,70,93,ReRZV_2d,2024,1,dC_GP_NonPHN_d,-5.0840806556252085,-5.066457047527176,-5.851635678822703,-4.412413516080847
Overall,70,93,ReRZV_2d,2024,1,dC_GP_PHN_d,-1.8413430241010658,-1.8352953453940475,-2.230881948770677,-1.4987524609744163
Overall,70,93,ReRZV_2d,2024,1,dC_GP_d,-6.925423679726274,-6.899666852048185,-8.037382562913516,-5.967820543282783
Overall,70,93,ReRZV_2d,2024,1,dC_Med_d,-14.18921306142421,-14.107988318607944,-16.99844502921428,-11.868632137344031
Overall,70,93,ReRZV_2d,2024,1,dC_VacZVL_d,110,110,110,110
Overall,70,93,ReRZV_2d,2024,1,dC_VacRZV_d,41.63030565563026,41.630318065576915,41.62882877803998,41.63155557181683
Overall,70,93,ReRZV_2d,2024,1,dC_Vac_d,151.63030565563025,151.63031806557692,151.62882877804,151.63155557181682
Overall,70,93,ReRZV_2d,2024,1,dC_All_d,137.44109259420605,137.52246688835973,134.63238871610451,139.76100169245478
Overall,70,93,ReRZV_2d,2024,1,dN_VacZVL,1,1,1,1
Overall,70,93,ReRZV_2d,2024,1,dN_VacRZV,0.4897683018309442,0.4897684478303166,0.4897509268004704,0.48978300672725683
Overall,70,93,ReRZV_2d,2024,1,dN_VacZVL_d,1,1,1,1
Overall,70,93,ReRZV_2d,2024,1,dN_VacRZV_d,0.4897683018309442,0.4897684478303166,0.4897509268004704,0.48978300672725683
Overall,70,93,ReRZV_2d,2024,1,ICER,21751.89676589728,21680.767105997584,17668.06408095279,26223.92978407893
Overall,70,93,ReRZV_2d,2024,1,Price0,85,85,85,85
Overall,70,93,ReRZV_2d,2024,1,Thres20,289.57741676826197,287.76895570572395,242.0511968850647,346.0078477681138
Overall,70,93,ReRZV_2d,2024,1,Thres30,419.88049399594615,417.4078116522148,350.5756881331838,502.21012424802865
Overall,70,93,ReRZV_2d,2024,1,Thres20_50,NA,287.76895570572395,NA,NA
Overall,70,93,ReRZV_2d,2024,1,Thres30_90,NA,369.61221583704713,NA,NA
Overall,70,93,ReRZV_2d,2024,1,Thres,NA,287.76895570572395,NA,NA
Overall,70,94,ReRZV_1d,2024,1,N0,1,1,1,1
Overall,70,94,ReRZV_1d,2024,1,dYear_Life,1.755295118594269e-4,1.7389887969621043e-4,1.3466340503951458e-4,2.2667405833924902e-4
Overall,70,94,ReRZV_1d,2024,1,dYear_Immunised,5.077672358450021,5.065194376057856,4.435257372499697,5.814903254593358
Overall,70,94,ReRZV_1d,2024,1,dRisk_HZ,-0.043201988663945416,-0.043058782534062666,-0.050137458045658743,-0.03721315107557257
Overall,70,94,ReRZV_1d,2024,1,dRisk_Hosp,-0.0015133789506020657,-0.0014973111092525491,-0.0019394667724508476,-0.0011773943300857328
Overall,70,94,ReRZV_1d,2024,1,dRisk_PHN,-0.0032102519345180887,-0.003189308778924346,-0.0038886743340951,-0.0026267771146197215
Overall,70,94,ReRZV_1d,2024,1,dRisk_Death,-2.8369436199025548e-5,-2.8133772515440448e-5,-3.652163661136013e-5,-2.183699554131203e-5
Overall,70,94,ReRZV_1d,2024,1,dQ_Life,1.2088309639121775e-4,1.1983625814426802e-4,9.244543831599117e-5,1.563998079841422e-4
Overall,70,94,ReRZV_1d,2024,1,dQ_HZ,0.005971587840901783,0.005931180494257491,0.004937667177245976,0.00721047944301771
Overall,70,94,ReRZV_1d,2024,1,dQ_HZ_Norm,0.0020227960829973827,0.002012950303297229,0.0016800184529739246,0.002424649929266843
Overall,70,94,ReRZV_1d,2024,1,dQ_All,0.0060887122214276475,0.006052083131155683,0.005033828853506605,0.007352645806394786
Overall,70,94,ReRZV_1d,2024,1,dQ_HZ_d,0.005971587840901783,0.005931180494257491,0.004937667177245976,0.00721047944301771
Overall,70,94,ReRZV_1d,2024,1,dQ_HZ_Norm_d,0.0020227960829973827,0.002012950303297229,0.0016800184529739246,0.002424649929266843
Overall,70,94,ReRZV_1d,2024,1,dQ_Life_d,1.2088309639121775e-4,1.1983625814426802e-4,9.244543831599117e-5,1.563998079841422e-4
Overall,70,94,ReRZV_1d,2024,1,dQ_All_d,0.006092470937293,0.006055777924790284,0.005037670086851875,0.007356536084359222
Overall,70,94,ReRZV_1d,2024,1,dC_Hosp,-6.397124623877567,-6.334085148023307,-8.264796083180004,-4.897478832116569
Overall,70,94,ReRZV_1d,2024,1,dC_GP_NonPHN,-4.907573131020369,-4.891089986391744,-5.672051412450273,-4.247202533389478
Overall,70,94,ReRZV_1d,2024,1,dC_GP_PHN,-1.7689196631617228,-1.7631208521223671,-2.1632368180958195,-1.4306253467054397
Overall,70,94,ReRZV_1d,2024,1,dC_GP,-6.676492794182091,-6.644127749353576,-7.794354133675603,-5.712216773794839
Overall,70,94,ReRZV_1d,2024,1,dC_Med,-13.073617418059658,-12.994553879181261,-15.857761662726292,-10.757520949307137
Overall,70,94,ReRZV_1d,2024,1,dC_VacZVL,110,110,110,110
Overall,70,94,ReRZV_1d,2024,1,dC_VacRZV,17.19307195302534,17.193079747531165,17.192351350258754,17.193671402986233
Overall,70,94,ReRZV_1d,2024,1,dC_Vac,127.19307195302534,127.19307974753116,127.19235135025875,127.19367140298623
Overall,70,94,ReRZV_1d,2024,1,dC_All,114.11945453496568,114.1986413935233,111.33545090383788,116.4354643610498
Overall,70,94,ReRZV_1d,2024,1,dC_Hosp_d,-6.397124623877567,-6.334085148023307,-8.264796083180004,-4.897478832116569
Overall,70,94,ReRZV_1d,2024,1,dC_GP_NonPHN_d,-4.907573131020369,-4.891089986391744,-5.672051412450273,-4.247202533389478
Overall,70,94,ReRZV_1d,2024,1,dC_GP_PHN_d,-1.7689196631617228,-1.7631208521223671,-2.1632368180958195,-1.4306253467054397
Overall,70,94,ReRZV_1d,2024,1,dC_GP_d,-6.676492794182091,-6.644127749353576,-7.794354133675603,-5.712216773794839
Overall,70,94,ReRZV_1d,2024,1,dC_Med_d,-13.073617418059658,-12.994553879181261,-15.857761662726292,-10.757520949307137
Overall,70,94,ReRZV_1d,2024,1,dC_VacZVL_d,110,110,110,110
Overall,70,94,ReRZV_1d,2024,1,dC_VacRZV_d,17.19307195302534,17.193079747531165,17.192351350258754,17.193671402986233
Overall,70,94,ReRZV_1d,2024,1,dC_Vac_d,127.19307195302534,127.19307974753116,127.19235135025875,127.19367140298623
Overall,70,94,ReRZV_1d,2024,1,dC_All_d,114.11945453496568,114.1986413935233,111.33545090383788,116.4354643610498
Overall,70,94,ReRZV_1d,2024,1,dN_VacZVL,1,1,1,1
Overall,70,94,ReRZV_1d,2024,1,dN_VacRZV,0.20227143474147455,0.20227152644154314,0.2022629570618677,0.20227848709395568
Overall,70,94,ReRZV_1d,2024,1,dN_VacZVL_d,1,1,1,1
Overall,70,94,ReRZV_1d,2024,1,dN_VacRZV_d,0.20227143474147455,0.20227152644154314,0.2022629570618677,0.20227848709395568
Overall,70,94,ReRZV_1d,2024,1,ICER,18934.113174290873,18852.945102817743,15220.04778786093,23023.140189069924
Overall,70,94,ReRZV_1d,2024,1,Price0,85,85,84.99999999999999,85.00000000000001
Overall,70,94,ReRZV_1d,2024,1,Thres20,667.0391394582772,663.1203583829874,553.6294952348975,802.9976309282436
Overall,70,94,ReRZV_1d,2024,1,Thres30,968.2417150642226,962.2382472855761,802.332843380896,1167.182534239218
Overall,70,94,ReRZV_1d,2024,1,Thres20_50,NA,663.1203583829874,NA,NA
Overall,70,94,ReRZV_1d,2024,1,Thres30_90,NA,848.3663730626967,NA,NA
Overall,70,94,ReRZV_1d,2024,1,Thres,NA,663.1203583829874,NA,NA
Overall,70,94,ReRZV_2d,2024,1,N0,1,1,1,1
Overall,70,94,ReRZV_2d,2024,1,dYear_Life,1.767770679960403e-4,1.7502128945068307e-4,1.3569434515927625e-4,2.2786151158804557e-4
Overall,70,94,ReRZV_2d,2024,1,dYear_Immunised,5.096566239905035,5.076985292240675,4.464116246156371,5.834898801693602
Overall,70,94,ReRZV_2d,2024,1,dRisk_HZ,-0.043367241639176386,-0.04323425282610845,-0.05038346960835232,-0.037387388963538444
Overall,70,94,ReRZV_2d,2024,1,dRisk_Hosp,-0.0015320345706445896,-0.0015155106939109386,-0.00195586685538627,-0.0011916828396600927
Overall,70,94,ReRZV_2d,2024,1,dRisk_PHN,-0.0032233647643908903,-0.0032029528552890863,-0.003912900947696912,-0.0026402736453971626
Overall,70,94,ReRZV_2d,2024,1,dRisk_Death,-2.8866350575165948e-5,-2.865225816315826e-5,-3.694345382350124e-5,-2.2425677915418225e-5
Overall,70,94,ReRZV_2d,2024,1,dQ_Life,1.2163781747390523e-4,1.2046065960991115e-4,9.323376279271046e-5,1.5713250665561057e-4
Overall,70,94,ReRZV_2d,2024,1,dQ_HZ,0.005998531444983637,0.005959583845505706,0.0049546611014861,0.007238749858709736
Overall,70,94,ReRZV_2d,2024,1,dQ_HZ_Norm,0.0020298924481601836,0.0020196140234898822,0.0016880329983441765,0.0024274037602220228
Overall,70,94,ReRZV_2d,2024,1,dQ_All,0.006116287773682314,0.006078915773778171,0.005052511667759819,0.007382109164555527
Overall,70,94,ReRZV_2d,2024,1,dQ_HZ_d,0.005998531444983637,0.005959583845505706,0.0049546611014861,0.007238749858709736
Overall,70,94,ReRZV_2d,2024,1,dQ_HZ_Norm_d,0.0020298924481601836,0.0020196140234898822,0.0016880329983441765,0.0024274037602220228
Overall,70,94,ReRZV_2d,2024,1,dQ_Life_d,1.2163781747390523e-4,1.2046065960991115e-4,9.323376279271046e-5,1.5713250665561057e-4
Overall,70,94,ReRZV_2d,2024,1,dQ_All_d,0.006120169262457536,0.006082406831302123,0.005056415887946341,0.007386125802088772
Overall,70,94,ReRZV_2d,2024,1,dC_Hosp,-6.485347135401736,-6.407132256664806,-8.375459942826447,-4.979128171271655
Overall,70,94,ReRZV_2d,2024,1,dC_GP_NonPHN,-4.924136877459908,-4.904149239712723,-5.693833092126418,-4.259748900730811
Overall,70,94,ReRZV_2d,2024,1,dC_GP_PHN,-1.7753694888748117,-1.7681774044350855,-2.170598983797225,-1.4394010760143279
Overall,70,94,ReRZV_2d,2024,1,dC_GP,-6.69950636633472,-6.66739565741433,-7.83567834604323,-5.7368157466389516
Overall,70,94,ReRZV_2d,2024,1,dC_Med,-13.184853501736455,-13.107622478652733,-15.978414252551811,-10.903783108339855
Overall,70,94,ReRZV_2d,2024,1,dC_VacZVL,110,110,110,110
Overall,70,94,ReRZV_2d,2024,1,dC_VacRZV,34.38614390605068,34.38615949506233,34.38470270051751,34.387342805972466
Overall,70,94,ReRZV_2d,2024,1,dC_Vac,144.38614390605068,144.38615949506232,144.3847027005175,144.38734280597245
Overall,70,94,ReRZV_2d,2024,1,dC_All,131.20129040431422,131.27842097198823,128.4091454902846,133.4817667925053
Overall,70,94,ReRZV_2d,2024,1,dC_Hosp_d,-6.485347135401736,-6.407132256664806,-8.375459942826447,-4.979128171271655
Overall,70,94,ReRZV_2d,2024,1,dC_GP_NonPHN_d,-4.924136877459908,-4.904149239712723,-5.693833092126418,-4.259748900730811
Overall,70,94,ReRZV_2d,2024,1,dC_GP_PHN_d,-1.7753694888748117,-1.7681774044350855,-2.170598983797225,-1.4394010760143279
Overall,70,94,ReRZV_2d,2024,1,dC_GP_d,-6.69950636633472,-6.66739565741433,-7.83567834604323,-5.7368157466389516
Overall,70,94,ReRZV_2d,2024,1,dC_Med_d,-13.184853501736455,-13.107622478652733,-15.978414252551811,-10.903783108339855
Overall,70,94,ReRZV_2d,2024,1,dC_VacZVL_d,110,110,110,110
Overall,70,94,ReRZV_2d,2024,1,dC_VacRZV_d,34.38614390605068,34.38615949506233,34.38470270051751,34.387342805972466
Overall,70,94,ReRZV_2d,2024,1,dC_Vac_d,144.38614390605068,144.38615949506232,144.3847027005175,144.38734280597245
Overall,70,94,ReRZV_2d,2024,1,dC_All_d,131.20129040431422,131.27842097198823,128.4091454902846,133.4817667925053
Overall,70,94,ReRZV_2d,2024,1,dN_VacZVL,1,1,1,1
Overall,70,94,ReRZV_2d,2024,1,dN_VacRZV,0.4045428694829491,0.4045430528830863,0.4045259141237354,0.40455697418791137
Overall,70,94,ReRZV_2d,2024,1,dN_VacZVL_d,1,1,1,1
Overall,70,94,ReRZV_2d,2024,1,dN_VacRZV_d,0.4045428694829491,0.4045430528830863,0.4045259141237354,0.40455697418791137
Overall,70,94,ReRZV_2d,2024,1,ICER,21665.729435361107,21589.80569453923,17464.761700124793,26298.03883789815
Overall,70,94,ReRZV_2d,2024,1,Price0,85,85,84.99999999999999,85.00000000000001
Overall,70,94,ReRZV_2d,2024,1,Thres20,335.1639004195758,333.02762832328693,278.05288522224987,402.9301050744649
Overall,70,94,ReRZV_2d,2024,1,Thres30,486.44986995747905,483.55572847966215,403.26773155288447,585.3355731726921
Overall,70,94,ReRZV_2d,2024,1,Thres20_50,NA,333.02762832328693,NA,NA
Overall,70,94,ReRZV_2d,2024,1,Thres30_90,NA,426.9243688325706,NA,NA
Overall,70,94,ReRZV_2d,2024,1,Thres,NA,333.02762832328693,NA,NA
Overall,70,95,ReRZV_1d,2024,1,N0,1,1,1,1
Overall,70,95,ReRZV_1d,2024,1,dYear_Life,1.6399652109100947e-4,1.6231055753479495e-4,1.2337646500020226e-4,2.1516144773601196e-4
Overall,70,95,ReRZV_1d,2024,1,dYear_Immunised,4.9445505936888,4.929296726816699,4.305480917032785,5.691343747550942
Overall,70,95,ReRZV_1d,2024,1,dRisk_HZ,-0.04201269073068342,-0.04186569295859801,-0.0489724932327462,-0.03602076624923495
Overall,70,95,ReRZV_1d,2024,1,dRisk_Hosp,-0.0013821298603820817,-0.0013679542441622015,-0.001797631296899528,-0.0010542787877491258
Overall,70,95,ReRZV_1d,2024,1,dRisk_PHN,-0.003112800873241305,-0.00308794163294227,-0.0037979925150095047,-0.002533806048827034
Overall,70,95,ReRZV_1d,2024,1,dRisk_Death,-2.4864541903506417e-5,-2.466603437150478e-5,-3.26905113113967e-5,-1.8694231594633178e-5
Overall,70,95,ReRZV_1d,2024,1,dQ_Life,1.1353843707763733e-4,1.1241178889065395e-4,8.531505789433069e-5,1.4906614186611656e-4
Overall,70,95,ReRZV_1d,2024,1,dQ_HZ,0.00577367133312474,0.005740074644253832,0.0047510350904829924,0.007002932618906712
Overall,70,95,ReRZV_1d,2024,1,dQ_HZ_Norm,0.001969929716382936,0.001960551805104487,0.0016316361427270222,0.002368238041669172
Overall,70,95,ReRZV_1d,2024,1,dQ_All,0.00588395933732268,0.005851462587671108,0.004842080623725397,0.007136020228879002
Overall,70,95,ReRZV_1d,2024,1,dQ_HZ_d,0.00577367133312474,0.005740074644253832,0.0047510350904829924,0.007002932618906712
Overall,70,95,ReRZV_1d,2024,1,dQ_HZ_Norm_d,0.001969929716382936,0.001960551805104487,0.0016316361427270222,0.002368238041669172
Overall,70,95,ReRZV_1d,2024,1,dQ_Life_d,1.1353843707763733e-4,1.1241178889065395e-4,8.531505789433069e-5,1.4906614186611656e-4
Overall,70,95,ReRZV_1d,2024,1,dQ_All_d,0.005887209770202373,0.005854559706151008,0.004845853315161186,0.0071391949071728964
Overall,70,95,ReRZV_1d,2024,1,dC_Hosp,-5.762103769209575,-5.69846342165582,-7.50957892250178,-4.32758204846254
Overall,70,95,ReRZV_1d,2024,1,dC_GP_NonPHN,-4.783279380365061,-4.768344035817148,-5.560522877394265,-4.117405174556428
Overall,70,95,ReRZV_1d,2024,1,dC_GP_PHN,-1.7189590263675403,-1.710181363508973,-2.116163557564745,-1.3878873779954124
Overall,70,95,ReRZV_1d,2024,1,dC_GP,-6.502238406732601,-6.472068780986582,-7.6332250195451055,-5.532797613191017
Overall,70,95,ReRZV_1d,2024,1,dC_Med,-12.264342175942176,-12.180659749935977,-15.027479517656579,-10.000392939249153
Overall,70,95,ReRZV_1d,2024,1,dC_VacZVL,110,110,110,110
Overall,70,95,ReRZV_1d,2024,1,dC_VacRZV,13.887231422719672,13.887239046379833,13.886560771180692,13.88778742658643
Overall,70,95,ReRZV_1d,2024,1,dC_Vac,123.88723142271967,123.88723904637983,123.88656077118068,123.88778742658643
Overall,70,95,ReRZV_1d,2024,1,dC_All,111.62288924677749,111.70669867253743,108.86005371927385,113.8865268247516
Overall,70,95,ReRZV_1d,2024,1,dC_Hosp_d,-5.762103769209575,-5.69846342165582,-7.50957892250178,-4.32758204846254
Overall,70,95,ReRZV_1d,2024,1,dC_GP_NonPHN_d,-4.783279380365061,-4.768344035817148,-5.560522877394265,-4.117405174556428
Overall,70,95,ReRZV_1d,2024,1,dC_GP_PHN_d,-1.7189590263675403,-1.710181363508973,-2.116163557564745,-1.3878873779954124
Overall,70,95,ReRZV_1d,2024,1,dC_GP_d,-6.502238406732601,-6.472068780986582,-7.6332250195451055,-5.532797613191017
Overall,70,95,ReRZV_1d,2024,1,dC_Med_d,-12.264342175942176,-12.180659749935977,-15.027479517656579,-10.000392939249153
Overall,70,95,ReRZV_1d,2024,1,dC_VacZVL_d,110,110,110,110
Overall,70,95,ReRZV_1d,2024,1,dC_VacRZV_d,13.887231422719672,13.887239046379833,13.886560771180692,13.88778742658643
Overall,70,95,ReRZV_1d,2024,1,dC_Vac_d,123.88723142271967,123.88723904637983,123.88656077118068,123.88778742658643
Overall,70,95,ReRZV_1d,2024,1,dC_All_d,111.62288924677749,111.70669867253743,108.86005371927385,113.8865268247516
Overall,70,95,ReRZV_1d,2024,1,dN_VacZVL,1,1,1,1
Overall,70,95,ReRZV_1d,2024,1,dN_VacRZV,0.16337919320846672,0.16337928289858625,0.16337130319036108,0.1633857344304286
Overall,70,95,ReRZV_1d,2024,1,dN_VacZVL_d,1,1,1,1
Overall,70,95,ReRZV_1d,2024,1,dN_VacRZV_d,0.16337919320846672,0.16337928289858625,0.16337130319036108,0.1633857344304286
Overall,70,95,ReRZV_1d,2024,1,ICER,19176.144529753114,19086.50699041936,15314.71925433298,23438.582642298847
Overall,70,95,ReRZV_1d,2024,1,Price0,85,85,85,85
Overall,70,95,ReRZV_1d,2024,1,Thres20,795.7467227024104,790.8799969221217,656.9969784551214,963.596675645028
Overall,70,95,ReRZV_1d,2024,1,Thres30,1156.0867447111186,1149.1518315061562,952.2872890726812,1398.106146990044
Overall,70,95,ReRZV_1d,2024,1,Thres20_50,NA,790.8799969221217,NA,NA
Overall,70,95,ReRZV_1d,2024,1,Thres30_90,NA,1009.7650775576899,NA,NA
Overall,70,95,ReRZV_1d,2024,1,Thres,NA,790.8799969221217,NA,NA
Overall,70,95,ReRZV_2d,2024,1,N0,1,1,1,1
Overall,70,95,ReRZV_2d,2024,1,dYear_Life,1.647900775585942e-4,1.6287792083247155e-4,1.2422260425299923e-4,2.1583114474514885e-4
Overall,70,95,ReRZV_2d,2024,1,dYear_Immunised,4.95818011448232,4.939403638797899,4.3209885878037495,5.705732368412255
Overall,70,95,ReRZV_2d,2024,1,dRisk_HZ,-0.042130890521868664,-0.041983708510391474,-0.04918347950325258,-0.03615342917000373
Overall,70,95,ReRZV_2d,2024,1,dRisk_Hosp,-0.001395608641414932,-0.001380527721639025,-0.0018148942229231574,-0.0010678692021918591
Overall,70,95,ReRZV_2d,2024,1,dRisk_PHN,-0.0031220825396293867,-0.0031000590205834174,-0.0038086933002969368,-0.00254966022593547
Overall,70,95,ReRZV_2d,2024,1,dRisk_Death,-2.5223005499070927e-5,-2.497786293954667e-5,-3.310238818428203e-5,-1.90575516653456e-5
Overall,70,95,ReRZV_2d,2024,1,dQ_Life,1.1400419656311023e-4,1.1280420025361337e-4,8.563097315970048e-5,1.493051857950789e-4
Overall,70,95,ReRZV_2d,2024,1,dQ_HZ,0.00579277795745751,0.005758861854092239,0.004761109682256815,0.007015323155312003
Overall,70,95,ReRZV_2d,2024,1,dQ_HZ_Norm,0.0019749317168002217,0.0019663695842457207,0.001640325081504614,0.002370296081739233
Overall,70,95,ReRZV_2d,2024,1,dQ_All,0.005903429236066971,0.0058748464568054715,0.004852753230741413,0.007152177718481401
Overall,70,95,ReRZV_2d,2024,1,dQ_HZ_d,0.00579277795745751,0.005758861854092239,0.004761109682256815,0.007015323155312003
Overall,70,95,ReRZV_2d,2024,1,dQ_HZ_Norm_d,0.0019749317168002217,0.0019663695842457207,0.001640325081504614,0.002370296081739233
Overall,70,95,ReRZV_2d,2024,1,dQ_Life_d,1.1400419656311023e-4,1.1280420025361337e-4,8.563097315970048e-5,1.493051857950789e-4
Overall,70,95,ReRZV_2d,2024,1,dQ_All_d,0.0059067821540206,0.005878578773561571,0.004855782343227899,0.007155414528215997
Overall,70,95,ReRZV_2d,2024,1,dC_Hosp,-5.82529072157657,-5.749470282617846,-7.599024133393529,-4.389800674804597
Overall,70,95,ReRZV_2d,2024,1,dC_GP_NonPHN,-4.794924835304385,-4.776209763065608,-5.579373582357168,-4.126541904772311
Overall,70,95,ReRZV_2d,2024,1,dC_GP_PHN,-1.7234453399806848,-1.7146946284757076,-2.121083859293977,-1.394430310769541
Overall,70,95,ReRZV_2d,2024,1,dC_GP,-6.518370175285069,-6.486286534234264,-7.656148566675551,-5.548347963574905
Overall,70,95,ReRZV_2d,2024,1,dC_Med,-12.343660896861639,-12.263717960182586,-15.092985877493868,-10.079805381541048
Overall,70,95,ReRZV_2d,2024,1,dC_VacZVL,110,110,110,110
Overall,70,95,ReRZV_2d,2024,1,dC_VacRZV,27.774462845439345,27.774478092759665,27.773121542361384,27.77557485317286
Overall,70,95,ReRZV_2d,2024,1,dC_Vac,137.77446284543933,137.77447809275967,137.7731215423614,137.77557485317286
Overall,70,95,ReRZV_2d,2024,1,dC_All,125.43080194857771,125.51052713627527,122.68207767290235,127.69414667423844
Overall,70,95,ReRZV_2d,2024,1,dC_Hosp_d,-5.82529072157657,-5.749470282617846,-7.599024133393529,-4.389800674804597
Overall,70,95,ReRZV_2d,2024,1,dC_GP_NonPHN_d,-4.794924835304385,-4.776209763065608,-5.579373582357168,-4.126541904772311
Overall,70,95,ReRZV_2d,2024,1,dC_GP_PHN_d,-1.7234453399806848,-1.7146946284757076,-2.121083859293977,-1.394430310769541
Overall,70,95,ReRZV_2d,2024,1,dC_GP_d,-6.518370175285069,-6.486286534234264,-7.656148566675551,-5.548347963574905
Overall,70,95,ReRZV_2d,2024,1,dC_Med_d,-12.343660896861639,-12.263717960182586,-15.092985877493868,-10.079805381541048
Overall,70,95,ReRZV_2d,2024,1,dC_VacZVL_d,110,110,110,110
Overall,70,95,ReRZV_2d,2024,1,dC_VacRZV_d,27.774462845439345,27.774478092759665,27.773121542361384,27.77557485317286
Overall,70,95,ReRZV_2d,2024,1,dC_Vac_d,137.77446284543933,137.77447809275967,137.7731215423614,137.77557485317286
Overall,70,95,ReRZV_2d,2024,1,dC_All_d,125.43080194857771,125.51052713627527,122.68207767290235,127.69414667423844
Overall,70,95,ReRZV_2d,2024,1,dN_VacZVL,1,1,1,1
Overall,70,95,ReRZV_2d,2024,1,dN_VacRZV,0.32675838641693344,0.3267585657971725,0.32674260638072217,0.3267714688608572
Overall,70,95,ReRZV_2d,2024,1,dN_VacZVL_d,1,1,1,1
Overall,70,95,ReRZV_2d,2024,1,dN_VacRZV_d,0.32675838641693344,0.3267585657971725,0.32674260638072217,0.3267714688608572
Overall,70,95,ReRZV_2d,2024,1,ICER,21473.62874037648,21368.494977438066,17200.22283687317,26248.22233648345
Overall,70,95,ReRZV_2d,2024,1,Price0,85,85,85,85
Overall,70,95,ReRZV_2d,2024,1,Thres20,399.31407761547734,396.9519622394157,329.2231911343015,483.59272780620114
Overall,70,95,ReRZV_2d,2024,1,Thres30,580.0830747003599,576.8805314737517,477.3355167349038,702.2089522225739
Overall,70,95,ReRZV_2d,2024,1,Thres20_50,NA,396.9519622394157,NA,NA
Overall,70,95,ReRZV_2d,2024,1,Thres30_90,NA,506.9345191540604,NA,NA
Overall,70,95,ReRZV_2d,2024,1,Thres,NA,396.9519622394157,NA,NA
Overall,70,96,ReRZV_1d,2024,1,N0,1,1,1,1
Overall,70,96,ReRZV_1d,2024,1,dYear_Life,1.557310693518108e-4,1.5415180321021182e-4,1.150283642482819e-4,2.06670424223887e-4
Overall,70,96,ReRZV_1d,2024,1,dYear_Immunised,4.838452172341571,4.822157736404699,4.200603936090314,5.592281343770985
Overall,70,96,ReRZV_1d,2024,1,dRisk_HZ,-0.04107252756545032,-0.04091776048138027,-0.04811487365600133,-0.0350860643111279
Overall,70,96,ReRZV_1d,2024,1,dRisk_Hosp,-0.001276732608839891,-0.0012617120964128255,-0.001682398243601773,-9.603401527258103e-4
Overall,70,96,ReRZV_1d,2024,1,dRisk_PHN,-0.0030364654199032137,-0.0030139281201019474,-0.0037307115201733665,-0.002463942381264682
Overall,70,96,ReRZV_1d,2024,1,dRisk_Death,-2.2071101245188336e-5,-2.180024751529251e-5,-2.986625139915623e-5,-1.6100870957943257e-5
Overall,70,96,ReRZV_1d,2024,1,dQ_Life,1.0837712158168333e-4,1.071682307882682e-4,7.980789182737702e-5,1.439658950673106e-4
Overall,70,96,ReRZV_1d,2024,1,dQ_HZ,0.005615243406133366,0.005582929488613639,0.0045877153606603514,0.0068250871777285555
Overall,70,96,ReRZV_1d,2024,1,dQ_HZ_Norm,0.0019279979424667454,0.0019190189842726696,0.00159458823515413,0.002325316025862797
Overall,70,96,ReRZV_1d,2024,1,dQ_All,0.005720907892331508,0.005691022227310327,0.004676980405556019,0.006957144251472734
Overall,70,96,ReRZV_1d,2024,1,dQ_HZ_d,0.005615243406133366,0.005582929488613639,0.0045877153606603514,0.0068250871777285555
Overall,70,96,ReRZV_1d,2024,1,dQ_HZ_Norm_d,0.0019279979424667454,0.0019190189842726696,0.00159458823515413,0.002325316025862797
Overall,70,96,ReRZV_1d,2024,1,dQ_Life_d,1.0837712158168333e-4,1.071682307882682e-4,7.980789182737702e-5,1.439658950673106e-4
Overall,70,96,ReRZV_1d,2024,1,dQ_All_d,0.005723620527715064,0.005693749559371852,0.004680034227490193,0.006959539386264346
Overall,70,96,ReRZV_1d,2024,1,dC_Hosp,-5.245736049620991,-5.175202339672616,-6.994971108079605,-3.87807434912092
Overall,70,96,ReRZV_1d,2024,1,dC_GP_NonPHN,-4.685045974477129,-4.669263547058563,-5.47048359209017,-4.01983928978781
Overall,70,96,ReRZV_1d,2024,1,dC_GP_PHN,-1.6798874900507739,-1.6694297131497802,-2.0745511744419147,-1.3511862341777854
Overall,70,96,ReRZV_1d,2024,1,dC_GP,-6.364933464527903,-6.337184948791418,-7.508695526942888,-5.390932789507854
Overall,70,96,ReRZV_1d,2024,1,dC_Med,-11.610669514148894,-11.521859190741829,-14.380968438121634,-9.365220986298308
Overall,70,96,ReRZV_1d,2024,1,dC_VacZVL,110,110,110,110
Overall,70,96,ReRZV_1d,2024,1,dC_VacRZV,10.945685142682676,10.945693672218113,10.945086342763199,10.946182053207524
Overall,70,96,ReRZV_1d,2024,1,dC_Vac,120.94568514268268,120.94569367221811,120.9450863427632,120.94618205320752
Overall,70,96,ReRZV_1d,2024,1,dC_All,109.33501562853378,109.42370673924162,106.56486160621594,111.58069399478443
Overall,70,96,ReRZV_1d,2024,1,dC_Hosp_d,-5.245736049620991,-5.175202339672616,-6.994971108079605,-3.87807434912092
Overall,70,96,ReRZV_1d,2024,1,dC_GP_NonPHN_d,-4.685045974477129,-4.669263547058563,-5.47048359209017,-4.01983928978781
Overall,70,96,ReRZV_1d,2024,1,dC_GP_PHN_d,-1.6798874900507739,-1.6694297131497802,-2.0745511744419147,-1.3511862341777854
Overall,70,96,ReRZV_1d,2024,1,dC_GP_d,-6.364933464527903,-6.337184948791418,-7.508695526942888,-5.390932789507854
Overall,70,96,ReRZV_1d,2024,1,dC_Med_d,-11.610669514148894,-11.521859190741829,-14.380968438121634,-9.365220986298308
Overall,70,96,ReRZV_1d,2024,1,dC_VacZVL_d,110,110,110,110
Overall,70,96,ReRZV_1d,2024,1,dC_VacRZV_d,10.945685142682676,10.945693672218113,10.945086342763199,10.946182053207524
Overall,70,96,ReRZV_1d,2024,1,dC_Vac_d,120.94568514268268,120.94569367221811,120.9450863427632,120.94618205320752
Overall,70,96,ReRZV_1d,2024,1,dC_All_d,109.33501562853378,109.42370673924162,106.56486160621594,111.58069399478443
Overall,70,96,ReRZV_1d,2024,1,dN_VacZVL,1,1,1,1
Overall,70,96,ReRZV_1d,2024,1,dN_VacRZV,0.12877276638450205,0.1287728667319778,0.12876572167956707,0.12877861239067676
Overall,70,96,ReRZV_1d,2024,1,dN_VacZVL_d,1,1,1,1
Overall,70,96,ReRZV_1d,2024,1,dN_VacRZV_d,0.12877276638450205,0.1287728667319778,0.12876572167956707,0.12877861239067676
Overall,70,96,ReRZV_1d,2024,1,ICER,19329.460634911913,19247.409224223913,15355.175396660716,23757.59263368544
Overall,70,96,ReRZV_1d,2024,1,Price0,85,85,85,85
Overall,70,96,ReRZV_1d,2024,1,Thres20,979.1122485177801,972.5594915722235,802.6943129585683,1189.8992786567135
Overall,70,96,ReRZV_1d,2024,1,Thres30,1423.5864027526911,1414.6483915769743,1166.1630138330333,1731.0409404546417
Overall,70,96,ReRZV_1d,2024,1,Thres20_50,NA,972.5594915722235,NA,NA
Overall,70,96,ReRZV_1d,2024,1,Thres30_90,NA,1240.108468233493,NA,NA
Overall,70,96,ReRZV_1d,2024,1,Thres,NA,972.5594915722235,NA,NA
Overall,70,96,ReRZV_2d,2024,1,N0,1,1,1,1
Overall,70,96,ReRZV_2d,2024,1,dYear_Life,1.562010196440884e-4,1.5452497724588454e-4,1.1518240700603144e-4,2.0733075788843531e-4
Overall,70,96,ReRZV_2d,2024,1,dYear_Immunised,4.847909410537303,4.827688254614939,4.207247605689776,5.602326910901991
Overall,70,96,ReRZV_2d,2024,1,dRisk_HZ,-0.041153804286751736,-0.04098949944873664,-0.048284467059695906,-0.035194341751889964
Overall,70,96,ReRZV_2d,2024,1,dRisk_Hosp,-0.00128607630992854,-0.0012715531898236992,-0.0016976736166860388,-9.702552131443312e-4
Overall,70,96,ReRZV_2d,2024,1,dRisk_PHN,-0.003042780114042507,-0.00301966785484361,-0.0037389809770117977,-0.0024737783374074247
Overall,70,96,ReRZV_2d,2024,1,dRisk_Death,-2.23198341552434e-5,-2.202191821709601e-5,-3.0145380061783657e-5,-1.6382555979836985e-5
Overall,70,96,ReRZV_2d,2024,1,dQ_Life,1.0864092775850853e-4,1.07398741675091e-4,8.011204618987299e-5,1.4414054396150178e-4
Overall,70,96,ReRZV_2d,2024,1,dQ_HZ,0.005628124346295157,0.005601682706092088,0.004601000085584159,0.006844463871059342
Overall,70,96,ReRZV_2d,2024,1,dQ_HZ_Norm,0.001931351302398299,0.0019224237756938936,0.001599896568510311,0.002328685513289596
Overall,70,96,ReRZV_2d,2024,1,dQ_All,0.005733971416633069,0.005706947970789855,0.004680793135180705,0.006975731885163671
Overall,70,96,ReRZV_2d,2024,1,dQ_HZ_d,0.005628124346295157,0.005601682706092088,0.004601000085584159,0.006844463871059342
Overall,70,96,ReRZV_2d,2024,1,dQ_HZ_Norm_d,0.001931351302398299,0.0019224237756938936,0.001599896568510311,0.002328685513289596
Overall,70,96,ReRZV_2d,2024,1,dQ_Life_d,1.0864092775850853e-4,1.07398741675091e-4,8.011204618987299e-5,1.4414054396150178e-4
Overall,70,96,ReRZV_2d,2024,1,dQ_All_d,0.005736765274053622,0.005709883483889122,0.004683875651383174,0.006978931419396072
Overall,70,96,ReRZV_2d,2024,1,dC_Hosp,-5.288686331468355,-5.213468999241629,-7.046335746203182,-3.910111157828429
Overall,70,96,ReRZV_2d,2024,1,dC_GP_NonPHN,-4.692833078021445,-4.6748580100134465,-5.485387845704657,-4.025017431234222
Overall,70,96,ReRZV_2d,2024,1,dC_GP_PHN,-1.682856290349779,-1.671927365320316,-2.0782676790517827,-1.3547624231615782
Overall,70,96,ReRZV_2d,2024,1,dC_GP,-6.375689368371224,-6.344509993030952,-7.523712462133943,-5.4063780022969095
Overall,70,96,ReRZV_2d,2024,1,dC_Med,-11.66437569983958,-11.579931936878165,-14.434620503113651,-9.454303974650541
Overall,70,96,ReRZV_2d,2024,1,dC_VacZVL,110,110,110,110
Overall,70,96,ReRZV_2d,2024,1,dC_VacRZV,21.89137028536535,21.891387344436225,21.890172685526398,21.892364106415048
Overall,70,96,ReRZV_2d,2024,1,dC_Vac,131.89137028536535,131.89138734443623,131.8901726855264,131.89236410641504
Overall,70,96,ReRZV_2d,2024,1,dC_All,120.22699458552577,120.31096575644351,117.45723899364225,122.43707528203983
Overall,70,96,ReRZV_2d,2024,1,dC_Hosp_d,-5.288686331468355,-5.213468999241629,-7.046335746203182,-3.910111157828429
Overall,70,96,ReRZV_2d,2024,1,dC_GP_NonPHN_d,-4.692833078021445,-4.6748580100134465,-5.485387845704657,-4.025017431234222
Overall,70,96,ReRZV_2d,2024,1,dC_GP_PHN_d,-1.682856290349779,-1.671927365320316,-2.0782676790517827,-1.3547624231615782
Overall,70,96,ReRZV_2d,2024,1,dC_GP_d,-6.375689368371224,-6.344509993030952,-7.523712462133943,-5.4063780022969095
Overall,70,96,ReRZV_2d,2024,1,dC_Med_d,-11.66437569983958,-11.579931936878165,-14.434620503113651,-9.454303974650541
Overall,70,96,ReRZV_2d,2024,1,dC_VacZVL_d,110,110,110,110
Overall,70,96,ReRZV_2d,2024,1,dC_VacRZV_d,21.89137028536535,21.891387344436225,21.890172685526398,21.892364106415048
Overall,70,96,ReRZV_2d,2024,1,dC_Vac_d,131.89137028536535,131.89138734443623,131.8901726855264,131.89236410641504
Overall,70,96,ReRZV_2d,2024,1,dC_All_d,120.22699458552577,120.31096575644351,117.45723899364225,122.43707528203983
Overall,70,96,ReRZV_2d,2024,1,dN_VacZVL,1,1,1,1
Overall,70,96,ReRZV_2d,2024,1,dN_VacRZV,0.2575455327690041,0.2575457334639556,0.25753144335913414,0.2575572247813535
Overall,70,96,ReRZV_2d,2024,1,dN_VacZVL_d,1,1,1,1
Overall,70,96,ReRZV_2d,2024,1,dN_VacRZV_d,0.2575455327690041,0.2575457334639556,0.25753144335913414,0.2575572247813535
Overall,70,96,ReRZV_2d,2024,1,ICER,21203.814936850275,21093.98696797245,16891.629197145325,26032.59002064055
Overall,70,96,ReRZV_2d,2024,1,Price0,85,85,85,85
Overall,70,96,ReRZV_2d,2024,1,Thres20,490.7854249577856,487.9241593705557,402.4378876188346,596.4381717754081
Overall,70,96,ReRZV_2d,2024,1,Thres30,713.5328870774516,709.271222589685,584.1397151133712,868.0549232236043
Overall,70,96,ReRZV_2d,2024,1,Thres20_50,NA,487.9241593705557,NA,NA
Overall,70,96,ReRZV_2d,2024,1,Thres30_90,NA,621.7455373402119,NA,NA
Overall,70,96,ReRZV_2d,2024,1,Thres,NA,487.9241593705557,NA,NA
Overall,70,97,ReRZV_1d,2024,1,N0,1,1,1,1
Overall,70,97,ReRZV_1d,2024,1,dYear_Life,1.5008787732630324e-4,1.4826788237876087e-4,1.0882622131012098e-4,2.011999440196809e-4
Overall,70,97,ReRZV_1d,2024,1,dYear_Immunised,4.7561336425112675,4.735981115206008,4.1145576351172926,5.51510792923582
Overall,70,97,ReRZV_1d,2024,1,dRisk_HZ,-0.04035416684821504,-0.0401854710453486,-0.047500363614295785,-0.034357812796629264
Overall,70,97,ReRZV_1d,2024,1,dRisk_Hosp,-0.0011941326816313819,-0.0011778992315599605,-0.0015983642603740315,-8.807222217330522e-4
Overall,70,97,ReRZV_1d,2024,1,dRisk_PHN,-0.0029791513421447697,-0.002955775346714786,-0.0036829501590474566,-0.0024097823161665626
Overall,70,97,ReRZV_1d,2024,1,dRisk_Death,-1.9903731224274025e-5,-1.9645127149786264e-5,-2.765094713867319e-5,-1.4034723700032625e-5
Overall,70,97,ReRZV_1d,2024,1,dQ_Life,1.0495586661803902e-4,1.0354765722642156e-4,7.630282041710678e-5,1.4063236298125225e-4
Overall,70,97,ReRZV_1d,2024,1,dQ_HZ,0.005492644502498401,0.0054641498616149475,0.004467393096338608,0.006695502654575331
Overall,70,97,ReRZV_1d,2024,1,dQ_HZ_Norm,0.0018958285448189313,0.0018876878499962863,0.0015661477351460366,0.0022902909205186226
Overall,70,97,ReRZV_1d,2024,1,dQ_All,0.005595457720746025,0.005569925419137256,0.004549601620487653,0.006824434771857967
Overall,70,97,ReRZV_1d,2024,1,dQ_HZ_d,0.005492644502498401,0.0054641498616149475,0.004467393096338608,0.006695502654575331
Overall,70,97,ReRZV_1d,2024,1,dQ_HZ_Norm_d,0.0018958285448189313,0.0018876878499962863,0.0015661477351460366,0.0022902909205186226
Overall,70,97,ReRZV_1d,2024,1,dQ_Life_d,1.0495586661803902e-4,1.0354765722642156e-4,7.630282041710678e-5,1.4063236298125225e-4
Overall,70,97,ReRZV_1d,2024,1,dQ_All_d,0.005597600369116459,0.005572094174010722,0.00455177333193606,0.006827109476912296
Overall,70,97,ReRZV_1d,2024,1,dC_Hosp,-4.836070711208217,-4.766326713911733,-6.599031229934887,-3.488263738799678
Overall,70,97,ReRZV_1d,2024,1,dC_GP_NonPHN,-4.610018441103081,-4.593921585074723,-5.40363714436649,-3.9389589507168914
Overall,70,97,ReRZV_1d,2024,1,dC_GP_PHN,-1.6506010092155632,-1.6399322028208378,-2.0475911962690185,-1.322628361024505
Overall,70,97,ReRZV_1d,2024,1,dC_GP,-6.260619450318645,-6.229175647920831,-7.40754973406094,-5.289007259538058
Overall,70,97,ReRZV_1d,2024,1,dC_Med,-11.096690161526862,-10.992950376675587,-13.893178744119295,-8.87938964294593
Overall,70,97,ReRZV_1d,2024,1,dC_VacZVL,110,110,110,110
Overall,70,97,ReRZV_1d,2024,1,dC_VacRZV,8.401392010151989,8.401399410712365,8.400870528981907,8.401820771593982
Overall,70,97,ReRZV_1d,2024,1,dC_Vac,118.401392010152,118.40139941071237,118.4008705289819,118.40182077159398
Overall,70,97,ReRZV_1d,2024,1,dC_All,107.30470184862513,107.40845790047655,104.50859791655046,109.5216244604729
Overall,70,97,ReRZV_1d,2024,1,dC_Hosp_d,-4.836070711208217,-4.766326713911733,-6.599031229934887,-3.488263738799678
Overall,70,97,ReRZV_1d,2024,1,dC_GP_NonPHN_d,-4.610018441103081,-4.593921585074723,-5.40363714436649,-3.9389589507168914
Overall,70,97,ReRZV_1d,2024,1,dC_GP_PHN_d,-1.6506010092155632,-1.6399322028208378,-2.0475911962690185,-1.322628361024505
Overall,70,97,ReRZV_1d,2024,1,dC_GP_d,-6.260619450318645,-6.229175647920831,-7.40754973406094,-5.289007259538058
Overall,70,97,ReRZV_1d,2024,1,dC_Med_d,-11.096690161526862,-10.992950376675587,-13.893178744119295,-8.87938964294593
Overall,70,97,ReRZV_1d,2024,1,dC_VacZVL_d,110,110,110,110
Overall,70,97,ReRZV_1d,2024,1,dC_VacRZV_d,8.401392010151989,8.401399410712365,8.400870528981907,8.401820771593982
Overall,70,97,ReRZV_1d,2024,1,dC_Vac_d,118.401392010152,118.40139941071237,118.4008705289819,118.40182077159398
Overall,70,97,ReRZV_1d,2024,1,dC_All_d,107.30470184862513,107.40845790047655,104.50859791655046,109.5216244604729
Overall,70,97,ReRZV_1d,2024,1,dN_VacZVL,1,1,1,1
Overall,70,97,ReRZV_1d,2024,1,dN_VacRZV,0.0988399060017881,0.09883999306720431,0.09883377092919889,0.09884495025404685
Overall,70,97,ReRZV_1d,2024,1,dN_VacZVL_d,1,1,1,1
Overall,70,97,ReRZV_1d,2024,1,dN_VacRZV_d,0.0988399060017881,0.09883999306720431,0.09883377092919889,0.09884495025404685
Overall,70,97,ReRZV_1d,2024,1,ICER,19405.63954273366,19309.37772361297,15364.9260178449,23984.885308317218
Overall,70,97,ReRZV_1d,2024,1,Price0,85,85,84.99999999999999,85.00000000000001
Overall,70,97,ReRZV_1d,2024,1,Thres20,1244.92837428595,1236.7417316171714,1014.4491036932604,1518.0574769358302
Overall,70,97,ReRZV_1d,2024,1,Thres30,1811.2579477429035,1800.1263585945558,1475.0110219359549,2208.5021159873295
Overall,70,97,ReRZV_1d,2024,1,Thres20_50,NA,1236.7417316171714,NA,NA
Overall,70,97,ReRZV_1d,2024,1,Thres30_90,NA,1573.001068044635,NA,NA
Overall,70,97,ReRZV_1d,2024,1,Thres,NA,1236.7417316171714,NA,NA
Overall,70,97,ReRZV_2d,2024,1,N0,1,1,1,1
Overall,70,97,ReRZV_2d,2024,1,dYear_Life,1.503379827511857e-4,1.4842588412200541e-4,1.0922484293853786e-4,2.0143919574113758e-4
Overall,70,97,ReRZV_2d,2024,1,dYear_Immunised,4.762370102915792,4.739715964324194,4.120368980449876,5.521747433864221
Overall,70,97,ReRZV_2d,2024,1,dRisk_HZ,-0.04040735556252701,-0.04022635127783816,-0.04756787633859633,-0.03441573437402172
Overall,70,97,ReRZV_2d,2024,1,dRisk_Hosp,-0.0012002781735918756,-0.0011848334087086287,-0.0016083793607697683,-8.864468566193127e-4
Overall,70,97,ReRZV_2d,2024,1,dRisk_PHN,-0.002983230890500054,-0.002958796217301771,-0.003684942125477336,-0.002415013875237485
Overall,70,97,ReRZV_2d,2024,1,dRisk_Death,-2.006775698929301e-5,-1.97634327915091e-5,-2.773609612403372e-5,-1.4247856860134063e-5
Overall,70,97,ReRZV_2d,2024,1,dQ_Life,1.0508647407966354e-4,1.0368107211800037e-4,7.639952931066673e-5,1.4079102431194813e-4
Overall,70,97,ReRZV_2d,2024,1,dQ_HZ,0.005500730346684544,0.005471827909658627,0.004473839905334701,0.0067025141851382785
Overall,70,97,ReRZV_2d,2024,1,dQ_HZ_Norm,0.0018979229882323439,0.0018903002088764267,0.0015677938348346045,0.0022924400239090377
Overall,70,97,ReRZV_2d,2024,1,dQ_All,0.005603615292358941,0.005577568623334805,0.004557335486350045,0.006832954342631137
Overall,70,97,ReRZV_2d,2024,1,dQ_HZ_d,0.005500730346684544,0.005471827909658627,0.004473839905334701,0.0067025141851382785
Overall,70,97,ReRZV_2d,2024,1,dQ_HZ_Norm_d,0.0018979229882323439,0.0018903002088764267,0.0015677938348346045,0.0022924400239090377
Overall,70,97,ReRZV_2d,2024,1,dQ_Life_d,1.0508647407966354e-4,1.0368107211800037e-4,7.639952931066673e-5,1.4079102431194813e-4
Overall,70,97,ReRZV_2d,2024,1,dQ_All_d,0.005605816820764212,0.005579626892157741,0.004559602332917079,0.006835364925835029
Overall,70,97,ReRZV_2d,2024,1,dC_Hosp,-4.863175379250193,-4.7923286964897525,-6.615931611432278,-3.5118116955746603
Overall,70,97,ReRZV_2d,2024,1,dC_GP_NonPHN,-4.614871040374143,-4.597673486285395,-5.410084826993945,-3.941557712992463
Overall,70,97,ReRZV_2d,2024,1,dC_GP_PHN,-1.6524275299606592,-1.6417907798496314,-2.0501618395021954,-1.3252151257432485
Overall,70,97,ReRZV_2d,2024,1,dC_GP,-6.267298570334803,-6.234121823912947,-7.41699483679018,-5.297039587015579
Overall,70,97,ReRZV_2d,2024,1,dC_Med,-11.130473949584996,-11.021484294225559,-13.94618834953736,-8.936129640991771
Overall,70,97,ReRZV_2d,2024,1,dC_VacZVL,110,110,110,110
Overall,70,97,ReRZV_2d,2024,1,dC_VacRZV,16.802784020303978,16.80279882142473,16.801741057963813,16.803641543187965
Overall,70,97,ReRZV_2d,2024,1,dC_Vac,126.80278402030397,126.80279882142474,126.80174105796381,126.80364154318796
Overall,70,97,ReRZV_2d,2024,1,dC_All,115.67231007071898,115.78132348872893,112.85704892114623,117.86627185183521
Overall,70,97,ReRZV_2d,2024,1,dC_Hosp_d,-4.863175379250193,-4.7923286964897525,-6.615931611432278,-3.5118116955746603
Overall,70,97,ReRZV_2d,2024,1,dC_GP_NonPHN_d,-4.614871040374143,-4.597673486285395,-5.410084826993945,-3.941557712992463
Overall,70,97,ReRZV_2d,2024,1,dC_GP_PHN_d,-1.6524275299606592,-1.6417907798496314,-2.0501618395021954,-1.3252151257432485
Overall,70,97,ReRZV_2d,2024,1,dC_GP_d,-6.267298570334803,-6.234121823912947,-7.41699483679018,-5.297039587015579
Overall,70,97,ReRZV_2d,2024,1,dC_Med_d,-11.130473949584996,-11.021484294225559,-13.94618834953736,-8.936129640991771
Overall,70,97,ReRZV_2d,2024,1,dC_VacZVL_d,110,110,110,110
Overall,70,97,ReRZV_2d,2024,1,dC_VacRZV_d,16.802784020303978,16.80279882142473,16.801741057963813,16.803641543187965
Overall,70,97,ReRZV_2d,2024,1,dC_Vac_d,126.80278402030397,126.80279882142474,126.80174105796381,126.80364154318796
Overall,70,97,ReRZV_2d,2024,1,dC_All_d,115.67231007071898,115.78132348872893,112.85704892114623,117.86627185183521
Overall,70,97,ReRZV_2d,2024,1,dN_VacZVL,1,1,1,1
Overall,70,97,ReRZV_2d,2024,1,dN_VacRZV,0.1976798120035762,0.19767998613440863,0.19766754185839777,0.1976899005080937
Overall,70,97,ReRZV_2d,2024,1,dN_VacZVL_d,1,1,1,1
Overall,70,97,ReRZV_2d,2024,1,dN_VacRZV_d,0.1976798120035762,0.19767998613440863,0.19766754185839777,0.1976899005080937
Overall,70,97,ReRZV_2d,2024,1,ICER,20886.27475941904,20766.391128672585,16575.355999819592,25744.332634008417
Overall,70,97,ReRZV_2d,2024,1,Price0,85,85,84.99999999999999,85.00000000000001
Overall,70,97,ReRZV_2d,2024,1,Thres20,623.4663768224875,619.8016877865881,508.64535651062727,759.8010892437057
Overall,70,97,ReRZV_2d,2024,1,Thres30,907.0468076828008,901.7353983316382,739.1846852580887,1105.4587075410914
Overall,70,97,ReRZV_2d,2024,1,Thres20_50,NA,619.8016877865881,NA,NA
Overall,70,97,ReRZV_2d,2024,1,Thres30_90,NA,787.5618462296787,NA,NA
Overall,70,97,ReRZV_2d,2024,1,Thres,NA,619.8016877865881,NA,NA
Overall,70,98,ReRZV_1d,2024,1,N0,1,1,1,1
Overall,70,98,ReRZV_1d,2024,1,dYear_Life,1.464975742577117e-4,1.4466110106781116e-4,1.0538762734197959e-4,1.9765045745510074e-4
Overall,70,98,ReRZV_1d,2024,1,dYear_Immunised,4.694109426142502,4.672241663446995,4.049822801067122,5.456669151451802
Overall,70,98,ReRZV_1d,2024,1,dRisk_HZ,-0.03981829318910784,-0.039641181160888606,-0.04700946514963772,-0.03382796251078531
Overall,70,98,ReRZV_1d,2024,1,dRisk_Hosp,-0.0011325751806469313,-0.0011146034306597956,-0.0015500216453620654,-8.191433076506684e-4
Overall,70,98,ReRZV_1d,2024,1,dRisk_PHN,-0.0029372432715888577,-0.002915360853138111,-0.0036435150349604355,-0.0023673514597184844
Overall,70,98,ReRZV_1d,2024,1,dRisk_Death,-1.8270670834132184e-5,-1.7985290404621064e-5,-2.592667032337961e-5,-1.2441797461214974e-5
Overall,70,98,ReRZV_1d,2024,1,dQ_Life,1.0288861298718909e-4,1.0163479171687584e-4,7.431500899213184e-5,1.385077202307183e-4
Overall,70,98,ReRZV_1d,2024,1,dQ_HZ,0.005399966150107112,0.005370313154404408,0.004376711492234611,0.00659478656591579
Overall,70,98,ReRZV_1d,2024,1,dQ_HZ_Norm,0.0018717044581843033,0.0018637756065259048,0.0015431234475143589,0.0022633209154303293
Overall,70,98,ReRZV_1d,2024,1,dQ_All,0.005501317522037613,0.0054723123240663085,0.004455191802739922,0.006725411185175777
Overall,70,98,ReRZV_1d,2024,1,dQ_HZ_d,0.005399966150107112,0.005370313154404408,0.004376711492234611,0.00659478656591579
Overall,70,98,ReRZV_1d,2024,1,dQ_HZ_Norm_d,0.0018717044581843033,0.0018637756065259048,0.0015431234475143589,0.0022633209154303293
Overall,70,98,ReRZV_1d,2024,1,dQ_Life_d,1.0288861298718909e-4,1.0163479171687584e-4,7.431500899213184e-5,1.385077202307183e-4
Overall,70,98,ReRZV_1d,2024,1,dQ_All_d,0.005502854763094314,0.005473694840046228,0.004456706791760823,0.006727207402703916
Overall,70,98,ReRZV_1d,2024,1,dC_Hosp,-4.526695857195524,-4.444322379760486,-6.291129939226104,-3.1999677591606592
Overall,70,98,ReRZV_1d,2024,1,dC_GP_NonPHN,-4.553839935640179,-4.536680773820642,-5.352215419271163,-3.880368951140996
Overall,70,98,ReRZV_1d,2024,1,dC_GP_PHN,-1.6291400303356065,-1.6190302358408544,-2.029395359715373,-1.3027970539106917
Overall,70,98,ReRZV_1d,2024,1,dC_GP,-6.182979965975785,-6.150871378584716,-7.336488319792627,-5.207062886508759
Overall,70,98,ReRZV_1d,2024,1,dC_Med,-10.70967582317131,-10.599581148942352,-13.521392543241955,-8.528137416766594
Overall,70,98,ReRZV_1d,2024,1,dC_VacZVL,110,110,110,110
Overall,70,98,ReRZV_1d,2024,1,dC_VacRZV,6.261835945423753,6.261842901596179,6.261402875183003,6.26218962579286
Overall,70,98,ReRZV_1d,2024,1,dC_Vac,116.26183594542375,116.26184290159617,116.261402875183,116.26218962579286
Overall,70,98,ReRZV_1d,2024,1,dC_All,105.55216012225245,105.66219808955181,102.74033693637826,107.73396808267532
Overall,70,98,ReRZV_1d,2024,1,dC_Hosp_d,-4.526695857195524,-4.444322379760486,-6.291129939226104,-3.1999677591606592
Overall,70,98,ReRZV_1d,2024,1,dC_GP_NonPHN_d,-4.553839935640179,-4.536680773820642,-5.352215419271163,-3.880368951140996
Overall,70,98,ReRZV_1d,2024,1,dC_GP_PHN_d,-1.6291400303356065,-1.6190302358408544,-2.029395359715373,-1.3027970539106917
Overall,70,98,ReRZV_1d,2024,1,dC_GP_d,-6.182979965975785,-6.150871378584716,-7.336488319792627,-5.207062886508759
Overall,70,98,ReRZV_1d,2024,1,dC_Med_d,-10.70967582317131,-10.599581148942352,-13.521392543241955,-8.528137416766594
Overall,70,98,ReRZV_1d,2024,1,dC_VacZVL_d,110,110,110,110
Overall,70,98,ReRZV_1d,2024,1,dC_VacRZV_d,6.261835945423753,6.261842901596179,6.261402875183003,6.26218962579286
Overall,70,98,ReRZV_1d,2024,1,dC_Vac_d,116.26183594542375,116.26184290159617,116.261402875183,116.26218962579286
Overall,70,98,ReRZV_1d,2024,1,dC_All_d,105.55216012225245,105.66219808955181,102.74033693637826,107.73396808267532
Overall,70,98,ReRZV_1d,2024,1,dN_VacZVL,1,1,1,1
Overall,70,98,ReRZV_1d,2024,1,dN_VacRZV,0.07366865818145592,0.07366874001877857,0.07366356323744709,0.07367281912697483
Overall,70,98,ReRZV_1d,2024,1,dN_VacZVL_d,1,1,1,1
Overall,70,98,ReRZV_1d,2024,1,dN_VacRZV_d,0.07366865818145592,0.07366874001877857,0.07366356323744709,0.07367281912697483
Overall,70,98,ReRZV_1d,2024,1,ICER,19423.75497150471,19317.182240229457,15306.770773684577,24084.44826099966
Overall,70,98,ReRZV_1d,2024,1,Price0,85,85,85,85
Overall,70,98,ReRZV_1d,2024,1,Thres20,1639.3222546486145,1628.905804294324,1332.4262127161062,2003.190152026482
Overall,70,98,ReRZV_1d,2024,1,Thres30,2386.295313722491,2372.3755451963716,1936.0545586266794,2914.882150560085
Overall,70,98,ReRZV_1d,2024,1,Thres20_50,NA,1628.905804294324,NA,NA
Overall,70,98,ReRZV_1d,2024,1,Thres30_90,NA,2066.469364467042,NA,NA
Overall,70,98,ReRZV_1d,2024,1,Thres,NA,1628.905804294324,NA,NA
Overall,70,98,ReRZV_2d,2024,1,N0,1,1,1,1
Overall,70,98,ReRZV_2d,2024,1,dYear_Life,1.4660845282623037e-4,1.4477164411275112e-4,1.0563882138416857e-4,1.9779455316948352e-4
Overall,70,98,ReRZV_2d,2024,1,dYear_Immunised,4.697930472607325,4.6773097709310765,4.053858728387392,5.462857733557392
Overall,70,98,ReRZV_2d,2024,1,dRisk_HZ,-0.039850611357866626,-0.039660884873727514,-0.047029165804237494,-0.033854400587667796
Overall,70,98,ReRZV_2d,2024,1,dRisk_Hosp,-0.0011363163703818405,-0.0011193987108938904,-0.0015543080672130289,-8.231285465921515e-4
Overall,70,98,ReRZV_2d,2024,1,dRisk_PHN,-0.002939696630095211,-0.002917710579679565,-0.003646404809398548,-0.002371264053263721
Overall,70,98,ReRZV_2d,2024,1,dRisk_Death,-1.8371169882271452e-5,-1.8067754583767326e-5,-2.6096604116029742e-5,-1.2592778334585687e-5
Overall,70,98,ReRZV_2d,2024,1,dQ_Life,1.0293910896148174e-4,1.0169783623403816e-4,7.437214087526734e-5,1.3856689914968354e-4
Overall,70,98,ReRZV_2d,2024,1,dQ_HZ,0.005404442593706546,0.005375381342152068,0.00438078180922791,0.006599569219093201
Overall,70,98,ReRZV_2d,2024,1,dQ_HZ_Norm,0.0018728587127128343,0.0018652963479997074,0.0015442137722352111,0.002264536020111909
Overall,70,98,ReRZV_2d,2024,1,dQ_All,0.00550580912578594,0.005477183823202836,0.004457849866343766,0.006733669086611771
Overall,70,98,ReRZV_2d,2024,1,dQ_HZ_d,0.005404442593706546,0.005375381342152068,0.00438078180922791,0.006599569219093201
Overall,70,98,ReRZV_2d,2024,1,dQ_HZ_Norm_d,0.0018728587127128343,0.0018652963479997074,0.0015442137722352111,0.002264536020111909
Overall,70,98,ReRZV_2d,2024,1,dQ_Life_d,1.0293910896148174e-4,1.0169783623403816e-4,7.437214087526734e-5,1.3856689914968354e-4
Overall,70,98,ReRZV_2d,2024,1,dQ_All_d,0.005507381702668011,0.005478611910810116,0.004459368270433339,0.006735896121893247
Overall,70,98,ReRZV_2d,2024,1,dC_Hosp,-4.541740337202427,-4.459028685366995,-6.322238230286902,-3.2166782702361676
Overall,70,98,ReRZV_2d,2024,1,dC_GP_NonPHN,-4.556508018544358,-4.538828313724499,-5.355712043735954,-3.8820193682277777
Overall,70,98,ReRZV_2d,2024,1,dC_GP_PHN,-1.6301350852131395,-1.619916635104763,-2.0303329380918624,-1.3039180173650944
Overall,70,98,ReRZV_2d,2024,1,dC_GP,-6.186643103757498,-6.1539020562522815,-7.341017827483365,-5.209686564553106
Overall,70,98,ReRZV_2d,2024,1,dC_Med,-10.728383440959924,-10.625001891206836,-13.546609243873739,-8.543469705197438
Overall,70,98,ReRZV_2d,2024,1,dC_VacZVL,110,110,110,110
Overall,70,98,ReRZV_2d,2024,1,dC_VacRZV,12.523671890847506,12.523685803192357,12.522805750366006,12.52437925158572
Overall,70,98,ReRZV_2d,2024,1,dC_Vac,122.52367189084751,122.52368580319235,122.522805750366,122.52437925158573
Overall,70,98,ReRZV_2d,2024,1,dC_All,111.79528844988758,111.89861731256275,108.97684837736827,113.97990918308324
Overall,70,98,ReRZV_2d,2024,1,dC_Hosp_d,-4.541740337202427,-4.459028685366995,-6.322238230286902,-3.2166782702361676
Overall,70,98,ReRZV_2d,2024,1,dC_GP_NonPHN_d,-4.556508018544358,-4.538828313724499,-5.355712043735954,-3.8820193682277777
Overall,70,98,ReRZV_2d,2024,1,dC_GP_PHN_d,-1.6301350852131395,-1.619916635104763,-2.0303329380918624,-1.3039180173650944
Overall,70,98,ReRZV_2d,2024,1,dC_GP_d,-6.186643103757498,-6.1539020562522815,-7.341017827483365,-5.209686564553106
Overall,70,98,ReRZV_2d,2024,1,dC_Med_d,-10.728383440959924,-10.625001891206836,-13.546609243873739,-8.543469705197438
Overall,70,98,ReRZV_2d,2024,1,dC_VacZVL_d,110,110,110,110
Overall,70,98,ReRZV_2d,2024,1,dC_VacRZV_d,12.523671890847506,12.523685803192357,12.522805750366006,12.52437925158572
Overall,70,98,ReRZV_2d,2024,1,dC_Vac_d,122.52367189084751,122.52368580319235,122.522805750366,122.52437925158573
Overall,70,98,ReRZV_2d,2024,1,dC_All_d,111.79528844988758,111.89861731256275,108.97684837736827,113.97990918308324
Overall,70,98,ReRZV_2d,2024,1,dN_VacZVL,1,1,1,1
Overall,70,98,ReRZV_2d,2024,1,dN_VacRZV,0.14733731636291184,0.14733748003755714,0.14732712647489418,0.14734563825394967
Overall,70,98,ReRZV_2d,2024,1,dN_VacZVL_d,1,1,1,1
Overall,70,98,ReRZV_2d,2024,1,dN_VacRZV_d,0.14733731636291184,0.14733748003755714,0.14732712647489418,0.14734563825394967
Overall,70,98,ReRZV_2d,2024,1,ICER,20554.257075751324,20428.477065492203,16232.875065656186,25462.184593234466
Overall,70,98,ReRZV_2d,2024,1,Price0,85,85,85,85
Overall,70,98,ReRZV_2d,2024,1,Thres20,820.402598124525,815.5721666184611,667.0870528968509,1002.3036997433273
Overall,70,98,ReRZV_2d,2024,1,Thres30,1194.1963774425428,1187.4376367719342,968.7448375595949,1458.3234847137999
Overall,70,98,ReRZV_2d,2024,1,Thres20_50,NA,815.5721666184611,NA,NA
Overall,70,98,ReRZV_2d,2024,1,Thres30_90,NA,1034.9216087636762,NA,NA
Overall,70,98,ReRZV_2d,2024,1,Thres,NA,815.5721666184611,NA,NA
Overall,70,99,ReRZV_1d,2024,1,N0,1,1,1,1
Overall,70,99,ReRZV_1d,2024,1,dYear_Life,1.4447547444735952e-4,1.427667859079662e-4,1.0342498796980237e-4,1.9601438401437574e-4
Overall,70,99,ReRZV_1d,2024,1,dYear_Immunised,4.6488459739151224,4.626798346709218,4.003218720058876,5.414434227743029
Overall,70,99,ReRZV_1d,2024,1,dRisk_HZ,-0.03943161549475395,-0.03924881409846129,-0.046603368457618755,-0.03342784172737695
Overall,70,99,ReRZV_1d,2024,1,dRisk_Hosp,-0.0010881022897015775,-0.0010695834993233373,-0.001505060913484914,-7.753549614957887e-4
Overall,70,99,ReRZV_1d,2024,1,dRisk_PHN,-0.002907417417091623,-0.002883963993153758,-0.003612408361702129,-0.0023379227386466127
Overall,70,99,ReRZV_1d,2024,1,dRisk_Death,-1.7078893090563432e-5,-1.6775728043650934e-5,-2.478934804866562e-5,-1.1230837110350697e-5
Overall,70,99,ReRZV_1d,2024,1,dQ_Life,1.0185088881564041e-4,1.0058213099384261e-4,7.322729389911408e-5,1.3747377665596078e-4
Overall,70,99,ReRZV_1d,2024,1,dQ_HZ,0.005332118266116859,0.005302712157872366,0.004313845073514925,0.006523378208207885
Overall,70,99,ReRZV_1d,2024,1,dQ_HZ_Norm,0.0018541749000664006,0.0018460775285491487,0.001527878685625814,0.002245238853671825
Overall,70,99,ReRZV_1d,2024,1,dQ_All,0.005433076335667275,0.005405019857648519,0.0043903258591455165,0.006650438088759491
Overall,70,99,ReRZV_1d,2024,1,dQ_HZ_d,0.005332118266116859,0.005302712157872366,0.004313845073514925,0.006523378208207885
Overall,70,99,ReRZV_1d,2024,1,dQ_HZ_Norm_d,0.0018541749000664006,0.0018460775285491487,0.001527878685625814,0.002245238853671825
Overall,70,99,ReRZV_1d,2024,1,dQ_Life_d,1.0185088881564041e-4,1.0058213099384261e-4,7.322729389911408e-5,1.3747377665596078e-4
Overall,70,99,ReRZV_1d,2024,1,dQ_All_d,0.005433969154932508,0.005405916606690653,0.004390971446373105,0.00665146801403793
Overall,70,99,ReRZV_1d,2024,1,dC_Hosp,-4.300080234784517,-4.2283239760136375,-6.035748227123411,-2.973118355992678
Overall,70,99,ReRZV_1d,2024,1,dC_GP_NonPHN,-4.513139341569129,-4.49439882611394,-5.31507914646351,-3.8357467708962467
Overall,70,99,ReRZV_1d,2024,1,dC_GP_PHN,-1.613828972116566,-1.6034195154864,-2.016417029509654,-1.2882376960225252
Overall,70,99,ReRZV_1d,2024,1,dC_GP,-6.126968313685695,-6.095355824795057,-7.285789048882017,-5.147380620568553
Overall,70,99,ReRZV_1d,2024,1,dC_Med,-10.427048548470212,-10.318262967671572,-13.254812551992654,-8.266726783211015
Overall,70,99,ReRZV_1d,2024,1,dC_VacZVL,110,110,110,110
Overall,70,99,ReRZV_1d,2024,1,dC_VacRZV,4.517129142692449,4.517135025514266,4.516781991565354,4.517410820578468
Overall,70,99,ReRZV_1d,2024,1,dC_Vac,114.51712914269245,114.51713502551426,114.51678199156534,114.51741082057846
Overall,70,99,ReRZV_1d,2024,1,dC_All,104.09008059422224,104.19887202337443,101.2624975564736,106.2504167734825
Overall,70,99,ReRZV_1d,2024,1,dC_Hosp_d,-4.300080234784517,-4.2283239760136375,-6.035748227123411,-2.973118355992678
Overall,70,99,ReRZV_1d,2024,1,dC_GP_NonPHN_d,-4.513139341569129,-4.49439882611394,-5.31507914646351,-3.8357467708962467
Overall,70,99,ReRZV_1d,2024,1,dC_GP_PHN_d,-1.613828972116566,-1.6034195154864,-2.016417029509654,-1.2882376960225252
Overall,70,99,ReRZV_1d,2024,1,dC_GP_d,-6.126968313685695,-6.095355824795057,-7.285789048882017,-5.147380620568553
Overall,70,99,ReRZV_1d,2024,1,dC_Med_d,-10.427048548470212,-10.318262967671572,-13.254812551992654,-8.266726783211015
Overall,70,99,ReRZV_1d,2024,1,dC_VacZVL_d,110,110,110,110
Overall,70,99,ReRZV_1d,2024,1,dC_VacRZV_d,4.517129142692449,4.517135025514266,4.516781991565354,4.517410820578468
Overall,70,99,ReRZV_1d,2024,1,dC_Vac_d,114.51712914269245,114.51713502551426,114.51678199156534,114.51741082057846
Overall,70,99,ReRZV_1d,2024,1,dC_All_d,104.09008059422224,104.19887202337443,101.2624975564736,106.2504167734825
Overall,70,99,ReRZV_1d,2024,1,dN_VacZVL,1,1,1,1
Overall,70,99,ReRZV_1d,2024,1,dN_VacRZV,0.05314269579638175,0.05314276500605019,0.053138611665474754,0.053146009653864325
Overall,70,99,ReRZV_1d,2024,1,dN_VacZVL_d,1,1,1,1
Overall,70,99,ReRZV_1d,2024,1,dN_VacRZV_d,0.05314269579638175,0.05314276500605019,0.053138611665474754,0.053146009653864325
Overall,70,99,ReRZV_1d,2024,1,ICER,19402.38653529742,19286.355588584636,15262.390311070521,24084.92337112422
Overall,70,99,ReRZV_1d,2024,1,Price0,85,85,84.99999999999999,85.00000000000001
Overall,70,99,ReRZV_1d,2024,1,Thres20,2241.254867024119,2227.3520323715247,1816.526560549405,2743.4662886204155
Overall,70,99,ReRZV_1d,2024,1,Thres30,3263.778158821777,3246.31510831765,2641.500304375917,3991.4147269869113
Overall,70,99,ReRZV_1d,2024,1,Thres20_50,NA,2227.3520323715247,NA,NA
Overall,70,99,ReRZV_1d,2024,1,Thres30_90,NA,2818.8682569868065,NA,NA
Overall,70,99,ReRZV_1d,2024,1,Thres,NA,2227.3520323715247,NA,NA
Overall,70,99,ReRZV_2d,2024,1,N0,1,1,1,1
Overall,70,99,ReRZV_2d,2024,1,dYear_Life,1.44508277968022e-4,1.428100003533217e-4,1.0345058826795039e-4,1.960581824197227e-4
Overall,70,99,ReRZV_2d,2024,1,dYear_Immunised,4.650912169266613,4.627891272542172,4.005185374118111,5.417368792497759
Overall,70,99,ReRZV_2d,2024,1,dRisk_HZ,-0.039448958214469816,-0.0392587527788834,-0.04663658582676117,-0.03344302549968848
Overall,70,99,ReRZV_2d,2024,1,dRisk_Hosp,-0.0010901199765205511,-0.0010723407179490966,-0.0015051889150781046,-7.768368379482849e-4
Overall,70,99,ReRZV_2d,2024,1,dRisk_PHN,-0.002908723197728933,-0.0028846396093330368,-0.003613333514286444,-0.0023381964341753453
Overall,70,99,ReRZV_2d,2024,1,dRisk_Death,-1.713323786182855e-5,-1.6811619092120402e-5,-2.4872086318265817e-5,-1.129163028778095e-5
Overall,70,99,ReRZV_2d,2024,1,dQ_Life,1.0186134295019756e-4,1.0058813717250814e-4,7.322807603795666e-5,1.3748601005407753e-4
Overall,70,99,ReRZV_2d,2024,1,dQ_HZ,0.005333968842597898,0.005304059172020873,0.004315314432800511,0.0065276360853855865
Overall,70,99,ReRZV_2d,2024,1,dQ_HZ_Norm,0.0018546501774060592,0.0018463305279191383,0.0015282432431851989,0.0022454541418091005
Overall,70,99,ReRZV_2d,2024,1,dQ_All,0.005434926912148308,0.005406152925759855,0.0043917952184310055,0.006651213936748323
Overall,70,99,ReRZV_2d,2024,1,dQ_HZ_d,0.005333968842597898,0.005304059172020873,0.004315314432800511,0.0065276360853855865
Overall,70,99,ReRZV_2d,2024,1,dQ_HZ_Norm_d,0.0018546501774060592,0.0018463305279191383,0.0015282432431851989,0.0022454541418091005
Overall,70,99,ReRZV_2d,2024,1,dQ_Life_d,1.0186134295019756e-4,1.0058813717250814e-4,7.322807603795666e-5,1.3748601005407753e-4
Overall,70,99,ReRZV_2d,2024,1,dQ_All_d,0.005435830185548112,0.005407083418547565,0.004392454694441694,0.0066522475408713685
Overall,70,99,ReRZV_2d,2024,1,dC_Hosp,-4.306362523853234,-4.233179071532634,-6.046043464123024,-2.979786100199458
Overall,70,99,ReRZV_2d,2024,1,dC_GP_NonPHN,-4.514233618044838,-4.494989905749941,-5.317134124058031,-3.8363400189924066
Overall,70,99,ReRZV_2d,2024,1,dC_GP_PHN,-1.614236100539138,-1.6037858504622657,-2.016600133603893,-1.2883617671456014
Overall,70,99,ReRZV_2d,2024,1,dC_GP,-6.128469718583976,-6.09634265534387,-7.2887858545167425,-5.1496818508211355
Overall,70,99,ReRZV_2d,2024,1,dC_Med,-10.43483224243721,-10.325834102256163,-13.271087233686425,-8.275181657077844
Overall,70,99,ReRZV_2d,2024,1,dC_VacZVL,110,110,110,110
Overall,70,99,ReRZV_2d,2024,1,dC_VacRZV,9.034258285384897,9.034270051028532,9.033563983130708,9.034821641156936
Overall,70,99,ReRZV_2d,2024,1,dC_Vac,119.0342582853849,119.03427005102853,119.0335639831307,119.03482164115694
Overall,70,99,ReRZV_2d,2024,1,dC_All,108.59942604294768,108.70857523531306,105.76346438309454,110.75910545630916
Overall,70,99,ReRZV_2d,2024,1,dC_Hosp_d,-4.306362523853234,-4.233179071532634,-6.046043464123024,-2.979786100199458
Overall,70,99,ReRZV_2d,2024,1,dC_GP_NonPHN_d,-4.514233618044838,-4.494989905749941,-5.317134124058031,-3.8363400189924066
Overall,70,99,ReRZV_2d,2024,1,dC_GP_PHN_d,-1.614236100539138,-1.6037858504622657,-2.016600133603893,-1.2883617671456014
Overall,70,99,ReRZV_2d,2024,1,dC_GP_d,-6.128469718583976,-6.09634265534387,-7.2887858545167425,-5.1496818508211355
Overall,70,99,ReRZV_2d,2024,1,dC_Med_d,-10.43483224243721,-10.325834102256163,-13.271087233686425,-8.275181657077844
Overall,70,99,ReRZV_2d,2024,1,dC_VacZVL_d,110,110,110,110
Overall,70,99,ReRZV_2d,2024,1,dC_VacRZV_d,9.034258285384897,9.034270051028532,9.033563983130708,9.034821641156936
Overall,70,99,ReRZV_2d,2024,1,dC_Vac_d,119.0342582853849,119.03427005102853,119.0335639831307,119.03482164115694
Overall,70,99,ReRZV_2d,2024,1,dC_All_d,108.59942604294768,108.70857523531306,105.76346438309454,110.75910545630916
Overall,70,99,ReRZV_2d,2024,1,dN_VacZVL,1,1,1,1
Overall,70,99,ReRZV_2d,2024,1,dN_VacRZV,0.1062853915927635,0.10628553001210038,0.10627722333094951,0.10629201930772865
Overall,70,99,ReRZV_2d,2024,1,dN_VacZVL_d,1,1,1,1
Overall,70,99,ReRZV_2d,2024,1,dN_VacRZV_d,0.1062853915927635,0.10628553001210038,0.10627722333094951,0.10629201930772865
Overall,70,99,ReRZV_2d,2024,1,ICER,20234.966581407225,20109.047585795775,15939.198256410898,25100.894099263736
Overall,70,99,ReRZV_2d,2024,1,Price0,85,85,84.99999999999999,85.00000000000001
Overall,70,99,ReRZV_2d,2024,1,Thres20,1121.050862029334,1114.3901040933274,908.6115346513799,1372.1691125332597
Overall,70,99,ReRZV_2d,2024,1,Thres30,1632.48760526008,1624.2340131467226,1321.6029253452166,1996.186947689047
Overall,70,99,ReRZV_2d,2024,1,Thres20_50,NA,1114.3901040933274,NA,NA
Overall,70,99,ReRZV_2d,2024,1,Thres30_90,NA,1409.8666550099833,NA,NA
Overall,70,99,ReRZV_2d,2024,1,Thres,NA,1114.3901040933274,NA,NA
Overall,70,NA,Vac,2024,1,N0,1,1,1,1
Overall,70,NA,Vac,2024,1,dYear_Life,1.4362234540855567e-4,1.4194266143796597e-4,1.0260662195564763e-4,1.9531967219803547e-4
Overall,70,NA,Vac,2024,1,dYear_Immunised,4.595207151853868,4.571310483535025,3.9478608318284993,5.363716873986274
Overall,70,NA,Vac,2024,1,dRisk_HZ,-0.0389817555718894,-0.038791477656042586,-0.04620431149797125,-0.0329665376818185
Overall,70,NA,Vac,2024,1,dRisk_Hosp,-0.0010359125996055607,-0.0010195495448307727,-0.0014515977959815166,-7.252073196382275e-4
Overall,70,NA,Vac,2024,1,dRisk_PHN,-0.0028733885642928695,-0.0028503879593922725,-0.0035819756404075194,-0.00230642012700345
Overall,70,NA,Vac,2024,1,dRisk_Death,-1.56665481602679e-5,-1.534193846685202e-5,-2.3515402257517925e-5,-9.841745344547337e-6
Overall,70,NA,Vac,2024,1,dQ_Life,1.0157900562733868e-4,1.0034017577620347e-4,7.290877446695099e-5,1.3720301670940845e-4
Overall,70,NA,Vac,2024,1,dQ_HZ,0.005284153335266312,0.0052531772356312935,0.004271893037587515,0.006474188679622957
Overall,70,NA,Vac,2024,1,dQ_HZ_Norm,0.0018418670438578484,0.0018333749350698618,0.0015159016528886234,0.0022339644091969586
Overall,70,NA,Vac,2024,1,dQ_All,0.005385111404816719,0.005357609524649476,0.004345434120494485,0.006588732604979296
Overall,70,NA,Vac,2024,1,dQ_HZ_d,0.005284153335266312,0.0052531772356312935,0.004271893037587515,0.006474188679622957
Overall,70,NA,Vac,2024,1,dQ_HZ_Norm_d,0.0018418670438578484,0.0018333749350698618,0.0015159016528886234,0.0022339644091969586
Overall,70,NA,Vac,2024,1,dQ_Life_d,1.0157900562733868e-4,1.0034017577620347e-4,7.290877446695099e-5,1.3720301670940845e-4
Overall,70,NA,Vac,2024,1,dQ_All_d,0.005385732340893656,0.005358301873857663,0.004346015542344394,0.0065894695522927356
Overall,70,NA,Vac,2024,1,dC_Hosp,-4.137196792368343,-4.057326082414475,-5.875972695857191,-2.822052355703419
Overall,70,NA,Vac,2024,1,dC_GP_NonPHN,-4.484740049939693,-4.462985286719459,-5.290448701517531,-3.80581424235459
Overall,70,NA,Vac,2024,1,dC_GP_PHN,-1.603224926441659,-1.5923886592948944,-2.0075428456521545,-1.2772925241335598
Overall,70,NA,Vac,2024,1,dC_GP,-6.087964976381352,-6.054434234871795,-7.256588936459868,-5.111595516809314
Overall,70,NA,Vac,2024,1,dC_Med,-10.225161768749695,-10.090316662937944,-13.062101520587508,-8.042283016181123
Overall,70,NA,Vac,2024,1,dC_VacZVL,110,110,110,110
Overall,70,NA,Vac,2024,1,dC_VacRZV,0,0,0,0
Overall,70,NA,Vac,2024,1,dC_Vac,110,110,110,110
Overall,70,NA,Vac,2024,1,dC_All,99.7748382312503,99.90968333706206,96.93789847941248,101.95771698381886
Overall,70,NA,Vac,2024,1,dC_Hosp_d,-4.137196792368343,-4.057326082414475,-5.875972695857191,-2.822052355703419
Overall,70,NA,Vac,2024,1,dC_GP_NonPHN_d,-4.484740049939693,-4.462985286719459,-5.290448701517531,-3.80581424235459
Overall,70,NA,Vac,2024,1,dC_GP_PHN_d,-1.603224926441659,-1.5923886592948944,-2.0075428456521545,-1.2772925241335598
Overall,70,NA,Vac,2024,1,dC_GP_d,-6.087964976381352,-6.054434234871795,-7.256588936459868,-5.111595516809314
Overall,70,NA,Vac,2024,1,dC_Med_d,-10.225161768749695,-10.090316662937944,-13.062101520587508,-8.042283016181123
Overall,70,NA,Vac,2024,1,dC_VacZVL_d,110,110,110,110
Overall,70,NA,Vac,2024,1,dC_VacRZV_d,0,0,0,0
Overall,70,NA,Vac,2024,1,dC_Vac_d,110,110,110,110
Overall,70,NA,Vac,2024,1,dC_All_d,99.7748382312503,99.90968333706206,96.93789847941248,101.95771698381886
Overall,70,NA,Vac,2024,1,dN_VacZVL,1,1,1,1
Overall,70,NA,Vac,2024,1,dN_VacRZV,0,0,0,0
Overall,70,NA,Vac,2024,1,dN_VacZVL_d,1,1,1,1
Overall,70,NA,Vac,2024,1,dN_VacRZV_d,0,0,0,0
Overall,70,NA,Vac,2024,1,ICER,18768.742383065946,18647.322127749358,14744.86230871262,23369.183174094254
Overall,70,NA,Vac,2024,1,Price0,NA,NA,NA,NA
Overall,70,NA,Vac,2024,1,Thres20,Inf,Inf,Inf,Inf
Overall,70,NA,Vac,2024,1,Thres30,Inf,Inf,Inf,Inf
Overall,70,NA,Vac,2024,1,Thres20_50,NA,Inf,NA,NA
Overall,70,NA,Vac,2024,1,Thres30_90,NA,Inf,NA,NA
Overall,70,NA,Vac,2024,1,Thres,NA,Inf,NA,NA
Overall,75,80,ReRZV_1d,2024,1,N0,1,1,1,1
Overall,75,80,ReRZV_1d,2024,1,dYear_Life,6.131958638752906e-4,6.133222054662824e-4,5.053395622747648e-4,7.210754813349317e-4
Overall,75,80,ReRZV_1d,2024,1,dYear_Immunised,9.116562194947967,9.15202443830901,8.111948004689028,9.879337744281171
Overall,75,80,ReRZV_1d,2024,1,dRisk_HZ,-0.08482984033091427,-0.08521747842441607,-0.09228663784088874,-0.07491808071417692
Overall,75,80,ReRZV_1d,2024,1,dRisk_Hosp,-0.004676697339358563,-0.004658736347802592,-0.0056334058008259665,-0.0038160901059830265
Overall,75,80,ReRZV_1d,2024,1,dRisk_PHN,-0.007450998037371118,-0.007465078360458523,-0.008398618886259375,-0.006402985268992941
Overall,75,80,ReRZV_1d,2024,1,dRisk_Death,-1.0271739071162055e-4,-1.0234680198527272e-4,-1.2382586348791492e-4,-8.226394569118002e-5
Overall,75,80,ReRZV_1d,2024,1,dQ_Life,4.187508643478557e-4,4.1899411511536755e-4,3.458982763948182e-4,4.916758359198246e-4
Overall,75,80,ReRZV_1d,2024,1,dQ_HZ,0.012490424488244244,0.01244268262295905,0.010535643589213651,0.014662563547483196
Overall,75,80,ReRZV_1d,2024,1,dQ_HZ_Norm,0.0038364408614269584,0.003827263536512168,0.0032090254186796408,0.004503756540216588
Overall,75,80,ReRZV_1d,2024,1,dQ_All,0.012901942016182761,0.01286644564581163,0.010906776071058433,0.015116094669407821
Overall,75,80,ReRZV_1d,2024,1,dQ_HZ_d,0.012490424488244244,0.01244268262295905,0.010535643589213651,0.014662563547483196
Overall,75,80,ReRZV_1d,2024,1,dQ_HZ_Norm_d,0.0038364408614269584,0.003827263536512168,0.0032090254186796408,0.004503756540216588
Overall,75,80,ReRZV_1d,2024,1,dQ_Life_d,4.187508643478557e-4,4.1899411511536755e-4,3.458982763948182e-4,4.916758359198246e-4
Overall,75,80,ReRZV_1d,2024,1,dQ_All_d,0.012909175352592072,0.01287458481056536,0.010915145049903608,0.015124451245155112
Overall,75,80,ReRZV_1d,2024,1,dC_Hosp,-20.39019185583062,-20.301231284129774,-24.693710438672547,-16.467204245690805
Overall,75,80,ReRZV_1d,2024,1,dC_GP_NonPHN,-9.314390853237018,-9.3455338336391,-10.15645263167449,-8.219246635223804
Overall,75,80,ReRZV_1d,2024,1,dC_GP_PHN,-4.03808569572475,-4.040631081983809,-4.616306034954269,-3.4469356856424933
Overall,75,80,ReRZV_1d,2024,1,dC_GP,-13.352476548961768,-13.427032906423786,-14.594514304034494,-11.728135091308497
Overall,75,80,ReRZV_1d,2024,1,dC_Med,-33.74266840479239,-33.706581893184264,-38.81234041715988,-28.745365275104152
Overall,75,80,ReRZV_1d,2024,1,dC_VacZVL,110,110,110,110
Overall,75,80,ReRZV_1d,2024,1,dC_VacRZV,75.33743847368007,75.33743957260415,75.33737092060078,75.33749849222414
Overall,75,80,ReRZV_1d,2024,1,dC_Vac,185.33743847368007,185.33743957260415,185.33737092060076,185.33749849222417
Overall,75,80,ReRZV_1d,2024,1,dC_All,151.59477006888767,151.63084574812405,146.5250802079723,156.59207284003836
Overall,75,80,ReRZV_1d,2024,1,dC_Hosp_d,-20.39019185583062,-20.301231284129774,-24.693710438672547,-16.467204245690805
Overall,75,80,ReRZV_1d,2024,1,dC_GP_NonPHN_d,-9.314390853237018,-9.3455338336391,-10.15645263167449,-8.219246635223804
Overall,75,80,ReRZV_1d,2024,1,dC_GP_PHN_d,-4.03808569572475,-4.040631081983809,-4.616306034954269,-3.4469356856424933
Overall,75,80,ReRZV_1d,2024,1,dC_GP_d,-13.352476548961768,-13.427032906423786,-14.594514304034494,-11.728135091308497
Overall,75,80,ReRZV_1d,2024,1,dC_Med_d,-33.74266840479239,-33.706581893184264,-38.81234041715988,-28.745365275104152
Overall,75,80,ReRZV_1d,2024,1,dC_VacZVL_d,110,110,110,110
Overall,75,80,ReRZV_1d,2024,1,dC_VacRZV_d,75.33743847368007,75.33743957260415,75.33737092060078,75.33749849222414
Overall,75,80,ReRZV_1d,2024,1,dC_Vac_d,185.33743847368007,185.33743957260415,185.33737092060076,185.33749849222417
Overall,75,80,ReRZV_1d,2024,1,dC_All_d,151.59477006888767,151.63084574812405,146.5250802079723,156.59207284003836
Overall,75,80,ReRZV_1d,2024,1,dN_VacZVL,1,1,1,1
Overall,75,80,ReRZV_1d,2024,1,dN_VacRZV,0.8863228055727066,0.8863228185012253,0.8863220108305974,0.8863235116732253
Overall,75,80,ReRZV_1d,2024,1,dN_VacZVL_d,1,1,1,1
Overall,75,80,ReRZV_1d,2024,1,dN_VacRZV_d,0.8863228055727066,0.8863228185012253,0.8863220108305974,0.8863235116732253
Overall,75,80,ReRZV_1d,2024,1,ICER,11830.854929700392,11773.25419520352,9862.384557146923,14156.783357235894
Overall,75,80,ReRZV_1d,2024,1,Price0,85,85,84.99999999999999,85.00000000000001
Overall,75,80,ReRZV_1d,2024,1,Thres20,329.36778026486087,328.61905141416946,281.0886296957051,382.20429675493506
Overall,75,80,ReRZV_1d,2024,1,Thres30,475.0164678120251,473.9318015311892,404.2545401499809,552.7819547611927
Overall,75,80,ReRZV_1d,2024,1,Thres20_50,NA,328.61905141416946,NA,NA
Overall,75,80,ReRZV_1d,2024,1,Thres30_90,NA,428.4854845028999,NA,NA
Overall,75,80,ReRZV_1d,2024,1,Thres,NA,328.61905141416946,NA,NA
Overall,75,80,ReRZV_2d,2024,1,N0,1,1,1,1
Overall,75,80,ReRZV_2d,2024,1,dYear_Life,6.335823753373191e-4,6.32707750927608e-4,5.344058108949667e-4,7.407418580402059e-4
Overall,75,80,ReRZV_2d,2024,1,dYear_Immunised,9.370357455693041,9.392963921293266,8.576049715115392,10.0086640739951
Overall,75,80,ReRZV_2d,2024,1,dRisk_HZ,-0.08722516419818085,-0.08748653965023964,-0.09370358467822068,-0.07958494329807031
Overall,75,80,ReRZV_2d,2024,1,dRisk_Hosp,-0.004834166891794366,-0.004811800208468504,-0.005791888456622978,-0.003979148478196991
Overall,75,80,ReRZV_2d,2024,1,dRisk_PHN,-0.007666892139044553,-0.00767414226545933,-0.008533177724369284,-0.006762325396939717
Overall,75,80,ReRZV_2d,2024,1,dRisk_Death,-1.0640142950079531e-4,-1.061532112093161e-4,-1.2703774453492016e-4,-8.719005445865648e-5
Overall,75,80,ReRZV_2d,2024,1,dQ_Life,4.3256733567020335e-4,4.320947813649667e-4,3.6543660746359843e-4,5.042392475333999e-4
Overall,75,80,ReRZV_2d,2024,1,dQ_HZ,0.012852146545827881,0.012798148584485306,0.011086196542096277,0.014946573358583699
Overall,75,80,ReRZV_2d,2024,1,dQ_HZ_Norm,0.00394370702304374,0.003929940989484111,0.0033573061713146495,0.004601911158042701
Overall,75,80,ReRZV_2d,2024,1,dQ_All,0.013277203945190894,0.013227119538058218,0.011475749818676162,0.015412753439967817
Overall,75,80,ReRZV_2d,2024,1,dQ_HZ_d,0.012852146545827881,0.012798148584485306,0.011086196542096277,0.014946573358583699
Overall,75,80,ReRZV_2d,2024,1,dQ_HZ_Norm_d,0.00394370702304374,0.003929940989484111,0.0033573061713146495,0.004601911158042701
Overall,75,80,ReRZV_2d,2024,1,dQ_Life_d,4.3256733567020335e-4,4.320947813649667e-4,3.6543660746359843e-4,5.042392475333999e-4
Overall,75,80,ReRZV_2d,2024,1,dQ_All_d,0.013284713881498064,0.013234534467163606,0.011482083676143695,0.015420741857318763
Overall,75,80,ReRZV_2d,2024,1,dC_Hosp,-21.08755019973468,-20.987821010109254,-25.444476950683324,-17.292674643701915
Overall,75,80,ReRZV_2d,2024,1,dC_GP_NonPHN,-9.57353365090662,-9.598455346612923,-10.302932933217422,-8.726259068630345
Overall,75,80,ReRZV_2d,2024,1,dC_GP_PHN,-4.153806208168456,-4.145038071058796,-4.703757307679816,-3.622333782607786
Overall,75,80,ReRZV_2d,2024,1,dC_GP,-13.727339859075077,-13.761971606825755,-14.796992987999428,-12.451068887579316
Overall,75,80,ReRZV_2d,2024,1,dC_Med,-34.81489005880975,-34.72094494411755,-39.63766583438246,-30.293204003384428
Overall,75,80,ReRZV_2d,2024,1,dC_VacZVL,110,110,110,110
Overall,75,80,ReRZV_2d,2024,1,dC_VacRZV,150.67487694736013,150.6748791452083,150.67474184120155,150.67499698444828
Overall,75,80,ReRZV_2d,2024,1,dC_Vac,260.67487694736013,260.6748791452083,260.6747418412015,260.6749969844483
Overall,75,80,ReRZV_2d,2024,1,dC_All,225.85998688855037,225.95389461656765,221.03717828594048,230.38168287909818
Overall,75,80,ReRZV_2d,2024,1,dC_Hosp_d,-21.08755019973468,-20.987821010109254,-25.444476950683324,-17.292674643701915
Overall,75,80,ReRZV_2d,2024,1,dC_GP_NonPHN_d,-9.57353365090662,-9.598455346612923,-10.302932933217422,-8.726259068630345
Overall,75,80,ReRZV_2d,2024,1,dC_GP_PHN_d,-4.153806208168456,-4.145038071058796,-4.703757307679816,-3.622333782607786
Overall,75,80,ReRZV_2d,2024,1,dC_GP_d,-13.727339859075077,-13.761971606825755,-14.796992987999428,-12.451068887579316
Overall,75,80,ReRZV_2d,2024,1,dC_Med_d,-34.81489005880975,-34.72094494411755,-39.63766583438246,-30.293204003384428
Overall,75,80,ReRZV_2d,2024,1,dC_VacZVL_d,110,110,110,110
Overall,75,80,ReRZV_2d,2024,1,dC_VacRZV_d,150.67487694736013,150.6748791452083,150.67474184120155,150.67499698444828
Overall,75,80,ReRZV_2d,2024,1,dC_Vac_d,260.67487694736013,260.6748791452083,260.6747418412015,260.6749969844483
Overall,75,80,ReRZV_2d,2024,1,dC_All_d,225.85998688855037,225.95389461656765,221.03717828594048,230.38168287909818
Overall,75,80,ReRZV_2d,2024,1,dN_VacZVL,1,1,1,1
Overall,75,80,ReRZV_2d,2024,1,dN_VacRZV,1.7726456111454132,1.7726456370024506,1.7726440216611947,1.7726470233464506
Overall,75,80,ReRZV_2d,2024,1,dN_VacZVL_d,1,1,1,1
Overall,75,80,ReRZV_2d,2024,1,dN_VacRZV_d,1.7726456111454132,1.7726456370024506,1.7726440216611947,1.7726470233464506
Overall,75,80,ReRZV_2d,2024,1,ICER,17104.562337702955,17082.19850196906,14479.175159282779,19900.296142048384
Overall,75,80,ReRZV_2d,2024,1,Price0,85,85,84.99999999999999,85.00000000000001
Overall,75,80,ReRZV_2d,2024,1,Thres20,169.52580113334577,168.8684263611781,147.69735765325163,194.97862031091694
Overall,75,80,ReRZV_2d,2024,1,Thres30,244.46866498213632,243.59827038367763,212.41512468832065,282.17890028812684
Overall,75,80,ReRZV_2d,2024,1,Thres20_50,NA,168.8684263611781,NA,NA
Overall,75,80,ReRZV_2d,2024,1,Thres30_90,NA,222.8973046972593,NA,NA
Overall,75,80,ReRZV_2d,2024,1,Thres,NA,168.8684263611781,NA,NA
Overall,75,81,ReRZV_1d,2024,1,N0,1,1,1,1
Overall,75,81,ReRZV_1d,2024,1,dYear_Life,6.008763935606298e-4,6.012815857872056e-4,4.966958381481757e-4,7.055681702192728e-4
Overall,75,81,ReRZV_1d,2024,1,dYear_Immunised,8.771816798831368,8.812291752857384,7.858819643350937,9.459737007785662
Overall,75,81,ReRZV_1d,2024,1,dRisk_HZ,-0.08158761986253156,-0.0819530650841622,-0.0882244718313317,-0.07261669704318617
Overall,75,81,ReRZV_1d,2024,1,dRisk_Hosp,-0.004590739298183295,-0.004572152659525245,-0.005523679694813838,-0.00376273834823985
Overall,75,81,ReRZV_1d,2024,1,dRisk_PHN,-0.007163097496772214,-0.0071830479351383545,-0.008047901931362265,-0.006184361774711748
Overall,75,81,ReRZV_1d,2024,1,dRisk_Death,-1.0218104443357111e-4,-1.0189999115217467e-4,-1.2272165901373904e-4,-8.210613506412558e-5
Overall,75,81,ReRZV_1d,2024,1,dQ_Life,4.097824819941014e-4,4.103157911670152e-4,3.394002430031406e-4,4.804269974745256e-4
Overall,75,81,ReRZV_1d,2024,1,dQ_HZ,0.012040120459171461,0.01199579352798478,0.010202830583572261,0.014103388643427034
Overall,75,81,ReRZV_1d,2024,1,dQ_HZ_Norm,0.003687393322147356,0.0036813510352718564,0.003098189791928935,0.004321316754302479
Overall,75,81,ReRZV_1d,2024,1,dQ_All,0.01244258776042823,0.01240135499126982,0.010551389394688738,0.014541024912866614
Overall,75,81,ReRZV_1d,2024,1,dQ_HZ_d,0.012040120459171461,0.01199579352798478,0.010202830583572261,0.014103388643427034
Overall,75,81,ReRZV_1d,2024,1,dQ_HZ_Norm_d,0.003687393322147356,0.0036813510352718564,0.003098189791928935,0.004321316754302479
Overall,75,81,ReRZV_1d,2024,1,dQ_Life_d,4.097824819941014e-4,4.103157911670152e-4,3.394002430031406e-4,4.804269974745256e-4
Overall,75,81,ReRZV_1d,2024,1,dQ_All_d,0.012449902941165557,0.01240965059165422,0.010557521189735209,0.014549502060999227
Overall,75,81,ReRZV_1d,2024,1,dC_Hosp,-20.070533927711825,-19.973860617132814,-24.318661914378865,-16.247395929205148
Overall,75,81,ReRZV_1d,2024,1,dC_GP_NonPHN,-8.94717646853241,-8.981883308377483,-9.719922593765142,-7.956012614678663
Overall,75,81,ReRZV_1d,2024,1,dC_GP_PHN,-3.8769894678966224,-3.877703459504771,-4.424193735511281,-3.326957518899716
Overall,75,81,ReRZV_1d,2024,1,dC_GP,-12.824165936429033,-12.899247256466424,-13.967725834711214,-11.34350944490809
Overall,75,81,ReRZV_1d,2024,1,dC_Med,-32.89469986414086,-32.86661513969473,-37.707936234248116,-28.16089931343267
Overall,75,81,ReRZV_1d,2024,1,dC_VacZVL,110,110,110,110
Overall,75,81,ReRZV_1d,2024,1,dC_VacRZV,72.40547671185512,72.40547949413943,72.40538539035721,72.40556238467212
Overall,75,81,ReRZV_1d,2024,1,dC_Vac,182.40547671185513,182.40547949413943,182.4053853903572,182.40556238467212
Overall,75,81,ReRZV_1d,2024,1,dC_All,149.51077684771425,149.53885869804827,144.6975214126809,154.24460823223302
Overall,75,81,ReRZV_1d,2024,1,dC_Hosp_d,-20.070533927711825,-19.973860617132814,-24.318661914378865,-16.247395929205148
Overall,75,81,ReRZV_1d,2024,1,dC_GP_NonPHN_d,-8.94717646853241,-8.981883308377483,-9.719922593765142,-7.956012614678663
Overall,75,81,ReRZV_1d,2024,1,dC_GP_PHN_d,-3.8769894678966224,-3.877703459504771,-4.424193735511281,-3.326957518899716
Overall,75,81,ReRZV_1d,2024,1,dC_GP_d,-12.824165936429033,-12.899247256466424,-13.967725834711214,-11.34350944490809
Overall,75,81,ReRZV_1d,2024,1,dC_Med_d,-32.89469986414086,-32.86661513969473,-37.707936234248116,-28.16089931343267
Overall,75,81,ReRZV_1d,2024,1,dC_VacZVL_d,110,110,110,110
Overall,75,81,ReRZV_1d,2024,1,dC_VacRZV_d,72.40547671185512,72.40547949413943,72.40538539035721,72.40556238467212
Overall,75,81,ReRZV_1d,2024,1,dC_Vac_d,182.40547671185513,182.40547949413943,182.4053853903572,182.40556238467212
Overall,75,81,ReRZV_1d,2024,1,dC_All_d,149.51077684771425,149.53885869804827,144.6975214126809,154.24460823223302
Overall,75,81,ReRZV_1d,2024,1,dN_VacZVL,1,1,1,1
Overall,75,81,ReRZV_1d,2024,1,dN_VacRZV,0.8518291377865308,0.8518291705192875,0.8518280634159672,0.851830145702025
Overall,75,81,ReRZV_1d,2024,1,dN_VacZVL_d,1,1,1,1
Overall,75,81,ReRZV_1d,2024,1,dN_VacRZV_d,0.8518291377865308,0.8518291705192875,0.8518280634159672,0.851830145702025
Overall,75,81,ReRZV_1d,2024,1,ICER,12094.605512176504,12037.741690839117,10095.605118176774,14379.071715778144
Overall,75,81,ReRZV_1d,2024,1,Price0,85,85,84.99999999999999,85.00000000000001
Overall,75,81,ReRZV_1d,2024,1,Thres20,330.9264095638221,330.1504022477108,283.74288161585577,383.5480186906583
Overall,75,81,ReRZV_1d,2024,1,Thres30,477.08134095865995,475.84107943243606,407.9598989303241,554.1451112755643
Overall,75,81,ReRZV_1d,2024,1,Thres20_50,NA,330.1504022477108,NA,NA
Overall,75,81,ReRZV_1d,2024,1,Thres30_90,NA,431.0094910622085,NA,NA
Overall,75,81,ReRZV_1d,2024,1,Thres,NA,330.1504022477108,NA,NA
Overall,75,81,ReRZV_2d,2024,1,N0,1,1,1,1
Overall,75,81,ReRZV_2d,2024,1,dYear_Life,6.202059494395229e-4,6.194187715928834e-4,5.245028326084977e-4,7.221509790483971e-4
Overall,75,81,ReRZV_2d,2024,1,dYear_Immunised,9.000963699728008,9.024101026059121,8.258146125126855,9.56579191125044
Overall,75,81,ReRZV_2d,2024,1,dRisk_HZ,-0.08375108021521117,-0.08401315733671824,-0.08951958395852735,-0.07668487717836722
Overall,75,81,ReRZV_2d,2024,1,dRisk_Hosp,-0.004740552027866102,-0.004711850377900678,-0.005681068997361939,-0.003921429225754078
Overall,75,81,ReRZV_2d,2024,1,dRisk_PHN,-0.007358306421567047,-0.007364315182437884,-0.008155948121030755,-0.006517857281566591
Overall,75,81,ReRZV_2d,2024,1,dRisk_Death,-1.0577618622675446e-4,-1.0550707924826445e-4,-1.2584413305363488e-4,-8.710215881193084e-5
Overall,75,81,ReRZV_2d,2024,1,dQ_Life,4.228452411947057e-4,4.223605193844904e-4,3.5856368237139333e-4,4.913894910326455e-4
Overall,75,81,ReRZV_2d,2024,1,dQ_HZ,0.012369174759567047,0.012312422910450255,0.010679432810305936,0.014352451597644724
Overall,75,81,ReRZV_2d,2024,1,dQ_HZ_Norm,0.0037840379900702424,0.0037699415042181605,0.003236125656801452,0.004398097816909162
Overall,75,81,ReRZV_2d,2024,1,dQ_All,0.012784427425136576,0.012736515048699992,0.011056836284197314,0.014806442956800224
Overall,75,81,ReRZV_2d,2024,1,dQ_HZ_d,0.012369174759567047,0.012312422910450255,0.010679432810305936,0.014352451597644724
Overall,75,81,ReRZV_2d,2024,1,dQ_HZ_Norm_d,0.0037840379900702424,0.0037699415042181605,0.003236125656801452,0.004398097816909162
Overall,75,81,ReRZV_2d,2024,1,dQ_Life_d,4.228452411947057e-4,4.223605193844904e-4,3.5856368237139333e-4,4.913894910326455e-4
Overall,75,81,ReRZV_2d,2024,1,dQ_All_d,0.012792020000761756,0.012744484887682539,0.01106298158701291,0.01481650176052911
Overall,75,81,ReRZV_2d,2024,1,dC_Hosp,-20.737678135751963,-20.61863620959133,-24.9476471693771,-17.08319021343323
Overall,75,81,ReRZV_2d,2024,1,dC_GP_NonPHN,-9.180262273979825,-9.21078105487317,-9.830150462326827,-8.417165503478902
Overall,75,81,ReRZV_2d,2024,1,dC_GP_PHN,-3.9812204377325293,-3.9719921344676923,-4.498713487236183,-3.483734576871336
Overall,75,81,ReRZV_2d,2024,1,dC_GP,-13.161482711712354,-13.197152304529688,-14.14565561450106,-11.991333468638443
Overall,75,81,ReRZV_2d,2024,1,dC_Med,-33.899160847464316,-33.83249352401454,-38.45189218362838,-29.597207617357498
Overall,75,81,ReRZV_2d,2024,1,dC_VacZVL,110,110,110,110
Overall,75,81,ReRZV_2d,2024,1,dC_VacRZV,144.81095342371023,144.81095898827886,144.81077078071442,144.81112476934425
Overall,75,81,ReRZV_2d,2024,1,dC_Vac,254.81095342371023,254.81095898827886,254.8107707807144,254.81112476934425
Overall,75,81,ReRZV_2d,2024,1,dC_All,220.91179257624592,220.978523928871,216.3588481686923,225.21356136439243
Overall,75,81,ReRZV_2d,2024,1,dC_Hosp_d,-20.737678135751963,-20.61863620959133,-24.9476471693771,-17.08319021343323
Overall,75,81,ReRZV_2d,2024,1,dC_GP_NonPHN_d,-9.180262273979825,-9.21078105487317,-9.830150462326827,-8.417165503478902
Overall,75,81,ReRZV_2d,2024,1,dC_GP_PHN_d,-3.9812204377325293,-3.9719921344676923,-4.498713487236183,-3.483734576871336
Overall,75,81,ReRZV_2d,2024,1,dC_GP_d,-13.161482711712354,-13.197152304529688,-14.14565561450106,-11.991333468638443
Overall,75,81,ReRZV_2d,2024,1,dC_Med_d,-33.899160847464316,-33.83249352401454,-38.45189218362838,-29.597207617357498
Overall,75,81,ReRZV_2d,2024,1,dC_VacZVL_d,110,110,110,110
Overall,75,81,ReRZV_2d,2024,1,dC_VacRZV_d,144.81095342371023,144.81095898827886,144.81077078071442,144.81112476934425
Overall,75,81,ReRZV_2d,2024,1,dC_Vac_d,254.81095342371023,254.81095898827886,254.8107707807144,254.81112476934425
Overall,75,81,ReRZV_2d,2024,1,dC_All_d,220.91179257624592,220.978523928871,216.3588481686923,225.21356136439243
Overall,75,81,ReRZV_2d,2024,1,dN_VacZVL,1,1,1,1
Overall,75,81,ReRZV_2d,2024,1,dN_VacRZV,1.7036582755730616,1.703658341038575,1.7036561268319343,1.70366029140405
Overall,75,81,ReRZV_2d,2024,1,dN_VacZVL_d,1,1,1,1
Overall,75,81,ReRZV_2d,2024,1,dN_VacRZV_d,1.7036582755730616,1.703658341038575,1.7036561268319343,1.70366029140405
Overall,75,81,ReRZV_2d,2024,1,ICER,17370.270425079747,17344.785453801545,14753.3693043862,20111.618185316634
Overall,75,81,ReRZV_2d,2024,1,Price0,85,85,84.99999999999999,85.00000000000001
Overall,75,81,ReRZV_2d,2024,1,Thres20,170.0690593343876,169.44512067024425,148.8408190387636,195.20193966650075
Overall,75,81,ReRZV_2d,2024,1,Thres30,245.15465698413698,244.2950585829263,213.74256398480213,282.2237093918478
Overall,75,81,ReRZV_2d,2024,1,Thres20_50,NA,169.44512067024425,NA,NA
Overall,75,81,ReRZV_2d,2024,1,Thres30_90,NA,224.04080863386116,NA,NA
Overall,75,81,ReRZV_2d,2024,1,Thres,NA,169.44512067024425,NA,NA
Overall,75,82,ReRZV_1d,2024,1,N0,1,1,1,1
Overall,75,82,ReRZV_1d,2024,1,dYear_Life,5.84394678587838e-4,5.84778817427356e-4,4.8342362452857834e-4,6.83849949571691e-4
Overall,75,82,ReRZV_1d,2024,1,dYear_Immunised,8.399410715400386,8.43220616275163,7.566705748946912,9.021318042904705
Overall,75,82,ReRZV_1d,2024,1,dRisk_HZ,-0.07803560585653731,-0.078363503296483,-0.08415437652034667,-0.0699506203575349
Overall,75,82,ReRZV_1d,2024,1,dRisk_Hosp,-0.004472348852542814,-0.004456405728729717,-0.005364439540574672,-0.003669378661423485
Overall,75,82,ReRZV_1d,2024,1,dRisk_PHN,-0.006834347968884644,-0.006849626700963266,-0.0076744794816901284,-0.005938436106990223
Overall,75,82,ReRZV_1d,2024,1,dRisk_Death,-1.0101208175385206e-4,-1.0080146911674064e-4,-1.2109018877260586e-4,-8.161838896776653e-5
Overall,75,82,ReRZV_1d,2024,1,dQ_Life,3.9796542210884225e-4,3.9815884384175604e-4,3.300814561356891e-4,4.6451411880177307e-4
Overall,75,82,ReRZV_1d,2024,1,dQ_HZ,0.011538553645230555,0.011481627320609259,0.00981391717774296,0.01349480109463848
Overall,75,82,ReRZV_1d,2024,1,dQ_HZ_Norm,0.003525181380937109,0.003517511055144186,0.0029755255081043803,0.004115029655353943
Overall,75,82,ReRZV_1d,2024,1,dQ_All,0.01192914077190966,0.011879149686312651,0.010174938363922382,0.01392867020291999
Overall,75,82,ReRZV_1d,2024,1,dQ_HZ_d,0.011538553645230555,0.011481627320609259,0.00981391717774296,0.01349480109463848
Overall,75,82,ReRZV_1d,2024,1,dQ_HZ_Norm_d,0.003525181380937109,0.003517511055144186,0.0029755255081043803,0.004115029655353943
Overall,75,82,ReRZV_1d,2024,1,dQ_Life_d,3.9796542210884225e-4,3.9815884384175604e-4,3.300814561356891e-4,4.6451411880177307e-4
Overall,75,82,ReRZV_1d,2024,1,dQ_All_d,0.011936519067339424,0.011886860159901147,0.010181581990104238,0.01393630354073263
Overall,75,82,ReRZV_1d,2024,1,dC_Hosp,-19.60854945290891,-19.52688177499844,-23.71505642408297,-15.936409154915061
Overall,75,82,ReRZV_1d,2024,1,dC_GP_NonPHN,-8.54933500830839,-8.588816595295473,-9.253676293950313,-7.651968131935416
Overall,75,82,ReRZV_1d,2024,1,dC_GP_PHN,-3.69443094799485,-3.6909062745457932,-4.205605379699612,-3.1840833982140673
Overall,75,82,ReRZV_1d,2024,1,dC_GP,-12.243765956303239,-12.30076487555936,-13.292910549127786,-10.89360098582233
Overall,75,82,ReRZV_1d,2024,1,dC_Med,-31.85231540921215,-31.85525463781365,-36.42706501558047,-27.35062117572448
Overall,75,82,ReRZV_1d,2024,1,dC_VacZVL,110,110,110,110
Overall,75,82,ReRZV_1d,2024,1,dC_VacRZV,69.24060045468671,69.24060356659882,69.24048015082913,69.24071524885177
Overall,75,82,ReRZV_1d,2024,1,dC_Vac,179.2406004546867,179.24060356659882,179.24048015082911,179.2407152488518
Overall,75,82,ReRZV_1d,2024,1,dC_All,147.38828504547456,147.385340888442,142.81361992879414,151.89000512501755
Overall,75,82,ReRZV_1d,2024,1,dC_Hosp_d,-19.60854945290891,-19.52688177499844,-23.71505642408297,-15.936409154915061
Overall,75,82,ReRZV_1d,2024,1,dC_GP_NonPHN_d,-8.54933500830839,-8.588816595295473,-9.253676293950313,-7.651968131935416
Overall,75,82,ReRZV_1d,2024,1,dC_GP_PHN_d,-3.69443094799485,-3.6909062745457932,-4.205605379699612,-3.1840833982140673
Overall,75,82,ReRZV_1d,2024,1,dC_GP_d,-12.243765956303239,-12.30076487555936,-13.292910549127786,-10.89360098582233
Overall,75,82,ReRZV_1d,2024,1,dC_Med_d,-31.85231540921215,-31.85525463781365,-36.42706501558047,-27.35062117572448
Overall,75,82,ReRZV_1d,2024,1,dC_VacZVL_d,110,110,110,110
Overall,75,82,ReRZV_1d,2024,1,dC_VacRZV_d,69.24060045468671,69.24060356659882,69.24048015082913,69.24071524885177
Overall,75,82,ReRZV_1d,2024,1,dC_Vac_d,179.2406004546867,179.24060356659882,179.24048015082911,179.2407152488518
Overall,75,82,ReRZV_1d,2024,1,dC_All_d,147.38828504547456,147.385340888442,142.81361992879414,151.89000512501755
Overall,75,82,ReRZV_1d,2024,1,dN_VacZVL,1,1,1,1
Overall,75,82,ReRZV_1d,2024,1,dN_VacRZV,0.8145952994669025,0.814595336077633,0.8145938841274014,0.8145966499864915
Overall,75,82,ReRZV_1d,2024,1,dN_VacZVL_d,1,1,1,1
Overall,75,82,ReRZV_1d,2024,1,dN_VacRZV_d,0.8145952994669025,0.814595336077633,0.8145938841274014,0.8145966499864915
Overall,75,82,ReRZV_1d,2024,1,ICER,12432.415649225144,12385.360232440176,10377.288880271686,14741.02486781994
Overall,75,82,ReRZV_1d,2024,1,Price0,85,85,84.99999999999999,85.00000000000001
Overall,75,82,ReRZV_1d,2024,1,Thres20,332.16825091815116,331.05507870710505,286.11153771089386,384.617416996939
Overall,75,82,ReRZV_1d,2024,1,Thres30,478.7013703477493,476.6485699738689,410.3490507128996,555.5089449179227
Overall,75,82,ReRZV_1d,2024,1,Thres20_50,NA,331.05507870710505,NA,NA
Overall,75,82,ReRZV_1d,2024,1,Thres30_90,NA,433.1902879960054,NA,NA
Overall,75,82,ReRZV_1d,2024,1,Thres,NA,331.05507870710505,NA,NA
Overall,75,82,ReRZV_2d,2024,1,N0,1,1,1,1
Overall,75,82,ReRZV_2d,2024,1,dYear_Life,6.025484518196977e-4,6.018352635530633e-4,5.118517226079699e-4,7.009198228417278e-4
Overall,75,82,ReRZV_2d,2024,1,dYear_Immunised,8.60474512835922,8.629958703856738,7.940150164790747,9.131281559382076
Overall,75,82,ReRZV_2d,2024,1,dRisk_HZ,-0.07997217096061844,-0.08015771182234191,-0.08509815841049129,-0.07368624882242418
Overall,75,82,ReRZV_2d,2024,1,dRisk_Hosp,-0.004613548507969751,-0.004590973486788639,-0.00550142093410345,-0.003836904017247524
Overall,75,82,ReRZV_2d,2024,1,dRisk_PHN,-0.0070086398859620196,-0.007019003318054834,-0.007770516308646471,-0.006227444351145883
Overall,75,82,ReRZV_2d,2024,1,dRisk_Death,-1.0449484342616659e-4,-1.0418170221387834e-4,-1.238778808057406e-4,-8.657986286225579e-5
Overall,75,82,ReRZV_2d,2024,1,dQ_Life,4.1019556085338936e-4,4.095764762217513e-4,3.492609292753191e-4,4.76219285807522e-4
Overall,75,82,ReRZV_2d,2024,1,dQ_HZ,0.01183524041862939,0.011771461579958816,0.01026322589939626,0.013766547224509958
Overall,75,82,ReRZV_2d,2024,1,dQ_HZ_Norm,0.003611485911124912,0.0035987356338662655,0.003091271642232433,0.004186213017303116
Overall,75,82,ReRZV_2d,2024,1,dQ_All,0.012237780290579347,0.012176655824063687,0.010619280657165841,0.014179245068252832
Overall,75,82,ReRZV_2d,2024,1,dQ_HZ_d,0.01183524041862939,0.011771461579958816,0.01026322589939626,0.013766547224509958
Overall,75,82,ReRZV_2d,2024,1,dQ_HZ_Norm_d,0.003611485911124912,0.0035987356338662655,0.003091271642232433,0.004186213017303116
Overall,75,82,ReRZV_2d,2024,1,dQ_Life_d,4.1019556085338936e-4,4.095764762217513e-4,3.492609292753191e-4,4.76219285807522e-4
Overall,75,82,ReRZV_2d,2024,1,dQ_All_d,0.012245435979482782,0.012183595884074805,0.010625832578474714,0.01418847839363484
Overall,75,82,ReRZV_2d,2024,1,dC_Hosp,-20.240994339174325,-20.140737857065048,-24.283478358142062,-16.72485816954922
Overall,75,82,ReRZV_2d,2024,1,dC_GP_NonPHN,-8.757133857629983,-8.78079800861266,-9.35450895324397,-8.0520835312582
Overall,75,82,ReRZV_2d,2024,1,dC_GP_PHN,-3.7871076067947156,-3.779358258586528,-4.275262332260687,-3.3198243131096143
Overall,75,82,ReRZV_2d,2024,1,dC_GP,-12.5442414644247,-12.570077797728585,-13.471199320603509,-11.49019772984504
Overall,75,82,ReRZV_2d,2024,1,dC_Med,-32.78523580359902,-32.77811778557488,-37.20565481648252,-28.733438028005374
Overall,75,82,ReRZV_2d,2024,1,dC_VacZVL,110,110,110,110
Overall,75,82,ReRZV_2d,2024,1,dC_VacRZV,138.48120090937343,138.48120713319764,138.48096030165826,138.48143049770354
Overall,75,82,ReRZV_2d,2024,1,dC_Vac,248.48120090937343,248.48120713319764,248.48096030165823,248.48143049770354
Overall,75,82,ReRZV_2d,2024,1,dC_All,215.6959651057744,215.70307658530254,211.27563852947915,219.74784756418597
Overall,75,82,ReRZV_2d,2024,1,dC_Hosp_d,-20.240994339174325,-20.140737857065048,-24.283478358142062,-16.72485816954922
Overall,75,82,ReRZV_2d,2024,1,dC_GP_NonPHN_d,-8.757133857629983,-8.78079800861266,-9.35450895324397,-8.0520835312582
Overall,75,82,ReRZV_2d,2024,1,dC_GP_PHN_d,-3.7871076067947156,-3.779358258586528,-4.275262332260687,-3.3198243131096143
Overall,75,82,ReRZV_2d,2024,1,dC_GP_d,-12.5442414644247,-12.570077797728585,-13.471199320603509,-11.49019772984504
Overall,75,82,ReRZV_2d,2024,1,dC_Med_d,-32.78523580359902,-32.77811778557488,-37.20565481648252,-28.733438028005374
Overall,75,82,ReRZV_2d,2024,1,dC_VacZVL_d,110,110,110,110
Overall,75,82,ReRZV_2d,2024,1,dC_VacRZV_d,138.48120090937343,138.48120713319764,138.48096030165826,138.48143049770354
Overall,75,82,ReRZV_2d,2024,1,dC_Vac_d,248.48120090937343,248.48120713319764,248.48096030165823,248.48143049770354
Overall,75,82,ReRZV_2d,2024,1,dC_All_d,215.6959651057744,215.70307658530254,211.27563852947915,219.74784756418597
Overall,75,82,ReRZV_2d,2024,1,dN_VacZVL,1,1,1,1
Overall,75,82,ReRZV_2d,2024,1,dN_VacRZV,1.629190598933805,1.629190672155266,1.6291877682548028,1.629193299972983
Overall,75,82,ReRZV_2d,2024,1,dN_VacZVL_d,1,1,1,1
Overall,75,82,ReRZV_2d,2024,1,dN_VacRZV_d,1.629190598933805,1.629190672155266,1.6291877682548028,1.629193299972983
Overall,75,82,ReRZV_2d,2024,1,ICER,17714.435131633843,17685.63719358289,15075.533496795617,20495.329915565413
Overall,75,82,ReRZV_2d,2024,1,Price0,85,85,84.99999999999999,85.00000000000001
Overall,75,82,ReRZV_2d,2024,1,Thres20,170.44902829620955,169.92433405472624,149.2871162649823,195.40755008258859
Overall,75,82,ReRZV_2d,2024,1,Thres30,245.61172535615268,244.58925564648837,214.65160116297653,282.47667507264845
Overall,75,82,ReRZV_2d,2024,1,Thres20_50,NA,169.92433405472624,NA,NA
Overall,75,82,ReRZV_2d,2024,1,Thres30_90,NA,224.76515870398057,NA,NA
Overall,75,82,ReRZV_2d,2024,1,Thres,NA,169.92433405472624,NA,NA
Overall,75,83,ReRZV_1d,2024,1,N0,1,1,1,1
Overall,75,83,ReRZV_1d,2024,1,dYear_Life,5.637812316314958e-4,5.630503776288265e-4,4.684989089903002e-4,6.574323973163487e-4
Overall,75,83,ReRZV_1d,2024,1,dYear_Immunised,8.009264047711886,8.04646526376738,7.250142526704336,8.57612670853014
Overall,75,83,ReRZV_1d,2024,1,dRisk_HZ,-0.07427798075056588,-0.0745269593481838,-0.07991724502704697,-0.06713250655622488
Overall,75,83,ReRZV_1d,2024,1,dRisk_Hosp,-0.004324424023536803,-0.004304513543257714,-0.005157830644183597,-0.003558472680161802
Overall,75,83,ReRZV_1d,2024,1,dRisk_PHN,-0.006484947021978969,-0.006487670502345568,-0.007284033355071513,-0.00564881548951971
Overall,75,83,ReRZV_1d,2024,1,dRisk_Death,-9.913572851716264e-5,-9.898098835274634e-5,-1.1851990189232664e-4,-8.062066255349104e-5
Overall,75,83,ReRZV_1d,2024,1,dQ_Life,3.8335026816663123e-4,3.8312814814656093e-4,3.197308753100092e-4,4.46037678765565e-4
Overall,75,83,ReRZV_1d,2024,1,dQ_HZ,0.010999905249445918,0.010946301549092539,0.009352158140102486,0.012851131682752563
Overall,75,83,ReRZV_1d,2024,1,dQ_HZ_Norm,0.0033545933913918216,0.003348397649333881,0.0028423896591020337,0.003908999583894529
Overall,75,83,ReRZV_1d,2024,1,dQ_All,0.011375837712453589,0.01132671847961575,0.009704470674407472,0.013275560843439171
Overall,75,83,ReRZV_1d,2024,1,dQ_HZ_d,0.010999905249445918,0.010946301549092539,0.009352158140102486,0.012851131682752563
Overall,75,83,ReRZV_1d,2024,1,dQ_HZ_Norm_d,0.0033545933913918216,0.003348397649333881,0.0028423896591020337,0.003908999583894529
Overall,75,83,ReRZV_1d,2024,1,dQ_Life_d,3.8335026816663123e-4,3.8312814814656093e-4,3.197308753100092e-4,4.46037678765565e-4
Overall,75,83,ReRZV_1d,2024,1,dQ_All_d,0.011383255517612514,0.01133405486385275,0.009712281305583525,0.013283207289072197
Overall,75,83,ReRZV_1d,2024,1,dC_Hosp,-19.0129147888834,-18.962189697036777,-23.002883833595654,-15.511207140728798
Overall,75,83,ReRZV_1d,2024,1,dC_GP_NonPHN,-8.131294426541556,-8.16545752648965,-8.775691351254325,-7.349922082684969
Overall,75,83,ReRZV_1d,2024,1,dC_GP_PHN,-3.501609256578393,-3.4970705479884163,-3.984191909625403,-3.0187750426753492
Overall,75,83,ReRZV_1d,2024,1,dC_GP,-11.632903683119949,-11.677060578349758,-12.58928345245883,-10.432761333634325
Overall,75,83,ReRZV_1d,2024,1,dC_Med,-30.64581847200335,-30.638078035025174,-35.01618767617569,-26.37779050691193
Overall,75,83,ReRZV_1d,2024,1,dC_VacZVL,110,110,110,110
Overall,75,83,ReRZV_1d,2024,1,dC_VacRZV,65.83544681410888,65.83545007062591,65.83529367690288,65.83559319087534
Overall,75,83,ReRZV_1d,2024,1,dC_Vac,175.83544681410888,175.83545007062588,175.8352936769029,175.83559319087533
Overall,75,83,ReRZV_1d,2024,1,dC_All,145.18962834210552,145.19737608890847,140.8193669019128,149.45754228232093
Overall,75,83,ReRZV_1d,2024,1,dC_Hosp_d,-19.0129147888834,-18.962189697036777,-23.002883833595654,-15.511207140728798
Overall,75,83,ReRZV_1d,2024,1,dC_GP_NonPHN_d,-8.131294426541556,-8.16545752648965,-8.775691351254325,-7.349922082684969
Overall,75,83,ReRZV_1d,2024,1,dC_GP_PHN_d,-3.501609256578393,-3.4970705479884163,-3.984191909625403,-3.0187750426753492
Overall,75,83,ReRZV_1d,2024,1,dC_GP_d,-11.632903683119949,-11.677060578349758,-12.58928345245883,-10.432761333634325
Overall,75,83,ReRZV_1d,2024,1,dC_Med_d,-30.64581847200335,-30.638078035025174,-35.01618767617569,-26.37779050691193
Overall,75,83,ReRZV_1d,2024,1,dC_VacZVL_d,110,110,110,110
Overall,75,83,ReRZV_1d,2024,1,dC_VacRZV_d,65.83544681410888,65.83545007062591,65.83529367690288,65.83559319087534
Overall,75,83,ReRZV_1d,2024,1,dC_Vac_d,175.83544681410888,175.83545007062588,175.8352936769029,175.83559319087533
Overall,75,83,ReRZV_1d,2024,1,dC_All_d,145.18962834210552,145.19737608890847,140.8193669019128,149.45754228232093
Overall,75,83,ReRZV_1d,2024,1,dN_VacZVL,1,1,1,1
Overall,75,83,ReRZV_1d,2024,1,dN_VacRZV,0.774534668401281,0.774534706713246,0.7745328667870928,0.7745363904808863
Overall,75,83,ReRZV_1d,2024,1,dN_VacZVL_d,1,1,1,1
Overall,75,83,ReRZV_1d,2024,1,dN_VacRZV_d,0.774534668401281,0.774534706713246,0.7745328667870928,0.7745363904808863
Overall,75,83,ReRZV_1d,2024,1,ICER,12839.584364942379,12801.916954622924,10745.69924728424,15139.156585952194
Overall,75,83,ReRZV_1d,2024,1,Price0,85,85,84.99999999999999,85.00000000000001
Overall,75,83,ReRZV_1d,2024,1,Thres20,333.50466785846606,332.1794654504374,287.90574369834724,385.7636238637032
Overall,75,83,ReRZV_1d,2024,1,Thres30,480.47362768311837,478.3880615519495,413.29877546201556,557.0836792256661
Overall,75,83,ReRZV_1d,2024,1,Thres20_50,NA,332.1794654504374,NA,NA
Overall,75,83,ReRZV_1d,2024,1,Thres30_90,NA,435.55702687899924,NA,NA
Overall,75,83,ReRZV_1d,2024,1,Thres,NA,332.1794654504374,NA,NA
Overall,75,83,ReRZV_2d,2024,1,N0,1,1,1,1
Overall,75,83,ReRZV_2d,2024,1,dYear_Life,5.806427541721888e-4,5.798752979622179e-4,4.941397168453321e-4,6.72777872170638e-4
Overall,75,83,ReRZV_2d,2024,1,dYear_Immunised,8.191732969286297,8.216417992569328,7.598075908901244,8.656726309296332
Overall,75,83,ReRZV_2d,2024,1,dRisk_HZ,-0.07599481743196579,-0.0761376437687532,-0.08080525788130889,-0.07021590220860732
Overall,75,83,ReRZV_2d,2024,1,dRisk_Hosp,-0.004456236405393523,-0.004437089984826297,-0.005297592697135363,-0.0037290886009340167
Overall,75,83,ReRZV_2d,2024,1,dRisk_PHN,-0.006638843372153825,-0.006640766067351091,-0.0073628463719676495,-0.005906422906920169
Overall,75,83,ReRZV_2d,2024,1,dRisk_Death,-1.0248019310578776e-4,-1.0217068396458548e-4,-1.2123318849712013e-4,-8.486158187232543e-5
Overall,75,83,ReRZV_2d,2024,1,dQ_Life,3.946714373439697e-4,3.941001908813746e-4,3.36250404403593e-4,4.5632504353076975e-4
Overall,75,83,ReRZV_2d,2024,1,dQ_HZ,0.011264856625649017,0.01120517056299718,0.00977397230042536,0.013059876984010045
Overall,75,83,ReRZV_2d,2024,1,dQ_HZ_Norm,0.0034309337176052484,0.0034170047595051952,0.0029303039655000146,0.003974524296731297
Overall,75,83,ReRZV_2d,2024,1,dQ_All,0.011651833849256329,0.011588995133501534,0.01014652139889236,0.013457361401417333
Overall,75,83,ReRZV_2d,2024,1,dQ_HZ_d,0.011264856625649017,0.01120517056299718,0.00977397230042536,0.013059876984010045
Overall,75,83,ReRZV_2d,2024,1,dQ_HZ_Norm_d,0.0034309337176052484,0.0034170047595051952,0.0029303039655000146,0.003974524296731297
Overall,75,83,ReRZV_2d,2024,1,dQ_Life_d,3.946714373439697e-4,3.941001908813746e-4,3.36250404403593e-4,4.5632504353076975e-4
Overall,75,83,ReRZV_2d,2024,1,dQ_All_d,0.011659528062992952,0.011596294197245172,0.010152684201105978,0.013465782096395084
Overall,75,83,ReRZV_2d,2024,1,dC_Hosp,-19.606838878265112,-19.52738332112377,-23.542047736056773,-16.14829610176149
Overall,75,83,ReRZV_2d,2024,1,dC_GP_NonPHN,-8.31474253826692,-8.33047341410408,-8.871148107319472,-7.672833528154252
Overall,75,83,ReRZV_2d,2024,1,dC_GP_PHN,-3.583073859958217,-3.5739571336625575,-4.043433853077632,-3.1569043269268393
Overall,75,83,ReRZV_2d,2024,1,dC_GP,-11.897816398225137,-11.924321993534491,-12.756806876554155,-10.93626982955637
Overall,75,83,ReRZV_2d,2024,1,dC_Med,-31.504655276490247,-31.506232844488956,-35.69977155463957,-27.696420118761313
Overall,75,83,ReRZV_2d,2024,1,dC_VacZVL,110,110,110,110
Overall,75,83,ReRZV_2d,2024,1,dC_VacRZV,131.67089362821775,131.67090014125182,131.67058735380576,131.6711863817507
Overall,75,83,ReRZV_2d,2024,1,dC_Vac,241.67089362821775,241.67090014125182,241.6705873538058,241.6711863817507
Overall,75,83,ReRZV_2d,2024,1,dC_All,210.16623835172751,210.1647307069599,205.9712107953697,213.97459111339558
Overall,75,83,ReRZV_2d,2024,1,dC_Hosp_d,-19.606838878265112,-19.52738332112377,-23.542047736056773,-16.14829610176149
Overall,75,83,ReRZV_2d,2024,1,dC_GP_NonPHN_d,-8.31474253826692,-8.33047341410408,-8.871148107319472,-7.672833528154252
Overall,75,83,ReRZV_2d,2024,1,dC_GP_PHN_d,-3.583073859958217,-3.5739571336625575,-4.043433853077632,-3.1569043269268393
Overall,75,83,ReRZV_2d,2024,1,dC_GP_d,-11.897816398225137,-11.924321993534491,-12.756806876554155,-10.93626982955637
Overall,75,83,ReRZV_2d,2024,1,dC_Med_d,-31.504655276490247,-31.506232844488956,-35.69977155463957,-27.696420118761313
Overall,75,83,ReRZV_2d,2024,1,dC_VacZVL_d,110,110,110,110
Overall,75,83,ReRZV_2d,2024,1,dC_VacRZV_d,131.67089362821775,131.67090014125182,131.67058735380576,131.6711863817507
Overall,75,83,ReRZV_2d,2024,1,dC_Vac_d,241.67089362821775,241.67090014125182,241.6705873538058,241.6711863817507
Overall,75,83,ReRZV_2d,2024,1,dC_All_d,210.16623835172751,210.1647307069599,205.9712107953697,213.97459111339558
Overall,75,83,ReRZV_2d,2024,1,dN_VacZVL,1,1,1,1
Overall,75,83,ReRZV_2d,2024,1,dN_VacRZV,1.549069336802562,1.549069413426492,1.5490657335741855,1.5490727809617726
Overall,75,83,ReRZV_2d,2024,1,dN_VacZVL_d,1,1,1,1
Overall,75,83,ReRZV_2d,2024,1,dN_VacRZV_d,1.549069336802562,1.549069413426492,1.5490657335741855,1.5490727809617726
Overall,75,83,ReRZV_2d,2024,1,ICER,18125.991782688503,18128.17906394927,15454.285768151713,20895.478761093153
Overall,75,83,ReRZV_2d,2024,1,Price0,85,85,84.99999999999999,85.00000000000001
Overall,75,83,ReRZV_2d,2024,1,Thres20,170.87370381506304,170.05588930709789,150.13634324579158,195.48143693530972
Overall,75,83,ReRZV_2d,2024,1,Thres30,246.14165809664777,244.96244435528234,215.84474397313943,282.7797304132387
Overall,75,83,ReRZV_2d,2024,1,Thres20_50,NA,170.05588930709789,NA,NA
Overall,75,83,ReRZV_2d,2024,1,Thres30_90,NA,225.50758068725548,NA,NA
Overall,75,83,ReRZV_2d,2024,1,Thres,NA,170.05588930709789,NA,NA
Overall,75,84,ReRZV_1d,2024,1,N0,1,1,1,1
Overall,75,84,ReRZV_1d,2024,1,dYear_Life,5.391546119448219e-4,5.385829378967699e-4,4.4971641525743956e-4,6.279826548173606e-4
Overall,75,84,ReRZV_1d,2024,1,dYear_Immunised,7.610515976706341,7.638620929232921,6.913452020130773,8.137863405325538
Overall,75,84,ReRZV_1d,2024,1,dRisk_HZ,-0.07042342368249224,-0.07058162801818246,-0.07569801624345923,-0.06395860513110171
Overall,75,84,ReRZV_1d,2024,1,dRisk_Hosp,-0.004145983158280999,-0.004127641146978212,-0.004948503476389153,-0.003411992769432109
Overall,75,84,ReRZV_1d,2024,1,dRisk_PHN,-0.006121202524795562,-0.00612831784645603,-0.0068852694327658625,-0.005344736633685048
Overall,75,84,ReRZV_1d,2024,1,dRisk_Death,-9.648071346412176e-5,-9.635429739237507e-5,-1.1497689963221122e-4,-7.857255236796321e-5
Overall,75,84,ReRZV_1d,2024,1,dQ_Life,3.6604983518718814e-4,3.6560378897032564e-4,3.064207278045128e-4,4.258244983100123e-4
Overall,75,84,ReRZV_1d,2024,1,dQ_HZ,0.010439480180949545,0.010394517432157642,0.008911921875280683,0.012172869564339415
Overall,75,84,ReRZV_1d,2024,1,dQ_HZ_Norm,0.0031804974124097474,0.00317388921797018,0.002699820221351073,0.0037020930244892987
Overall,75,84,ReRZV_1d,2024,1,dQ_All,0.0107981022720559,0.010751274962190749,0.009245860094961601,0.012558008955884235
Overall,75,84,ReRZV_1d,2024,1,dQ_HZ_d,0.010439480180949545,0.010394517432157642,0.008911921875280683,0.012172869564339415
Overall,75,84,ReRZV_1d,2024,1,dQ_HZ_Norm_d,0.0031804974124097474,0.00317388921797018,0.002699820221351073,0.0037020930244892987
Overall,75,84,ReRZV_1d,2024,1,dQ_Life_d,3.6604983518718814e-4,3.6560378897032564e-4,3.064207278045128e-4,4.258244983100123e-4
Overall,75,84,ReRZV_1d,2024,1,dQ_All_d,0.01080553001613672,0.010758427068869203,0.00925419594942678,0.012566529931847013
Overall,75,84,ReRZV_1d,2024,1,dC_Hosp,-18.27645712862565,-18.217670836267583,-22.080901102740622,-14.854284537258987
Overall,75,84,ReRZV_1d,2024,1,dC_GP_NonPHN,-7.706214197065525,-7.7306177295053145,-8.302014674765788,-7.008287186626751
Overall,75,84,ReRZV_1d,2024,1,dC_GP_PHN,-3.3023299764851157,-3.3010447275703854,-3.7505244723556133,-2.8410985178370116
Overall,75,84,ReRZV_1d,2024,1,dC_GP,-11.008544173550641,-11.043078712635955,-11.885986957738117,-9.92455932486673
Overall,75,84,ReRZV_1d,2024,1,dC_Med,-29.285001302176294,-29.269811673977358,-33.433392400020765,-25.258221143925162
Overall,75,84,ReRZV_1d,2024,1,dC_VacZVL,110,110,110,110
Overall,75,84,ReRZV_1d,2024,1,dC_VacRZV,62.18114746094975,62.18115188409308,62.18095751459549,62.18133271721115
Overall,75,84,ReRZV_1d,2024,1,dC_Vac,172.18114746094975,172.18115188409308,172.1809575145955,172.18133271721118
Overall,75,84,ReRZV_1d,2024,1,dC_All,142.89614615877346,142.91133048480054,138.7476533080161,146.92285258505754
Overall,75,84,ReRZV_1d,2024,1,dC_Hosp_d,-18.27645712862565,-18.217670836267583,-22.080901102740622,-14.854284537258987
Overall,75,84,ReRZV_1d,2024,1,dC_GP_NonPHN_d,-7.706214197065525,-7.7306177295053145,-8.302014674765788,-7.008287186626751
Overall,75,84,ReRZV_1d,2024,1,dC_GP_PHN_d,-3.3023299764851157,-3.3010447275703854,-3.7505244723556133,-2.8410985178370116
Overall,75,84,ReRZV_1d,2024,1,dC_GP_d,-11.008544173550641,-11.043078712635955,-11.885986957738117,-9.92455932486673
Overall,75,84,ReRZV_1d,2024,1,dC_Med_d,-29.285001302176294,-29.269811673977358,-33.433392400020765,-25.258221143925162
Overall,75,84,ReRZV_1d,2024,1,dC_VacZVL_d,110,110,110,110
Overall,75,84,ReRZV_1d,2024,1,dC_VacRZV_d,62.18114746094975,62.18115188409308,62.18095751459549,62.18133271721115
Overall,75,84,ReRZV_1d,2024,1,dC_Vac_d,172.18114746094975,172.18115188409308,172.1809575145955,172.18133271721118
Overall,75,84,ReRZV_1d,2024,1,dC_All_d,142.89614615877346,142.91133048480054,138.7476533080161,146.92285258505754
Overall,75,84,ReRZV_1d,2024,1,dN_VacZVL,1,1,1,1
Overall,75,84,ReRZV_1d,2024,1,dN_VacRZV,0.7315429113052911,0.7315429633422716,0.7315406766422999,0.7315450907907194
Overall,75,84,ReRZV_1d,2024,1,dN_VacZVL_d,1,1,1,1
Overall,75,84,ReRZV_1d,2024,1,dN_VacRZV_d,0.7315429113052911,0.7315429633422716,0.7315406766422999,0.7315450907907194
Overall,75,84,ReRZV_1d,2024,1,ICER,13310.120009508424,13262.149589737794,11174.254565816334,15662.511184326606
Overall,75,84,ReRZV_1d,2024,1,Price0,85,85,85,85
Overall,75,84,ReRZV_1d,2024,1,Thres20,335.44935693652525,334.27880643613673,290.7003835078564,386.81586971154877
Overall,75,84,ReRZV_1d,2024,1,Thres30,483.1581207759255,481.0283324111024,417.1010734687886,558.049926583613
Overall,75,84,ReRZV_1d,2024,1,Thres20_50,NA,334.27880643613673,NA,NA
Overall,75,84,ReRZV_1d,2024,1,Thres30_90,NA,438.81885881250315,NA,NA
Overall,75,84,ReRZV_1d,2024,1,Thres,NA,334.27880643613673,NA,NA
Overall,75,84,ReRZV_2d,2024,1,N0,1,1,1,1
Overall,75,84,ReRZV_2d,2024,1,dYear_Life,5.546129101448765e-4,5.539984044622415e-4,4.7262419864493307e-4,6.429064212444046e-4
Overall,75,84,ReRZV_2d,2024,1,dYear_Immunised,7.771183227376827,7.781237305752329,7.241419301402371,8.21933242515826
Overall,75,84,ReRZV_2d,2024,1,dRisk_HZ,-0.07193015048606766,-0.07205942952176025,-0.07645283767962427,-0.0666119679045065
Overall,75,84,ReRZV_2d,2024,1,dRisk_Hosp,-0.004267603381381433,-0.004245683580699011,-0.005068427731912691,-0.0035771328701418273
Overall,75,84,ReRZV_2d,2024,1,dRisk_PHN,-0.006255382221092911,-0.006259279461691162,-0.006953208223960497,-0.005560250645626752
Overall,75,84,ReRZV_2d,2024,1,dRisk_Death,-9.965871643679382e-5,-9.939801081227421e-5,-1.1781030817969326e-4,-8.302700494055842e-5
Overall,75,84,ReRZV_2d,2024,1,dQ_Life,3.763904447530821e-4,3.7592365594196764e-4,3.218069282960645e-4,4.3564622188361205e-4
Overall,75,84,ReRZV_2d,2024,1,dQ_HZ,0.010673708888173752,0.010604432193985186,0.00926979552591117,0.012389670013955766
Overall,75,84,ReRZV_2d,2024,1,dQ_HZ_Norm,0.0032473511898330936,0.0032372652978057215,0.0027822731110009906,0.003764845216797425
Overall,75,84,ReRZV_2d,2024,1,dQ_All,0.011042397376653664,0.01097594053115536,0.009628019683463008,0.012752560454612455
Overall,75,84,ReRZV_2d,2024,1,dQ_HZ_d,0.010673708888173752,0.010604432193985186,0.00926979552591117,0.012389670013955766
Overall,75,84,ReRZV_2d,2024,1,dQ_HZ_Norm_d,0.0032473511898330936,0.0032372652978057215,0.0027822731110009906,0.003764845216797425
Overall,75,84,ReRZV_2d,2024,1,dQ_Life_d,3.763904447530821e-4,3.7592365594196764e-4,3.218069282960645e-4,4.3564622188361205e-4
Overall,75,84,ReRZV_2d,2024,1,dQ_All_d,0.011050099332926815,0.010984202326600467,0.009635207924916634,0.012760552905497975
Overall,75,84,ReRZV_2d,2024,1,dC_Hosp,-18.827810895963463,-18.738269521253653,-22.568029871213223,-15.63565479156261
Overall,75,84,ReRZV_2d,2024,1,dC_GP_NonPHN,-7.866543808226317,-7.876257691612986,-8.383803882192154,-7.293858572170142
Overall,75,84,ReRZV_2d,2024,1,dC_GP_PHN,-3.3730233089549233,-3.3649826229851296,-3.8027779773757566,-2.9575159153719883
Overall,75,84,ReRZV_2d,2024,1,dC_GP,-11.23956711718124,-11.265350471813788,-12.029944803712786,-10.352630254702005
Overall,75,84,ReRZV_2d,2024,1,dC_Med,-30.067378013144705,-29.968710097317718,-34.07902629881883,-26.38931500455183
Overall,75,84,ReRZV_2d,2024,1,dC_VacZVL,110,110,110,110
Overall,75,84,ReRZV_2d,2024,1,dC_VacRZV,124.3622949218995,124.36230376818617,124.36191502919098,124.3626654344223
Overall,75,84,ReRZV_2d,2024,1,dC_Vac,234.3622949218995,234.36230376818617,234.36191502919098,234.36266543442233
Overall,75,84,ReRZV_2d,2024,1,dC_All,204.2949169087548,204.39356207968837,200.28354189357876,207.97319410531082
Overall,75,84,ReRZV_2d,2024,1,dC_Hosp_d,-18.827810895963463,-18.738269521253653,-22.568029871213223,-15.63565479156261
Overall,75,84,ReRZV_2d,2024,1,dC_GP_NonPHN_d,-7.866543808226317,-7.876257691612986,-8.383803882192154,-7.293858572170142
Overall,75,84,ReRZV_2d,2024,1,dC_GP_PHN_d,-3.3730233089549233,-3.3649826229851296,-3.8027779773757566,-2.9575159153719883
Overall,75,84,ReRZV_2d,2024,1,dC_GP_d,-11.23956711718124,-11.265350471813788,-12.029944803712786,-10.352630254702005
Overall,75,84,ReRZV_2d,2024,1,dC_Med_d,-30.067378013144705,-29.968710097317718,-34.07902629881883,-26.38931500455183
Overall,75,84,ReRZV_2d,2024,1,dC_VacZVL_d,110,110,110,110
Overall,75,84,ReRZV_2d,2024,1,dC_VacRZV_d,124.3622949218995,124.36230376818617,124.36191502919098,124.3626654344223
Overall,75,84,ReRZV_2d,2024,1,dC_Vac_d,234.3622949218995,234.36230376818617,234.36191502919098,234.36266543442233
Overall,75,84,ReRZV_2d,2024,1,dC_All_d,204.2949169087548,204.39356207968837,200.28354189357876,207.97319410531082
Overall,75,84,ReRZV_2d,2024,1,dN_VacZVL,1,1,1,1
Overall,75,84,ReRZV_2d,2024,1,dN_VacRZV,1.4630858226105823,1.4630859266845433,1.4630813532845999,1.4630901815814388
Overall,75,84,ReRZV_2d,2024,1,dN_VacZVL_d,1,1,1,1
Overall,75,84,ReRZV_2d,2024,1,dN_VacRZV_d,1.4630858226105823,1.4630859266845433,1.4630813532845999,1.4630901815814388
Overall,75,84,ReRZV_2d,2024,1,ICER,18590.324417148047,18599.008397648817,15856.141552870795,21362.21186784824
Overall,75,84,ReRZV_2d,2024,1,Price0,85,85,85,85
Overall,75,84,ReRZV_2d,2024,1,Thres20,171.60262118633443,170.7157850378944,151.22395886669136,196.28827938178483
Overall,75,84,ReRZV_2d,2024,1,Thres30,247.12860235078304,245.72486560073384,216.99222769646738,283.43554305845333
Overall,75,84,ReRZV_2d,2024,1,Thres20_50,NA,170.7157850378944,NA,NA
Overall,75,84,ReRZV_2d,2024,1,Thres30_90,NA,226.47041799005305,NA,NA
Overall,75,84,ReRZV_2d,2024,1,Thres,NA,170.7157850378944,NA,NA
Overall,75,85,ReRZV_1d,2024,1,N0,1,1,1,1
Overall,75,85,ReRZV_1d,2024,1,dYear_Life,5.107308733327942e-4,5.10147988647347e-4,4.276422408726166e-4,5.952747429014859e-4
Overall,75,85,ReRZV_1d,2024,1,dYear_Immunised,7.211542719894812,7.228686625474806,6.573906775715923,7.707590093208394
Overall,75,85,ReRZV_1d,2024,1,dRisk_HZ,-0.06657885795730009,-0.06668840030820572,-0.07162518867768806,-0.060666110374026194
Overall,75,85,ReRZV_1d,2024,1,dRisk_Hosp,-0.0039471334230653556,-0.003931946960464107,-0.004703640012974033,-0.003249801137449182
Overall,75,85,ReRZV_1d,2024,1,dRisk_PHN,-0.0057591167047550875,-0.005766267116100416,-0.00646490835358679,-0.005043715093425444
Overall,75,85,ReRZV_1d,2024,1,dRisk_Death,-9.298354599293183e-5,-9.291316399180825e-5,-1.106296700590089e-4,-7.590819156991735e-5
Overall,75,85,ReRZV_1d,2024,1,dQ_Life,3.4624461241560044e-4,3.4582300995644744e-4,2.9028781602495894e-4,4.027956094899032e-4
Overall,75,85,ReRZV_1d,2024,1,dQ_HZ,0.009873115049660269,0.00982241981626772,0.008432518252405556,0.011532497853778622
Overall,75,85,ReRZV_1d,2024,1,dQ_HZ_Norm,0.0030076558493218305,0.0030006605302667073,0.002562691431177449,0.0035026001785902552
Overall,75,85,ReRZV_1d,2024,1,dQ_All,0.010211958870164791,0.010160106828786652,0.008759362094972944,0.011889615115632335
Overall,75,85,ReRZV_1d,2024,1,dQ_HZ_d,0.009873115049660269,0.00982241981626772,0.008432518252405556,0.011532497853778622
Overall,75,85,ReRZV_1d,2024,1,dQ_HZ_Norm_d,0.0030076558493218305,0.0030006605302667073,0.002562691431177449,0.0035026001785902552
Overall,75,85,ReRZV_1d,2024,1,dQ_Life_d,3.4624461241560044e-4,3.4582300995644744e-4,2.9028781602495894e-4,4.027956094899032e-4
Overall,75,85,ReRZV_1d,2024,1,dQ_All_d,0.010219359662075853,0.010167356101351999,0.008765706244118654,0.011897395820182809
Overall,75,85,ReRZV_1d,2024,1,dC_Hosp,-17.439610096011588,-17.34576144992341,-21.11784742236047,-14.168136239967735
Overall,75,85,ReRZV_1d,2024,1,dC_GP_NonPHN,-7.284562263153049,-7.3005587846521145,-7.851114850855458,-6.644480700808563
Overall,75,85,ReRZV_1d,2024,1,dC_GP_PHN,-3.105058568849333,-3.1041234120271985,-3.5315996599645123,-2.6789211278894762
Overall,75,85,ReRZV_1d,2024,1,dC_GP,-10.389620832002382,-10.416849132594729,-11.229524055197551,-9.386974830648041
Overall,75,85,ReRZV_1d,2024,1,dC_Med,-27.82923092801397,-27.793473700295873,-31.82072240429829,-23.99167917366199
Overall,75,85,ReRZV_1d,2024,1,dC_VacZVL,110,110,110,110
Overall,75,85,ReRZV_1d,2024,1,dC_VacRZV,58.2822556403795,58.28226202393915,58.28202052293383,58.28248108339915
Overall,75,85,ReRZV_1d,2024,1,dC_Vac,168.2822556403795,168.28226202393915,168.2820205229338,168.28248108339915
Overall,75,85,ReRZV_1d,2024,1,dC_All,140.45302471236553,140.48882929112705,136.46159068035504,144.2907449413237
Overall,75,85,ReRZV_1d,2024,1,dC_Hosp_d,-17.439610096011588,-17.34576144992341,-21.11784742236047,-14.168136239967735
Overall,75,85,ReRZV_1d,2024,1,dC_GP_NonPHN_d,-7.284562263153049,-7.3005587846521145,-7.851114850855458,-6.644480700808563
Overall,75,85,ReRZV_1d,2024,1,dC_GP_PHN_d,-3.105058568849333,-3.1041234120271985,-3.5315996599645123,-2.6789211278894762
Overall,75,85,ReRZV_1d,2024,1,dC_GP_d,-10.389620832002382,-10.416849132594729,-11.229524055197551,-9.386974830648041
Overall,75,85,ReRZV_1d,2024,1,dC_Med_d,-27.82923092801397,-27.793473700295873,-31.82072240429829,-23.99167917366199
Overall,75,85,ReRZV_1d,2024,1,dC_VacZVL_d,110,110,110,110
Overall,75,85,ReRZV_1d,2024,1,dC_VacRZV_d,58.2822556403795,58.28226202393915,58.28202052293383,58.28248108339915
Overall,75,85,ReRZV_1d,2024,1,dC_Vac_d,168.2822556403795,168.28226202393915,168.2820205229338,168.28248108339915
Overall,75,85,ReRZV_1d,2024,1,dC_All_d,140.45302471236553,140.48882929112705,136.46159068035504,144.2907449413237
Overall,75,85,ReRZV_1d,2024,1,dN_VacZVL,1,1,1,1
Overall,75,85,ReRZV_1d,2024,1,dN_VacRZV,0.6856735957691706,0.6856736708698723,0.6856708296815744,0.6856762480399899
Overall,75,85,ReRZV_1d,2024,1,dN_VacZVL_d,1,1,1,1
Overall,75,85,ReRZV_1d,2024,1,dN_VacRZV_d,0.6856735957691706,0.6856736708698723,0.6856708296815744,0.6856762480399899
Overall,75,85,ReRZV_1d,2024,1,ICER,13831.794144821766,13810.656984178802,11630.256598517595,16274.056052848216
Overall,75,85,ReRZV_1d,2024,1,Price0,85,85,85,85
Overall,75,85,ReRZV_1d,2024,1,Thres20,338.6690426017001,337.34921872119304,293.1064392845986,391.11273084732625
Overall,75,85,ReRZV_1d,2024,1,Thres30,487.71021257350924,485.7078615738118,421.38678170754514,563.9077457869608
Overall,75,85,ReRZV_1d,2024,1,Thres20_50,NA,337.34921872119304,NA,NA
Overall,75,85,ReRZV_1d,2024,1,Thres30_90,NA,442.62326087084756,NA,NA
Overall,75,85,ReRZV_1d,2024,1,Thres,NA,337.34921872119304,NA,NA
Overall,75,85,ReRZV_2d,2024,1,N0,1,1,1,1
Overall,75,85,ReRZV_2d,2024,1,dYear_Life,5.246838519343023e-4,5.239320912409084e-4,4.481670816079753e-4,6.084595849443541e-4
Overall,75,85,ReRZV_2d,2024,1,dYear_Immunised,7.351589335869389,7.352162539825486,6.855449919360156,7.780148458507219
Overall,75,85,ReRZV_2d,2024,1,dRisk_HZ,-0.06788733274606609,-0.06790463395998941,-0.07228738022920145,-0.06303093536229601
Overall,75,85,ReRZV_2d,2024,1,dRisk_Hosp,-0.0040580870808235425,-0.0040365782301813894,-0.004809837173940593,-0.0034124317234627806
Overall,75,85,ReRZV_2d,2024,1,dRisk_PHN,-0.005874747227239089,-0.005871539476319475,-0.006538840855419759,-0.005205024533561635
Overall,75,85,ReRZV_2d,2024,1,dRisk_Death,-9.596501373270617e-5,-9.576820376433555e-5,-1.1324178497703647e-4,-8.037537175160879e-5
Overall,75,85,ReRZV_2d,2024,1,dQ_Life,3.555401632337043e-4,3.5491621773164894e-4,3.042896686089147e-4,4.1162087164616775e-4
Overall,75,85,ReRZV_2d,2024,1,dQ_HZ,0.010078007573329939,0.010019250567261039,0.008753455109720625,0.011696616089861979
Overall,75,85,ReRZV_2d,2024,1,dQ_HZ_Norm,0.003065597226571658,0.00305443817200808,0.002627476433604188,0.003550612162929031
Overall,75,85,ReRZV_2d,2024,1,dQ_All,0.010425876419344034,0.010367695831841495,0.009101923464336538,0.012038745379441716
Overall,75,85,ReRZV_2d,2024,1,dQ_HZ_d,0.010078007573329939,0.010019250567261039,0.008753455109720625,0.011696616089861979
Overall,75,85,ReRZV_2d,2024,1,dQ_HZ_Norm_d,0.003065597226571658,0.00305443817200808,0.002627476433604188,0.003550612162929031
Overall,75,85,ReRZV_2d,2024,1,dQ_Life_d,3.555401632337043e-4,3.5491621773164894e-4,3.042896686089147e-4,4.1162087164616775e-4
Overall,75,85,ReRZV_2d,2024,1,dQ_All_d,0.010433547736563653,0.010374947597742157,0.009109117518090671,0.01204829670716183
Overall,75,85,ReRZV_2d,2024,1,dC_Hosp,-17.945710599971996,-17.872424816487925,-21.525644831145417,-14.925858068674337
Overall,75,85,ReRZV_2d,2024,1,dC_GP_NonPHN,-7.423192441737565,-7.424278983068708,-7.934273845709404,-6.892572669041635
Overall,75,85,ReRZV_2d,2024,1,dC_GP_PHN,-3.1656729660705016,-3.1603586039531795,-3.575665486362414,-2.769760314324004
Overall,75,85,ReRZV_2d,2024,1,dC_GP,-10.588865407808067,-10.60871006744257,-11.360323091853129,-9.754971404776727
Overall,75,85,ReRZV_2d,2024,1,dC_Med,-28.534576007780064,-28.453308858231303,-32.3980904608357,-25.170790356296653
Overall,75,85,ReRZV_2d,2024,1,dC_VacZVL,110,110,110,110
Overall,75,85,ReRZV_2d,2024,1,dC_VacRZV,116.564511280759,116.5645240478783,116.56404104586765,116.5649621667983
Overall,75,85,ReRZV_2d,2024,1,dC_Vac,226.564511280759,226.5645240478783,226.56404104586764,226.5649621667983
Overall,75,85,ReRZV_2d,2024,1,dC_All,198.02993527297895,198.11119535652085,194.16654265255033,201.39393930448225
Overall,75,85,ReRZV_2d,2024,1,dC_Hosp_d,-17.945710599971996,-17.872424816487925,-21.525644831145417,-14.925858068674337
Overall,75,85,ReRZV_2d,2024,1,dC_GP_NonPHN_d,-7.423192441737565,-7.424278983068708,-7.934273845709404,-6.892572669041635
Overall,75,85,ReRZV_2d,2024,1,dC_GP_PHN_d,-3.1656729660705016,-3.1603586039531795,-3.575665486362414,-2.769760314324004
Overall,75,85,ReRZV_2d,2024,1,dC_GP_d,-10.588865407808067,-10.60871006744257,-11.360323091853129,-9.754971404776727
Overall,75,85,ReRZV_2d,2024,1,dC_Med_d,-28.534576007780064,-28.453308858231303,-32.3980904608357,-25.170790356296653
Overall,75,85,ReRZV_2d,2024,1,dC_VacZVL_d,110,110,110,110
Overall,75,85,ReRZV_2d,2024,1,dC_VacRZV_d,116.564511280759,116.5645240478783,116.56404104586765,116.5649621667983
Overall,75,85,ReRZV_2d,2024,1,dC_Vac_d,226.564511280759,226.5645240478783,226.56404104586764,226.5649621667983
Overall,75,85,ReRZV_2d,2024,1,dC_All_d,198.02993527297895,198.11119535652085,194.16654265255033,201.39393930448225
Overall,75,85,ReRZV_2d,2024,1,dN_VacZVL,1,1,1,1
Overall,75,85,ReRZV_2d,2024,1,dN_VacRZV,1.3713471915383413,1.3713473417397446,1.371341659363149,1.3713524960799799
Overall,75,85,ReRZV_2d,2024,1,dN_VacZVL_d,1,1,1,1
Overall,75,85,ReRZV_2d,2024,1,dN_VacRZV_d,1.3713471915383413,1.3713473417397446,1.371341659363149,1.3713524960799799
Overall,75,85,ReRZV_2d,2024,1,ICER,19085.63140184224,19103.460636673255,16255.277579862766,21918.79353189852
Overall,75,85,ReRZV_2d,2024,1,Price0,85,85,85,85
Overall,75,85,ReRZV_2d,2024,1,Thres20,172.97262733014753,172.0116080004031,152.48739455393334,198.14789148224364
Overall,75,85,ReRZV_2d,2024,1,Thres30,249.05509301697012,247.58273517844032,218.59043756039853,286.2221235970125
Overall,75,85,ReRZV_2d,2024,1,Thres20_50,NA,172.0116080004031,NA,NA
Overall,75,85,ReRZV_2d,2024,1,Thres30_90,NA,227.9361622202996,NA,NA
Overall,75,85,ReRZV_2d,2024,1,Thres,NA,172.0116080004031,NA,NA
Overall,75,86,ReRZV_1d,2024,1,N0,1,1,1,1
Overall,75,86,ReRZV_1d,2024,1,dYear_Life,4.788380807559278e-4,4.7803319988926063e-4,4.0113678643645124e-4,5.587645713739153e-4
Overall,75,86,ReRZV_1d,2024,1,dYear_Immunised,6.819971673417249,6.8318814058982715,6.2412300494555515,7.3002606262438805
Overall,75,86,ReRZV_1d,2024,1,dRisk_HZ,-0.06279919059628011,-0.06290878864446312,-0.06771003920504128,-0.057350773219154695
Overall,75,86,ReRZV_1d,2024,1,dRisk_Hosp,-0.003722930439791425,-0.003713164431292159,-0.004432855306981637,-0.003074501138273495
Overall,75,86,ReRZV_1d,2024,1,dRisk_PHN,-0.005405714738498088,-0.0054089184195729055,-0.006078550736890203,-0.0047419848491103605
Overall,75,86,ReRZV_1d,2024,1,dRisk_Death,-8.859407227166393e-5,-8.853797886704899e-5,-1.0542250484686193e-4,-7.232237940497164e-5
Overall,75,86,ReRZV_1d,2024,1,dQ_Life,3.241914333854954e-4,3.2364147270680377e-4,2.7264276837311033e-4,3.7764582460213524e-4
Overall,75,86,ReRZV_1d,2024,1,dQ_HZ,0.009309090684639539,0.009259148448921475,0.007965927324652131,0.010889309877806676
Overall,75,86,ReRZV_1d,2024,1,dQ_HZ_Norm,0.0028384423839049005,0.002832358088667132,0.0024199593305239396,0.003303639901017335
Overall,75,86,ReRZV_1d,2024,1,dQ_All,0.009625954135670044,0.009573643716828784,0.008255843081050785,0.011221660160397249
Overall,75,86,ReRZV_1d,2024,1,dQ_HZ_d,0.009309090684639539,0.009259148448921475,0.007965927324652131,0.010889309877806676
Overall,75,86,ReRZV_1d,2024,1,dQ_HZ_Norm_d,0.0028384423839049005,0.002832358088667132,0.0024199593305239396,0.003303639901017335
Overall,75,86,ReRZV_1d,2024,1,dQ_Life_d,3.241914333854954e-4,3.2364147270680377e-4,2.7264276837311033e-4,3.7764582460213524e-4
Overall,75,86,ReRZV_1d,2024,1,dQ_All_d,0.009633282118025003,0.009580859256785423,0.008263737354067047,0.011229401197178699
Overall,75,86,ReRZV_1d,2024,1,dC_Hosp,-16.47841783821317,-16.418957571957286,-19.878291870731132,-13.450310723773827
Overall,75,86,ReRZV_1d,2024,1,dC_GP_NonPHN,-6.873029144188408,-6.885771455175165,-7.414188396187206,-6.295481146315996
Overall,75,86,ReRZV_1d,2024,1,dC_GP_PHN,-2.913985845285034,-2.9113146576201583,-3.3225376854292126,-2.5285339241926312
Overall,75,86,ReRZV_1d,2024,1,dC_GP,-9.787014989473441,-9.814162278831459,-10.591106249634189,-8.863741045561165
Overall,75,86,ReRZV_1d,2024,1,dC_Med,-26.26543282768661,-26.245181378716996,-30.007206315800808,-22.754446715618034
Overall,75,86,ReRZV_1d,2024,1,dC_VacZVL,110,110,110,110
Overall,75,86,ReRZV_1d,2024,1,dC_VacRZV,54.152110665053634,54.152117797932206,54.151819264275055,54.15238266389918
Overall,75,86,ReRZV_1d,2024,1,dC_Vac,164.15211066505364,164.1521177979322,164.15181926427508,164.15238266389917
Overall,75,86,ReRZV_1d,2024,1,dC_All,137.88667783736702,137.90705700013035,134.14480033912287,141.39739186643138
Overall,75,86,ReRZV_1d,2024,1,dC_Hosp_d,-16.47841783821317,-16.418957571957286,-19.878291870731132,-13.450310723773827
Overall,75,86,ReRZV_1d,2024,1,dC_GP_NonPHN_d,-6.873029144188408,-6.885771455175165,-7.414188396187206,-6.295481146315996
Overall,75,86,ReRZV_1d,2024,1,dC_GP_PHN_d,-2.913985845285034,-2.9113146576201583,-3.3225376854292126,-2.5285339241926312
Overall,75,86,ReRZV_1d,2024,1,dC_GP_d,-9.787014989473441,-9.814162278831459,-10.591106249634189,-8.863741045561165
Overall,75,86,ReRZV_1d,2024,1,dC_Med_d,-26.26543282768661,-26.245181378716996,-30.007206315800808,-22.754446715618034
Overall,75,86,ReRZV_1d,2024,1,dC_VacZVL_d,110,110,110,110
Overall,75,86,ReRZV_1d,2024,1,dC_VacRZV_d,54.152110665053634,54.152117797932206,54.151819264275055,54.15238266389918
Overall,75,86,ReRZV_1d,2024,1,dC_Vac_d,164.15211066505364,164.1521177979322,164.15181926427508,164.15238266389917
Overall,75,86,ReRZV_1d,2024,1,dC_All_d,137.88667783736702,137.90705700013035,134.14480033912287,141.39739186643138
Overall,75,86,ReRZV_1d,2024,1,dN_VacZVL,1,1,1,1
Overall,75,86,ReRZV_1d,2024,1,dN_VacRZV,0.6370836548829839,0.6370837387992024,0.63708022663853,0.6370868548694022
Overall,75,86,ReRZV_1d,2024,1,dN_VacZVL_d,1,1,1,1
Overall,75,86,ReRZV_1d,2024,1,dN_VacRZV_d,0.6370836548829839,0.6370837387992024,0.63708022663853,0.6370868548694022
Overall,75,86,ReRZV_1d,2024,1,ICER,14404.797921313362,14387.737397615958,12096.986093216585,16884.76560081074
Overall,75,86,ReRZV_1d,2024,1,Price0,85,85,85,85
Overall,75,86,ReRZV_1d,2024,1,Thres20,343.64571646862004,342.1158159980663,298.3410277590477,397.2561606535593
Overall,75,86,ReRZV_1d,2024,1,Thres30,494.85477322863784,492.3061653725425,427.73097277071724,573.634362779723
Overall,75,86,ReRZV_1d,2024,1,Thres20_50,NA,342.1158159980663,NA,NA
Overall,75,86,ReRZV_1d,2024,1,Thres30_90,NA,449.42523091831254,NA,NA
Overall,75,86,ReRZV_1d,2024,1,Thres,NA,342.1158159980663,NA,NA
Overall,75,86,ReRZV_2d,2024,1,N0,1,1,1,1
Overall,75,86,ReRZV_2d,2024,1,dYear_Life,4.911964582118085e-4,4.904167703809748e-4,4.191431197939188e-4,5.706021870834465e-4
Overall,75,86,ReRZV_2d,2024,1,dYear_Immunised,6.94069276628985,6.9372368696747095,6.481970299739097,7.361938096275694
Overall,75,86,ReRZV_2d,2024,1,dRisk_HZ,-0.06392149821044413,-0.0638928657938777,-0.06828738130647453,-0.05936853987282459
Overall,75,86,ReRZV_2d,2024,1,dRisk_Hosp,-0.003822547959845035,-0.003810143358981826,-0.004524781122726646,-0.0032001450400710135
Overall,75,86,ReRZV_2d,2024,1,dRisk_PHN,-0.0055040282617092795,-0.005495898850563806,-0.006157463717168072,-0.0048708240174342166
Overall,75,86,ReRZV_2d,2024,1,dRisk_Death,-9.134756428241484e-5,-9.120761388179027e-5,-1.0773116135802635e-4,-7.663305499618666e-5
Overall,75,86,ReRZV_2d,2024,1,dQ_Life,3.3238718136824195e-4,3.3187815519042374e-4,2.83814304529173e-4,3.854925709949164e-4
Overall,75,86,ReRZV_2d,2024,1,dQ_HZ,0.00948610414890279,0.009424225322172408,0.008237287523295691,0.011026031021659874
Overall,75,86,ReRZV_2d,2024,1,dQ_HZ_Norm,0.0028880458943848298,0.0028759044949457396,0.0024784559239580317,0.003345253820210102
Overall,75,86,ReRZV_2d,2024,1,dQ_All,0.009810898340624883,0.009752999234824422,0.008555560976783826,0.01136301435457576
Overall,75,86,ReRZV_2d,2024,1,dQ_HZ_d,0.00948610414890279,0.009424225322172408,0.008237287523295691,0.011026031021659874
Overall,75,86,ReRZV_2d,2024,1,dQ_HZ_Norm_d,0.0028880458943848298,0.0028759044949457396,0.0024784559239580317,0.003345253820210102
Overall,75,86,ReRZV_2d,2024,1,dQ_Life_d,3.3238718136824195e-4,3.3187815519042374e-4,2.83814304529173e-4,3.854925709949164e-4
Overall,75,86,ReRZV_2d,2024,1,dQ_All_d,0.009818491330270993,0.00976107104188273,0.008562013182045592,0.011371570618079472
Overall,75,86,ReRZV_2d,2024,1,dC_Hosp,-16.93568290424028,-16.843826034144087,-20.321202892825255,-13.998193936229892
Overall,75,86,ReRZV_2d,2024,1,dC_GP_NonPHN,-6.991422627403914,-6.990623935461871,-7.494883308856304,-6.483423098703689
Overall,75,86,ReRZV_2d,2024,1,dC_GP_PHN,-2.9652569242786377,-2.960645859245857,-3.367593163285997,-2.598268714071748
Overall,75,86,ReRZV_2d,2024,1,dC_GP,-9.956679551682551,-9.973748205517044,-10.69386444645893,-9.164139701474522
Overall,75,86,ReRZV_2d,2024,1,dC_Med,-26.892362455922832,-26.84252715276321,-30.436032008004307,-23.680840478680466
Overall,75,86,ReRZV_2d,2024,1,dC_VacZVL,110,110,110,110
Overall,75,86,ReRZV_2d,2024,1,dC_VacRZV,108.30422133010727,108.30423559586441,108.30363852855011,108.30476532779836
Overall,75,86,ReRZV_2d,2024,1,dC_Vac,218.30422133010725,218.3042355958644,218.30363852855012,218.30476532779838
Overall,75,86,ReRZV_2d,2024,1,dC_All,191.41185887418445,191.46151513656912,187.86832743237488,194.62377166582033
Overall,75,86,ReRZV_2d,2024,1,dC_Hosp_d,-16.93568290424028,-16.843826034144087,-20.321202892825255,-13.998193936229892
Overall,75,86,ReRZV_2d,2024,1,dC_GP_NonPHN_d,-6.991422627403914,-6.990623935461871,-7.494883308856304,-6.483423098703689
Overall,75,86,ReRZV_2d,2024,1,dC_GP_PHN_d,-2.9652569242786377,-2.960645859245857,-3.367593163285997,-2.598268714071748
Overall,75,86,ReRZV_2d,2024,1,dC_GP_d,-9.956679551682551,-9.973748205517044,-10.69386444645893,-9.164139701474522
Overall,75,86,ReRZV_2d,2024,1,dC_Med_d,-26.892362455922832,-26.84252715276321,-30.436032008004307,-23.680840478680466
Overall,75,86,ReRZV_2d,2024,1,dC_VacZVL_d,110,110,110,110
Overall,75,86,ReRZV_2d,2024,1,dC_VacRZV_d,108.30422133010727,108.30423559586441,108.30363852855011,108.30476532779836
Overall,75,86,ReRZV_2d,2024,1,dC_Vac_d,218.30422133010725,218.3042355958644,218.30363852855012,218.30476532779838
Overall,75,86,ReRZV_2d,2024,1,dC_All_d,191.41185887418445,191.46151513656912,187.86832743237488,194.62377166582033
Overall,75,86,ReRZV_2d,2024,1,dN_VacZVL,1,1,1,1
Overall,75,86,ReRZV_2d,2024,1,dN_VacRZV,1.2741673097659678,1.2741674775984049,1.27416045327706,1.2741737097388044
Overall,75,86,ReRZV_2d,2024,1,dN_VacZVL_d,1,1,1,1
Overall,75,86,ReRZV_2d,2024,1,dN_VacRZV_d,1.2741673097659678,1.2741674775984049,1.27416045327706,1.2741737097388044
Overall,75,86,ReRZV_2d,2024,1,ICER,19605.060364204426,19612.709706381327,16668.001503030453,22538.040906266917
Overall,75,86,ReRZV_2d,2024,1,Price0,85,85,85,85
Overall,75,86,ReRZV_2d,2024,1,Thres20,175.22203015032713,174.29918368012,154.24557656713222,201.0855755993954
Overall,75,86,ReRZV_2d,2024,1,Thres30,252.28012907294448,250.90738561764968,221.37717481471702,290.1219435661263
Overall,75,86,ReRZV_2d,2024,1,Thres20_50,NA,174.29918368012,NA,NA
Overall,75,86,ReRZV_2d,2024,1,Thres30_90,NA,230.84824084847997,NA,NA
Overall,75,86,ReRZV_2d,2024,1,Thres,NA,174.29918368012,NA,NA
Overall,75,87,ReRZV_1d,2024,1,N0,1,1,1,1
Overall,75,87,ReRZV_1d,2024,1,dYear_Life,4.4391624848867385e-4,4.434538333297766e-4,3.7227440930500674e-4,5.183839497430842e-4
Overall,75,87,ReRZV_1d,2024,1,dYear_Immunised,6.442588772551013,6.455952585906221,5.909811277474782,6.920875235380197
Overall,75,87,ReRZV_1d,2024,1,dRisk_HZ,-0.059165197244269316,-0.05919993257475452,-0.0638786205719663,-0.05404480009981369
Overall,75,87,ReRZV_1d,2024,1,dRisk_Hosp,-0.0034834391356961467,-0.0034794225519829093,-0.004174306709353073,-0.0028774972732212166
Overall,75,87,ReRZV_1d,2024,1,dRisk_PHN,-0.005068086926938807,-0.00506733175815903,-0.005726904966306707,-0.004448161525633861
Overall,75,87,ReRZV_1d,2024,1,dRisk_Death,-8.328094786633284e-5,-8.318334730881809e-5,-9.898879529862108e-5,-6.820137077698852e-5
Overall,75,87,ReRZV_1d,2024,1,dQ_Life,3.0022184113686647e-4,2.9973563886809274e-4,2.522725716088914e-4,3.4994877275948964e-4
Overall,75,87,ReRZV_1d,2024,1,dQ_HZ,0.00875994541773029,0.008709600885352492,0.007502200330085714,0.010282230992242835
Overall,75,87,ReRZV_1d,2024,1,dQ_HZ_Norm,0.0026763198245373216,0.0026676922317174236,0.0022796933417615875,0.0031163103894159996
Overall,75,87,ReRZV_1d,2024,1,dQ_All,0.00905296897776036,0.009004847608289346,0.007779760007465786,0.010593939155929056
Overall,75,87,ReRZV_1d,2024,1,dQ_HZ_d,0.00875994541773029,0.008709600885352492,0.007502200330085714,0.010282230992242835
Overall,75,87,ReRZV_1d,2024,1,dQ_HZ_Norm_d,0.0026763198245373216,0.0026676922317174236,0.0022796933417615875,0.0031163103894159996
Overall,75,87,ReRZV_1d,2024,1,dQ_Life_d,3.0022184113686647e-4,2.9973563886809274e-4,2.522725716088914e-4,3.4994877275948964e-4
Overall,75,87,ReRZV_1d,2024,1,dQ_All_d,0.009060167258867154,0.00901212282001751,0.007786247745651042,0.010601560440285063
Overall,75,87,ReRZV_1d,2024,1,dC_Hosp,-15.435399429461917,-15.388180526541962,-18.652474124424014,-12.560098159398926
Overall,75,87,ReRZV_1d,2024,1,dC_GP_NonPHN,-6.479835365012834,-6.481897184166378,-6.9994841446203395,-5.923789008589505
Overall,75,87,ReRZV_1d,2024,1,dC_GP_PHN,-2.7327351557818718,-2.7326090101831424,-3.11360035629062,-2.371364479834934
Overall,75,87,ReRZV_1d,2024,1,dC_GP,-9.212570520794705,-9.226972806949252,-9.994261638686401,-8.365493774940658
Overall,75,87,ReRZV_1d,2024,1,dC_Med,-24.647969950256623,-24.62545064001426,-28.22137208088415,-21.342303605162254
Overall,75,87,ReRZV_1d,2024,1,dC_VacZVL,110,110,110,110
Overall,75,87,ReRZV_1d,2024,1,dC_VacRZV,49.82225007965532,49.822258877324515,49.82189579506859,49.82258463506062
Overall,75,87,ReRZV_1d,2024,1,dC_Vac,159.8222500796553,159.82225887732451,159.8218957950686,159.82258463506062
Overall,75,87,ReRZV_1d,2024,1,dC_All,135.17428012939868,135.1968448038123,131.60062811860882,138.47994844202142
Overall,75,87,ReRZV_1d,2024,1,dC_Hosp_d,-15.435399429461917,-15.388180526541962,-18.652474124424014,-12.560098159398926
Overall,75,87,ReRZV_1d,2024,1,dC_GP_NonPHN_d,-6.479835365012834,-6.481897184166378,-6.9994841446203395,-5.923789008589505
Overall,75,87,ReRZV_1d,2024,1,dC_GP_PHN_d,-2.7327351557818718,-2.7326090101831424,-3.11360035629062,-2.371364479834934
Overall,75,87,ReRZV_1d,2024,1,dC_GP_d,-9.212570520794705,-9.226972806949252,-9.994261638686401,-8.365493774940658
Overall,75,87,ReRZV_1d,2024,1,dC_Med_d,-24.647969950256623,-24.62545064001426,-28.22137208088415,-21.342303605162254
Overall,75,87,ReRZV_1d,2024,1,dC_VacZVL_d,110,110,110,110
Overall,75,87,ReRZV_1d,2024,1,dC_VacRZV_d,49.82225007965532,49.822258877324515,49.82189579506859,49.82258463506062
Overall,75,87,ReRZV_1d,2024,1,dC_Vac_d,159.8222500796553,159.82225887732451,159.8218957950686,159.82258463506062
Overall,75,87,ReRZV_1d,2024,1,dC_All_d,135.17428012939868,135.1968448038123,131.60062811860882,138.47994844202142
Overall,75,87,ReRZV_1d,2024,1,dN_VacZVL,1,1,1,1
Overall,75,87,ReRZV_1d,2024,1,dN_VacRZV,0.5861441185841801,0.5861442220861708,0.5861399505302187,0.586148054530125
Overall,75,87,ReRZV_1d,2024,1,dN_VacZVL_d,1,1,1,1
Overall,75,87,ReRZV_1d,2024,1,dN_VacRZV_d,0.5861441185841801,0.5861442220861708,0.5861399505302187,0.586148054530125
Overall,75,87,ReRZV_1d,2024,1,ICER,15015.488999098552,14984.661052484935,12616.643988933314,17587.981971347075
Overall,75,87,ReRZV_1d,2024,1,Price0,85,85,85,85
Overall,75,87,ReRZV_1d,2024,1,Thres20,351.19572028491683,349.5954283946412,304.7215561736593,406.5240014677461
Overall,75,87,ReRZV_1d,2024,1,Thres30,505.76806132646664,503.0496218920332,437.19880362214093,587.3319460847102
Overall,75,87,ReRZV_1d,2024,1,Thres20_50,NA,349.5954283946412,NA,NA
Overall,75,87,ReRZV_1d,2024,1,Thres30_90,NA,459.1957499726642,NA,NA
Overall,75,87,ReRZV_1d,2024,1,Thres,NA,349.5954283946412,NA,NA
Overall,75,87,ReRZV_2d,2024,1,N0,1,1,1,1
Overall,75,87,ReRZV_2d,2024,1,dYear_Life,4.5460738337092544e-4,4.5366511963074174e-4,3.8792637984323973e-4,5.278686562228073e-4
Overall,75,87,ReRZV_2d,2024,1,dYear_Immunised,6.545382986079546,6.543492531591628,6.108854147809656,6.974231993157699
Overall,75,87,ReRZV_2d,2024,1,dRisk_HZ,-0.06011508920487767,-0.060047703634027054,-0.06443958396158025,-0.05574315191329954
Overall,75,87,ReRZV_2d,2024,1,dRisk_Hosp,-0.003571450893642388,-0.003561841538494213,-0.004243317080917947,-0.0029853715225345665
Overall,75,87,ReRZV_2d,2024,1,dRisk_PHN,-0.0051504596160261784,-0.005145037651186155,-0.005793888729635306,-0.0045372882931889276
Overall,75,87,ReRZV_2d,2024,1,dRisk_Death,-8.577438855191217e-5,-8.561796864969744e-5,-1.0158136972305514e-4,-7.195946319163508e-5
Overall,75,87,ReRZV_2d,2024,1,dQ_Life,3.072753299409188e-4,3.064728995996191e-4,2.6225097168959267e-4,3.5594925641428964e-4
Overall,75,87,ReRZV_2d,2024,1,dQ_HZ,0.008910826764411104,0.00885836537926665,0.007724907932370545,0.010373082088622346
Overall,75,87,ReRZV_2d,2024,1,dQ_HZ_Norm,0.002718225487601154,0.002708091569748006,0.0023256012777065605,0.0031544135924065687
Overall,75,87,ReRZV_2d,2024,1,dQ_All,0.009210646573411389,0.009156536402583626,0.008011427580988207,0.010687457467151738
Overall,75,87,ReRZV_2d,2024,1,dQ_HZ_d,0.008910826764411104,0.00885836537926665,0.007724907932370545,0.010373082088622346
Overall,75,87,ReRZV_2d,2024,1,dQ_HZ_Norm_d,0.002718225487601154,0.002708091569748006,0.0023256012777065605,0.0031544135924065687
Overall,75,87,ReRZV_2d,2024,1,dQ_Life_d,3.072753299409188e-4,3.064728995996191e-4,2.6225097168959267e-4,3.5594925641428964e-4
Overall,75,87,ReRZV_2d,2024,1,dQ_All_d,0.009218102094352023,0.009164604110278418,0.00801852381358592,0.010694767637601419
Overall,75,87,ReRZV_2d,2024,1,dC_Hosp,-15.841933740638272,-15.784048219913913,-18.99361672517439,-13.099400768146614
Overall,75,87,ReRZV_2d,2024,1,dC_GP_NonPHN,-6.579601666678123,-6.570737718988183,-7.075026105673114,-6.092758550484289
Overall,75,87,ReRZV_2d,2024,1,dC_GP_PHN,-2.7754651522827287,-2.771313019829348,-3.1483052498325463,-2.4213999583815227
Overall,75,87,ReRZV_2d,2024,1,dC_GP,-9.355066818960852,-9.355523287448603,-10.100179818001228,-8.60725812731616
Overall,75,87,ReRZV_2d,2024,1,dC_Med,-25.197000559599125,-25.146090223948924,-28.677650172723705,-22.21222392982567
Overall,75,87,ReRZV_2d,2024,1,dC_VacZVL,110,110,110,110
Overall,75,87,ReRZV_2d,2024,1,dC_VacRZV,99.64450015931064,99.64451775464903,99.64379159013718,99.64516927012124
Overall,75,87,ReRZV_2d,2024,1,dC_Vac,209.64450015931064,209.64451775464903,209.64379159013723,209.64516927012127
Overall,75,87,ReRZV_2d,2024,1,dC_All,184.4474995997115,184.4987166768334,180.96758438561173,187.43207097576703
Overall,75,87,ReRZV_2d,2024,1,dC_Hosp_d,-15.841933740638272,-15.784048219913913,-18.99361672517439,-13.099400768146614
Overall,75,87,ReRZV_2d,2024,1,dC_GP_NonPHN_d,-6.579601666678123,-6.570737718988183,-7.075026105673114,-6.092758550484289
Overall,75,87,ReRZV_2d,2024,1,dC_GP_PHN_d,-2.7754651522827287,-2.771313019829348,-3.1483052498325463,-2.4213999583815227
Overall,75,87,ReRZV_2d,2024,1,dC_GP_d,-9.355066818960852,-9.355523287448603,-10.100179818001228,-8.60725812731616
Overall,75,87,ReRZV_2d,2024,1,dC_Med_d,-25.197000559599125,-25.146090223948924,-28.677650172723705,-22.21222392982567
Overall,75,87,ReRZV_2d,2024,1,dC_VacZVL_d,110,110,110,110
Overall,75,87,ReRZV_2d,2024,1,dC_VacRZV_d,99.64450015931064,99.64451775464903,99.64379159013718,99.64516927012124
Overall,75,87,ReRZV_2d,2024,1,dC_Vac_d,209.64450015931064,209.64451775464903,209.64379159013723,209.64516927012127
Overall,75,87,ReRZV_2d,2024,1,dC_All_d,184.4474995997115,184.4987166768334,180.96758438561173,187.43207097576703
Overall,75,87,ReRZV_2d,2024,1,dN_VacZVL,1,1,1,1
Overall,75,87,ReRZV_2d,2024,1,dN_VacRZV,1.1722882371683603,1.1722884441723416,1.1722799010604374,1.17229610906025
Overall,75,87,ReRZV_2d,2024,1,dN_VacZVL_d,1,1,1,1
Overall,75,87,ReRZV_2d,2024,1,dN_VacRZV_d,1.1722882371683603,1.1722884441723416,1.1722799010604374,1.17229610906025
Overall,75,87,ReRZV_2d,2024,1,ICER,20125.278112211818,20136.173242452198,17045.360862766738,23157.83314852848
Overall,75,87,ReRZV_2d,2024,1,Price0,85,85,85,85
Overall,75,87,ReRZV_2d,2024,1,Thres20,178.76067199196606,177.77251730383105,157.2124087201567,205.7316059948028
Overall,75,87,ReRZV_2d,2024,1,Thres30,257.3940779682413,255.95978849072958,225.94327280747484,296.74104726417403
Overall,75,87,ReRZV_2d,2024,1,Thres20_50,NA,177.77251730383105,NA,NA
Overall,75,87,ReRZV_2d,2024,1,Thres30_90,NA,235.33136834765872,NA,NA
Overall,75,87,ReRZV_2d,2024,1,Thres,NA,177.77251730383105,NA,NA
Overall,75,88,ReRZV_1d,2024,1,N0,1,1,1,1
Overall,75,88,ReRZV_1d,2024,1,dYear_Life,4.065259793337388e-4,4.056150742552944e-4,3.4163716515576146e-4,4.7515464540155423e-4
Overall,75,88,ReRZV_1d,2024,1,dYear_Immunised,6.08529945119224,6.092602225906273,5.571470747009248,6.562925507814045
Overall,75,88,ReRZV_1d,2024,1,dRisk_HZ,-0.05574433617285177,-0.055729033708787235,-0.06035529121995022,-0.050954740255123525
Overall,75,88,ReRZV_1d,2024,1,dRisk_Hosp,-0.0032354996345315967,-0.0032285386075578586,-0.0038643131852384117,-0.0026854362902566558
Overall,75,88,ReRZV_1d,2024,1,dRisk_PHN,-0.004756263610863357,-0.004760673321964996,-0.005384962282746182,-0.004149514336660454
Overall,75,88,ReRZV_1d,2024,1,dRisk_Death,-7.703836236399165e-5,-7.684758528858824e-5,-9.166567033782467e-5,-6.321538026668181e-5
Overall,75,88,ReRZV_1d,2024,1,dQ_Life,2.7474624124211735e-4,2.740491609891649e-4,2.3128949556268095e-4,3.2061866602299814e-4
Overall,75,88,ReRZV_1d,2024,1,dQ_HZ,0.008236612954472314,0.008199123010019252,0.007046987382058602,0.009660072278281955
Overall,75,88,ReRZV_1d,2024,1,dQ_HZ_Norm,0.0025241750581012686,0.0025153868589599384,0.0021449423584332457,0.002941740277700085
Overall,75,88,ReRZV_1d,2024,1,dQ_All,0.00850436104772178,0.008466214029765773,0.007314795291561938,0.009925947919524213
Overall,75,88,ReRZV_1d,2024,1,dQ_HZ_d,0.008236612954472314,0.008199123010019252,0.007046987382058602,0.009660072278281955
Overall,75,88,ReRZV_1d,2024,1,dQ_HZ_Norm_d,0.0025241750581012686,0.0025153868589599384,0.0021449423584332457,0.002941740277700085
Overall,75,88,ReRZV_1d,2024,1,dQ_Life_d,2.7474624124211735e-4,2.740491609891649e-4,2.3128949556268095e-4,3.2061866602299814e-4
Overall,75,88,ReRZV_1d,2024,1,dQ_All_d,0.008511359195714416,0.008473113102813734,0.007321922918586132,0.009933244186753053
Overall,75,88,ReRZV_1d,2024,1,dC_Hosp,-14.339616829285903,-14.289961086938892,-17.317620415183377,-11.692705239732975
Overall,75,88,ReRZV_1d,2024,1,dC_GP_NonPHN,-6.111577654811695,-6.106167429378242,-6.624442471034165,-5.5896338126755705
Overall,75,88,ReRZV_1d,2024,1,dC_GP_PHN,-2.5664855703944722,-2.5617098481021605,-2.9383889002525985,-2.226011713560135
Overall,75,88,ReRZV_1d,2024,1,dC_GP,-8.678063225206166,-8.682730933576643,-9.46346393659362,-7.879683025963486
Overall,75,88,ReRZV_1d,2024,1,dC_Med,-23.017680054492068,-22.98274668503656,-26.393164636608073,-20.015220019447135
Overall,75,88,ReRZV_1d,2024,1,dC_VacZVL,110,110,110,110
Overall,75,88,ReRZV_1d,2024,1,dC_VacRZV,45.33342340848179,45.33343013302061,45.333004330039444,45.33381878180545
Overall,75,88,ReRZV_1d,2024,1,dC_Vac,155.3334234084818,155.3334301330206,155.33300433003947,155.33381878180546
Overall,75,88,ReRZV_1d,2024,1,dC_All,132.31574335398972,132.3506545138407,128.94002106830965,135.3179974723094
Overall,75,88,ReRZV_1d,2024,1,dC_Hosp_d,-14.339616829285903,-14.289961086938892,-17.317620415183377,-11.692705239732975
Overall,75,88,ReRZV_1d,2024,1,dC_GP_NonPHN_d,-6.111577654811695,-6.106167429378242,-6.624442471034165,-5.5896338126755705
Overall,75,88,ReRZV_1d,2024,1,dC_GP_PHN_d,-2.5664855703944722,-2.5617098481021605,-2.9383889002525985,-2.226011713560135
Overall,75,88,ReRZV_1d,2024,1,dC_GP_d,-8.678063225206166,-8.682730933576643,-9.46346393659362,-7.879683025963486
Overall,75,88,ReRZV_1d,2024,1,dC_Med_d,-23.017680054492068,-22.98274668503656,-26.393164636608073,-20.015220019447135
Overall,75,88,ReRZV_1d,2024,1,dC_VacZVL_d,110,110,110,110
Overall,75,88,ReRZV_1d,2024,1,dC_VacRZV_d,45.33342340848179,45.33343013302061,45.333004330039444,45.33381878180545
Overall,75,88,ReRZV_1d,2024,1,dC_Vac_d,155.3334234084818,155.3334301330206,155.33300433003947,155.33381878180546
Overall,75,88,ReRZV_1d,2024,1,dC_All_d,132.31574335398972,132.3506545138407,128.94002106830965,135.3179974723094
Overall,75,88,ReRZV_1d,2024,1,dN_VacZVL,1,1,1,1
Overall,75,88,ReRZV_1d,2024,1,dN_VacRZV,0.5333343930409623,0.5333344721531836,0.5333294627063465,0.5333390444918288
Overall,75,88,ReRZV_1d,2024,1,dN_VacZVL_d,1,1,1,1
Overall,75,88,ReRZV_1d,2024,1,dN_VacRZV_d,0.5333343930409623,0.5333344721531836,0.5333294627063465,0.5333390444918288
Overall,75,88,ReRZV_1d,2024,1,ICER,15647.69726527182,15632.016125193808,13152.331572594647,18382.34423687332
Overall,75,88,ReRZV_1d,2024,1,Price0,85,85,85,85
Overall,75,88,ReRZV_1d,2024,1,Thres20,362.3333752273147,360.74428753425565,313.28802889652843,418.8976625615626
Overall,75,88,ReRZV_1d,2024,1,Thres30,521.9210323328115,519.8279473881223,450.69881463945677,605.7340644441334
Overall,75,88,ReRZV_1d,2024,1,Thres20_50,NA,360.74428753425565,NA,NA
Overall,75,88,ReRZV_1d,2024,1,Thres30_90,NA,473.7471922737882,NA,NA
Overall,75,88,ReRZV_1d,2024,1,Thres,NA,360.74428753425565,NA,NA
Overall,75,88,ReRZV_2d,2024,1,N0,1,1,1,1
Overall,75,88,ReRZV_2d,2024,1,dYear_Life,4.154980535191033e-4,4.1442098505939384e-4,3.539259391019734e-4,4.8252332409597364e-4
Overall,75,88,ReRZV_2d,2024,1,dYear_Immunised,6.171654509273867,6.166838058828257,5.733346223063568,6.604386564270885
Overall,75,88,ReRZV_2d,2024,1,dRisk_HZ,-0.056537087788547,-0.05647096508958071,-0.06091879762814712,-0.05219555487069745
Overall,75,88,ReRZV_2d,2024,1,dRisk_Hosp,-0.0033119301268784386,-0.003299053173349946,-0.003927767961915374,-0.0027748176857989517
Overall,75,88,ReRZV_2d,2024,1,dRisk_PHN,-0.0048243665366404995,-0.004818167067788417,-0.005456326833932984,-0.004239217747365722
Overall,75,88,ReRZV_2d,2024,1,dRisk_Death,-7.924001514254341e-5,-7.904907296384527e-5,-9.394637013265133e-5,-6.660035293858155e-5
Overall,75,88,ReRZV_2d,2024,1,dQ_Life,2.806300173908065e-4,2.800254146420045e-4,2.3924269237283192e-4,3.2535005550160534e-4
Overall,75,88,ReRZV_2d,2024,1,dQ_HZ,0.008363396768963832,0.008314315898779706,0.007214474469619501,0.00976232357023364
Overall,75,88,ReRZV_2d,2024,1,dQ_HZ_Norm,0.002559085575524114,0.0025483250985783735,0.0021856958322359625,0.0029777629354947027
Overall,75,88,ReRZV_2d,2024,1,dQ_All,0.008636781927229114,0.008589751869346074,0.007494149290101859,0.010037949322614722
Overall,75,88,ReRZV_2d,2024,1,dQ_HZ_d,0.008363396768963832,0.008314315898779706,0.007214474469619501,0.00976232357023364
Overall,75,88,ReRZV_2d,2024,1,dQ_HZ_Norm_d,0.002559085575524114,0.0025483250985783735,0.0021856958322359625,0.0029777629354947027
Overall,75,88,ReRZV_2d,2024,1,dQ_Life_d,2.806300173908065e-4,2.800254146420045e-4,2.3924269237283192e-4,3.2535005550160534e-4
Overall,75,88,ReRZV_2d,2024,1,dQ_All_d,0.008644026786354633,0.008596451235668212,0.007502129014083092,0.010045223138723844
Overall,75,88,ReRZV_2d,2024,1,dC_Hosp,-14.694845904763948,-14.660287068356016,-17.658970786152096,-12.205092362133362
Overall,75,88,ReRZV_2d,2024,1,dC_GP_NonPHN,-6.194451793368075,-6.181636354400961,-6.695318375676368,-5.717495373995352
Overall,75,88,ReRZV_2d,2024,1,dC_GP_PHN,-2.601621434716185,-2.595221323561227,-2.968824676751222,-2.2612842299606806
Overall,75,88,ReRZV_2d,2024,1,dC_GP,-8.79607322808426,-8.800946343006455,-9.547282477826597,-8.057466657056242
Overall,75,88,ReRZV_2d,2024,1,dC_Med,-23.49091913284821,-23.461057026421514,-26.724285956611823,-20.641234917643324
Overall,75,88,ReRZV_2d,2024,1,dC_VacZVL,110,110,110,110
Overall,75,88,ReRZV_2d,2024,1,dC_VacRZV,90.66684681696358,90.66686026604123,90.66600866007889,90.6676375636109
Overall,75,88,ReRZV_2d,2024,1,dC_Vac,200.66684681696358,200.66686026604123,200.66600866007892,200.66763756361087
Overall,75,88,ReRZV_2d,2024,1,dC_All,177.17592768411538,177.20575909696453,173.9420676714994,180.02544138729934
Overall,75,88,ReRZV_2d,2024,1,dC_Hosp_d,-14.694845904763948,-14.660287068356016,-17.658970786152096,-12.205092362133362
Overall,75,88,ReRZV_2d,2024,1,dC_GP_NonPHN_d,-6.194451793368075,-6.181636354400961,-6.695318375676368,-5.717495373995352
Overall,75,88,ReRZV_2d,2024,1,dC_GP_PHN_d,-2.601621434716185,-2.595221323561227,-2.968824676751222,-2.2612842299606806
Overall,75,88,ReRZV_2d,2024,1,dC_GP_d,-8.79607322808426,-8.800946343006455,-9.547282477826597,-8.057466657056242
Overall,75,88,ReRZV_2d,2024,1,dC_Med_d,-23.49091913284821,-23.461057026421514,-26.724285956611823,-20.641234917643324
Overall,75,88,ReRZV_2d,2024,1,dC_VacZVL_d,110,110,110,110
Overall,75,88,ReRZV_2d,2024,1,dC_VacRZV_d,90.66684681696358,90.66686026604123,90.66600866007889,90.6676375636109
Overall,75,88,ReRZV_2d,2024,1,dC_Vac_d,200.66684681696358,200.66686026604123,200.66600866007892,200.66763756361087
Overall,75,88,ReRZV_2d,2024,1,dC_All_d,177.17592768411538,177.20575909696453,173.9420676714994,180.02544138729934
Overall,75,88,ReRZV_2d,2024,1,dN_VacZVL,1,1,1,1
Overall,75,88,ReRZV_2d,2024,1,dN_VacRZV,1.0666687860819246,1.0666689443063673,1.066658925412693,1.0666780889836576
Overall,75,88,ReRZV_2d,2024,1,dN_VacZVL_d,1,1,1,1
Overall,75,88,ReRZV_2d,2024,1,dN_VacRZV_d,1.0666687860819246,1.0666689443063673,1.066658925412693,1.0666780889836576
Overall,75,88,ReRZV_2d,2024,1,ICER,20620.430285336446,20619.04382796131,17480.18234975379,23791.659374149545
Overall,75,88,ReRZV_2d,2024,1,Price0,85,85,85,85
Overall,75,88,ReRZV_2d,2024,1,Thres20,184.09786051628987,183.13738981006844,161.38394864087954,211.9133360091439
Overall,75,88,ReRZV_2d,2024,1,Thres30,265.135445164789,263.7480980856826,231.75156383826823,306.20082130829917
Overall,75,88,ReRZV_2d,2024,1,Thres20_50,NA,183.13738981006844,NA,NA
Overall,75,88,ReRZV_2d,2024,1,Thres30_90,NA,241.80395188629345,NA,NA
Overall,75,88,ReRZV_2d,2024,1,Thres,NA,183.13738981006844,NA,NA
Overall,75,89,ReRZV_1d,2024,1,N0,1,1,1,1
Overall,75,89,ReRZV_1d,2024,1,dYear_Life,3.6733474714059253e-4,3.666548948162429e-4,3.0957118050896066e-4,4.298470832163392e-4
Overall,75,89,ReRZV_1d,2024,1,dYear_Immunised,5.7529875912954065,5.752928829371055,5.273267098809011,6.221532425060922
Overall,75,89,ReRZV_1d,2024,1,dRisk_HZ,-0.05258169969509515,-0.052520734885021236,-0.05723238054963489,-0.04796808471117959
Overall,75,89,ReRZV_1d,2024,1,dRisk_Hosp,-0.0029889221347847343,-0.0029782133810009014,-0.0035758968717633645,-0.0024764689331340825
Overall,75,89,ReRZV_1d,2024,1,dRisk_PHN,-0.004467618198177021,-0.004464990911741124,-0.005086470417161164,-0.003885267215837022
Overall,75,89,ReRZV_1d,2024,1,dRisk_Death,-6.989114412364618e-5,-6.966374008261573e-5,-8.326966809798804e-5,-5.732899015036459e-5
Overall,75,89,ReRZV_1d,2024,1,dQ_Life,2.4824274271700197e-4,2.475767343907975e-4,2.0965267648063166e-4,2.904157697751763e-4
Overall,75,89,ReRZV_1d,2024,1,dQ_HZ,0.007746832154123286,0.007709250068768054,0.006629367798039671,0.009085806382534976
Overall,75,89,ReRZV_1d,2024,1,dQ_HZ_Norm,0.002383818189083641,0.002376282900995348,0.002021270822582279,0.00279054255328081
Overall,75,89,ReRZV_1d,2024,1,dQ_All,0.00798836402401908,0.007955921860220094,0.006862832309103207,0.0093496249120812
Overall,75,89,ReRZV_1d,2024,1,dQ_HZ_d,0.007746832154123286,0.007709250068768054,0.006629367798039671,0.009085806382534976
Overall,75,89,ReRZV_1d,2024,1,dQ_HZ_Norm_d,0.002383818189083641,0.002376282900995348,0.002021270822582279,0.00279054255328081
Overall,75,89,ReRZV_1d,2024,1,dQ_Life_d,2.4824274271700197e-4,2.475767343907975e-4,2.0965267648063166e-4,2.904157697751763e-4
Overall,75,89,ReRZV_1d,2024,1,dQ_All_d,0.007995074896840247,0.007962867644887517,0.0068692054339728695,0.00935607441919215
Overall,75,89,ReRZV_1d,2024,1,dC_Hosp,-13.234407916187028,-13.16905838040998,-16.001099894459127,-10.795413322146906
Overall,75,89,ReRZV_1d,2024,1,dC_GP_NonPHN,-5.7731397727074985,-5.768254396184441,-6.286523253442275,-5.267662513597559
Overall,75,89,ReRZV_1d,2024,1,dC_GP_PHN,-2.4134611000794397,-2.408825983495527,-2.7697241790414284,-2.085095955058153
Overall,75,89,ReRZV_1d,2024,1,dC_GP,-8.186600872786938,-8.192559928313948,-8.963431761873572,-7.414168972633301
Overall,75,89,ReRZV_1d,2024,1,dC_Med,-21.421008788973964,-21.365645628850327,-24.57362362512937,-18.60889749972933
Overall,75,89,ReRZV_1d,2024,1,dC_VacZVL,110,110,110,110
Overall,75,89,ReRZV_1d,2024,1,dC_VacRZV,40.745487259494034,40.74549233371961,40.74499010412392,40.745951961078156
Overall,75,89,ReRZV_1d,2024,1,dC_Vac,150.74548725949404,150.7454923337196,150.74499010412393,150.74595196107816
Overall,75,89,ReRZV_1d,2024,1,dC_All,129.32447847052006,129.3797611068124,126.17171568961845,132.1364157395282
Overall,75,89,ReRZV_1d,2024,1,dC_Hosp_d,-13.234407916187028,-13.16905838040998,-16.001099894459127,-10.795413322146906
Overall,75,89,ReRZV_1d,2024,1,dC_GP_NonPHN_d,-5.7731397727074985,-5.768254396184441,-6.286523253442275,-5.267662513597559
Overall,75,89,ReRZV_1d,2024,1,dC_GP_PHN_d,-2.4134611000794397,-2.408825983495527,-2.7697241790414284,-2.085095955058153
Overall,75,89,ReRZV_1d,2024,1,dC_GP_d,-8.186600872786938,-8.192559928313948,-8.963431761873572,-7.414168972633301
Overall,75,89,ReRZV_1d,2024,1,dC_Med_d,-21.421008788973964,-21.365645628850327,-24.57362362512937,-18.60889749972933
Overall,75,89,ReRZV_1d,2024,1,dC_VacZVL_d,110,110,110,110
Overall,75,89,ReRZV_1d,2024,1,dC_VacRZV_d,40.745487259494034,40.74549233371961,40.74499010412392,40.745951961078156
Overall,75,89,ReRZV_1d,2024,1,dC_Vac_d,150.74548725949404,150.7454923337196,150.74499010412393,150.74595196107816
Overall,75,89,ReRZV_1d,2024,1,dC_All_d,129.32447847052006,129.3797611068124,126.17171568961845,132.1364157395282
Overall,75,89,ReRZV_1d,2024,1,dN_VacZVL,1,1,1,1
Overall,75,89,ReRZV_1d,2024,1,dN_VacRZV,0.47935867364110624,0.4793587333378777,0.4793528247543991,0.4793641407185664
Overall,75,89,ReRZV_1d,2024,1,dN_VacZVL_d,1,1,1,1
Overall,75,89,ReRZV_1d,2024,1,dN_VacRZV_d,0.47935867364110624,0.4793587333378777,0.4793528247543991,0.4793641407185664
Overall,75,89,ReRZV_1d,2024,1,ICER,16284.555596886024,16254.604364666935,13693.738713300916,19062.937260012855
Overall,75,89,ReRZV_1d,2024,1,Price0,85,85,85,85
Overall,75,89,ReRZV_1d,2024,1,Thres20,378.2605770631027,376.65900298931,327.8589448225162,437.7907095809665
Overall,75,89,ReRZV_1d,2024,1,Thres30,545.0474642813648,542.79980819142,471.15450666082916,633.2778736870248
Overall,75,89,ReRZV_1d,2024,1,Thres20_50,NA,376.65900298931,NA,NA
Overall,75,89,ReRZV_1d,2024,1,Thres30_90,NA,494.5001664587656,NA,NA
Overall,75,89,ReRZV_1d,2024,1,Thres,NA,376.65900298931,NA,NA
Overall,75,89,ReRZV_2d,2024,1,N0,1,1,1,1
Overall,75,89,ReRZV_2d,2024,1,dYear_Life,3.745603360379155e-4,3.735784754619331e-4,3.1807526457789943e-4,4.3617842067535936e-4
Overall,75,89,ReRZV_2d,2024,1,dYear_Immunised,5.824457862765965,5.81540652609592,5.390450035209002,6.266932483682701
Overall,75,89,ReRZV_2d,2024,1,dRisk_HZ,-0.053233006820458506,-0.05314166903251474,-0.057739634349439246,-0.04895573869648975
Overall,75,89,ReRZV_2d,2024,1,dRisk_Hosp,-0.0030542797579281695,-0.0030364466608322274,-0.0036387298099997767,-0.002559812498797563
Overall,75,89,ReRZV_2d,2024,1,dRisk_PHN,-0.00452287230809418,-0.004515962857209619,-0.005152356887754303,-0.003952351303442735
Overall,75,89,ReRZV_2d,2024,1,dRisk_Death,-7.177075182880765e-5,-7.15862675662394e-5,-8.477014434970526e-5,-6.0261946617770306e-5
Overall,75,89,ReRZV_2d,2024,1,dQ_Life,2.529465903863439e-4,2.521774166641677e-4,2.149194337051963e-4,2.945041732226539e-4
Overall,75,89,ReRZV_2d,2024,1,dQ_HZ,0.007851666974433978,0.007807040612004448,0.006768328720461137,0.009177717443561344
Overall,75,89,ReRZV_2d,2024,1,dQ_HZ_Norm,0.0024124455515195627,0.002403259412023992,0.0020548975357729147,0.0028183466249423915
Overall,75,89,ReRZV_2d,2024,1,dQ_All,0.00809766990124186,0.008057960744251247,0.007021092096554327,0.009433727262065348
Overall,75,89,ReRZV_2d,2024,1,dQ_HZ_d,0.007851666974433978,0.007807040612004448,0.006768328720461137,0.009177717443561344
Overall,75,89,ReRZV_2d,2024,1,dQ_HZ_Norm_d,0.0024124455515195627,0.002403259412023992,0.0020548975357729147,0.0028183466249423915
Overall,75,89,ReRZV_2d,2024,1,dQ_Life_d,2.529465903863439e-4,2.521774166641677e-4,2.149194337051963e-4,2.945041732226539e-4
Overall,75,89,ReRZV_2d,2024,1,dQ_All_d,0.008104613564820312,0.008065067512132096,0.007028652067922181,0.009441068848750421
Overall,75,89,ReRZV_2d,2024,1,dC_Hosp,-13.539938643539099,-13.480185610265789,-16.1983288452121,-11.173754770235094
Overall,75,89,ReRZV_2d,2024,1,dC_GP_NonPHN,-5.840883326806536,-5.827442066815696,-6.354358428253714,-5.364812529571764
Overall,75,89,ReRZV_2d,2024,1,dC_GP_PHN,-2.441791835946507,-2.434736897801015,-2.8004220012596144,-2.115177746023865
Overall,75,89,ReRZV_2d,2024,1,dC_GP,-8.282675162753044,-8.285386846390413,-9.030774479663668,-7.558451531087974
Overall,75,89,ReRZV_2d,2024,1,dC_Med,-21.822613806292143,-21.75721347073757,-24.873615233995494,-19.14334833223381
Overall,75,89,ReRZV_2d,2024,1,dC_VacZVL,110,110,110,110
Overall,75,89,ReRZV_2d,2024,1,dC_VacRZV,81.49097451898807,81.49098466743922,81.48998020824784,81.49190392215631
Overall,75,89,ReRZV_2d,2024,1,dC_Vac,191.49097451898805,191.4909846674392,191.48998020824783,191.4919039221563
Overall,75,89,ReRZV_2d,2024,1,dC_All,169.66836071269591,169.73373822765927,166.6182147018848,172.34792859655667
Overall,75,89,ReRZV_2d,2024,1,dC_Hosp_d,-13.539938643539099,-13.480185610265789,-16.1983288452121,-11.173754770235094
Overall,75,89,ReRZV_2d,2024,1,dC_GP_NonPHN_d,-5.840883326806536,-5.827442066815696,-6.354358428253714,-5.364812529571764
Overall,75,89,ReRZV_2d,2024,1,dC_GP_PHN_d,-2.441791835946507,-2.434736897801015,-2.8004220012596144,-2.115177746023865
Overall,75,89,ReRZV_2d,2024,1,dC_GP_d,-8.282675162753044,-8.285386846390413,-9.030774479663668,-7.558451531087974
Overall,75,89,ReRZV_2d,2024,1,dC_Med_d,-21.822613806292143,-21.75721347073757,-24.873615233995494,-19.14334833223381
Overall,75,89,ReRZV_2d,2024,1,dC_VacZVL_d,110,110,110,110
Overall,75,89,ReRZV_2d,2024,1,dC_VacRZV_d,81.49097451898807,81.49098466743922,81.48998020824784,81.49190392215631
Overall,75,89,ReRZV_2d,2024,1,dC_Vac_d,191.49097451898805,191.4909846674392,191.48998020824783,191.4919039221563
Overall,75,89,ReRZV_2d,2024,1,dC_All_d,169.66836071269591,169.73373822765927,166.6182147018848,172.34792859655667
Overall,75,89,ReRZV_2d,2024,1,dN_VacZVL,1,1,1,1
Overall,75,89,ReRZV_2d,2024,1,dN_VacRZV,0.9587173472822125,0.9587174666757554,0.9587056495087982,0.9587282814371328
Overall,75,89,ReRZV_2d,2024,1,dN_VacZVL_d,1,1,1,1
Overall,75,89,ReRZV_2d,2024,1,dN_VacRZV_d,0.9587173472822125,0.9587174666757554,0.9587056495087982,0.9587282814371328
Overall,75,89,ReRZV_2d,2024,1,ICER,21066.74523419312,21053.700187791612,17852.781347480985,24379.397404823827
Overall,75,89,ReRZV_2d,2024,1,Price0,85,85,85,85
Overall,75,89,ReRZV_2d,2024,1,Thres20,191.83429517635346,190.86993814502733,167.80739982875386,220.80882626745122
Overall,75,89,ReRZV_2d,2024,1,Thres30,276.3702930113689,275.01647881718327,241.0175560005684,319.0934505802911
Overall,75,89,ReRZV_2d,2024,1,Thres20_50,NA,190.86993814502733,NA,NA
Overall,75,89,ReRZV_2d,2024,1,Thres30_90,NA,251.48822038841166,NA,NA
Overall,75,89,ReRZV_2d,2024,1,Thres,NA,190.86993814502733,NA,NA
Overall,75,90,ReRZV_1d,2024,1,N0,1,1,1,1
Overall,75,90,ReRZV_1d,2024,1,dYear_Life,3.2710374644120765e-4,3.254310674600802e-4,2.7441374657528607e-4,3.849311481494587e-4
Overall,75,90,ReRZV_1d,2024,1,dYear_Immunised,5.44946880725386,5.443675687692546,4.981514219841926,5.920531530996975
Overall,75,90,ReRZV_1d,2024,1,dRisk_HZ,-0.049715838106694596,-0.0496408862347993,-0.054477681030260024,-0.04515607788580065
Overall,75,90,ReRZV_1d,2024,1,dRisk_Hosp,-0.002739969471361032,-0.002723862340573714,-0.003298254190562986,-0.0022719975719548216
Overall,75,90,ReRZV_1d,2024,1,dRisk_PHN,-0.004209375745267952,-0.004202944805496886,-0.004818986100127539,-0.003639547004777746
Overall,75,90,ReRZV_1d,2024,1,dRisk_Death,-6.190036435392983e-5,-6.181608186930365e-5,-7.390912025115228e-5,-5.0975009886249025e-5
Overall,75,90,ReRZV_1d,2024,1,dQ_Life,2.2124661807362765e-4,2.202192830678129e-4,1.8602382806678366e-4,2.60225835015504e-4
Overall,75,90,ReRZV_1d,2024,1,dQ_HZ,0.007297644817906525,0.007265235960561947,0.0062433394740335595,0.008572237811183195
Overall,75,90,ReRZV_1d,2024,1,dQ_HZ_Norm,0.0022568400901782793,0.00225039938979928,0.00191308209737669,0.0026495580980245765
Overall,75,90,ReRZV_1d,2024,1,dQ_All,0.007512575650413009,0.0074809578382888375,0.006453440109624564,0.008808070120079002
Overall,75,90,ReRZV_1d,2024,1,dQ_HZ_d,0.007297644817906525,0.007265235960561947,0.0062433394740335595,0.008572237811183195
Overall,75,90,ReRZV_1d,2024,1,dQ_HZ_Norm_d,0.0022568400901782793,0.00225039938979928,0.00191308209737669,0.0026495580980245765
Overall,75,90,ReRZV_1d,2024,1,dQ_Life_d,2.2124661807362765e-4,2.202192830678129e-4,1.8602382806678366e-4,2.60225835015504e-4
Overall,75,90,ReRZV_1d,2024,1,dQ_All_d,0.007518891435980124,0.0074877408906219856,0.006459001887304438,0.008814071974301018
Overall,75,90,ReRZV_1d,2024,1,dC_Hosp,-12.103077616584464,-12.026970748713783,-14.706121475047848,-9.892254552771135
Overall,75,90,ReRZV_1d,2024,1,dC_GP_NonPHN,-5.468989367512996,-5.45986109074253,-5.990495766359415,-4.96377368221318
Overall,75,90,ReRZV_1d,2024,1,dC_GP_PHN,-2.277871435427435,-2.2732053852133762,-2.6329410151607933,-1.9544452285484264
Overall,75,90,ReRZV_1d,2024,1,dC_GP,-7.7468608029404304,-7.744698048629507,-8.518623650483883,-6.988117111367832
Overall,75,90,ReRZV_1d,2024,1,dC_Med,-19.849938419524896,-19.794034251639047,-22.789786052763933,-17.19662994743305
Overall,75,90,ReRZV_1d,2024,1,dC_VacZVL,110,110,110,110
Overall,75,90,ReRZV_1d,2024,1,dC_VacRZV,36.12547336139947,36.12547876092813,36.1248869554566,36.12600723296194
Overall,75,90,ReRZV_1d,2024,1,dC_Vac,146.12547336139946,146.1254787609281,146.12488695545662,146.1260072329619
Overall,75,90,ReRZV_1d,2024,1,dC_All,126.27553494187458,126.33177362347844,123.33606519657232,128.92878190879372
Overall,75,90,ReRZV_1d,2024,1,dC_Hosp_d,-12.103077616584464,-12.026970748713783,-14.706121475047848,-9.892254552771135
Overall,75,90,ReRZV_1d,2024,1,dC_GP_NonPHN_d,-5.468989367512996,-5.45986109074253,-5.990495766359415,-4.96377368221318
Overall,75,90,ReRZV_1d,2024,1,dC_GP_PHN_d,-2.277871435427435,-2.2732053852133762,-2.6329410151607933,-1.9544452285484264
Overall,75,90,ReRZV_1d,2024,1,dC_GP_d,-7.7468608029404304,-7.744698048629507,-8.518623650483883,-6.988117111367832
Overall,75,90,ReRZV_1d,2024,1,dC_Med_d,-19.849938419524896,-19.794034251639047,-22.789786052763933,-17.19662994743305
Overall,75,90,ReRZV_1d,2024,1,dC_VacZVL_d,110,110,110,110
Overall,75,90,ReRZV_1d,2024,1,dC_VacRZV_d,36.12547336139947,36.12547876092813,36.1248869554566,36.12600723296194
Overall,75,90,ReRZV_1d,2024,1,dC_Vac_d,146.12547336139946,146.1254787609281,146.12488695545662,146.1260072329619
Overall,75,90,ReRZV_1d,2024,1,dC_All_d,126.27553494187458,126.33177362347844,123.33606519657232,128.92878190879372
Overall,75,90,ReRZV_1d,2024,1,dN_VacZVL,1,1,1,1
Overall,75,90,ReRZV_1d,2024,1,dN_VacRZV,0.4250055689576408,0.42500563248150736,0.42499867006419534,0.42501184979955225
Overall,75,90,ReRZV_1d,2024,1,dN_VacZVL_d,1,1,1,1
Overall,75,90,ReRZV_1d,2024,1,dN_VacRZV_d,0.4250055689576408,0.42500563248150736,0.42499867006419534,0.42501184979955225
Overall,75,90,ReRZV_1d,2024,1,ICER,16912.231289676187,16886.017850310316,14174.877791997164,19873.985491178675
Overall,75,90,ReRZV_1d,2024,1,Price0,85,85,84.99999999999999,85.00000000000001
Overall,75,90,ReRZV_1d,2024,1,Thres20,400.53061572442084,398.6733337426324,345.7012510377429,464.97093683534325
Overall,75,90,ReRZV_1d,2024,1,Thres30,577.4433646582931,575.0491757450849,498.1746633319542,672.3468689385433
Overall,75,90,ReRZV_1d,2024,1,Thres20_50,NA,398.6733337426324,NA,NA
Overall,75,90,ReRZV_1d,2024,1,Thres30_90,NA,521.8337418712186,NA,NA
Overall,75,90,ReRZV_1d,2024,1,Thres,NA,398.6733337426324,NA,NA
Overall,75,90,ReRZV_2d,2024,1,N0,1,1,1,1
Overall,75,90,ReRZV_2d,2024,1,dYear_Life,3.3258288615458563e-4,3.3129738687698307e-4,2.8137131998859924e-4,3.894350827349679e-4
Overall,75,90,ReRZV_2d,2024,1,dYear_Immunised,5.5076495597666595,5.5010205688679905,5.066770708315891,5.957351448984044
Overall,75,90,ReRZV_2d,2024,1,dRisk_HZ,-0.05024176602766528,-0.05013922420394754,-0.05478670742740317,-0.04584391836624352
Overall,75,90,ReRZV_2d,2024,1,dRisk_Hosp,-0.0027943502799151845,-0.0027745952194861657,-0.0033539570452415053,-0.0023300397045115753
Overall,75,90,ReRZV_2d,2024,1,dRisk_PHN,-0.004253394852049485,-0.004241184686741348,-0.004854225319061391,-0.003695710859098241
Overall,75,90,ReRZV_2d,2024,1,dRisk_Death,-6.343048198513176e-5,-6.320422212510246e-5,-7.528955174246503e-5,-5.31058338793918e-5
Overall,75,90,ReRZV_2d,2024,1,dQ_Life,2.247793987628306e-4,2.2398857076666445e-4,1.8998037700388435e-4,2.6299499150685964e-4
Overall,75,90,ReRZV_2d,2024,1,dQ_HZ,0.007382790857015071,0.007345378814926903,0.006335972893285674,0.0086203008300204
Overall,75,90,ReRZV_2d,2024,1,dQ_HZ_Norm,0.0022799065828203054,0.002272039061044127,0.0019321371465665055,0.0026639549392854754
Overall,75,90,ReRZV_2d,2024,1,dQ_All,0.007601039769922939,0.007565935361735221,0.006548280125086726,0.008861663983200695
Overall,75,90,ReRZV_2d,2024,1,dQ_HZ_d,0.007382790857015071,0.007345378814926903,0.006335972893285674,0.0086203008300204
Overall,75,90,ReRZV_2d,2024,1,dQ_HZ_Norm_d,0.0022799065828203054,0.002272039061044127,0.0019321371465665055,0.0026639549392854754
Overall,75,90,ReRZV_2d,2024,1,dQ_Life_d,2.247793987628306e-4,2.2398857076666445e-4,1.8998037700388435e-4,2.6299499150685964e-4
Overall,75,90,ReRZV_2d,2024,1,dQ_All_d,0.007607570255777892,0.0075721522812601805,0.006554967400465417,0.00886959283761337
Overall,75,90,ReRZV_2d,2024,1,dC_Hosp,-12.35867580465966,-12.282324721335222,-14.890730240506418,-10.233519949900925
Overall,75,90,ReRZV_2d,2024,1,dC_GP_NonPHN,-5.523435985099875,-5.511255731441101,-6.043686614435014,-5.046318139700341
Overall,75,90,ReRZV_2d,2024,1,dC_GP_PHN,-2.3003116074432106,-2.297049656555042,-2.6618972556359117,-1.9787377717166963
Overall,75,90,ReRZV_2d,2024,1,dC_GP,-7.823747592543085,-7.813959104688803,-8.596448776320054,-7.098250111429565
Overall,75,90,ReRZV_2d,2024,1,dC_Med,-20.182423397202747,-20.13009452753598,-23.03629007719374,-17.65420534919126
Overall,75,90,ReRZV_2d,2024,1,dC_VacZVL,110,110,110,110
Overall,75,90,ReRZV_2d,2024,1,dC_VacRZV,72.25094672279894,72.25095752185626,72.2497739109132,72.25201446592388
Overall,75,90,ReRZV_2d,2024,1,dC_Vac,182.25094672279894,182.25095752185626,182.2497739109132,182.25201446592388
Overall,75,90,ReRZV_2d,2024,1,dC_All,162.0685233255962,162.12031692851446,159.21483989335863,164.59655569137712
Overall,75,90,ReRZV_2d,2024,1,dC_Hosp_d,-12.35867580465966,-12.282324721335222,-14.890730240506418,-10.233519949900925
Overall,75,90,ReRZV_2d,2024,1,dC_GP_NonPHN_d,-5.523435985099875,-5.511255731441101,-6.043686614435014,-5.046318139700341
Overall,75,90,ReRZV_2d,2024,1,dC_GP_PHN_d,-2.3003116074432106,-2.297049656555042,-2.6618972556359117,-1.9787377717166963
Overall,75,90,ReRZV_2d,2024,1,dC_GP_d,-7.823747592543085,-7.813959104688803,-8.596448776320054,-7.098250111429565
Overall,75,90,ReRZV_2d,2024,1,dC_Med_d,-20.182423397202747,-20.13009452753598,-23.03629007719374,-17.65420534919126
Overall,75,90,ReRZV_2d,2024,1,dC_VacZVL_d,110,110,110,110
Overall,75,90,ReRZV_2d,2024,1,dC_VacRZV_d,72.25094672279894,72.25095752185626,72.2497739109132,72.25201446592388
Overall,75,90,ReRZV_2d,2024,1,dC_Vac_d,182.25094672279894,182.25095752185626,182.2497739109132,182.25201446592388
Overall,75,90,ReRZV_2d,2024,1,dC_All_d,162.0685233255962,162.12031692851446,159.21483989335863,164.59655569137712
Overall,75,90,ReRZV_2d,2024,1,dN_VacZVL,1,1,1,1
Overall,75,90,ReRZV_2d,2024,1,dN_VacRZV,0.8500111379152816,0.8500112649630147,0.8499973401283907,0.8500236995991045
Overall,75,90,ReRZV_2d,2024,1,dN_VacZVL_d,1,1,1,1
Overall,75,90,ReRZV_2d,2024,1,dN_VacRZV_d,0.8500111379152816,0.8500112649630147,0.8499973401283907,0.8500236995991045
Overall,75,90,ReRZV_2d,2024,1,ICER,21445.378654341686,21392.850742279883,18135.530643356888,24990.32947324479
Overall,75,90,ReRZV_2d,2024,1,Price0,85,85,84.99999999999999,85.00000000000001
Overall,75,90,ReRZV_2d,2024,1,Thres20,202.74299424542338,202.02804960334106,175.87900510535417,233.8585457632141
Overall,75,90,ReRZV_2d,2024,1,Thres30,292.2426351038708,291.10814508501875,253.10079652713495,338.24904337112383
Overall,75,90,ReRZV_2d,2024,1,Thres20_50,NA,202.02804960334106,NA,NA
Overall,75,90,ReRZV_2d,2024,1,Thres30_90,NA,264.7613499122498,NA,NA
Overall,75,90,ReRZV_2d,2024,1,Thres,NA,202.02804960334106,NA,NA
Overall,75,91,ReRZV_1d,2024,1,N0,1,1,1,1
Overall,75,91,ReRZV_1d,2024,1,dYear_Life,2.937985120491353e-4,2.922291767299967e-4,2.45346775349109e-4,3.486997254523949e-4
Overall,75,91,ReRZV_1d,2024,1,dYear_Immunised,5.17745018099521,5.1753982188297964,4.709864920671083,5.659251811296393
Overall,75,91,ReRZV_1d,2024,1,dRisk_HZ,-0.04717579681775825,-0.04708909130212556,-0.0519005739890972,-0.04256440993702523
Overall,75,91,ReRZV_1d,2024,1,dRisk_Hosp,-0.0025091746928422574,-0.0025012343547574723,-0.0030329296890128166,-0.002077998267447514
Overall,75,91,ReRZV_1d,2024,1,dRisk_PHN,-0.0039868085175693065,-0.00397684156585833,-0.004589496190274005,-0.003435114050416358
Overall,75,91,ReRZV_1d,2024,1,dRisk_Death,-5.47388292501537e-5,-5.4624953073597965e-5,-6.549695285822898e-5,-4.5061017202078806e-5
Overall,75,91,ReRZV_1d,2024,1,dQ_Life,1.990704582595786e-4,1.9803567376985853e-4,1.6644875448288408e-4,2.3595373590943323e-4
Overall,75,91,ReRZV_1d,2024,1,dQ_HZ,0.006894715206707566,0.0068680411951614435,0.005879260470866547,0.008095543028034342
Overall,75,91,ReRZV_1d,2024,1,dQ_HZ_Norm,0.0021444133894045255,0.0021373222475371124,0.0018107892782490982,0.0025197559677776517
Overall,75,91,ReRZV_1d,2024,1,dQ_All,0.007087891898998477,0.0070609658505205175,0.006064433198919916,0.008307047285348411
Overall,75,91,ReRZV_1d,2024,1,dQ_HZ_d,0.006894715206707566,0.0068680411951614435,0.005879260470866547,0.008095543028034342
Overall,75,91,ReRZV_1d,2024,1,dQ_HZ_Norm_d,0.0021444133894045255,0.0021373222475371124,0.0018107892782490982,0.0025197559677776517
Overall,75,91,ReRZV_1d,2024,1,dQ_Life_d,1.990704582595786e-4,1.9803567376985853e-4,1.6644875448288408e-4,2.3595373590943323e-4
Overall,75,91,ReRZV_1d,2024,1,dQ_All_d,0.0070937856649671395,0.007066875966985187,0.006070201812035681,0.008314141636180316
Overall,75,91,ReRZV_1d,2024,1,dC_Hosp,-11.040598013176126,-10.990432076230562,-13.446801267287299,-9.045109342378016
Overall,75,91,ReRZV_1d,2024,1,dC_GP_NonPHN,-5.199814851649794,-5.1917202159206495,-5.729837069325473,-4.690968561828034
Overall,75,91,ReRZV_1d,2024,1,dC_GP_PHN,-2.1614944166144014,-2.1601385166506875,-2.511204107824665,-1.85308964502649
Overall,75,91,ReRZV_1d,2024,1,dC_GP,-7.361309268264195,-7.3511105389711595,-8.14708874479033,-6.59961075789291
Overall,75,91,ReRZV_1d,2024,1,dC_Med,-18.401907281440323,-18.369847742282936,-21.297827065526942,-15.96335823232971
Overall,75,91,ReRZV_1d,2024,1,dC_VacZVL,110,110,110,110
Overall,75,91,ReRZV_1d,2024,1,dC_VacRZV,31.54710394608823,31.54711234543685,31.54641899965848,31.54771025684239
Overall,75,91,ReRZV_1d,2024,1,dC_Vac,141.54710394608824,141.54711234543686,141.5464189996585,141.5477102568424
Overall,75,91,ReRZV_1d,2024,1,dC_All,123.14519666464791,123.17686026120528,120.24974608696445,125.58373776926642
Overall,75,91,ReRZV_1d,2024,1,dC_Hosp_d,-11.040598013176126,-10.990432076230562,-13.446801267287299,-9.045109342378016
Overall,75,91,ReRZV_1d,2024,1,dC_GP_NonPHN_d,-5.199814851649794,-5.1917202159206495,-5.729837069325473,-4.690968561828034
Overall,75,91,ReRZV_1d,2024,1,dC_GP_PHN_d,-2.1614944166144014,-2.1601385166506875,-2.511204107824665,-1.85308964502649
Overall,75,91,ReRZV_1d,2024,1,dC_GP_d,-7.361309268264195,-7.3511105389711595,-8.14708874479033,-6.59961075789291
Overall,75,91,ReRZV_1d,2024,1,dC_Med_d,-18.401907281440323,-18.369847742282936,-21.297827065526942,-15.96335823232971
Overall,75,91,ReRZV_1d,2024,1,dC_VacZVL_d,110,110,110,110
Overall,75,91,ReRZV_1d,2024,1,dC_VacRZV_d,31.54710394608823,31.54711234543685,31.54641899965848,31.54771025684239
Overall,75,91,ReRZV_1d,2024,1,dC_Vac_d,141.54710394608824,141.54711234543686,141.5464189996585,141.5477102568424
Overall,75,91,ReRZV_1d,2024,1,dC_All_d,123.14519666464791,123.17686026120528,120.24974608696445,125.58373776926642
Overall,75,91,ReRZV_1d,2024,1,dN_VacZVL,1,1,1,1
Overall,75,91,ReRZV_1d,2024,1,dN_VacRZV,0.3711423993657439,0.37114249818161,0.37113434117245275,0.37114953243343984
Overall,75,91,ReRZV_1d,2024,1,dN_VacZVL_d,1,1,1,1
Overall,75,91,ReRZV_1d,2024,1,dN_VacRZV_d,0.3711423993657439,0.37114249818161,0.37113434117245275,0.37114953243343984
Overall,75,91,ReRZV_1d,2024,1,ICER,17486.88387013398,17433.80286680447,14645.825952861627,20553.18887158003
Overall,75,91,ReRZV_1d,2024,1,Price0,85,85,85,85
Overall,75,91,ReRZV_1d,2024,1,Thres20,431.84930651105026,430.0481573617713,372.29878527650584,501.0059916544689
Overall,75,91,ReRZV_1d,2024,1,Thres30,622.9830666821244,620.7276609672136,536.3378879881673,724.544705600295
Overall,75,91,ReRZV_1d,2024,1,Thres20_50,NA,430.0481573617713,NA,NA
Overall,75,91,ReRZV_1d,2024,1,Thres30_90,NA,561.192279662472,NA,NA
Overall,75,91,ReRZV_1d,2024,1,Thres,NA,430.0481573617713,NA,NA
Overall,75,91,ReRZV_2d,2024,1,N0,1,1,1,1
Overall,75,91,ReRZV_2d,2024,1,dYear_Life,2.978579842742679e-4,2.965359128532796e-4,2.4975117763057495e-4,3.5222599694471055e-4
Overall,75,91,ReRZV_2d,2024,1,dYear_Immunised,5.223949126500218,5.214873716496876,4.780488626389286,5.6960317019541264
Overall,75,91,ReRZV_2d,2024,1,dRisk_HZ,-0.047592770299845336,-0.04748103659055311,-0.052285537804756414,-0.04312621840111345
Overall,75,91,ReRZV_2d,2024,1,dRisk_Hosp,-0.0025536598121110986,-0.0025407677374936497,-0.0030727934863469704,-0.0021320516518641844
Overall,75,91,ReRZV_2d,2024,1,dRisk_PHN,-0.004021294255072888,-0.004010905187330099,-0.004621103679683937,-0.0034783571901562107
Overall,75,91,ReRZV_2d,2024,1,dRisk_Death,-5.596173293584874e-5,-5.565292389504629e-5,-6.652103856523592e-5,-4.670495290855986e-5
Overall,75,91,ReRZV_2d,2024,1,dQ_Life,2.0165859845730605e-4,2.0075908094785433e-4,1.6899247398667326e-4,2.3817915016857146e-4
Overall,75,91,ReRZV_2d,2024,1,dQ_HZ,0.006962551474569214,0.006925892862878385,0.005947603098534015,0.008155213513279705
Overall,75,91,ReRZV_2d,2024,1,dQ_HZ_Norm,0.002162651040546451,0.002154069376598524,0.001825194190252828,0.002532144723647659
Overall,75,91,ReRZV_2d,2024,1,dQ_All,0.007158120394516517,0.00712346025646049,0.00612889314639422,0.008363538259279045
Overall,75,91,ReRZV_2d,2024,1,dQ_HZ_d,0.006962551474569214,0.006925892862878385,0.005947603098534015,0.008155213513279705
Overall,75,91,ReRZV_2d,2024,1,dQ_HZ_Norm_d,0.002162651040546451,0.002154069376598524,0.001825194190252828,0.002532144723647659
Overall,75,91,ReRZV_2d,2024,1,dQ_Life_d,2.0165859845730605e-4,2.0075908094785433e-4,1.6899247398667326e-4,2.3817915016857146e-4
Overall,75,91,ReRZV_2d,2024,1,dQ_All_d,0.0071642100730265395,0.0071297788919055805,0.006135224435310782,0.008370973666916593
Overall,75,91,ReRZV_2d,2024,1,dC_Hosp,-11.25060842848107,-11.205032386816242,-13.600217893828603,-9.266850354348945
Overall,75,91,ReRZV_2d,2024,1,dC_GP_NonPHN,-5.242719411241203,-5.232413490540841,-5.774010237719344,-4.756692936572457
Overall,75,91,ReRZV_2d,2024,1,dC_GP_PHN,-2.178953170491536,-2.178316623663295,-2.535874195513293,-1.8656526866952177
Overall,75,91,ReRZV_2d,2024,1,dC_GP,-7.4216725817327385,-7.406090352451224,-8.21818649174935,-6.6973518278628434
Overall,75,91,ReRZV_2d,2024,1,dC_Med,-18.67228101021381,-18.643055144949205,-21.515418753669927,-16.277213816033537
Overall,75,91,ReRZV_2d,2024,1,dC_VacZVL,110,110,110,110
Overall,75,91,ReRZV_2d,2024,1,dC_VacRZV,63.09420789217646,63.0942246908737,63.09283799931696,63.09542051368478
Overall,75,91,ReRZV_2d,2024,1,dC_Vac,173.09420789217646,173.09422469087372,173.09283799931697,173.09542051368476
Overall,75,91,ReRZV_2d,2024,1,dC_All,154.42192688196266,154.45175587146002,151.57947310594838,156.81694944513006
Overall,75,91,ReRZV_2d,2024,1,dC_Hosp_d,-11.25060842848107,-11.205032386816242,-13.600217893828603,-9.266850354348945
Overall,75,91,ReRZV_2d,2024,1,dC_GP_NonPHN_d,-5.242719411241203,-5.232413490540841,-5.774010237719344,-4.756692936572457
Overall,75,91,ReRZV_2d,2024,1,dC_GP_PHN_d,-2.178953170491536,-2.178316623663295,-2.535874195513293,-1.8656526866952177
Overall,75,91,ReRZV_2d,2024,1,dC_GP_d,-7.4216725817327385,-7.406090352451224,-8.21818649174935,-6.6973518278628434
Overall,75,91,ReRZV_2d,2024,1,dC_Med_d,-18.67228101021381,-18.643055144949205,-21.515418753669927,-16.277213816033537
Overall,75,91,ReRZV_2d,2024,1,dC_VacZVL_d,110,110,110,110
Overall,75,91,ReRZV_2d,2024,1,dC_VacRZV_d,63.09420789217646,63.0942246908737,63.09283799931696,63.09542051368478
Overall,75,91,ReRZV_2d,2024,1,dC_Vac_d,173.09420789217646,173.09422469087372,173.09283799931697,173.09542051368476
Overall,75,91,ReRZV_2d,2024,1,dC_All_d,154.42192688196266,154.45175587146002,151.57947310594838,156.81694944513006
Overall,75,91,ReRZV_2d,2024,1,dN_VacZVL,1,1,1,1
Overall,75,91,ReRZV_2d,2024,1,dN_VacRZV,0.7422847987314878,0.74228499636322,0.7422686823449055,0.7422990648668797
Overall,75,91,ReRZV_2d,2024,1,dN_VacZVL_d,1,1,1,1
Overall,75,91,ReRZV_2d,2024,1,dN_VacRZV_d,0.7422847987314878,0.74228499636322,0.7422686823449055,0.7422990648668797
Overall,75,91,ReRZV_2d,2024,1,ICER,21706.483865155362,21636.33932755977,18320.830014438074,25423.922759681373
Overall,75,91,ReRZV_2d,2024,1,Price0,85,85,85,85
Overall,75,91,ReRZV_2d,2024,1,Thres20,218.18640171681426,217.44136228486127,188.21413320842439,252.13587590129657
Overall,75,91,ReRZV_2d,2024,1,Thres30,314.702033442108,313.4795972439754,270.93647983685366,364.7679611716938
Overall,75,91,ReRZV_2d,2024,1,Thres20_50,NA,217.44136228486127,NA,NA
Overall,75,91,ReRZV_2d,2024,1,Thres30_90,NA,283.885767602104,NA,NA
Overall,75,91,ReRZV_2d,2024,1,Thres,NA,217.44136228486127,NA,NA
Overall,75,92,ReRZV_1d,2024,1,N0,1,1,1,1
Overall,75,92,ReRZV_1d,2024,1,dYear_Life,2.668068601205942e-4,2.6535225064705514e-4,2.2118493201426226e-4,3.2014260489230393e-4
Overall,75,92,ReRZV_1d,2024,1,dYear_Immunised,4.938447601295695,4.937062734250235,4.480425121373266,5.419798684516542
Overall,75,92,ReRZV_1d,2024,1,dRisk_HZ,-0.04496470393808055,-0.04484476494914943,-0.049736063391465656,-0.04034065695861219
Overall,75,92,ReRZV_1d,2024,1,dRisk_Hosp,-0.0022931863788964693,-0.002285306545602262,-0.0027672197610295567,-0.0018827633325111308
Overall,75,92,ReRZV_1d,2024,1,dRisk_PHN,-0.0037937265223621118,-0.003783836151202513,-0.004397930528934408,-0.0032566821320793565
Overall,75,92,ReRZV_1d,2024,1,dRisk_Death,-4.844646155631892e-5,-4.8227335798287645e-5,-5.8427194067962467e-5,-3.9729314834792736e-5
Overall,75,92,ReRZV_1d,2024,1,dQ_Life,1.8125169005119712e-4,1.8024089011881017e-4,1.5017853998058328e-4,2.1749322694994964e-4
Overall,75,92,ReRZV_1d,2024,1,dQ_HZ,0.006539757144240511,0.006515334221030917,0.0055491356140218995,0.0076940613366217395
Overall,75,92,ReRZV_1d,2024,1,dQ_HZ_Norm,0.0020465317187953057,0.002038933056598893,0.0017250175505203254,0.0024108408332284377
Overall,75,92,ReRZV_1d,2024,1,dQ_All,0.006715564907996257,0.006690127760197839,0.0057106232765110395,0.007894476196680156
Overall,75,92,ReRZV_1d,2024,1,dQ_HZ_d,0.006539757144240511,0.006515334221030917,0.0055491356140218995,0.0076940613366217395
Overall,75,92,ReRZV_1d,2024,1,dQ_HZ_Norm_d,0.0020465317187953057,0.002038933056598893,0.0017250175505203254,0.0024108408332284377
Overall,75,92,ReRZV_1d,2024,1,dQ_Life_d,1.8125169005119712e-4,1.8024089011881017e-4,1.5017853998058328e-4,2.1749322694994964e-4
Overall,75,92,ReRZV_1d,2024,1,dQ_All_d,0.006721008834291716,0.006695888539573147,0.005717301807717767,0.007900093891846626
Overall,75,92,ReRZV_1d,2024,1,dC_Hosp,-10.033628888479765,-9.980316196036764,-12.261324675178079,-8.179254644065342
Overall,75,92,ReRZV_1d,2024,1,dC_GP_NonPHN,-4.967120163293157,-4.9559896114006365,-5.4996962488762176,-4.464368208168485
Overall,75,92,ReRZV_1d,2024,1,dC_GP_PHN,-2.0612789807308802,-2.057815732426338,-2.4078981353878603,-1.7525275219033944
Overall,75,92,ReRZV_1d,2024,1,dC_GP,-7.028399144024037,-7.0150267694166075,-7.833369807085753,-6.278149135079374
Overall,75,92,ReRZV_1d,2024,1,dC_Med,-17.0620280325038,-17.015708522561212,-19.828981151801372,-14.683824479164985
Overall,75,92,ReRZV_1d,2024,1,dC_VacZVL,110,110,110,110
Overall,75,92,ReRZV_1d,2024,1,dC_VacRZV,27.092707678111772,27.092718962128295,27.091942360877045,27.093355850778952
Overall,75,92,ReRZV_1d,2024,1,dC_Vac,137.09270767811176,137.0927189621283,137.09194236087703,137.09335585077895
Overall,75,92,ReRZV_1d,2024,1,dC_All,120.03067964560798,120.07720272495028,117.26453473523287,122.40872671674717
Overall,75,92,ReRZV_1d,2024,1,dC_Hosp_d,-10.033628888479765,-9.980316196036764,-12.261324675178079,-8.179254644065342
Overall,75,92,ReRZV_1d,2024,1,dC_GP_NonPHN_d,-4.967120163293157,-4.9559896114006365,-5.4996962488762176,-4.464368208168485
Overall,75,92,ReRZV_1d,2024,1,dC_GP_PHN_d,-2.0612789807308802,-2.057815732426338,-2.4078981353878603,-1.7525275219033944
Overall,75,92,ReRZV_1d,2024,1,dC_GP_d,-7.028399144024037,-7.0150267694166075,-7.833369807085753,-6.278149135079374
Overall,75,92,ReRZV_1d,2024,1,dC_Med_d,-17.0620280325038,-17.015708522561212,-19.828981151801372,-14.683824479164985
Overall,75,92,ReRZV_1d,2024,1,dC_VacZVL_d,110,110,110,110
Overall,75,92,ReRZV_1d,2024,1,dC_VacRZV_d,27.092707678111772,27.092718962128295,27.091942360877045,27.093355850778952
Overall,75,92,ReRZV_1d,2024,1,dC_Vac_d,137.09270767811176,137.0927189621283,137.09194236087703,137.09335585077895
Overall,75,92,ReRZV_1d,2024,1,dC_All_d,120.03067964560798,120.07720272495028,117.26453473523287,122.40872671674717
Overall,75,92,ReRZV_1d,2024,1,dN_VacZVL,1,1,1,1
Overall,75,92,ReRZV_1d,2024,1,dN_VacRZV,0.31873773738955025,0.31873787014268584,0.318728733657377,0.3187453629503406
Overall,75,92,ReRZV_1d,2024,1,dN_VacZVL_d,1,1,1,1
Overall,75,92,ReRZV_1d,2024,1,dN_VacRZV_d,0.31873773738955025,0.31873787014268584,0.318728733657377,0.3187453629503406
Overall,75,92,ReRZV_1d,2024,1,ICER,17996.294373401033,17945.414203279433,15036.671776323532,21261.24029849562
Overall,75,92,ReRZV_1d,2024,1,Price0,85,85,85,85
Overall,75,92,ReRZV_1d,2024,1,Thres20,475.2564440051824,473.30196444199635,407.14615574003477,552.3659068834841
Overall,75,92,ReRZV_1d,2024,1,Thres30,686.1196790658632,683.4386724771716,587.0334780478576,800.0530503035793
Overall,75,92,ReRZV_1d,2024,1,Thres20_50,NA,473.30196444199635,NA,NA
Overall,75,92,ReRZV_1d,2024,1,Thres30_90,NA,615.2472202646757,NA,NA
Overall,75,92,ReRZV_1d,2024,1,Thres,NA,473.30196444199635,NA,NA
Overall,75,92,ReRZV_2d,2024,1,N0,1,1,1,1
Overall,75,92,ReRZV_2d,2024,1,dYear_Life,2.697337196584115e-4,2.681551441998664e-4,2.245982126241941e-4,3.225515372678788e-4
Overall,75,92,ReRZV_2d,2024,1,dYear_Immunised,4.9748513914456405,4.970621610901891,4.520664619045077,5.471347319266807
Overall,75,92,ReRZV_2d,2024,1,dRisk_HZ,-0.04528832777069243,-0.04515672070209621,-0.0501119662301056,-0.040747461475964274
Overall,75,92,ReRZV_2d,2024,1,dRisk_Hosp,-0.0023285265763997908,-0.002319957034184781,-0.002806887570301718,-0.0019267704031598989
Overall,75,92,ReRZV_2d,2024,1,dRisk_PHN,-0.0038200870455879746,-0.0038097997595683154,-0.00442836902050309,-0.0032917291011544197
Overall,75,92,ReRZV_2d,2024,1,dRisk_Death,-4.940387478086835e-5,-4.9118381325942746e-5,-5.913810147221777e-5,-4.079110664762298e-5
Overall,75,92,ReRZV_2d,2024,1,dQ_Life,1.8309260941589846e-4,1.8199018668774158e-4,1.52219044991142e-4,2.1901341034573637e-4
Overall,75,92,ReRZV_2d,2024,1,dQ_HZ,0.006592588531323649,0.006564689841793317,0.0055981683877839895,0.007749945131823681
Overall,75,92,ReRZV_2d,2024,1,dQ_HZ_Norm,0.002060632202733623,0.0020535107997083106,0.001736612875123325,0.002423866421683425
Overall,75,92,ReRZV_2d,2024,1,dQ_All,0.006770060850480993,0.006743619722362482,0.005756709573955776,0.007932426689543082
Overall,75,92,ReRZV_2d,2024,1,dQ_HZ_d,0.006592588531323649,0.006564689841793317,0.0055981683877839895,0.007749945131823681
Overall,75,92,ReRZV_2d,2024,1,dQ_HZ_Norm_d,0.002060632202733623,0.0020535107997083106,0.001736612875123325,0.002423866421683425
Overall,75,92,ReRZV_2d,2024,1,dQ_Life_d,1.8309260941589846e-4,1.8199018668774158e-4,1.52219044991142e-4,2.1901341034573637e-4
Overall,75,92,ReRZV_2d,2024,1,dQ_All_d,0.006775681140739544,0.006749179710161535,0.005762361875952448,0.00793908693932246
Overall,75,92,ReRZV_2d,2024,1,dC_Hosp,-10.20100823664828,-10.142112285339858,-12.38396980178961,-8.34716678351609
Overall,75,92,ReRZV_2d,2024,1,dC_GP_NonPHN,-5.000206459928555,-4.9878351335340065,-5.543690763532952,-4.508657307262525
Overall,75,92,ReRZV_2d,2024,1,dC_GP_PHN,-2.074524297273218,-2.07150920175115,-2.41621644462007,-1.7622441862855027
Overall,75,92,ReRZV_2d,2024,1,dC_GP,-7.074730757201773,-7.053875543804975,-7.880649399200441,-6.343557723232668
Overall,75,92,ReRZV_2d,2024,1,dC_Med,-17.27573899385005,-17.22590589966783,-20.078435730778565,-14.918794467434163
Overall,75,92,ReRZV_2d,2024,1,dC_VacZVL,110,110,110,110
Overall,75,92,ReRZV_2d,2024,1,dC_VacRZV,54.185415356223544,54.18543792425659,54.18388472175409,54.186711701557904
Overall,75,92,ReRZV_2d,2024,1,dC_Vac,164.18541535622353,164.18543792425658,164.18388472175408,164.1867117015579
Overall,75,92,ReRZV_2d,2024,1,dC_All,146.9096763623735,146.95975517331271,144.10713965594485,149.265346265237
Overall,75,92,ReRZV_2d,2024,1,dC_Hosp_d,-10.20100823664828,-10.142112285339858,-12.38396980178961,-8.34716678351609
Overall,75,92,ReRZV_2d,2024,1,dC_GP_NonPHN_d,-5.000206459928555,-4.9878351335340065,-5.543690763532952,-4.508657307262525
Overall,75,92,ReRZV_2d,2024,1,dC_GP_PHN_d,-2.074524297273218,-2.07150920175115,-2.41621644462007,-1.7622441862855027
Overall,75,92,ReRZV_2d,2024,1,dC_GP_d,-7.074730757201773,-7.053875543804975,-7.880649399200441,-6.343557723232668
Overall,75,92,ReRZV_2d,2024,1,dC_Med_d,-17.27573899385005,-17.22590589966783,-20.078435730778565,-14.918794467434163
Overall,75,92,ReRZV_2d,2024,1,dC_VacZVL_d,110,110,110,110
Overall,75,92,ReRZV_2d,2024,1,dC_VacRZV_d,54.185415356223544,54.18543792425659,54.18388472175409,54.186711701557904
Overall,75,92,ReRZV_2d,2024,1,dC_Vac_d,164.18541535622353,164.18543792425658,164.18388472175408,164.1867117015579
Overall,75,92,ReRZV_2d,2024,1,dC_All_d,146.9096763623735,146.95975517331271,144.10713965594485,149.265346265237
Overall,75,92,ReRZV_2d,2024,1,dN_VacZVL,1,1,1,1
Overall,75,92,ReRZV_2d,2024,1,dN_VacRZV,0.6374754747791005,0.6374757402853717,0.637457467314754,0.6374907259006812
Overall,75,92,ReRZV_2d,2024,1,dN_VacZVL_d,1,1,1,1
Overall,75,92,ReRZV_2d,2024,1,dN_VacRZV_d,0.6374754747791005,0.6374757402853717,0.637457467314754,0.6374907259006812
Overall,75,92,ReRZV_2d,2024,1,ICER,21843.5684937582,21770.8751512082,18302.789671810184,25733.937072025514
Overall,75,92,ReRZV_2d,2024,1,Price0,85,85,85,85
Overall,75,92,ReRZV_2d,2024,1,Thres20,239.67874276285272,238.77781074003758,205.690416844787,278.61419058944495
Overall,75,92,ReRZV_2d,2024,1,Thres30,345.9679978383723,344.6636748388358,296.3712503982796,402.74072155023447
Overall,75,92,ReRZV_2d,2024,1,Thres20_50,NA,238.77781074003758,NA,NA
Overall,75,92,ReRZV_2d,2024,1,Thres30_90,NA,310.62760448413565,NA,NA
Overall,75,92,ReRZV_2d,2024,1,Thres,NA,238.77781074003758,NA,NA
Overall,75,93,ReRZV_1d,2024,1,N0,1,1,1,1
Overall,75,93,ReRZV_1d,2024,1,dYear_Life,2.454423052733654e-4,2.4399700906307942e-4,2.0137703550204833e-4,2.9763078315134803e-4
Overall,75,93,ReRZV_1d,2024,1,dYear_Immunised,4.732856024518826,4.7289193553845195,4.266928520029057,5.230613506125739
Overall,75,93,ReRZV_1d,2024,1,dRisk_HZ,-0.04308331526646161,-0.042969762583068866,-0.04799447771513111,-0.038460378288586124
Overall,75,93,ReRZV_1d,2024,1,dRisk_Hosp,-0.002100395275556967,-0.002091283859184426,-0.0025788054131084723,-0.001702325665696238
Overall,75,93,ReRZV_1d,2024,1,dRisk_PHN,-0.003633986519476989,-0.0036238542933173085,-0.004241964361837653,-0.0031046018461265653
Overall,75,93,ReRZV_1d,2024,1,dRisk_Death,-4.303367474877086e-5,-4.28159238810616e-5,-5.254172079372183e-5,-3.493508332157102e-5
Overall,75,93,ReRZV_1d,2024,1,dQ_Life,1.6728481729371135e-4,1.662802705890698e-4,1.37079784113725e-4,2.028376566851175e-4
Overall,75,93,ReRZV_1d,2024,1,dQ_HZ,0.006234110333403691,0.006207458502250369,0.005273312114118036,0.007356465170112027
Overall,75,93,ReRZV_1d,2024,1,dQ_HZ_Norm,0.0019632026226021307,0.0019572960695858925,0.0016502333022568167,0.002315195654375683
Overall,75,93,ReRZV_1d,2024,1,dQ_All,0.006396429981150315,0.006367902613639842,0.0054254995596671575,0.007537477851601526
Overall,75,93,ReRZV_1d,2024,1,dQ_HZ_d,0.006234110333403691,0.006207458502250369,0.005273312114118036,0.007356465170112027
Overall,75,93,ReRZV_1d,2024,1,dQ_HZ_Norm_d,0.0019632026226021307,0.0019572960695858925,0.0016502333022568167,0.002315195654375683
Overall,75,93,ReRZV_1d,2024,1,dQ_Life_d,1.6728481729371135e-4,1.662802705890698e-4,1.37079784113725e-4,2.028376566851175e-4
Overall,75,93,ReRZV_1d,2024,1,dQ_All_d,0.006401395150697392,0.006372063209020951,0.005429376379477313,0.007542163646269051
Overall,75,93,ReRZV_1d,2024,1,dC_Hosp,-9.123446192328252,-9.070510436501857,-11.317649619322179,-7.328903378123292
Overall,75,93,ReRZV_1d,2024,1,dC_GP_NonPHN,-4.769594523549897,-4.7584567615980005,-5.320001943423259,-4.261279549897956
Overall,75,93,ReRZV_1d,2024,1,dC_GP_PHN,-1.9787482383328219,-1.9716160089933343,-2.3174706465024992,-1.6733050856717078
Overall,75,93,ReRZV_1d,2024,1,dC_GP,-6.748342761882719,-6.728687612650149,-7.570540081087347,-6.004871673579409
Overall,75,93,ReRZV_1d,2024,1,dC_Med,-15.871788954210972,-15.830366700521253,-18.592996588245867,-13.563531651124574
Overall,75,93,ReRZV_1d,2024,1,dC_VacZVL,110,110,110,110
Overall,75,93,ReRZV_1d,2024,1,dC_VacRZV,22.839215995287073,22.839227719486868,22.83844189953794,22.83987444943134
Overall,75,93,ReRZV_1d,2024,1,dC_Vac,132.83921599528708,132.83922771948687,132.83844189953794,132.83987444943136
Overall,75,93,ReRZV_1d,2024,1,dC_All,116.96742704107609,117.00858224878009,114.24671569474637,119.27489607705787
Overall,75,93,ReRZV_1d,2024,1,dC_Hosp_d,-9.123446192328252,-9.070510436501857,-11.317649619322179,-7.328903378123292
Overall,75,93,ReRZV_1d,2024,1,dC_GP_NonPHN_d,-4.769594523549897,-4.7584567615980005,-5.320001943423259,-4.261279549897956
Overall,75,93,ReRZV_1d,2024,1,dC_GP_PHN_d,-1.9787482383328219,-1.9716160089933343,-2.3174706465024992,-1.6733050856717078
Overall,75,93,ReRZV_1d,2024,1,dC_GP_d,-6.748342761882719,-6.728687612650149,-7.570540081087347,-6.004871673579409
Overall,75,93,ReRZV_1d,2024,1,dC_Med_d,-15.871788954210972,-15.830366700521253,-18.592996588245867,-13.563531651124574
Overall,75,93,ReRZV_1d,2024,1,dC_VacZVL_d,110,110,110,110
Overall,75,93,ReRZV_1d,2024,1,dC_VacRZV_d,22.839215995287073,22.839227719486868,22.83844189953794,22.83987444943134
Overall,75,93,ReRZV_1d,2024,1,dC_Vac_d,132.83921599528708,132.83922771948687,132.83844189953794,132.83987444943136
Overall,75,93,ReRZV_1d,2024,1,dC_All_d,116.96742704107609,117.00858224878009,114.24671569474637,119.27489607705787
Overall,75,93,ReRZV_1d,2024,1,dN_VacZVL,1,1,1,1
Overall,75,93,ReRZV_1d,2024,1,dN_VacRZV,0.2686966587680832,0.2686967966998455,0.2686875517592699,0.26870440528742756
Overall,75,93,ReRZV_1d,2024,1,dN_VacZVL_d,1,1,1,1
Overall,75,93,ReRZV_1d,2024,1,dN_VacRZV_d,0.2686966587680832,0.2686967966998455,0.2686875517592699,0.26870440528742756
Overall,75,93,ReRZV_1d,2024,1,ICER,18419.906020014067,18369.682050242052,15290.384596357091,21874.830424641474
Overall,75,93,ReRZV_1d,2024,1,Price0,85,85,85,85
Overall,75,93,ReRZV_1d,2024,1,Thres20,535.5468243661786,533.0221429842509,456.74964733238676,626.0625982334333
Overall,75,93,ReRZV_1d,2024,1,Thres30,773.7854765880395,770.48206574308,658.733881861451,905.8980696569998
Overall,75,93,ReRZV_1d,2024,1,Thres20_50,NA,533.0221429842509,NA,NA
Overall,75,93,ReRZV_1d,2024,1,Thres30_90,NA,691.3448548617007,NA,NA
Overall,75,93,ReRZV_1d,2024,1,Thres,NA,533.0221429842509,NA,NA
Overall,75,93,ReRZV_2d,2024,1,N0,1,1,1,1
Overall,75,93,ReRZV_2d,2024,1,dYear_Life,2.474847839403305e-4,2.4582582012655507e-4,2.0329123275599772e-4,2.991850705524435e-4
Overall,75,93,ReRZV_2d,2024,1,dYear_Immunised,4.760698872100165,4.75358687871868,4.306109567250092,5.272414149169063
Overall,75,93,ReRZV_2d,2024,1,dRisk_HZ,-0.043328710728282344,-0.04318443277571665,-0.048339857905250506,-0.0387483544281221
Overall,75,93,ReRZV_2d,2024,1,dRisk_Hosp,-0.002127751121760535,-0.002119874269550324,-0.002606079233510707,-0.0017337094836159877
Overall,75,93,ReRZV_2d,2024,1,dRisk_PHN,-0.0036537332072131387,-0.0036423588940000242,-0.004259581159316363,-0.0031273024913888014
Overall,75,93,ReRZV_2d,2024,1,dRisk_Death,-4.3765942992595155e-5,-4.3521686855077445e-5,-5.308735012036923e-5,-3.579250649512993e-5
Overall,75,93,ReRZV_2d,2024,1,dQ_Life,1.6854794637189753e-4,1.6748970160485044e-4,1.387241289926955e-4,2.0375838831796498e-4
Overall,75,93,ReRZV_2d,2024,1,dQ_HZ,0.006274219020898258,0.006243807531206661,0.00529596821877402,0.007397065999639324
Overall,75,93,ReRZV_2d,2024,1,dQ_HZ_Norm,0.0019738341746848315,0.0019672455041638164,0.001658024137458122,0.002328936437750781
Overall,75,93,ReRZV_2d,2024,1,dQ_All,0.006437645809391956,0.006407725244844897,0.005443747296879131,0.007583526301024656
Overall,75,93,ReRZV_2d,2024,1,dQ_HZ_d,0.006274219020898258,0.006243807531206661,0.00529596821877402,0.007397065999639324
Overall,75,93,ReRZV_2d,2024,1,dQ_HZ_Norm_d,0.0019738341746848315,0.0019672455041638164,0.001658024137458122,0.002328936437750781
Overall,75,93,ReRZV_2d,2024,1,dQ_Life_d,1.6854794637189753e-4,1.6748970160485044e-4,1.387241289926955e-4,2.0375838831796498e-4
Overall,75,93,ReRZV_2d,2024,1,dQ_All_d,0.006442766967270152,0.006412847362120111,0.00544914133714296,0.007588898332560799
Overall,75,93,ReRZV_2d,2024,1,dC_Hosp,-9.253141483805646,-9.196465679634766,-11.425365589024416,-7.465156494463997
Overall,75,93,ReRZV_2d,2024,1,dC_GP_NonPHN,-4.79446601277201,-4.781782568940892,-5.3512442700901675,-4.298272449894715
Overall,75,93,ReRZV_2d,2024,1,dC_GP_PHN,-1.988577537486541,-1.9811611601219445,-2.332048003040633,-1.6819236445023709
Overall,75,93,ReRZV_2d,2024,1,dC_GP,-6.783043550258551,-6.758412973867908,-7.613949823972291,-6.053480010434951
Overall,75,93,ReRZV_2d,2024,1,dC_Med,-16.036185034064196,-15.981592926380905,-18.748459803952006,-13.753566414256149
Overall,75,93,ReRZV_2d,2024,1,dC_VacZVL,110,110,110,110
Overall,75,93,ReRZV_2d,2024,1,dC_VacRZV,45.67843199057415,45.678455438973735,45.67688379907588,45.67974889886268
Overall,75,93,ReRZV_2d,2024,1,dC_Vac,155.67843199057415,155.67845543897374,155.67688379907588,155.6797488988627
Overall,75,93,ReRZV_2d,2024,1,dC_All,139.64224695650995,139.69747709514098,136.9305457717684,141.9247046766887
Overall,75,93,ReRZV_2d,2024,1,dC_Hosp_d,-9.253141483805646,-9.196465679634766,-11.425365589024416,-7.465156494463997
Overall,75,93,ReRZV_2d,2024,1,dC_GP_NonPHN_d,-4.79446601277201,-4.781782568940892,-5.3512442700901675,-4.298272449894715
Overall,75,93,ReRZV_2d,2024,1,dC_GP_PHN_d,-1.988577537486541,-1.9811611601219445,-2.332048003040633,-1.6819236445023709
Overall,75,93,ReRZV_2d,2024,1,dC_GP_d,-6.783043550258551,-6.758412973867908,-7.613949823972291,-6.053480010434951
Overall,75,93,ReRZV_2d,2024,1,dC_Med_d,-16.036185034064196,-15.981592926380905,-18.748459803952006,-13.753566414256149
Overall,75,93,ReRZV_2d,2024,1,dC_VacZVL_d,110,110,110,110
Overall,75,93,ReRZV_2d,2024,1,dC_VacRZV_d,45.67843199057415,45.678455438973735,45.67688379907588,45.67974889886268
Overall,75,93,ReRZV_2d,2024,1,dC_Vac_d,155.67843199057415,155.67845543897374,155.67688379907588,155.6797488988627
Overall,75,93,ReRZV_2d,2024,1,dC_All_d,139.64224695650995,139.69747709514098,136.9305457717684,141.9247046766887
Overall,75,93,ReRZV_2d,2024,1,dN_VacZVL,1,1,1,1
Overall,75,93,ReRZV_2d,2024,1,dN_VacRZV,0.5373933175361664,0.537393593399691,0.5373751035185398,0.5374088105748551
Overall,75,93,ReRZV_2d,2024,1,dN_VacZVL_d,1,1,1,1
Overall,75,93,ReRZV_2d,2024,1,dN_VacRZV_d,0.5373933175361664,0.537393593399691,0.5373751035185398,0.5374088105748551
Overall,75,93,ReRZV_2d,2024,1,ICER,21845.55832223657,21803.39901487565,18189.855535455128,25869.043083827117
Overall,75,93,ReRZV_2d,2024,1,Price0,85,85,85,85
Overall,75,93,ReRZV_2d,2024,1,Thres20,269.6190473904379,268.1367779820482,230.19186737002053,315.4780599576362
Overall,75,93,ReRZV_2d,2024,1,Thres30,389.5082342194775,387.5527842896292,331.5796031077154,456.4902678562914
Overall,75,93,ReRZV_2d,2024,1,Thres20_50,NA,268.1367779820482,NA,NA
Overall,75,93,ReRZV_2d,2024,1,Thres30_90,NA,348.4150606146846,NA,NA
Overall,75,93,ReRZV_2d,2024,1,Thres,NA,268.1367779820482,NA,NA
Overall,75,94,ReRZV_1d,2024,1,N0,1,1,1,1
Overall,75,94,ReRZV_1d,2024,1,dYear_Life,2.2897567075533942e-4,2.2779651479343244e-4,1.8579288562556862e-4,2.802948441818387e-4
Overall,75,94,ReRZV_1d,2024,1,dYear_Immunised,4.559948841784549,4.555575419071835,4.092094845400502,5.073627182168383
Overall,75,94,ReRZV_1d,2024,1,dRisk_HZ,-0.04152288247168212,-0.041399454797126006,-0.04658591703710259,-0.03688470397999293
Overall,75,94,ReRZV_1d,2024,1,dRisk_Hosp,-0.0019341606251564074,-0.0019250839139744336,-0.002385593970246705,-0.0015501321638255823
Overall,75,94,ReRZV_1d,2024,1,dRisk_PHN,-0.0035030224327201737,-0.003485059514401555,-0.004098717728411321,-0.002976230316173281
Overall,75,94,ReRZV_1d,2024,1,dRisk_Death,-3.848135449555337e-5,-3.828745284595015e-5,-4.746286948984792e-5,-3.073073082347629e-5
Overall,75,94,ReRZV_1d,2024,1,dQ_Life,1.5664389537792633e-4,1.5577145016720806e-4,1.2715918114842849e-4,1.9159130011208166e-4
Overall,75,94,ReRZV_1d,2024,1,dQ_HZ,0.005977572319084288,0.005944281988000892,0.005031281392868477,0.0070750419765701665
Overall,75,94,ReRZV_1d,2024,1,dQ_HZ_Norm,0.0018939962110300363,0.001888144273385828,0.0015864270346431072,0.00224254152083196
Overall,75,94,ReRZV_1d,2024,1,dQ_All,0.006129760134281587,0.006096953010185757,0.00516634854522553,0.007250049885816833
Overall,75,94,ReRZV_1d,2024,1,dQ_HZ_d,0.005977572319084288,0.005944281988000892,0.005031281392868477,0.0070750419765701665
Overall,75,94,ReRZV_1d,2024,1,dQ_HZ_Norm_d,0.0018939962110300363,0.001888144273385828,0.0015864270346431072,0.00224254152083196
Overall,75,94,ReRZV_1d,2024,1,dQ_Life_d,1.5664389537792633e-4,1.5577145016720806e-4,1.2715918114842849e-4,1.9159130011208166e-4
Overall,75,94,ReRZV_1d,2024,1,dQ_All_d,0.006134216214462215,0.00610091370871757,0.005170827135287537,0.007254814879590831
Overall,75,94,ReRZV_1d,2024,1,dC_Hosp,-8.328983658833318,-8.278259710621327,-10.396887702642516,-6.622127376825396
Overall,75,94,ReRZV_1d,2024,1,dC_GP_NonPHN,-4.606255776971108,-4.595955950301213,-5.167783317598998,-4.099372114588563
Overall,75,94,ReRZV_1d,2024,1,dC_GP_PHN,-1.9113569076047987,-1.9028991777831084,-2.2553222277968796,-1.6124502162769636
Overall,75,94,ReRZV_1d,2024,1,dC_GP,-6.517612684575907,-6.49514634615462,-7.340614215856068,-5.7705066118421815
Overall,75,94,ReRZV_1d,2024,1,dC_Med,-14.846596343409225,-14.797212431082546,-17.42337809195231,-12.605291624136418
Overall,75,94,ReRZV_1d,2024,1,dC_VacZVL,110,110,110,110
Overall,75,94,ReRZV_1d,2024,1,dC_VacRZV,18.86494232900974,18.864952161817477,18.86419822905434,18.865580492178804
Overall,75,94,ReRZV_1d,2024,1,dC_Vac,128.86494232900975,128.86495216181748,128.86419822905432,128.8655804921788
Overall,75,94,ReRZV_1d,2024,1,dC_All,114.01834598560052,114.06756510041242,111.44172261750447,116.2595626823772
Overall,75,94,ReRZV_1d,2024,1,dC_Hosp_d,-8.328983658833318,-8.278259710621327,-10.396887702642516,-6.622127376825396
Overall,75,94,ReRZV_1d,2024,1,dC_GP_NonPHN_d,-4.606255776971108,-4.595955950301213,-5.167783317598998,-4.099372114588563
Overall,75,94,ReRZV_1d,2024,1,dC_GP_PHN_d,-1.9113569076047987,-1.9028991777831084,-2.2553222277968796,-1.6124502162769636
Overall,75,94,ReRZV_1d,2024,1,dC_GP_d,-6.517612684575907,-6.49514634615462,-7.340614215856068,-5.7705066118421815
Overall,75,94,ReRZV_1d,2024,1,dC_Med_d,-14.846596343409225,-14.797212431082546,-17.42337809195231,-12.605291624136418
Overall,75,94,ReRZV_1d,2024,1,dC_VacZVL_d,110,110,110,110
Overall,75,94,ReRZV_1d,2024,1,dC_VacRZV_d,18.86494232900974,18.864952161817477,18.86419822905434,18.865580492178804
Overall,75,94,ReRZV_1d,2024,1,dC_Vac_d,128.86494232900975,128.86495216181748,128.86419822905432,128.8655804921788
Overall,75,94,ReRZV_1d,2024,1,dC_All_d,114.01834598560052,114.06756510041242,111.44172261750447,116.2595626823772
Overall,75,94,ReRZV_1d,2024,1,dN_VacZVL,1,1,1,1
Overall,75,94,ReRZV_1d,2024,1,dN_VacRZV,0.2219404979883499,0.2219406136684409,0.22193174387122758,0.22194800579033885
Overall,75,94,ReRZV_1d,2024,1,dN_VacZVL_d,1,1,1,1
Overall,75,94,ReRZV_1d,2024,1,dN_VacRZV_d,0.2219404979883499,0.2219406136684409,0.22193174387122758,0.22194800579033885
Overall,75,94,ReRZV_1d,2024,1,ICER,18744.5541087589,18685.512686957933,15508.811767475516,22323.61422355018
Overall,75,94,ReRZV_1d,2024,1,Price0,85,85,84.99999999999999,85.00000000000001
Overall,75,94,ReRZV_1d,2024,1,Thres20,619.674481827759,616.7925641681225,526.908249558996,727.409749013878
Overall,75,94,ReRZV_1d,2024,1,Thres30,896.064494303915,891.1835572252367,759.2703365958455,1054.3415347863888
Overall,75,94,ReRZV_1d,2024,1,Thres20_50,NA,616.7925641681225,NA,NA
Overall,75,94,ReRZV_1d,2024,1,Thres30_90,NA,799.8557062704376,NA,NA
Overall,75,94,ReRZV_1d,2024,1,Thres,NA,616.7925641681225,NA,NA
Overall,75,94,ReRZV_2d,2024,1,N0,1,1,1,1
Overall,75,94,ReRZV_2d,2024,1,dYear_Life,2.3034454167355722e-4,2.291365595530337e-4,1.8729955267935417e-4,2.8219027442726307e-4
Overall,75,94,ReRZV_2d,2024,1,dYear_Immunised,4.580679999026825,4.571434185858711,4.117137444968091,5.105427865048861
Overall,75,94,ReRZV_2d,2024,1,dRisk_HZ,-0.04170420495001233,-0.04155134631288353,-0.046814326117662106,-0.03710351628382433
Overall,75,94,ReRZV_2d,2024,1,dRisk_Hosp,-0.0019546303518489586,-0.0019435349311456018,-0.002404764978791364,-0.0015739555761886028
Overall,75,94,ReRZV_2d,2024,1,dRisk_PHN,-0.003517410378171474,-0.003499807760668771,-0.004112099946582035,-0.00299249068992343
Overall,75,94,ReRZV_2d,2024,1,dRisk_Death,-3.9026589790531994e-5,-3.876637620735223e-5,-4.805966500354605e-5,-3.1373026560480506e-5
Overall,75,94,ReRZV_2d,2024,1,dQ_Life,1.574720070044915e-4,1.5657638333266277e-4,1.2795274481112174e-4,1.928417305583796e-4
Overall,75,94,ReRZV_2d,2024,1,dQ_HZ,0.006007135968715815,0.005970695725556172,0.005048416176396039,0.007117033525498746
Overall,75,94,ReRZV_2d,2024,1,dQ_HZ_Norm,0.00190178263979403,0.0018957301817350862,0.0015934909177697054,0.0022503009233367827
Overall,75,94,ReRZV_2d,2024,1,dQ_All,0.006160017183953667,0.006124739927974687,0.005182613130842739,0.007293046924311985
Overall,75,94,ReRZV_2d,2024,1,dQ_HZ_d,0.006007135968715815,0.005970695725556172,0.005048416176396039,0.007117033525498746
Overall,75,94,ReRZV_2d,2024,1,dQ_HZ_Norm_d,0.00190178263979403,0.0018957301817350862,0.0015934909177697054,0.0022503009233367827
Overall,75,94,ReRZV_2d,2024,1,dQ_Life_d,1.574720070044915e-4,1.5657638333266277e-4,1.2795274481112174e-4,1.928417305583796e-4
Overall,75,94,ReRZV_2d,2024,1,dQ_All_d,0.006164607975720311,0.006129554666853387,0.005187185812458006,0.007297353089346048
Overall,75,94,ReRZV_2d,2024,1,dC_Hosp,-8.425785089237161,-8.367975341926028,-10.446127849860298,-6.7191936166836905
Overall,75,94,ReRZV_2d,2024,1,dC_GP_NonPHN,-4.62443021259227,-4.613007039664792,-5.191708287879836,-4.11471599432325
Overall,75,94,ReRZV_2d,2024,1,dC_GP_PHN,-1.9184339261766878,-1.9098503452442845,-2.2631049080167496,-1.6217892651893628
Overall,75,94,ReRZV_2d,2024,1,dC_GP,-6.542864138768959,-6.519025138471732,-7.377254089528988,-5.806359322651242
Overall,75,94,ReRZV_2d,2024,1,dC_Med,-14.96864922800612,-14.907757964657641,-17.5533312018931,-12.726568441651727
Overall,75,94,ReRZV_2d,2024,1,dC_VacZVL,110,110,110,110
Overall,75,94,ReRZV_2d,2024,1,dC_VacRZV,37.72988465801948,37.729904323634955,37.72839645810868,37.73116098435761
Overall,75,94,ReRZV_2d,2024,1,dC_Vac,147.72988465801947,147.72990432363497,147.7283964581087,147.73116098435762
Overall,75,94,ReRZV_2d,2024,1,dC_All,132.76123543001336,132.8216972508652,130.17779421915424,135.00256400708486
Overall,75,94,ReRZV_2d,2024,1,dC_Hosp_d,-8.425785089237161,-8.367975341926028,-10.446127849860298,-6.7191936166836905
Overall,75,94,ReRZV_2d,2024,1,dC_GP_NonPHN_d,-4.62443021259227,-4.613007039664792,-5.191708287879836,-4.11471599432325
Overall,75,94,ReRZV_2d,2024,1,dC_GP_PHN_d,-1.9184339261766878,-1.9098503452442845,-2.2631049080167496,-1.6217892651893628
Overall,75,94,ReRZV_2d,2024,1,dC_GP_d,-6.542864138768959,-6.519025138471732,-7.377254089528988,-5.806359322651242
Overall,75,94,ReRZV_2d,2024,1,dC_Med_d,-14.96864922800612,-14.907757964657641,-17.5533312018931,-12.726568441651727
Overall,75,94,ReRZV_2d,2024,1,dC_VacZVL_d,110,110,110,110
Overall,75,94,ReRZV_2d,2024,1,dC_VacRZV_d,37.72988465801948,37.729904323634955,37.72839645810868,37.73116098435761
Overall,75,94,ReRZV_2d,2024,1,dC_Vac_d,147.72988465801947,147.72990432363497,147.7283964581087,147.73116098435762
Overall,75,94,ReRZV_2d,2024,1,dC_All_d,132.76123543001336,132.8216972508652,130.17779421915424,135.00256400708486
Overall,75,94,ReRZV_2d,2024,1,dN_VacZVL,1,1,1,1
Overall,75,94,ReRZV_2d,2024,1,dN_VacRZV,0.4438809959766998,0.4438812273368818,0.44386348774245515,0.4438960115806777
Overall,75,94,ReRZV_2d,2024,1,dN_VacZVL_d,1,1,1,1
Overall,75,94,ReRZV_2d,2024,1,dN_VacRZV_d,0.4438809959766998,0.4438812273368818,0.44386348774245515,0.4438960115806777
Overall,75,94,ReRZV_2d,2024,1,ICER,21715.17041727571,21672.976107156122,18036.27703807458,25883.157291888412
Overall,75,94,ReRZV_2d,2024,1,Price0,85,85,84.99999999999999,85.00000000000001
Overall,75,94,ReRZV_2d,2024,1,Thres20,311.48157301409174,309.6657231059427,264.9006470955867,365.1822908532148
Overall,75,94,ReRZV_2d,2024,1,Thres30,450.361261574093,447.5474154375344,381.0228292178073,530.0918575523648
Overall,75,94,ReRZV_2d,2024,1,Thres20_50,NA,309.6657231059427,NA,NA
Overall,75,94,ReRZV_2d,2024,1,Thres30_90,NA,401.9116932021684,NA,NA
Overall,75,94,ReRZV_2d,2024,1,Thres,NA,309.6657231059427,NA,NA
Overall,75,95,ReRZV_1d,2024,1,N0,1,1,1,1
Overall,75,95,ReRZV_1d,2024,1,dYear_Life,2.1667120564932584e-4,2.1532308615235252e-4,1.7367985945799803e-4,2.678524127948112e-4
Overall,75,95,ReRZV_1d,2024,1,dYear_Immunised,4.417995071052756,4.4109876375947135,3.947984841378353,4.9471239631536426
Overall,75,95,ReRZV_1d,2024,1,dRisk_HZ,-0.040254638619655225,-0.04011361361487278,-0.04541017101075918,-0.03560102516986506
Overall,75,95,ReRZV_1d,2024,1,dRisk_Hosp,-0.0017942055322120272,-0.0017824271127830369,-0.0022306046171539392,-0.0014277128242333502
Overall,75,95,ReRZV_1d,2024,1,dRisk_PHN,-0.003399093091729428,-0.003384320126013912,-0.003999248902351774,-0.002876208137310057
Overall,75,95,ReRZV_1d,2024,1,dRisk_Death,-3.474394253622731e-5,-3.4571968553252125e-5,-4.3615916200894525e-5,-2.7441678290682143e-5
Overall,75,95,ReRZV_1d,2024,1,dQ_Life,1.488072760782666e-4,1.4785763007996167e-4,1.1962615628515749e-4,1.8394648009834036e-4
Overall,75,95,ReRZV_1d,2024,1,dQ_HZ,0.00576651247996708,0.005729550753007283,0.00483007881138638,0.0068522154151328864
Overall,75,95,ReRZV_1d,2024,1,dQ_HZ_Norm,0.0018376154428259494,0.0018303056253062223,0.0015363533213633243,0.0021820293857138695
Overall,75,95,ReRZV_1d,2024,1,dQ_All,0.005911404841444056,0.005874455001132262,0.004954391075105846,0.007017229200944852
Overall,75,95,ReRZV_1d,2024,1,dQ_HZ_d,0.00576651247996708,0.005729550753007283,0.00483007881138638,0.0068522154151328864
Overall,75,95,ReRZV_1d,2024,1,dQ_HZ_Norm_d,0.0018376154428259494,0.0018303056253062223,0.0015363533213633243,0.0021820293857138695
Overall,75,95,ReRZV_1d,2024,1,dQ_Life_d,1.488072760782666e-4,1.4785763007996167e-4,1.1962615628515749e-4,1.8394648009834036e-4
Overall,75,95,ReRZV_1d,2024,1,dQ_All_d,0.005915319756045348,0.005878378059372302,0.004958243394987738,0.007021458829625704
Overall,75,95,ReRZV_1d,2024,1,dC_Hosp,-7.651814360749045,-7.58936912686317,-9.623925750286947,-6.019226300164363
Overall,75,95,ReRZV_1d,2024,1,dC_GP_NonPHN,-4.47370022481197,-4.4604570921259645,-5.040778040782316,-3.9643372791562173
Overall,75,95,ReRZV_1d,2024,1,dC_GP_PHN,-1.8580706990978846,-1.8503941927916108,-2.205234416439032,-1.560336168658972
Overall,75,95,ReRZV_1d,2024,1,dC_GP,-6.331770923909855,-6.307795448593838,-7.165456104469826,-5.588980355805311
Overall,75,95,ReRZV_1d,2024,1,dC_Med,-13.9835852846589,-13.925798843076668,-16.548654056891074,-11.815048308875527
Overall,75,95,ReRZV_1d,2024,1,dC_VacZVL,110,110,110,110
Overall,75,95,ReRZV_1d,2024,1,dC_VacRZV,15.237651770711466,15.237662518441196,15.236951796270754,15.238243966356157
Overall,75,95,ReRZV_1d,2024,1,dC_Vac,125.23765177071147,125.2376625184412,125.23695179627076,125.23824396635617
Overall,75,95,ReRZV_1d,2024,1,dC_All,111.25406648605257,111.3121072619474,108.68914714729327,113.42237608918397
Overall,75,95,ReRZV_1d,2024,1,dC_Hosp_d,-7.651814360749045,-7.58936912686317,-9.623925750286947,-6.019226300164363
Overall,75,95,ReRZV_1d,2024,1,dC_GP_NonPHN_d,-4.47370022481197,-4.4604570921259645,-5.040778040782316,-3.9643372791562173
Overall,75,95,ReRZV_1d,2024,1,dC_GP_PHN_d,-1.8580706990978846,-1.8503941927916108,-2.205234416439032,-1.560336168658972
Overall,75,95,ReRZV_1d,2024,1,dC_GP_d,-6.331770923909855,-6.307795448593838,-7.165456104469826,-5.588980355805311
Overall,75,95,ReRZV_1d,2024,1,dC_Med_d,-13.9835852846589,-13.925798843076668,-16.548654056891074,-11.815048308875527
Overall,75,95,ReRZV_1d,2024,1,dC_VacZVL_d,110,110,110,110
Overall,75,95,ReRZV_1d,2024,1,dC_VacRZV_d,15.237651770711466,15.237662518441196,15.236951796270754,15.238243966356157
Overall,75,95,ReRZV_1d,2024,1,dC_Vac_d,125.23765177071147,125.2376625184412,125.23695179627076,125.23824396635617
Overall,75,95,ReRZV_1d,2024,1,dC_All_d,111.25406648605257,111.3121072619474,108.68914714729327,113.42237608918397
Overall,75,95,ReRZV_1d,2024,1,dN_VacZVL,1,1,1,1
Overall,75,95,ReRZV_1d,2024,1,dN_VacRZV,0.1792664914201349,0.17926661786401407,0.17925825642671475,0.17927345842771947
Overall,75,95,ReRZV_1d,2024,1,dN_VacZVL_d,1,1,1,1
Overall,75,95,ReRZV_1d,2024,1,dN_VacRZV_d,0.1792664914201349,0.17926661786401407,0.17925825642671475,0.17927345842771947
Overall,75,95,ReRZV_1d,2024,1,ICER,18973.700467614846,18915.398762674704,15646.99661429556,22651.053002251432
Overall,75,95,ReRZV_1d,2024,1,Price0,85,85,85,85
Overall,75,95,ReRZV_1d,2024,1,Thres20,737.9511591498657,734.1981124306262,625.2463309134472,869.0743575412241
Overall,75,95,ReRZV_1d,2024,1,Thres30,1067.924533571629,1061.9085541454215,901.9983372269248,1259.650352286468
Overall,75,95,ReRZV_1d,2024,1,Thres20_50,NA,734.1981124306262,NA,NA
Overall,75,95,ReRZV_1d,2024,1,Thres30_90,NA,950.3358240769677,NA,NA
Overall,75,95,ReRZV_1d,2024,1,Thres,NA,734.1981124306262,NA,NA
Overall,75,95,ReRZV_2d,2024,1,N0,1,1,1,1
Overall,75,95,ReRZV_2d,2024,1,dYear_Life,2.175419297663277e-4,2.1597830279951324e-4,1.7476874529540607e-4,2.6913864229998196e-4
Overall,75,95,ReRZV_2d,2024,1,dYear_Immunised,4.4329499630605795,4.423761477328668,3.963372664227018,4.959717738357
Overall,75,95,ReRZV_2d,2024,1,dRisk_HZ,-0.04038433247582879,-0.04022552831080916,-0.0456392802310591,-0.03578339539691332
Overall,75,95,ReRZV_2d,2024,1,dRisk_Hosp,-0.001808995025923557,-0.0017966978280211546,-0.002248959364821658,-0.0014420002325268625
Overall,75,95,ReRZV_2d,2024,1,dRisk_PHN,-0.0034092773321949816,-0.0033940958881529507,-0.004008810891911319,-0.0028851780455594342
Overall,75,95,ReRZV_2d,2024,1,dRisk_Death,-3.513726413387997e-5,-3.492892495770452e-5,-4.397437046876454e-5,-2.779578730434741e-5
Overall,75,95,ReRZV_2d,2024,1,dQ_Life,1.493183273182792e-4,1.484260496802392e-4,1.198049227148612e-4,1.8466532177328077e-4
Overall,75,95,ReRZV_2d,2024,1,dQ_HZ,0.0057874770837087084,0.00575193212046342,0.004840594604177381,0.006882557427959098
Overall,75,95,ReRZV_2d,2024,1,dQ_HZ_Norm,0.00184310385119487,0.0018360499112717954,0.0015406871019146404,0.002186484059497244
Overall,75,95,ReRZV_2d,2024,1,dQ_All,0.005932768045416656,0.005897504912965701,0.004965691556491558,0.007045364660388741
Overall,75,95,ReRZV_2d,2024,1,dQ_HZ_d,0.0057874770837087084,0.00575193212046342,0.004840594604177381,0.006882557427959098
Overall,75,95,ReRZV_2d,2024,1,dQ_HZ_Norm_d,0.00184310385119487,0.0018360499112717954,0.0015406871019146404,0.002186484059497244
Overall,75,95,ReRZV_2d,2024,1,dQ_Life_d,1.493183273182792e-4,1.484260496802392e-4,1.198049227148612e-4,1.8466532177328077e-4
Overall,75,95,ReRZV_2d,2024,1,dQ_All_d,0.00593679541102698,0.005901196713044676,0.004969620141611131,0.007049650003129803
Overall,75,95,ReRZV_2d,2024,1,dC_Hosp,-7.7211457814276745,-7.659258996281695,-9.68444918066332,-6.097327716116002
Overall,75,95,ReRZV_2d,2024,1,dC_GP_NonPHN,-4.486478115078605,-4.474174348294631,-5.060935778321237,-3.976001736553466
Overall,75,95,ReRZV_2d,2024,1,dC_GP_PHN,-1.8629932738530648,-1.855440252701119,-2.2125871250023184,-1.5646151360776546
Overall,75,95,ReRZV_2d,2024,1,dC_GP,-6.34947138893167,-6.32354653304501,-7.181908731860709,-5.605467507048138
Overall,75,95,ReRZV_2d,2024,1,dC_Med,-14.070617170359345,-14.011734516820894,-16.633097456166457,-11.904930213468548
Overall,75,95,ReRZV_2d,2024,1,dC_VacZVL,110,110,110,110
Overall,75,95,ReRZV_2d,2024,1,dC_VacRZV,30.47530354142293,30.475325036882392,30.473903592541507,30.476487932712313
Overall,75,95,ReRZV_2d,2024,1,dC_Vac,140.47530354142293,140.4753250368824,140.4739035925415,140.47648793271233
Overall,75,95,ReRZV_2d,2024,1,dC_All,126.40468637106359,126.46373233475647,123.84206882080815,128.56978984792192
Overall,75,95,ReRZV_2d,2024,1,dC_Hosp_d,-7.7211457814276745,-7.659258996281695,-9.68444918066332,-6.097327716116002
Overall,75,95,ReRZV_2d,2024,1,dC_GP_NonPHN_d,-4.486478115078605,-4.474174348294631,-5.060935778321237,-3.976001736553466
Overall,75,95,ReRZV_2d,2024,1,dC_GP_PHN_d,-1.8629932738530648,-1.855440252701119,-2.2125871250023184,-1.5646151360776546
Overall,75,95,ReRZV_2d,2024,1,dC_GP_d,-6.34947138893167,-6.32354653304501,-7.181908731860709,-5.605467507048138
Overall,75,95,ReRZV_2d,2024,1,dC_Med_d,-14.070617170359345,-14.011734516820894,-16.633097456166457,-11.904930213468548
Overall,75,95,ReRZV_2d,2024,1,dC_VacZVL_d,110,110,110,110
Overall,75,95,ReRZV_2d,2024,1,dC_VacRZV_d,30.47530354142293,30.475325036882392,30.473903592541507,30.476487932712313
Overall,75,95,ReRZV_2d,2024,1,dC_Vac_d,140.47530354142293,140.4753250368824,140.4739035925415,140.47648793271233
Overall,75,95,ReRZV_2d,2024,1,dC_All_d,126.40468637106359,126.46373233475647,123.84206882080815,128.56978984792192
Overall,75,95,ReRZV_2d,2024,1,dN_VacZVL,1,1,1,1
Overall,75,95,ReRZV_2d,2024,1,dN_VacRZV,0.3585329828402698,0.35853323572802814,0.3585165128534295,0.35854691685543894
Overall,75,95,ReRZV_2d,2024,1,dN_VacZVL_d,1,1,1,1
Overall,75,95,ReRZV_2d,2024,1,dN_VacRZV_d,0.3585329828402698,0.35853323572802814,0.3585165128534295,0.35854691685543894
Overall,75,95,ReRZV_2d,2024,1,ICER,21477.127509873204,21435.939593893316,17755.39132273487,25662.39887321351
Overall,75,95,ReRZV_2d,2024,1,Price0,85,85,85,85
Overall,75,95,ReRZV_2d,2024,1,Thres20,370.41629695087437,368.1943256397808,313.44311543932616,436.0150381277733
Overall,75,95,ReRZV_2d,2024,1,Thres30,536.001970704502,532.5535313935183,452.18066589242693,632.5757172609872
Overall,75,95,ReRZV_2d,2024,1,Thres20_50,NA,368.1943256397808,NA,NA
Overall,75,95,ReRZV_2d,2024,1,Thres30_90,NA,477.7653499307959,NA,NA
Overall,75,95,ReRZV_2d,2024,1,Thres,NA,368.1943256397808,NA,NA
Overall,75,96,ReRZV_1d,2024,1,N0,1,1,1,1
Overall,75,96,ReRZV_1d,2024,1,dYear_Life,2.0781997906048843e-4,2.0623636873029483e-4,1.6517089603578227e-4,2.5943502924294923e-4
Overall,75,96,ReRZV_1d,2024,1,dYear_Immunised,4.304426311624247,4.294150980433255,3.834325816726328,4.839452913602932
Overall,75,96,ReRZV_1d,2024,1,dRisk_HZ,-0.039248239179223425,-0.03912274151188597,-0.044517967945438094,-0.034625961647068305
Overall,75,96,ReRZV_1d,2024,1,dRisk_Hosp,-0.0016813891413749817,-0.001669737155224092,-0.002111856781459188,-0.0013188639167058265
Overall,75,96,ReRZV_1d,2024,1,dRisk_PHN,-0.0033173748368031577,-0.0033028432316233687,-0.0039155266480339875,-0.0028060061666749536
Overall,75,96,ReRZV_1d,2024,1,dRisk_Death,-3.175383106212926e-5,-3.1536544684989153e-5,-4.068425916264493e-5,-2.4704831994342557e-5
Overall,75,96,ReRZV_1d,2024,1,dQ_Life,1.4327974622988383e-4,1.4235590188427238e-4,1.1404533091754487e-4,1.7863338909753778e-4
Overall,75,96,ReRZV_1d,2024,1,dQ_HZ,0.005596913813716764,0.005562428037789045,0.00467052645244909,0.006665587201008081
Overall,75,96,ReRZV_1d,2024,1,dQ_HZ_Norm,0.0017927248166385097,0.001785044405434271,0.0014976068981700909,0.0021317207759414024
Overall,75,96,ReRZV_1d,2024,1,dQ_All,0.0057368538200513715,0.005703410548302479,0.00479771379244518,0.006824885897739774
Overall,75,96,ReRZV_1d,2024,1,dQ_HZ_d,0.005596913813716764,0.005562428037789045,0.00467052645244909,0.006665587201008081
Overall,75,96,ReRZV_1d,2024,1,dQ_HZ_Norm_d,0.0017927248166385097,0.001785044405434271,0.0014976068981700909,0.0021317207759414024
Overall,75,96,ReRZV_1d,2024,1,dQ_Life_d,1.4327974622988383e-4,1.4235590188427238e-4,1.1404533091754487e-4,1.7863338909753778e-4
Overall,75,96,ReRZV_1d,2024,1,dQ_All_d,0.00574019355994667,0.005706641104768373,0.004800663038920794,0.006828044483792572
Overall,75,96,ReRZV_1d,2024,1,dC_Hosp,-7.099061683232081,-7.0393386235623545,-9.034844371609356,-5.4735000853454965
Overall,75,96,ReRZV_1d,2024,1,dC_GP_NonPHN,-4.368535694408665,-4.355857713827999,-4.941451125883887,-3.8564900433942224
Overall,75,96,ReRZV_1d,2024,1,dC_GP_PHN,-1.8162401242425903,-1.8079893852964017,-2.1590891822234686,-1.5190649829715572
Overall,75,96,ReRZV_1d,2024,1,dC_GP,-6.184775818651255,-6.160757914755646,-7.0262276954972025,-5.443788832345871
Overall,75,96,ReRZV_1d,2024,1,dC_Med,-13.283837501883337,-13.209682378303615,-15.871782376434307,-11.160268485396747
Overall,75,96,ReRZV_1d,2024,1,dC_VacZVL,110,110,110,110
Overall,75,96,ReRZV_1d,2024,1,dC_VacRZV,12.01007323671443,12.01008324268463,12.009439544817786,12.010602852939908
Overall,75,96,ReRZV_1d,2024,1,dC_Vac,122.01007323671443,122.01008324268463,122.0094395448178,122.01060285293991
Overall,75,96,ReRZV_1d,2024,1,dC_All,108.72623573483109,108.80046534162918,106.13843149655858,110.84949186499053
Overall,75,96,ReRZV_1d,2024,1,dC_Hosp_d,-7.099061683232081,-7.0393386235623545,-9.034844371609356,-5.4735000853454965
Overall,75,96,ReRZV_1d,2024,1,dC_GP_NonPHN_d,-4.368535694408665,-4.355857713827999,-4.941451125883887,-3.8564900433942224
Overall,75,96,ReRZV_1d,2024,1,dC_GP_PHN_d,-1.8162401242425903,-1.8079893852964017,-2.1590891822234686,-1.5190649829715572
Overall,75,96,ReRZV_1d,2024,1,dC_GP_d,-6.184775818651255,-6.160757914755646,-7.0262276954972025,-5.443788832345871
Overall,75,96,ReRZV_1d,2024,1,dC_Med_d,-13.283837501883337,-13.209682378303615,-15.871782376434307,-11.160268485396747
Overall,75,96,ReRZV_1d,2024,1,dC_VacZVL_d,110,110,110,110
Overall,75,96,ReRZV_1d,2024,1,dC_VacRZV_d,12.01007323671443,12.01008324268463,12.009439544817786,12.010602852939908
Overall,75,96,ReRZV_1d,2024,1,dC_Vac_d,122.01007323671443,122.01008324268463,122.0094395448178,122.01060285293991
Overall,75,96,ReRZV_1d,2024,1,dC_All_d,108.72623573483109,108.80046534162918,106.13843149655858,110.84949186499053
Overall,75,96,ReRZV_1d,2024,1,dN_VacZVL,1,1,1,1
Overall,75,96,ReRZV_1d,2024,1,dN_VacRZV,0.1412949792554639,0.14129509697276035,0.14128752405667985,0.14130121003458715
Overall,75,96,ReRZV_1d,2024,1,dN_VacZVL_d,1,1,1,1
Overall,75,96,ReRZV_1d,2024,1,dN_VacRZV_d,0.1412949792554639,0.14129509697276035,0.14128752405667985,0.14130121003458715
Overall,75,96,ReRZV_1d,2024,1,ICER,19114.55613372614,19049.556004907987,15678.227093806932,22915.3151304501
Overall,75,96,ReRZV_1d,2024,1,Price0,85,85,85,85
Overall,75,96,ReRZV_1d,2024,1,Thres20,906.5264510004123,901.83482493878,764.5688549916722,1071.05566898685
Overall,75,96,ReRZV_1d,2024,1,Thres30,1312.7822445170846,1305.132199503885,1103.8390571928032,1555.9749942243723
Overall,75,96,ReRZV_1d,2024,1,Thres20_50,NA,901.83482493878,NA,NA
Overall,75,96,ReRZV_1d,2024,1,Thres30_90,NA,1165.499075457248,NA,NA
Overall,75,96,ReRZV_1d,2024,1,Thres,NA,901.83482493878,NA,NA
Overall,75,96,ReRZV_2d,2024,1,N0,1,1,1,1
Overall,75,96,ReRZV_2d,2024,1,dYear_Life,2.0833562899541923e-4,2.0684827707473374e-4,1.6572961998968517e-4,2.6004200206628523e-4
Overall,75,96,ReRZV_2d,2024,1,dYear_Immunised,4.314803204299465,4.305821710484164,3.842366172175415,4.850475367330091
Overall,75,96,ReRZV_2d,2024,1,dRisk_HZ,-0.039337419529313224,-0.03917689178680904,-0.04459049701271261,-0.03472025330708715
Overall,75,96,ReRZV_2d,2024,1,dRisk_Hosp,-0.0016916414560823388,-0.0016793689809168387,-0.0021250669248331668,-0.0013252027678380808
Overall,75,96,ReRZV_2d,2024,1,dRisk_PHN,-0.003324303593551337,-0.003309024047141982,-0.003926158166439482,-0.0028128262432592353
Overall,75,96,ReRZV_2d,2024,1,dRisk_Death,-3.202675164743229e-5,-3.181413267124514e-5,-4.098603709012186e-5,-2.4968914426286806e-5
Overall,75,96,ReRZV_2d,2024,1,dQ_Life,1.435692058602278e-4,1.4263477030418414e-4,1.1441673322170053e-4,1.7889888094324569e-4
Overall,75,96,ReRZV_2d,2024,1,dQ_HZ,0.00561104734092053,0.005573990026907991,0.004686373091261447,0.006681486246465336
Overall,75,96,ReRZV_2d,2024,1,dQ_HZ_Norm,0.0017964042688605462,0.0017893227484075405,0.0014986237227743874,0.002137220028875707
Overall,75,96,ReRZV_2d,2024,1,dQ_All,0.005751187686527939,0.005715045596166313,0.004802614965255136,0.0068380259879336595
Overall,75,96,ReRZV_2d,2024,1,dQ_HZ_d,0.00561104734092053,0.005573990026907991,0.004686373091261447,0.006681486246465336
Overall,75,96,ReRZV_2d,2024,1,dQ_HZ_Norm_d,0.0017964042688605462,0.0017893227484075405,0.0014986237227743874,0.002137220028875707
Overall,75,96,ReRZV_2d,2024,1,dQ_Life_d,1.435692058602278e-4,1.4263477030418414e-4,1.1441673322170053e-4,1.7889888094324569e-4
Overall,75,96,ReRZV_2d,2024,1,dQ_All_d,0.005754616546780773,0.005718535573532968,0.004805283084738976,0.006841843111801182
Overall,75,96,ReRZV_2d,2024,1,dC_Hosp,-7.146188598341183,-7.0791866174194045,-9.098636345045978,-5.5118076377340826
Overall,75,96,ReRZV_2d,2024,1,dC_GP_NonPHN,-4.377080042783825,-4.363747902567907,-4.9545918781949,-3.866846901199062
Overall,75,96,ReRZV_2d,2024,1,dC_GP_PHN,-1.8194976209069773,-1.8123703965007476,-2.164065361526706,-1.5209854186179508
Overall,75,96,ReRZV_2d,2024,1,dC_GP,-6.196577663690802,-6.168797655802435,-7.038018890106077,-5.4544990596686675
Overall,75,96,ReRZV_2d,2024,1,dC_Med,-13.342766262031985,-13.270961021471035,-15.924820932043415,-11.207773046121197
Overall,75,96,ReRZV_2d,2024,1,dC_VacZVL,110,110,110,110
Overall,75,96,ReRZV_2d,2024,1,dC_VacRZV,24.02014647342886,24.02016648536926,24.018879089635572,24.021205705879815
Overall,75,96,ReRZV_2d,2024,1,dC_Vac,134.02014647342887,134.02016648536926,134.01887908963556,134.02120570587982
Overall,75,96,ReRZV_2d,2024,1,dC_All,120.67738021139688,120.74867993481772,118.0951844134969,122.81199452392804
Overall,75,96,ReRZV_2d,2024,1,dC_Hosp_d,-7.146188598341183,-7.0791866174194045,-9.098636345045978,-5.5118076377340826
Overall,75,96,ReRZV_2d,2024,1,dC_GP_NonPHN_d,-4.377080042783825,-4.363747902567907,-4.9545918781949,-3.866846901199062
Overall,75,96,ReRZV_2d,2024,1,dC_GP_PHN_d,-1.8194976209069773,-1.8123703965007476,-2.164065361526706,-1.5209854186179508
Overall,75,96,ReRZV_2d,2024,1,dC_GP_d,-6.196577663690802,-6.168797655802435,-7.038018890106077,-5.4544990596686675
Overall,75,96,ReRZV_2d,2024,1,dC_Med_d,-13.342766262031985,-13.270961021471035,-15.924820932043415,-11.207773046121197
Overall,75,96,ReRZV_2d,2024,1,dC_VacZVL_d,110,110,110,110
Overall,75,96,ReRZV_2d,2024,1,dC_VacRZV_d,24.02014647342886,24.02016648536926,24.018879089635572,24.021205705879815
Overall,75,96,ReRZV_2d,2024,1,dC_Vac_d,134.02014647342887,134.02016648536926,134.01887908963556,134.02120570587982
Overall,75,96,ReRZV_2d,2024,1,dC_All_d,120.67738021139688,120.74867993481772,118.0951844134969,122.81199452392804
Overall,75,96,ReRZV_2d,2024,1,dN_VacZVL,1,1,1,1
Overall,75,96,ReRZV_2d,2024,1,dN_VacRZV,0.2825899585109278,0.2825901939455207,0.2825750481133597,0.2826024200691743
Overall,75,96,ReRZV_2d,2024,1,dN_VacZVL_d,1,1,1,1
Overall,75,96,ReRZV_2d,2024,1,dN_VacRZV_d,0.2825899585109278,0.2825901939455207,0.2825750481133597,0.2826024200691743
Overall,75,96,ReRZV_2d,2024,1,ICER,21160.55400690237,21090.447379856945,17398.313800031516,25356.011498567936
Overall,75,96,ReRZV_2d,2024,1,Price0,85,85,85,85
Overall,75,96,ReRZV_2d,2024,1,Thres20,454.49252705584746,452.1613642881696,382.99820669917466,537.5132583388347
Overall,75,96,ReRZV_2d,2024,1,Thres30,658.1308091721235,654.1075359375486,553.6369106776311,780.7110414376829
Overall,75,96,ReRZV_2d,2024,1,Thres20_50,NA,452.1613642881696,NA,NA
Overall,75,96,ReRZV_2d,2024,1,Thres30_90,NA,585.1358349195623,NA,NA
Overall,75,96,ReRZV_2d,2024,1,Thres,NA,452.1613642881696,NA,NA
Overall,75,97,ReRZV_1d,2024,1,N0,1,1,1,1
Overall,75,97,ReRZV_1d,2024,1,dYear_Life,2.0175751435805544e-4,2.002740953930271e-4,1.595992926450851e-4,2.5329314535098567e-4
Overall,75,97,ReRZV_1d,2024,1,dYear_Immunised,4.216024166586922,4.206525951307562,3.7417951830129748,4.757700744545896
Overall,75,97,ReRZV_1d,2024,1,dRisk_HZ,-0.038476770335304125,-0.03833246415166317,-0.043792809688215556,-0.03387249085725837
Overall,75,97,ReRZV_1d,2024,1,dRisk_Hosp,-0.001592680153442654,-0.0015787034990861273,-0.0020343390140414356,-0.0012355325401600078
Overall,75,97,ReRZV_1d,2024,1,dRisk_PHN,-0.0032558209256500887,-0.003238705318402992,-0.0038488806389526792,-0.002747571213273391
Overall,75,97,ReRZV_1d,2024,1,dRisk_Death,-2.942629661382065e-5,-2.9192539574883452e-5,-3.811776056709058e-5,-2.2505037870161937e-5
Overall,75,97,ReRZV_1d,2024,1,dQ_Life,1.3960403353457983e-4,1.3870678968164185e-4,1.108611280506544e-4,1.7468799588167273e-4
Overall,75,97,ReRZV_1d,2024,1,dQ_HZ,0.0054652406484662725,0.005434515226289875,0.004555549672676387,0.006520691196592959
Overall,75,97,ReRZV_1d,2024,1,dQ_HZ_Norm,0.001758172929623669,0.0017513380103247739,0.0014652279505834012,0.0020931764923281405
Overall,75,97,ReRZV_1d,2024,1,dQ_All,0.005602116847189238,0.005565382307822553,0.004667623822608925,0.006677203105404361
Overall,75,97,ReRZV_1d,2024,1,dQ_HZ_d,0.0054652406484662725,0.005434515226289875,0.004555549672676387,0.006520691196592959
Overall,75,97,ReRZV_1d,2024,1,dQ_HZ_Norm_d,0.001758172929623669,0.0017513380103247739,0.0014652279505834012,0.0020931764923281405
Overall,75,97,ReRZV_1d,2024,1,dQ_Life_d,1.3960403353457983e-4,1.3870678968164185e-4,1.108611280506544e-4,1.7468799588167273e-4
Overall,75,97,ReRZV_1d,2024,1,dQ_All_d,0.0056048446820008615,0.005568172240291602,0.00467025904388727,0.00668043607380957
Overall,75,97,ReRZV_1d,2024,1,dC_Hosp,-6.6590581685783565,-6.591072332604837,-8.603153532330914,-5.0835856289414245
Overall,75,97,ReRZV_1d,2024,1,dC_GP_NonPHN,-4.287952904623968,-4.274727665616921,-4.8684877662161155,-3.7751009781059226
Overall,75,97,ReRZV_1d,2024,1,dC_GP_PHN,-1.784784046099259,-1.778131860694147,-2.1286129049892555,-1.4924605098123216
Overall,75,97,ReRZV_1d,2024,1,dC_GP,-6.072736950723228,-6.047498851411425,-6.924952584037483,-5.331577838167995
Overall,75,97,ReRZV_1d,2024,1,dC_Med,-12.731795119301584,-12.678170258498316,-15.385724420702045,-10.5973852792993
Overall,75,97,ReRZV_1d,2024,1,dC_VacZVL,110,110,110,110
Overall,75,97,ReRZV_1d,2024,1,dC_VacRZV,9.218372515683308,9.218381265100483,9.217820810100045,9.21883119299584
Overall,75,97,ReRZV_1d,2024,1,dC_Vac,119.21837251568331,119.21838126510048,119.21782081010004,119.21883119299584
Overall,75,97,ReRZV_1d,2024,1,dC_All,106.48657739638172,106.54014817615196,103.83258406666475,108.62056200586416
Overall,75,97,ReRZV_1d,2024,1,dC_Hosp_d,-6.6590581685783565,-6.591072332604837,-8.603153532330914,-5.0835856289414245
Overall,75,97,ReRZV_1d,2024,1,dC_GP_NonPHN_d,-4.287952904623968,-4.274727665616921,-4.8684877662161155,-3.7751009781059226
Overall,75,97,ReRZV_1d,2024,1,dC_GP_PHN_d,-1.784784046099259,-1.778131860694147,-2.1286129049892555,-1.4924605098123216
Overall,75,97,ReRZV_1d,2024,1,dC_GP_d,-6.072736950723228,-6.047498851411425,-6.924952584037483,-5.331577838167995
Overall,75,97,ReRZV_1d,2024,1,dC_Med_d,-12.731795119301584,-12.678170258498316,-15.385724420702045,-10.5973852792993
Overall,75,97,ReRZV_1d,2024,1,dC_VacZVL_d,110,110,110,110
Overall,75,97,ReRZV_1d,2024,1,dC_VacRZV_d,9.218372515683308,9.218381265100483,9.217820810100045,9.21883119299584
Overall,75,97,ReRZV_1d,2024,1,dC_Vac_d,119.21837251568331,119.21838126510048,119.21782081010004,119.21883119299584
Overall,75,97,ReRZV_1d,2024,1,dC_All_d,106.48657739638172,106.54014817615196,103.83258406666475,108.62056200586416
Overall,75,97,ReRZV_1d,2024,1,dN_VacZVL,1,1,1,1
Overall,75,97,ReRZV_1d,2024,1,dN_VacRZV,0.1084514413609801,0.1084515442952998,0.10844495070705935,0.10845683756465693
Overall,75,97,ReRZV_1d,2024,1,dN_VacZVL_d,1,1,1,1
Overall,75,97,ReRZV_1d,2024,1,dN_VacRZV_d,0.1084514413609801,0.1084515442952998,0.10844495070705935,0.10845683756465693
Overall,75,97,ReRZV_1d,2024,1,ICER,19178.171764696555,19089.767476535424,15652.537785740522,23035.79659289778
Overall,75,97,ReRZV_1d,2024,1,Price0,85,85,84.99999999999999,85.00000000000001
Overall,75,97,ReRZV_1d,2024,1,Thres20,1151.0092221404047,1145.9464421789646,967.4881470113864,1366.1096416601426
Overall,75,97,ReRZV_1d,2024,1,Thres30,1667.8157431136258,1659.3628719294084,1399.6806311519808,1984.943639359306
Overall,75,97,ReRZV_1d,2024,1,Thres20_50,NA,1145.9464421789646,NA,NA
Overall,75,97,ReRZV_1d,2024,1,Thres30_90,NA,1477.1231137487157,NA,NA
Overall,75,97,ReRZV_1d,2024,1,Thres,NA,1145.9464421789646,NA,NA
Overall,75,97,ReRZV_2d,2024,1,N0,1,1,1,1
Overall,75,97,ReRZV_2d,2024,1,dYear_Life,2.0203194110129718e-4,2.0061314740082992e-4,1.598399634334946e-4,2.533941448666254e-4
Overall,75,97,ReRZV_2d,2024,1,dYear_Immunised,4.22286708624883,4.213825197261588,3.7464768587139607,4.764172757143167
Overall,75,97,ReRZV_2d,2024,1,dRisk_HZ,-0.03853513134058108,-0.03837463003889666,-0.04382777410866725,-0.03390841452969088
Overall,75,97,ReRZV_2d,2024,1,dRisk_Hosp,-0.0015994232583859218,-0.0015849050548325705,-0.0020425869938318136,-0.0012436239850948866
Overall,75,97,ReRZV_2d,2024,1,dRisk_PHN,-0.0032602971861789153,-0.0032441885501381666,-0.0038563304133301547,-0.002754106270575405
Overall,75,97,ReRZV_2d,2024,1,dRisk_Death,-2.9606272943884268e-5,-2.9381507000115876e-5,-3.826111806247478e-5,-2.264220839116372e-5
Overall,75,97,ReRZV_2d,2024,1,dQ_Life,1.3974734182292358e-4,1.3885892109044562e-4,1.1098627353658407e-4,1.7477615956904555e-4
Overall,75,97,ReRZV_2d,2024,1,dQ_HZ,0.0054741127936314814,0.005440594436828363,0.0045645172215005286,0.0065272994379128
Overall,75,97,ReRZV_2d,2024,1,dQ_HZ_Norm,0.0017604710453927837,0.0017533605469006478,0.0014680920918211879,0.0020953215382508244
Overall,75,97,ReRZV_2d,2024,1,dQ_All,0.0056110676948621634,0.005574506476584418,0.0046723646089223084,0.006684343968917883
Overall,75,97,ReRZV_2d,2024,1,dQ_HZ_d,0.0054741127936314814,0.005440594436828363,0.0045645172215005286,0.0065272994379128
Overall,75,97,ReRZV_2d,2024,1,dQ_HZ_Norm_d,0.0017604710453927837,0.0017533605469006478,0.0014680920918211879,0.0020953215382508244
Overall,75,97,ReRZV_2d,2024,1,dQ_Life_d,1.3974734182292358e-4,1.3885892109044562e-4,1.1098627353658407e-4,1.7477615956904555e-4
Overall,75,97,ReRZV_2d,2024,1,dQ_All_d,0.005613860135454393,0.005577129281300053,0.004674780712506577,0.006687420589397108
Overall,75,97,ReRZV_2d,2024,1,dC_Hosp,-6.688798606429116,-6.615618602561391,-8.661706389655963,-5.1227048445745815
Overall,75,97,ReRZV_2d,2024,1,dC_GP_NonPHN,-4.293277390768219,-4.279403395592945,-4.874885173671802,-3.7794966823352074
Overall,75,97,ReRZV_2d,2024,1,dC_GP_PHN,-1.7867881852842928,-1.7792566853209946,-2.1309592534333124,-1.4952037193938243
Overall,75,97,ReRZV_2d,2024,1,dC_GP,-6.080065576052513,-6.05321507213665,-6.932579608151027,-5.338503763459664
Overall,75,97,ReRZV_2d,2024,1,dC_Med,-12.768864182481629,-12.706234631744007,-15.422288072914599,-10.629626023934016
Overall,75,97,ReRZV_2d,2024,1,dC_VacZVL,110,110,110,110
Overall,75,97,ReRZV_2d,2024,1,dC_VacRZV,18.436745031366616,18.436762530200966,18.43564162020009,18.43766238599168
Overall,75,97,ReRZV_2d,2024,1,dC_Vac,128.43674503136663,128.43676253020095,128.43564162020007,128.43766238599167
Overall,75,97,ReRZV_2d,2024,1,dC_All,115.66788084888499,115.73042038093374,113.01571793675548,117.8060108388154
Overall,75,97,ReRZV_2d,2024,1,dC_Hosp_d,-6.688798606429116,-6.615618602561391,-8.661706389655963,-5.1227048445745815
Overall,75,97,ReRZV_2d,2024,1,dC_GP_NonPHN_d,-4.293277390768219,-4.279403395592945,-4.874885173671802,-3.7794966823352074
Overall,75,97,ReRZV_2d,2024,1,dC_GP_PHN_d,-1.7867881852842928,-1.7792566853209946,-2.1309592534333124,-1.4952037193938243
Overall,75,97,ReRZV_2d,2024,1,dC_GP_d,-6.080065576052513,-6.05321507213665,-6.932579608151027,-5.338503763459664
Overall,75,97,ReRZV_2d,2024,1,dC_Med_d,-12.768864182481629,-12.706234631744007,-15.422288072914599,-10.629626023934016
Overall,75,97,ReRZV_2d,2024,1,dC_VacZVL_d,110,110,110,110
Overall,75,97,ReRZV_2d,2024,1,dC_VacRZV_d,18.436745031366616,18.436762530200966,18.43564162020009,18.43766238599168
Overall,75,97,ReRZV_2d,2024,1,dC_Vac_d,128.43674503136663,128.43676253020095,128.43564162020007,128.43766238599167
Overall,75,97,ReRZV_2d,2024,1,dC_All_d,115.66788084888499,115.73042038093374,113.01571793675548,117.8060108388154
Overall,75,97,ReRZV_2d,2024,1,dN_VacZVL,1,1,1,1
Overall,75,97,ReRZV_2d,2024,1,dN_VacRZV,0.2169028827219602,0.2169030885905996,0.2168899014141187,0.21691367512931387
Overall,75,97,ReRZV_2d,2024,1,dN_VacZVL_d,1,1,1,1
Overall,75,97,ReRZV_2d,2024,1,dN_VacRZV_d,0.2169028827219602,0.2169030885905996,0.2168899014141187,0.21691367512931387
Overall,75,97,ReRZV_2d,2024,1,ICER,20796.818159793183,20711.54485562074,17002.64173444832,24959.77557494632
Overall,75,97,ReRZV_2d,2024,1,Price0,85,85,84.99999999999999,85.00000000000001
Overall,75,97,ReRZV_2d,2024,1,Thres20,576.506801383194,573.8823159420203,485.037960312811,684.5095286368162
Overall,75,97,ReRZV_2d,2024,1,Thres30,835.3257062643794,831.4836235073433,700.5327812470038,992.8074765332645
Overall,75,97,ReRZV_2d,2024,1,Thres20_50,NA,573.8823159420203,NA,NA
Overall,75,97,ReRZV_2d,2024,1,Thres30_90,NA,739.6495050172732,NA,NA
Overall,75,97,ReRZV_2d,2024,1,Thres,NA,573.8823159420203,NA,NA
Overall,75,98,ReRZV_1d,2024,1,N0,1,1,1,1
Overall,75,98,ReRZV_1d,2024,1,dYear_Life,1.978898308024144e-4,1.965530960594819e-4,1.562280461014698e-4,2.492779368129305e-4
Overall,75,98,ReRZV_1d,2024,1,dYear_Immunised,4.149229047927127,4.140594140640333,3.6713084910670535,4.691004249239179
Overall,75,98,ReRZV_1d,2024,1,dRisk_HZ,-0.03789967173855038,-0.03774078131294614,-0.04323682916468005,-0.033264667084731886
Overall,75,98,ReRZV_1d,2024,1,dRisk_Hosp,-0.0015263889590788544,-0.0015126683101621958,-0.0019626151997524993,-0.0011689351039208633
Overall,75,98,ReRZV_1d,2024,1,dRisk_PHN,-0.0032106874512918934,-0.00319323579976448,-0.0038061591817554296,-0.002707470400336857
Overall,75,98,ReRZV_1d,2024,1,dRisk_Death,-2.766763005059532e-5,-2.747714701005921e-5,-3.620089882749904e-5,-2.0859897496675138e-5
Overall,75,98,ReRZV_1d,2024,1,dQ_Life,1.3737691730862878e-4,1.363727953629379e-4,1.0868030444721732e-4,1.721753182414076e-4
Overall,75,98,ReRZV_1d,2024,1,dQ_HZ,0.005365421392938646,0.005333254662262619,0.004452188924343044,0.006407687628966085
Overall,75,98,ReRZV_1d,2024,1,dQ_HZ_Norm,0.0017321892327457524,0.001725543859080904,0.0014442583015285494,0.0020634590705258375
Overall,75,98,ReRZV_1d,2024,1,dQ_All,0.005500722467723396,0.005467734815726821,0.004578397228311016,0.006562550679054003
Overall,75,98,ReRZV_1d,2024,1,dQ_HZ_d,0.005365421392938646,0.005333254662262619,0.004452188924343044,0.006407687628966085
Overall,75,98,ReRZV_1d,2024,1,dQ_HZ_Norm_d,0.0017321892327457524,0.001725543859080904,0.0014442583015285494,0.0020634590705258375
Overall,75,98,ReRZV_1d,2024,1,dQ_Life_d,1.3737691730862878e-4,1.363727953629379e-4,1.0868030444721732e-4,1.721753182414076e-4
Overall,75,98,ReRZV_1d,2024,1,dQ_All_d,0.005502798310247277,0.005469889306510822,0.004580500489847417,0.006565031166560598
Overall,75,98,ReRZV_1d,2024,1,dC_Hosp,-6.325852520466776,-6.260867669952507,-8.263471370493948,-4.72599127516602
Overall,75,98,ReRZV_1d,2024,1,dC_GP_NonPHN,-4.227444395292527,-4.213494289406211,-4.80944425319581,-3.7142289903885657
Overall,75,98,ReRZV_1d,2024,1,dC_GP_PHN,-1.7616683273884444,-1.75479219148564,-2.1061351092884895,-1.4655321001461898
Overall,75,98,ReRZV_1d,2024,1,dC_GP,-5.9891127226809715,-5.962689773812443,-6.850464761526628,-5.244256853646614
Overall,75,98,ReRZV_1d,2024,1,dC_Med,-12.314965243147748,-12.230806428035965,-14.964682229010808,-10.199387310452954
Overall,75,98,ReRZV_1d,2024,1,dC_VacZVL,110,110,110,110
Overall,75,98,ReRZV_1d,2024,1,dC_VacRZV,6.870762897459139,6.8707700187844765,6.870299526355371,6.8711423691871225
Overall,75,98,ReRZV_1d,2024,1,dC_Vac,116.87076289745914,116.87077001878447,116.87029952635538,116.87114236918713
Overall,75,98,ReRZV_1d,2024,1,dC_All,104.55579765431139,104.63988169860647,101.90613614974258,106.6711124100061
Overall,75,98,ReRZV_1d,2024,1,dC_Hosp_d,-6.325852520466776,-6.260867669952507,-8.263471370493948,-4.72599127516602
Overall,75,98,ReRZV_1d,2024,1,dC_GP_NonPHN_d,-4.227444395292527,-4.213494289406211,-4.80944425319581,-3.7142289903885657
Overall,75,98,ReRZV_1d,2024,1,dC_GP_PHN_d,-1.7616683273884444,-1.75479219148564,-2.1061351092884895,-1.4655321001461898
Overall,75,98,ReRZV_1d,2024,1,dC_GP_d,-5.9891127226809715,-5.962689773812443,-6.850464761526628,-5.244256853646614
Overall,75,98,ReRZV_1d,2024,1,dC_Med_d,-12.314965243147748,-12.230806428035965,-14.964682229010808,-10.199387310452954
Overall,75,98,ReRZV_1d,2024,1,dC_VacZVL_d,110,110,110,110
Overall,75,98,ReRZV_1d,2024,1,dC_VacRZV_d,6.870762897459139,6.8707700187844765,6.870299526355371,6.8711423691871225
Overall,75,98,ReRZV_1d,2024,1,dC_Vac_d,116.87076289745914,116.87077001878447,116.87029952635538,116.87114236918713
Overall,75,98,ReRZV_1d,2024,1,dC_All_d,104.55579765431139,104.63988169860647,101.90613614974258,106.6711124100061
Overall,75,98,ReRZV_1d,2024,1,dN_VacZVL,1,1,1,1
Overall,75,98,ReRZV_1d,2024,1,dN_VacRZV,0.08083250467598987,0.08083258845628796,0.08082705325123966,0.08083696904926026
Overall,75,98,ReRZV_1d,2024,1,dN_VacZVL_d,1,1,1,1
Overall,75,98,ReRZV_1d,2024,1,dN_VacRZV_d,0.08083250467598987,0.08083258845628796,0.08082705325123966,0.08083696904926026
Overall,75,98,ReRZV_1d,2024,1,ICER,19183.88442501456,19114.230356730586,15610.844890327226,23084.865496791786
Overall,75,98,ReRZV_1d,2024,1,Price0,85,85,85,85
Overall,75,98,ReRZV_1d,2024,1,Thres20,1513.8816493071286,1505.994679371172,1268.8519711181548,1801.7329689221892
Overall,75,98,ReRZV_1d,2024,1,Thres30,2194.6467180913755,2183.6410133544578,1838.5053999732645,2614.56046629105
Overall,75,98,ReRZV_1d,2024,1,Thres20_50,NA,1505.994679371172,NA,NA
Overall,75,98,ReRZV_1d,2024,1,Thres30_90,NA,1939.3646657092754,NA,NA
Overall,75,98,ReRZV_1d,2024,1,Thres,NA,1505.994679371172,NA,NA
Overall,75,98,ReRZV_2d,2024,1,N0,1,1,1,1
Overall,75,98,ReRZV_2d,2024,1,dYear_Life,1.98011491746513e-4,1.9661582125252153e-4,1.5630421487693448e-4,2.4934736693285056e-4
Overall,75,98,ReRZV_2d,2024,1,dYear_Immunised,4.153421671201101,4.144527721959346,3.6741707872249876,4.693447596123516
Overall,75,98,ReRZV_2d,2024,1,dRisk_HZ,-0.037935132680396874,-0.03776972883602766,-0.04325498391057715,-0.03329833075025742
Overall,75,98,ReRZV_2d,2024,1,dRisk_Hosp,-0.001530493959881395,-0.0015178186228526,-0.001967899379092515,-0.001172881992273122
Overall,75,98,ReRZV_2d,2024,1,dRisk_PHN,-0.0032133793861028985,-0.0031964010097286577,-0.0038123942283808244,-0.002709920731215067
Overall,75,98,ReRZV_2d,2024,1,dRisk_Death,-2.7777902118862788e-5,-2.756200296605388e-5,-3.6329797283217376e-5,-2.096077397827383e-5
Overall,75,98,ReRZV_2d,2024,1,dQ_Life,1.3743232375900582e-4,1.3643364208260067e-4,1.0871009925903507e-4,1.7219914437038847e-4
Overall,75,98,ReRZV_2d,2024,1,dQ_HZ,0.005370333147286832,0.0053372421960851185,0.004456237267214222,0.0064129900093627895
Overall,75,98,ReRZV_2d,2024,1,dQ_HZ_Norm,0.0017334557324968933,0.0017263837178701927,0.001444411350122888,0.0020643182281134373
Overall,75,98,ReRZV_2d,2024,1,dQ_All,0.005505650856467667,0.0054754783375594585,0.004582200111635659,0.006569329252765498
Overall,75,98,ReRZV_2d,2024,1,dQ_HZ_d,0.005370333147286832,0.0053372421960851185,0.004456237267214222,0.0064129900093627895
Overall,75,98,ReRZV_2d,2024,1,dQ_HZ_Norm_d,0.0017334557324968933,0.0017263837178701927,0.001444411350122888,0.0020643182281134373
Overall,75,98,ReRZV_2d,2024,1,dQ_Life_d,1.3743232375900582e-4,1.3643364208260067e-4,1.0871009925903507e-4,1.7219914437038847e-4
Overall,75,98,ReRZV_2d,2024,1,dQ_All_d,0.005507765471045816,0.005477651773940551,0.004584344155813014,0.006571726317393089
Overall,75,98,ReRZV_2d,2024,1,dC_Hosp,-6.342359997239038,-6.2752251271672765,-8.276005202086553,-4.74056983963487
Overall,75,98,ReRZV_2d,2024,1,dC_GP_NonPHN,-4.2303719353293365,-4.2167389531280195,-4.813472782538024,-3.7161270699773383
Overall,75,98,ReRZV_2d,2024,1,dC_GP_PHN,-1.7627601461582463,-1.7556117411679804,-2.1065118234664473,-1.466608883796755
Overall,75,98,ReRZV_2d,2024,1,dC_GP,-5.993132081487583,-5.963943179568772,-6.854636293641008,-5.249906795440308
Overall,75,98,ReRZV_2d,2024,1,dC_Med,-12.33549207872662,-12.248781274385916,-14.984809827400902,-10.209412938009995
Overall,75,98,ReRZV_2d,2024,1,dC_VacZVL,110,110,110,110
Overall,75,98,ReRZV_2d,2024,1,dC_VacRZV,13.741525794918278,13.741540037568953,13.740599052710742,13.742284738374245
Overall,75,98,ReRZV_2d,2024,1,dC_Vac,123.74152579491827,123.74154003756895,123.74059905271075,123.74228473837425
Overall,75,98,ReRZV_2d,2024,1,dC_All,111.40603371619166,111.4929292956534,108.7568400639013,113.53160605475617
Overall,75,98,ReRZV_2d,2024,1,dC_Hosp_d,-6.342359997239038,-6.2752251271672765,-8.276005202086553,-4.74056983963487
Overall,75,98,ReRZV_2d,2024,1,dC_GP_NonPHN_d,-4.2303719353293365,-4.2167389531280195,-4.813472782538024,-3.7161270699773383
Overall,75,98,ReRZV_2d,2024,1,dC_GP_PHN_d,-1.7627601461582463,-1.7556117411679804,-2.1065118234664473,-1.466608883796755
Overall,75,98,ReRZV_2d,2024,1,dC_GP_d,-5.993132081487583,-5.963943179568772,-6.854636293641008,-5.249906795440308
Overall,75,98,ReRZV_2d,2024,1,dC_Med_d,-12.33549207872662,-12.248781274385916,-14.984809827400902,-10.209412938009995
Overall,75,98,ReRZV_2d,2024,1,dC_VacZVL_d,110,110,110,110
Overall,75,98,ReRZV_2d,2024,1,dC_VacRZV_d,13.741525794918278,13.741540037568953,13.740599052710742,13.742284738374245
Overall,75,98,ReRZV_2d,2024,1,dC_Vac_d,123.74152579491827,123.74154003756895,123.74059905271075,123.74228473837425
Overall,75,98,ReRZV_2d,2024,1,dC_All_d,111.40603371619166,111.4929292956534,108.7568400639013,113.53160605475617
Overall,75,98,ReRZV_2d,2024,1,dN_VacZVL,1,1,1,1
Overall,75,98,ReRZV_2d,2024,1,dN_VacRZV,0.16166500935197975,0.16166517691257593,0.16165410650247933,0.16167393809852051
Overall,75,98,ReRZV_2d,2024,1,dN_VacZVL_d,1,1,1,1
Overall,75,98,ReRZV_2d,2024,1,dN_VacRZV_d,0.16166500935197975,0.16166517691257593,0.16165410650247933,0.16167393809852051
Overall,75,98,ReRZV_2d,2024,1,ICER,20421.245311177776,20341.015421943965,16647.179045620713,24558.118525655722
Overall,75,98,ReRZV_2d,2024,1,Price0,85,85,85,85
Overall,75,98,ReRZV_2d,2024,1,Thres20,757.6822958806171,753.8862790721953,635.0314812480635,901.7128950051122
Overall,75,98,ReRZV_2d,2024,1,Thres30,1098.3720802307466,1093.007474981479,920.2524340355582,1307.9502118562223
Overall,75,98,ReRZV_2d,2024,1,Thres20_50,NA,753.8862790721953,NA,NA
Overall,75,98,ReRZV_2d,2024,1,Thres30_90,NA,970.5326094274956,NA,NA
Overall,75,98,ReRZV_2d,2024,1,Thres,NA,753.8862790721953,NA,NA
Overall,75,99,ReRZV_1d,2024,1,N0,1,1,1,1
Overall,75,99,ReRZV_1d,2024,1,dYear_Life,1.957063184299166e-4,1.9420414201398728e-4,1.5389301506152364e-4,2.468143435203629e-4
Overall,75,99,ReRZV_1d,2024,1,dYear_Immunised,4.100365387597879,4.091471220797944,3.6198054209230204,4.6406129121896775
Overall,75,99,ReRZV_1d,2024,1,dRisk_HZ,-0.03748223558915426,-0.037304255824578685,-0.04281034384879687,-0.032820292319697235
Overall,75,99,ReRZV_1d,2024,1,dRisk_Hosp,-0.001478378883751992,-0.0014646763508814656,-0.001917820446560502,-0.0011162837266107065
Overall,75,99,ReRZV_1d,2024,1,dRisk_PHN,-0.003178489883979524,-0.0031569574420084456,-0.003774903894653363,-0.0026703658115949367
Overall,75,99,ReRZV_1d,2024,1,dRisk_Death,-2.6381065926102773e-5,-2.6162132768568625e-5,-3.4888894166005956e-5,-1.9708157527680477e-5
Overall,75,99,ReRZV_1d,2024,1,dQ_Life,1.3625629420354368e-4,1.3518872011353267e-4,1.0746444189582149e-4,1.7098479207149346e-4
Overall,75,99,ReRZV_1d,2024,1,dQ_HZ,0.005292165608052942,0.005261614307545479,0.004391000829045975,0.006325955059195261
Overall,75,99,ReRZV_1d,2024,1,dQ_HZ_Norm,0.0017132619493136264,0.0017062897135237626,0.0014262219792696952,0.002041878030064052
Overall,75,99,ReRZV_1d,2024,1,dQ_All,0.005427041921997928,0.005394483556022678,0.004514537926020967,0.006489396853870089
Overall,75,99,ReRZV_1d,2024,1,dQ_HZ_d,0.005292165608052942,0.005261614307545479,0.004391000829045975,0.006325955059195261
Overall,75,99,ReRZV_1d,2024,1,dQ_HZ_Norm_d,0.0017132619493136264,0.0017062897135237626,0.0014262219792696952,0.002041878030064052
Overall,75,99,ReRZV_1d,2024,1,dQ_Life_d,1.3625629420354368e-4,1.3518872011353267e-4,1.0746444189582149e-4,1.7098479207149346e-4
Overall,75,99,ReRZV_1d,2024,1,dQ_All_d,0.005428421902256502,0.005395868051420116,0.0045156229192946816,0.006490919799246563
Overall,75,99,ReRZV_1d,2024,1,dC_Hosp,-6.0811748423532705,-5.9994754961693015,-8.022002804366181,-4.494018069136399
Overall,75,99,ReRZV_1d,2024,1,dC_GP_NonPHN,-4.183498879687873,-4.169643065579626,-4.771987298881062,-3.6665265298732224
Overall,75,99,ReRZV_1d,2024,1,dC_GP_PHN,-1.7451371056661829,-1.737267421039461,-2.0865597022182287,-1.4499345683903522
Overall,75,99,ReRZV_1d,2024,1,dC_GP,-5.928635985354056,-5.8989765901533815,-6.787514053291049,-5.183290851330334
Overall,75,99,ReRZV_1d,2024,1,dC_Med,-12.009810827707327,-11.930084436760719,-14.661477844795876,-9.875486939279224
Overall,75,99,ReRZV_1d,2024,1,dC_VacZVL,110,110,110,110
Overall,75,99,ReRZV_1d,2024,1,dC_VacRZV,4.956396376052527,4.956402667873297,4.956025512429911,4.956697603355851
Overall,75,99,ReRZV_1d,2024,1,dC_Vac,114.95639637605252,114.95640266787329,114.95602551242992,114.95669760335585
Overall,75,99,ReRZV_1d,2024,1,dC_All,102.9465855483452,103.02638325005415,100.2950058735636,105.08082278140434
Overall,75,99,ReRZV_1d,2024,1,dC_Hosp_d,-6.0811748423532705,-5.9994754961693015,-8.022002804366181,-4.494018069136399
Overall,75,99,ReRZV_1d,2024,1,dC_GP_NonPHN_d,-4.183498879687873,-4.169643065579626,-4.771987298881062,-3.6665265298732224
Overall,75,99,ReRZV_1d,2024,1,dC_GP_PHN_d,-1.7451371056661829,-1.737267421039461,-2.0865597022182287,-1.4499345683903522
Overall,75,99,ReRZV_1d,2024,1,dC_GP_d,-5.928635985354056,-5.8989765901533815,-6.787514053291049,-5.183290851330334
Overall,75,99,ReRZV_1d,2024,1,dC_Med_d,-12.009810827707327,-11.930084436760719,-14.661477844795876,-9.875486939279224
Overall,75,99,ReRZV_1d,2024,1,dC_VacZVL_d,110,110,110,110
Overall,75,99,ReRZV_1d,2024,1,dC_VacRZV_d,4.956396376052527,4.956402667873297,4.956025512429911,4.956697603355851
Overall,75,99,ReRZV_1d,2024,1,dC_Vac_d,114.95639637605252,114.95640266787329,114.95602551242992,114.95669760335585
Overall,75,99,ReRZV_1d,2024,1,dC_All_d,102.9465855483452,103.02638325005415,100.2950058735636,105.08082278140434
Overall,75,99,ReRZV_1d,2024,1,dN_VacZVL,1,1,1,1
Overall,75,99,ReRZV_1d,2024,1,dN_VacRZV,0.058310545600617956,0.05831061962203878,0.05830618249917543,0.058314089451245305
Overall,75,99,ReRZV_1d,2024,1,dN_VacZVL_d,1,1,1,1
Overall,75,99,ReRZV_1d,2024,1,dN_VacRZV_d,0.058310545600617956,0.05831061962203878,0.05830618249917543,0.058314089451245305
Overall,75,99,ReRZV_1d,2024,1,ICER,19150.63449835311,19086.26964357411,15545.95124488441,23109.082151568156
Overall,75,99,ReRZV_1d,2024,1,Price0,85,85,84.99999999999999,85.00000000000001
Overall,75,99,ReRZV_1d,2024,1,Thres20,2067.861923879481,2056.681586241541,1729.3883112677684,2465.7932615380155
Overall,75,99,ReRZV_1d,2024,1,Thres30,2998.8115204153864,2983.9677696193685,2509.4802444392226,3579.152824158047
Overall,75,99,ReRZV_1d,2024,1,Thres20_50,NA,2056.681586241541,NA,NA
Overall,75,99,ReRZV_1d,2024,1,Thres30_90,NA,2647.0672857851036,NA,NA
Overall,75,99,ReRZV_1d,2024,1,Thres,NA,2056.681586241541,NA,NA
Overall,75,99,ReRZV_2d,2024,1,N0,1,1,1,1
Overall,75,99,ReRZV_2d,2024,1,dYear_Life,1.9574231194487002e-4,1.9424379898591582e-4,1.539155661459457e-4,2.4682982590817915e-4
Overall,75,99,ReRZV_2d,2024,1,dYear_Immunised,4.10263251084901,4.093647071664286,3.621358971000612,4.643814296387219
Overall,75,99,ReRZV_2d,2024,1,dRisk_HZ,-0.03750126480778306,-0.03731598308478384,-0.04281973511020567,-0.03283771487463912
Overall,75,99,ReRZV_2d,2024,1,dRisk_Hosp,-0.00148059278122039,-0.0014669023240328747,-0.0019216261992297157,-0.0011180225034225593
Overall,75,99,ReRZV_2d,2024,1,dRisk_PHN,-0.003179922645710162,-0.0031589640741827383,-0.003777631267292702,-0.002671153247018561
Overall,75,99,ReRZV_2d,2024,1,dRisk_Death,-2.6440695481019567e-5,-2.6201851527687584e-5,-3.49077019588304e-5,-1.976319875753882e-5
Overall,75,99,ReRZV_2d,2024,1,dQ_Life,1.3626776495551774e-4,1.3519820206475686e-4,1.0747061075924159e-4,1.7099825277342432e-4
Overall,75,99,ReRZV_2d,2024,1,dQ_HZ,0.005294196144493795,0.005263247289543203,0.004392589882497689,0.006327611361720315
Overall,75,99,ReRZV_2d,2024,1,dQ_HZ_Norm,0.0017137834451651111,0.0017068139965791581,0.0014264780018468177,0.0020420902377979175
Overall,75,99,ReRZV_2d,2024,1,dQ_All,0.005429072458438782,0.0053969246394940384,0.004516896244432367,0.006490840873199088
Overall,75,99,ReRZV_2d,2024,1,dQ_HZ_d,0.005294196144493795,0.005263247289543203,0.004392589882497689,0.006327611361720315
Overall,75,99,ReRZV_2d,2024,1,dQ_HZ_Norm_d,0.0017137834451651111,0.0017068139965791581,0.0014264780018468177,0.0020420902377979175
Overall,75,99,ReRZV_2d,2024,1,dQ_Life_d,1.3626776495551774e-4,1.3519820206475686e-4,1.0747061075924159e-4,1.7099825277342432e-4
Overall,75,99,ReRZV_2d,2024,1,dQ_All_d,0.005430463909449317,0.005398313303186519,0.004517994409381742,0.006492541884414837
Overall,75,99,ReRZV_2d,2024,1,dC_Hosp,-6.088068054841248,-6.003593638009351,-8.023205772448504,-4.499477287450582
Overall,75,99,ReRZV_2d,2024,1,dC_GP_NonPHN,-4.184699569465813,-4.17040554736358,-4.773770016460664,-3.667061982022053
Overall,75,99,ReRZV_2d,2024,1,dC_GP_PHN,-1.745583825430367,-1.73770593415821,-2.0870220943154467,-1.450210765290891
Overall,75,99,ReRZV_2d,2024,1,dC_GP,-5.93028339489618,-5.900578612624289,-6.7879597267241065,-5.185037057437882
Overall,75,99,ReRZV_2d,2024,1,dC_Med,-12.018351449737429,-11.936161045287488,-14.673082214784017,-9.88121832445952
Overall,75,99,ReRZV_2d,2024,1,dC_VacZVL,110,110,110,110
Overall,75,99,ReRZV_2d,2024,1,dC_VacRZV,9.912792752105053,9.912805335746594,9.912051024859823,9.913395206711701
Overall,75,99,ReRZV_2d,2024,1,dC_Vac,119.91279275210505,119.91280533574658,119.91205102485982,119.9133952067117
Overall,75,99,ReRZV_2d,2024,1,dC_All,107.89444130236762,107.9767077292998,105.23961296806662,110.03140111690763
Overall,75,99,ReRZV_2d,2024,1,dC_Hosp_d,-6.088068054841248,-6.003593638009351,-8.023205772448504,-4.499477287450582
Overall,75,99,ReRZV_2d,2024,1,dC_GP_NonPHN_d,-4.184699569465813,-4.17040554736358,-4.773770016460664,-3.667061982022053
Overall,75,99,ReRZV_2d,2024,1,dC_GP_PHN_d,-1.745583825430367,-1.73770593415821,-2.0870220943154467,-1.450210765290891
Overall,75,99,ReRZV_2d,2024,1,dC_GP_d,-5.93028339489618,-5.900578612624289,-6.7879597267241065,-5.185037057437882
Overall,75,99,ReRZV_2d,2024,1,dC_Med_d,-12.018351449737429,-11.936161045287488,-14.673082214784017,-9.88121832445952
Overall,75,99,ReRZV_2d,2024,1,dC_VacZVL_d,110,110,110,110
Overall,75,99,ReRZV_2d,2024,1,dC_VacRZV_d,9.912792752105053,9.912805335746594,9.912051024859823,9.913395206711701
Overall,75,99,ReRZV_2d,2024,1,dC_Vac_d,119.91279275210505,119.91280533574658,119.91205102485982,119.9133952067117
Overall,75,99,ReRZV_2d,2024,1,dC_All_d,107.89444130236762,107.9767077292998,105.23961296806662,110.03140111690763
Overall,75,99,ReRZV_2d,2024,1,dN_VacZVL,1,1,1,1
Overall,75,99,ReRZV_2d,2024,1,dN_VacRZV,0.11662109120123591,0.11662123924407757,0.11661236499835086,0.11662817890249061
Overall,75,99,ReRZV_2d,2024,1,dN_VacZVL_d,1,1,1,1
Overall,75,99,ReRZV_2d,2024,1,dN_VacRZV_d,0.11662109120123591,0.11662123924407757,0.11661236499835086,0.11662817890249061
Overall,75,99,ReRZV_2d,2024,1,ICER,20062.723988023274,19987.74373420948,16308.380047218843,24185.581755528678
Overall,75,99,ReRZV_2d,2024,1,Price0,85,85,84.99999999999999,85.00000000000001
Overall,75,99,ReRZV_2d,2024,1,Thres20,1034.3543906799955,1028.8158867212499,865.1517893029778,1233.2183961359463
Overall,75,99,ReRZV_2d,2024,1,Thres30,1500.0042863720942,1492.3947956267477,1255.2809803089658,1789.9318023800026
Overall,75,99,ReRZV_2d,2024,1,Thres20_50,NA,1028.8158867212499,NA,NA
Overall,75,99,ReRZV_2d,2024,1,Thres30_90,NA,1323.682382781988,NA,NA
Overall,75,99,ReRZV_2d,2024,1,Thres,NA,1028.8158867212499,NA,NA
Overall,75,NA,Vac,2024,1,N0,1,1,1,1
Overall,75,NA,Vac,2024,1,dYear_Life,1.947831869565917e-4,1.932947268175056e-4,1.5290871854598543e-4,2.456744275184608e-4
Overall,75,NA,Vac,2024,1,dYear_Immunised,4.042293187600402,4.032627367740899,3.558660147232599,4.586326506095596
Overall,75,NA,Vac,2024,1,dRisk_HZ,-0.0369951967589882,-0.03680676564054243,-0.042325525803950825,-0.032319878768614
Overall,75,NA,Vac,2024,1,dRisk_Hosp,-0.0014218749071745348,-0.001407470853530162,-0.0018575260485007362,-0.0010622123046750266
Overall,75,NA,Vac,2024,1,dRisk_PHN,-0.0031416491985502668,-0.0031202680155736737,-0.003738146402767137,-0.0026296869694222872
Overall,75,NA,Vac,2024,1,dRisk_Death,-2.4851994458647404e-5,-2.456402438058577e-5,-3.332930409292194e-5,-1.8144661307458258e-5
Overall,75,NA,Vac,2024,1,dQ_Life,1.3596210198086478e-4,1.348875591657972e-4,1.071461791692041e-4,1.706914233805534e-4
Overall,75,NA,Vac,2024,1,dQ_HZ,0.005240265009352709,0.0052090948653432095,0.004347098159639377,0.006270947120221546
Overall,75,NA,Vac,2024,1,dQ_HZ_Norm,0.0016999438809823704,0.001693260468674461,0.0014152925700638456,0.002028189773265495
Overall,75,NA,Vac,2024,1,dQ_All,0.005375141323297706,0.005344508929648661,0.004465034759581243,0.006433770831469765
Overall,75,NA,Vac,2024,1,dQ_HZ_d,0.005240265009352709,0.0052090948653432095,0.004347098159639377,0.006270947120221546
Overall,75,NA,Vac,2024,1,dQ_HZ_Norm_d,0.0016999438809823704,0.001693260468674461,0.0014152925700638456,0.002028189773265495
Overall,75,NA,Vac,2024,1,dQ_Life_d,1.3596210198086478e-4,1.348875591657972e-4,1.071461791692041e-4,1.706914233805534e-4
Overall,75,NA,Vac,2024,1,dQ_All_d,0.005376227111333533,0.005345357533075301,0.004465792959675197,0.0064351747961374885
Overall,75,NA,Vac,2024,1,dC_Hosp,-5.904923361348377,-5.825081268783432,-7.8331201295393145,-4.322239643700012
Overall,75,NA,Vac,2024,1,dC_GP_NonPHN,-4.152769015354487,-4.137161202627613,-4.741896835063357,-3.6334097218725248
Overall,75,NA,Vac,2024,1,dC_GP_PHN,-1.733662795025472,-1.725121471509339,-2.07578336952532,-1.4416331398348945
Overall,75,NA,Vac,2024,1,dC_GP,-5.886431810379959,-5.857058627897243,-6.743111723374168,-5.139142067852053
Overall,75,NA,Vac,2024,1,dC_Med,-11.791355171728336,-11.707552593722308,-14.430037760474875,-9.647395216913013
Overall,75,NA,Vac,2024,1,dC_VacZVL,110,110,110,110
Overall,75,NA,Vac,2024,1,dC_VacRZV,0,0,0,0
Overall,75,NA,Vac,2024,1,dC_Vac,110,110,110,110
Overall,75,NA,Vac,2024,1,dC_All,98.20864482827166,98.2924474062777,95.56996223952514,100.352604783087
Overall,75,NA,Vac,2024,1,dC_Hosp_d,-5.904923361348377,-5.825081268783432,-7.8331201295393145,-4.322239643700012
Overall,75,NA,Vac,2024,1,dC_GP_NonPHN_d,-4.152769015354487,-4.137161202627613,-4.741896835063357,-3.6334097218725248
Overall,75,NA,Vac,2024,1,dC_GP_PHN_d,-1.733662795025472,-1.725121471509339,-2.07578336952532,-1.4416331398348945
Overall,75,NA,Vac,2024,1,dC_GP_d,-5.886431810379959,-5.857058627897243,-6.743111723374168,-5.139142067852053
Overall,75,NA,Vac,2024,1,dC_Med_d,-11.791355171728336,-11.707552593722308,-14.430037760474875,-9.647395216913013
Overall,75,NA,Vac,2024,1,dC_VacZVL_d,110,110,110,110
Overall,75,NA,Vac,2024,1,dC_VacRZV_d,0,0,0,0
Overall,75,NA,Vac,2024,1,dC_Vac_d,110,110,110,110
Overall,75,NA,Vac,2024,1,dC_All_d,98.20864482827166,98.2924474062777,95.56996223952514,100.352604783087
Overall,75,NA,Vac,2024,1,dN_VacZVL,1,1,1,1
Overall,75,NA,Vac,2024,1,dN_VacRZV,0,0,0,0
Overall,75,NA,Vac,2024,1,dN_VacZVL_d,1,1,1,1
Overall,75,NA,Vac,2024,1,dN_VacRZV_d,0,0,0,0
Overall,75,NA,Vac,2024,1,ICER,18449.419789338644,18390.29424991592,14931.372980156013,22301.008392963588
Overall,75,NA,Vac,2024,1,Price0,NA,NA,NA,NA
Overall,75,NA,Vac,2024,1,Thres20,Inf,Inf,Inf,Inf
Overall,75,NA,Vac,2024,1,Thres30,Inf,Inf,Inf,Inf
Overall,75,NA,Vac,2024,1,Thres20_50,NA,Inf,NA,NA
Overall,75,NA,Vac,2024,1,Thres30_90,NA,Inf,NA,NA
Overall,75,NA,Vac,2024,1,Thres,NA,Inf,NA,NA
Second_80,70,80,ReRZV_1d,2024,0.8077861308578528,N0,0.8077861308578528,0.8077861308578528,0.8077861308578528,0.8077861308578528
Second_80,70,80,ReRZV_1d,2024,0.8077861308578528,dYear_Life,5.280999001672205e-4,5.289207142697276e-4,4.076076832045126e-4,6.489544050944394e-4
Second_80,70,80,ReRZV_1d,2024,0.8077861308578528,dYear_Immunised,6.503304741460947,6.552955032111356,5.175638406415756,7.480753924627359
Second_80,70,80,ReRZV_1d,2024,0.8077861308578528,dRisk_HZ,-0.07903931043541194,-0.07966288661443825,-0.0911182394378362,-0.06329087800999335
Second_80,70,80,ReRZV_1d,2024,0.8077861308578528,dRisk_Hosp,-0.0052626547134426134,-0.0052413718587788465,-0.0065707589105379,-0.004105293474687936
Second_80,70,80,ReRZV_1d,2024,0.8077861308578528,dRisk_PHN,-0.007130996223911267,-0.007162396654252641,-0.008490079241159501,-0.005613407995459692
Second_80,70,80,ReRZV_1d,2024,0.8077861308578528,dRisk_Death,-1.2430962902648928e-4,-1.243376588218578e-4,-1.5415640562690594e-4,-9.462959864098237e-5
Second_80,70,80,ReRZV_1d,2024,0.8077861308578528,dQ_Life,3.575335453675546e-4,3.5827716633180645e-4,2.7669997271538663e-4,4.391611447985522e-4
Second_80,70,80,ReRZV_1d,2024,0.8077861308578528,dQ_HZ,0.00927487409169237,0.009277178529859995,0.007200195422683667,0.011340659719956025
Second_80,70,80,ReRZV_1d,2024,0.8077861308578528,dQ_HZ_Norm,0.0027432434773215046,0.002741433584055469,0.002117326667900225,0.003392603326106881
Second_80,70,80,ReRZV_1d,2024,0.8077861308578528,dQ_All,0.009625026762030706,0.00963457013007531,0.007483942285891878,0.011722594807986113
Second_80,70,80,ReRZV_1d,2024,0.8077861308578528,dQ_HZ_d,0.00927487409169237,0.009277178529859995,0.007200195422683667,0.011340659719956025
Second_80,70,80,ReRZV_1d,2024,0.8077861308578528,dQ_HZ_Norm_d,0.0027432434773215046,0.002741433584055469,0.002117326667900225,0.003392603326106881
Second_80,70,80,ReRZV_1d,2024,0.8077861308578528,dQ_Life_d,3.575335453675546e-4,3.5827716633180645e-4,2.7669997271538663e-4,4.391611447985522e-4
Second_80,70,80,ReRZV_1d,2024,0.8077861308578528,dQ_All_d,0.009632407637059909,0.009642479939545026,0.007490551995821307,0.011729609242408056
Second_80,70,80,ReRZV_1d,2024,0.8077861308578528,dC_Hosp,-18.13095355533781,-18.053491978918068,-22.929790157430457,-13.97868884534085
Second_80,70,80,ReRZV_1d,2024,0.8077861308578528,dC_GP_NonPHN,-6.632517080003558,-6.69315319668717,-7.659931442287088,-5.281170217401209
Second_80,70,80,ReRZV_1d,2024,0.8077861308578528,dC_GP_PHN,-2.9655722651460414,-2.967834829417589,-3.5577924154997516,-2.3235697610175157
Second_80,70,80,ReRZV_1d,2024,0.8077861308578528,dC_GP,-9.5980893451496,-9.657910653575655,-11.108320541650444,-7.671253096953528
Second_80,70,80,ReRZV_1d,2024,0.8077861308578528,dC_Med,-27.72904290048741,-27.740476570731946,-33.48234837540616,-22.047017284996183
Second_80,70,80,ReRZV_1d,2024,0.8077861308578528,dC_VacZVL,0,0,0,0
Second_80,70,80,ReRZV_1d,2024,0.8077861308578528,dC_VacRZV,85,85,84.99999999999999,85.00000000000001
Second_80,70,80,ReRZV_1d,2024,0.8077861308578528,dC_Vac,85,85,84.99999999999999,85.00000000000001
Second_80,70,80,ReRZV_1d,2024,0.8077861308578528,dC_All,57.27095709951259,57.25952342926805,51.51765162459384,62.95298271500382
Second_80,70,80,ReRZV_1d,2024,0.8077861308578528,dC_Hosp_d,-18.13095355533781,-18.053491978918068,-22.929790157430457,-13.97868884534085
Second_80,70,80,ReRZV_1d,2024,0.8077861308578528,dC_GP_NonPHN_d,-6.632517080003558,-6.69315319668717,-7.659931442287088,-5.281170217401209
Second_80,70,80,ReRZV_1d,2024,0.8077861308578528,dC_GP_PHN_d,-2.9655722651460414,-2.967834829417589,-3.5577924154997516,-2.3235697610175157
Second_80,70,80,ReRZV_1d,2024,0.8077861308578528,dC_GP_d,-9.5980893451496,-9.657910653575655,-11.108320541650444,-7.671253096953528
Second_80,70,80,ReRZV_1d,2024,0.8077861308578528,dC_Med_d,-27.72904290048741,-27.740476570731946,-33.48234837540616,-22.047017284996183
Second_80,70,80,ReRZV_1d,2024,0.8077861308578528,dC_VacZVL_d,0,0,0,0
Second_80,70,80,ReRZV_1d,2024,0.8077861308578528,dC_VacRZV_d,85,85,84.99999999999999,85.00000000000001
Second_80,70,80,ReRZV_1d,2024,0.8077861308578528,dC_Vac_d,85,85,84.99999999999999,85.00000000000001
Second_80,70,80,ReRZV_1d,2024,0.8077861308578528,dC_All_d,57.27095709951259,57.25952342926805,51.51765162459384,62.95298271500382
Second_80,70,80,ReRZV_1d,2024,0.8077861308578528,dN_VacZVL,0,0,0,0
Second_80,70,80,ReRZV_1d,2024,0.8077861308578528,dN_VacRZV,1,1,1,1
Second_80,70,80,ReRZV_1d,2024,0.8077861308578528,dN_VacZVL_d,0,0,0,0
Second_80,70,80,ReRZV_1d,2024,0.8077861308578528,dN_VacRZV_d,1,1,1,1
Second_80,70,80,ReRZV_1d,2024,0.8077861308578528,ICER,6047.401295603916,5902.178908675776,4547.18539687652,8356.520927267393
Second_80,70,80,ReRZV_1d,2024,0.8077861308578528,Price0,85,85,84.99999999999999,85.00000000000001
Second_80,70,80,ReRZV_1d,2024,0.8077861308578528,Thres20,220.37719564168557,220.4854853985888,172.2112082324835,264.69437237091273
Second_80,70,80,ReRZV_1d,2024,0.8077861308578528,Thres30,316.7012720122847,317.22742215756966,247.70855723852597,382.03787861407534
Second_80,70,80,ReRZV_1d,2024,0.8077861308578528,Thres20_50,NA,220.4854853985888,NA,NA
Second_80,70,80,ReRZV_1d,2024,0.8077861308578528,Thres30_90,NA,272.8473740643599,NA,NA
Second_80,70,80,ReRZV_1d,2024,0.8077861308578528,Thres,NA,220.4854853985888,NA,NA
Second_80,70,80,ReRZV_2d,2024,0.8077861308578528,N0,0.8077861308578528,0.8077861308578528,0.8077861308578528,0.8077861308578528
Second_80,70,80,ReRZV_2d,2024,0.8077861308578528,dYear_Life,5.511011075619943e-4,5.512087549721568e-4,4.4198628675617193e-4,6.675432072867369e-4
Second_80,70,80,ReRZV_2d,2024,0.8077861308578528,dYear_Immunised,6.789650808192944,6.810006245799379,5.753322214760176,7.648368063414797
Second_80,70,80,ReRZV_2d,2024,0.8077861308578528,dRisk_HZ,-0.08252040129341061,-0.08274899540317332,-0.09346602465409201,-0.06977377248724903
Second_80,70,80,ReRZV_2d,2024,0.8077861308578528,dRisk_Hosp,-0.0054915030219955625,-0.0054814042288161,-0.006794736915465565,-0.004346063512034379
Second_80,70,80,ReRZV_2d,2024,0.8077861308578528,dRisk_PHN,-0.00744475211754624,-0.007466338557620119,-0.008706685966630465,-0.006217760565781429
Second_80,70,80,ReRZV_2d,2024,0.8077861308578528,dRisk_Death,-1.296635915275302e-4,-1.2950530095936062e-4,-1.5992018145198655e-4,-1.0187014674039833e-4
Second_80,70,80,ReRZV_2d,2024,0.8077861308578528,dQ_Life,3.7312206442301313e-4,3.731627835481353e-4,2.9932857334820834e-4,4.5090605761723666e-4
Second_80,70,80,ReRZV_2d,2024,0.8077861308578528,dQ_HZ,0.00968298923257163,0.00966097533188386,0.00781657463425748,0.011700299618138838
Second_80,70,80,ReRZV_2d,2024,0.8077861308578528,dQ_HZ_Norm,0.0028642671850869616,0.0028544928241347484,0.0022982096128121797,0.0034925764351248275
Second_80,70,80,ReRZV_2d,2024,0.8077861308578528,dQ_All,0.010048418346424759,0.01003018344338854,0.008137091630874988,0.012088826904392162
Second_80,70,80,ReRZV_2d,2024,0.8077861308578528,dQ_HZ_d,0.00968298923257163,0.00966097533188386,0.00781657463425748,0.011700299618138838
Second_80,70,80,ReRZV_2d,2024,0.8077861308578528,dQ_HZ_Norm_d,0.0028642671850869616,0.0028544928241347484,0.0022982096128121797,0.0034925764351248275
Second_80,70,80,ReRZV_2d,2024,0.8077861308578528,dQ_Life_d,3.7312206442301313e-4,3.731627835481353e-4,2.9932857334820834e-4,4.5090605761723666e-4
Second_80,70,80,ReRZV_2d,2024,0.8077861308578528,dQ_All_d,0.01005611129699463,0.010037568298176806,0.00814447879434291,0.012096574206785041
Second_80,70,80,ReRZV_2d,2024,0.8077861308578528,dC_Hosp,-18.917752403240158,-18.81786067628309,-23.559051045178805,-14.808504281958376
Second_80,70,80,ReRZV_2d,2024,0.8077861308578528,dC_GP_NonPHN,-6.924896538398712,-6.9448954615908605,-7.8433940982987,-5.854165872857851
Second_80,70,80,ReRZV_2d,2024,0.8077861308578528,dC_GP_PHN,-3.096134646347678,-3.0892983348387455,-3.6541883873249654,-2.5395923094422925
Second_80,70,80,ReRZV_2d,2024,0.8077861308578528,dC_GP,-10.02103118474639,-10.045491759220287,-11.367112404001062,-8.464935022587186
Second_80,70,80,ReRZV_2d,2024,0.8077861308578528,dC_Med,-28.93878358798655,-28.844777297051785,-34.442702666099656,-23.68172809945388
Second_80,70,80,ReRZV_2d,2024,0.8077861308578528,dC_VacZVL,0,0,0,0
Second_80,70,80,ReRZV_2d,2024,0.8077861308578528,dC_VacRZV,170,170,169.99999999999997,170.00000000000003
Second_80,70,80,ReRZV_2d,2024,0.8077861308578528,dC_Vac,170,170,169.99999999999997,170.00000000000003
Second_80,70,80,ReRZV_2d,2024,0.8077861308578528,dC_All,141.06121641201347,141.1552227029482,135.5572973339003,146.3182719005461
Second_80,70,80,ReRZV_2d,2024,0.8077861308578528,dC_Hosp_d,-18.917752403240158,-18.81786067628309,-23.559051045178805,-14.808504281958376
Second_80,70,80,ReRZV_2d,2024,0.8077861308578528,dC_GP_NonPHN_d,-6.924896538398712,-6.9448954615908605,-7.8433940982987,-5.854165872857851
Second_80,70,80,ReRZV_2d,2024,0.8077861308578528,dC_GP_PHN_d,-3.096134646347678,-3.0892983348387455,-3.6541883873249654,-2.5395923094422925
Second_80,70,80,ReRZV_2d,2024,0.8077861308578528,dC_GP_d,-10.02103118474639,-10.045491759220287,-11.367112404001062,-8.464935022587186
Second_80,70,80,ReRZV_2d,2024,0.8077861308578528,dC_Med_d,-28.93878358798655,-28.844777297051785,-34.442702666099656,-23.68172809945388
Second_80,70,80,ReRZV_2d,2024,0.8077861308578528,dC_VacZVL_d,0,0,0,0
Second_80,70,80,ReRZV_2d,2024,0.8077861308578528,dC_VacRZV_d,170,170,169.99999999999997,170.00000000000003
Second_80,70,80,ReRZV_2d,2024,0.8077861308578528,dC_Vac_d,170,170,169.99999999999997,170.00000000000003
Second_80,70,80,ReRZV_2d,2024,0.8077861308578528,dC_All_d,141.06121641201347,141.1552227029482,135.5572973339003,146.3182719005461
Second_80,70,80,ReRZV_2d,2024,0.8077861308578528,dN_VacZVL,0,0,0,0
Second_80,70,80,ReRZV_2d,2024,0.8077861308578528,dN_VacRZV,2,2,2,2
Second_80,70,80,ReRZV_2d,2024,0.8077861308578528,dN_VacZVL_d,0,0,0,0
Second_80,70,80,ReRZV_2d,2024,0.8077861308578528,dN_VacRZV_d,2,2,2,2
Second_80,70,80,ReRZV_2d,2024,0.8077861308578528,ICER,14184.137135769297,14014.552449252356,11389.407232801235,17818.432071632713
Second_80,70,80,ReRZV_2d,2024,0.8077861308578528,Price0,85,85,84.99999999999999,85.00000000000001
Second_80,70,80,ReRZV_2d,2024,0.8077861308578528,Thres20,115.03050476393958,115.11789272330958,93.80695591381622,137.1410680587941
Second_80,70,80,ReRZV_2d,2024,0.8077861308578528,Thres30,165.31106124891272,165.24700288664144,134.7795309773991,197.47300686254474
Second_80,70,80,ReRZV_2d,2024,0.8077861308578528,Thres20_50,NA,115.11789272330958,NA,NA
Second_80,70,80,ReRZV_2d,2024,0.8077861308578528,Thres30_90,NA,145.5119802403931,NA,NA
Second_80,70,80,ReRZV_2d,2024,0.8077861308578528,Thres,NA,115.11789272330958,NA,NA
Second_80,75,80,ReRZV_1d,2024,0.8863228055727066,N0,0.8863228055727066,0.8863228055727066,0.8863228055727066,0.8863228055727066
Second_80,75,80,ReRZV_1d,2024,0.8863228055727066,dYear_Life,4.720770798791802e-4,4.730674268999839e-4,3.5271689156914153e-4,5.867903765909639e-4
Second_80,75,80,ReRZV_1d,2024,0.8863228055727066,dYear_Immunised,5.72508004768074,5.778105002827616,4.382537493700138,6.695404204615949
Second_80,75,80,ReRZV_1d,2024,0.8863228055727066,dRisk_HZ,-0.0633575141106552,-0.0638519234828323,-0.07432687197030155,-0.04899964958265861
Second_80,75,80,ReRZV_1d,2024,0.8863228055727066,dRisk_Hosp,-0.004311048267554134,-0.0042983195317233365,-0.005449141668326125,-0.003274830123333517
Second_80,75,80,ReRZV_1d,2024,0.8863228055727066,dRisk_PHN,-0.005707780148529378,-0.005730376991639625,-0.006918742879760728,-0.004352320940704881
Second_80,75,80,ReRZV_1d,2024,0.8863228055727066,dRisk_Death,-1.0313358055859304e-4,-1.0331521327643268e-4,-1.299847799569438e-4,-7.686102806495636e-5
Second_80,75,80,ReRZV_1d,2024,0.8863228055727066,dQ_Life,3.1905843333715337e-4,3.1974892011373365e-4,2.3802027872420396e-4,3.963547101782248e-4
Second_80,75,80,ReRZV_1d,2024,0.8863228055727066,dQ_HZ,0.008180043931573117,0.008198493447433477,0.006188973941566502,0.010112804932722163
Second_80,75,80,ReRZV_1d,2024,0.8863228055727066,dQ_HZ_Norm,0.0024105178929340054,0.0024115060710418515,0.0018087390613960896,0.0030138083008135934
Second_80,75,80,ReRZV_1d,2024,0.8863228055727066,dQ_All,0.008492166349751563,0.00850508139138536,0.006424552067207611,0.010471976787156792
Second_80,75,80,ReRZV_1d,2024,0.8863228055727066,dQ_HZ_d,0.008180043931573117,0.008198493447433477,0.006188973941566502,0.010112804932722163
Second_80,75,80,ReRZV_1d,2024,0.8863228055727066,dQ_HZ_Norm_d,0.0024105178929340054,0.0024115060710418515,0.0018087390613960896,0.0030138083008135934
Second_80,75,80,ReRZV_1d,2024,0.8863228055727066,dQ_Life_d,3.1905843333715337e-4,3.1974892011373365e-4,2.3802027872420396e-4,3.963547101782248e-4
Second_80,75,80,ReRZV_1d,2024,0.8863228055727066,dQ_All_d,0.008499102364910286,0.008511457256175766,0.0064295751942884385,0.01047958351404309
Second_80,75,80,ReRZV_1d,2024,0.8863228055727066,dC_Hosp,-16.343107037355832,-16.270275847584465,-20.956487360090765,-12.290209629994022
Second_80,75,80,ReRZV_1d,2024,0.8863228055727066,dC_GP_NonPHN,-5.823636502596849,-5.879446459627287,-6.846466983068275,-4.476508407433831
Second_80,75,80,ReRZV_1d,2024,0.8863228055727066,dC_GP_PHN,-2.599981503230297,-2.6073029261531446,-3.170173151871424,-1.9718317153680778
Second_80,75,80,ReRZV_1d,2024,0.8863228055727066,dC_GP,-8.423618005827146,-8.486607509351511,-9.895429574432235,-6.490824999948675
Second_80,75,80,ReRZV_1d,2024,0.8863228055727066,dC_Med,-24.76672504318298,-24.796069696085105,-30.346457652891722,-19.243947862929716
Second_80,75,80,ReRZV_1d,2024,0.8863228055727066,dC_VacZVL,0,0,0,0
Second_80,75,80,ReRZV_1d,2024,0.8863228055727066,dC_VacRZV,85,85,84.99999999999999,85.00000000000001
Second_80,75,80,ReRZV_1d,2024,0.8863228055727066,dC_Vac,85,85,84.99999999999999,85.00000000000001
Second_80,75,80,ReRZV_1d,2024,0.8863228055727066,dC_All,60.23327495681702,60.2039303039149,54.65354234710828,65.75605213707028
Second_80,75,80,ReRZV_1d,2024,0.8863228055727066,dC_Hosp_d,-16.343107037355832,-16.270275847584465,-20.956487360090765,-12.290209629994022
Second_80,75,80,ReRZV_1d,2024,0.8863228055727066,dC_GP_NonPHN_d,-5.823636502596849,-5.879446459627287,-6.846466983068275,-4.476508407433831
Second_80,75,80,ReRZV_1d,2024,0.8863228055727066,dC_GP_PHN_d,-2.599981503230297,-2.6073029261531446,-3.170173151871424,-1.9718317153680778
Second_80,75,80,ReRZV_1d,2024,0.8863228055727066,dC_GP_d,-8.423618005827146,-8.486607509351511,-9.895429574432235,-6.490824999948675
Second_80,75,80,ReRZV_1d,2024,0.8863228055727066,dC_Med_d,-24.76672504318298,-24.796069696085105,-30.346457652891722,-19.243947862929716
Second_80,75,80,ReRZV_1d,2024,0.8863228055727066,dC_VacZVL_d,0,0,0,0
Second_80,75,80,ReRZV_1d,2024,0.8863228055727066,dC_VacRZV_d,85,85,84.99999999999999,85.00000000000001
Second_80,75,80,ReRZV_1d,2024,0.8863228055727066,dC_Vac_d,85,85,84.99999999999999,85.00000000000001
Second_80,75,80,ReRZV_1d,2024,0.8863228055727066,dC_All_d,60.23327495681702,60.2039303039149,54.65354234710828,65.75605213707028
Second_80,75,80,ReRZV_1d,2024,0.8863228055727066,dN_VacZVL,0,0,0,0
Second_80,75,80,ReRZV_1d,2024,0.8863228055727066,dN_VacRZV,1,1,1,1
Second_80,75,80,ReRZV_1d,2024,0.8863228055727066,dN_VacZVL_d,0,0,0,0
Second_80,75,80,ReRZV_1d,2024,0.8863228055727066,dN_VacRZV_d,1,1,1,1
Second_80,75,80,ReRZV_1d,2024,0.8863228055727066,ICER,7228.741895400479,7043.309065622276,5375.474200354131,10182.790676349598
Second_80,75,80,ReRZV_1d,2024,0.8863228055727066,Price0,85,85,84.99999999999999,85.00000000000001
Second_80,75,80,ReRZV_1d,2024,0.8863228055727066,Thres20,194.74877234138867,195.31961510787517,147.99266942906303,238.13430933654664
Second_80,75,80,ReRZV_1d,2024,0.8863228055727066,Thres30,279.73979599049153,280.52528335367253,212.3223278145435,342.68640694844254
Second_80,75,80,ReRZV_1d,2024,0.8863228055727066,Thres20_50,NA,195.31961510787517,NA,NA
Second_80,75,80,ReRZV_1d,2024,0.8863228055727066,Thres30_90,NA,237.97975000814424,NA,NA
Second_80,75,80,ReRZV_1d,2024,0.8863228055727066,Thres,NA,195.31961510787517,NA,NA
Second_80,75,80,ReRZV_2d,2024,0.8863228055727066,N0,0.8863228055727066,0.8863228055727066,0.8863228055727066,0.8863228055727066
Second_80,75,80,ReRZV_2d,2024,0.8863228055727066,dYear_Life,4.950783066055176e-4,4.951239728757948e-4,3.8957767965400094e-4,6.074098452024209e-4
Second_80,75,80,ReRZV_2d,2024,0.8863228055727066,dYear_Immunised,6.011426354408587,6.023574523404516,4.996050526286361,6.885455885410768
Second_80,75,80,ReRZV_2d,2024,0.8863228055727066,dRisk_HZ,-0.0665301470606777,-0.06665352588220638,-0.07639957543491958,-0.05533095007425287
Second_80,75,80,ReRZV_2d,2024,0.8863228055727066,dRisk_Hosp,-0.004519618430153867,-0.004509888486778012,-0.005649955925725115,-0.0035139853462630316
Second_80,75,80,ReRZV_2d,2024,0.8863228055727066,dRisk_PHN,-0.005993734272900122,-0.006005447793066556,-0.007098169624620673,-0.00491496213199115
Second_80,75,80,ReRZV_2d,2024,0.8863228055727066,dRisk_Death,-1.080131308063089e-4,-1.0781348538461269e-4,-1.349982578965463e-4,-8.334828084853336e-5
Second_80,75,80,ReRZV_2d,2024,0.8863228055727066,dQ_Life,3.3464696549434265e-4,3.348208266740576e-4,2.637841113124306e-4,4.1040058992376235e-4
Second_80,75,80,ReRZV_2d,2024,0.8863228055727066,dQ_HZ,0.008588159414457617,0.008580296244884399,0.006835288121423126,0.01048681690848843
Second_80,75,80,ReRZV_2d,2024,0.8863228055727066,dQ_HZ_Norm,0.002531541702150891,0.0025251375991641443,0.001991183188670087,0.003128176890340011
Second_80,75,80,ReRZV_2d,2024,0.8863228055727066,dQ_All,0.008915558288990448,0.008910233222876205,0.007090813041605292,0.01082821468928835
Second_80,75,80,ReRZV_2d,2024,0.8863228055727066,dQ_HZ_d,0.008588159414457617,0.008580296244884399,0.006835288121423126,0.01048681690848843
Second_80,75,80,ReRZV_2d,2024,0.8863228055727066,dQ_HZ_Norm_d,0.002531541702150891,0.0025251375991641443,0.001991183188670087,0.003128176890340011
Second_80,75,80,ReRZV_2d,2024,0.8863228055727066,dQ_Life_d,3.3464696549434265e-4,3.348208266740576e-4,2.637841113124306e-4,4.1040058992376235e-4
Second_80,75,80,ReRZV_2d,2024,0.8863228055727066,dQ_All_d,0.008922806379951964,0.008917880810731913,0.007095953749773662,0.01083574584072881
Second_80,75,80,ReRZV_2d,2024,0.8863228055727066,dC_Hosp,-17.129906544316853,-17.047092889883828,-21.67474627456932,-13.173247971053012
Second_80,75,80,ReRZV_2d,2024,0.8863228055727066,dC_GP_NonPHN,-6.1160162060402925,-6.128453755345891,-7.014575470063637,-5.065864153792553
Second_80,75,80,ReRZV_2d,2024,0.8863228055727066,dC_GP_PHN,-2.7305439938228195,-2.727841629504365,-3.2619376365522705,-2.1961204872083
Second_80,75,80,ReRZV_2d,2024,0.8863228055727066,dC_GP,-8.846560199863113,-8.851913763281038,-10.173158419717714,-7.3280453489395985
Second_80,75,80,ReRZV_2d,2024,0.8863228055727066,dC_Med,-25.976466744179966,-25.885995729751457,-31.35437774413956,-20.87241717890119
Second_80,75,80,ReRZV_2d,2024,0.8863228055727066,dC_VacZVL,0,0,0,0
Second_80,75,80,ReRZV_2d,2024,0.8863228055727066,dC_VacRZV,170,170,169.99999999999997,170.00000000000003
Second_80,75,80,ReRZV_2d,2024,0.8863228055727066,dC_Vac,170,170,169.99999999999997,170.00000000000003
Second_80,75,80,ReRZV_2d,2024,0.8863228055727066,dC_All,144.02353325582004,144.11400427024856,138.64562225586045,149.12758282109877
Second_80,75,80,ReRZV_2d,2024,0.8863228055727066,dC_Hosp_d,-17.129906544316853,-17.047092889883828,-21.67474627456932,-13.173247971053012
Second_80,75,80,ReRZV_2d,2024,0.8863228055727066,dC_GP_NonPHN_d,-6.1160162060402925,-6.128453755345891,-7.014575470063637,-5.065864153792553
Second_80,75,80,ReRZV_2d,2024,0.8863228055727066,dC_GP_PHN_d,-2.7305439938228195,-2.727841629504365,-3.2619376365522705,-2.1961204872083
Second_80,75,80,ReRZV_2d,2024,0.8863228055727066,dC_GP_d,-8.846560199863113,-8.851913763281038,-10.173158419717714,-7.3280453489395985
Second_80,75,80,ReRZV_2d,2024,0.8863228055727066,dC_Med_d,-25.976466744179966,-25.885995729751457,-31.35437774413956,-20.87241717890119
Second_80,75,80,ReRZV_2d,2024,0.8863228055727066,dC_VacZVL_d,0,0,0,0
Second_80,75,80,ReRZV_2d,2024,0.8863228055727066,dC_VacRZV_d,170,170,169.99999999999997,170.00000000000003
Second_80,75,80,ReRZV_2d,2024,0.8863228055727066,dC_Vac_d,170,170,169.99999999999997,170.00000000000003
Second_80,75,80,ReRZV_2d,2024,0.8863228055727066,dC_All_d,144.02353325582004,144.11400427024856,138.64562225586045,149.12758282109877
Second_80,75,80,ReRZV_2d,2024,0.8863228055727066,dN_VacZVL,0,0,0,0
Second_80,75,80,ReRZV_2d,2024,0.8863228055727066,dN_VacRZV,2,2,2,2
Second_80,75,80,ReRZV_2d,2024,0.8863228055727066,dN_VacZVL_d,0,0,0,0
Second_80,75,80,ReRZV_2d,2024,0.8863228055727066,dN_VacRZV_d,2,2,2,2
Second_80,75,80,ReRZV_2d,2024,0.8863228055727066,ICER,16348.304615363037,16124.977439961458,12911.514818721404,20839.815329003883
Second_80,75,80,ReRZV_2d,2024,0.8863228055727066,Price0,85,85,84.99999999999999,85.00000000000001
Second_80,75,80,ReRZV_2d,2024,0.8863228055727066,Thres20,102.21629717160963,102.27432081297151,81.99778005694499,123.23339478205367
Second_80,75,80,ReRZV_2d,2024,0.8863228055727066,Thres30,146.83032907136945,146.9600043187803,117.75910379262822,177.29062542776495
Second_80,75,80,ReRZV_2d,2024,0.8863228055727066,Thres20_50,NA,102.27432081297151,NA,NA
Second_80,75,80,ReRZV_2d,2024,0.8863228055727066,Thres30_90,NA,127.78008882752168,NA,NA
Second_80,75,80,ReRZV_2d,2024,0.8863228055727066,Thres,NA,102.27432081297151,NA,NA
Second_81,70,81,ReRZV_1d,2024,0.7763482778040065,N0,0.7763482778040065,0.7763482778040065,0.7763482778040065,0.7763482778040065
Second_81,70,81,ReRZV_1d,2024,0.7763482778040065,dYear_Life,5.273248032961405e-4,5.28131403191881e-4,4.09132837816551e-4,6.47390284958511e-4
Second_81,70,81,ReRZV_1d,2024,0.7763482778040065,dYear_Immunised,6.204034564452994,6.25201802645134,4.964180663698981,7.097510976876171
Second_81,70,81,ReRZV_1d,2024,0.7763482778040065,dRisk_HZ,-0.07886959010490939,-0.07954348540833402,-0.0905707272139463,-0.06352446791156971
Second_81,70,81,ReRZV_1d,2024,0.7763482778040065,dRisk_Hosp,-0.005514191385827629,-0.0055012878485543384,-0.006898775742286512,-0.004285856470655504
Second_81,70,81,ReRZV_1d,2024,0.7763482778040065,dRisk_PHN,-0.007124848028291304,-0.00716984588870093,-0.008458641738565397,-0.005618031191647203
Second_81,70,81,ReRZV_1d,2024,0.7763482778040065,dRisk_Death,-1.3327905899162193e-4,-1.330590211268561e-4,-1.648312133424385e-4,-1.0232349706497344e-4
Second_81,70,81,ReRZV_1d,2024,0.7763482778040065,dQ_Life,3.5606375251656045e-4,3.565972526146076e-4,2.7689501739477056e-4,4.3699813722187077e-4
Second_81,70,81,ReRZV_1d,2024,0.7763482778040065,dQ_HZ,0.008910081536090136,0.008918022909797499,0.006938213433336096,0.010864328763402414
Second_81,70,81,ReRZV_1d,2024,0.7763482778040065,dQ_HZ_Norm,0.002611533052199758,0.0026127211059543244,0.0020270885701515196,0.0032359902249809724
Second_81,70,81,ReRZV_1d,2024,0.7763482778040065,dQ_All,0.009258391650747202,0.009274387151764608,0.0072213664218676536,0.011248145196195406
Second_81,70,81,ReRZV_1d,2024,0.7763482778040065,dQ_HZ_d,0.008910081536090136,0.008918022909797499,0.006938213433336096,0.010864328763402414
Second_81,70,81,ReRZV_1d,2024,0.7763482778040065,dQ_HZ_Norm_d,0.002611533052199758,0.0026127211059543244,0.0020270885701515196,0.0032359902249809724
Second_81,70,81,ReRZV_1d,2024,0.7763482778040065,dQ_Life_d,3.5606375251656045e-4,3.565972526146076e-4,2.7689501739477056e-4,4.3699813722187077e-4
Second_81,70,81,ReRZV_1d,2024,0.7763482778040065,dQ_All_d,0.009266145288606696,0.00928296109527666,0.007228939002657435,0.01125649033122973
Second_81,70,81,ReRZV_1d,2024,0.7763482778040065,dC_Hosp,-18.26003535636912,-18.177378730719433,-23.096109476842823,-14.09123173587802
Second_81,70,81,ReRZV_1d,2024,0.7763482778040065,dC_GP_NonPHN,-6.303802095193881,-6.361524588748504,-7.2557617772425225,-5.04340395649662
Second_81,70,81,ReRZV_1d,2024,0.7763482778040065,dC_GP_PHN,-2.8231649911553163,-2.8315038987404026,-3.3925849954316796,-2.2144657007672475
Second_81,70,81,ReRZV_1d,2024,0.7763482778040065,dC_GP,-9.126967086349199,-9.202789399733376,-10.503766727013064,-7.29888352609132
Second_81,70,81,ReRZV_1d,2024,0.7763482778040065,dC_Med,-27.387002442718316,-27.413547142325825,-32.910163546559176,-21.910863516797534
Second_81,70,81,ReRZV_1d,2024,0.7763482778040065,dC_VacZVL,0,0,0,0
Second_81,70,81,ReRZV_1d,2024,0.7763482778040065,dC_VacRZV,85,85,84.99999999999999,85.00000000000001
Second_81,70,81,ReRZV_1d,2024,0.7763482778040065,dC_Vac,85,85,84.99999999999999,85.00000000000001
Second_81,70,81,ReRZV_1d,2024,0.7763482778040065,dC_All,57.61299755728168,57.586452857674175,52.08983645344082,63.08913648320246
Second_81,70,81,ReRZV_1d,2024,0.7763482778040065,dC_Hosp_d,-18.26003535636912,-18.177378730719433,-23.096109476842823,-14.09123173587802
Second_81,70,81,ReRZV_1d,2024,0.7763482778040065,dC_GP_NonPHN_d,-6.303802095193881,-6.361524588748504,-7.2557617772425225,-5.04340395649662
Second_81,70,81,ReRZV_1d,2024,0.7763482778040065,dC_GP_PHN_d,-2.8231649911553163,-2.8315038987404026,-3.3925849954316796,-2.2144657007672475
Second_81,70,81,ReRZV_1d,2024,0.7763482778040065,dC_GP_d,-9.126967086349199,-9.202789399733376,-10.503766727013064,-7.29888352609132
Second_81,70,81,ReRZV_1d,2024,0.7763482778040065,dC_Med_d,-27.387002442718316,-27.413547142325825,-32.910163546559176,-21.910863516797534
Second_81,70,81,ReRZV_1d,2024,0.7763482778040065,dC_VacZVL_d,0,0,0,0
Second_81,70,81,ReRZV_1d,2024,0.7763482778040065,dC_VacRZV_d,85,85,84.99999999999999,85.00000000000001
Second_81,70,81,ReRZV_1d,2024,0.7763482778040065,dC_Vac_d,85,85,84.99999999999999,85.00000000000001
Second_81,70,81,ReRZV_1d,2024,0.7763482778040065,dC_All_d,57.61299755728168,57.586452857674175,52.08983645344082,63.08913648320246
Second_81,70,81,ReRZV_1d,2024,0.7763482778040065,dN_VacZVL,0,0,0,0
Second_81,70,81,ReRZV_1d,2024,0.7763482778040065,dN_VacRZV,1,1,1,1
Second_81,70,81,ReRZV_1d,2024,0.7763482778040065,dN_VacZVL_d,0,0,0,0
Second_81,70,81,ReRZV_1d,2024,0.7763482778040065,dN_VacRZV_d,1,1,1,1
Second_81,70,81,ReRZV_1d,2024,0.7763482778040065,ICER,6320.324295495129,6165.997034621331,4800.507223500968,8627.122612989095
Second_81,70,81,ReRZV_1d,2024,0.7763482778040065,Price0,85,85,84.99999999999999,85.00000000000001
Second_81,70,81,ReRZV_1d,2024,0.7763482778040065,Thres20,212.70990821485225,213.1213622837133,167.60583826766342,254.81749766611279
Second_81,70,81,ReRZV_1d,2024,0.7763482778040065,Thres30,305.3713611009192,306.17803430343224,240.04030673408516,367.58131172757925
Second_81,70,81,ReRZV_1d,2024,0.7763482778040065,Thres20_50,NA,213.1213622837133,NA,NA
Second_81,70,81,ReRZV_1d,2024,0.7763482778040065,Thres30_90,NA,264.06632345188024,NA,NA
Second_81,70,81,ReRZV_1d,2024,0.7763482778040065,Thres,NA,213.1213622837133,NA,NA
Second_81,70,81,ReRZV_2d,2024,0.7763482778040065,N0,0.7763482778040065,0.7763482778040065,0.7763482778040065,0.7763482778040065
Second_81,70,81,ReRZV_2d,2024,0.7763482778040065,dYear_Life,5.500166068204298e-4,5.495336664903161e-4,4.438652869584661e-4,6.654988195368151e-4
Second_81,70,81,ReRZV_2d,2024,0.7763482778040065,dYear_Immunised,6.473040039728048,6.495232252347134,5.52498215664852,7.2527754531981286
Second_81,70,81,ReRZV_2d,2024,0.7763482778040065,dRisk_HZ,-0.08229056939401175,-0.08254626267197823,-0.0925392201861159,-0.07013743372770011
Second_81,70,81,ReRZV_2d,2024,0.7763482778040065,dRisk_Hosp,-0.005751083288755772,-0.005745712423042287,-0.007112639905321565,-0.00457860868368892
Second_81,70,81,ReRZV_2d,2024,0.7763482778040065,dRisk_PHN,-0.007433522825712286,-0.007461622301143155,-0.008670843095964302,-0.006184353086100444
Second_81,70,81,ReRZV_2d,2024,0.7763482778040065,dRisk_Death,-1.3896388988159086e-4,-1.3885713105880323e-4,-1.7056917536352703e-4,-1.1019258869583193e-4
Second_81,70,81,ReRZV_2d,2024,0.7763482778040065,dQ_Life,3.713986917762371e-4,3.7098555861543863e-4,2.9972356303043635e-4,4.4848833679677063e-4
Second_81,70,81,ReRZV_2d,2024,0.7763482778040065,dQ_HZ,0.00929637263721381,0.009265475641662631,0.0075465650576567594,0.01121539718095322
Second_81,70,81,ReRZV_2d,2024,0.7763482778040065,dQ_HZ_Norm,0.0027249884152647,0.0027163927509973886,0.0021938990570836265,0.0033260981178043782
Second_81,70,81,ReRZV_2d,2024,0.7763482778040065,dQ_All,0.009659692045249245,0.009634491905147542,0.007875666505418493,0.011601607425934959
Second_81,70,81,ReRZV_2d,2024,0.7763482778040065,dQ_HZ_d,0.00929637263721381,0.009265475641662631,0.0075465650576567594,0.01121539718095322
Second_81,70,81,ReRZV_2d,2024,0.7763482778040065,dQ_HZ_Norm_d,0.0027249884152647,0.0027163927509973886,0.0021938990570836265,0.0033260981178043782
Second_81,70,81,ReRZV_2d,2024,0.7763482778040065,dQ_Life_d,3.713986917762371e-4,3.7098555861543863e-4,2.9972356303043635e-4,4.4848833679677063e-4
Second_81,70,81,ReRZV_2d,2024,0.7763482778040065,dQ_All_d,0.009667771328990058,0.009642676132385258,0.007883502556430201,0.011611550833615807
Second_81,70,81,ReRZV_2d,2024,0.7763482778040065,dC_Hosp,-19.04322484668331,-18.955168307777466,-23.650167095201454,-15.018463786001634
Second_81,70,81,ReRZV_2d,2024,0.7763482778040065,dC_GP_NonPHN,-6.5774316214502875,-6.597647731334864,-7.420035536818088,-5.609518742801646
Second_81,70,81,ReRZV_2d,2024,0.7763482778040065,dC_GP_PHN,-2.9455262427361033,-2.941797132816376,-3.485391872989192,-2.4351188596477598
Second_81,70,81,ReRZV_2d,2024,0.7763482778040065,dC_GP,-9.52295786418639,-9.543543382205844,-10.756753673388907,-8.076326760675347
Second_81,70,81,ReRZV_2d,2024,0.7763482778040065,dC_Med,-28.5661827108697,-28.509479242729803,-34.033761715883884,-23.600224942728847
Second_81,70,81,ReRZV_2d,2024,0.7763482778040065,dC_VacZVL,0,0,0,0
Second_81,70,81,ReRZV_2d,2024,0.7763482778040065,dC_VacRZV,170,170,169.99999999999997,170.00000000000003
Second_81,70,81,ReRZV_2d,2024,0.7763482778040065,dC_Vac,170,170,169.99999999999997,170.00000000000003
Second_81,70,81,ReRZV_2d,2024,0.7763482778040065,dC_All,141.4338172891303,141.49052075727022,135.96623828411612,146.39977505727117
Second_81,70,81,ReRZV_2d,2024,0.7763482778040065,dC_Hosp_d,-19.04322484668331,-18.955168307777466,-23.650167095201454,-15.018463786001634
Second_81,70,81,ReRZV_2d,2024,0.7763482778040065,dC_GP_NonPHN_d,-6.5774316214502875,-6.597647731334864,-7.420035536818088,-5.609518742801646
Second_81,70,81,ReRZV_2d,2024,0.7763482778040065,dC_GP_PHN_d,-2.9455262427361033,-2.941797132816376,-3.485391872989192,-2.4351188596477598
Second_81,70,81,ReRZV_2d,2024,0.7763482778040065,dC_GP_d,-9.52295786418639,-9.543543382205844,-10.756753673388907,-8.076326760675347
Second_81,70,81,ReRZV_2d,2024,0.7763482778040065,dC_Med_d,-28.5661827108697,-28.509479242729803,-34.033761715883884,-23.600224942728847
Second_81,70,81,ReRZV_2d,2024,0.7763482778040065,dC_VacZVL_d,0,0,0,0
Second_81,70,81,ReRZV_2d,2024,0.7763482778040065,dC_VacRZV_d,170,170,169.99999999999997,170.00000000000003
Second_81,70,81,ReRZV_2d,2024,0.7763482778040065,dC_Vac_d,170,170,169.99999999999997,170.00000000000003
Second_81,70,81,ReRZV_2d,2024,0.7763482778040065,dC_All_d,141.4338172891303,141.49052075727022,135.96623828411612,146.39977505727117
Second_81,70,81,ReRZV_2d,2024,0.7763482778040065,dN_VacZVL,0,0,0,0
Second_81,70,81,ReRZV_2d,2024,0.7763482778040065,dN_VacRZV,2,2,2,2
Second_81,70,81,ReRZV_2d,2024,0.7763482778040065,dN_VacZVL_d,0,0,0,0
Second_81,70,81,ReRZV_2d,2024,0.7763482778040065,dN_VacRZV_d,2,2,2,2
Second_81,70,81,ReRZV_2d,2024,0.7763482778040065,ICER,14786.685565563917,14620.032909289275,11925.119055004581,18379.485563513197
Second_81,70,81,ReRZV_2d,2024,0.7763482778040065,Price0,85,85,84.99999999999999,85.00000000000001
Second_81,70,81,ReRZV_2d,2024,0.7763482778040065,Thres20,110.96080464533543,111.00517584133344,91.35643139689623,131.56598279326653
Second_81,70,81,ReRZV_2d,2024,0.7763482778040065,Thres30,159.2996612902857,159.2168790449377,130.9781129870778,189.7785023996143
Second_81,70,81,ReRZV_2d,2024,0.7763482778040065,Thres20_50,NA,111.00517584133344,NA,NA
Second_81,70,81,ReRZV_2d,2024,0.7763482778040065,Thres30_90,NA,140.43788752541218,NA,NA
Second_81,70,81,ReRZV_2d,2024,0.7763482778040065,Thres,NA,111.00517584133344,NA,NA
Second_81,75,81,ReRZV_1d,2024,0.8518291377865308,N0,0.8518291377865308,0.8518291377865308,0.8518291377865308,0.8518291377865308
Second_81,75,81,ReRZV_1d,2024,0.8518291377865308,dYear_Life,4.7673083447133575e-4,4.7746155698003695e-4,3.5905891544797436e-4,5.915377179643651e-4
Second_81,75,81,ReRZV_1d,2024,0.8518291377865308,dYear_Immunised,5.552197522922751,5.597875801877045,4.296892952960281,6.4470446001683035
Second_81,75,81,ReRZV_1d,2024,0.8518291377865308,dRisk_HZ,-0.0642638421304592,-0.06476147702712107,-0.07499595073142515,-0.050195326248221324
Second_81,75,81,ReRZV_1d,2024,0.8518291377865308,dRisk_Hosp,-0.004566771338569507,-0.004556050368172026,-0.00579281658683163,-0.003484641639988555
Second_81,75,81,ReRZV_1d,2024,0.8518291377865308,dRisk_PHN,-0.005795462536754449,-0.005829770553703767,-0.007005260561188513,-0.004443950386346668
Second_81,75,81,ReRZV_1d,2024,0.8518291377865308,dRisk_Death,-1.1144184873139658e-4,-1.1143135789179224e-4,-1.3964449333455942e-4,-8.381552795875104e-5
Second_81,75,81,ReRZV_1d,2024,0.8518291377865308,dQ_Life,3.2144989417470305e-4,3.218707757460206e-4,2.4250418858919794e-4,3.984218768408168e-4
Second_81,75,81,ReRZV_1d,2024,0.8518291377865308,dQ_HZ,0.007982651895925461,0.007995884733335117,0.0060623003699754475,0.009841979664323432
Second_81,75,81,ReRZV_1d,2024,0.8518291377865308,dQ_HZ_Norm,0.00233315504395422,0.0023366719229781408,0.0017615862262480224,0.002911519454509792
Second_81,75,81,ReRZV_1d,2024,0.8518291377865308,dQ_All,0.008296788829641959,0.008317314969132534,0.006312851000375648,0.01019071404070283
Second_81,75,81,ReRZV_1d,2024,0.8518291377865308,dQ_HZ_d,0.007982651895925461,0.007995884733335117,0.0060623003699754475,0.009841979664323432
Second_81,75,81,ReRZV_1d,2024,0.8518291377865308,dQ_HZ_Norm_d,0.00233315504395422,0.0023366719229781408,0.0017615862262480224,0.002911519454509792
Second_81,75,81,ReRZV_1d,2024,0.8518291377865308,dQ_Life_d,3.2144989417470305e-4,3.218707757460206e-4,2.4250418858919794e-4,3.984218768408168e-4
Second_81,75,81,ReRZV_1d,2024,0.8518291377865308,dQ_All_d,0.008304101790100151,0.008325063037029748,0.006318776255427463,0.010198197342326095
Second_81,75,81,ReRZV_1d,2024,0.8518291377865308,dC_Hosp,-16.629638459702353,-16.584692409802386,-21.274692699455013,-12.607391444103445
Second_81,75,81,ReRZV_1d,2024,0.8518291377865308,dC_GP_NonPHN,-5.6283675480953415,-5.684359794117917,-6.586345196601471,-4.381114123021763
Second_81,75,81,ReRZV_1d,2024,0.8518291377865308,dC_GP_PHN,-2.516146236772619,-2.524988547387453,-3.067497392364827,-1.9199784563342734
Second_81,75,81,ReRZV_1d,2024,0.8518291377865308,dC_GP,-8.14451378486796,-8.222243417975104,-9.52307998693612,-6.3401431702262325
Second_81,75,81,ReRZV_1d,2024,0.8518291377865308,dC_Med,-24.77415224457031,-24.796608217990908,-30.19753542087088,-19.34219018794576
Second_81,75,81,ReRZV_1d,2024,0.8518291377865308,dC_VacZVL,0,0,0,0
Second_81,75,81,ReRZV_1d,2024,0.8518291377865308,dC_VacRZV,85,85,84.99999999999999,85.00000000000001
Second_81,75,81,ReRZV_1d,2024,0.8518291377865308,dC_Vac,85,85,84.99999999999999,85.00000000000001
Second_81,75,81,ReRZV_1d,2024,0.8518291377865308,dC_All,60.22584775542969,60.2033917820091,54.802464579129115,65.65780981205424
Second_81,75,81,ReRZV_1d,2024,0.8518291377865308,dC_Hosp_d,-16.629638459702353,-16.584692409802386,-21.274692699455013,-12.607391444103445
Second_81,75,81,ReRZV_1d,2024,0.8518291377865308,dC_GP_NonPHN_d,-5.6283675480953415,-5.684359794117917,-6.586345196601471,-4.381114123021763
Second_81,75,81,ReRZV_1d,2024,0.8518291377865308,dC_GP_PHN_d,-2.516146236772619,-2.524988547387453,-3.067497392364827,-1.9199784563342734
Second_81,75,81,ReRZV_1d,2024,0.8518291377865308,dC_GP_d,-8.14451378486796,-8.222243417975104,-9.52307998693612,-6.3401431702262325
Second_81,75,81,ReRZV_1d,2024,0.8518291377865308,dC_Med_d,-24.77415224457031,-24.796608217990908,-30.19753542087088,-19.34219018794576
Second_81,75,81,ReRZV_1d,2024,0.8518291377865308,dC_VacZVL_d,0,0,0,0
Second_81,75,81,ReRZV_1d,2024,0.8518291377865308,dC_VacRZV_d,85,85,84.99999999999999,85.00000000000001
Second_81,75,81,ReRZV_1d,2024,0.8518291377865308,dC_Vac_d,85,85,84.99999999999999,85.00000000000001
Second_81,75,81,ReRZV_1d,2024,0.8518291377865308,dC_All_d,60.22584775542969,60.2033917820091,54.802464579129115,65.65780981205424
Second_81,75,81,ReRZV_1d,2024,0.8518291377865308,dN_VacZVL,0,0,0,0
Second_81,75,81,ReRZV_1d,2024,0.8518291377865308,dN_VacRZV,1,1,1,1
Second_81,75,81,ReRZV_1d,2024,0.8518291377865308,dN_VacZVL_d,0,0,0,0
Second_81,75,81,ReRZV_1d,2024,0.8518291377865308,dN_VacRZV_d,1,1,1,1
Second_81,75,81,ReRZV_1d,2024,0.8518291377865308,ICER,7391.239314628165,7213.483167107808,5534.530812994613,10383.337373703738
Second_81,75,81,ReRZV_1d,2024,0.8518291377865308,Price0,85,85,84.99999999999999,85.00000000000001
Second_81,75,81,ReRZV_1d,2024,0.8518291377865308,Thres20,190.85618804657335,191.43530774169955,145.75889555583237,232.0858627270743
Second_81,75,81,ReRZV_1d,2024,0.8518291377865308,Thres30,273.89720594757483,274.65238951042477,208.98984026817163,333.8656931306948
Second_81,75,81,ReRZV_1d,2024,0.8518291377865308,Thres20_50,NA,191.43530774169955,NA,NA
Second_81,75,81,ReRZV_1d,2024,0.8518291377865308,Thres30_90,NA,233.44073618830006,NA,NA
Second_81,75,81,ReRZV_1d,2024,0.8518291377865308,Thres,NA,191.43530774169955,NA,NA
Second_81,75,81,ReRZV_2d,2024,0.8518291377865308,N0,0.8518291377865308,0.8518291377865308,0.8518291377865308,0.8518291377865308
Second_81,75,81,ReRZV_2d,2024,0.8518291377865308,dYear_Life,4.994226578363223e-4,4.996755907713926e-4,3.944905350626184e-4,6.085432749381621e-4
Second_81,75,81,ReRZV_2d,2024,0.8518291377865308,dYear_Immunised,5.821203232688802,5.834213277545178,4.857276852078775,6.614377185190276
Second_81,75,81,ReRZV_2d,2024,0.8518291377865308,dRisk_HZ,-0.0673816873570288,-0.06757825505117726,-0.07676425297737159,-0.05638649184400868
Second_81,75,81,ReRZV_2d,2024,0.8518291377865308,dRisk_Hosp,-0.00478267217548178,-0.0047733175326153555,-0.005966164482200353,-0.003752762836630339
Second_81,75,81,ReRZV_2d,2024,0.8518291377865308,dRisk_PHN,-0.006076785562686034,-0.006098118988881495,-0.007188568419058886,-0.00498273486025868
Second_81,75,81,ReRZV_2d,2024,0.8518291377865308,dRisk_Death,-1.1662294491715911e-4,-1.1650953366602723e-4,-1.4471260833176638e-4,-9.097459318307872e-5
Second_81,75,81,ReRZV_2d,2024,0.8518291377865308,dQ_Life,3.367848468427345e-4,3.3686848692173567e-4,2.6651486916339217e-4,4.095177828277151e-4
Second_81,75,81,ReRZV_2d,2024,0.8518291377865308,dQ_HZ,0.008368943333723495,0.00835489593773545,0.006692962358686975,0.01019594594613517
Second_81,75,81,ReRZV_2d,2024,0.8518291377865308,dQ_HZ_Norm,0.0024466105059370133,0.0024381521249421906,0.00193662250048606,0.0030134986588908957
Second_81,75,81,ReRZV_2d,2024,0.8518291377865308,dQ_All,0.008698089573942084,0.008694888914546357,0.006973431791453598,0.010545948695712537
Second_81,75,81,ReRZV_2d,2024,0.8518291377865308,dQ_HZ_d,0.008368943333723495,0.00835489593773545,0.006692962358686975,0.01019594594613517
Second_81,75,81,ReRZV_2d,2024,0.8518291377865308,dQ_HZ_Norm_d,0.0024466105059370133,0.0024381521249421906,0.00193662250048606,0.0030134986588908957
Second_81,75,81,ReRZV_2d,2024,0.8518291377865308,dQ_Life_d,3.367848468427345e-4,3.3686848692173567e-4,2.6651486916339217e-4,4.095177828277151e-4
Second_81,75,81,ReRZV_2d,2024,0.8518291377865308,dQ_All_d,0.008705728180566218,0.00870275604530681,0.006979677038952928,0.010554339261211918
Second_81,75,81,ReRZV_2d,2024,0.8518291377865308,dC_Hosp,-17.412828632330246,-17.354921075026148,-21.85692650005349,-13.517368675438547
Second_81,75,81,ReRZV_2d,2024,0.8518291377865308,dC_GP_NonPHN,-5.901997312877025,-5.9155894882808235,-6.743802613279712,-4.9209574648591925
Second_81,75,81,ReRZV_2d,2024,0.8518291377865308,dC_GP_PHN,-2.638507594994129,-2.6400918925927144,-3.1646438948834095,-2.141574297981343
Second_81,75,81,ReRZV_2d,2024,0.8518291377865308,dC_GP,-8.540504907871155,-8.56359100119829,-9.767453536110244,-7.136737305637533
Second_81,75,81,ReRZV_2d,2024,0.8518291377865308,dC_Med,-25.9533335402014,-25.867965630907506,-31.19960526648572,-21.059699160652343
Second_81,75,81,ReRZV_2d,2024,0.8518291377865308,dC_VacZVL,0,0,0,0
Second_81,75,81,ReRZV_2d,2024,0.8518291377865308,dC_VacRZV,170,170,169.99999999999997,170.00000000000003
Second_81,75,81,ReRZV_2d,2024,0.8518291377865308,dC_Vac,170,170,169.99999999999997,170.00000000000003
Second_81,75,81,ReRZV_2d,2024,0.8518291377865308,dC_All,144.0466664597986,144.13203436909248,138.80039473351425,148.94030083934769
Second_81,75,81,ReRZV_2d,2024,0.8518291377865308,dC_Hosp_d,-17.412828632330246,-17.354921075026148,-21.85692650005349,-13.517368675438547
Second_81,75,81,ReRZV_2d,2024,0.8518291377865308,dC_GP_NonPHN_d,-5.901997312877025,-5.9155894882808235,-6.743802613279712,-4.9209574648591925
Second_81,75,81,ReRZV_2d,2024,0.8518291377865308,dC_GP_PHN_d,-2.638507594994129,-2.6400918925927144,-3.1646438948834095,-2.141574297981343
Second_81,75,81,ReRZV_2d,2024,0.8518291377865308,dC_GP_d,-8.540504907871155,-8.56359100119829,-9.767453536110244,-7.136737305637533
Second_81,75,81,ReRZV_2d,2024,0.8518291377865308,dC_Med_d,-25.9533335402014,-25.867965630907506,-31.19960526648572,-21.059699160652343
Second_81,75,81,ReRZV_2d,2024,0.8518291377865308,dC_VacZVL_d,0,0,0,0
Second_81,75,81,ReRZV_2d,2024,0.8518291377865308,dC_VacRZV_d,170,170,169.99999999999997,170.00000000000003
Second_81,75,81,ReRZV_2d,2024,0.8518291377865308,dC_Vac_d,170,170,169.99999999999997,170.00000000000003
Second_81,75,81,ReRZV_2d,2024,0.8518291377865308,dC_All_d,144.0466664597986,144.13203436909248,138.80039473351425,148.94030083934769
Second_81,75,81,ReRZV_2d,2024,0.8518291377865308,dN_VacZVL,0,0,0,0
Second_81,75,81,ReRZV_2d,2024,0.8518291377865308,dN_VacRZV,2,2,2,2
Second_81,75,81,ReRZV_2d,2024,0.8518291377865308,dN_VacZVL_d,0,0,0,0
Second_81,75,81,ReRZV_2d,2024,0.8518291377865308,dN_VacRZV_d,2,2,2,2
Second_81,75,81,ReRZV_2d,2024,0.8518291377865308,ICER,16748.796928678134,16542.358557752417,13314.708685979238,21198.253784207354
Second_81,75,81,ReRZV_2d,2024,0.8518291377865308,Price0,85,85,84.99999999999999,85.00000000000001
Second_81,75,81,ReRZV_2d,2024,0.8518291377865308,Thres20,100.03394857576288,100.02266647377968,80.86592745763149,120.00136189504438
Second_81,75,81,ReRZV_2d,2024,0.8518291377865308,Thres30,143.56258947859396,143.51015312809233,115.58935058365685,172.55765572581362
Second_81,75,81,ReRZV_2d,2024,0.8518291377865308,Thres20_50,NA,100.02266647377968,NA,NA
Second_81,75,81,ReRZV_2d,2024,0.8518291377865308,Thres30_90,NA,125.45556042913688,NA,NA
Second_81,75,81,ReRZV_2d,2024,0.8518291377865308,Thres,NA,100.02266647377968,NA,NA
Second_82,70,82,ReRZV_1d,2024,0.7424130916630741,N0,0.7424130916630741,0.7424130916630741,0.7424130916630741,0.7424130916630741
Second_82,70,82,ReRZV_1d,2024,0.7424130916630741,dYear_Life,5.23724106018716e-4,5.242505282015032e-4,4.0748684671555e-4,6.425964674120005e-4
Second_82,70,82,ReRZV_1d,2024,0.7424130916630741,dYear_Immunised,5.893541549280387,5.944214917148318,4.723924749104065,6.707251494908704
Second_82,70,82,ReRZV_1d,2024,0.7424130916630741,dRisk_HZ,-0.07871755887326073,-0.07934786581381514,-0.09002913186654848,-0.06340474777416404
Second_82,70,82,ReRZV_1d,2024,0.7424130916630741,dRisk_Hosp,-0.00578029838621282,-0.005778392995032288,-0.007219228149233721,-0.004476829104156908
Second_82,70,82,ReRZV_1d,2024,0.7424130916630741,dRisk_PHN,-0.0070942818796758235,-0.007135874815447396,-0.008455473681373758,-0.005613318881109694
Second_82,70,82,ReRZV_1d,2024,0.7424130916630741,dRisk_Death,-1.4331787119089924e-4,-1.4322433116097626e-4,-1.7690984556620323e-4,-1.1040339592937772e-4
Second_82,70,82,ReRZV_1d,2024,0.7424130916630741,dQ_Life,3.525967238067992e-4,3.5308070925286995e-4,2.738595302947868e-4,4.319208601433615e-4
Second_82,70,82,ReRZV_1d,2024,0.7424130916630741,dQ_HZ,0.008514051383996751,0.00852881274379537,0.006656193712073662,0.010345804727141559
Second_82,70,82,ReRZV_1d,2024,0.7424130916630741,dQ_HZ_Norm,0.0024726092851038617,0.002473708027456718,0.0019212424999403063,0.0030391264904839547
Second_82,70,82,ReRZV_1d,2024,0.7424130916630741,dQ_All,0.008858486758297856,0.008876292178307014,0.006930902516256809,0.010721260510524439
Second_82,70,82,ReRZV_1d,2024,0.7424130916630741,dQ_HZ_d,0.008514051383996751,0.00852881274379537,0.006656193712073662,0.010345804727141559
Second_82,70,82,ReRZV_1d,2024,0.7424130916630741,dQ_HZ_Norm_d,0.0024726092851038617,0.002473708027456718,0.0019212424999403063,0.0030391264904839547
Second_82,70,82,ReRZV_1d,2024,0.7424130916630741,dQ_Life_d,3.525967238067992e-4,3.5308070925286995e-4,2.738595302947868e-4,4.319208601433615e-4
Second_82,70,82,ReRZV_1d,2024,0.7424130916630741,dQ_All_d,0.008866648107803545,0.008884709046318006,0.006937549188725254,0.010731513389116392
Second_82,70,82,ReRZV_1d,2024,0.7424130916630741,dC_Hosp,-18.29923732296585,-18.231872318914014,-23.123397093623534,-14.05014674136599
Second_82,70,82,ReRZV_1d,2024,0.7424130916630741,dC_GP_NonPHN,-5.959021904914365,-6.015841773732742,-6.817899580986154,-4.7761940842812765
Second_82,70,82,ReRZV_1d,2024,0.7424130916630741,dC_GP_PHN,-2.6621342715628002,-2.6691363739060074,-3.1917590159919382,-2.089850107342481
Second_82,70,82,ReRZV_1d,2024,0.7424130916630741,dC_GP,-8.621156176477164,-8.690807022472097,-9.906332479825318,-6.921834942507675
Second_82,70,82,ReRZV_1d,2024,0.7424130916630741,dC_Med,-26.92039349944302,-26.955277543699367,-32.53416368760942,-21.547830760222876
Second_82,70,82,ReRZV_1d,2024,0.7424130916630741,dC_VacZVL,0,0,0,0
Second_82,70,82,ReRZV_1d,2024,0.7424130916630741,dC_VacRZV,85,85,85,85
Second_82,70,82,ReRZV_1d,2024,0.7424130916630741,dC_Vac,85,85,85,85
Second_82,70,82,ReRZV_1d,2024,0.7424130916630741,dC_All,58.079606500556984,58.04472245630063,52.46583631239057,63.452169239777135
Second_82,70,82,ReRZV_1d,2024,0.7424130916630741,dC_Hosp_d,-18.29923732296585,-18.231872318914014,-23.123397093623534,-14.05014674136599
Second_82,70,82,ReRZV_1d,2024,0.7424130916630741,dC_GP_NonPHN_d,-5.959021904914365,-6.015841773732742,-6.817899580986154,-4.7761940842812765
Second_82,70,82,ReRZV_1d,2024,0.7424130916630741,dC_GP_PHN_d,-2.6621342715628002,-2.6691363739060074,-3.1917590159919382,-2.089850107342481
Second_82,70,82,ReRZV_1d,2024,0.7424130916630741,dC_GP_d,-8.621156176477164,-8.690807022472097,-9.906332479825318,-6.921834942507675
Second_82,70,82,ReRZV_1d,2024,0.7424130916630741,dC_Med_d,-26.92039349944302,-26.955277543699367,-32.53416368760942,-21.547830760222876
Second_82,70,82,ReRZV_1d,2024,0.7424130916630741,dC_VacZVL_d,0,0,0,0
Second_82,70,82,ReRZV_1d,2024,0.7424130916630741,dC_VacRZV_d,85,85,85,85
Second_82,70,82,ReRZV_1d,2024,0.7424130916630741,dC_Vac_d,85,85,85,85
Second_82,70,82,ReRZV_1d,2024,0.7424130916630741,dC_All_d,58.079606500556984,58.04472245630063,52.46583631239057,63.452169239777135
Second_82,70,82,ReRZV_1d,2024,0.7424130916630741,dN_VacZVL,0,0,0,0
Second_82,70,82,ReRZV_1d,2024,0.7424130916630741,dN_VacRZV,1,1,1,1
Second_82,70,82,ReRZV_1d,2024,0.7424130916630741,dN_VacZVL_d,0,0,0,0
Second_82,70,82,ReRZV_1d,2024,0.7424130916630741,dN_VacRZV_d,1,1,1,1
Second_82,70,82,ReRZV_1d,2024,0.7424130916630741,ICER,6655.297356434638,6521.666415281349,5079.911222710638,8997.66633281132
Second_82,70,82,ReRZV_1d,2024,0.7424130916630741,Price0,85,85,85,85
Second_82,70,82,ReRZV_1d,2024,0.7424130916630741,Thres20,204.25335565551393,204.9586907647845,161.07472602587336,243.66502796495803
Second_82,70,82,ReRZV_1d,2024,0.7424130916630741,Thres30,292.9198367335494,293.87823727073857,230.80056422167885,351.19173175936965
Second_82,70,82,ReRZV_1d,2024,0.7424130916630741,Thres20_50,NA,204.9586907647845,NA,NA
Second_82,70,82,ReRZV_1d,2024,0.7424130916630741,Thres30_90,NA,253.94782716582006,NA,NA
Second_82,70,82,ReRZV_1d,2024,0.7424130916630741,Thres,NA,204.9586907647845,NA,NA
Second_82,70,82,ReRZV_2d,2024,0.7424130916630741,N0,0.7424130916630741,0.7424130916630741,0.7424130916630741,0.7424130916630741
Second_82,70,82,ReRZV_2d,2024,0.7424130916630741,dYear_Life,5.46009721072183e-4,5.451285779057172e-4,4.409528079543603e-4,6.593715078182411e-4
Second_82,70,82,ReRZV_2d,2024,0.7424130916630741,dYear_Immunised,6.145610554499469,6.169013633678862,5.2687401785104875,6.85397748299392
Second_82,70,82,ReRZV_2d,2024,0.7424130916630741,dRisk_HZ,-0.08208535358768874,-0.08237431084865142,-0.09187299996108975,-0.0701925602636156
Second_82,70,82,ReRZV_2d,2024,0.7424130916630741,dRisk_Hosp,-0.006025852457223237,-0.0060068559455102016,-0.007433686272489065,-0.0047688935114970615
Second_82,70,82,ReRZV_2d,2024,0.7424130916630741,dRisk_PHN,-0.007397385241308244,-0.0074109369924371445,-0.008627063081263356,-0.006155368289554179
Second_82,70,82,ReRZV_2d,2024,0.7424130916630741,dRisk_Death,-1.493745884506124e-4,-1.4935589131706965e-4,-1.8261860479739772e-4,-1.1885614504999438e-4
Second_82,70,82,ReRZV_2d,2024,0.7424130916630741,dQ_Life,3.6761047112436444e-4,3.669599009697547e-4,2.9745654634673915e-4,4.43249204854623e-4
Second_82,70,82,ReRZV_2d,2024,0.7424130916630741,dQ_HZ,0.008878264761371948,0.008846110285113614,0.0072398139317212985,0.010689294896082807
Second_82,70,82,ReRZV_2d,2024,0.7424130916630741,dQ_HZ_Norm,0.0025785569281431974,0.002574514966750715,0.002082576682929551,0.0031295428617235718
Second_82,70,82,ReRZV_2d,2024,0.7424130916630741,dQ_All,0.009237373354106656,0.009213782389633982,0.00754784949020074,0.011083380416035956
Second_82,70,82,ReRZV_2d,2024,0.7424130916630741,dQ_HZ_d,0.008878264761371948,0.008846110285113614,0.0072398139317212985,0.010689294896082807
Second_82,70,82,ReRZV_2d,2024,0.7424130916630741,dQ_HZ_Norm_d,0.0025785569281431974,0.002574514966750715,0.002082576682929551,0.0031295428617235718
Second_82,70,82,ReRZV_2d,2024,0.7424130916630741,dQ_Life_d,3.6761047112436444e-4,3.669599009697547e-4,2.9745654634673915e-4,4.43249204854623e-4
Second_82,70,82,ReRZV_2d,2024,0.7424130916630741,dQ_All_d,0.009245875232496328,0.00922163938772962,0.00755466068666849,0.011092505432951491
Second_82,70,82,ReRZV_2d,2024,0.7424130916630741,dC_Hosp,-19.075628140869092,-18.9824792810967,-23.761273360737228,-15.001903144043629
Second_82,70,82,ReRZV_2d,2024,0.7424130916630741,dC_GP_NonPHN,-6.21411625828392,-6.235403834131031,-6.979337214279447,-5.317486090310837
Second_82,70,82,ReRZV_2d,2024,0.7424130916630741,dC_GP_PHN,-2.7759043544676825,-2.771497662432261,-3.2774699869800585,-2.2980216233729442
Second_82,70,82,ReRZV_2d,2024,0.7424130916630741,dC_GP,-8.990020612751604,-9.013382610445792,-10.102809103611156,-7.671126885553068
Second_82,70,82,ReRZV_2d,2024,0.7424130916630741,dC_Med,-28.065648753620696,-27.98824591117078,-33.4152540267193,-23.291819065145084
Second_82,70,82,ReRZV_2d,2024,0.7424130916630741,dC_VacZVL,0,0,0,0
Second_82,70,82,ReRZV_2d,2024,0.7424130916630741,dC_VacRZV,170,170,170,170
Second_82,70,82,ReRZV_2d,2024,0.7424130916630741,dC_Vac,170,170,170,170
Second_82,70,82,ReRZV_2d,2024,0.7424130916630741,dC_All,141.9343512463793,142.0117540888292,136.5847459732807,146.7081809348549
Second_82,70,82,ReRZV_2d,2024,0.7424130916630741,dC_Hosp_d,-19.075628140869092,-18.9824792810967,-23.761273360737228,-15.001903144043629
Second_82,70,82,ReRZV_2d,2024,0.7424130916630741,dC_GP_NonPHN_d,-6.21411625828392,-6.235403834131031,-6.979337214279447,-5.317486090310837
Second_82,70,82,ReRZV_2d,2024,0.7424130916630741,dC_GP_PHN_d,-2.7759043544676825,-2.771497662432261,-3.2774699869800585,-2.2980216233729442
Second_82,70,82,ReRZV_2d,2024,0.7424130916630741,dC_GP_d,-8.990020612751604,-9.013382610445792,-10.102809103611156,-7.671126885553068
Second_82,70,82,ReRZV_2d,2024,0.7424130916630741,dC_Med_d,-28.065648753620696,-27.98824591117078,-33.4152540267193,-23.291819065145084
Second_82,70,82,ReRZV_2d,2024,0.7424130916630741,dC_VacZVL_d,0,0,0,0
Second_82,70,82,ReRZV_2d,2024,0.7424130916630741,dC_VacRZV_d,170,170,170,170
Second_82,70,82,ReRZV_2d,2024,0.7424130916630741,dC_Vac_d,170,170,170,170
Second_82,70,82,ReRZV_2d,2024,0.7424130916630741,dC_All_d,141.9343512463793,142.0117540888292,136.5847459732807,146.7081809348549
Second_82,70,82,ReRZV_2d,2024,0.7424130916630741,dN_VacZVL,0,0,0,0
Second_82,70,82,ReRZV_2d,2024,0.7424130916630741,dN_VacRZV,2,2,2,2
Second_82,70,82,ReRZV_2d,2024,0.7424130916630741,dN_VacZVL_d,0,0,0,0
Second_82,70,82,ReRZV_2d,2024,0.7424130916630741,dN_VacRZV_d,2,2,2,2
Second_82,70,82,ReRZV_2d,2024,0.7424130916630741,ICER,15510.851453346399,15341.846601776313,12559.97870730528,19201.48962471757
Second_82,70,82,ReRZV_2d,2024,0.7424130916630741,Price0,85,85,85,85
Second_82,70,82,ReRZV_2d,2024,0.7424130916630741,Thres20,106.49157670177364,106.49558321984279,88.06191722593306,126.01087035754351
Second_82,70,82,ReRZV_2d,2024,0.7424130916630741,Thres30,152.72095286425528,152.45348416726029,125.96390062474265,181.58108329721955
Second_82,70,82,ReRZV_2d,2024,0.7424130916630741,Thres20_50,NA,106.49558321984279,NA,NA
Second_82,70,82,ReRZV_2d,2024,0.7424130916630741,Thres30_90,NA,135.08641839505773,NA,NA
Second_82,70,82,ReRZV_2d,2024,0.7424130916630741,Thres,NA,106.49558321984279,NA,NA
Second_82,75,82,ReRZV_1d,2024,0.8145952994669025,N0,0.8145952994669025,0.8145952994669025,0.8145952994669025,0.8145952994669025
Second_82,75,82,ReRZV_1d,2024,0.8145952994669025,dYear_Life,4.7828842955473905e-4,4.783952738796452e-4,3.637462705936765e-4,5.932546368988609e-4
Second_82,75,82,ReRZV_1d,2024,0.8145952994669025,dYear_Immunised,5.3488125561501505,5.392249988325966,4.194411648534614,6.183894216313482
Second_82,75,82,ReRZV_1d,2024,0.8145952994669025,dRisk_HZ,-0.06504724863359368,-0.06561880077899207,-0.07545155826739096,-0.051341594056505305
Second_82,75,82,ReRZV_1d,2024,0.8145952994669025,dRisk_Hosp,-0.004834867385314649,-0.004829299617273318,-0.006147548795797336,-0.0036799183273604355
Second_82,75,82,ReRZV_1d,2024,0.8145952994669025,dRisk_PHN,-0.005852765573514601,-0.005885773687820908,-0.00709010374961384,-0.004495091217214705
Second_82,75,82,ReRZV_1d,2024,0.8145952994669025,dRisk_Death,-1.2071040673453573e-4,-1.2043224167809089e-4,-1.5075382275002132e-4,-9.133075726916844e-5
Second_82,75,82,ReRZV_1d,2024,0.8145952994669025,dQ_Life,3.2163619206329087e-4,3.2177229966379064e-4,2.446089567921278e-4,3.9861779296354594e-4
Second_82,75,82,ReRZV_1d,2024,0.8145952994669025,dQ_HZ,0.007731800935065361,0.007747020956121585,0.005915191965766629,0.009518660407122615
Second_82,75,82,ReRZV_1d,2024,0.8145952994669025,dQ_HZ_Norm,0.0022406678732503032,0.002243604459826753,0.0017008853667122706,0.002790833534873818
Second_82,75,82,ReRZV_1d,2024,0.8145952994669025,dQ_All,0.008045712423102513,0.008060947654733037,0.0061637447885099965,0.009848437655108464
Second_82,75,82,ReRZV_1d,2024,0.8145952994669025,dQ_HZ_d,0.007731800935065361,0.007747020956121585,0.005915191965766629,0.009518660407122615
Second_82,75,82,ReRZV_1d,2024,0.8145952994669025,dQ_HZ_Norm_d,0.0022406678732503032,0.002243604459826753,0.0017008853667122706,0.002790833534873818
Second_82,75,82,ReRZV_1d,2024,0.8145952994669025,dQ_Life_d,3.2163619206329087e-4,3.2177229966379064e-4,2.446089567921278e-4,3.9861779296354594e-4
Second_82,75,82,ReRZV_1d,2024,0.8145952994669025,dQ_All_d,0.008053437127128648,0.008068560496176973,0.0061698679672274204,0.009856909146686554
Second_82,75,82,ReRZV_1d,2024,0.8145952994669025,dC_Hosp,-16.822618761147176,-16.782308012010013,-21.550244159968038,-12.717277784225095
Second_82,75,82,ReRZV_1d,2024,0.8145952994669025,dC_GP_NonPHN,-5.397239635170197,-5.449791802120375,-6.280184491002377,-4.219793481961939
Second_82,75,82,ReRZV_1d,2024,0.8145952994669025,dC_GP_PHN,-2.4070457667522414,-2.414081268132996,-2.924470744362477,-1.8482398489766982
Second_82,75,82,ReRZV_1d,2024,0.8145952994669025,dC_GP,-7.804285401922439,-7.866747888779512,-9.08898219556281,-6.131927813868232
Second_82,75,82,ReRZV_1d,2024,0.8145952994669025,dC_Med,-24.626904163069614,-24.646716933059594,-30.13874366490188,-19.300303841932347
Second_82,75,82,ReRZV_1d,2024,0.8145952994669025,dC_VacZVL,0,0,0,0
Second_82,75,82,ReRZV_1d,2024,0.8145952994669025,dC_VacRZV,85,85,84.99999999999999,85.00000000000001
Second_82,75,82,ReRZV_1d,2024,0.8145952994669025,dC_Vac,85,85,84.99999999999999,85.00000000000001
Second_82,75,82,ReRZV_1d,2024,0.8145952994669025,dC_All,60.37309583693039,60.35328306694041,54.861256335098126,65.69969615806765
Second_82,75,82,ReRZV_1d,2024,0.8145952994669025,dC_Hosp_d,-16.822618761147176,-16.782308012010013,-21.550244159968038,-12.717277784225095
Second_82,75,82,ReRZV_1d,2024,0.8145952994669025,dC_GP_NonPHN_d,-5.397239635170197,-5.449791802120375,-6.280184491002377,-4.219793481961939
Second_82,75,82,ReRZV_1d,2024,0.8145952994669025,dC_GP_PHN_d,-2.4070457667522414,-2.414081268132996,-2.924470744362477,-1.8482398489766982
Second_82,75,82,ReRZV_1d,2024,0.8145952994669025,dC_GP_d,-7.804285401922439,-7.866747888779512,-9.08898219556281,-6.131927813868232
Second_82,75,82,ReRZV_1d,2024,0.8145952994669025,dC_Med_d,-24.626904163069614,-24.646716933059594,-30.13874366490188,-19.300303841932347
Second_82,75,82,ReRZV_1d,2024,0.8145952994669025,dC_VacZVL_d,0,0,0,0
Second_82,75,82,ReRZV_1d,2024,0.8145952994669025,dC_VacRZV_d,85,85,84.99999999999999,85.00000000000001
Second_82,75,82,ReRZV_1d,2024,0.8145952994669025,dC_Vac_d,85,85,84.99999999999999,85.00000000000001
Second_82,75,82,ReRZV_1d,2024,0.8145952994669025,dC_All_d,60.37309583693039,60.35328306694041,54.861256335098126,65.69969615806765
Second_82,75,82,ReRZV_1d,2024,0.8145952994669025,dN_VacZVL,0,0,0,0
Second_82,75,82,ReRZV_1d,2024,0.8145952994669025,dN_VacRZV,1,1,1,1
Second_82,75,82,ReRZV_1d,2024,0.8145952994669025,dN_VacZVL_d,0,0,0,0
Second_82,75,82,ReRZV_1d,2024,0.8145952994669025,dN_VacRZV_d,1,1,1,1
Second_82,75,82,ReRZV_1d,2024,0.8145952994669025,ICER,7634.433990530025,7446.6652260884475,5771.548792619391,10567.255062237458
Second_82,75,82,ReRZV_1d,2024,0.8145952994669025,Price0,85,85,84.99999999999999,85.00000000000001
Second_82,75,82,ReRZV_1d,2024,0.8145952994669025,Thres20,185.69564670564256,186.35061515759878,143.09802990152727,225.1570543950383
Second_82,75,82,ReRZV_1d,2024,0.8145952994669025,Thres30,266.23001797692905,267.097455478723,204.6901738952812,323.6251322398114
Second_82,75,82,ReRZV_1d,2024,0.8145952994669025,Thres20_50,NA,186.35061515759878,NA,NA
Second_82,75,82,ReRZV_1d,2024,0.8145952994669025,Thres30_90,NA,227.65932106605325,NA,NA
Second_82,75,82,ReRZV_1d,2024,0.8145952994669025,Thres,NA,186.35061515759878,NA,NA
Second_82,75,82,ReRZV_2d,2024,0.8145952994669025,N0,0.8145952994669025,0.8145952994669025,0.8145952994669025,0.8145952994669025
Second_82,75,82,ReRZV_2d,2024,0.8145952994669025,dYear_Life,5.005740649131954e-4,5.000146051030185e-4,3.976459401321068e-4,6.076395037905097e-4
Second_82,75,82,ReRZV_2d,2024,0.8145952994669025,dYear_Immunised,5.60088179025821,5.6149159665178505,4.715213974589108,6.323469525575548
Second_82,75,82,ReRZV_2d,2024,0.8145952994669025,dRisk_HZ,-0.06811661931269748,-0.06838114524053368,-0.07723029133117049,-0.057313209195772895
Second_82,75,82,ReRZV_2d,2024,0.8145952994669025,dRisk_Hosp,-0.005058662638087028,-0.005039952378075503,-0.00630631448577899,-0.003958038659397979
Second_82,75,82,ReRZV_2d,2024,0.8145952994669025,dRisk_PHN,-0.006129010609885571,-0.006139789299742167,-0.007254716023110076,-0.005027623674654841
Second_82,75,82,ReRZV_2d,2024,0.8145952994669025,dRisk_Death,-1.262304314978603e-4,-1.260133888748959e-4,-1.5558976627572829e-4,-9.93958357174917e-5
Second_82,75,82,ReRZV_2d,2024,0.8145952994669025,dQ_Life,3.3664995306034414e-4,3.361537803221907e-4,2.680587930789841e-4,4.0870128115554945e-4
Second_82,75,82,ReRZV_2d,2024,0.8145952994669025,dQ_HZ,0.008096014643097164,0.00808038096622895,0.006496503222308337,0.00984496926580195
Second_82,75,82,ReRZV_2d,2024,0.8145952994669025,dQ_HZ_Norm,0.0023466156125114992,0.002340062086295806,0.0018653927953541775,0.0028786973044780746
Second_82,75,82,ReRZV_2d,2024,0.8145952994669025,dQ_All,0.008424599362937152,0.008416249239184121,0.006783846013712757,0.010206549034051042
Second_82,75,82,ReRZV_2d,2024,0.8145952994669025,dQ_HZ_d,0.008096014643097164,0.00808038096622895,0.006496503222308337,0.00984496926580195
Second_82,75,82,ReRZV_2d,2024,0.8145952994669025,dQ_HZ_Norm_d,0.0023466156125114992,0.002340062086295806,0.0018653927953541775,0.0028786973044780746
Second_82,75,82,ReRZV_2d,2024,0.8145952994669025,dQ_Life_d,3.3664995306034414e-4,3.361537803221907e-4,2.680587930789841e-4,4.0870128115554945e-4
Second_82,75,82,ReRZV_2d,2024,0.8145952994669025,dQ_All_d,0.008432664596157505,0.008424841869733085,0.006790435921859896,0.010215168051558528
Second_82,75,82,ReRZV_2d,2024,0.8145952994669025,dC_Hosp,-17.599010283635923,-17.5287872277594,-22.21474759246179,-13.699292512057852
Second_82,75,82,ReRZV_2d,2024,0.8145952994669025,dC_GP_NonPHN,-5.652334220182651,-5.671530256426889,-6.408386427685614,-4.748425614455048
Second_82,75,82,ReRZV_2d,2024,0.8145952994669025,dC_GP_PHN,-2.52081595294262,-2.5231824591766805,-3.0064847568877613,-2.04891706823034
Second_82,75,82,ReRZV_2d,2024,0.8145952994669025,dC_GP,-8.173150173125272,-8.198373839960665,-9.314055903025467,-6.8494525864929505
Second_82,75,82,ReRZV_2d,2024,0.8145952994669025,dC_Med,-25.772160456761195,-25.700350309468437,-31.08019907498045,-21.050362536859087
Second_82,75,82,ReRZV_2d,2024,0.8145952994669025,dC_VacZVL,0,0,0,0
Second_82,75,82,ReRZV_2d,2024,0.8145952994669025,dC_VacRZV,170,170,169.99999999999997,170.00000000000003
Second_82,75,82,ReRZV_2d,2024,0.8145952994669025,dC_Vac,170,170,169.99999999999997,170.00000000000003
Second_82,75,82,ReRZV_2d,2024,0.8145952994669025,dC_All,144.22783954323882,144.29964969053157,138.91980092501953,148.94963746314093
Second_82,75,82,ReRZV_2d,2024,0.8145952994669025,dC_Hosp_d,-17.599010283635923,-17.5287872277594,-22.21474759246179,-13.699292512057852
Second_82,75,82,ReRZV_2d,2024,0.8145952994669025,dC_GP_NonPHN_d,-5.652334220182651,-5.671530256426889,-6.408386427685614,-4.748425614455048
Second_82,75,82,ReRZV_2d,2024,0.8145952994669025,dC_GP_PHN_d,-2.52081595294262,-2.5231824591766805,-3.0064847568877613,-2.04891706823034
Second_82,75,82,ReRZV_2d,2024,0.8145952994669025,dC_GP_d,-8.173150173125272,-8.198373839960665,-9.314055903025467,-6.8494525864929505
Second_82,75,82,ReRZV_2d,2024,0.8145952994669025,dC_Med_d,-25.772160456761195,-25.700350309468437,-31.08019907498045,-21.050362536859087
Second_82,75,82,ReRZV_2d,2024,0.8145952994669025,dC_VacZVL_d,0,0,0,0
Second_82,75,82,ReRZV_2d,2024,0.8145952994669025,dC_VacRZV_d,170,170,169.99999999999997,170.00000000000003
Second_82,75,82,ReRZV_2d,2024,0.8145952994669025,dC_Vac_d,170,170,169.99999999999997,170.00000000000003
Second_82,75,82,ReRZV_2d,2024,0.8145952994669025,dC_All_d,144.22783954323882,144.29964969053157,138.91980092501953,148.94963746314093
Second_82,75,82,ReRZV_2d,2024,0.8145952994669025,dN_VacZVL,0,0,0,0
Second_82,75,82,ReRZV_2d,2024,0.8145952994669025,dN_VacRZV,2,2,2,2
Second_82,75,82,ReRZV_2d,2024,0.8145952994669025,dN_VacZVL_d,0,0,0,0
Second_82,75,82,ReRZV_2d,2024,0.8145952994669025,dN_VacRZV_d,2,2,2,2
Second_82,75,82,ReRZV_2d,2024,0.8145952994669025,ICER,17304.713327526533,17088.43849518954,13848.773742831605,21691.06270420408
Second_82,75,82,ReRZV_2d,2024,0.8145952994669025,Price0,85,85,84.99999999999999,85.00000000000001
Second_82,75,82,ReRZV_2d,2024,0.8145952994669025,Thres20,97.21272618995565,97.19747463110367,79.20204050590023,116.25596293433395
Second_82,75,82,ReRZV_2d,2024,0.8145952994669025,Thres30,139.37604917074316,139.2790849408222,113.45876078555338,167.22953223945314
Second_82,75,82,ReRZV_2d,2024,0.8145952994669025,Thres20_50,NA,97.19747463110367,NA,NA
Second_82,75,82,ReRZV_2d,2024,0.8145952994669025,Thres30_90,NA,122.10670221576926,NA,NA
Second_82,75,82,ReRZV_2d,2024,0.8145952994669025,Thres,NA,97.19747463110367,NA,NA
Second_83,70,83,ReRZV_1d,2024,0.7059016341159987,N0,0.7059016341159987,0.7059016341159987,0.7059016341159987,0.7059016341159987
Second_83,70,83,ReRZV_1d,2024,0.7059016341159987,dYear_Life,5.169546244106825e-4,5.177665551485341e-4,4.0085474959121627e-4,6.342964659131139e-4
Second_83,70,83,ReRZV_1d,2024,0.7059016341159987,dYear_Immunised,5.57590094879316,5.624979104671668,4.479769399399201,6.316799180709943
Second_83,70,83,ReRZV_1d,2024,0.7059016341159987,dRisk_HZ,-0.07867045166252865,-0.07933961804429407,-0.08964493256409284,-0.06353297544211262
Second_83,70,83,ReRZV_1d,2024,0.7059016341159987,dRisk_Hosp,-0.006070082435626856,-0.006063741641421887,-0.007604588015815105,-0.004716344403340663
Second_83,70,83,ReRZV_1d,2024,0.7059016341159987,dRisk_PHN,-0.0070653708464319814,-0.007090488025355031,-0.008422637454139592,-0.005591443856381018
Second_83,70,83,ReRZV_1d,2024,0.7059016341159987,dRisk_Death,-1.5460724089549408e-4,-1.5445559543219737e-4,-1.9052406004041404e-4,-1.194406260835688e-4
Second_83,70,83,ReRZV_1d,2024,0.7059016341159987,dQ_Life,3.4691233014816884e-4,3.47429996841849e-4,2.687716848369953e-4,4.253225735626751e-4
Second_83,70,83,ReRZV_1d,2024,0.7059016341159987,dQ_HZ,0.008093274857429873,0.008106635800288779,0.006331217882420423,0.009868534444380309
Second_83,70,83,ReRZV_1d,2024,0.7059016341159987,dQ_HZ_Norm,0.002328794053141983,0.0023292437549147656,0.001816140584863753,0.0028630695578856103
Second_83,70,83,ReRZV_1d,2024,0.7059016341159987,dQ_All,0.008431579223447151,0.008444171314492023,0.006607088369220351,0.01024331020025927
Second_83,70,83,ReRZV_1d,2024,0.7059016341159987,dQ_HZ_d,0.008093274857429873,0.008106635800288779,0.006331217882420423,0.009868534444380309
Second_83,70,83,ReRZV_1d,2024,0.7059016341159987,dQ_HZ_Norm_d,0.002328794053141983,0.0023292437549147656,0.001816140584863753,0.0028630695578856103
Second_83,70,83,ReRZV_1d,2024,0.7059016341159987,dQ_Life_d,3.4691233014816884e-4,3.47429996841849e-4,2.687716848369953e-4,4.253225735626751e-4
Second_83,70,83,ReRZV_1d,2024,0.7059016341159987,dQ_All_d,0.008440187187578035,0.0084528224279193,0.006613842424931621,0.010251756932161533
Second_83,70,83,ReRZV_1d,2024,0.7059016341159987,dC_Hosp,-18.25346795079612,-18.201690648463106,-23.09431146842228,-14.035469773455834
Second_83,70,83,ReRZV_1d,2024,0.7059016341159987,dC_GP_NonPHN,-5.601861039040745,-5.65449121955969,-6.403581892471203,-4.500334860161994
Second_83,70,83,ReRZV_1d,2024,0.7059016341159987,dC_GP_PHN,-2.4932959530507617,-2.5018555759603656,-2.99789498786092,-1.9587781459832512
Second_83,70,83,ReRZV_1d,2024,0.7059016341159987,dC_GP,-8.095156992091507,-8.164372704285064,-9.266674962571395,-6.510495686090297
Second_83,70,83,ReRZV_1d,2024,0.7059016341159987,dC_Med,-26.34862494288763,-26.397460710954206,-31.762908620011675,-20.904886925508514
Second_83,70,83,ReRZV_1d,2024,0.7059016341159987,dC_VacZVL,0,0,0,0
Second_83,70,83,ReRZV_1d,2024,0.7059016341159987,dC_VacRZV,85,85,85,85
Second_83,70,83,ReRZV_1d,2024,0.7059016341159987,dC_Vac,85,85,85,85
Second_83,70,83,ReRZV_1d,2024,0.7059016341159987,dC_All,58.651375057112375,58.602539289045794,53.23709137998834,64.09511307449148
Second_83,70,83,ReRZV_1d,2024,0.7059016341159987,dC_Hosp_d,-18.25346795079612,-18.201690648463106,-23.09431146842228,-14.035469773455834
Second_83,70,83,ReRZV_1d,2024,0.7059016341159987,dC_GP_NonPHN_d,-5.601861039040745,-5.65449121955969,-6.403581892471203,-4.500334860161994
Second_83,70,83,ReRZV_1d,2024,0.7059016341159987,dC_GP_PHN_d,-2.4932959530507617,-2.5018555759603656,-2.99789498786092,-1.9587781459832512
Second_83,70,83,ReRZV_1d,2024,0.7059016341159987,dC_GP_d,-8.095156992091507,-8.164372704285064,-9.266674962571395,-6.510495686090297
Second_83,70,83,ReRZV_1d,2024,0.7059016341159987,dC_Med_d,-26.34862494288763,-26.397460710954206,-31.762908620011675,-20.904886925508514
Second_83,70,83,ReRZV_1d,2024,0.7059016341159987,dC_VacZVL_d,0,0,0,0
Second_83,70,83,ReRZV_1d,2024,0.7059016341159987,dC_VacRZV_d,85,85,85,85
Second_83,70,83,ReRZV_1d,2024,0.7059016341159987,dC_Vac_d,85,85,85,85
Second_83,70,83,ReRZV_1d,2024,0.7059016341159987,dC_All_d,58.651375057112375,58.602539289045794,53.23709137998834,64.09511307449148
Second_83,70,83,ReRZV_1d,2024,0.7059016341159987,dN_VacZVL,0,0,0,0
Second_83,70,83,ReRZV_1d,2024,0.7059016341159987,dN_VacRZV,1,1,1,1
Second_83,70,83,ReRZV_1d,2024,0.7059016341159987,dN_VacZVL_d,0,0,0,0
Second_83,70,83,ReRZV_1d,2024,0.7059016341159987,dN_VacRZV_d,1,1,1,1
Second_83,70,83,ReRZV_1d,2024,0.7059016341159987,ICER,7057.6533585333855,6918.818798202574,5423.021032129717,9526.723962523869
Second_83,70,83,ReRZV_1d,2024,0.7059016341159987,Price0,85,85,85,85
Second_83,70,83,ReRZV_1d,2024,0.7059016341159987,Thres20,195.1523686944483,195.7800835460067,154.34386705348345,233.43376318319557
Second_83,70,83,ReRZV_1d,2024,0.7059016341159987,Thres30,279.55424057022867,280.44212317921745,220.57550526651906,335.4214439564062
Second_83,70,83,ReRZV_1d,2024,0.7059016341159987,Thres20_50,NA,195.7800835460067,NA,NA
Second_83,70,83,ReRZV_1d,2024,0.7059016341159987,Thres30_90,NA,242.56605166088477,NA,NA
Second_83,70,83,ReRZV_1d,2024,0.7059016341159987,Thres,NA,195.7800835460067,NA,NA
Second_83,70,83,ReRZV_2d,2024,0.7059016341159987,N0,0.7059016341159987,0.7059016341159987,0.7059016341159987,0.7059016341159987
Second_83,70,83,ReRZV_2d,2024,0.7059016341159987,dYear_Life,5.387244791567423e-4,5.377755157270933e-4,4.353854957037536e-4,6.47686558684066e-4
Second_83,70,83,ReRZV_2d,2024,0.7059016341159987,dYear_Immunised,5.811485946442824,5.834804582104166,5.014517420935193,6.452313492874365
Second_83,70,83,ReRZV_2d,2024,0.7059016341159987,dRisk_HZ,-0.08199509434205979,-0.08235329963639637,-0.09127641839185378,-0.07067332724862437
Second_83,70,83,ReRZV_2d,2024,0.7059016341159987,dRisk_Hosp,-0.006325336220568176,-0.0063142947426035895,-0.007808491727392446,-0.005035906833139461
Second_83,70,83,ReRZV_2d,2024,0.7059016341159987,dRisk_PHN,-0.007363390090357632,-0.007373387060679254,-0.008605916450857192,-0.006127957998972551
Second_83,70,83,ReRZV_2d,2024,0.7059016341159987,dRisk_Death,-1.6108377484290145e-4,-1.608927955827588e-4,-1.9602200879514735e-4,-1.28539558759077e-4
Second_83,70,83,ReRZV_2d,2024,0.7059016341159987,dQ_Life,3.615290534005291e-4,3.609027855150356e-4,2.924530606545608e-4,4.3446966235293096e-4
Second_83,70,83,ReRZV_2d,2024,0.7059016341159987,dQ_HZ,0.008435352670091038,0.008399764182393132,0.006904402932906064,0.010160261660355144
Second_83,70,83,ReRZV_2d,2024,0.7059016341159987,dQ_HZ_Norm,0.002427356786221162,0.0024207557233195155,0.0019683613584858895,0.002942324301482116
Second_83,70,83,ReRZV_2d,2024,0.7059016341159987,dQ_All,0.008787916889182302,0.008761169743799367,0.007220132192903286,0.01055698246425779
Second_83,70,83,ReRZV_2d,2024,0.7059016341159987,dQ_HZ_d,0.008435352670091038,0.008399764182393132,0.006904402932906064,0.010160261660355144
Second_83,70,83,ReRZV_2d,2024,0.7059016341159987,dQ_HZ_Norm_d,0.002427356786221162,0.0024207557233195155,0.0019683613584858895,0.002942324301482116
Second_83,70,83,ReRZV_2d,2024,0.7059016341159987,dQ_Life_d,3.615290534005291e-4,3.609027855150356e-4,2.924530606545608e-4,4.3446966235293096e-4
Second_83,70,83,ReRZV_2d,2024,0.7059016341159987,dQ_All_d,0.008796881723491539,0.008770201335086377,0.007227461580009334,0.010567095307586084
Second_83,70,83,ReRZV_2d,2024,0.7059016341159987,dC_Hosp,-19.020281298508202,-18.903042725756748,-23.720927836446002,-15.094363764816892
Second_83,70,83,ReRZV_2d,2024,0.7059016341159987,dC_GP_NonPHN,-5.8387102662181185,-5.859640186197611,-6.530552529681632,-5.024026493255397
Second_83,70,83,ReRZV_2d,2024,0.7059016341159987,dC_GP_PHN,-2.5984746225481303,-2.5937970076523373,-3.0697096522394496,-2.155519219089585
Second_83,70,83,ReRZV_2d,2024,0.7059016341159987,dC_GP,-8.437184888766248,-8.463287836951723,-9.454824032625613,-7.233518865165653
Second_83,70,83,ReRZV_2d,2024,0.7059016341159987,dC_Med,-27.457466187274452,-27.385207807676125,-32.79121968176261,-22.820944848353573
Second_83,70,83,ReRZV_2d,2024,0.7059016341159987,dC_VacZVL,0,0,0,0
Second_83,70,83,ReRZV_2d,2024,0.7059016341159987,dC_VacRZV,170,170,170,170
Second_83,70,83,ReRZV_2d,2024,0.7059016341159987,dC_Vac,170,170,170,170
Second_83,70,83,ReRZV_2d,2024,0.7059016341159987,dC_All,142.54253381272554,142.61479219232388,137.20878031823742,147.17905515164642
Second_83,70,83,ReRZV_2d,2024,0.7059016341159987,dC_Hosp_d,-19.020281298508202,-18.903042725756748,-23.720927836446002,-15.094363764816892
Second_83,70,83,ReRZV_2d,2024,0.7059016341159987,dC_GP_NonPHN_d,-5.8387102662181185,-5.859640186197611,-6.530552529681632,-5.024026493255397
Second_83,70,83,ReRZV_2d,2024,0.7059016341159987,dC_GP_PHN_d,-2.5984746225481303,-2.5937970076523373,-3.0697096522394496,-2.155519219089585
Second_83,70,83,ReRZV_2d,2024,0.7059016341159987,dC_GP_d,-8.437184888766248,-8.463287836951723,-9.454824032625613,-7.233518865165653
Second_83,70,83,ReRZV_2d,2024,0.7059016341159987,dC_Med_d,-27.457466187274452,-27.385207807676125,-32.79121968176261,-22.820944848353573
Second_83,70,83,ReRZV_2d,2024,0.7059016341159987,dC_VacZVL_d,0,0,0,0
Second_83,70,83,ReRZV_2d,2024,0.7059016341159987,dC_VacRZV_d,170,170,170,170
Second_83,70,83,ReRZV_2d,2024,0.7059016341159987,dC_Vac_d,170,170,170,170
Second_83,70,83,ReRZV_2d,2024,0.7059016341159987,dC_All_d,142.54253381272554,142.61479219232388,137.20878031823742,147.17905515164642
Second_83,70,83,ReRZV_2d,2024,0.7059016341159987,dN_VacZVL,0,0,0,0
Second_83,70,83,ReRZV_2d,2024,0.7059016341159987,dN_VacRZV,2,2,2,2
Second_83,70,83,ReRZV_2d,2024,0.7059016341159987,dN_VacZVL_d,0,0,0,0
Second_83,70,83,ReRZV_2d,2024,0.7059016341159987,dN_VacRZV_d,2,2,2,2
Second_83,70,83,ReRZV_2d,2024,0.7059016341159987,ICER,16368.282975884502,16214.699788605722,13323.497528839076,20214.468575986244
Second_83,70,83,ReRZV_2d,2024,0.7059016341159987,Price0,85,85,85,85
Second_83,70,83,ReRZV_2d,2024,0.7059016341159987,Thres20,101.69755032855261,101.61685926481962,84.23218256233132,120.22448082554693
Second_83,70,83,ReRZV_2d,2024,0.7059016341159987,Thres30,145.6819589460103,145.46810971214916,120.28242162240856,172.90399195315206
Second_83,70,83,ReRZV_2d,2024,0.7059016341159987,Thres20_50,NA,101.61685926481962,NA,NA
Second_83,70,83,ReRZV_2d,2024,0.7059016341159987,Thres30_90,NA,128.9685760417433,NA,NA
Second_83,70,83,ReRZV_2d,2024,0.7059016341159987,Thres,NA,101.61685926481962,NA,NA
Second_83,75,83,ReRZV_1d,2024,0.774534668401281,N0,0.774534668401281,0.774534668401281,0.774534668401281,0.774534668401281
Second_83,75,83,ReRZV_1d,2024,0.774534668401281,dYear_Life,4.7641258974382014e-4,4.774803258110839e-4,3.629255680028603e-4,5.898775212292476e-4
Second_83,75,83,ReRZV_1d,2024,0.774534668401281,dYear_Immunised,5.121747398770713,5.1599200356069215,4.0276893948707295,5.8878469304987435
Second_83,75,83,ReRZV_1d,2024,0.774534668401281,dRisk_HZ,-0.06580027157752538,-0.06640196457610609,-0.07615709184428915,-0.05220530155911776
Second_83,75,83,ReRZV_1d,2024,0.774534668401281,dRisk_Hosp,-0.005122700012614777,-0.005121607999601944,-0.006473533760592118,-0.003917995742090546
Second_83,75,83,ReRZV_1d,2024,0.774534668401281,dRisk_PHN,-0.005900576058972796,-0.00591707417831952,-0.007138855131514901,-0.004555289154879985
Second_83,75,83,ReRZV_1d,2024,0.774534668401281,dRisk_Death,-1.3110314929337262e-4,-1.310889685881703e-4,-1.632968944364527e-4,-9.984654116390681e-5
Second_83,75,83,ReRZV_1d,2024,0.774534668401281,dQ_Life,3.1940233465849714e-4,3.2004511785064957e-4,2.4330196898784718e-4,3.9526803454557386e-4
Second_83,75,83,ReRZV_1d,2024,0.774534668401281,dQ_HZ,0.007436258925439704,0.007454112750666064,0.005707604741309937,0.009144546805016978
Second_83,75,83,ReRZV_1d,2024,0.774534668401281,dQ_HZ_Norm,0.0021363143663705466,0.0021372418763133004,0.0016277426861089168,0.002652993269942376
Second_83,75,83,ReRZV_1d,2024,0.774534668401281,dQ_All,0.007747486006335658,0.007768207692424984,0.0059473597998644335,0.009473535528500275
Second_83,75,83,ReRZV_1d,2024,0.774534668401281,dQ_HZ_d,0.007436258925439704,0.007454112750666064,0.005707604741309937,0.009144546805016978
Second_83,75,83,ReRZV_1d,2024,0.774534668401281,dQ_HZ_Norm_d,0.0021363143663705466,0.0021372418763133004,0.0016277426861089168,0.002652993269942376
Second_83,75,83,ReRZV_1d,2024,0.774534668401281,dQ_Life_d,3.1940233465849714e-4,3.2004511785064957e-4,2.4330196898784718e-4,3.9526803454557386e-4
Second_83,75,83,ReRZV_1d,2024,0.774534668401281,dQ_All_d,0.007755661260098188,0.007776316906653662,0.005953965052705608,0.009482254590066838
Second_83,75,83,ReRZV_1d,2024,0.774534668401281,dC_Hosp,-16.9236989907804,-16.88212008645686,-21.569649602008425,-12.822501511331446
Second_83,75,83,ReRZV_1d,2024,0.774534668401281,dC_GP_NonPHN,-5.136665464469047,-5.183715951341213,-5.946217799815668,-4.038010162803106
Second_83,75,83,ReRZV_1d,2024,0.774534668401281,dC_GP_PHN,-2.282591803510545,-2.287778785879199,-2.7863492170958617,-1.7524356047593348
Second_83,75,83,ReRZV_1d,2024,0.774534668401281,dC_GP,-7.419257267979591,-7.486389680054682,-8.628156715787789,-5.845461596649442
Second_83,75,83,ReRZV_1d,2024,0.774534668401281,dC_Med,-24.342956258759994,-24.395789688273894,-29.66814103244185,-19.045254348248736
Second_83,75,83,ReRZV_1d,2024,0.774534668401281,dC_VacZVL,0,0,0,0
Second_83,75,83,ReRZV_1d,2024,0.774534668401281,dC_VacRZV,85,85,84.99999999999999,85.00000000000001
Second_83,75,83,ReRZV_1d,2024,0.774534668401281,dC_Vac,85,85,84.99999999999999,85.00000000000001
Second_83,75,83,ReRZV_1d,2024,0.774534668401281,dC_All,60.65704374124001,60.604210311726106,55.33185896755815,65.95474565175127
Second_83,75,83,ReRZV_1d,2024,0.774534668401281,dC_Hosp_d,-16.9236989907804,-16.88212008645686,-21.569649602008425,-12.822501511331446
Second_83,75,83,ReRZV_1d,2024,0.774534668401281,dC_GP_NonPHN_d,-5.136665464469047,-5.183715951341213,-5.946217799815668,-4.038010162803106
Second_83,75,83,ReRZV_1d,2024,0.774534668401281,dC_GP_PHN_d,-2.282591803510545,-2.287778785879199,-2.7863492170958617,-1.7524356047593348
Second_83,75,83,ReRZV_1d,2024,0.774534668401281,dC_GP_d,-7.419257267979591,-7.486389680054682,-8.628156715787789,-5.845461596649442
Second_83,75,83,ReRZV_1d,2024,0.774534668401281,dC_Med_d,-24.342956258759994,-24.395789688273894,-29.66814103244185,-19.045254348248736
Second_83,75,83,ReRZV_1d,2024,0.774534668401281,dC_VacZVL_d,0,0,0,0
Second_83,75,83,ReRZV_1d,2024,0.774534668401281,dC_VacRZV_d,85,85,84.99999999999999,85.00000000000001
Second_83,75,83,ReRZV_1d,2024,0.774534668401281,dC_Vac_d,85,85,84.99999999999999,85.00000000000001
Second_83,75,83,ReRZV_1d,2024,0.774534668401281,dC_All_d,60.65704374124001,60.604210311726106,55.33185896755815,65.95474565175127
Second_83,75,83,ReRZV_1d,2024,0.774534668401281,dN_VacZVL,0,0,0,0
Second_83,75,83,ReRZV_1d,2024,0.774534668401281,dN_VacRZV,1,1,1,1
Second_83,75,83,ReRZV_1d,2024,0.774534668401281,dN_VacZVL_d,0,0,0,0
Second_83,75,83,ReRZV_1d,2024,0.774534668401281,dN_VacRZV_d,1,1,1,1
Second_83,75,83,ReRZV_1d,2024,0.774534668401281,ICER,7960.146971323197,7779.312168156397,6030.938702530174,10944.695656069858
Second_83,75,83,ReRZV_1d,2024,0.774534668401281,Price0,85,85,84.99999999999999,85.00000000000001
Second_83,75,83,ReRZV_1d,2024,0.774534668401281,Thres20,179.45618146072377,180.29914832633955,138.63711151051254,217.0275198317328
Second_83,75,83,ReRZV_1d,2024,0.774534668401281,Thres30,257.0127940617057,257.9989947178284,197.85886634962614,311.8936426082678
Second_83,75,83,ReRZV_1d,2024,0.774534668401281,Thres20_50,NA,180.29914832633955,NA,NA
Second_83,75,83,ReRZV_1d,2024,0.774534668401281,Thres30_90,NA,220.3034451187866,NA,NA
Second_83,75,83,ReRZV_1d,2024,0.774534668401281,Thres,NA,180.29914832633955,NA,NA
Second_83,75,83,ReRZV_2d,2024,0.774534668401281,N0,0.774534668401281,0.774534668401281,0.774534668401281,0.774534668401281
Second_83,75,83,ReRZV_2d,2024,0.774534668401281,dYear_Life,4.981824651938126e-4,4.968714826880298e-4,3.9678170961034116e-4,6.049182466731796e-4
Second_83,75,83,ReRZV_2d,2024,0.774534668401281,dYear_Immunised,5.357332619619148,5.375984059850515,4.540019118044205,6.023525612304482
Second_83,75,83,ReRZV_2d,2024,0.774534668401281,dRisk_HZ,-0.06883031121901183,-0.069111230768847,-0.07761607197789404,-0.058333550649423596
Second_83,75,83,ReRZV_2d,2024,0.774534668401281,dRisk_Hosp,-0.0053553352656782295,-0.005340947291112728,-0.006680590346662171,-0.004226245986122505
Second_83,75,83,ReRZV_2d,2024,0.774534668401281,dRisk_PHN,-0.0061721872402721945,-0.006182293069594787,-0.007316495237305597,-0.005056837406762398
Second_83,75,83,ReRZV_2d,2024,0.774534668401281,dRisk_Death,-1.3700578494581716e-4,-1.3676674302712648e-4,-1.6804014966957507e-4,-1.0812811782252157e-4
Second_83,75,83,ReRZV_2d,2024,0.774534668401281,dQ_Life,3.340190718118521e-4,3.3313916315717753e-4,2.6699144136093684e-4,4.051375834795158e-4
Second_83,75,83,ReRZV_2d,2024,0.774534668401281,dQ_HZ,0.007778337062138078,0.0077579219526044615,0.006283166886621478,0.009455711288759506
Second_83,75,83,ReRZV_2d,2024,0.774534668401281,dQ_HZ_Norm,0.0022348771928494783,0.0022251160260495237,0.0017856394439514183,0.0027405689116960412
Second_83,75,83,ReRZV_2d,2024,0.774534668401281,dQ_All,0.008103824009669677,0.00808628757110848,0.006570135171237071,0.009815609461171302
Second_83,75,83,ReRZV_2d,2024,0.774534668401281,dQ_HZ_d,0.007778337062138078,0.0077579219526044615,0.006283166886621478,0.009455711288759506
Second_83,75,83,ReRZV_2d,2024,0.774534668401281,dQ_HZ_Norm_d,0.0022348771928494783,0.0022251160260495237,0.0017856394439514183,0.0027405689116960412
Second_83,75,83,ReRZV_2d,2024,0.774534668401281,dQ_Life_d,3.340190718118521e-4,3.3313916315717753e-4,2.6699144136093684e-4,4.051375834795158e-4
Second_83,75,83,ReRZV_2d,2024,0.774534668401281,dQ_All_d,0.008112356133949927,0.008095686464816038,0.006575906969071477,0.009825201426091595
Second_83,75,83,ReRZV_2d,2024,0.774534668401281,dC_Hosp,-17.690513064680026,-17.618943773715287,-22.236161757219122,-13.823357346500456
Second_83,75,83,ReRZV_2d,2024,0.774534668401281,dC_GP_NonPHN,-5.373514916059773,-5.397527252233683,-6.069077040142256,-4.542729769701639
Second_83,75,83,ReRZV_2d,2024,0.774534668401281,dC_GP_PHN,-2.387770572645749,-2.384170939778005,-2.8574889765886216,-1.9538205493696355
Second_83,75,83,ReRZV_2d,2024,0.774534668401281,dC_GP,-7.761285488705522,-7.784653020089797,-8.81791197207609,-6.559901556617496
Second_83,75,83,ReRZV_2d,2024,0.774534668401281,dC_Med,-25.451798553385547,-25.392670088342495,-30.601029255518043,-20.844482215297425
Second_83,75,83,ReRZV_2d,2024,0.774534668401281,dC_VacZVL,0,0,0,0
Second_83,75,83,ReRZV_2d,2024,0.774534668401281,dC_VacRZV,170,170,169.99999999999997,170.00000000000003
Second_83,75,83,ReRZV_2d,2024,0.774534668401281,dC_Vac,170,170,169.99999999999997,170.00000000000003
Second_83,75,83,ReRZV_2d,2024,0.774534668401281,dC_All,144.54820144661446,144.60732991165747,139.398970744482,149.15551778470257
Second_83,75,83,ReRZV_2d,2024,0.774534668401281,dC_Hosp_d,-17.690513064680026,-17.618943773715287,-22.236161757219122,-13.823357346500456
Second_83,75,83,ReRZV_2d,2024,0.774534668401281,dC_GP_NonPHN_d,-5.373514916059773,-5.397527252233683,-6.069077040142256,-4.542729769701639
Second_83,75,83,ReRZV_2d,2024,0.774534668401281,dC_GP_PHN_d,-2.387770572645749,-2.384170939778005,-2.8574889765886216,-1.9538205493696355
Second_83,75,83,ReRZV_2d,2024,0.774534668401281,dC_GP_d,-7.761285488705522,-7.784653020089797,-8.81791197207609,-6.559901556617496
Second_83,75,83,ReRZV_2d,2024,0.774534668401281,dC_Med_d,-25.451798553385547,-25.392670088342495,-30.601029255518043,-20.844482215297425
Second_83,75,83,ReRZV_2d,2024,0.774534668401281,dC_VacZVL_d,0,0,0,0
Second_83,75,83,ReRZV_2d,2024,0.774534668401281,dC_VacRZV_d,170,170,169.99999999999997,170.00000000000003
Second_83,75,83,ReRZV_2d,2024,0.774534668401281,dC_Vac_d,170,170,169.99999999999997,170.00000000000003
Second_83,75,83,ReRZV_2d,2024,0.774534668401281,dC_All_d,144.54820144661446,144.60732991165747,139.398970744482,149.15551778470257
Second_83,75,83,ReRZV_2d,2024,0.774534668401281,dN_VacZVL,0,0,0,0
Second_83,75,83,ReRZV_2d,2024,0.774534668401281,dN_VacRZV,2,2,2,2
Second_83,75,83,ReRZV_2d,2024,0.774534668401281,dN_VacZVL_d,0,0,0,0
Second_83,75,83,ReRZV_2d,2024,0.774534668401281,dN_VacRZV_d,2,2,2,2
Second_83,75,83,ReRZV_2d,2024,0.774534668401281,ICER,18021.34262453504,17823.88915702704,14507.625995755268,22484.815673551122
Second_83,75,83,ReRZV_2d,2024,0.774534668401281,Price0,85,85,84.99999999999999,85.00000000000001
Second_83,75,83,ReRZV_2d,2024,0.774534668401281,Thres20,93.84946061619205,93.80459822098413,76.81476266878227,111.92323380873381
Second_83,75,83,ReRZV_2d,2024,0.774534668401281,Thres30,134.41124128594168,134.23226937299782,109.70409118229942,160.81658238674737
Second_83,75,83,ReRZV_2d,2024,0.774534668401281,Thres20_50,NA,93.80459822098413,NA,NA
Second_83,75,83,ReRZV_2d,2024,0.774534668401281,Thres30_90,NA,118.15313504634577,NA,NA
Second_83,75,83,ReRZV_2d,2024,0.774534668401281,Thres,NA,93.80459822098413,NA,NA
Second_84,70,84,ReRZV_1d,2024,0.6667188262423928,N0,0.6667188262423928,0.6667188262423928,0.6667188262423928,0.6667188262423928
Second_84,70,84,ReRZV_1d,2024,0.6667188262423928,dYear_Life,5.066540524572786e-4,5.074798856313776e-4,3.9190920629175757e-4,6.206987039020669e-4
Second_84,70,84,ReRZV_1d,2024,0.6667188262423928,dYear_Immunised,5.255458595841285,5.302553506177345,4.223810605861641,5.929255836459144
Second_84,70,84,ReRZV_1d,2024,0.6667188262423928,dRisk_HZ,-0.07884881725580968,-0.0795737891288942,-0.08939752710876121,-0.06352768099585161
Second_84,70,84,ReRZV_1d,2024,0.6667188262423928,dRisk_Hosp,-0.006383425703786075,-0.0063739726119495365,-0.008008888986627808,-0.004928843489989232
Second_84,70,84,ReRZV_1d,2024,0.6667188262423928,dRisk_PHN,-0.0070371118610733285,-0.007066249613687806,-0.008451162613022232,-0.005521419055192245
Second_84,70,84,ReRZV_1d,2024,0.6667188262423928,dRisk_Death,-1.6734516891811607e-4,-1.6702176716003837e-4,-2.0569531775022892e-4,-1.293727617447076e-4
Second_84,70,84,ReRZV_1d,2024,0.6667188262423928,dQ_Life,3.3878113253928453e-4,3.395254793163812e-4,2.6179721576888136e-4,4.1491472521771087e-4
Second_84,70,84,ReRZV_1d,2024,0.6667188262423928,dQ_HZ,0.00765698861138301,0.00766188718871293,0.006027240663984316,0.009329120356967665
Second_84,70,84,ReRZV_1d,2024,0.6667188262423928,dQ_HZ_Norm,0.002183066749918712,0.002182961912078919,0.0017029823366510896,0.0026844194543324024
Second_84,70,84,ReRZV_1d,2024,0.6667188262423928,dQ_All,0.007986671646124054,0.007998681113187397,0.006279979928638093,0.009682888440549804
Second_84,70,84,ReRZV_1d,2024,0.6667188262423928,dQ_HZ_d,0.00765698861138301,0.00766188718871293,0.006027240663984316,0.009329120356967665
Second_84,70,84,ReRZV_1d,2024,0.6667188262423928,dQ_HZ_Norm_d,0.002183066749918712,0.002182961912078919,0.0017029823366510896,0.0026844194543324024
Second_84,70,84,ReRZV_1d,2024,0.6667188262423928,dQ_Life_d,3.3878113253928453e-4,3.395254793163812e-4,2.6179721576888136e-4,4.1491472521771087e-4
Second_84,70,84,ReRZV_1d,2024,0.6667188262423928,dQ_All_d,0.007995769743922304,0.008007479319578608,0.006287038399882717,0.009692324265245744
Second_84,70,84,ReRZV_1d,2024,0.6667188262423928,dC_Hosp,-18.099621822471285,-18.046171566474364,-22.96360453567203,-13.94461501459728
Second_84,70,84,ReRZV_1d,2024,0.6667188262423928,dC_GP_NonPHN,-5.241412593429141,-5.290734901140402,-5.9539268182903795,-4.211167854393351
Second_84,70,84,ReRZV_1d,2024,0.6667188262423928,dC_GP_PHN,-2.316984631037859,-2.3237822843409437,-2.8071243456358204,-1.800823569647869
Second_84,70,84,ReRZV_1d,2024,0.6667188262423928,dC_GP,-7.558397224467,-7.625970145405761,-8.623745387782906,-6.081430991797223
Second_84,70,84,ReRZV_1d,2024,0.6667188262423928,dC_Med,-25.658019046938286,-25.660275159814006,-31.01306128405322,-20.47681562404077
Second_84,70,84,ReRZV_1d,2024,0.6667188262423928,dC_VacZVL,0,0,0,0
Second_84,70,84,ReRZV_1d,2024,0.6667188262423928,dC_VacRZV,85,85,85,85
Second_84,70,84,ReRZV_1d,2024,0.6667188262423928,dC_Vac,85,85,85,85
Second_84,70,84,ReRZV_1d,2024,0.6667188262423928,dC_All,59.341980953061714,59.339724840185994,53.98693871594678,64.52318437595922
Second_84,70,84,ReRZV_1d,2024,0.6667188262423928,dC_Hosp_d,-18.099621822471285,-18.046171566474364,-22.96360453567203,-13.94461501459728
Second_84,70,84,ReRZV_1d,2024,0.6667188262423928,dC_GP_NonPHN_d,-5.241412593429141,-5.290734901140402,-5.9539268182903795,-4.211167854393351
Second_84,70,84,ReRZV_1d,2024,0.6667188262423928,dC_GP_PHN_d,-2.316984631037859,-2.3237822843409437,-2.8071243456358204,-1.800823569647869
Second_84,70,84,ReRZV_1d,2024,0.6667188262423928,dC_GP_d,-7.558397224467,-7.625970145405761,-8.623745387782906,-6.081430991797223
Second_84,70,84,ReRZV_1d,2024,0.6667188262423928,dC_Med_d,-25.658019046938286,-25.660275159814006,-31.01306128405322,-20.47681562404077
Second_84,70,84,ReRZV_1d,2024,0.6667188262423928,dC_VacZVL_d,0,0,0,0
Second_84,70,84,ReRZV_1d,2024,0.6667188262423928,dC_VacRZV_d,85,85,85,85
Second_84,70,84,ReRZV_1d,2024,0.6667188262423928,dC_Vac_d,85,85,85,85
Second_84,70,84,ReRZV_1d,2024,0.6667188262423928,dC_All_d,59.341980953061714,59.339724840185994,53.98693871594678,64.52318437595922
Second_84,70,84,ReRZV_1d,2024,0.6667188262423928,dN_VacZVL,0,0,0,0
Second_84,70,84,ReRZV_1d,2024,0.6667188262423928,dN_VacRZV,1,1,1,1
Second_84,70,84,ReRZV_1d,2024,0.6667188262423928,dN_VacZVL_d,0,0,0,0
Second_84,70,84,ReRZV_1d,2024,0.6667188262423928,dN_VacRZV_d,1,1,1,1
Second_84,70,84,ReRZV_1d,2024,0.6667188262423928,ICER,7534.422648775089,7390.960164047517,5819.201372415725,10197.537525656773
Second_84,70,84,ReRZV_1d,2024,0.6667188262423928,Price0,85,85,85,85
Second_84,70,84,ReRZV_1d,2024,0.6667188262423928,Thres20,185.57341392538436,186.08087006150834,146.76556772370654,221.32634001374728
Second_84,70,84,ReRZV_1d,2024,0.6667188262423928,Thres30,265.5311113646074,266.1596074093156,209.9340141940336,317.79065251359464
Second_84,70,84,ReRZV_1d,2024,0.6667188262423928,Thres20_50,NA,186.08087006150834,NA,NA
Second_84,70,84,ReRZV_1d,2024,0.6667188262423928,Thres30_90,NA,230.51835044943235,NA,NA
Second_84,70,84,ReRZV_1d,2024,0.6667188262423928,Thres,NA,186.08087006150834,NA,NA
Second_84,70,84,ReRZV_2d,2024,0.6667188262423928,N0,0.6667188262423928,0.6667188262423928,0.6667188262423928,0.6667188262423928
Second_84,70,84,ReRZV_2d,2024,0.6667188262423928,dYear_Life,5.277851214484226e-4,5.272968139134534e-4,4.280026112833763e-4,6.339739588623328e-4
Second_84,70,84,ReRZV_2d,2024,0.6667188262423928,dYear_Immunised,5.475086299441106,5.497194449664544,4.753891452523862,6.051763069693291
Second_84,70,84,ReRZV_2d,2024,0.6667188262423928,dRisk_HZ,-0.08214471967550226,-0.08246146030232525,-0.09118708299253359,-0.07112138933710367
Second_84,70,84,ReRZV_2d,2024,0.6667188262423928,dRisk_Hosp,-0.006649464893982343,-0.006621732822433415,-0.008252350022575792,-0.0052959192617133746
Second_84,70,84,ReRZV_2d,2024,0.6667188262423928,dRisk_PHN,-0.007330624380029642,-0.007333830293582876,-0.008651608632143622,-0.006072472371910036
Second_84,70,84,ReRZV_2d,2024,0.6667188262423928,dRisk_Death,-1.7429691992515073e-4,-1.7398268342722908e-4,-2.109703001847586e-4,-1.3982589188429916e-4
Second_84,70,84,ReRZV_2d,2024,0.6667188262423928,dQ_Life,3.5291646175538495e-4,3.5261016905658313e-4,2.859949931577708e-4,4.232416427618872e-4
Second_84,70,84,ReRZV_2d,2024,0.6667188262423928,dQ_HZ,0.007977172800091374,0.007946758403384319,0.006544790012115109,0.009588859620145261
Second_84,70,84,ReRZV_2d,2024,0.6667188262423928,dQ_HZ_Norm,0.0022744540215011446,0.0022674162589492062,0.0018511199375990954,0.002758800572952341
Second_84,70,84,ReRZV_2d,2024,0.6667188262423928,dQ_All,0.008320616323515925,0.008294406195736572,0.006849143504750333,0.009965651014277628
Second_84,70,84,ReRZV_2d,2024,0.6667188262423928,dQ_HZ_d,0.007977172800091374,0.007946758403384319,0.006544790012115109,0.009588859620145261
Second_84,70,84,ReRZV_2d,2024,0.6667188262423928,dQ_HZ_Norm_d,0.0022744540215011446,0.0022674162589492062,0.0018511199375990954,0.002758800572952341
Second_84,70,84,ReRZV_2d,2024,0.6667188262423928,dQ_Life_d,3.5291646175538495e-4,3.5261016905658313e-4,2.859949931577708e-4,4.232416427618872e-4
Second_84,70,84,ReRZV_2d,2024,0.6667188262423928,dQ_All_d,0.008330089261846765,0.008303622006971809,0.006857483575761277,0.009975966958261008
Second_84,70,84,ReRZV_2d,2024,0.6667188262423928,dC_Hosp,-18.853307223562442,-18.75443852683562,-23.425862637662835,-14.92507161380267
Second_84,70,84,ReRZV_2d,2024,0.6667188262423928,dC_GP_NonPHN,-5.460578753726297,-5.484885369252195,-6.078975871162496,-4.711337774506486
Second_84,70,84,ReRZV_2d,2024,0.6667188262423928,dC_GP_PHN,-2.413620468047221,-2.4071377429602494,-2.872704539207414,-1.9783314175062308
Second_84,70,84,ReRZV_2d,2024,0.6667188262423928,dC_GP,-7.874199221773518,-7.899876995056276,-8.806219407400487,-6.7817652886712985
Second_84,70,84,ReRZV_2d,2024,0.6667188262423928,dC_Med,-26.72750644533596,-26.66471827284696,-31.85212761947506,-22.288131654806715
Second_84,70,84,ReRZV_2d,2024,0.6667188262423928,dC_VacZVL,0,0,0,0
Second_84,70,84,ReRZV_2d,2024,0.6667188262423928,dC_VacRZV,170,170,170,170
Second_84,70,84,ReRZV_2d,2024,0.6667188262423928,dC_Vac,170,170,170,170
Second_84,70,84,ReRZV_2d,2024,0.6667188262423928,dC_All,143.27249355466404,143.33528172715302,138.14787238052494,147.7118683451933
Second_84,70,84,ReRZV_2d,2024,0.6667188262423928,dC_Hosp_d,-18.853307223562442,-18.75443852683562,-23.425862637662835,-14.92507161380267
Second_84,70,84,ReRZV_2d,2024,0.6667188262423928,dC_GP_NonPHN_d,-5.460578753726297,-5.484885369252195,-6.078975871162496,-4.711337774506486
Second_84,70,84,ReRZV_2d,2024,0.6667188262423928,dC_GP_PHN_d,-2.413620468047221,-2.4071377429602494,-2.872704539207414,-1.9783314175062308
Second_84,70,84,ReRZV_2d,2024,0.6667188262423928,dC_GP_d,-7.874199221773518,-7.899876995056276,-8.806219407400487,-6.7817652886712985
Second_84,70,84,ReRZV_2d,2024,0.6667188262423928,dC_Med_d,-26.72750644533596,-26.66471827284696,-31.85212761947506,-22.288131654806715
Second_84,70,84,ReRZV_2d,2024,0.6667188262423928,dC_VacZVL_d,0,0,0,0
Second_84,70,84,ReRZV_2d,2024,0.6667188262423928,dC_VacRZV_d,170,170,170,170
Second_84,70,84,ReRZV_2d,2024,0.6667188262423928,dC_Vac_d,170,170,170,170
Second_84,70,84,ReRZV_2d,2024,0.6667188262423928,dC_All_d,143.27249355466404,143.33528172715302,138.14787238052494,147.7118683451933
Second_84,70,84,ReRZV_2d,2024,0.6667188262423928,dN_VacZVL,0,0,0,0
Second_84,70,84,ReRZV_2d,2024,0.6667188262423928,dN_VacRZV,2,2,2,2
Second_84,70,84,ReRZV_2d,2024,0.6667188262423928,dN_VacZVL_d,0,0,0,0
Second_84,70,84,ReRZV_2d,2024,0.6667188262423928,dN_VacRZV_d,2,2,2,2
Second_84,70,84,ReRZV_2d,2024,0.6667188262423928,ICER,17369.47459232591,17216.63865913154,14169.069263047513,21242.89371939492
Second_84,70,84,ReRZV_2d,2024,0.6667188262423928,Price0,85,85,85,85
Second_84,70,84,ReRZV_2d,2024,0.6667188262423928,Thres20,96.66464584113564,96.50076795025748,80.64445127739063,114.10215955205231
Second_84,70,84,ReRZV_2d,2024,0.6667188262423928,Thres30,138.31509215036948,137.97668396420227,115.1597535007909,163.9641099464014
Second_84,70,84,ReRZV_2d,2024,0.6667188262423928,Thres20_50,NA,96.50076795025748,NA,NA
Second_84,70,84,ReRZV_2d,2024,0.6667188262423928,Thres30_90,NA,122.58127106206734,NA,NA
Second_84,70,84,ReRZV_2d,2024,0.6667188262423928,Thres,NA,96.50076795025748,NA,NA
Second_84,75,84,ReRZV_1d,2024,0.7315429113052911,N0,0.7315429113052911,0.7315429113052911,0.7315429113052911,0.7315429113052911
Second_84,75,84,ReRZV_1d,2024,0.7315429113052911,dYear_Life,4.707467625894656e-4,4.7202440026484626e-4,3.5786904136426344e-4,5.816367597620562e-4
Second_84,75,84,ReRZV_1d,2024,0.7315429113052911,dYear_Immunised,4.877667220959234,4.9142407519195155,3.8580955126843146,5.583217638027717
Second_84,75,84,ReRZV_1d,2024,0.7315429113052911,dRisk_HZ,-0.06664324545870365,-0.06720278929786384,-0.07670380945344119,-0.0529358994158053
Second_84,75,84,ReRZV_1d,2024,0.7315429113052911,dRisk_Hosp,-0.0054308418273798864,-0.005420776878376405,-0.00689604587165782,-0.004134912535260219
Second_84,75,84,ReRZV_1d,2024,0.7315429113052911,dRisk_PHN,-0.005940102699452135,-0.00596965551340793,-0.007208513997918863,-0.004556932981835198
Second_84,75,84,ReRZV_1d,2024,0.7315429113052911,dRisk_Death,-1.4280060646843987e-4,-1.427909766069036e-4,-1.7733366895509358e-4,-1.086901062044616e-4
Second_84,75,84,ReRZV_1d,2024,0.7315429113052911,dQ_Life,3.1452393458048346e-4,3.152515537734703e-4,2.387417288256137e-4,3.883570960778677e-4
Second_84,75,84,ReRZV_1d,2024,0.7315429113052911,dQ_HZ,0.007107191160994757,0.007118215570747364,0.005479759257786122,0.008703123187567365
Second_84,75,84,ReRZV_1d,2024,0.7315429113052911,dQ_HZ_Norm,0.0020238779569036434,0.00202560500650752,0.0015423872570207685,0.002513880160623562
Second_84,75,84,ReRZV_1d,2024,0.7315429113052911,dQ_All,0.0074130458070193125,0.007432024884811312,0.005723831258702617,0.009043783311574762
Second_84,75,84,ReRZV_1d,2024,0.7315429113052911,dQ_HZ_d,0.007107191160994757,0.007118215570747364,0.005479759257786122,0.008703123187567365
Second_84,75,84,ReRZV_1d,2024,0.7315429113052911,dQ_HZ_Norm_d,0.0020238779569036434,0.00202560500650752,0.0015423872570207685,0.002513880160623562
Second_84,75,84,ReRZV_1d,2024,0.7315429113052911,dQ_Life_d,3.1452393458048346e-4,3.152515537734703e-4,2.387417288256137e-4,3.883570960778677e-4
Second_84,75,84,ReRZV_1d,2024,0.7315429113052911,dQ_All_d,0.0074217150955752376,0.007439995813693182,0.0057301627735083915,0.009053391556459007
Second_84,75,84,ReRZV_1d,2024,0.7315429113052911,dC_Hosp,-16.91156300906901,-16.837305407224324,-21.646390242800344,-12.879335600721497
Second_84,75,84,ReRZV_1d,2024,0.7315429113052911,dC_GP_NonPHN,-4.857466630296546,-4.903230938510859,-5.6064213684447575,-3.8248327491727836
Second_84,75,84,ReRZV_1d,2024,0.7315429113052911,dC_GP_PHN,-2.14432699873196,-2.1514437507785713,-2.623802660943268,-1.633977067299369
Second_84,75,84,ReRZV_1d,2024,0.7315429113052911,dC_GP,-7.001793629028507,-7.062550311744227,-8.103036696499917,-5.515026757979381
Second_84,75,84,ReRZV_1d,2024,0.7315429113052911,dC_Med,-23.913356638097518,-23.938384112938543,-29.179318190460133,-18.788030402435442
Second_84,75,84,ReRZV_1d,2024,0.7315429113052911,dC_VacZVL,0,0,0,0
Second_84,75,84,ReRZV_1d,2024,0.7315429113052911,dC_VacRZV,85,85,85,85
Second_84,75,84,ReRZV_1d,2024,0.7315429113052911,dC_Vac,85,85,85,85
Second_84,75,84,ReRZV_1d,2024,0.7315429113052911,dC_All,61.08664336190248,61.06161588706145,55.82068180953987,66.21196959756456
Second_84,75,84,ReRZV_1d,2024,0.7315429113052911,dC_Hosp_d,-16.91156300906901,-16.837305407224324,-21.646390242800344,-12.879335600721497
Second_84,75,84,ReRZV_1d,2024,0.7315429113052911,dC_GP_NonPHN_d,-4.857466630296546,-4.903230938510859,-5.6064213684447575,-3.8248327491727836
Second_84,75,84,ReRZV_1d,2024,0.7315429113052911,dC_GP_PHN_d,-2.14432699873196,-2.1514437507785713,-2.623802660943268,-1.633977067299369
Second_84,75,84,ReRZV_1d,2024,0.7315429113052911,dC_GP_d,-7.001793629028507,-7.062550311744227,-8.103036696499917,-5.515026757979381
Second_84,75,84,ReRZV_1d,2024,0.7315429113052911,dC_Med_d,-23.913356638097518,-23.938384112938543,-29.179318190460133,-18.788030402435442
Second_84,75,84,ReRZV_1d,2024,0.7315429113052911,dC_VacZVL_d,0,0,0,0
Second_84,75,84,ReRZV_1d,2024,0.7315429113052911,dC_VacRZV_d,85,85,85,85
Second_84,75,84,ReRZV_1d,2024,0.7315429113052911,dC_Vac_d,85,85,85,85
Second_84,75,84,ReRZV_1d,2024,0.7315429113052911,dC_All_d,61.08664336190248,61.06161588706145,55.82068180953987,66.21196959756456
Second_84,75,84,ReRZV_1d,2024,0.7315429113052911,dN_VacZVL,0,0,0,0
Second_84,75,84,ReRZV_1d,2024,0.7315429113052911,dN_VacRZV,1,1,1,1
Second_84,75,84,ReRZV_1d,2024,0.7315429113052911,dN_VacZVL_d,0,0,0,0
Second_84,75,84,ReRZV_1d,2024,0.7315429113052911,dN_VacRZV_d,1,1,1,1
Second_84,75,84,ReRZV_1d,2024,0.7315429113052911,ICER,8372.198265478606,8167.34762249322,6353.604843462036,11538.799779092324
Second_84,75,84,ReRZV_1d,2024,0.7315429113052911,Price0,85,85,85,85
Second_84,75,84,ReRZV_1d,2024,0.7315429113052911,Thres20,172.34765854960227,173.14881773656793,133.27585559592777,207.76201795244012
Second_84,75,84,ReRZV_1d,2024,0.7315429113052911,Thres30,246.56480950535465,247.70638775435847,190.7539888575389,297.6044611553333
Second_84,75,84,ReRZV_1d,2024,0.7315429113052911,Thres20_50,NA,173.14881773656793,NA,NA
Second_84,75,84,ReRZV_1d,2024,0.7315429113052911,Thres30_90,NA,212.40586187876013,NA,NA
Second_84,75,84,ReRZV_1d,2024,0.7315429113052911,Thres,NA,173.14881773656793,NA,NA
Second_84,75,84,ReRZV_2d,2024,0.7315429113052911,N0,0.7315429113052911,0.7315429113052911,0.7315429113052911,0.7315429113052911
Second_84,75,84,ReRZV_2d,2024,0.7315429113052911,dYear_Life,4.918778525930466e-4,4.909945767290708e-4,3.934278207011335e-4,5.958266224931883e-4
Second_84,75,84,ReRZV_2d,2024,0.7315429113052911,dYear_Immunised,5.097295142019243,5.119443621913048,4.363991119856953,5.700776287422272
Second_84,75,84,ReRZV_2d,2024,0.7315429113052911,dRisk_HZ,-0.06964708872408293,-0.06994455772339173,-0.0782381380006281,-0.05933934015911325
Second_84,75,84,ReRZV_2d,2024,0.7315429113052911,dRisk_Hosp,-0.005673306540278056,-0.005657957670027193,-0.007083360080954596,-0.0044864002717106884
Second_84,75,84,ReRZV_2d,2024,0.7315429113052911,dRisk_PHN,-0.006207606252278446,-0.006216350444341377,-0.007396172620643652,-0.00506812777705474
Second_84,75,84,ReRZV_2d,2024,0.7315429113052911,dRisk_Death,-1.4913634325152553e-4,-1.4878862368402458e-4,-1.8246642445241478e-4,-1.1793593379898638e-4
Second_84,75,84,ReRZV_2d,2024,0.7315429113052911,dQ_Life,3.2865927785254606e-4,3.281507830372887e-4,2.6322913494151014e-4,3.9777460384296173e-4
Second_84,75,84,ReRZV_2d,2024,0.7315429113052911,dQ_HZ,0.0074273756666724065,0.007399831399442034,0.0060060364835005904,0.009002929270779128
Second_84,75,84,ReRZV_2d,2024,0.7315429113052911,dQ_HZ_Norm,0.0021152653189891626,0.002109846462023419,0.001694433398584194,0.002585114111134977
Second_84,75,84,ReRZV_2d,2024,0.7315429113052911,dQ_All,0.007746990815063677,0.007725972132493202,0.006324747605794856,0.009368227210813786
Second_84,75,84,ReRZV_2d,2024,0.7315429113052911,dQ_HZ_d,0.0074273756666724065,0.007399831399442034,0.0060060364835005904,0.009002929270779128
Second_84,75,84,ReRZV_2d,2024,0.7315429113052911,dQ_HZ_Norm_d,0.0021152653189891626,0.002109846462023419,0.001694433398584194,0.002585114111134977
Second_84,75,84,ReRZV_2d,2024,0.7315429113052911,dQ_Life_d,3.2865927785254606e-4,3.281507830372887e-4,2.6322913494151014e-4,3.9777460384296173e-4
Second_84,75,84,ReRZV_2d,2024,0.7315429113052911,dQ_All_d,0.007756034944524945,0.007735181971941339,0.006334464517890315,0.009378679581478113
Second_84,75,84,ReRZV_2d,2024,0.7315429113052911,dC_Hosp,-17.66524915621703,-17.565707786124744,-22.21108592364847,-13.849030098863263
Second_84,75,84,ReRZV_2d,2024,0.7315429113052911,dC_GP_NonPHN,-5.076633007615961,-5.09953027756691,-5.725944585875607,-4.313755623924522
Second_84,75,84,ReRZV_2d,2024,0.7315429113052911,dC_GP_PHN,-2.2409629314142716,-2.23922766606342,-2.6908087620785466,-1.8104178148367813
Second_84,75,84,ReRZV_2d,2024,0.7315429113052911,dC_GP,-7.317595939030233,-7.341858068145919,-8.283880571004682,-6.213628577381467
Second_84,75,84,ReRZV_2d,2024,0.7315429113052911,dC_Med,-24.98284509524726,-24.916019787331443,-30.093274104430442,-20.558764078244145
Second_84,75,84,ReRZV_2d,2024,0.7315429113052911,dC_VacZVL,0,0,0,0
Second_84,75,84,ReRZV_2d,2024,0.7315429113052911,dC_VacRZV,170,170,170,170
Second_84,75,84,ReRZV_2d,2024,0.7315429113052911,dC_Vac,170,170,170,170
Second_84,75,84,ReRZV_2d,2024,0.7315429113052911,dC_All,145.01715490475274,145.08398021266856,139.90672589556956,149.4412359217559
Second_84,75,84,ReRZV_2d,2024,0.7315429113052911,dC_Hosp_d,-17.66524915621703,-17.565707786124744,-22.21108592364847,-13.849030098863263
Second_84,75,84,ReRZV_2d,2024,0.7315429113052911,dC_GP_NonPHN_d,-5.076633007615961,-5.09953027756691,-5.725944585875607,-4.313755623924522
Second_84,75,84,ReRZV_2d,2024,0.7315429113052911,dC_GP_PHN_d,-2.2409629314142716,-2.23922766606342,-2.6908087620785466,-1.8104178148367813
Second_84,75,84,ReRZV_2d,2024,0.7315429113052911,dC_GP_d,-7.317595939030233,-7.341858068145919,-8.283880571004682,-6.213628577381467
Second_84,75,84,ReRZV_2d,2024,0.7315429113052911,dC_Med_d,-24.98284509524726,-24.916019787331443,-30.093274104430442,-20.558764078244145
Second_84,75,84,ReRZV_2d,2024,0.7315429113052911,dC_VacZVL_d,0,0,0,0
Second_84,75,84,ReRZV_2d,2024,0.7315429113052911,dC_VacRZV_d,170,170,170,170
Second_84,75,84,ReRZV_2d,2024,0.7315429113052911,dC_Vac_d,170,170,170,170
Second_84,75,84,ReRZV_2d,2024,0.7315429113052911,dC_All_d,145.01715490475274,145.08398021266856,139.90672589556956,149.4412359217559
Second_84,75,84,ReRZV_2d,2024,0.7315429113052911,dN_VacZVL,0,0,0,0
Second_84,75,84,ReRZV_2d,2024,0.7315429113052911,dN_VacRZV,2,2,2,2
Second_84,75,84,ReRZV_2d,2024,0.7315429113052911,dN_VacZVL_d,0,0,0,0
Second_84,75,84,ReRZV_2d,2024,0.7315429113052911,dN_VacRZV_d,2,2,2,2
Second_84,75,84,ReRZV_2d,2024,0.7315429113052911,ICER,18903.600038717286,18709.666934277506,15286.20558207273,23472.691246319057
Second_84,75,84,ReRZV_2d,2024,0.7315429113052911,Price0,85,85,85,85
Second_84,75,84,ReRZV_2d,2024,0.7315429113052911,Thres20,90.05177199287309,89.98981833560143,74.03726957785874,107.0557748407859
Second_84,75,84,ReRZV_2d,2024,0.7315429113052911,Thres30,128.83194671549782,128.6675230292775,105.81725816250254,153.93214737067763
Second_84,75,84,ReRZV_2d,2024,0.7315429113052911,Thres20_50,NA,89.98981833560143,NA,NA
Second_84,75,84,ReRZV_2d,2024,0.7315429113052911,Thres30_90,NA,113.42650367292269,NA,NA
Second_84,75,84,ReRZV_2d,2024,0.7315429113052911,Thres,NA,89.98981833560143,NA,NA
Second_85,70,85,ReRZV_1d,2024,0.6249134990564751,N0,0.6249134990564751,0.6249134990564751,0.6249134990564751,0.6249134990564751
Second_85,70,85,ReRZV_1d,2024,0.6249134990564751,dYear_Life,4.922997980961139e-4,4.925811132216149e-4,3.8111256714759833e-4,6.033460181386899e-4
Second_85,70,85,ReRZV_1d,2024,0.6249134990564751,dYear_Immunised,4.935682166887944,4.9820778226974705,3.972513289883403,5.543842555609457
Second_85,70,85,ReRZV_1d,2024,0.6249134990564751,dRisk_HZ,-0.0794051192605257,-0.08019323795581594,-0.08987978847021598,-0.06428751166998267
Second_85,70,85,ReRZV_1d,2024,0.6249134990564751,dRisk_Hosp,-0.006746237626274243,-0.006719809749659073,-0.008502759907296044,-0.005193060143872612
Second_85,70,85,ReRZV_1d,2024,0.6249134990564751,dRisk_PHN,-0.007033135148398954,-0.007066385255978823,-0.008481004577656522,-0.005505896317539434
Second_85,70,85,ReRZV_1d,2024,0.6249134990564751,dRisk_Death,-1.8170844272156244e-4,-1.8158005554164329e-4,-2.231632334227582e-4,-1.405849014625921e-4
Second_85,70,85,ReRZV_1d,2024,0.6249134990564751,dQ_Life,3.2787030416474885e-4,3.282096255017721e-4,2.537296199422454e-4,4.0177648988708046e-4
Second_85,70,85,ReRZV_1d,2024,0.6249134990564751,dQ_HZ,0.007215537001006707,0.007214806368917132,0.005674200836928852,0.008772130865829945
Second_85,70,85,ReRZV_1d,2024,0.6249134990564751,dQ_HZ_Norm,0.0020385549615215357,0.0020405023249913798,0.001593000371381422,0.0025039976339891632
Second_85,70,85,ReRZV_1d,2024,0.6249134990564751,dQ_All,0.007533772628026558,0.007545599089240216,0.005916088554603059,0.009121158212765736
Second_85,70,85,ReRZV_1d,2024,0.6249134990564751,dQ_HZ_d,0.007215537001006707,0.007214806368917132,0.005674200836928852,0.008772130865829945
Second_85,70,85,ReRZV_1d,2024,0.6249134990564751,dQ_HZ_Norm_d,0.0020385549615215357,0.0020405023249913798,0.001593000371381422,0.0025039976339891632
Second_85,70,85,ReRZV_1d,2024,0.6249134990564751,dQ_Life_d,3.2787030416474885e-4,3.282096255017721e-4,2.537296199422454e-4,4.0177648988708046e-4
Second_85,70,85,ReRZV_1d,2024,0.6249134990564751,dQ_All_d,0.007543407305171454,0.007555212164509977,0.005923198349801256,0.009131352566917869
Second_85,70,85,ReRZV_1d,2024,0.6249134990564751,dC_Hosp,-17.88011549458209,-17.8355866688545,-22.763623745405013,-13.625720201865851
Second_85,70,85,ReRZV_1d,2024,0.6249134990564751,dC_GP_NonPHN,-4.8834974259681605,-4.929475076982136,-5.532412939262282,-3.936018545204755
Second_85,70,85,ReRZV_1d,2024,0.6249134990564751,dC_GP_PHN,-2.1409062664680825,-2.1424167199874002,-2.6152854321894967,-1.6607908088771328
Second_85,70,85,ReRZV_1d,2024,0.6249134990564751,dC_GP,-7.024403692436243,-7.092975629640649,-7.986966200012909,-5.659599675634321
Second_85,70,85,ReRZV_1d,2024,0.6249134990564751,dC_Med,-24.90451918701833,-24.920038355875548,-30.257455663295705,-19.816654588792588
Second_85,70,85,ReRZV_1d,2024,0.6249134990564751,dC_VacZVL,0,0,0,0
Second_85,70,85,ReRZV_1d,2024,0.6249134990564751,dC_VacRZV,85,85,85,85
Second_85,70,85,ReRZV_1d,2024,0.6249134990564751,dC_Vac,85,85,85,85
Second_85,70,85,ReRZV_1d,2024,0.6249134990564751,dC_All,60.09548081298167,60.07996164412445,54.742544336704285,65.18334541120741
Second_85,70,85,ReRZV_1d,2024,0.6249134990564751,dC_Hosp_d,-17.88011549458209,-17.8355866688545,-22.763623745405013,-13.625720201865851
Second_85,70,85,ReRZV_1d,2024,0.6249134990564751,dC_GP_NonPHN_d,-4.8834974259681605,-4.929475076982136,-5.532412939262282,-3.936018545204755
Second_85,70,85,ReRZV_1d,2024,0.6249134990564751,dC_GP_PHN_d,-2.1409062664680825,-2.1424167199874002,-2.6152854321894967,-1.6607908088771328
Second_85,70,85,ReRZV_1d,2024,0.6249134990564751,dC_GP_d,-7.024403692436243,-7.092975629640649,-7.986966200012909,-5.659599675634321
Second_85,70,85,ReRZV_1d,2024,0.6249134990564751,dC_Med_d,-24.90451918701833,-24.920038355875548,-30.257455663295705,-19.816654588792588
Second_85,70,85,ReRZV_1d,2024,0.6249134990564751,dC_VacZVL_d,0,0,0,0
Second_85,70,85,ReRZV_1d,2024,0.6249134990564751,dC_VacRZV_d,85,85,85,85
Second_85,70,85,ReRZV_1d,2024,0.6249134990564751,dC_Vac_d,85,85,85,85
Second_85,70,85,ReRZV_1d,2024,0.6249134990564751,dC_All_d,60.09548081298167,60.07996164412445,54.742544336704285,65.18334541120741
Second_85,70,85,ReRZV_1d,2024,0.6249134990564751,dN_VacZVL,0,0,0,0
Second_85,70,85,ReRZV_1d,2024,0.6249134990564751,dN_VacRZV,1,1,1,1
Second_85,70,85,ReRZV_1d,2024,0.6249134990564751,dN_VacZVL_d,0,0,0,0
Second_85,70,85,ReRZV_1d,2024,0.6249134990564751,dN_VacRZV_d,1,1,1,1
Second_85,70,85,ReRZV_1d,2024,0.6249134990564751,ICER,8085.269974579433,7935.21938581086,6238.89253372717,10950.460728634656
Second_85,70,85,ReRZV_1d,2024,0.6249134990564751,Price0,85,85,85,85
Second_85,70,85,ReRZV_1d,2024,0.6249134990564751,Thres20,175.7726652904474,176.27309359407326,138.89493808771468,209.90797456307268
Second_85,70,85,ReRZV_1d,2024,0.6249134990564751,Thres30,251.20673834216197,251.64273690334673,198.68461821248272,301.3152479258669
Second_85,70,85,ReRZV_1d,2024,0.6249134990564751,Thres20_50,NA,176.27309359407326,NA,NA
Second_85,70,85,ReRZV_1d,2024,0.6249134990564751,Thres30_90,NA,218.22921396119466,NA,NA
Second_85,70,85,ReRZV_1d,2024,0.6249134990564751,Thres,NA,176.27309359407326,NA,NA
Second_85,70,85,ReRZV_2d,2024,0.6249134990564751,N0,0.6249134990564751,0.6249134990564751,0.6249134990564751,0.6249134990564751
Second_85,70,85,ReRZV_2d,2024,0.6249134990564751,dYear_Life,5.126490798461809e-4,5.119610242348888e-4,4.1579401257775143e-4,6.15270864212662e-4
Second_85,70,85,ReRZV_2d,2024,0.6249134990564751,dYear_Immunised,5.139928718477644,5.1660032387026185,4.4845155297758446,5.660658068854413
Second_85,70,85,ReRZV_2d,2024,0.6249134990564751,dRisk_HZ,-0.08269173515716594,-0.08303421728309526,-0.09134123901320317,-0.0720672215917735
Second_85,70,85,ReRZV_2d,2024,0.6249134990564751,dRisk_Hosp,-0.007024930076675071,-0.007007789974359061,-0.008706492757732,-0.0055985075477565
Second_85,70,85,ReRZV_2d,2024,0.6249134990564751,dRisk_PHN,-0.0073235749137715075,-0.007332693294390938,-0.008688504683088589,-0.00603514242385191
Second_85,70,85,ReRZV_2d,2024,0.6249134990564751,dRisk_Death,-1.891972701453577e-4,-1.8867340365817333e-4,-2.289456114831838e-4,-1.5243395453389544e-4
Second_85,70,85,ReRZV_2d,2024,0.6249134990564751,dQ_Life,3.4142710719865934e-4,3.4099602695243604e-4,2.769259995266653e-4,4.0961242794516743e-4
Second_85,70,85,ReRZV_2d,2024,0.6249134990564751,dQ_HZ,0.007514356014318234,0.007475479244172524,0.006171626046288394,0.009049425623824698
Second_85,70,85,ReRZV_2d,2024,0.6249134990564751,dQ_HZ_Norm,0.0021230577286209845,0.002116940590816785,0.0017281826920561613,0.0025712033113866406
Second_85,70,85,ReRZV_2d,2024,0.6249134990564751,dQ_All,0.007845753905265691,0.00781286592979834,0.006477458672662105,0.009388534688775596
Second_85,70,85,ReRZV_2d,2024,0.6249134990564751,dQ_HZ_d,0.007514356014318234,0.007475479244172524,0.006171626046288394,0.009049425623824698
Second_85,70,85,ReRZV_2d,2024,0.6249134990564751,dQ_HZ_Norm_d,0.0021230577286209845,0.002116940590816785,0.0017281826920561613,0.0025712033113866406
Second_85,70,85,ReRZV_2d,2024,0.6249134990564751,dQ_Life_d,3.4142710719865934e-4,3.4099602695243604e-4,2.769259995266653e-4,4.0961242794516743e-4
Second_85,70,85,ReRZV_2d,2024,0.6249134990564751,dQ_All_d,0.007855783121516888,0.00782363530454519,0.006487037132654702,0.009398868762107502
Second_85,70,85,ReRZV_2d,2024,0.6249134990564751,dC_Hosp,-18.618221741242913,-18.50300417806689,-23.28137930122275,-14.685165504459816
Second_85,70,85,ReRZV_2d,2024,0.6249134990564751,dC_GP_NonPHN,-5.085678219932984,-5.11456627416093,-5.6317990484426605,-4.411731554662151
Second_85,70,85,ReRZV_2d,2024,0.6249134990564751,dC_GP_PHN,-2.2293074144836083,-2.22676296477504,-2.6840376567726163,-1.8186513835514126
Second_85,70,85,ReRZV_2d,2024,0.6249134990564751,dC_GP,-7.314985634416592,-7.343137692649708,-8.163678001225806,-6.338866556538936
Second_85,70,85,ReRZV_2d,2024,0.6249134990564751,dC_Med,-25.933207375659507,-25.85126038490415,-31.081577226936076,-21.474372585896326
Second_85,70,85,ReRZV_2d,2024,0.6249134990564751,dC_VacZVL,0,0,0,0
Second_85,70,85,ReRZV_2d,2024,0.6249134990564751,dC_VacRZV,170,170,170,170
Second_85,70,85,ReRZV_2d,2024,0.6249134990564751,dC_Vac,170,170,170,170
Second_85,70,85,ReRZV_2d,2024,0.6249134990564751,dC_All,144.0667926243405,144.14873961509585,138.91842277306392,148.5256274141037
Second_85,70,85,ReRZV_2d,2024,0.6249134990564751,dC_Hosp_d,-18.618221741242913,-18.50300417806689,-23.28137930122275,-14.685165504459816
Second_85,70,85,ReRZV_2d,2024,0.6249134990564751,dC_GP_NonPHN_d,-5.085678219932984,-5.11456627416093,-5.6317990484426605,-4.411731554662151
Second_85,70,85,ReRZV_2d,2024,0.6249134990564751,dC_GP_PHN_d,-2.2293074144836083,-2.22676296477504,-2.6840376567726163,-1.8186513835514126
Second_85,70,85,ReRZV_2d,2024,0.6249134990564751,dC_GP_d,-7.314985634416592,-7.343137692649708,-8.163678001225806,-6.338866556538936
Second_85,70,85,ReRZV_2d,2024,0.6249134990564751,dC_Med_d,-25.933207375659507,-25.85126038490415,-31.081577226936076,-21.474372585896326
Second_85,70,85,ReRZV_2d,2024,0.6249134990564751,dC_VacZVL_d,0,0,0,0
Second_85,70,85,ReRZV_2d,2024,0.6249134990564751,dC_VacRZV_d,170,170,170,170
Second_85,70,85,ReRZV_2d,2024,0.6249134990564751,dC_Vac_d,170,170,170,170
Second_85,70,85,ReRZV_2d,2024,0.6249134990564751,dC_All_d,144.0667926243405,144.14873961509585,138.91842277306392,148.5256274141037
Second_85,70,85,ReRZV_2d,2024,0.6249134990564751,dN_VacZVL,0,0,0,0
Second_85,70,85,ReRZV_2d,2024,0.6249134990564751,dN_VacRZV,2,2,2,2
Second_85,70,85,ReRZV_2d,2024,0.6249134990564751,dN_VacZVL_d,0,0,0,0
Second_85,70,85,ReRZV_2d,2024,0.6249134990564751,dN_VacRZV_d,2,2,2,2
Second_85,70,85,ReRZV_2d,2024,0.6249134990564751,ICER,18517.38018216515,18391.65235888658,15142.600991881325,22497.977083840047
Second_85,70,85,ReRZV_2d,2024,0.6249134990564751,Price0,85,85,85,85
Second_85,70,85,ReRZV_2d,2024,0.6249134990564751,Thres20,91.52443490299864,91.31405252846449,76.79269872765423,107.8751161562867
Second_85,70,85,ReRZV_2d,2024,0.6249134990564751,Thres30,130.80335051058307,130.317409600301,109.48589366468144,154.94570684878454
Second_85,70,85,ReRZV_2d,2024,0.6249134990564751,Thres20_50,NA,91.31405252846449,NA,NA
Second_85,70,85,ReRZV_2d,2024,0.6249134990564751,Thres30_90,NA,116.09884681795316,NA,NA
Second_85,70,85,ReRZV_2d,2024,0.6249134990564751,Thres,NA,91.31405252846449,NA,NA
Second_85,75,85,ReRZV_1d,2024,0.6856735957691706,N0,0.6856735957691706,0.6856735957691706,0.6856735957691706,0.6856735957691706
Second_85,75,85,ReRZV_1d,2024,0.6856735957691706,dYear_Life,4.607844492365571e-4,4.613853480563784e-4,3.4953025542464207e-4,5.712232973058667e-4
Second_85,75,85,ReRZV_1d,2024,0.6856735957691706,dYear_Immunised,4.622096678264262,4.659914684238602,3.673536724332317,5.270207216513516
Second_85,75,85,ReRZV_1d,2024,0.6856735957691706,dRisk_HZ,-0.067723293806797,-0.06834185698232788,-0.07769540258611334,-0.05388186453475662
Second_85,75,85,ReRZV_1d,2024,0.6856735957691706,dRisk_Hosp,-0.005780853853250081,-0.005757456590400998,-0.007318173863671724,-0.004426233674189399
Second_85,75,85,ReRZV_1d,2024,0.6856735957691706,dRisk_PHN,-0.005991939863630137,-0.006015938137597456,-0.007338087345212414,-0.004597743358029873
Second_85,75,85,ReRZV_1d,2024,0.6856735957691706,dRisk_Death,-1.559676529234059e-4,-1.558458491059198e-4,-1.933490271515386e-4,-1.1901429190812973e-4
Second_85,75,85,ReRZV_1d,2024,0.6856735957691706,dQ_Life,3.066802352254354e-4,3.0711202252556394e-4,2.324790160011476e-4,3.8016621417057914e-4
Second_85,75,85,ReRZV_1d,2024,0.6856735957691706,dQ_HZ,0.00675664084373936,0.006767399832034593,0.00523552123323662,0.00826567126892577
Second_85,75,85,ReRZV_1d,2024,0.6856735957691706,dQ_HZ_Norm,0.0019071932041275622,0.0019080468798311277,0.0014573105701733819,0.002364059073976268
Second_85,75,85,ReRZV_1d,2024,0.6856735957691706,dQ_All,0.007054111150594567,0.007070018433267359,0.005469939195649355,0.008582004139809047
Second_85,75,85,ReRZV_1d,2024,0.6856735957691706,dQ_HZ_d,0.00675664084373936,0.006767399832034593,0.00523552123323662,0.00826567126892577
Second_85,75,85,ReRZV_1d,2024,0.6856735957691706,dQ_HZ_Norm_d,0.0019071932041275622,0.0019080468798311277,0.0014573105701733819,0.002364059073976268
Second_85,75,85,ReRZV_1d,2024,0.6856735957691706,dQ_Life_d,3.066802352254354e-4,3.0711202252556394e-4,2.324790160011476e-4,3.8016621417057914e-4
Second_85,75,85,ReRZV_1d,2024,0.6856735957691706,dQ_All_d,0.007063321078964804,0.007079514625145769,0.005477522101441561,0.008591754161867258
Second_85,75,85,ReRZV_1d,2024,0.6856735957691706,dC_Hosp,-16.822416930494494,-16.745015931298965,-21.634884055724438,-12.729533010447422
Second_85,75,85,ReRZV_1d,2024,0.6856735957691706,dC_GP_NonPHN,-4.56746970079321,-4.61130322866169,-5.244979088151779,-3.6087056507866673
Second_85,75,85,ReRZV_1d,2024,0.6856735957691706,dC_GP_PHN,-2.0000709229250173,-2.0068058217946545,-2.4725051704674996,-1.5246950012907179
Second_85,75,85,ReRZV_1d,2024,0.6856735957691706,dC_GP,-6.5675406237182274,-6.636983022843821,-7.575666613667071,-5.193698137612545
Second_85,75,85,ReRZV_1d,2024,0.6856735957691706,dC_Med,-23.38995755421272,-23.41515686074076,-28.630251290016872,-18.3091840643155
Second_85,75,85,ReRZV_1d,2024,0.6856735957691706,dC_VacZVL,0,0,0,0
Second_85,75,85,ReRZV_1d,2024,0.6856735957691706,dC_VacRZV,85,85,85,85
Second_85,75,85,ReRZV_1d,2024,0.6856735957691706,dC_Vac,85,85,85,85
Second_85,75,85,ReRZV_1d,2024,0.6856735957691706,dC_All,61.61004244578728,61.58484313925925,56.36974870998313,66.69081593568451
Second_85,75,85,ReRZV_1d,2024,0.6856735957691706,dC_Hosp_d,-16.822416930494494,-16.745015931298965,-21.634884055724438,-12.729533010447422
Second_85,75,85,ReRZV_1d,2024,0.6856735957691706,dC_GP_NonPHN_d,-4.56746970079321,-4.61130322866169,-5.244979088151779,-3.6087056507866673
Second_85,75,85,ReRZV_1d,2024,0.6856735957691706,dC_GP_PHN_d,-2.0000709229250173,-2.0068058217946545,-2.4725051704674996,-1.5246950012907179
Second_85,75,85,ReRZV_1d,2024,0.6856735957691706,dC_GP_d,-6.5675406237182274,-6.636983022843821,-7.575666613667071,-5.193698137612545
Second_85,75,85,ReRZV_1d,2024,0.6856735957691706,dC_Med_d,-23.38995755421272,-23.41515686074076,-28.630251290016872,-18.3091840643155
Second_85,75,85,ReRZV_1d,2024,0.6856735957691706,dC_VacZVL_d,0,0,0,0
Second_85,75,85,ReRZV_1d,2024,0.6856735957691706,dC_VacRZV_d,85,85,85,85
Second_85,75,85,ReRZV_1d,2024,0.6856735957691706,dC_Vac_d,85,85,85,85
Second_85,75,85,ReRZV_1d,2024,0.6856735957691706,dC_All_d,61.61004244578728,61.58484313925925,56.36974870998313,66.69081593568451
Second_85,75,85,ReRZV_1d,2024,0.6856735957691706,dN_VacZVL,0,0,0,0
Second_85,75,85,ReRZV_1d,2024,0.6856735957691706,dN_VacRZV,1,1,1,1
Second_85,75,85,ReRZV_1d,2024,0.6856735957691706,dN_VacZVL_d,0,0,0,0
Second_85,75,85,ReRZV_1d,2024,0.6856735957691706,dN_VacRZV_d,1,1,1,1
Second_85,75,85,ReRZV_1d,2024,0.6856735957691706,ICER,8868.31669719947,8665.321162493172,6782.913146320102,12150.376439064117
Second_85,75,85,ReRZV_1d,2024,0.6856735957691706,Price0,85,85,85,85
Second_85,75,85,ReRZV_1d,2024,0.6856735957691706,Thres20,164.6563791335088,165.2608177441199,128.031673693057,198.40753367427894
Second_85,75,85,ReRZV_1d,2024,0.6856735957691706,Thres30,235.28958992315685,235.87008614655355,183.32623179753602,284.0670861992924
Second_85,75,85,ReRZV_1d,2024,0.6856735957691706,Thres20_50,NA,165.2608177441199,NA,NA
Second_85,75,85,ReRZV_1d,2024,0.6856735957691706,Thres30_90,NA,202.48120222723992,NA,NA
Second_85,75,85,ReRZV_1d,2024,0.6856735957691706,Thres,NA,165.2608177441199,NA,NA
Second_85,75,85,ReRZV_2d,2024,0.6856735957691706,N0,0.6856735957691706,0.6856735957691706,0.6856735957691706,0.6856735957691706
Second_85,75,85,ReRZV_2d,2024,0.6856735957691706,dYear_Life,4.81133752184574e-4,4.798388807461129e-4,3.848783702217881e-4,5.815620773421813e-4
Second_85,75,85,ReRZV_2d,2024,0.6856735957691706,dYear_Immunised,4.826343441590838,4.851710617710975,4.1369271914188905,5.37479406507611
Second_85,75,85,ReRZV_2d,2024,0.6856735957691706,dRisk_HZ,-0.07071867048812108,-0.07104967958662092,-0.07898507729467254,-0.06055492212555532
Second_85,75,85,ReRZV_2d,2024,0.6856735957691706,dRisk_Hosp,-0.006034850334060933,-0.006020195514105944,-0.007524709152851092,-0.0047765654574809325
Second_85,75,85,ReRZV_2d,2024,0.6856735957691706,dRisk_PHN,-0.006256642685831975,-0.006267038675128369,-0.0074744362733967645,-0.005098268913893602
Second_85,75,85,ReRZV_2d,2024,0.6856735957691706,dRisk_Death,-1.6279286748965138e-4,-1.623054443873742e-4,-1.9815668023809622e-4,-1.2935175823900678e-4
Second_85,75,85,ReRZV_2d,2024,0.6856735957691706,dQ_Life,3.202370523814891e-4,3.195009014060803e-4,2.5670943880720724e-4,3.8692512951393515e-4
Second_85,75,85,ReRZV_2d,2024,0.6856735957691706,dQ_HZ,0.007055460166766874,0.007025208822868121,0.005731076918247303,0.008520536597092702
Second_85,75,85,ReRZV_2d,2024,0.6856735957691706,dQ_HZ_Norm,0.00199169605884241,0.0019850468600460095,0.0015941686940618986,0.0024265278042397286
Second_85,75,85,ReRZV_2d,2024,0.6856735957691706,dQ_All,0.007366092751260806,0.0073458026988090334,0.006004016402497637,0.008879306371245304
Second_85,75,85,ReRZV_2d,2024,0.6856735957691706,dQ_HZ_d,0.007055460166766874,0.007025208822868121,0.005731076918247303,0.008520536597092702
Second_85,75,85,ReRZV_2d,2024,0.6856735957691706,dQ_HZ_Norm_d,0.00199169605884241,0.0019850468600460095,0.0015941686940618986,0.0024265278042397286
Second_85,75,85,ReRZV_2d,2024,0.6856735957691706,dQ_Life_d,3.202370523814891e-4,3.195009014060803e-4,2.5670943880720724e-4,3.8692512951393515e-4
Second_85,75,85,ReRZV_2d,2024,0.6856735957691706,dQ_All_d,0.007375697219148364,0.0073562480410811065,0.00601295186581996,0.00889040508310715
Second_85,75,85,ReRZV_2d,2024,0.6856735957691706,dC_Hosp,-17.560523942175152,-17.43871964242515,-22.113292333617714,-13.729300252442677
Second_85,75,85,ReRZV_2d,2024,0.6856735957691706,dC_GP_NonPHN,-4.769650704364737,-4.792829414418728,-5.345934559968964,-4.06601736996905
Second_85,75,85,ReRZV_2d,2024,0.6856735957691706,dC_GP_PHN,-2.088472162595792,-2.0841641448336774,-2.532679831864144,-1.6831556864024517
Second_85,75,85,ReRZV_2d,2024,0.6856735957691706,dC_GP,-6.858122866960529,-6.883891593413922,-7.744802186134181,-5.856610479290751
Second_85,75,85,ReRZV_2d,2024,0.6856735957691706,dC_Med,-24.41864680913568,-24.365642177679284,-29.431213434317694,-20.090340553457974
Second_85,75,85,ReRZV_2d,2024,0.6856735957691706,dC_VacZVL,0,0,0,0
Second_85,75,85,ReRZV_2d,2024,0.6856735957691706,dC_VacRZV,170,170,170,170
Second_85,75,85,ReRZV_2d,2024,0.6856735957691706,dC_Vac,170,170,170,170
Second_85,75,85,ReRZV_2d,2024,0.6856735957691706,dC_All,145.58135319086432,145.6343578223207,140.5687865656823,149.90965944654204
Second_85,75,85,ReRZV_2d,2024,0.6856735957691706,dC_Hosp_d,-17.560523942175152,-17.43871964242515,-22.113292333617714,-13.729300252442677
Second_85,75,85,ReRZV_2d,2024,0.6856735957691706,dC_GP_NonPHN_d,-4.769650704364737,-4.792829414418728,-5.345934559968964,-4.06601736996905
Second_85,75,85,ReRZV_2d,2024,0.6856735957691706,dC_GP_PHN_d,-2.088472162595792,-2.0841641448336774,-2.532679831864144,-1.6831556864024517
Second_85,75,85,ReRZV_2d,2024,0.6856735957691706,dC_GP_d,-6.858122866960529,-6.883891593413922,-7.744802186134181,-5.856610479290751
Second_85,75,85,ReRZV_2d,2024,0.6856735957691706,dC_Med_d,-24.41864680913568,-24.365642177679284,-29.431213434317694,-20.090340553457974
Second_85,75,85,ReRZV_2d,2024,0.6856735957691706,dC_VacZVL_d,0,0,0,0
Second_85,75,85,ReRZV_2d,2024,0.6856735957691706,dC_VacRZV_d,170,170,170,170
Second_85,75,85,ReRZV_2d,2024,0.6856735957691706,dC_Vac_d,170,170,170,170
Second_85,75,85,ReRZV_2d,2024,0.6856735957691706,dC_All_d,145.58135319086432,145.6343578223207,140.5687865656823,149.90965944654204
Second_85,75,85,ReRZV_2d,2024,0.6856735957691706,dN_VacZVL,0,0,0,0
Second_85,75,85,ReRZV_2d,2024,0.6856735957691706,dN_VacRZV,2,2,2,2
Second_85,75,85,ReRZV_2d,2024,0.6856735957691706,dN_VacZVL_d,0,0,0,0
Second_85,75,85,ReRZV_2d,2024,0.6856735957691706,dN_VacRZV_d,2,2,2,2
Second_85,75,85,ReRZV_2d,2024,0.6856735957691706,ICER,19950.742188817814,19765.837113470978,16173.535074816264,24573.8426606457
Second_85,75,85,ReRZV_2d,2024,0.6856735957691706,Price0,85,85,85,85
Second_85,75,85,ReRZV_2d,2024,0.6856735957691706,Thres20,85.96629559605148,85.86498289825579,71.07746396414593,102.01362190673883
Second_85,75,85,ReRZV_2d,2024,0.6856735957691706,Thres30,122.8447816917933,122.53689769735172,101.36499056415286,146.2675057969551
Second_85,75,85,ReRZV_2d,2024,0.6856735957691706,Thres20_50,NA,85.86498289825579,NA,NA
Second_85,75,85,ReRZV_2d,2024,0.6856735957691706,Thres30_90,NA,108.12813351233737,NA,NA
Second_85,75,85,ReRZV_2d,2024,0.6856735957691706,Thres,NA,85.86498289825579,NA,NA
Second_86,70,86,ReRZV_1d,2024,0.5806286900737984,N0,0.5806286900737984,0.5806286900737984,0.5806286900737984,0.5806286900737984
Second_86,70,86,ReRZV_1d,2024,0.5806286900737984,dYear_Life,4.7321144843820716e-4,4.737911827695832e-4,3.6637958875732264e-4,5.81313118636184e-4
Second_86,70,86,ReRZV_1d,2024,0.5806286900737984,dYear_Immunised,4.619747211821239,4.663289660659845,3.7258112015593237,5.170854781718242
Second_86,70,86,ReRZV_1d,2024,0.5806286900737984,dRisk_HZ,-0.08038517346539363,-0.0811901676732398,-0.0907548382801197,-0.06501849956184837
Second_86,70,86,ReRZV_1d,2024,0.5806286900737984,dRisk_Hosp,-0.007144196460542839,-0.007114723114777466,-0.009028708445359208,-0.00551907010839196
Second_86,70,86,ReRZV_1d,2024,0.5806286900737984,dRisk_PHN,-0.007059406170979404,-0.0070842625529603616,-0.008592935762718964,-0.005512733581776121
Second_86,70,86,ReRZV_1d,2024,0.5806286900737984,dRisk_Death,-1.977874466621819e-4,-1.9734477667037804e-4,-2.4281911453093505e-4,-1.528195161102274e-4
Second_86,70,86,ReRZV_1d,2024,0.5806286900737984,dQ_Life,3.13747113604782e-4,3.141587030348362e-4,2.4280064857835725e-4,3.8526726045871163e-4
Second_86,70,86,ReRZV_1d,2024,0.5806286900737984,dQ_HZ,0.006768220611827089,0.006763654240139316,0.00530873821003981,0.008250168148920977
Second_86,70,86,ReRZV_1d,2024,0.5806286900737984,dQ_HZ_Norm,0.001895072938398219,0.0018952035471807493,0.0014812035520983715,0.0023252301996233146
Second_86,70,86,ReRZV_1d,2024,0.5806286900737984,dQ_All,0.007071749452034868,0.007080860712202108,0.005555008316361736,0.00856437534140289
Second_86,70,86,ReRZV_1d,2024,0.5806286900737984,dQ_HZ_d,0.006768220611827089,0.006763654240139316,0.00530873821003981,0.008250168148920977
Second_86,70,86,ReRZV_1d,2024,0.5806286900737984,dQ_HZ_Norm_d,0.001895072938398219,0.0018952035471807493,0.0014812035520983715,0.0023252301996233146
Second_86,70,86,ReRZV_1d,2024,0.5806286900737984,dQ_Life_d,3.13747113604782e-4,3.141587030348362e-4,2.4280064857835725e-4,3.8526726045871163e-4
Second_86,70,86,ReRZV_1d,2024,0.5806286900737984,dQ_All_d,0.007081967725431865,0.007091788129210609,0.005563012406327793,0.008576152168718888
Second_86,70,86,ReRZV_1d,2024,0.5806286900737984,dC_Hosp,-17.528796087912063,-17.440657823834677,-22.217150717893603,-13.377877630929321
Second_86,70,86,ReRZV_1d,2024,0.5806286900737984,dC_GP_NonPHN,-4.529073300698645,-4.571427558476378,-5.132269751784243,-3.640688505484167
Second_86,70,86,ReRZV_1d,2024,0.5806286900737984,dC_GP_PHN,-1.9670232118431743,-1.966608972108504,-2.414895238455991,-1.5183767235633567
Second_86,70,86,ReRZV_1d,2024,0.5806286900737984,dC_GP,-6.496096512541819,-6.554068624693791,-7.39156557388005,-5.268980004816931
Second_86,70,86,ReRZV_1d,2024,0.5806286900737984,dC_Med,-24.02489260045388,-24.02472620489607,-29.194757990461365,-19.06475699033332
Second_86,70,86,ReRZV_1d,2024,0.5806286900737984,dC_VacZVL,0,0,0,0
Second_86,70,86,ReRZV_1d,2024,0.5806286900737984,dC_VacRZV,85,85,85,85
Second_86,70,86,ReRZV_1d,2024,0.5806286900737984,dC_Vac,85,85,85,85
Second_86,70,86,ReRZV_1d,2024,0.5806286900737984,dC_All,60.97510739954612,60.97527379510393,55.805242009538624,65.93524300966668
Second_86,70,86,ReRZV_1d,2024,0.5806286900737984,dC_Hosp_d,-17.528796087912063,-17.440657823834677,-22.217150717893603,-13.377877630929321
Second_86,70,86,ReRZV_1d,2024,0.5806286900737984,dC_GP_NonPHN_d,-4.529073300698645,-4.571427558476378,-5.132269751784243,-3.640688505484167
Second_86,70,86,ReRZV_1d,2024,0.5806286900737984,dC_GP_PHN_d,-1.9670232118431743,-1.966608972108504,-2.414895238455991,-1.5183767235633567
Second_86,70,86,ReRZV_1d,2024,0.5806286900737984,dC_GP_d,-6.496096512541819,-6.554068624693791,-7.39156557388005,-5.268980004816931
Second_86,70,86,ReRZV_1d,2024,0.5806286900737984,dC_Med_d,-24.02489260045388,-24.02472620489607,-29.194757990461365,-19.06475699033332
Second_86,70,86,ReRZV_1d,2024,0.5806286900737984,dC_VacZVL_d,0,0,0,0
Second_86,70,86,ReRZV_1d,2024,0.5806286900737984,dC_VacRZV_d,85,85,85,85
Second_86,70,86,ReRZV_1d,2024,0.5806286900737984,dC_Vac_d,85,85,85,85
Second_86,70,86,ReRZV_1d,2024,0.5806286900737984,dC_All_d,60.97510739954612,60.97527379510393,55.805242009538624,65.93524300966668
Second_86,70,86,ReRZV_1d,2024,0.5806286900737984,dN_VacZVL,0,0,0,0
Second_86,70,86,ReRZV_1d,2024,0.5806286900737984,dN_VacRZV,1,1,1,1
Second_86,70,86,ReRZV_1d,2024,0.5806286900737984,dN_VacZVL_d,0,0,0,0
Second_86,70,86,ReRZV_1d,2024,0.5806286900737984,dN_VacRZV_d,1,1,1,1
Second_86,70,86,ReRZV_1d,2024,0.5806286900737984,ICER,8736.76675505831,8580.443517028503,6796.279583724821,11735.922002957666
Second_86,70,86,ReRZV_1d,2024,0.5806286900737984,Price0,85,85,85,85
Second_86,70,86,ReRZV_1d,2024,0.5806286900737984,Thres20,165.66424710909118,166.16100609351756,130.95214657274585,197.97448924079131
Second_86,70,86,ReRZV_1d,2024,0.5806286900737984,Thres30,236.48392436340984,237.12810805643275,186.7049814290759,283.4599335861093
Second_86,70,86,ReRZV_1d,2024,0.5806286900737984,Thres20_50,NA,166.16100609351756,NA,NA
Second_86,70,86,ReRZV_1d,2024,0.5806286900737984,Thres30_90,NA,205.01508835113944,NA,NA
Second_86,70,86,ReRZV_1d,2024,0.5806286900737984,Thres,NA,166.16100609351756,NA,NA
Second_86,70,86,ReRZV_2d,2024,0.5806286900737984,N0,0.5806286900737984,0.5806286900737984,0.5806286900737984,0.5806286900737984
Second_86,70,86,ReRZV_2d,2024,0.5806286900737984,dYear_Life,4.926097884239278e-4,4.909796361162915e-4,3.9920091752731264e-4,5.913993111938733e-4
Second_86,70,86,ReRZV_2d,2024,0.5806286900737984,dYear_Immunised,4.8092371724251315,4.835030880905249,4.206596893914977,5.273438562470045
Second_86,70,86,ReRZV_2d,2024,0.5806286900737984,dRisk_HZ,-0.08368285680004119,-0.08413110480122624,-0.092089718234069,-0.0731755594399945
Second_86,70,86,ReRZV_2d,2024,0.5806286900737984,dRisk_Hosp,-0.007436903219970175,-0.007398715160570084,-0.009208363814528032,-0.005910693345697868
Second_86,70,86,ReRZV_2d,2024,0.5806286900737984,dRisk_PHN,-0.007348281396692318,-0.007352293206671571,-0.008755387995592709,-0.006017282508821563
Second_86,70,86,ReRZV_2d,2024,0.5806286900737984,dRisk_Death,-2.058780522382933e-4,-2.050761560902783e-4,-2.4853485936503396e-4,-1.6639281633884525e-4
Second_86,70,86,ReRZV_2d,2024,0.5806286900737984,dQ_Life,3.2661157792310735e-4,3.2544416500444125e-4,2.6449882404829716e-4,3.9215373780980957e-4
Second_86,70,86,ReRZV_2d,2024,0.5806286900737984,dQ_HZ,0.007046069939859566,0.007016563679991717,0.005783681862341279,0.008486528519722387
Second_86,70,86,ReRZV_2d,2024,0.5806286900737984,dQ_HZ_Norm,0.001972933129316798,0.001966864550805053,0.0016024466740462324,0.0023806424035308906
Second_86,70,86,ReRZV_2d,2024,0.5806286900737984,dQ_All,0.007362047275416983,0.0073314703006581074,0.006081460308361653,0.008820820607436249
Second_86,70,86,ReRZV_2d,2024,0.5806286900737984,dQ_HZ_d,0.007046069939859566,0.007016563679991717,0.005783681862341279,0.008486528519722387
Second_86,70,86,ReRZV_2d,2024,0.5806286900737984,dQ_HZ_Norm_d,0.001972933129316798,0.001966864550805053,0.0016024466740462324,0.0023806424035308906
Second_86,70,86,ReRZV_2d,2024,0.5806286900737984,dQ_Life_d,3.2661157792310735e-4,3.2544416500444125e-4,2.6449882404829716e-4,3.9215373780980957e-4
Second_86,70,86,ReRZV_2d,2024,0.5806286900737984,dQ_All_d,0.007372681517782674,0.007342505365665069,0.006089592373693694,0.008831364859705407
Second_86,70,86,ReRZV_2d,2024,0.5806286900737984,dC_Hosp,-18.246542561900423,-18.155325996263844,-22.829394738078125,-14.293487190055508
Second_86,70,86,ReRZV_2d,2024,0.5806286900737984,dC_GP_NonPHN,-4.714909727640116,-4.736571495748517,-5.210300185519953,-4.095176400268914
Second_86,70,86,ReRZV_2d,2024,0.5806286900737984,dC_GP_PHN,-2.047500902491782,-2.042248892422868,-2.4734079794963173,-1.6525240715909446
Second_86,70,86,ReRZV_2d,2024,0.5806286900737984,dC_GP,-6.762410630131898,-6.78787401105474,-7.536195649730112,-5.873711631289537
Second_86,70,86,ReRZV_2d,2024,0.5806286900737984,dC_Med,-25.00895319203232,-24.9015699128445,-29.936979859688794,-20.63860648194959
Second_86,70,86,ReRZV_2d,2024,0.5806286900737984,dC_VacZVL,0,0,0,0
Second_86,70,86,ReRZV_2d,2024,0.5806286900737984,dC_VacRZV,170,170,170,170
Second_86,70,86,ReRZV_2d,2024,0.5806286900737984,dC_Vac,170,170,170,170
Second_86,70,86,ReRZV_2d,2024,0.5806286900737984,dC_All,144.99104680796768,145.0984300871555,140.0630201403112,149.36139351805042
Second_86,70,86,ReRZV_2d,2024,0.5806286900737984,dC_Hosp_d,-18.246542561900423,-18.155325996263844,-22.829394738078125,-14.293487190055508
Second_86,70,86,ReRZV_2d,2024,0.5806286900737984,dC_GP_NonPHN_d,-4.714909727640116,-4.736571495748517,-5.210300185519953,-4.095176400268914
Second_86,70,86,ReRZV_2d,2024,0.5806286900737984,dC_GP_PHN_d,-2.047500902491782,-2.042248892422868,-2.4734079794963173,-1.6525240715909446
Second_86,70,86,ReRZV_2d,2024,0.5806286900737984,dC_GP_d,-6.762410630131898,-6.78787401105474,-7.536195649730112,-5.873711631289537
Second_86,70,86,ReRZV_2d,2024,0.5806286900737984,dC_Med_d,-25.00895319203232,-24.9015699128445,-29.936979859688794,-20.63860648194959
Second_86,70,86,ReRZV_2d,2024,0.5806286900737984,dC_VacZVL_d,0,0,0,0
Second_86,70,86,ReRZV_2d,2024,0.5806286900737984,dC_VacRZV_d,170,170,170,170
Second_86,70,86,ReRZV_2d,2024,0.5806286900737984,dC_Vac_d,170,170,170,170
Second_86,70,86,ReRZV_2d,2024,0.5806286900737984,dC_All_d,144.99104680796768,145.0984300871555,140.0630201403112,149.36139351805042
Second_86,70,86,ReRZV_2d,2024,0.5806286900737984,dN_VacZVL,0,0,0,0
Second_86,70,86,ReRZV_2d,2024,0.5806286900737984,dN_VacRZV,2,2,2,2
Second_86,70,86,ReRZV_2d,2024,0.5806286900737984,dN_VacZVL_d,0,0,0,0
Second_86,70,86,ReRZV_2d,2024,0.5806286900737984,dN_VacRZV_d,2,2,2,2
Second_86,70,86,ReRZV_2d,2024,0.5806286900737984,ICER,19856.455461739646,19721.24819296862,16227.561486343282,24096.47774348301
Second_86,70,86,ReRZV_2d,2024,0.5806286900737984,Price0,85,85,85,85
Second_86,70,86,ReRZV_2d,2024,0.5806286900737984,Thres20,86.2312917738429,86.02867172788478,72.56390591132279,101.6441063762621
Second_86,70,86,ReRZV_2d,2024,0.5806286900737984,Thres30,123.09469936275627,122.73677956325756,103.05467511472924,145.8561760806812
Second_86,70,86,ReRZV_2d,2024,0.5806286900737984,Thres20_50,NA,86.02867172788478,NA,NA
Second_86,70,86,ReRZV_2d,2024,0.5806286900737984,Thres30_90,NA,109.08805914038203,NA,NA
Second_86,70,86,ReRZV_2d,2024,0.5806286900737984,Thres,NA,86.02867172788478,NA,NA
Second_86,75,86,ReRZV_1d,2024,0.6370836548829839,N0,0.6370836548829839,0.6370836548829839,0.6370836548829839,0.6370836548829839
Second_86,75,86,ReRZV_1d,2024,0.6370836548829839,dYear_Life,4.4586758530478117e-4,4.4620066266373715e-4,3.379411612834172e-4,5.511819716770295e-4
Second_86,75,86,ReRZV_1d,2024,0.6370836548829839,dYear_Immunised,4.359990413051486,4.400969442917255,3.46218051829001,4.949335794357399
Second_86,75,86,ReRZV_1d,2024,0.6370836548829839,dRisk_HZ,-0.0691012828198392,-0.06982908723120693,-0.07902362675526474,-0.055218700173433284
Second_86,75,86,ReRZV_1d,2024,0.6370836548829839,dRisk_Hosp,-0.006162064944589775,-0.0061366727764706145,-0.007794361681108772,-0.0047212500412445995
Second_86,75,86,ReRZV_1d,2024,0.6370836548829839,dRisk_PHN,-0.006063008368210272,-0.006079731332569935,-0.007423685734137366,-0.004675155843374393
Second_86,75,86,ReRZV_1d,2024,0.6370836548829839,dRisk_Death,-1.7069686765851914e-4,-1.7052828033468253e-4,-2.1153609154702914e-4,-1.299622216225824e-4
Second_86,75,86,ReRZV_1d,2024,0.6370836548829839,dQ_Life,2.9545471430886543e-4,2.958130519587289e-4,2.238693285605961e-4,3.652389103539592e-4
Second_86,75,86,ReRZV_1d,2024,0.6370836548829839,dQ_HZ,0.006386643045417277,0.006394775392480574,0.004931138192885012,0.00781783875031079
Second_86,75,86,ReRZV_1d,2024,0.6370836548829839,dQ_HZ_Norm,0.0017870472098824519,0.0017877899930504012,0.001369639465280885,0.0022108732187692305
Second_86,75,86,ReRZV_1d,2024,0.6370836548829839,dQ_All,0.006672299681441825,0.006681143304630372,0.0051698183797735595,0.008130419756345887
Second_86,75,86,ReRZV_1d,2024,0.6370836548829839,dQ_HZ_d,0.006386643045417277,0.006394775392480574,0.004931138192885012,0.00781783875031079
Second_86,75,86,ReRZV_1d,2024,0.6370836548829839,dQ_HZ_Norm_d,0.0017870472098824519,0.0017877899930504012,0.001369639465280885,0.0022108732187692305
Second_86,75,86,ReRZV_1d,2024,0.6370836548829839,dQ_Life_d,2.9545471430886543e-4,2.958130519587289e-4,2.238693285605961e-4,3.652389103539592e-4
Second_86,75,86,ReRZV_1d,2024,0.6370836548829839,dQ_All_d,0.0066820977597261515,0.006690746040247447,0.005177347633487142,0.008143305621987675
Second_86,75,86,ReRZV_1d,2024,0.6370836548829839,dC_Hosp,-16.596713581214384,-16.505379525506356,-21.23233140032804,-12.543510421088158
Second_86,75,86,ReRZV_1d,2024,0.6370836548829839,dC_GP_NonPHN,-4.269863553498774,-4.303388475480373,-4.900416967621024,-3.3822053766585114
Second_86,75,86,ReRZV_1d,2024,0.6370836548829839,dC_GP_PHN,-1.8526972039871112,-1.8501972006326741,-2.2973275372757764,-1.4154622924174856
Second_86,75,86,ReRZV_1d,2024,0.6370836548829839,dC_GP,-6.122560757485885,-6.1747157235440895,-7.052945489247843,-4.866660880822543
Second_86,75,86,ReRZV_1d,2024,0.6370836548829839,dC_Med,-22.71927433870027,-22.737410504324806,-27.797072506000397,-17.787092708744705
Second_86,75,86,ReRZV_1d,2024,0.6370836548829839,dC_VacZVL,0,0,0,0
Second_86,75,86,ReRZV_1d,2024,0.6370836548829839,dC_VacRZV,85,85,85,85
Second_86,75,86,ReRZV_1d,2024,0.6370836548829839,dC_Vac,85,85,85,85
Second_86,75,86,ReRZV_1d,2024,0.6370836548829839,dC_All,62.28072566129973,62.2625894956752,57.20292749399961,67.2129072912553
Second_86,75,86,ReRZV_1d,2024,0.6370836548829839,dC_Hosp_d,-16.596713581214384,-16.505379525506356,-21.23233140032804,-12.543510421088158
Second_86,75,86,ReRZV_1d,2024,0.6370836548829839,dC_GP_NonPHN_d,-4.269863553498774,-4.303388475480373,-4.900416967621024,-3.3822053766585114
Second_86,75,86,ReRZV_1d,2024,0.6370836548829839,dC_GP_PHN_d,-1.8526972039871112,-1.8501972006326741,-2.2973275372757764,-1.4154622924174856
Second_86,75,86,ReRZV_1d,2024,0.6370836548829839,dC_GP_d,-6.122560757485885,-6.1747157235440895,-7.052945489247843,-4.866660880822543
Second_86,75,86,ReRZV_1d,2024,0.6370836548829839,dC_Med_d,-22.71927433870027,-22.737410504324806,-27.797072506000397,-17.787092708744705
Second_86,75,86,ReRZV_1d,2024,0.6370836548829839,dC_VacZVL_d,0,0,0,0
Second_86,75,86,ReRZV_1d,2024,0.6370836548829839,dC_VacRZV_d,85,85,85,85
Second_86,75,86,ReRZV_1d,2024,0.6370836548829839,dC_Vac_d,85,85,85,85
Second_86,75,86,ReRZV_1d,2024,0.6370836548829839,dC_All_d,62.28072566129973,62.2625894956752,57.20292749399961,67.2129072912553
Second_86,75,86,ReRZV_1d,2024,0.6370836548829839,dN_VacZVL,0,0,0,0
Second_86,75,86,ReRZV_1d,2024,0.6370836548829839,dN_VacRZV,1,1,1,1
Second_86,75,86,ReRZV_1d,2024,0.6370836548829839,dN_VacZVL_d,0,0,0,0
Second_86,75,86,ReRZV_1d,2024,0.6370836548829839,dN_VacRZV_d,1,1,1,1
Second_86,75,86,ReRZV_1d,2024,0.6370836548829839,ICER,9473.430626400821,9283.11859611954,7297.95676941521,12865.351609626085
Second_86,75,86,ReRZV_1d,2024,0.6370836548829839,Price0,85,85,85,85
Second_86,75,86,ReRZV_1d,2024,0.6370836548829839,Thres20,156.3612295332233,156.8954032871468,121.97657136777224,187.91524854141704
Second_86,75,86,ReRZV_1d,2024,0.6370836548829839,Thres30,223.1822071304848,223.76981591469882,173.82809610088486,269.58725592850175
Second_86,75,86,ReRZV_1d,2024,0.6370836548829839,Thres20_50,NA,156.8954032871468,NA,NA
Second_86,75,86,ReRZV_1d,2024,0.6370836548829839,Thres30_90,NA,191.91463762779287,NA,NA
Second_86,75,86,ReRZV_1d,2024,0.6370836548829839,Thres,NA,156.8954032871468,NA,NA
Second_86,75,86,ReRZV_2d,2024,0.6370836548829839,N0,0.6370836548829839,0.6370836548829839,0.6370836548829839,0.6370836548829839
Second_86,75,86,ReRZV_2d,2024,0.6370836548829839,dYear_Life,4.6526594650198044e-4,4.641815550660512e-4,3.7242917733845465e-4,5.612665981189867e-4
Second_86,75,86,ReRZV_2d,2024,0.6370836548829839,dYear_Immunised,4.549480579728453,4.57708003381765,3.904824235970865,5.041714772333241
Second_86,75,86,ReRZV_2d,2024,0.6370836548829839,dRisk_HZ,-0.07210674309595712,-0.07253582325538646,-0.08029797113851331,-0.06223532047601197
Second_86,75,86,ReRZV_2d,2024,0.6370836548829839,dRisk_Hosp,-0.006428833598080605,-0.006401245394361573,-0.008018485225782399,-0.005061563201859943
Second_86,75,86,ReRZV_2d,2024,0.6370836548829839,dRisk_PHN,-0.006326285017377572,-0.006329146508426486,-0.007599809443798,-0.0051372678258946435
Second_86,75,86,ReRZV_2d,2024,0.6370836548829839,dRisk_Death,-1.780705269011151e-4,-1.7769336694995518e-4,-2.167315858007725e-4,-1.419950394614193e-4
Second_86,75,86,ReRZV_2d,2024,0.6370836548829839,dQ_Life,3.083191926940415e-4,3.0763427190427946e-4,2.469960908817975e-4,3.7163366825880215e-4
Second_86,75,86,ReRZV_2d,2024,0.6370836548829839,dQ_HZ,0.006664492675553831,0.006631914792268245,0.005398898420439064,0.008077957844580303
Second_86,75,86,ReRZV_2d,2024,0.6370836548829839,dQ_HZ_Norm,0.0018649074854862745,0.0018595074806357333,0.0014973158850391459,0.0022698233820625745
Second_86,75,86,ReRZV_2d,2024,0.6370836548829839,dQ_All,0.0069625978205399746,0.006935465184569693,0.005673298218427919,0.008402276534672262
Second_86,75,86,ReRZV_2d,2024,0.6370836548829839,dQ_HZ_d,0.006664492675553831,0.006631914792268245,0.005398898420439064,0.008077957844580303
Second_86,75,86,ReRZV_2d,2024,0.6370836548829839,dQ_HZ_Norm_d,0.0018649074854862745,0.0018595074806357333,0.0014973158850391459,0.0022698233820625745
Second_86,75,86,ReRZV_2d,2024,0.6370836548829839,dQ_Life_d,3.083191926940415e-4,3.0763427190427946e-4,2.469960908817975e-4,3.7163366825880215e-4
Second_86,75,86,ReRZV_2d,2024,0.6370836548829839,dQ_All_d,0.006972811868247862,0.006944800543490318,0.005684140527907841,0.008413344021767176
Second_86,75,86,ReRZV_2d,2024,0.6370836548829839,dC_Hosp,-17.314460835570856,-17.214704539321772,-21.757639100240947,-13.37088584290955
Second_86,75,86,ReRZV_2d,2024,0.6370836548829839,dC_GP_NonPHN,-4.455700182553051,-4.478818915337056,-4.989632288993222,-3.8118491761930215
Second_86,75,86,ReRZV_2d,2024,0.6370836548829839,dC_GP_PHN,-1.9331749821767439,-1.9281471308989109,-2.3481978650411657,-1.5536234705057193
Second_86,75,86,ReRZV_2d,2024,0.6370836548829839,dC_GP,-6.388875164729795,-6.411511065115533,-7.206743451863964,-5.480754127751591
Second_86,75,86,ReRZV_2d,2024,0.6370836548829839,dC_Med,-23.703336000300652,-23.588325764011934,-28.578625938174333,-19.367275316854077
Second_86,75,86,ReRZV_2d,2024,0.6370836548829839,dC_VacZVL,0,0,0,0
Second_86,75,86,ReRZV_2d,2024,0.6370836548829839,dC_VacRZV,170,170,170,170
Second_86,75,86,ReRZV_2d,2024,0.6370836548829839,dC_Vac,170,170,170,170
Second_86,75,86,ReRZV_2d,2024,0.6370836548829839,dC_All,146.29666399969935,146.41167423598804,141.42137406182565,150.6327246831459
Second_86,75,86,ReRZV_2d,2024,0.6370836548829839,dC_Hosp_d,-17.314460835570856,-17.214704539321772,-21.757639100240947,-13.37088584290955
Second_86,75,86,ReRZV_2d,2024,0.6370836548829839,dC_GP_NonPHN_d,-4.455700182553051,-4.478818915337056,-4.989632288993222,-3.8118491761930215
Second_86,75,86,ReRZV_2d,2024,0.6370836548829839,dC_GP_PHN_d,-1.9331749821767439,-1.9281471308989109,-2.3481978650411657,-1.5536234705057193
Second_86,75,86,ReRZV_2d,2024,0.6370836548829839,dC_GP_d,-6.388875164729795,-6.411511065115533,-7.206743451863964,-5.480754127751591
Second_86,75,86,ReRZV_2d,2024,0.6370836548829839,dC_Med_d,-23.703336000300652,-23.588325764011934,-28.578625938174333,-19.367275316854077
Second_86,75,86,ReRZV_2d,2024,0.6370836548829839,dC_VacZVL_d,0,0,0,0
Second_86,75,86,ReRZV_2d,2024,0.6370836548829839,dC_VacRZV_d,170,170,170,170
Second_86,75,86,ReRZV_2d,2024,0.6370836548829839,dC_Vac_d,170,170,170,170
Second_86,75,86,ReRZV_2d,2024,0.6370836548829839,dC_All_d,146.29666399969935,146.41167423598804,141.42137406182565,150.6327246831459
Second_86,75,86,ReRZV_2d,2024,0.6370836548829839,dN_VacZVL,0,0,0,0
Second_86,75,86,ReRZV_2d,2024,0.6370836548829839,dN_VacRZV,2,2,2,2
Second_86,75,86,ReRZV_2d,2024,0.6370836548829839,dN_VacZVL_d,0,0,0,0
Second_86,75,86,ReRZV_2d,2024,0.6370836548829839,dN_VacRZV_d,2,2,2,2
Second_86,75,86,ReRZV_2d,2024,0.6370836548829839,ICER,21204.52425637604,21035.60828799328,17246.207590763705,26086.838539902707
Second_86,75,86,ReRZV_2d,2024,0.6370836548829839,Price0,85,85,85,85
Second_86,75,86,ReRZV_2d,2024,0.6370836548829839,Thres20,81.57978668262895,81.42714270867666,67.68293486667484,96.66387309003055
Second_86,75,86,ReRZV_2d,2024,0.6370836548829839,Thres30,116.44384602386826,116.11615453088118,96.06029018632503,138.76313046064539
Second_86,75,86,ReRZV_2d,2024,0.6370836548829839,Thres20_50,NA,81.42714270867666,NA,NA
Second_86,75,86,ReRZV_2d,2024,0.6370836548829839,Thres30_90,NA,102.566146819573,NA,NA
Second_86,75,86,ReRZV_2d,2024,0.6370836548829839,Thres,NA,81.42714270867666,NA,NA
Second_87,70,87,ReRZV_1d,2024,0.5342025618181757,N0,0.5342025618181757,0.5342025618181757,0.5342025618181757,0.5342025618181757
Second_87,70,87,ReRZV_1d,2024,0.5342025618181757,dYear_Life,4.4839530077085416e-4,4.4876639387315297e-4,3.4609542328779374e-4,5.521320666300985e-4
Second_87,70,87,ReRZV_1d,2024,0.5342025618181757,dYear_Immunised,4.3097874414675,4.351106680373478,3.4812158658961714,4.806226616352721
Second_87,70,87,ReRZV_1d,2024,0.5342025618181757,dRisk_HZ,-0.08193524261631753,-0.08278131333603161,-0.0921845316565929,-0.06662819740994563
Second_87,70,87,ReRZV_1d,2024,0.5342025618181757,dRisk_Hosp,-0.007601039488122078,-0.007589855187237291,-0.009608949151863338,-0.005847512024887458
Second_87,70,87,ReRZV_1d,2024,0.5342025618181757,dRisk_PHN,-0.007124815297237213,-0.00714052821073945,-0.008720903387604924,-0.0055183873655343775
Second_87,70,87,ReRZV_1d,2024,0.5342025618181757,dRisk_Death,-2.1546972283577638e-4,-2.1473252200833074e-4,-2.651845685155416e-4,-1.6681051616598914e-4
Second_87,70,87,ReRZV_1d,2024,0.5342025618181757,dQ_Life,2.957776132445881e-4,2.9607321658249217e-4,2.2808263174703037e-4,3.64217560939491e-4
Second_87,70,87,ReRZV_1d,2024,0.5342025618181757,dQ_HZ,0.006321021781761522,0.006315562147162786,0.004967154627692046,0.007709821752660893
Second_87,70,87,ReRZV_1d,2024,0.5342025618181757,dQ_HZ_Norm,0.001754330063499125,0.0017531337954013603,0.0013715579759536465,0.0021637068294871656
Second_87,70,87,ReRZV_1d,2024,0.5342025618181757,dQ_All,0.0066059565611948185,0.006619513882158149,0.0051839320290773,0.00801896433558344
Second_87,70,87,ReRZV_1d,2024,0.5342025618181757,dQ_HZ_d,0.006321021781761522,0.006315562147162786,0.004967154627692046,0.007709821752660893
Second_87,70,87,ReRZV_1d,2024,0.5342025618181757,dQ_HZ_Norm_d,0.001754330063499125,0.0017531337954013603,0.0013715579759536465,0.0021637068294871656
Second_87,70,87,ReRZV_1d,2024,0.5342025618181757,dQ_Life_d,2.957776132445881e-4,2.9607321658249217e-4,2.2808263174703037e-4,3.64217560939491e-4
Second_87,70,87,ReRZV_1d,2024,0.5342025618181757,dQ_All_d,0.006616799395006094,0.0066297069727245875,0.0051922082212378885,0.008031018780703615
Second_87,70,87,ReRZV_1d,2024,0.5342025618181757,dC_Hosp,-17.075165832134893,-17.01282414012078,-21.6338694686864,-13.013389229761337
Second_87,70,87,ReRZV_1d,2024,0.5342025618181757,dC_GP_NonPHN,-4.182051990675545,-4.224680184165389,-4.728847563285584,-3.3894907983286187
Second_87,70,87,ReRZV_1d,2024,0.5342025618181757,dC_GP_PHN,-1.796821342860084,-1.7940186931280266,-2.230450818692496,-1.3843369124545928
Second_87,70,87,ReRZV_1d,2024,0.5342025618181757,dC_GP,-5.9788733335356286,-6.025312773134768,-6.77371468802762,-4.845066359095381
Second_87,70,87,ReRZV_1d,2024,0.5342025618181757,dC_Med,-23.054039165670524,-22.987795152808005,-27.98079131368694,-18.280211852207064
Second_87,70,87,ReRZV_1d,2024,0.5342025618181757,dC_VacZVL,0,0,0,0
Second_87,70,87,ReRZV_1d,2024,0.5342025618181757,dC_VacRZV,85,85,85,85
Second_87,70,87,ReRZV_1d,2024,0.5342025618181757,dC_Vac,85,85,85,85
Second_87,70,87,ReRZV_1d,2024,0.5342025618181757,dC_All,61.945960834329476,62.012204847191995,57.01920868631306,66.71978814779295
Second_87,70,87,ReRZV_1d,2024,0.5342025618181757,dC_Hosp_d,-17.075165832134893,-17.01282414012078,-21.6338694686864,-13.013389229761337
Second_87,70,87,ReRZV_1d,2024,0.5342025618181757,dC_GP_NonPHN_d,-4.182051990675545,-4.224680184165389,-4.728847563285584,-3.3894907983286187
Second_87,70,87,ReRZV_1d,2024,0.5342025618181757,dC_GP_PHN_d,-1.796821342860084,-1.7940186931280266,-2.230450818692496,-1.3843369124545928
Second_87,70,87,ReRZV_1d,2024,0.5342025618181757,dC_GP_d,-5.9788733335356286,-6.025312773134768,-6.77371468802762,-4.845066359095381
Second_87,70,87,ReRZV_1d,2024,0.5342025618181757,dC_Med_d,-23.054039165670524,-22.987795152808005,-27.98079131368694,-18.280211852207064
Second_87,70,87,ReRZV_1d,2024,0.5342025618181757,dC_VacZVL_d,0,0,0,0
Second_87,70,87,ReRZV_1d,2024,0.5342025618181757,dC_VacRZV_d,85,85,85,85
Second_87,70,87,ReRZV_1d,2024,0.5342025618181757,dC_Vac_d,85,85,85,85
Second_87,70,87,ReRZV_1d,2024,0.5342025618181757,dC_All_d,61.945960834329476,62.012204847191995,57.01920868631306,66.71978814779295
Second_87,70,87,ReRZV_1d,2024,0.5342025618181757,dN_VacZVL,0,0,0,0
Second_87,70,87,ReRZV_1d,2024,0.5342025618181757,dN_VacRZV,1,1,1,1
Second_87,70,87,ReRZV_1d,2024,0.5342025618181757,dN_VacZVL_d,0,0,0,0
Second_87,70,87,ReRZV_1d,2024,0.5342025618181757,dN_VacRZV_d,1,1,1,1
Second_87,70,87,ReRZV_1d,2024,0.5342025618181757,ICER,9498.700290062643,9351.27024166234,7411.494008681467,12688.783247255209
Second_87,70,87,ReRZV_1d,2024,0.5342025618181757,Price0,85,85,85,85
Second_87,70,87,ReRZV_1d,2024,0.5342025618181757,Thres20,155.39002706579242,155.85812278979873,122.75813192459869,185.4390209581854
Second_87,70,87,ReRZV_1d,2024,0.5342025618181757,Thres30,221.55802101585337,222.00700700472083,174.84492665638362,266.0390033215691
Second_87,70,87,ReRZV_1d,2024,0.5342025618181757,Thres20_50,NA,155.85812278979873,NA,NA
Second_87,70,87,ReRZV_1d,2024,0.5342025618181757,Thres30_90,NA,192.13246532884577,NA,NA
Second_87,70,87,ReRZV_1d,2024,0.5342025618181757,Thres,NA,155.85812278979873,NA,NA
Second_87,70,87,ReRZV_2d,2024,0.5342025618181757,N0,0.5342025618181757,0.5342025618181757,0.5342025618181757,0.5342025618181757
Second_87,70,87,ReRZV_2d,2024,0.5342025618181757,dYear_Life,4.666350543658121e-4,4.647861030985575e-4,3.766057776360564e-4,5.616343149867955e-4
Second_87,70,87,ReRZV_2d,2024,0.5342025618181757,dYear_Immunised,4.485160845704482,4.509629819748506,3.922920014877315,4.900633920717492
Second_87,70,87,ReRZV_2d,2024,0.5342025618181757,dRisk_HZ,-0.08526926548445868,-0.08567454011701989,-0.09357871616482501,-0.07489419083575108
Second_87,70,87,ReRZV_2d,2024,0.5342025618181757,dRisk_Hosp,-0.007909951677049814,-0.007883061147222717,-0.00981208237734103,-0.0062792232495485776
Second_87,70,87,ReRZV_2d,2024,0.5342025618181757,dRisk_PHN,-0.007413934944758018,-0.00742149243185421,-0.008909543450534583,-0.006001811722592466
Second_87,70,87,ReRZV_2d,2024,0.5342025618181757,dRisk_Death,-2.2422144751077416e-4,-2.2317860175104278e-4,-2.7148707794472343e-4,-1.80854325560126e-4
Second_87,70,87,ReRZV_2d,2024,0.5342025618181757,dQ_Life,3.078113121165319e-4,3.068055212566567e-4,2.482324546939455e-4,3.7038929267446094e-4
Second_87,70,87,ReRZV_2d,2024,0.5342025618181757,dQ_HZ,0.006578434865888791,0.006546392959004385,0.0053986348642964055,0.007903092861841089
Second_87,70,87,ReRZV_2d,2024,0.5342025618181757,dQ_HZ_Norm,0.0018258237657720715,0.0018198567688575227,0.0014834229935664304,0.0022098851867182203
Second_87,70,87,ReRZV_2d,2024,0.5342025618181757,dQ_All,0.006874964476736824,0.0068490278677289795,0.005669517930217233,0.008212381382681041
Second_87,70,87,ReRZV_2d,2024,0.5342025618181757,dQ_HZ_d,0.006578434865888791,0.006546392959004385,0.0053986348642964055,0.007903092861841089
Second_87,70,87,ReRZV_2d,2024,0.5342025618181757,dQ_HZ_Norm_d,0.0018258237657720715,0.0018198567688575227,0.0014834229935664304,0.0022098851867182203
Second_87,70,87,ReRZV_2d,2024,0.5342025618181757,dQ_Life_d,3.078113121165319e-4,3.068055212566567e-4,2.482324546939455e-4,3.7038929267446094e-4
Second_87,70,87,ReRZV_2d,2024,0.5342025618181757,dQ_All_d,0.006886246178005309,0.00686054568743797,0.0056806499264307605,0.00822464613076966
Second_87,70,87,ReRZV_2d,2024,0.5342025618181757,dC_Hosp,-17.76873897528031,-17.676041514301698,-22.264536853972494,-13.972724819893463
Second_87,70,87,ReRZV_2d,2024,0.5342025618181757,dC_GP_NonPHN,-4.352259587287963,-4.373299328354555,-4.804822023607955,-3.7921284385665253
Second_87,70,87,ReRZV_2d,2024,0.5342025618181757,dC_GP_PHN,-1.8697214092477403,-1.8644026258416702,-2.275585475507916,-1.5069306185440272
Second_87,70,87,ReRZV_2d,2024,0.5342025618181757,dC_GP,-6.221980996535704,-6.242426940447773,-6.905987362089282,-5.430650981259637
Second_87,70,87,ReRZV_2d,2024,0.5342025618181757,dC_Med,-23.990719971816013,-23.89148571708568,-28.69687607670342,-19.7249562342045
Second_87,70,87,ReRZV_2d,2024,0.5342025618181757,dC_VacZVL,0,0,0,0
Second_87,70,87,ReRZV_2d,2024,0.5342025618181757,dC_VacRZV,170,170,170,170
Second_87,70,87,ReRZV_2d,2024,0.5342025618181757,dC_Vac,170,170,170,170
Second_87,70,87,ReRZV_2d,2024,0.5342025618181757,dC_All,146.00928002818398,146.1085142829143,141.30312392329657,150.27504376579552
Second_87,70,87,ReRZV_2d,2024,0.5342025618181757,dC_Hosp_d,-17.76873897528031,-17.676041514301698,-22.264536853972494,-13.972724819893463
Second_87,70,87,ReRZV_2d,2024,0.5342025618181757,dC_GP_NonPHN_d,-4.352259587287963,-4.373299328354555,-4.804822023607955,-3.7921284385665253
Second_87,70,87,ReRZV_2d,2024,0.5342025618181757,dC_GP_PHN_d,-1.8697214092477403,-1.8644026258416702,-2.275585475507916,-1.5069306185440272
Second_87,70,87,ReRZV_2d,2024,0.5342025618181757,dC_GP_d,-6.221980996535704,-6.242426940447773,-6.905987362089282,-5.430650981259637
Second_87,70,87,ReRZV_2d,2024,0.5342025618181757,dC_Med_d,-23.990719971816013,-23.89148571708568,-28.69687607670342,-19.7249562342045
Second_87,70,87,ReRZV_2d,2024,0.5342025618181757,dC_VacZVL_d,0,0,0,0
Second_87,70,87,ReRZV_2d,2024,0.5342025618181757,dC_VacRZV_d,170,170,170,170
Second_87,70,87,ReRZV_2d,2024,0.5342025618181757,dC_Vac_d,170,170,170,170
Second_87,70,87,ReRZV_2d,2024,0.5342025618181757,dC_All_d,146.00928002818398,146.1085142829143,141.30312392329657,150.27504376579552
Second_87,70,87,ReRZV_2d,2024,0.5342025618181757,dN_VacZVL,0,0,0,0
Second_87,70,87,ReRZV_2d,2024,0.5342025618181757,dN_VacRZV,2,2,2,2
Second_87,70,87,ReRZV_2d,2024,0.5342025618181757,dN_VacZVL_d,0,0,0,0
Second_87,70,87,ReRZV_2d,2024,0.5342025618181757,dN_VacRZV_d,2,2,2,2
Second_87,70,87,ReRZV_2d,2024,0.5342025618181757,ICER,21407.750507545523,21279.485802206924,17586.505186782248,25981.765256458846
Second_87,70,87,ReRZV_2d,2024,0.5342025618181757,Price0,85,85,85,85
Second_87,70,87,ReRZV_2d,2024,0.5342025618181757,Thres20,80.85782176596109,80.64480986367575,67.83181683041879,94.99593067024517
Second_87,70,87,ReRZV_2d,2024,0.5342025618181757,Thres30,115.28905265598763,114.95637449817048,96.49329320894924,136.2097160199914
Second_87,70,87,ReRZV_2d,2024,0.5342025618181757,Thres20_50,NA,80.64480986367575,NA,NA
Second_87,70,87,ReRZV_2d,2024,0.5342025618181757,Thres30_90,NA,102.21279883948354,NA,NA
Second_87,70,87,ReRZV_2d,2024,0.5342025618181757,Thres,NA,80.64480986367575,NA,NA
Second_87,75,87,ReRZV_1d,2024,0.5861441185841801,N0,0.5861441185841801,0.5861441185841801,0.5861441185841801,0.5861441185841801
Second_87,75,87,ReRZV_1d,2024,0.5861441185841801,dYear_Life,4.2503733261015775e-4,4.251589852942633e-4,3.232303882545208e-4,5.265358489668155e-4
Second_87,75,87,ReRZV_1d,2024,0.5861441185841801,dYear_Immunised,4.0950607045567375,4.135966618664338,3.2478033665030774,4.632435260133281
Second_87,75,87,ReRZV_1d,2024,0.5861441185841801,dRisk_HZ,-0.07091886403292638,-0.07164699081597749,-0.08081115690441956,-0.05657411718595952
Second_87,75,87,ReRZV_1d,2024,0.5861441185841801,dRisk_Hosp,-0.006594667876015365,-0.006582529438922485,-0.00834896472528567,-0.005019435696037187
Second_87,75,87,ReRZV_1d,2024,0.5861441185841801,dRisk_PHN,-0.006162416308702763,-0.006181543277480979,-0.007619089326220055,-0.004706764523931093
Second_87,75,87,ReRZV_1d,2024,0.5861441185841801,dRisk_Death,-1.8690649831573766e-4,-1.8672922363081033e-4,-2.31530012305728e-4,-1.4259956236889164e-4
Second_87,75,87,ReRZV_1d,2024,0.5861441185841801,dQ_Life,2.802378816115127e-4,2.803182402967932e-4,2.1298115483765534e-4,3.4695146948855623e-4
Second_87,75,87,ReRZV_1d,2024,0.5861441185841801,dQ_HZ,0.00600480418229761,0.006010968656166723,0.00464240519177296,0.007376483696028583
Second_87,75,87,ReRZV_1d,2024,0.5861441185841801,dQ_HZ_Norm,0.0016657610071446566,0.0016648122243994937,0.0012807392020837928,0.002065485339175679
Second_87,75,87,ReRZV_1d,2024,0.5861441185841801,dQ_All,0.006274613750169279,0.006284476680570476,0.00486069415912819,0.007654999349189756
Second_87,75,87,ReRZV_1d,2024,0.5861441185841801,dQ_HZ_d,0.00600480418229761,0.006010968656166723,0.00464240519177296,0.007376483696028583
Second_87,75,87,ReRZV_1d,2024,0.5861441185841801,dQ_HZ_Norm_d,0.0016657610071446566,0.0016648122243994937,0.0012807392020837928,0.002065485339175679
Second_87,75,87,ReRZV_1d,2024,0.5861441185841801,dQ_Life_d,2.802378816115127e-4,2.803182402967932e-4,2.1298115483765534e-4,3.4695146948855623e-4
Second_87,75,87,ReRZV_1d,2024,0.5861441185841801,dQ_All_d,0.006285042063909121,0.0062955093824615315,0.004869560189719158,0.007666110312187641
Second_87,75,87,ReRZV_1d,2024,0.5861441185841801,dC_Hosp,-16.259613202470483,-16.188055819472844,-20.72570410123871,-12.235278261175878
Second_87,75,87,ReRZV_1d,2024,0.5861441185841801,dC_GP_NonPHN,-3.970126872522588,-4.011296224829455,-4.552856481837723,-3.156596408551591
Second_87,75,87,ReRZV_1d,2024,0.5861441185841801,dC_GP_PHN,-1.7044825517300606,-1.7009392079445345,-2.129965121199013,-1.2960398547502736
Second_87,75,87,ReRZV_1d,2024,0.5861441185841801,dC_GP,-5.674609424252648,-5.719149120536336,-6.517518342841129,-4.515034176732353
Second_87,75,87,ReRZV_1d,2024,0.5861441185841801,dC_Med,-21.93422262672313,-21.926963156122262,-26.71061746226396,-17.21552550963374
Second_87,75,87,ReRZV_1d,2024,0.5861441185841801,dC_VacZVL,0,0,0,0
Second_87,75,87,ReRZV_1d,2024,0.5861441185841801,dC_VacRZV,85,85,85,85
Second_87,75,87,ReRZV_1d,2024,0.5861441185841801,dC_Vac,85,85,85,85
Second_87,75,87,ReRZV_1d,2024,0.5861441185841801,dC_All,63.065777373276866,63.07303684387774,58.289382537736024,67.78447449036625
Second_87,75,87,ReRZV_1d,2024,0.5861441185841801,dC_Hosp_d,-16.259613202470483,-16.188055819472844,-20.72570410123871,-12.235278261175878
Second_87,75,87,ReRZV_1d,2024,0.5861441185841801,dC_GP_NonPHN_d,-3.970126872522588,-4.011296224829455,-4.552856481837723,-3.156596408551591
Second_87,75,87,ReRZV_1d,2024,0.5861441185841801,dC_GP_PHN_d,-1.7044825517300606,-1.7009392079445345,-2.129965121199013,-1.2960398547502736
Second_87,75,87,ReRZV_1d,2024,0.5861441185841801,dC_GP_d,-5.674609424252648,-5.719149120536336,-6.517518342841129,-4.515034176732353
Second_87,75,87,ReRZV_1d,2024,0.5861441185841801,dC_Med_d,-21.93422262672313,-21.926963156122262,-26.71061746226396,-17.21552550963374
Second_87,75,87,ReRZV_1d,2024,0.5861441185841801,dC_VacZVL_d,0,0,0,0
Second_87,75,87,ReRZV_1d,2024,0.5861441185841801,dC_VacRZV_d,85,85,85,85
Second_87,75,87,ReRZV_1d,2024,0.5861441185841801,dC_Vac_d,85,85,85,85
Second_87,75,87,ReRZV_1d,2024,0.5861441185841801,dC_All_d,63.065777373276866,63.07303684387774,58.289382537736024,67.78447449036625
Second_87,75,87,ReRZV_1d,2024,0.5861441185841801,dN_VacZVL,0,0,0,0
Second_87,75,87,ReRZV_1d,2024,0.5861441185841801,dN_VacRZV,1,1,1,1
Second_87,75,87,ReRZV_1d,2024,0.5861441185841801,dN_VacZVL_d,0,0,0,0
Second_87,75,87,ReRZV_1d,2024,0.5861441185841801,dN_VacRZV_d,1,1,1,1
Second_87,75,87,ReRZV_1d,2024,0.5861441185841801,ICER,10196.1057592093,10010.598747544667,7871.054209290811,13840.396361357905
Second_87,75,87,ReRZV_1d,2024,0.5861441185841801,Price0,85,85,85,85
Second_87,75,87,ReRZV_1d,2024,0.5861441185841801,Thres20,147.63506390490556,148.11497140643837,114.73178732817459,177.21159685022144
Second_87,75,87,ReRZV_1d,2024,0.5861441185841801,Thres30,210.48548454399676,211.06507445629632,163.37259697168807,253.77832788247753
Second_87,75,87,ReRZV_1d,2024,0.5861441185841801,Thres20_50,NA,148.11497140643837,NA,NA
Second_87,75,87,ReRZV_1d,2024,0.5861441185841801,Thres30_90,NA,180.99630770355273,NA,NA
Second_87,75,87,ReRZV_1d,2024,0.5861441185841801,Thres,NA,148.11497140643837,NA,NA
Second_87,75,87,ReRZV_2d,2024,0.5861441185841801,N0,0.5861441185841801,0.5861441185841801,0.5861441185841801,0.5861441185841801
Second_87,75,87,ReRZV_2d,2024,0.5861441185841801,dYear_Life,4.4327710718841174e-4,4.420871220676279e-4,3.541744605703104e-4,5.35357304715308e-4
Second_87,75,87,ReRZV_2d,2024,0.5861441185841801,dYear_Immunised,4.270434309312289,4.297077850930677,3.6959738884976017,4.710836932355827
Second_87,75,87,ReRZV_2d,2024,0.5861441185841801,dRisk_HZ,-0.07395744032263075,-0.0743486364168619,-0.08203772674340733,-0.06410183403867223
Second_87,75,87,ReRZV_2d,2024,0.5861441185841801,dRisk_Hosp,-0.0068762056138831785,-0.006849801963782841,-0.008568267432206471,-0.00541095906411354
Second_87,75,87,ReRZV_2d,2024,0.5861441185841801,dRisk_PHN,-0.006425915433635333,-0.006433318575339252,-0.0077510898589272445,-0.005158976966311917
Second_87,75,87,ReRZV_2d,2024,0.5861441185841801,dRisk_Death,-1.9488268309072215e-4,-1.9422951415193817e-4,-2.3635581183195056e-4,-1.5572781719860583e-4
Second_87,75,87,ReRZV_2d,2024,0.5861441185841801,dQ_Life,0.00029227159432717226,2.915431001450196e-4,2.3360656492515876e-4,3.528370447539412e-4
Second_87,75,87,ReRZV_2d,2024,0.5861441185841801,dQ_HZ,0.006262217560682033,0.006233122235762877,0.0050779524575883025,0.0075904922889796006
Second_87,75,87,ReRZV_2d,2024,0.5861441185841801,dQ_HZ_Norm,0.0017372547911693346,0.001729352757983108,0.0013988774051869998,0.0021183927152793732
Second_87,75,87,ReRZV_2d,2024,0.5861441185841801,dQ_All,0.006543621973307235,0.0065176819617776,0.005331296730244612,0.007896058056719097
Second_87,75,87,ReRZV_2d,2024,0.5861441185841801,dQ_HZ_d,0.006262217560682033,0.006233122235762877,0.0050779524575883025,0.0075904922889796006
Second_87,75,87,ReRZV_2d,2024,0.5861441185841801,dQ_HZ_Norm_d,0.0017372547911693346,0.001729352757983108,0.0013988774051869998,0.0021183927152793732
Second_87,75,87,ReRZV_2d,2024,0.5861441185841801,dQ_Life_d,0.00029227159432717226,2.915431001450196e-4,2.3360656492515876e-4,3.528370447539412e-4
Second_87,75,87,ReRZV_2d,2024,0.5861441185841801,dQ_All_d,0.0065544891550091975,0.006530071083751811,0.005340806920509142,0.007907416922774926
Second_87,75,87,ReRZV_2d,2024,0.5861441185841801,dC_Hosp,-16.95318713849223,-16.86148751060951,-21.314090080808036,-13.289825990590614
Second_87,75,87,ReRZV_2d,2024,0.5861441185841801,dC_GP_NonPHN,-4.140334663757487,-4.161852168906293,-4.6150227062014935,-3.5646730211855826
Second_87,75,87,ReRZV_2d,2024,0.5861441185841801,dC_GP_PHN,-1.7773827014873869,-1.7733150083604163,-2.1765815199914726,-1.4188825556687905
Second_87,75,87,ReRZV_2d,2024,0.5861441185841801,dC_GP,-5.917717365244875,-5.934172914256698,-6.650516861848296,-5.088277311472005
Second_87,75,87,ReRZV_2d,2024,0.5861441185841801,dC_Med,-22.870904503737105,-22.79510304027643,-27.453306246352977,-18.639112334248303
Second_87,75,87,ReRZV_2d,2024,0.5861441185841801,dC_VacZVL,0,0,0,0
Second_87,75,87,ReRZV_2d,2024,0.5861441185841801,dC_VacRZV,170,170,170,170
Second_87,75,87,ReRZV_2d,2024,0.5861441185841801,dC_Vac,170,170,170,170
Second_87,75,87,ReRZV_2d,2024,0.5861441185841801,dC_All,147.1290954962629,147.20489695972358,142.54669375364702,151.36088766575168
Second_87,75,87,ReRZV_2d,2024,0.5861441185841801,dC_Hosp_d,-16.95318713849223,-16.86148751060951,-21.314090080808036,-13.289825990590614
Second_87,75,87,ReRZV_2d,2024,0.5861441185841801,dC_GP_NonPHN_d,-4.140334663757487,-4.161852168906293,-4.6150227062014935,-3.5646730211855826
Second_87,75,87,ReRZV_2d,2024,0.5861441185841801,dC_GP_PHN_d,-1.7773827014873869,-1.7733150083604163,-2.1765815199914726,-1.4188825556687905
Second_87,75,87,ReRZV_2d,2024,0.5861441185841801,dC_GP_d,-5.917717365244875,-5.934172914256698,-6.650516861848296,-5.088277311472005
Second_87,75,87,ReRZV_2d,2024,0.5861441185841801,dC_Med_d,-22.870904503737105,-22.79510304027643,-27.453306246352977,-18.639112334248303
Second_87,75,87,ReRZV_2d,2024,0.5861441185841801,dC_VacZVL_d,0,0,0,0
Second_87,75,87,ReRZV_2d,2024,0.5861441185841801,dC_VacRZV_d,170,170,170,170
Second_87,75,87,ReRZV_2d,2024,0.5861441185841801,dC_Vac_d,170,170,170,170
Second_87,75,87,ReRZV_2d,2024,0.5861441185841801,dC_All_d,147.1290954962629,147.20489695972358,142.54669375364702,151.36088766575168
Second_87,75,87,ReRZV_2d,2024,0.5861441185841801,dN_VacZVL,0,0,0,0
Second_87,75,87,ReRZV_2d,2024,0.5861441185841801,dN_VacRZV,2,2,2,2
Second_87,75,87,ReRZV_2d,2024,0.5861441185841801,dN_VacZVL_d,0,0,0,0
Second_87,75,87,ReRZV_2d,2024,0.5861441185841801,dN_VacRZV_d,2,2,2,2
Second_87,75,87,ReRZV_2d,2024,0.5861441185841801,ICER,22683.64543662631,22490.25719788198,18465.893623600867,27815.832499956046
Second_87,75,87,ReRZV_2d,2024,0.5861441185841801,Price0,85,85,85,85
Second_87,75,87,ReRZV_2d,2024,0.5861441185841801,Thres20,76.98034380196053,76.88285945835679,63.7980922086876,91.04078194761152
Second_87,75,87,ReRZV_2d,2024,0.5861441185841801,Thres30,109.75278957700651,109.49306029613939,90.86135020597344,130.51668526098737
Second_87,75,87,ReRZV_2d,2024,0.5861441185841801,Thres20_50,NA,76.88285945835679,NA,NA
Second_87,75,87,ReRZV_2d,2024,0.5861441185841801,Thres30_90,NA,96.79052062092144,NA,NA
Second_87,75,87,ReRZV_2d,2024,0.5861441185841801,Thres,NA,76.88285945835679,NA,NA
Second_88,70,88,ReRZV_1d,2024,0.48607204870814474,N0,0.48607204870814474,0.48607204870814474,0.48607204870814474,0.48607204870814474
Second_88,70,88,ReRZV_1d,2024,0.48607204870814474,dYear_Life,4.1653241308782914e-4,4.1650910261490314e-4,3.2043541156253274e-4,5.136599075730622e-4
Second_88,70,88,ReRZV_1d,2024,0.48607204870814474,dYear_Immunised,4.007779205309884,4.0484336500235045,3.248248565907976,4.453614573675637
Second_88,70,88,ReRZV_1d,2024,0.48607204870814474,dRisk_HZ,-0.08422279826598449,-0.08508886719322686,-0.09470824502065014,-0.06865980486978361
Second_88,70,88,ReRZV_1d,2024,0.48607204870814474,dRisk_Hosp,-0.008133627821403219,-0.00810047001868841,-0.010319431833474496,-0.006158287141550511
Second_88,70,88,ReRZV_1d,2024,0.48607204870814474,dRisk_PHN,-0.007257495644043379,-0.007252540824440857,-0.008959112974833042,-0.005571843868994617
Second_88,70,88,ReRZV_1d,2024,0.48607204870814474,dRisk_Death,-2.3419568578986048e-4,-2.338205167409923e-4,-2.889632818874091e-4,-1.8099287678287636e-4
Second_88,70,88,ReRZV_1d,2024,0.48607204870814474,dQ_Life,2.7312273826814594e-4,2.7297095135506616e-4,2.0988309629319782e-4,3.3680792280114025e-4
Second_88,70,88,ReRZV_1d,2024,0.48607204870814474,dQ_HZ,0.005879424576362434,0.005872549916515779,0.0046011954718535985,0.007200344924708213
Second_88,70,88,ReRZV_1d,2024,0.48607204870814474,dQ_HZ_Norm,0.0016178676540523954,0.001614687698839198,0.001266956787191457,0.0020030304612982945
Second_88,70,88,ReRZV_1d,2024,0.48607204870814474,dQ_All,0.006141054916100292,0.006140048214106409,0.004834248852847187,0.0074763150183128815
Second_88,70,88,ReRZV_1d,2024,0.48607204870814474,dQ_HZ_d,0.005879424576362434,0.005872549916515779,0.0046011954718535985,0.007200344924708213
Second_88,70,88,ReRZV_1d,2024,0.48607204870814474,dQ_HZ_Norm_d,0.0016178676540523954,0.001614687698839198,0.001266956787191457,0.0020030304612982945
Second_88,70,88,ReRZV_1d,2024,0.48607204870814474,dQ_Life_d,2.7312273826814594e-4,2.7297095135506616e-4,2.0988309629319782e-4,3.3680792280114025e-4
Second_88,70,88,ReRZV_1d,2024,0.48607204870814474,dQ_All_d,0.006152547314630584,0.006152065896925833,0.004844975005431206,0.007487353716645429
Second_88,70,88,ReRZV_1d,2024,0.48607204870814474,dC_Hosp,-16.523372099559175,-16.459375980549147,-20.924666697306357,-12.45539777968771
Second_88,70,88,ReRZV_1d,2024,0.48607204870814474,dC_GP_NonPHN,-3.8455079574026887,-3.8812233186018514,-4.3408604544921126,-3.1251810942341454
Second_88,70,88,ReRZV_1d,2024,0.48607204870814474,dC_GP_PHN,-1.636044763921666,-1.6340004505115004,-2.0439904918535583,-1.25421713621905
Second_88,70,88,ReRZV_1d,2024,0.48607204870814474,dC_GP,-5.481552721324355,-5.519742024909581,-6.233237334838568,-4.450583283940837
Second_88,70,88,ReRZV_1d,2024,0.48607204870814474,dC_Med,-22.00492482088353,-21.984599272042814,-26.752214386604678,-17.327100715325926
Second_88,70,88,ReRZV_1d,2024,0.48607204870814474,dC_VacZVL,0,0,0,0
Second_88,70,88,ReRZV_1d,2024,0.48607204870814474,dC_VacRZV,85,85,85,85
Second_88,70,88,ReRZV_1d,2024,0.48607204870814474,dC_Vac,85,85,85,85
Second_88,70,88,ReRZV_1d,2024,0.48607204870814474,dC_All,62.99507517911647,63.01540072795719,58.24778561339532,67.67289928467409
Second_88,70,88,ReRZV_1d,2024,0.48607204870814474,dC_Hosp_d,-16.523372099559175,-16.459375980549147,-20.924666697306357,-12.45539777968771
Second_88,70,88,ReRZV_1d,2024,0.48607204870814474,dC_GP_NonPHN_d,-3.8455079574026887,-3.8812233186018514,-4.3408604544921126,-3.1251810942341454
Second_88,70,88,ReRZV_1d,2024,0.48607204870814474,dC_GP_PHN_d,-1.636044763921666,-1.6340004505115004,-2.0439904918535583,-1.25421713621905
Second_88,70,88,ReRZV_1d,2024,0.48607204870814474,dC_GP_d,-5.481552721324355,-5.519742024909581,-6.233237334838568,-4.450583283940837
Second_88,70,88,ReRZV_1d,2024,0.48607204870814474,dC_Med_d,-22.00492482088353,-21.984599272042814,-26.752214386604678,-17.327100715325926
Second_88,70,88,ReRZV_1d,2024,0.48607204870814474,dC_VacZVL_d,0,0,0,0
Second_88,70,88,ReRZV_1d,2024,0.48607204870814474,dC_VacRZV_d,85,85,85,85
Second_88,70,88,ReRZV_1d,2024,0.48607204870814474,dC_Vac_d,85,85,85,85
Second_88,70,88,ReRZV_1d,2024,0.48607204870814474,dC_All_d,62.99507517911647,63.01540072795719,58.24778561339532,67.67289928467409
Second_88,70,88,ReRZV_1d,2024,0.48607204870814474,dN_VacZVL,0,0,0,0
Second_88,70,88,ReRZV_1d,2024,0.48607204870814474,dN_VacRZV,1,1,1,1
Second_88,70,88,ReRZV_1d,2024,0.48607204870814474,dN_VacZVL_d,0,0,0,0
Second_88,70,88,ReRZV_1d,2024,0.48607204870814474,dN_VacRZV_d,1,1,1,1
Second_88,70,88,ReRZV_1d,2024,0.48607204870814474,ICER,10388.268649156595,10219.32546729613,8141.942781181329,13835.72835791258
Second_88,70,88,ReRZV_1d,2024,0.48607204870814474,Price0,85,85,85,85
Second_88,70,88,ReRZV_1d,2024,0.48607204870814474,Thres20,145.05587111349521,145.24455708207353,114.89434412335838,173.07875775239827
Second_88,70,88,ReRZV_1d,2024,0.48607204870814474,Thres30,206.58134425980106,206.80209907894795,163.4088377043128,247.57233565109573
Second_88,70,88,ReRZV_1d,2024,0.48607204870814474,Thres20_50,NA,145.24455708207353,NA,NA
Second_88,70,88,ReRZV_1d,2024,0.48607204870814474,Thres30_90,NA,179.85406874377793,NA,NA
Second_88,70,88,ReRZV_1d,2024,0.48607204870814474,Thres,NA,145.24455708207353,NA,NA
Second_88,70,88,ReRZV_2d,2024,0.48607204870814474,N0,0.48607204870814474,0.48607204870814474,0.48607204870814474,0.48607204870814474
Second_88,70,88,ReRZV_2d,2024,0.48607204870814474,dYear_Life,4.333550021863647e-4,4.319081242430563e-4,3.495389081480612e-4,5.234634749935708e-4
Second_88,70,88,ReRZV_2d,2024,0.48607204870814474,dYear_Immunised,4.1696944071967135,4.192708915678931,3.662241908428752,4.540316679062438
Second_88,70,88,ReRZV_2d,2024,0.48607204870814474,dRisk_HZ,-0.0876251231864861,-0.08805799612905767,-0.09614550022247917,-0.07720552152864821
Second_88,70,88,ReRZV_2d,2024,0.48607204870814474,dRisk_Hosp,-0.008461651572307407,-0.008444346464749243,-0.01058290472940367,-0.006644407766468472
Second_88,70,88,ReRZV_2d,2024,0.48607204870814474,dRisk_PHN,-0.00754977922398823,-0.007549770193001462,-0.009173140554410469,-0.00606779522544675
Second_88,70,88,ReRZV_2d,2024,0.48607204870814474,dRisk_Death,-2.4364472875690516e-4,-2.4247102333315883e-4,-2.9460323871654745e-4,-1.9663996802318448e-4
Second_88,70,88,ReRZV_2d,2024,0.48607204870814474,dQ_Life,2.841547857584514e-4,2.8326834547740573e-4,2.2923644989513597e-4,3.4320544016786024e-4
Second_88,70,88,ReRZV_2d,2024,0.48607204870814474,dQ_HZ,0.006117143448293012,0.0060868699788074535,0.005024252875897799,0.007371907668298521
Second_88,70,88,ReRZV_2d,2024,0.48607204870814474,dQ_HZ_Norm,0.0016833246605068783,0.0016775936151359034,0.0013682159269179264,0.002044264531615647
Second_88,70,88,ReRZV_2d,2024,0.48607204870814474,dQ_All,0.006389343253522478,0.006359148669329707,0.005276205687097164,0.00765289355090704
Second_88,70,88,ReRZV_2d,2024,0.48607204870814474,dQ_HZ_d,0.006117143448293012,0.0060868699788074535,0.005024252875897799,0.007371907668298521
Second_88,70,88,ReRZV_2d,2024,0.48607204870814474,dQ_HZ_Norm_d,0.0016833246605068783,0.0016775936151359034,0.0013682159269179264,0.002044264531615647
Second_88,70,88,ReRZV_2d,2024,0.48607204870814474,dQ_Life_d,2.841547857584514e-4,2.8326834547740573e-4,2.2923644989513597e-4,3.4320544016786024e-4
Second_88,70,88,ReRZV_2d,2024,0.48607204870814474,dQ_All_d,0.006401298234051469,0.006370904514149121,0.005286838221777355,0.0076648786824891225
Second_88,70,88,ReRZV_2d,2024,0.48607204870814474,dC_Hosp,-17.18942442343377,-17.112609183884288,-21.525426145972844,-13.357045898040832
Second_88,70,88,ReRZV_2d,2024,0.48607204870814474,dC_GP_NonPHN,-4.000896457456291,-4.019833756185069,-4.40874799074101,-3.4988370950874117
Second_88,70,88,ReRZV_2d,2024,0.48607204870814474,dC_GP_PHN,-1.701924293315467,-1.6983300210935703,-2.091270178255377,-1.3552203981483257
Second_88,70,88,ReRZV_2d,2024,0.48607204870814474,dC_GP,-5.702820750771758,-5.7179586631611485,-6.3321149224392865,-4.982193329068752
Second_88,70,88,ReRZV_2d,2024,0.48607204870814474,dC_Med,-22.892245174205527,-22.84141600169267,-27.375517149672916,-18.750038423498612
Second_88,70,88,ReRZV_2d,2024,0.48607204870814474,dC_VacZVL,0,0,0,0
Second_88,70,88,ReRZV_2d,2024,0.48607204870814474,dC_VacRZV,170,170,170,170
Second_88,70,88,ReRZV_2d,2024,0.48607204870814474,dC_Vac,170,170,170,170
Second_88,70,88,ReRZV_2d,2024,0.48607204870814474,dC_All,147.10775482579447,147.15858399830734,142.6244828503271,151.24996157650142
Second_88,70,88,ReRZV_2d,2024,0.48607204870814474,dC_Hosp_d,-17.18942442343377,-17.112609183884288,-21.525426145972844,-13.357045898040832
Second_88,70,88,ReRZV_2d,2024,0.48607204870814474,dC_GP_NonPHN_d,-4.000896457456291,-4.019833756185069,-4.40874799074101,-3.4988370950874117
Second_88,70,88,ReRZV_2d,2024,0.48607204870814474,dC_GP_PHN_d,-1.701924293315467,-1.6983300210935703,-2.091270178255377,-1.3552203981483257
Second_88,70,88,ReRZV_2d,2024,0.48607204870814474,dC_GP_d,-5.702820750771758,-5.7179586631611485,-6.3321149224392865,-4.982193329068752
Second_88,70,88,ReRZV_2d,2024,0.48607204870814474,dC_Med_d,-22.892245174205527,-22.84141600169267,-27.375517149672916,-18.750038423498612
Second_88,70,88,ReRZV_2d,2024,0.48607204870814474,dC_VacZVL_d,0,0,0,0
Second_88,70,88,ReRZV_2d,2024,0.48607204870814474,dC_VacRZV_d,170,170,170,170
Second_88,70,88,ReRZV_2d,2024,0.48607204870814474,dC_Vac_d,170,170,170,170
Second_88,70,88,ReRZV_2d,2024,0.48607204870814474,dC_All_d,147.10775482579447,147.15858399830734,142.6244828503271,151.24996157650142
Second_88,70,88,ReRZV_2d,2024,0.48607204870814474,dN_VacZVL,0,0,0,0
Second_88,70,88,ReRZV_2d,2024,0.48607204870814474,dN_VacRZV,2,2,2,2
Second_88,70,88,ReRZV_2d,2024,0.48607204870814474,dN_VacZVL_d,0,0,0,0
Second_88,70,88,ReRZV_2d,2024,0.48607204870814474,dN_VacRZV_d,2,2,2,2
Second_88,70,88,ReRZV_2d,2024,0.48607204870814474,ICER,23204.382624619975,23033.224699893406,19047.175790477373,28207.1403911409
Second_88,70,88,ReRZV_2d,2024,0.48607204870814474,Price0,85,85,85,85
Second_88,70,88,ReRZV_2d,2024,0.48607204870814474,Thres20,75.45910492761745,75.32733840904169,63.11652680330395,88.58934991761437
Second_88,70,88,ReRZV_2d,2024,0.48607204870814474,Thres30,107.4655960978748,107.19089171312315,89.73633973398525,127.01259137975545
Second_88,70,88,ReRZV_2d,2024,0.48607204870814474,Thres20_50,NA,75.32733840904169,NA,NA
Second_88,70,88,ReRZV_2d,2024,0.48607204870814474,Thres30_90,NA,95.27687315952687,NA,NA
Second_88,70,88,ReRZV_2d,2024,0.48607204870814474,Thres,NA,75.32733840904169,NA,NA
Second_88,75,88,ReRZV_1d,2024,0.5333343930409623,N0,0.5333343930409623,0.5333343930409623,0.5333343930409623,0.5333343930409623
Second_88,75,88,ReRZV_1d,2024,0.5333343930409623,dYear_Life,3.9701710571060883e-4,3.9710080929877156e-4,3.016886046693571e-4,4.929822287966777e-4
Second_88,75,88,ReRZV_1d,2024,0.5333343930409623,dYear_Immunised,3.8306294650119272,3.874910586549514,3.045735360313808,4.313267235308094
Second_88,75,88,ReRZV_1d,2024,0.5333343930409623,dRisk_HZ,-0.07333668031992614,-0.07405008395383551,-0.08343501040287304,-0.058717424937971496
Second_88,75,88,ReRZV_1d,2024,0.5333343930409623,dRisk_Hosp,-0.007093936846817724,-0.007077763180148012,-0.0090342868430924,-0.005338330333067125
Second_88,75,88,ReRZV_1d,2024,0.5333343930409623,dRisk_PHN,-0.0063155142334708585,-0.006318045514259289,-0.007870777622263297,-0.004790124148049624
Second_88,75,88,ReRZV_1d,2024,0.5333343930409623,dRisk_Death,-2.041255193066464e-4,-2.0424161493576743e-4,-2.531529413034322e-4,-1.5557557609742695e-4
Second_88,75,88,ReRZV_1d,2024,0.5333343930409623,dQ_Life,2.6021984827528526e-4,2.604448282026901e-4,1.975008940516588e-4,3.2315489526811114e-4
Second_88,75,88,ReRZV_1d,2024,0.5333343930409623,dQ_HZ,0.005618141741193649,0.0056306392640012165,0.00435275036228215,0.006905371968423418
Second_88,75,88,ReRZV_1d,2024,0.5333343930409623,dQ_HZ_Norm,0.0015454305391996665,0.001544138717400697,0.0011960290160489605,0.0019271549602238663
Second_88,75,88,ReRZV_1d,2024,0.5333343930409623,dQ_All,0.005867275932253224,0.005883085803506467,0.004553347248524108,0.007172285679054143
Second_88,75,88,ReRZV_1d,2024,0.5333343930409623,dQ_HZ_d,0.005618141741193649,0.0056306392640012165,0.00435275036228215,0.006905371968423418
Second_88,75,88,ReRZV_1d,2024,0.5333343930409623,dQ_HZ_Norm_d,0.0015454305391996665,0.001544138717400697,0.0011960290160489605,0.0019271549602238663
Second_88,75,88,ReRZV_1d,2024,0.5333343930409623,dQ_Life_d,2.6021984827528526e-4,2.604448282026901e-4,1.975008940516588e-4,3.2315489526811114e-4
Second_88,75,88,ReRZV_1d,2024,0.5333343930409623,dQ_All_d,0.005878361589468941,0.00589388468081219,0.0045615571312235155,0.007182611947388036
Second_88,75,88,ReRZV_1d,2024,0.5333343930409623,dC_Hosp,-15.81501997816789,-15.75774919912001,-20.13366256824395,-11.776749388065591
Second_88,75,88,ReRZV_1d,2024,0.5333343930409623,dC_GP_NonPHN,-3.672759246279821,-3.70459451267738,-4.190274723989419,-2.933908340511119
Second_88,75,88,ReRZV_1d,2024,0.5333343930409623,dC_GP_PHN,-1.561539720830128,-1.5558320467556928,-1.970921550099292,-1.184031237407516
Second_88,75,88,ReRZV_1d,2024,0.5333343930409623,dC_GP,-5.234298967109949,-5.269448808320762,-6.009341406933948,-4.174976570081074
Second_88,75,88,ReRZV_1d,2024,0.5333343930409623,dC_Med,-21.04931894527784,-21.06553842410016,-25.870962049831345,-16.335288400157754
Second_88,75,88,ReRZV_1d,2024,0.5333343930409623,dC_VacZVL,0,0,0,0
Second_88,75,88,ReRZV_1d,2024,0.5333343930409623,dC_VacRZV,85,85,85,85
Second_88,75,88,ReRZV_1d,2024,0.5333343930409623,dC_Vac,85,85,85,85
Second_88,75,88,ReRZV_1d,2024,0.5333343930409623,dC_All,63.95068105472216,63.934461575899846,59.12903795016866,68.66471159984224
Second_88,75,88,ReRZV_1d,2024,0.5333343930409623,dC_Hosp_d,-15.81501997816789,-15.75774919912001,-20.13366256824395,-11.776749388065591
Second_88,75,88,ReRZV_1d,2024,0.5333343930409623,dC_GP_NonPHN_d,-3.672759246279821,-3.70459451267738,-4.190274723989419,-2.933908340511119
Second_88,75,88,ReRZV_1d,2024,0.5333343930409623,dC_GP_PHN_d,-1.561539720830128,-1.5558320467556928,-1.970921550099292,-1.184031237407516
Second_88,75,88,ReRZV_1d,2024,0.5333343930409623,dC_GP_d,-5.234298967109949,-5.269448808320762,-6.009341406933948,-4.174976570081074
Second_88,75,88,ReRZV_1d,2024,0.5333343930409623,dC_Med_d,-21.04931894527784,-21.06553842410016,-25.870962049831345,-16.335288400157754
Second_88,75,88,ReRZV_1d,2024,0.5333343930409623,dC_VacZVL_d,0,0,0,0
Second_88,75,88,ReRZV_1d,2024,0.5333343930409623,dC_VacRZV_d,85,85,85,85
Second_88,75,88,ReRZV_1d,2024,0.5333343930409623,dC_Vac_d,85,85,85,85
Second_88,75,88,ReRZV_1d,2024,0.5333343930409623,dC_All_d,63.95068105472216,63.934461575899846,59.12903795016866,68.66471159984224
Second_88,75,88,ReRZV_1d,2024,0.5333343930409623,dN_VacZVL,0,0,0,0
Second_88,75,88,ReRZV_1d,2024,0.5333343930409623,dN_VacRZV,1,1,1,1
Second_88,75,88,ReRZV_1d,2024,0.5333343930409623,dN_VacZVL_d,0,0,0,0
Second_88,75,88,ReRZV_1d,2024,0.5333343930409623,dN_VacRZV_d,1,1,1,1
Second_88,75,88,ReRZV_1d,2024,0.5333343930409623,ICER,11052.694032347044,10838.336046520548,8562.588866737362,14970.158657452552
Second_88,75,88,ReRZV_1d,2024,0.5333343930409623,Price0,85,85,85,85
Second_88,75,88,ReRZV_1d,2024,0.5333343930409623,Thres20,138.61655073465664,138.8497065078646,108.03320063986763,166.33555439512185
Second_88,75,88,ReRZV_1d,2024,0.5333343930409623,Thres30,197.40016662934605,197.8799636829285,153.37677099043702,238.19414312567696
Second_88,75,88,ReRZV_1d,2024,0.5333343930409623,Thres20_50,NA,138.8497065078646,NA,NA
Second_88,75,88,ReRZV_1d,2024,0.5333343930409623,Thres30_90,NA,170.29869951886442,NA,NA
Second_88,75,88,ReRZV_1d,2024,0.5333343930409623,Thres,NA,138.8497065078646,NA,NA
Second_88,75,88,ReRZV_2d,2024,0.5333343930409623,N0,0.5333343930409623,0.5333343930409623,0.5333343930409623,0.5333343930409623
Second_88,75,88,ReRZV_2d,2024,0.5333343930409623,dYear_Life,4.13839715216878e-4,4.130985298023245e-4,3.3122079746695257e-4,5.018005656174559e-4
Second_88,75,88,ReRZV_2d,2024,0.5333343930409623,dYear_Immunised,3.992544861981066,4.017414878157831,3.4607925843962617,4.389248426282614
Second_88,75,88,ReRZV_2d,2024,0.5333343930409623,dRisk_HZ,-0.07643750248632164,-0.07681776445757987,-0.08459582845512409,-0.06640623865494177
Second_88,75,88,ReRZV_2d,2024,0.5333343930409623,dRisk_Hosp,-0.007392892221983616,-0.007371566018890012,-0.009252982691803666,-0.005761391091446243
Second_88,75,88,ReRZV_2d,2024,0.5333343930409623,dRisk_PHN,-0.006581896612458943,-0.006573568754132935,-0.008045199986064766,-0.005231403268798219
Second_88,75,88,ReRZV_2d,2024,0.5333343930409623,dRisk_Death,-2.1273721914640172e-4,-2.1181723223455992e-4,-2.574734877575018e-4,-1.7012381265155678e-4
Second_88,75,88,ReRZV_2d,2024,0.5333343930409623,dQ_Life,2.712519091487098e-4,2.707036989692478e-4,2.175888260842035e-4,3.288483898676141e-4
Second_88,75,88,ReRZV_2d,2024,0.5333343930409623,dQ_HZ,0.005855860899470317,0.005838727754797546,0.004745415734948932,0.007081620618837567
Second_88,75,88,ReRZV_2d,2024,0.5333343930409623,dQ_HZ_Norm,0.001610887624522972,0.0016034948885065299,0.001295985060713159,0.0019673554455632582
Second_88,75,88,ReRZV_2d,2024,0.5333343930409623,dQ_All,0.0061155645688434675,0.006098041474473258,0.004977746871012888,0.007353345364048197
Second_88,75,88,ReRZV_2d,2024,0.5333343930409623,dQ_HZ_d,0.005855860899470317,0.005838727754797546,0.004745415734948932,0.007081620618837567
Second_88,75,88,ReRZV_2d,2024,0.5333343930409623,dQ_HZ_Norm_d,0.001610887624522972,0.0016034948885065299,0.001295985060713159,0.0019673554455632582
Second_88,75,88,ReRZV_2d,2024,0.5333343930409623,dQ_Life_d,2.712519091487098e-4,2.707036989692478e-4,2.175888260842035e-4,3.288483898676141e-4
Second_88,75,88,ReRZV_2d,2024,0.5333343930409623,dQ_All_d,0.00612711280861903,0.006109945889706035,0.0049881456056462044,0.007365948445531942
Second_88,75,88,ReRZV_2d,2024,0.5333343930409623,dC_Hosp,-16.48107310436071,-16.394071316884272,-20.655155034506894,-12.705686407863471
Second_88,75,88,ReRZV_2d,2024,0.5333343930409623,dC_GP_NonPHN,-3.828147933559474,-3.8512384147807133,-4.2594683704093415,-3.2982713413677085
Second_88,75,88,ReRZV_2d,2024,0.5333343930409623,dC_GP_PHN,-1.6274193296197117,-1.621768422210799,-2.017479563801851,-1.2878587911905035
Second_88,75,88,ReRZV_2d,2024,0.5333343930409623,dC_GP,-5.455567263179186,-5.47057915423879,-6.12179100339336,-4.698819769652399
Second_88,75,88,ReRZV_2d,2024,0.5333343930409623,dC_Med,-21.936640367539898,-21.90284843447377,-26.490805265779144,-17.775329261082344
Second_88,75,88,ReRZV_2d,2024,0.5333343930409623,dC_VacZVL,0,0,0,0
Second_88,75,88,ReRZV_2d,2024,0.5333343930409623,dC_VacRZV,170,170,170,170
Second_88,75,88,ReRZV_2d,2024,0.5333343930409623,dC_Vac,170,170,170,170
Second_88,75,88,ReRZV_2d,2024,0.5333343930409623,dC_All,148.0633596324601,148.09715156552625,143.50919473422084,152.22467073891767
Second_88,75,88,ReRZV_2d,2024,0.5333343930409623,dC_Hosp_d,-16.48107310436071,-16.394071316884272,-20.655155034506894,-12.705686407863471
Second_88,75,88,ReRZV_2d,2024,0.5333343930409623,dC_GP_NonPHN_d,-3.828147933559474,-3.8512384147807133,-4.2594683704093415,-3.2982713413677085
Second_88,75,88,ReRZV_2d,2024,0.5333343930409623,dC_GP_PHN_d,-1.6274193296197117,-1.621768422210799,-2.017479563801851,-1.2878587911905035
Second_88,75,88,ReRZV_2d,2024,0.5333343930409623,dC_GP_d,-5.455567263179186,-5.47057915423879,-6.12179100339336,-4.698819769652399
Second_88,75,88,ReRZV_2d,2024,0.5333343930409623,dC_Med_d,-21.936640367539898,-21.90284843447377,-26.490805265779144,-17.775329261082344
Second_88,75,88,ReRZV_2d,2024,0.5333343930409623,dC_VacZVL_d,0,0,0,0
Second_88,75,88,ReRZV_2d,2024,0.5333343930409623,dC_VacRZV_d,170,170,170,170
Second_88,75,88,ReRZV_2d,2024,0.5333343930409623,dC_Vac_d,170,170,170,170
Second_88,75,88,ReRZV_2d,2024,0.5333343930409623,dC_All_d,148.0633596324601,148.09715156552625,143.50919473422084,152.22467073891767
Second_88,75,88,ReRZV_2d,2024,0.5333343930409623,dN_VacZVL,0,0,0,0
Second_88,75,88,ReRZV_2d,2024,0.5333343930409623,dN_VacRZV,2,2,2,2
Second_88,75,88,ReRZV_2d,2024,0.5333343930409623,dN_VacZVL_d,0,0,0,0
Second_88,75,88,ReRZV_2d,2024,0.5333343930409623,dN_VacRZV_d,2,2,2,2
Second_88,75,88,ReRZV_2d,2024,0.5333343930409623,ICER,24419.67716589459,24210.362552198327,19882.062021187357,30044.136565575547
Second_88,75,88,ReRZV_2d,2024,0.5333343930409623,Price0,85,85,85,85
Second_88,75,88,ReRZV_2d,2024,0.5333343930409623,Thres20,72.23944826996025,72.15920283464538,59.90477181305409,85.43849587590108
Second_88,75,88,ReRZV_2d,2024,0.5333343930409623,Thres30,102.87501231305541,102.68045258687252,84.88782520894831,122.28125937588725
Second_88,75,88,ReRZV_2d,2024,0.5333343930409623,Thres20_50,NA,72.15920283464538,NA,NA
Second_88,75,88,ReRZV_2d,2024,0.5333343930409623,Thres30_90,NA,90.91090664604073,NA,NA
Second_88,75,88,ReRZV_2d,2024,0.5333343930409623,Thres,NA,72.15920283464538,NA,NA
Second_89,70,89,ReRZV_1d,2024,0.43687895333608423,N0,0.43687895333608423,0.43687895333608423,0.43687895333608423,0.43687895333608423
Second_89,70,89,ReRZV_1d,2024,0.43687895333608423,dYear_Life,3.7572133190412303e-4,3.7537108916289e-4,2.8908819079199517e-4,4.6485547068194044e-4
Second_89,70,89,ReRZV_1d,2024,0.43687895333608423,dYear_Immunised,3.7145521637942336,3.756506074990092,3.0204675409817154,4.122201379100232
Second_89,70,89,ReRZV_1d,2024,0.43687895333608423,dRisk_HZ,-0.08740321204238763,-0.08823509080063136,-0.09808565300294142,-0.07138731294284748
Second_89,70,89,ReRZV_1d,2024,0.43687895333608423,dRisk_Hosp,-0.008778187496456435,-0.00874633237631253,-0.011151121641871766,-0.006556846271170808
Second_89,70,89,ReRZV_1d,2024,0.43687895333608423,dRisk_PHN,-0.00743909202996543,-0.007425671067810801,-0.009269714895815665,-0.005659371957565924
Second_89,70,89,ReRZV_1d,2024,0.43687895333608423,dRisk_Death,-2.5248199650692785e-4,-2.523437218207431e-4,-3.116651052437008e-4,-1.9419506220886434e-4
Second_89,70,89,ReRZV_1d,2024,0.43687895333608423,dQ_Life,2.445737133513938e-4,2.443897329516599e-4,1.880276503721091e-4,3.026305142430601e-4
Second_89,70,89,ReRZV_1d,2024,0.43687895333608423,dQ_HZ,0.0054441555196194135,0.0054362674480556445,0.004249704813106004,0.006677997561706839
Second_89,70,89,ReRZV_1d,2024,0.43687895333608423,dQ_HZ_Norm,0.0014857106170706293,0.0014815592087413414,0.0011602334908031938,0.001838654342613228
Second_89,70,89,ReRZV_1d,2024,0.43687895333608423,dQ_All,0.005676599415576365,0.0056756380936663405,0.004439615080791086,0.0069189474225861145
Second_89,70,89,ReRZV_1d,2024,0.43687895333608423,dQ_HZ_d,0.0054441555196194135,0.0054362674480556445,0.004249704813106004,0.006677997561706839
Second_89,70,89,ReRZV_1d,2024,0.43687895333608423,dQ_HZ_Norm_d,0.0014857106170706293,0.0014815592087413414,0.0011602334908031938,0.001838654342613228
Second_89,70,89,ReRZV_1d,2024,0.43687895333608423,dQ_Life_d,2.445737133513938e-4,2.443897329516599e-4,1.880276503721091e-4,3.026305142430601e-4
Second_89,70,89,ReRZV_1d,2024,0.43687895333608423,dQ_All_d,0.0056887292329708145,0.005687770813503159,0.004449534458375292,0.006931197802935131
Second_89,70,89,ReRZV_1d,2024,0.43687895333608423,dC_Hosp,-15.902602927437686,-15.761550794219243,-20.348866605381083,-11.912033511047833
Second_89,70,89,ReRZV_1d,2024,0.43687895333608423,dC_GP_NonPHN,-3.520660640229759,-3.5553083086592396,-3.9666975484920886,-2.8673040440378097
Second_89,70,89,ReRZV_1d,2024,0.43687895333608423,dC_GP_PHN,-1.4777596970452644,-1.4709443354180953,-1.8789392423000084,-1.1105330567737528
Second_89,70,89,ReRZV_1d,2024,0.43687895333608423,dC_GP,-4.998420337275023,-5.032802260581946,-5.6968772683403595,-4.040922729732081
Second_89,70,89,ReRZV_1d,2024,0.43687895333608423,dC_Med,-20.90102326471271,-20.81405413088355,-25.591154509121335,-16.307469458265395
Second_89,70,89,ReRZV_1d,2024,0.43687895333608423,dC_VacZVL,0,0,0,0
Second_89,70,89,ReRZV_1d,2024,0.43687895333608423,dC_VacRZV,85,85,84.99999999999999,85.00000000000001
Second_89,70,89,ReRZV_1d,2024,0.43687895333608423,dC_Vac,85,85,84.99999999999999,85.00000000000001
Second_89,70,89,ReRZV_1d,2024,0.43687895333608423,dC_All,64.0989767352873,64.18594586911644,59.408845490878655,68.69253054173461
Second_89,70,89,ReRZV_1d,2024,0.43687895333608423,dC_Hosp_d,-15.902602927437686,-15.761550794219243,-20.348866605381083,-11.912033511047833
Second_89,70,89,ReRZV_1d,2024,0.43687895333608423,dC_GP_NonPHN_d,-3.520660640229759,-3.5553083086592396,-3.9666975484920886,-2.8673040440378097
Second_89,70,89,ReRZV_1d,2024,0.43687895333608423,dC_GP_PHN_d,-1.4777596970452644,-1.4709443354180953,-1.8789392423000084,-1.1105330567737528
Second_89,70,89,ReRZV_1d,2024,0.43687895333608423,dC_GP_d,-4.998420337275023,-5.032802260581946,-5.6968772683403595,-4.040922729732081
Second_89,70,89,ReRZV_1d,2024,0.43687895333608423,dC_Med_d,-20.90102326471271,-20.81405413088355,-25.591154509121335,-16.307469458265395
Second_89,70,89,ReRZV_1d,2024,0.43687895333608423,dC_VacZVL_d,0,0,0,0
Second_89,70,89,ReRZV_1d,2024,0.43687895333608423,dC_VacRZV_d,85,85,84.99999999999999,85.00000000000001
Second_89,70,89,ReRZV_1d,2024,0.43687895333608423,dC_Vac_d,85,85,84.99999999999999,85.00000000000001
Second_89,70,89,ReRZV_1d,2024,0.43687895333608423,dC_All_d,64.0989767352873,64.18594586911644,59.408845490878655,68.69253054173461
Second_89,70,89,ReRZV_1d,2024,0.43687895333608423,dN_VacZVL,0,0,0,0
Second_89,70,89,ReRZV_1d,2024,0.43687895333608423,dN_VacRZV,1,1,1,1
Second_89,70,89,ReRZV_1d,2024,0.43687895333608423,dN_VacZVL_d,0,0,0,0
Second_89,70,89,ReRZV_1d,2024,0.43687895333608423,dN_VacRZV_d,1,1,1,1
Second_89,70,89,ReRZV_1d,2024,0.43687895333608423,ICER,11431.823138592363,11244.760510366457,8929.61942528085,15152.914923840854
Second_89,70,89,ReRZV_1d,2024,0.43687895333608423,Price0,85,85,84.99999999999999,85.00000000000001
Second_89,70,89,ReRZV_1d,2024,0.43687895333608423,Thres20,134.675607924129,134.93471986780477,106.70815255472203,161.25691982588873
Second_89,70,89,ReRZV_1d,2024,0.43687895333608423,Thres30,191.56290025383714,191.8894992835622,150.530640541955,230.50309387226923
Second_89,70,89,ReRZV_1d,2024,0.43687895333608423,Thres20_50,NA,134.93471986780477,NA,NA
Second_89,70,89,ReRZV_1d,2024,0.43687895333608423,Thres30_90,NA,166.61720881968407,NA,NA
Second_89,70,89,ReRZV_1d,2024,0.43687895333608423,Thres,NA,134.93471986780477,NA,NA
Second_89,70,89,ReRZV_2d,2024,0.43687895333608423,N0,0.43687895333608423,0.43687895333608423,0.43687895333608423,0.43687895333608423
Second_89,70,89,ReRZV_2d,2024,0.43687895333608423,dYear_Life,3.9079476722882786e-4,3.891595750945756e-4,3.1499635678133316e-4,4.7317377167234524e-4
Second_89,70,89,ReRZV_2d,2024,0.43687895333608423,dYear_Immunised,3.8636475591728625,3.885603402401565,3.3991277859539806,4.186757652238643
Second_89,70,89,ReRZV_2d,2024,0.43687895333608423,dRisk_HZ,-0.09091097255464987,-0.09133040638084944,-0.0994485833882302,-0.07992651842546108
Second_89,70,89,ReRZV_2d,2024,0.43687895333608423,dRisk_Hosp,-0.009130185615924094,-0.009091136559741869,-0.011399379946494384,-0.007089612669855669
Second_89,70,89,ReRZV_2d,2024,0.43687895333608423,dRisk_PHN,-0.007736675420654608,-0.007707068797363369,-0.009508892598781186,-0.006098450522763161
Second_89,70,89,ReRZV_2d,2024,0.43687895333608423,dRisk_Death,-2.626050564133694e-4,-2.6145605645446065e-4,-3.188255067502435e-4,-2.1212121122179712e-4
Second_89,70,89,ReRZV_2d,2024,0.43687895333608423,dQ_Life,2.543864974214177e-4,2.532914260998772e-4,2.0476898768659888e-4,3.082312419422818e-4
Second_89,70,89,ReRZV_2d,2024,0.43687895333608423,dQ_HZ,0.005662853289853689,0.005629031502898568,0.004644788369760634,0.006839706901323603
Second_89,70,89,ReRZV_2d,2024,0.43687895333608423,dQ_HZ_Norm,0.0015454306651108917,0.0015397896395393492,0.0012536773377669365,0.001876174558166054
Second_89,70,89,ReRZV_2d,2024,0.43687895333608423,dQ_All,0.005904624340755587,0.005874616839431397,0.004874606756547351,0.007084878782887065
Second_89,70,89,ReRZV_2d,2024,0.43687895333608423,dQ_HZ_d,0.005662853289853689,0.005629031502898568,0.004644788369760634,0.006839706901323603
Second_89,70,89,ReRZV_2d,2024,0.43687895333608423,dQ_HZ_Norm_d,0.0015454306651108917,0.0015397896395393492,0.0012536773377669365,0.001876174558166054
Second_89,70,89,ReRZV_2d,2024,0.43687895333608423,dQ_Life_d,2.543864974214177e-4,2.532914260998772e-4,2.0476898768659888e-4,3.082312419422818e-4
Second_89,70,89,ReRZV_2d,2024,0.43687895333608423,dQ_All_d,0.0059172397872751,0.005887705532062623,0.004885769681595107,0.007098746686897894
Second_89,70,89,ReRZV_2d,2024,0.43687895333608423,dC_Hosp,-16.539975973563827,-16.450530303421047,-20.83450252236093,-12.803967592630237
Second_89,70,89,ReRZV_2d,2024,0.43687895333608423,dC_GP_NonPHN,-3.6619816655090185,-3.675076513830009,-4.019755836195043,-3.196175294916877
Second_89,70,89,ReRZV_2d,2024,0.43687895333608423,dC_GP_PHN,-1.536860945457664,-1.5281789542567998,-1.9213592792248249,-1.1942568697795464
Second_89,70,89,ReRZV_2d,2024,0.43687895333608423,dC_GP,-5.1988426109666825,-5.2144211540864625,-5.768371217402343,-4.540109699401347
Second_89,70,89,ReRZV_2d,2024,0.43687895333608423,dC_Med,-21.73881858453051,-21.67399459350334,-26.160993127188398,-17.800233418480023
Second_89,70,89,ReRZV_2d,2024,0.43687895333608423,dC_VacZVL,0,0,0,0
Second_89,70,89,ReRZV_2d,2024,0.43687895333608423,dC_VacRZV,170,170,169.99999999999997,170.00000000000003
Second_89,70,89,ReRZV_2d,2024,0.43687895333608423,dC_Vac,170,170,169.99999999999997,170.00000000000003
Second_89,70,89,ReRZV_2d,2024,0.43687895333608423,dC_All,148.26118141546948,148.32600540649668,143.8390068728116,152.19976658152
Second_89,70,89,ReRZV_2d,2024,0.43687895333608423,dC_Hosp_d,-16.539975973563827,-16.450530303421047,-20.83450252236093,-12.803967592630237
Second_89,70,89,ReRZV_2d,2024,0.43687895333608423,dC_GP_NonPHN_d,-3.6619816655090185,-3.675076513830009,-4.019755836195043,-3.196175294916877
Second_89,70,89,ReRZV_2d,2024,0.43687895333608423,dC_GP_PHN_d,-1.536860945457664,-1.5281789542567998,-1.9213592792248249,-1.1942568697795464
Second_89,70,89,ReRZV_2d,2024,0.43687895333608423,dC_GP_d,-5.1988426109666825,-5.2144211540864625,-5.768371217402343,-4.540109699401347
Second_89,70,89,ReRZV_2d,2024,0.43687895333608423,dC_Med_d,-21.73881858453051,-21.67399459350334,-26.160993127188398,-17.800233418480023
Second_89,70,89,ReRZV_2d,2024,0.43687895333608423,dC_VacZVL_d,0,0,0,0
Second_89,70,89,ReRZV_2d,2024,0.43687895333608423,dC_VacRZV_d,170,170,169.99999999999997,170.00000000000003
Second_89,70,89,ReRZV_2d,2024,0.43687895333608423,dC_Vac_d,170,170,169.99999999999997,170.00000000000003
Second_89,70,89,ReRZV_2d,2024,0.43687895333608423,dC_All_d,148.26118141546948,148.32600540649668,143.8390068728116,152.19976658152
Second_89,70,89,ReRZV_2d,2024,0.43687895333608423,dN_VacZVL,0,0,0,0
Second_89,70,89,ReRZV_2d,2024,0.43687895333608423,dN_VacRZV,2,2,2,2
Second_89,70,89,ReRZV_2d,2024,0.43687895333608423,dN_VacZVL_d,0,0,0,0
Second_89,70,89,ReRZV_2d,2024,0.43687895333608423,dN_VacRZV_d,2,2,2,2
Second_89,70,89,ReRZV_2d,2024,0.43687895333608423,ICER,25301.692126105485,25157.136440464412,20693.144136601324,30670.266565292077
Second_89,70,89,ReRZV_2d,2024,0.43687895333608423,Price0,85,85,84.99999999999999,85.00000000000001
Second_89,70,89,ReRZV_2d,2024,0.43687895333608423,Thres20,70.04180716501625,69.83303772927256,58.81735797590357,82.55218192511018
Second_89,70,89,ReRZV_2d,2024,0.43687895333608423,Thres30,99.62800610139175,99.24664902730592,83.37751128090059,117.91553289703144
Second_89,70,89,ReRZV_2d,2024,0.43687895333608423,Thres20_50,NA,69.83303772927256,NA,NA
Second_89,70,89,ReRZV_2d,2024,0.43687895333608423,Thres30_90,NA,88.27250489732204,NA,NA
Second_89,70,89,ReRZV_2d,2024,0.43687895333608423,Thres,NA,69.83303772927256,NA,NA
Second_89,75,89,ReRZV_1d,2024,0.47935867364110624,N0,0.47935867364110624,0.47935867364110624,0.47935867364110624,0.47935867364110624
Second_89,75,89,ReRZV_1d,2024,0.47935867364110624,dYear_Life,3.5996356167284613e-4,3.6008533823901243e-4,2.7252904017276066e-4,4.471922530642211e-4
Second_89,75,89,ReRZV_1d,2024,0.47935867364110624,dYear_Immunised,3.56871520875452,3.612548309112425,2.848333559327467,4.006802114719409
Second_89,75,89,ReRZV_1d,2024,0.47935867364110624,dRisk_HZ,-0.07650566373856284,-0.07719865998813168,-0.0866708750810221,-0.06150086874459363
Second_89,75,89,ReRZV_1d,2024,0.47935867364110624,dRisk_Hosp,-0.007691782059959914,-0.0076523895520655486,-0.009862588213769055,-0.005698484173849212
Second_89,75,89,ReRZV_1d,2024,0.47935867364110624,dRisk_PHN,-0.006508460212769555,-0.006498671583990555,-0.008154851214762721,-0.004895429454908144
Second_89,75,89,ReRZV_1d,2024,0.47935867364110624,dRisk_Death,-2.2107291414419743e-4,-2.2100031779550178e-4,-2.7464725681009987e-4,-1.6831953172910874e-4
Second_89,75,89,ReRZV_1d,2024,0.47935867364110624,dQ_Life,2.3423108618802848e-4,2.3429293106316888e-4,1.772762144336361e-4,2.9101241440784663e-4
Second_89,75,89,ReRZV_1d,2024,0.47935867364110624,dQ_HZ,0.005229001933112353,0.005222198488968332,0.004034061649227963,0.006409028253367958
Second_89,75,89,ReRZV_1d,2024,0.47935867364110624,dQ_HZ_Norm,0.0014266444577183436,0.001423178774246975,0.0011021171553281391,0.001780088923709993
Second_89,75,89,ReRZV_1d,2024,0.47935867364110624,dQ_All,0.005451498407768563,0.005448443016202115,0.004207870749792107,0.006655224841008134
Second_89,75,89,ReRZV_1d,2024,0.47935867364110624,dQ_HZ_d,0.005229001933112353,0.005222198488968332,0.004034061649227963,0.006409028253367958
Second_89,75,89,ReRZV_1d,2024,0.47935867364110624,dQ_HZ_Norm_d,0.0014266444577183436,0.001423178774246975,0.0011021171553281391,0.001780088923709993
Second_89,75,89,ReRZV_1d,2024,0.47935867364110624,dQ_Life_d,2.3423108618802848e-4,2.3429293106316888e-4,1.772762144336361e-4,2.9101241440784663e-4
Second_89,75,89,ReRZV_1d,2024,0.47935867364110624,dQ_All_d,0.005463233019300369,0.0054615929883848864,0.004218358668891356,0.006669791458463603
Second_89,75,89,ReRZV_1d,2024,0.47935867364110624,dC_Hosp,-15.29019019552811,-15.20303981459225,-19.590259958056105,-11.32673806460924
Second_89,75,89,ReRZV_1d,2024,0.47935867364110624,dC_GP_NonPHN,-3.380289203443642,-3.4166876942883686,-3.8479744606792736,-2.7114833695909053
Second_89,75,89,ReRZV_1d,2024,0.47935867364110624,dC_GP_PHN,-1.4181413809981231,-1.409630616024633,-1.8182441284510338,-1.0576673167165418
Second_89,75,89,ReRZV_1d,2024,0.47935867364110624,dC_GP,-4.798430584441765,-4.831107634634726,-5.514263464882847,-3.839047919479207
Second_89,75,89,ReRZV_1d,2024,0.47935867364110624,dC_Med,-20.088620779969876,-20.02201341573727,-24.7253587985682,-15.56328216549473
Second_89,75,89,ReRZV_1d,2024,0.47935867364110624,dC_VacZVL,0,0,0,0
Second_89,75,89,ReRZV_1d,2024,0.47935867364110624,dC_VacRZV,85,85,85,85
Second_89,75,89,ReRZV_1d,2024,0.47935867364110624,dC_Vac,85,85,85,85
Second_89,75,89,ReRZV_1d,2024,0.47935867364110624,dC_All,64.91137922003013,64.97798658426271,60.2746412014318,69.43671783450527
Second_89,75,89,ReRZV_1d,2024,0.47935867364110624,dC_Hosp_d,-15.29019019552811,-15.20303981459225,-19.590259958056105,-11.32673806460924
Second_89,75,89,ReRZV_1d,2024,0.47935867364110624,dC_GP_NonPHN_d,-3.380289203443642,-3.4166876942883686,-3.8479744606792736,-2.7114833695909053
Second_89,75,89,ReRZV_1d,2024,0.47935867364110624,dC_GP_PHN_d,-1.4181413809981231,-1.409630616024633,-1.8182441284510338,-1.0576673167165418
Second_89,75,89,ReRZV_1d,2024,0.47935867364110624,dC_GP_d,-4.798430584441765,-4.831107634634726,-5.514263464882847,-3.839047919479207
Second_89,75,89,ReRZV_1d,2024,0.47935867364110624,dC_Med_d,-20.088620779969876,-20.02201341573727,-24.7253587985682,-15.56328216549473
Second_89,75,89,ReRZV_1d,2024,0.47935867364110624,dC_VacZVL_d,0,0,0,0
Second_89,75,89,ReRZV_1d,2024,0.47935867364110624,dC_VacRZV_d,85,85,85,85
Second_89,75,89,ReRZV_1d,2024,0.47935867364110624,dC_Vac_d,85,85,85,85
Second_89,75,89,ReRZV_1d,2024,0.47935867364110624,dC_All_d,64.91137922003013,64.97798658426271,60.2746412014318,69.43671783450527
Second_89,75,89,ReRZV_1d,2024,0.47935867364110624,dN_VacZVL,0,0,0,0
Second_89,75,89,ReRZV_1d,2024,0.47935867364110624,dN_VacRZV,1,1,1,1
Second_89,75,89,ReRZV_1d,2024,0.47935867364110624,dN_VacZVL_d,0,0,0,0
Second_89,75,89,ReRZV_1d,2024,0.47935867364110624,dN_VacRZV_d,1,1,1,1
Second_89,75,89,ReRZV_1d,2024,0.47935867364110624,ICER,12069.33882633465,11851.17237086266,9394.091845893134,16284.851374806276
Second_89,75,89,ReRZV_1d,2024,0.47935867364110624,Price0,85,85,85,85
Second_89,75,89,ReRZV_1d,2024,0.47935867364110624,Thres20,129.35328116597725,129.52448218173262,100.78709276709904,155.35828641617036
Second_89,75,89,ReRZV_1d,2024,0.47935867364110624,Thres30,183.98561135898095,184.24968174741537,142.8964109217208,221.98541410346328
Second_89,75,89,ReRZV_1d,2024,0.47935867364110624,Thres20_50,NA,129.52448218173262,NA,NA
Second_89,75,89,ReRZV_1d,2024,0.47935867364110624,Thres30_90,NA,158.51333397368538,NA,NA
Second_89,75,89,ReRZV_1d,2024,0.47935867364110624,Thres,NA,129.52448218173262,NA,NA
Second_89,75,89,ReRZV_2d,2024,0.47935867364110624,N0,0.47935867364110624,0.47935867364110624,0.47935867364110624,0.47935867364110624
Second_89,75,89,ReRZV_2d,2024,0.47935867364110624,dYear_Life,3.7503701632827624e-4,3.7416604152452383e-4,2.992969119900796e-4,4.550586995749526e-4
Second_89,75,89,ReRZV_2d,2024,0.47935867364110624,dYear_Immunised,3.717810793901011,3.7420029580541554,3.2249101863284038,4.07319078075544
Second_89,75,89,ReRZV_2d,2024,0.47935867364110624,dRisk_HZ,-0.07970257429128025,-0.08004071954460497,-0.08808944970444581,-0.06948237278112826
Second_89,75,89,ReRZV_2d,2024,0.47935867364110624,dRisk_Hosp,-0.008012586887691709,-0.00797924099553689,-0.010075702372955513,-0.0062160457365358305
Second_89,75,89,ReRZV_2d,2024,0.47935867364110624,dRisk_PHN,-0.006779672423921292,-0.0067565741440971366,-0.008373670738347693,-0.005297617867440502
Second_89,75,89,ReRZV_2d,2024,0.47935867364110624,dRisk_Death,-2.3029889056724206e-4,-2.293619200082485e-4,-2.7888417000162933e-4,-1.8385976943171076e-4
Second_89,75,89,ReRZV_2d,2024,0.47935867364110624,dQ_Life,2.4404388284234528e-4,2.435528538515567e-4,1.9475093203012695e-4,2.960306220275552e-4
Second_89,75,89,ReRZV_2d,2024,0.47935867364110624,dQ_HZ,0.005447699981634868,0.005424763984112361,0.004417315795895027,0.006583395066591258
Second_89,75,89,ReRZV_2d,2024,0.47935867364110624,dQ_HZ_Norm,0.001486364581770441,0.0014807622891395912,0.0011970093648766644,0.0018148341865317935
Second_89,75,89,ReRZV_2d,2024,0.47935867364110624,dQ_All,0.005679523623197584,0.005655891535532979,0.0046420042965981175,0.006825653244456524
Second_89,75,89,ReRZV_2d,2024,0.47935867364110624,dQ_HZ_d,0.005447699981634868,0.005424763984112361,0.004417315795895027,0.006583395066591258
Second_89,75,89,ReRZV_2d,2024,0.47935867364110624,dQ_HZ_Norm_d,0.001486364581770441,0.0014807622891395912,0.0011970093648766644,0.0018148341865317935
Second_89,75,89,ReRZV_2d,2024,0.47935867364110624,dQ_Life_d,2.4404388284234528e-4,2.435528538515567e-4,1.9475093203012695e-4,2.960306220275552e-4
Second_89,75,89,ReRZV_2d,2024,0.47935867364110624,dQ_All_d,0.005691743864477204,0.00566915236986847,0.004652968242251181,0.0068377526306154755
Second_89,75,89,ReRZV_2d,2024,0.47935867364110624,dC_Hosp,-15.927564052779903,-15.863680404099682,-20.093805331464583,-12.259127606522837
Second_89,75,89,ReRZV_2d,2024,0.47935867364110624,dC_GP_NonPHN,-3.521610408598753,-3.5370540803184563,-3.9080856663824064,-3.0403986241491974
Second_89,75,89,ReRZV_2d,2024,0.47935867364110624,dC_GP_PHN,-1.4772427046578622,-1.4674500392105012,-1.8499812252993029,-1.1439697818974561
Second_89,75,89,ReRZV_2d,2024,0.47935867364110624,dC_GP,-4.998853113256615,-5.011331189487534,-5.597157033653326,-4.313351498325796
Second_89,75,89,ReRZV_2d,2024,0.47935867364110624,dC_Med,-20.92641716603652,-20.875453640213784,-25.319164669183362,-17.040259898414277
Second_89,75,89,ReRZV_2d,2024,0.47935867364110624,dC_VacZVL,0,0,0,0
Second_89,75,89,ReRZV_2d,2024,0.47935867364110624,dC_VacRZV,170,170,170,170
Second_89,75,89,ReRZV_2d,2024,0.47935867364110624,dC_Vac,170,170,170,170
Second_89,75,89,ReRZV_2d,2024,0.47935867364110624,dC_All,149.07358283396348,149.12454635978622,144.68083533081662,152.9597401015857
Second_89,75,89,ReRZV_2d,2024,0.47935867364110624,dC_Hosp_d,-15.927564052779903,-15.863680404099682,-20.093805331464583,-12.259127606522837
Second_89,75,89,ReRZV_2d,2024,0.47935867364110624,dC_GP_NonPHN_d,-3.521610408598753,-3.5370540803184563,-3.9080856663824064,-3.0403986241491974
Second_89,75,89,ReRZV_2d,2024,0.47935867364110624,dC_GP_PHN_d,-1.4772427046578622,-1.4674500392105012,-1.8499812252993029,-1.1439697818974561
Second_89,75,89,ReRZV_2d,2024,0.47935867364110624,dC_GP_d,-4.998853113256615,-5.011331189487534,-5.597157033653326,-4.313351498325796
Second_89,75,89,ReRZV_2d,2024,0.47935867364110624,dC_Med_d,-20.92641716603652,-20.875453640213784,-25.319164669183362,-17.040259898414277
Second_89,75,89,ReRZV_2d,2024,0.47935867364110624,dC_VacZVL_d,0,0,0,0
Second_89,75,89,ReRZV_2d,2024,0.47935867364110624,dC_VacRZV_d,170,170,170,170
Second_89,75,89,ReRZV_2d,2024,0.47935867364110624,dC_Vac_d,170,170,170,170
Second_89,75,89,ReRZV_2d,2024,0.47935867364110624,dC_All_d,149.07358283396348,149.12454635978622,144.68083533081662,152.9597401015857
Second_89,75,89,ReRZV_2d,2024,0.47935867364110624,dN_VacZVL,0,0,0,0
Second_89,75,89,ReRZV_2d,2024,0.47935867364110624,dN_VacRZV,2,2,2,2
Second_89,75,89,ReRZV_2d,2024,0.47935867364110624,dN_VacZVL_d,0,0,0,0
Second_89,75,89,ReRZV_2d,2024,0.47935867364110624,dN_VacRZV_d,2,2,2,2
Second_89,75,89,ReRZV_2d,2024,0.47935867364110624,ICER,26467.40329080095,26232.269403781902,21538.658129386837,32445.14107066042
Second_89,75,89,ReRZV_2d,2024,0.47935867364110624,Price0,85,85,85,85
Second_89,75,89,ReRZV_2d,2024,0.47935867364110624,Thres20,67.3806472277903,67.25263265064615,56.20967341370516,79.771583997332
Second_89,75,89,ReRZV_2d,2024,0.47935867364110624,Thres30,95.83936655017632,95.72310541442454,79.38469249431037,114.14121595942272
Second_89,75,89,ReRZV_2d,2024,0.47935867364110624,Thres20_50,NA,67.25263265064615,NA,NA
Second_89,75,89,ReRZV_2d,2024,0.47935867364110624,Thres30_90,NA,84.51211154386193,NA,NA
Second_89,75,89,ReRZV_2d,2024,0.47935867364110624,Thres,NA,67.25263265064615,NA,NA
Second_90,70,90,ReRZV_1d,2024,0.3873420089460723,N0,0.3873420089460723,0.3873420089460723,0.3873420089460723,0.3873420089460723
Second_90,70,90,ReRZV_1d,2024,0.3873420089460723,dYear_Life,3.2335148497365313e-4,3.2304124881949445e-4,2.491443985557605e-4,3.994469902360894e-4
Second_90,70,90,ReRZV_1d,2024,0.3873420089460723,dYear_Immunised,3.4307424227431382,3.4759738600441796,2.798288628714957,3.798301578166851
Second_90,70,90,ReRZV_1d,2024,0.3873420089460723,dRisk_HZ,-0.09171019918801288,-0.09264854916486413,-0.10251954979378414,-0.07476537520078813
Second_90,70,90,ReRZV_1d,2024,0.3873420089460723,dRisk_Hosp,-0.009496253993874833,-0.009435342805779276,-0.012040709912898333,-0.0070736820711958925
Second_90,70,90,ReRZV_1d,2024,0.3873420089460723,dRisk_PHN,-0.007700568429183422,-0.007677038755401556,-0.00973873953328892,-0.0057609221461102
Second_90,70,90,ReRZV_1d,2024,0.3873420089460723,dRisk_Death,-2.6703643372510424e-4,-2.670302337286674e-4,-3.3025811558627747e-4,-2.0619345602534942e-4
Second_90,70,90,ReRZV_1d,2024,0.3873420089460723,dQ_Life,2.0847772937078931e-4,2.0842780665415627e-4,1.6044446839188852e-4,2.574778962074366e-4
Second_90,70,90,ReRZV_1d,2024,0.3873420089460723,dQ_HZ,0.00501739238170803,0.0050085078717921235,0.0039175260992843275,0.006131810979959945
Second_90,70,90,ReRZV_1d,2024,0.3873420089460723,dQ_HZ_Norm,0.0013583485158845101,0.0013559736990959783,0.0010613041625672263,0.001687843912493758
Second_90,70,90,ReRZV_1d,2024,0.3873420089460723,dQ_All,0.005213187074271593,0.005202882258757393,0.004073664019937347,0.0063400890812449024
Second_90,70,90,ReRZV_1d,2024,0.3873420089460723,dQ_HZ_d,0.00501739238170803,0.0050085078717921235,0.0039175260992843275,0.006131810979959945
Second_90,70,90,ReRZV_1d,2024,0.3873420089460723,dQ_HZ_Norm_d,0.0013583485158845101,0.0013559736990959783,0.0010613041625672263,0.001687843912493758
Second_90,70,90,ReRZV_1d,2024,0.3873420089460723,dQ_Life_d,2.0847772937078931e-4,2.0842780665415627e-4,1.6044446839188852e-4,2.574778962074366e-4
Second_90,70,90,ReRZV_1d,2024,0.3873420089460723,dQ_All_d,0.00522587011107881,0.005215797793596362,0.004082735473156185,0.006354010531920232
Second_90,70,90,ReRZV_1d,2024,0.3873420089460723,dC_Hosp,-15.105101050204006,-15.031841446112328,-19.311515000761176,-11.212944591249105
Second_90,70,90,ReRZV_1d,2024,0.3873420089460723,dC_GP_NonPHN,-3.2107573758737082,-3.2474841695202397,-3.5991948227530823,-2.6104893418824062
Second_90,70,90,ReRZV_1d,2024,0.3873420089460723,dC_GP_PHN,-1.3280066539840605,-1.3222218931234284,-1.7070552947410271,-0.9832588385176663
Second_90,70,90,ReRZV_1d,2024,0.3873420089460723,dC_GP,-4.538764029857768,-4.573020225751993,-5.167533512173111,-3.6835864440172914
Second_90,70,90,ReRZV_1d,2024,0.3873420089460723,dC_Med,-19.643865080061776,-19.643187929414935,-24.101833880131085,-15.325702194522144
Second_90,70,90,ReRZV_1d,2024,0.3873420089460723,dC_VacZVL,0,0,0,0
Second_90,70,90,ReRZV_1d,2024,0.3873420089460723,dC_VacRZV,85,85,84.99999999999999,85.00000000000001
Second_90,70,90,ReRZV_1d,2024,0.3873420089460723,dC_Vac,85,85,84.99999999999999,85.00000000000001
Second_90,70,90,ReRZV_1d,2024,0.3873420089460723,dC_All,65.35613491993823,65.35681207058506,60.89816611986893,69.67429780547783
Second_90,70,90,ReRZV_1d,2024,0.3873420089460723,dC_Hosp_d,-15.105101050204006,-15.031841446112328,-19.311515000761176,-11.212944591249105
Second_90,70,90,ReRZV_1d,2024,0.3873420089460723,dC_GP_NonPHN_d,-3.2107573758737082,-3.2474841695202397,-3.5991948227530823,-2.6104893418824062
Second_90,70,90,ReRZV_1d,2024,0.3873420089460723,dC_GP_PHN_d,-1.3280066539840605,-1.3222218931234284,-1.7070552947410271,-0.9832588385176663
Second_90,70,90,ReRZV_1d,2024,0.3873420089460723,dC_GP_d,-4.538764029857768,-4.573020225751993,-5.167533512173111,-3.6835864440172914
Second_90,70,90,ReRZV_1d,2024,0.3873420089460723,dC_Med_d,-19.643865080061776,-19.643187929414935,-24.101833880131085,-15.325702194522144
Second_90,70,90,ReRZV_1d,2024,0.3873420089460723,dC_VacZVL_d,0,0,0,0
Second_90,70,90,ReRZV_1d,2024,0.3873420089460723,dC_VacRZV_d,85,85,84.99999999999999,85.00000000000001
Second_90,70,90,ReRZV_1d,2024,0.3873420089460723,dC_Vac_d,85,85,84.99999999999999,85.00000000000001
Second_90,70,90,ReRZV_1d,2024,0.3873420089460723,dC_All_d,65.35613491993823,65.35681207058506,60.89816611986893,69.67429780547783
Second_90,70,90,ReRZV_1d,2024,0.3873420089460723,dN_VacZVL,0,0,0,0
Second_90,70,90,ReRZV_1d,2024,0.3873420089460723,dN_VacRZV,1,1,1,1
Second_90,70,90,ReRZV_1d,2024,0.3873420089460723,dN_VacZVL_d,0,0,0,0
Second_90,70,90,ReRZV_1d,2024,0.3873420089460723,dN_VacRZV_d,1,1,1,1
Second_90,70,90,ReRZV_1d,2024,0.3873420089460723,ICER,12689.520250262736,12476.204621868961,9900.106577674045,16795.212522288806
Second_90,70,90,ReRZV_1d,2024,0.3873420089460723,Price0,85,85,84.99999999999999,85.00000000000001
Second_90,70,90,ReRZV_1d,2024,0.3873420089460723,Thres20,124.16126730163796,124.33272616863917,98.35031912388418,148.8951928173253
Second_90,70,90,ReRZV_1d,2024,0.3873420089460723,Thres30,176.41996841242607,176.4999674239554,139.50383727088436,212.42897342289743
Second_90,70,90,ReRZV_1d,2024,0.3873420089460723,Thres20_50,NA,124.33272616863917,NA,NA
Second_90,70,90,ReRZV_1d,2024,0.3873420089460723,Thres30_90,NA,153.1156225220726,NA,NA
Second_90,70,90,ReRZV_1d,2024,0.3873420089460723,Thres,NA,124.33272616863917,NA,NA
Second_90,70,90,ReRZV_2d,2024,0.3873420089460723,N0,0.3873420089460723,0.3873420089460723,0.3873420089460723,0.3873420089460723
Second_90,70,90,ReRZV_2d,2024,0.3873420089460723,dYear_Life,3.3624339775646493e-4,3.3486972587484743e-4,2.7122501070806e-4,4.078512113004841e-4
Second_90,70,90,ReRZV_2d,2024,0.3873420089460723,dYear_Immunised,3.5676363074957593,3.5884649675574076,3.1406020275036015,3.853561217791425
Second_90,70,90,ReRZV_2d,2024,0.3873420089460723,dRisk_HZ,-0.09536859635740697,-0.09584185799171141,-0.1039712635463751,-0.08391261700884031
Second_90,70,90,ReRZV_2d,2024,0.3873420089460723,dRisk_Hosp,-0.009874531288077939,-0.009825536652707738,-0.012367164356699293,-0.007678740516954553
Second_90,70,90,ReRZV_2d,2024,0.3873420089460723,dRisk_PHN,-0.008006768890763755,-0.007988565102099235,-0.009982811405175259,-0.0061721436537650635
Second_90,70,90,ReRZV_2d,2024,0.3873420089460723,dRisk_Death,-2.7768007219886585e-4,-2.765480814640762e-4,-3.367791969939768e-4,-2.2479741847667432e-4
Second_90,70,90,ReRZV_2d,2024,0.3873420089460723,dQ_Life,2.1679003803852487e-4,2.159135002336854e-4,1.7485305345007993e-4,2.631404871243107e-4
Second_90,70,90,ReRZV_2d,2024,0.3873420089460723,dQ_HZ,0.005217733070004286,0.005181869633574674,0.004277300785235304,0.0063090339601105435
Second_90,70,90,ReRZV_2d,2024,0.3873420089460723,dQ_HZ_Norm,0.0014126218239036996,0.001409533899682516,0.001149214814310134,0.001719246586244065
Second_90,70,90,ReRZV_2d,2024,0.3873420089460723,dQ_All,0.005421334901168432,0.005385743338491183,0.004466178709147736,0.006522085756304263
Second_90,70,90,ReRZV_2d,2024,0.3873420089460723,dQ_HZ_d,0.005217733070004286,0.005181869633574674,0.004277300785235304,0.0063090339601105435
Second_90,70,90,ReRZV_2d,2024,0.3873420089460723,dQ_HZ_Norm_d,0.0014126218239036996,0.001409533899682516,0.001149214814310134,0.001719246586244065
Second_90,70,90,ReRZV_2d,2024,0.3873420089460723,dQ_Life_d,2.1679003803852487e-4,2.159135002336854e-4,1.7485305345007993e-4,2.631404871243107e-4
Second_90,70,90,ReRZV_2d,2024,0.3873420089460723,dQ_All_d,0.005434523108042803,0.005398607954820378,0.00447751539560629,0.006533538074643983
Second_90,70,90,ReRZV_2d,2024,0.3873420089460723,dC_Hosp,-15.70649975013942,-15.6434514647876,-19.711205433121822,-11.928957308555082
Second_90,70,90,ReRZV_2d,2024,0.3873420089460723,dC_GP_NonPHN,-3.3388651898502344,-3.355820568172355,-3.6561893922991757,-2.9245276016910386
Second_90,70,90,ReRZV_2d,2024,0.3873420089460723,dC_GP_PHN,-1.3808062856051837,-1.3733765242670835,-1.7407018359428572,-1.0524505483558004
Second_90,70,90,ReRZV_2d,2024,0.3873420089460723,dC_GP,-4.719671475455418,-4.734768738142135,-5.236880056571337,-4.098471066715204
Second_90,70,90,ReRZV_2d,2024,0.3873420089460723,dC_Med,-20.42617122559484,-20.376246419998836,-24.597819741508577,-16.568806611644128
Second_90,70,90,ReRZV_2d,2024,0.3873420089460723,dC_VacZVL,0,0,0,0
Second_90,70,90,ReRZV_2d,2024,0.3873420089460723,dC_VacRZV,170,170,169.99999999999997,170.00000000000003
Second_90,70,90,ReRZV_2d,2024,0.3873420089460723,dC_Vac,170,170,169.99999999999997,170.00000000000003
Second_90,70,90,ReRZV_2d,2024,0.3873420089460723,dC_All,149.57382877440517,149.62375358000116,145.40218025849143,153.43119338835587
Second_90,70,90,ReRZV_2d,2024,0.3873420089460723,dC_Hosp_d,-15.70649975013942,-15.6434514647876,-19.711205433121822,-11.928957308555082
Second_90,70,90,ReRZV_2d,2024,0.3873420089460723,dC_GP_NonPHN_d,-3.3388651898502344,-3.355820568172355,-3.6561893922991757,-2.9245276016910386
Second_90,70,90,ReRZV_2d,2024,0.3873420089460723,dC_GP_PHN_d,-1.3808062856051837,-1.3733765242670835,-1.7407018359428572,-1.0524505483558004
Second_90,70,90,ReRZV_2d,2024,0.3873420089460723,dC_GP_d,-4.719671475455418,-4.734768738142135,-5.236880056571337,-4.098471066715204
Second_90,70,90,ReRZV_2d,2024,0.3873420089460723,dC_Med_d,-20.42617122559484,-20.376246419998836,-24.597819741508577,-16.568806611644128
Second_90,70,90,ReRZV_2d,2024,0.3873420089460723,dC_VacZVL_d,0,0,0,0
Second_90,70,90,ReRZV_2d,2024,0.3873420089460723,dC_VacRZV_d,170,170,169.99999999999997,170.00000000000003
Second_90,70,90,ReRZV_2d,2024,0.3873420089460723,dC_Vac_d,170,170,169.99999999999997,170.00000000000003
Second_90,70,90,ReRZV_2d,2024,0.3873420089460723,dC_All_d,149.57382877440517,149.62375358000116,145.40218025849143,153.43119338835587
Second_90,70,90,ReRZV_2d,2024,0.3873420089460723,dN_VacZVL,0,0,0,0
Second_90,70,90,ReRZV_2d,2024,0.3873420089460723,dN_VacRZV,2,2,2,2
Second_90,70,90,ReRZV_2d,2024,0.3873420089460723,dN_VacZVL_d,0,0,0,0
Second_90,70,90,ReRZV_2d,2024,0.3873420089460723,dN_VacRZV_d,2,2,2,2
Second_90,70,90,ReRZV_2d,2024,0.3873420089460723,ICER,27797.77339092579,27684.840558414362,22734.423615296106,33825.40429419927
Second_90,70,90,ReRZV_2d,2024,0.3873420089460723,Price0,85,85,84.99999999999999,85.00000000000001
Second_90,70,90,ReRZV_2d,2024,0.3873420089460723,Thres20,64.55831669322545,64.23427896469389,54.09613919212412,76.04917383919691
Second_90,70,90,ReRZV_2d,2024,0.3873420089460723,Thres30,91.73093223343946,91.23852459668768,76.4378814839443,108.78598005933384
Second_90,70,90,ReRZV_2d,2024,0.3873420089460723,Thres20_50,NA,64.23427896469389,NA,NA
Second_90,70,90,ReRZV_2d,2024,0.3873420089460723,Thres30_90,NA,81.3367236750216,NA,NA
Second_90,70,90,ReRZV_2d,2024,0.3873420089460723,Thres,NA,64.23427896469389,NA,NA
Second_90,75,90,ReRZV_1d,2024,0.4250055689576408,N0,0.4250055689576408,0.4250055689576408,0.4250055689576408,0.4250055689576408
Second_90,75,90,ReRZV_1d,2024,0.4250055689576408,dYear_Life,3.11338646249661e-4,3.115703092099706e-4,2.3603879184028905e-4,3.865318009315342e-4
Second_90,75,90,ReRZV_1d,2024,0.4250055689576408,dYear_Immunised,3.31095851270167,3.3545861634195244,2.6530775995356346,3.701973680653258
Second_90,75,90,ReRZV_1d,2024,0.4250055689576408,dRisk_HZ,-0.0806443505678631,-0.081545787600704,-0.09112792080835176,-0.06485637710089008
Second_90,75,90,ReRZV_1d,2024,0.4250055689576408,dRisk_Hosp,-0.008356251099432785,-0.008314914357574503,-0.010648017203732355,-0.006178647053501941
Second_90,75,90,ReRZV_1d,2024,0.4250055689576408,dRisk_PHN,-0.006769006969399927,-0.00675009634453535,-0.008617602801158643,-0.005000540099761852
Second_90,75,90,ReRZV_1d,2024,0.4250055689576408,dRisk_Death,-2.3487385328134093e-4,-2.346699640089702e-4,-2.9143464740764266e-4,-1.7890120323718237e-4
Second_90,75,90,ReRZV_1d,2024,0.4250055689576408,dQ_Life,2.0066697046471912e-4,2.008821322524849e-4,1.519772054152875e-4,2.4915131600232205e-4
Second_90,75,90,ReRZV_1d,2024,0.4250055689576408,dQ_HZ,0.00484083089456529,0.0048434235768804335,0.0037416298817521173,0.0059518928240667275
Second_90,75,90,ReRZV_1d,2024,0.4250055689576408,dQ_HZ_Norm,0.0013103270534889115,0.0013077116192065272,0.0010106099235158966,0.0016377168631699687
Second_90,75,90,ReRZV_1d,2024,0.4250055689576408,dQ_All,0.005029192140696435,0.005029811475302697,0.003898032911586981,0.006157359007929539
Second_90,75,90,ReRZV_1d,2024,0.4250055689576408,dQ_HZ_d,0.00484083089456529,0.0048434235768804335,0.0037416298817521173,0.0059518928240667275
Second_90,75,90,ReRZV_1d,2024,0.4250055689576408,dQ_HZ_Norm_d,0.0013103270534889115,0.0013077116192065272,0.0010106099235158966,0.0016377168631699687
Second_90,75,90,ReRZV_1d,2024,0.4250055689576408,dQ_Life_d,2.0066697046471912e-4,2.008821322524849e-4,1.519772054152875e-4,2.4915131600232205e-4
Second_90,75,90,ReRZV_1d,2024,0.4250055689576408,dQ_All_d,0.005041497865030006,0.005041729300191495,0.003907140171438377,0.006170952111058738
Second_90,75,90,ReRZV_1d,2024,0.4250055689576408,dC_Hosp,-14.583702902333451,-14.529465660654724,-18.748110452544424,-10.812136070934226
Second_90,75,90,ReRZV_1d,2024,0.4250055689576408,dC_GP_NonPHN,-3.0969489234210563,-3.1293384711376464,-3.5077306263263863,-2.4875299308560734
Second_90,75,90,ReRZV_1d,2024,0.4250055689576408,dC_GP_PHN,-1.2804742925815507,-1.274023250649174,-1.6558940841006557,-0.9381178417633862
Second_90,75,90,ReRZV_1d,2024,0.4250055689576408,dC_GP,-4.377423216002607,-4.415037744488606,-5.0237811998468445,-3.4976227549054917
Second_90,75,90,ReRZV_1d,2024,0.4250055689576408,dC_Med,-18.961126118336058,-18.95848041509649,-23.342419179719986,-14.601190249303535
Second_90,75,90,ReRZV_1d,2024,0.4250055689576408,dC_VacZVL,0,0,0,0
Second_90,75,90,ReRZV_1d,2024,0.4250055689576408,dC_VacRZV,85,85,84.99999999999999,85.00000000000001
Second_90,75,90,ReRZV_1d,2024,0.4250055689576408,dC_Vac,85,85,84.99999999999999,85.00000000000001
Second_90,75,90,ReRZV_1d,2024,0.4250055689576408,dC_All,66.03887388166395,66.04151958490351,61.65758082028001,70.39880975069646
Second_90,75,90,ReRZV_1d,2024,0.4250055689576408,dC_Hosp_d,-14.583702902333451,-14.529465660654724,-18.748110452544424,-10.812136070934226
Second_90,75,90,ReRZV_1d,2024,0.4250055689576408,dC_GP_NonPHN_d,-3.0969489234210563,-3.1293384711376464,-3.5077306263263863,-2.4875299308560734
Second_90,75,90,ReRZV_1d,2024,0.4250055689576408,dC_GP_PHN_d,-1.2804742925815507,-1.274023250649174,-1.6558940841006557,-0.9381178417633862
Second_90,75,90,ReRZV_1d,2024,0.4250055689576408,dC_GP_d,-4.377423216002607,-4.415037744488606,-5.0237811998468445,-3.4976227549054917
Second_90,75,90,ReRZV_1d,2024,0.4250055689576408,dC_Med_d,-18.961126118336058,-18.95848041509649,-23.342419179719986,-14.601190249303535
Second_90,75,90,ReRZV_1d,2024,0.4250055689576408,dC_VacZVL_d,0,0,0,0
Second_90,75,90,ReRZV_1d,2024,0.4250055689576408,dC_VacRZV_d,85,85,84.99999999999999,85.00000000000001
Second_90,75,90,ReRZV_1d,2024,0.4250055689576408,dC_Vac_d,85,85,84.99999999999999,85.00000000000001
Second_90,75,90,ReRZV_1d,2024,0.4250055689576408,dC_All_d,66.03887388166395,66.04151958490351,61.65758082028001,70.39880975069646
Second_90,75,90,ReRZV_1d,2024,0.4250055689576408,dN_VacZVL,0,0,0,0
Second_90,75,90,ReRZV_1d,2024,0.4250055689576408,dN_VacRZV,1,1,1,1
Second_90,75,90,ReRZV_1d,2024,0.4250055689576408,dN_VacZVL_d,0,0,0,0
Second_90,75,90,ReRZV_1d,2024,0.4250055689576408,dN_VacRZV_d,1,1,1,1
Second_90,75,90,ReRZV_1d,2024,0.4250055689576408,ICER,13305.555832642563,13075.395920077593,10346.22759098019,17921.595429904628
Second_90,75,90,ReRZV_1d,2024,0.4250055689576408,Price0,85,85,84.99999999999999,85.00000000000001
Second_90,75,90,ReRZV_1d,2024,0.4250055689576408,Thres20,119.79108341893618,120.0649007716843,93.0979403604217,144.16488950004165
Second_90,75,90,ReRZV_1d,2024,0.4250055689576408,Thres30,170.20606206923622,170.79205291417526,132.5597309742774,205.75923454921522
Second_90,75,90,ReRZV_1d,2024,0.4250055689576408,Thres20_50,NA,120.0649007716843,NA,NA
Second_90,75,90,ReRZV_1d,2024,0.4250055689576408,Thres30_90,NA,146.90051106313743,NA,NA
Second_90,75,90,ReRZV_1d,2024,0.4250055689576408,Thres,NA,120.0649007716843,NA,NA
Second_90,75,90,ReRZV_2d,2024,0.4250055689576408,N0,0.4250055689576408,0.4250055689576408,0.4250055689576408,0.4250055689576408
Second_90,75,90,ReRZV_2d,2024,0.4250055689576408,dYear_Life,3.242305765563592e-4,3.234392902712736e-4,2.588798295516533e-4,3.934389286942547e-4
Second_90,75,90,ReRZV_2d,2024,0.4250055689576408,dYear_Immunised,3.447852582021525,3.4702774601680995,2.9988027874752388,3.7637845962886574
Second_90,75,90,ReRZV_2d,2024,0.4250055689576408,dRisk_HZ,-0.08397854444577765,-0.08446137549789587,-0.09248722903063959,-0.07322142676630244
Second_90,75,90,ReRZV_2d,2024,0.4250055689576408,dRisk_Hosp,-0.008701005861394037,-0.008658279156153645,-0.01086648700041865,-0.0067053550489094916
Second_90,75,90,ReRZV_2d,2024,0.4250055689576408,dRisk_PHN,-0.007048072270368164,-0.007037963763800585,-0.00883028100981099,-0.005398429039101981
Second_90,75,90,ReRZV_2d,2024,0.4250055689576408,dRisk_Death,-2.44574263293835e-4,-2.4381163399397724e-4,-0.00029604204693090713,-1.9566541343681463e-4
Second_90,75,90,ReRZV_2d,2024,0.4250055689576408,dQ_Life,2.0897929043133478e-4,2.08466059618135e-4,1.6680623940274015e-4,2.536877532077199e-4
Second_90,75,90,ReRZV_2d,2024,0.4250055689576408,dQ_HZ,0.005041171852900846,0.005003258197342538,0.004089535767182411,0.0061024309050353685
Second_90,75,90,ReRZV_2d,2024,0.4250055689576408,dQ_HZ_Norm,0.0013646004346795442,0.0013587326819476065,0.0011016126127625897,0.0016743931254243293
Second_90,75,90,ReRZV_2d,2024,0.4250055689576408,dQ_All,0.00523734024824483,0.0052026612627798195,0.004266072696725023,0.006313013713470192
Second_90,75,90,ReRZV_2d,2024,0.4250055689576408,dQ_HZ_d,0.005041171852900846,0.005003258197342538,0.004089535767182411,0.0061024309050353685
Second_90,75,90,ReRZV_2d,2024,0.4250055689576408,dQ_HZ_Norm_d,0.0013646004346795442,0.0013587326819476065,0.0011016126127625897,0.0016743931254243293
Second_90,75,90,ReRZV_2d,2024,0.4250055689576408,dQ_Life_d,2.0897929043133478e-4,2.08466059618135e-4,1.6680623940274015e-4,2.536877532077199e-4
Second_90,75,90,ReRZV_2d,2024,0.4250055689576408,dQ_All_d,0.005250151143332188,0.00521580412732627,0.004277363237471434,0.006327608168195484
Second_90,75,90,ReRZV_2d,2024,0.4250055689576408,dC_Hosp,-15.185102413189474,-15.10495724246929,-19.117942601725957,-11.48535826957073
Second_90,75,90,ReRZV_2d,2024,0.4250055689576408,dC_GP_NonPHN,-3.2250569101133704,-3.242340371468706,-3.557751377017005,-2.789850214109641
Second_90,75,90,ReRZV_2d,2024,0.4250055689576408,dC_GP_PHN,-1.3332739954140862,-1.3268528983601622,-1.6916893721819979,-1.012020636225138
Second_90,75,90,ReRZV_2d,2024,0.4250055689576408,dC_GP,-4.558330905527456,-4.573293362209824,-5.09940632001509,-3.920388705348425
Second_90,75,90,ReRZV_2d,2024,0.4250055689576408,dC_Med,-19.74343331871693,-19.68505035616515,-23.8127393514938,-15.869447902500537
Second_90,75,90,ReRZV_2d,2024,0.4250055689576408,dC_VacZVL,0,0,0,0
Second_90,75,90,ReRZV_2d,2024,0.4250055689576408,dC_VacRZV,170,170,169.99999999999997,170.00000000000003
Second_90,75,90,ReRZV_2d,2024,0.4250055689576408,dC_Vac,170,170,169.99999999999997,170.00000000000003
Second_90,75,90,ReRZV_2d,2024,0.4250055689576408,dC_All,150.25656668128306,150.31494964383484,146.18726064850625,154.13055209749945
Second_90,75,90,ReRZV_2d,2024,0.4250055689576408,dC_Hosp_d,-15.185102413189474,-15.10495724246929,-19.117942601725957,-11.48535826957073
Second_90,75,90,ReRZV_2d,2024,0.4250055689576408,dC_GP_NonPHN_d,-3.2250569101133704,-3.242340371468706,-3.557751377017005,-2.789850214109641
Second_90,75,90,ReRZV_2d,2024,0.4250055689576408,dC_GP_PHN_d,-1.3332739954140862,-1.3268528983601622,-1.6916893721819979,-1.012020636225138
Second_90,75,90,ReRZV_2d,2024,0.4250055689576408,dC_GP_d,-4.558330905527456,-4.573293362209824,-5.09940632001509,-3.920388705348425
Second_90,75,90,ReRZV_2d,2024,0.4250055689576408,dC_Med_d,-19.74343331871693,-19.68505035616515,-23.8127393514938,-15.869447902500537
Second_90,75,90,ReRZV_2d,2024,0.4250055689576408,dC_VacZVL_d,0,0,0,0
Second_90,75,90,ReRZV_2d,2024,0.4250055689576408,dC_VacRZV_d,170,170,169.99999999999997,170.00000000000003
Second_90,75,90,ReRZV_2d,2024,0.4250055689576408,dC_Vac_d,170,170,169.99999999999997,170.00000000000003
Second_90,75,90,ReRZV_2d,2024,0.4250055689576408,dC_All_d,150.25656668128306,150.31494964383484,146.18726064850625,154.13055209749945
Second_90,75,90,ReRZV_2d,2024,0.4250055689576408,dN_VacZVL,0,0,0,0
Second_90,75,90,ReRZV_2d,2024,0.4250055689576408,dN_VacRZV,2,2,2,2
Second_90,75,90,ReRZV_2d,2024,0.4250055689576408,dN_VacZVL_d,0,0,0,0
Second_90,75,90,ReRZV_2d,2024,0.4250055689576408,dN_VacRZV_d,2,2,2,2
Second_90,75,90,ReRZV_2d,2024,0.4250055689576408,ICER,28924.06435201201,28757.420255688034,23609.23012681111,35567.51866750393
Second_90,75,90,ReRZV_2d,2024,0.4250055689576408,Price0,85,85,84.99999999999999,85.00000000000001
Second_90,75,90,ReRZV_2d,2024,0.4250055689576408,Thres20,62.37322809268034,62.19681284491787,51.77731747110424,73.67182462469903
Second_90,75,90,ReRZV_2d,2024,0.4250055689576408,Thres30,88.62398380934128,88.26312168587404,73.23929442468692,105.19725723004035
Second_90,75,90,ReRZV_2d,2024,0.4250055689576408,Thres20_50,NA,62.19681284491787,NA,NA
Second_90,75,90,ReRZV_2d,2024,0.4250055689576408,Thres30_90,NA,78.15074896514793,NA,NA
Second_90,75,90,ReRZV_2d,2024,0.4250055689576408,Thres,NA,62.19681284491787,NA,NA
Second_91,70,91,ReRZV_1d,2024,0.3382516826021863,N0,0.3382516826021863,0.3382516826021863,0.3382516826021863,0.3382516826021863
Second_91,70,91,ReRZV_1d,2024,0.3382516826021863,dYear_Life,2.758823331374711e-4,2.756978213653206e-4,2.1226031646075325e-4,3.401510506828506e-4
Second_91,70,91,ReRZV_1d,2024,0.3382516826021863,dYear_Immunised,3.1566883457647203,3.2000476706936705,2.5737461631833503,3.481002143931208
Second_91,70,91,ReRZV_1d,2024,0.3382516826021863,dRisk_HZ,-0.09747697022692141,-0.09845436664958276,-0.10869433586576017,-0.07979984473709768
Second_91,70,91,ReRZV_1d,2024,0.3382516826021863,dRisk_Hosp,-0.010406399621057057,-0.010367002879875353,-0.0131796414040378,-0.00767124751356695
Second_91,70,91,ReRZV_1d,2024,0.3382516826021863,dRisk_PHN,-0.008094489053769095,-0.008052547090866422,-0.010430758498952404,-0.005896582799260773
Second_91,70,91,ReRZV_1d,2024,0.3382516826021863,dRisk_Death,-2.861050758937118e-4,-2.861610709441075e-4,-3.5332257942145785e-4,-2.2177677494565365e-4
Second_91,70,91,ReRZV_1d,2024,0.3382516826021863,dQ_Life,1.758885363469536e-4,1.7585871716536158e-4,1.3532625403006086e-4,2.16804185410047e-4
Second_91,70,91,ReRZV_1d,2024,0.3382516826021863,dQ_HZ,0.004602155243847427,0.004597597558137148,0.0035852240363853996,0.00565687133082865
Second_91,70,91,ReRZV_1d,2024,0.3382516826021863,dQ_HZ_Norm,0.00123651114173182,0.0012337344219705494,9.610555539433798e-4,0.0015447670658001915
Second_91,70,91,ReRZV_1d,2024,0.3382516826021863,dQ_All,0.00476472673142033,0.0047623436220318345,0.00372660069217429,0.005834056462329934
Second_91,70,91,ReRZV_1d,2024,0.3382516826021863,dQ_HZ_d,0.004602155243847427,0.004597597558137148,0.0035852240363853996,0.00565687133082865
Second_91,70,91,ReRZV_1d,2024,0.3382516826021863,dQ_HZ_Norm_d,0.00123651114173182,0.0012337344219705494,9.610555539433798e-4,0.0015447670658001915
Second_91,70,91,ReRZV_1d,2024,0.3382516826021863,dQ_Life_d,1.758885363469536e-4,1.7585871716536158e-4,1.3532625403006086e-4,2.16804185410047e-4
Second_91,70,91,ReRZV_1d,2024,0.3382516826021863,dQ_All_d,0.004778043780194372,0.004775145977128902,0.003737097063577946,0.005848241018647044
Second_91,70,91,ReRZV_1d,2024,0.3382516826021863,dC_Hosp,-14.279974716867798,-14.187932748092813,-18.286409489021427,-10.490030435530473
Second_91,70,91,ReRZV_1d,2024,0.3382516826021863,dC_GP_NonPHN,-2.913078997451946,-2.945002639754363,-3.272050394138202,-2.3737338418301976
Second_91,70,91,ReRZV_1d,2024,0.3382516826021863,dC_GP_PHN,-1.1906418037107815,-1.1837859825418229,-1.5546964547060909,-0.8622555618792305
Second_91,70,91,ReRZV_1d,2024,0.3382516826021863,dC_GP,-4.103720801162727,-4.137419608933853,-4.68705895388399,-3.3267774428822245
Second_91,70,91,ReRZV_1d,2024,0.3382516826021863,dC_Med,-18.383695518030528,-18.332662600728113,-22.525145132322226,-14.256467679191731
Second_91,70,91,ReRZV_1d,2024,0.3382516826021863,dC_VacZVL,0,0,0,0
Second_91,70,91,ReRZV_1d,2024,0.3382516826021863,dC_VacRZV,85,85,85,85
Second_91,70,91,ReRZV_1d,2024,0.3382516826021863,dC_Vac,85,85,85,85
Second_91,70,91,ReRZV_1d,2024,0.3382516826021863,dC_All,66.61630448196948,66.66733739927189,62.474854867677784,70.74353232080827
Second_91,70,91,ReRZV_1d,2024,0.3382516826021863,dC_Hosp_d,-14.279974716867798,-14.187932748092813,-18.286409489021427,-10.490030435530473
Second_91,70,91,ReRZV_1d,2024,0.3382516826021863,dC_GP_NonPHN_d,-2.913078997451946,-2.945002639754363,-3.272050394138202,-2.3737338418301976
Second_91,70,91,ReRZV_1d,2024,0.3382516826021863,dC_GP_PHN_d,-1.1906418037107815,-1.1837859825418229,-1.5546964547060909,-0.8622555618792305
Second_91,70,91,ReRZV_1d,2024,0.3382516826021863,dC_GP_d,-4.103720801162727,-4.137419608933853,-4.68705895388399,-3.3267774428822245
Second_91,70,91,ReRZV_1d,2024,0.3382516826021863,dC_Med_d,-18.383695518030528,-18.332662600728113,-22.525145132322226,-14.256467679191731
Second_91,70,91,ReRZV_1d,2024,0.3382516826021863,dC_VacZVL_d,0,0,0,0
Second_91,70,91,ReRZV_1d,2024,0.3382516826021863,dC_VacRZV_d,85,85,85,85
Second_91,70,91,ReRZV_1d,2024,0.3382516826021863,dC_Vac_d,85,85,85,85
Second_91,70,91,ReRZV_1d,2024,0.3382516826021863,dC_All_d,66.61630448196948,66.66733739927189,62.474854867677784,70.74353232080827
Second_91,70,91,ReRZV_1d,2024,0.3382516826021863,dN_VacZVL,0,0,0,0
Second_91,70,91,ReRZV_1d,2024,0.3382516826021863,dN_VacRZV,1,1,1,1
Second_91,70,91,ReRZV_1d,2024,0.3382516826021863,dN_VacZVL_d,0,0,0,0
Second_91,70,91,ReRZV_1d,2024,0.3382516826021863,dN_VacRZV_d,1,1,1,1
Second_91,70,91,ReRZV_1d,2024,0.3382516826021863,ICER,14147.636976410291,13902.69018570683,11098.429768851125,18702.232925403
Second_91,70,91,ReRZV_1d,2024,0.3382516826021863,Price0,85,85,85,85
Second_91,70,91,ReRZV_1d,2024,0.3382516826021863,Thres20,113.94457112191797,114.25980989348164,89.94085880227303,136.6147936546618
Second_91,70,91,ReRZV_1d,2024,0.3382516826021863,Thres30,161.72500892386168,162.01382828331572,127.63692839676789,194.87298059486437
Second_91,70,91,ReRZV_1d,2024,0.3382516826021863,Thres20_50,NA,114.25980989348164,NA,NA
Second_91,70,91,ReRZV_1d,2024,0.3382516826021863,Thres30_90,NA,140.13630671233176,NA,NA
Second_91,70,91,ReRZV_1d,2024,0.3382516826021863,Thres,NA,114.25980989348164,NA,NA
Second_91,70,91,ReRZV_2d,2024,0.3382516826021863,N0,0.3382516826021863,0.3382516826021863,0.3382516826021863,0.3382516826021863
Second_91,70,91,ReRZV_2d,2024,0.3382516826021863,dYear_Life,2.8682010215934893e-4,2.8573247545158107e-4,2.30937127375627e-4,3.481495337366289e-4
Second_91,70,91,ReRZV_2d,2024,0.3382516826021863,dYear_Immunised,3.2819741614823807,3.301767465172702,2.89271454203435,3.5344624596126093
Second_91,70,91,ReRZV_2d,2024,0.3382516826021863,dRisk_HZ,-0.10134450943729448,-0.101891870351699,-0.11038436223955389,-0.08956423905026151
Second_91,70,91,ReRZV_2d,2024,0.3382516826021863,dRisk_Hosp,-0.010819010838806127,-0.01077763327423887,-0.013505142296008762,-0.008313430166537718
Second_91,70,91,ReRZV_2d,2024,0.3382516826021863,dRisk_PHN,-0.008414353394146142,-0.00836884837497395,-0.010690982665083355,-0.006334758566452074
Second_91,70,91,ReRZV_2d,2024,0.3382516826021863,dRisk_Death,-2.974478537286407e-4,-2.962714870818283e-4,-3.603015452888064e-4,-2.408714818272574e-4
Second_91,70,91,ReRZV_2d,2024,0.3382516826021863,dQ_Life,1.8286197479236828e-4,1.8213785349526358e-4,1.4748366070991802e-4,2.2195062681643754e-4
Second_91,70,91,ReRZV_2d,2024,0.3382516826021863,dQ_HZ,0.004784931905928024,0.004751985328226565,0.0038967406859298434,0.005791005409271058
Second_91,70,91,ReRZV_2d,2024,0.3382516826021863,dQ_HZ_Norm,0.0012856503015390062,0.0012824403575922914,0.0010418880511698261,0.0015739581773858205
Second_91,70,91,ReRZV_2d,2024,0.3382516826021863,dQ_All,0.004953948968716735,0.004921157137575587,0.004062221579833181,0.005968379065729698
Second_91,70,91,ReRZV_2d,2024,0.3382516826021863,dQ_HZ_d,0.004784931905928024,0.004751985328226565,0.0038967406859298434,0.005791005409271058
Second_91,70,91,ReRZV_2d,2024,0.3382516826021863,dQ_HZ_Norm_d,0.0012856503015390062,0.0012824403575922914,0.0010418880511698261,0.0015739581773858205
Second_91,70,91,ReRZV_2d,2024,0.3382516826021863,dQ_Life_d,1.8286197479236828e-4,1.8213785349526358e-4,1.4748366070991802e-4,2.2195062681643754e-4
Second_91,70,91,ReRZV_2d,2024,0.3382516826021863,dQ_All_d,0.004967793880720389,0.004934762703965291,0.004075584042889553,0.005983858550797843
Second_91,70,91,ReRZV_2d,2024,0.3382516826021863,dC_Hosp,-14.84582251843227,-14.724526079329546,-18.68560963033521,-11.260386008218767
Second_91,70,91,ReRZV_2d,2024,0.3382516826021863,dC_GP_NonPHN,-3.0286801727983117,-3.0418634706130714,-3.311024654946442,-2.6518759416124524
Second_91,70,91,ReRZV_2d,2024,0.3382516826021863,dC_GP_PHN,-1.2376823170194,-1.2285967832038867,-1.5934699922257336,-0.916592120751587
Second_91,70,91,ReRZV_2d,2024,0.3382516826021863,dC_GP,-4.266362489817712,-4.285553930783953,-4.766951630595677,-3.710173173701289
Second_91,70,91,ReRZV_2d,2024,0.3382516826021863,dC_Med,-19.11218500824998,-19.000772532356592,-23.085866730142836,-15.406790928705657
Second_91,70,91,ReRZV_2d,2024,0.3382516826021863,dC_VacZVL,0,0,0,0
Second_91,70,91,ReRZV_2d,2024,0.3382516826021863,dC_VacRZV,170,170,170,170
Second_91,70,91,ReRZV_2d,2024,0.3382516826021863,dC_Vac,170,170,170,170
Second_91,70,91,ReRZV_2d,2024,0.3382516826021863,dC_All,150.88781499175002,150.9992274676434,146.91413326985716,154.59320907129432
Second_91,70,91,ReRZV_2d,2024,0.3382516826021863,dC_Hosp_d,-14.84582251843227,-14.724526079329546,-18.68560963033521,-11.260386008218767
Second_91,70,91,ReRZV_2d,2024,0.3382516826021863,dC_GP_NonPHN_d,-3.0286801727983117,-3.0418634706130714,-3.311024654946442,-2.6518759416124524
Second_91,70,91,ReRZV_2d,2024,0.3382516826021863,dC_GP_PHN_d,-1.2376823170194,-1.2285967832038867,-1.5934699922257336,-0.916592120751587
Second_91,70,91,ReRZV_2d,2024,0.3382516826021863,dC_GP_d,-4.266362489817712,-4.285553930783953,-4.766951630595677,-3.710173173701289
Second_91,70,91,ReRZV_2d,2024,0.3382516826021863,dC_Med_d,-19.11218500824998,-19.000772532356592,-23.085866730142836,-15.406790928705657
Second_91,70,91,ReRZV_2d,2024,0.3382516826021863,dC_VacZVL_d,0,0,0,0
Second_91,70,91,ReRZV_2d,2024,0.3382516826021863,dC_VacRZV_d,170,170,170,170
Second_91,70,91,ReRZV_2d,2024,0.3382516826021863,dC_Vac_d,170,170,170,170
Second_91,70,91,ReRZV_2d,2024,0.3382516826021863,dC_All_d,150.88781499175002,150.9992274676434,146.91413326985716,154.59320907129432
Second_91,70,91,ReRZV_2d,2024,0.3382516826021863,dN_VacZVL,0,0,0,0
Second_91,70,91,ReRZV_2d,2024,0.3382516826021863,dN_VacRZV,2,2,2,2
Second_91,70,91,ReRZV_2d,2024,0.3382516826021863,dN_VacZVL_d,0,0,0,0
Second_91,70,91,ReRZV_2d,2024,0.3382516826021863,dN_VacRZV_d,2,2,2,2
Second_91,70,91,ReRZV_2d,2024,0.3382516826021863,ICER,30682.024509711067,30556.427692265148,25159.899043905032,37463.434521708856
Second_91,70,91,ReRZV_2d,2024,0.3382516826021863,Price0,85,85,85,85
Second_91,70,91,ReRZV_2d,2024,0.3382516826021863,Thres20,59.23403131132888,58.958604615944566,49.45271384174862,69.71167838764241
Second_91,70,91,ReRZV_2d,2024,0.3382516826021863,Thres30,84.07300071493081,83.63344779149016,69.7653840450445,99.43942538870003
Second_91,70,91,ReRZV_2d,2024,0.3382516826021863,Thres20_50,NA,58.958604615944566,NA,NA
Second_91,70,91,ReRZV_2d,2024,0.3382516826021863,Thres30_90,NA,74.38843399793612,NA,NA
Second_91,70,91,ReRZV_2d,2024,0.3382516826021863,Thres,NA,58.958604615944566,NA,NA
Second_91,75,91,ReRZV_1d,2024,0.3711423993657439,N0,0.3711423993657439,0.3711423993657439,0.3711423993657439,0.3711423993657439
Second_91,75,91,ReRZV_1d,2024,0.3711423993657439,dYear_Life,2.667855373998829e-4,2.6692569701434056e-4,2.0267501997616786e-4,3.3042207129601014e-4
Second_91,75,91,ReRZV_1d,2024,0.3711423993657439,dYear_Immunised,3.058548894133101,3.1005934989488995,2.462080086098007,3.4081465081274835
Second_91,75,91,ReRZV_1d,2024,0.3711423993657439,dRisk_HZ,-0.08605963021976765,-0.08705432517977113,-0.09670101222361949,-0.06965597566664025
Second_91,75,91,ReRZV_1d,2024,0.3711423993657439,dRisk_Hosp,-0.009191266693065414,-0.009174369163691753,-0.011756104174524426,-0.006750234257456783
Second_91,75,91,ReRZV_1d,2024,0.3711423993657439,dRisk_PHN,-0.007144382199888286,-0.007124460121801792,-0.009265055703590997,-0.005163895215652764
Second_91,75,91,ReRZV_1d,2024,0.3711423993657439,dRisk_Death,-2.526427560969454e-4,-2.5253458250054314e-4,-3.1299682747493125e-4,-1.9293583627952567e-4
Second_91,75,91,ReRZV_1d,2024,0.3711423993657439,dQ_Life,1.7003829195858574e-4,1.701576800732488e-4,1.2906892216845846e-4,2.1057801042373862e-4
Second_91,75,91,ReRZV_1d,2024,0.3711423993657439,dQ_HZ,0.004457724232700336,0.004454340276714646,0.003426577129182368,0.005506578441677939
Second_91,75,91,ReRZV_1d,2024,0.3711423993657439,dQ_HZ_Norm,0.0011975715862864403,0.0011958790711899623,9.226016019722048e-4,0.0015006044887842518
Second_91,75,91,ReRZV_1d,2024,0.3711423993657439,dQ_All,0.004614807974876877,0.004613942317481417,0.0035589692639255094,0.005676448334005799
Second_91,75,91,ReRZV_1d,2024,0.3711423993657439,dQ_HZ_d,0.004457724232700336,0.004454340276714646,0.003426577129182368,0.005506578441677939
Second_91,75,91,ReRZV_1d,2024,0.3711423993657439,dQ_HZ_Norm_d,0.0011975715862864403,0.0011958790711899623,9.226016019722048e-4,0.0015006044887842518
Second_91,75,91,ReRZV_1d,2024,0.3711423993657439,dQ_Life_d,1.7003829195858574e-4,1.701576800732488e-4,1.2906892216845846e-4,2.1057801042373862e-4
Second_91,75,91,ReRZV_1d,2024,0.3711423993657439,dQ_All_d,0.004627762524658925,0.0046275330306360055,0.0035712560684747078,0.005690391278821674
Second_91,75,91,ReRZV_1d,2024,0.3711423993657439,dC_Hosp,-13.83747951503326,-13.74116668782564,-17.813578066024974,-10.151527849103736
Second_91,75,91,ReRZV_1d,2024,0.3711423993657439,dC_GP_NonPHN,-2.821143623507586,-2.8497423969886375,-3.1821035498939296,-2.2783006008897084
Second_91,75,91,ReRZV_1d,2024,0.3711423993657439,dC_GP_PHN,-1.1527427011938838,-1.1457547123729785,-1.5160594740359044,-0.8293993440900067
Second_91,75,91,ReRZV_1d,2024,0.3711423993657439,dC_GP,-3.9738863247014704,-4.005761203579726,-4.569531323338336,-3.1917917631353974
Second_91,75,91,ReRZV_1d,2024,0.3711423993657439,dC_Med,-17.81136583973473,-17.772260880414734,-21.904018032789644,-13.695420524709377
Second_91,75,91,ReRZV_1d,2024,0.3711423993657439,dC_VacZVL,0,0,0,0
Second_91,75,91,ReRZV_1d,2024,0.3711423993657439,dC_VacRZV,85,85,85,85
Second_91,75,91,ReRZV_1d,2024,0.3711423993657439,dC_Vac,85,85,85,85
Second_91,75,91,ReRZV_1d,2024,0.3711423993657439,dC_All,67.18863416026527,67.22773911958527,63.09598196721036,71.30457947529061
Second_91,75,91,ReRZV_1d,2024,0.3711423993657439,dC_Hosp_d,-13.83747951503326,-13.74116668782564,-17.813578066024974,-10.151527849103736
Second_91,75,91,ReRZV_1d,2024,0.3711423993657439,dC_GP_NonPHN_d,-2.821143623507586,-2.8497423969886375,-3.1821035498939296,-2.2783006008897084
Second_91,75,91,ReRZV_1d,2024,0.3711423993657439,dC_GP_PHN_d,-1.1527427011938838,-1.1457547123729785,-1.5160594740359044,-0.8293993440900067
Second_91,75,91,ReRZV_1d,2024,0.3711423993657439,dC_GP_d,-3.9738863247014704,-4.005761203579726,-4.569531323338336,-3.1917917631353974
Second_91,75,91,ReRZV_1d,2024,0.3711423993657439,dC_Med_d,-17.81136583973473,-17.772260880414734,-21.904018032789644,-13.695420524709377
Second_91,75,91,ReRZV_1d,2024,0.3711423993657439,dC_VacZVL_d,0,0,0,0
Second_91,75,91,ReRZV_1d,2024,0.3711423993657439,dC_VacRZV_d,85,85,85,85
Second_91,75,91,ReRZV_1d,2024,0.3711423993657439,dC_Vac_d,85,85,85,85
Second_91,75,91,ReRZV_1d,2024,0.3711423993657439,dC_All_d,67.18863416026527,67.22773911958527,63.09598196721036,71.30457947529061
Second_91,75,91,ReRZV_1d,2024,0.3711423993657439,dN_VacZVL,0,0,0,0
Second_91,75,91,ReRZV_1d,2024,0.3711423993657439,dN_VacRZV,1,1,1,1
Second_91,75,91,ReRZV_1d,2024,0.3711423993657439,dN_VacZVL_d,0,0,0,0
Second_91,75,91,ReRZV_1d,2024,0.3711423993657439,dN_VacRZV_d,1,1,1,1
Second_91,75,91,ReRZV_1d,2024,0.3711423993657439,ICER,14746.99807716226,14472.657018241218,11495.400998663927,19571.690213370577
Second_91,75,91,ReRZV_1d,2024,0.3711423993657439,Price0,85,85,85,85
Second_91,75,91,ReRZV_1d,2024,0.3711423993657439,Thres20,110.36661633291324,110.67636960286524,86.55417902715453,133.02836024261762
Second_91,75,91,ReRZV_1d,2024,0.3711423993657439,Thres30,156.6442415795025,156.98122173586813,122.20702009770105,189.837106494705
Second_91,75,91,ReRZV_1d,2024,0.3711423993657439,Thres20_50,NA,110.67636960286524,NA,NA
Second_91,75,91,ReRZV_1d,2024,0.3711423993657439,Thres30_90,NA,134.70111631929467,NA,NA
Second_91,75,91,ReRZV_1d,2024,0.3711423993657439,Thres,NA,110.67636960286524,NA,NA
Second_91,75,91,ReRZV_2d,2024,0.3711423993657439,N0,0.3711423993657439,0.3711423993657439,0.3711423993657439,0.3711423993657439
Second_91,75,91,ReRZV_2d,2024,0.3711423993657439,dYear_Life,2.777233196360482e-4,2.769107305657651e-4,2.2209513133255278e-4,3.3718190840896614e-4
Second_91,75,91,ReRZV_2d,2024,0.3711423993657439,dYear_Immunised,3.183834859986891,3.205076866463134,2.766107839647387,3.4602080067989753
Second_91,75,91,ReRZV_2d,2024,0.3711423993657439,dRisk_HZ,-0.0895844274405345,-0.09007863028524145,-0.09835174792899981,-0.07821702991318427
Second_91,75,91,ReRZV_2d,2024,0.3711423993657439,dRisk_Hosp,-0.009567312235981566,-0.009528405313485942,-0.012001338370644783,-0.0073288495612270745
Second_91,75,91,ReRZV_2d,2024,0.3711423993657439,dRisk_PHN,-0.0074359001077366465,-0.007409646879213752,-0.009499657335421569,-0.005529882491059303
Second_91,75,91,ReRZV_2d,2024,0.3711423993657439,dRisk_Death,-2.6298033439576656e-4,-2.6227410365210036e-4,-3.189975522749499e-4,-2.111312342347948e-4
Second_91,75,91,ReRZV_2d,2024,0.3711423993657439,dQ_Life,1.7701173882885707e-4,1.7644224544718657e-4,1.4145450319165374e-4,2.1508780680258078e-4
Second_91,75,91,ReRZV_2d,2024,0.3711423993657439,dQ_HZ,0.004640501113781342,0.004609032778065231,0.0037337238198302458,0.005645278693208674
Second_91,75,91,ReRZV_2d,2024,0.3711423993657439,dQ_HZ_Norm,0.0012467108049784568,0.0012411719309482218,0.0010056071027619074,0.0015326697207226432
Second_91,75,91,ReRZV_2d,2024,0.3711423993657439,dQ_All,0.004804030438960835,0.0047737039043227545,0.0038819197646134556,0.0058199901866040704
Second_91,75,91,ReRZV_2d,2024,0.3711423993657439,dQ_HZ_d,0.004640501113781342,0.004609032778065231,0.0037337238198302458,0.005645278693208674
Second_91,75,91,ReRZV_2d,2024,0.3711423993657439,dQ_HZ_Norm_d,0.0012467108049784568,0.0012411719309482218,0.0010056071027619074,0.0015326697207226432
Second_91,75,91,ReRZV_2d,2024,0.3711423993657439,dQ_Life_d,1.7701173882885707e-4,1.7644224544718657e-4,1.4145450319165374e-4,2.1508780680258078e-4
Second_91,75,91,ReRZV_2d,2024,0.3711423993657439,dQ_All_d,0.004817512852610195,0.004787400391593391,0.0038953311852795974,0.005834355094817005
Second_91,75,91,ReRZV_2d,2024,0.3711423993657439,dC_Hosp,-14.40332799498868,-14.308820483943716,-18.098639134987103,-10.901901197662042
Second_91,75,91,ReRZV_2d,2024,0.3711423993657439,dC_GP_NonPHN,-2.936744937382626,-2.951568876032951,-3.2399315369280126,-2.5398452635661375
Second_91,75,91,ReRZV_2d,2024,0.3711423993657439,dC_GP_PHN,-1.1997832709149596,-1.1913938215754472,-1.5511059275201224,-0.8854281379181492
Second_91,75,91,ReRZV_2d,2024,0.3711423993657439,dC_GP,-4.136528208297586,-4.150955181533293,-4.654065723663354,-3.5635231813492916
Second_91,75,91,ReRZV_2d,2024,0.3711423993657439,dC_Med,-18.539856203286266,-18.458549298670093,-22.44627840055574,-14.882492841789388
Second_91,75,91,ReRZV_2d,2024,0.3711423993657439,dC_VacZVL,0,0,0,0
Second_91,75,91,ReRZV_2d,2024,0.3711423993657439,dC_VacRZV,170,170,170,170
Second_91,75,91,ReRZV_2d,2024,0.3711423993657439,dC_Vac,170,170,170,170
Second_91,75,91,ReRZV_2d,2024,0.3711423993657439,dC_All,151.46014379671374,151.5414507013299,147.5537215994443,155.1175071582106
Second_91,75,91,ReRZV_2d,2024,0.3711423993657439,dC_Hosp_d,-14.40332799498868,-14.308820483943716,-18.098639134987103,-10.901901197662042
Second_91,75,91,ReRZV_2d,2024,0.3711423993657439,dC_GP_NonPHN_d,-2.936744937382626,-2.951568876032951,-3.2399315369280126,-2.5398452635661375
Second_91,75,91,ReRZV_2d,2024,0.3711423993657439,dC_GP_PHN_d,-1.1997832709149596,-1.1913938215754472,-1.5511059275201224,-0.8854281379181492
Second_91,75,91,ReRZV_2d,2024,0.3711423993657439,dC_GP_d,-4.136528208297586,-4.150955181533293,-4.654065723663354,-3.5635231813492916
Second_91,75,91,ReRZV_2d,2024,0.3711423993657439,dC_Med_d,-18.539856203286266,-18.458549298670093,-22.44627840055574,-14.882492841789388
Second_91,75,91,ReRZV_2d,2024,0.3711423993657439,dC_VacZVL_d,0,0,0,0
Second_91,75,91,ReRZV_2d,2024,0.3711423993657439,dC_VacRZV_d,170,170,170,170
Second_91,75,91,ReRZV_2d,2024,0.3711423993657439,dC_Vac_d,170,170,170,170
Second_91,75,91,ReRZV_2d,2024,0.3711423993657439,dC_All_d,151.46014379671374,151.5414507013299,147.5537215994443,155.1175071582106
Second_91,75,91,ReRZV_2d,2024,0.3711423993657439,dN_VacZVL,0,0,0,0
Second_91,75,91,ReRZV_2d,2024,0.3711423993657439,dN_VacRZV,2,2,2,2
Second_91,75,91,ReRZV_2d,2024,0.3711423993657439,dN_VacZVL_d,0,0,0,0
Second_91,75,91,ReRZV_2d,2024,0.3711423993657439,dN_VacRZV_d,2,2,2,2
Second_91,75,91,ReRZV_2d,2024,0.3711423993657439,ICER,31777.611112911527,31621.732921079492,25905.873103151862,39194.276271369985
Second_91,75,91,ReRZV_2d,2024,0.3711423993657439,Price0,85,85,85,85
Second_91,75,91,ReRZV_2d,2024,0.3711423993657439,Thres20,57.44505662774508,57.259304664163906,47.64185137205006,67.84060930035076
Second_91,75,91,ReRZV_2d,2024,0.3711423993657439,Thres30,81.53262089079605,81.1117714248889,67.08203746546391,96.90159136994244
Second_91,75,91,ReRZV_2d,2024,0.3711423993657439,Thres20_50,NA,57.259304664163906,NA,NA
Second_91,75,91,ReRZV_2d,2024,0.3711423993657439,Thres30_90,NA,71.88490191929034,NA,NA
Second_91,75,91,ReRZV_2d,2024,0.3711423993657439,Thres,NA,57.259304664163906,NA,NA
Second_92,70,92,ReRZV_1d,2024,0.29049078508758003,N0,0.29049078508758003,0.29049078508758003,0.29049078508758003,0.29049078508758003
Second_92,70,92,ReRZV_1d,2024,0.29049078508758003,dYear_Life,2.3279220423543225e-4,2.3255846488586305e-4,1.7949811031489916e-4,2.8682951442468476e-4
Second_92,70,92,ReRZV_1d,2024,0.29049078508758003,dYear_Immunised,2.891735138702015,2.9308457293769745,2.355200889855784,3.1820753261956187
Second_92,70,92,ReRZV_1d,2024,0.29049078508758003,dRisk_HZ,-0.1050291470610218,-0.1062614305993182,-0.11712935385435558,-0.08623603415592761
Second_92,70,92,ReRZV_1d,2024,0.29049078508758003,dRisk_Hosp,-0.011480164379638513,-0.011492536852506481,-0.014758622852973543,-0.00849220328220005
Second_92,70,92,ReRZV_1d,2024,0.29049078508758003,dRisk_PHN,-0.008595265704941853,-0.008515243621884907,-0.011400798991196443,-0.006040265317666182
Second_92,70,92,ReRZV_1d,2024,0.29049078508758003,dRisk_Death,-3.109051556353319e-4,-3.107669778416991e-4,-3.83182216924601e-4,-2.4053576547783092e-4
Second_92,70,92,ReRZV_1d,2024,0.29049078508758003,dQ_Life,1.4642340844525566e-4,1.4636112128655205e-4,1.127425367817178e-4,1.8045956707343625e-4
Second_92,70,92,ReRZV_1d,2024,0.29049078508758003,dQ_HZ,0.004194564470113122,0.004188183722403937,0.003268215133240444,0.005169387600238136
Second_92,70,92,ReRZV_1d,2024,0.29049078508758003,dQ_HZ_Norm,0.001118810049112829,0.0011163170370417225,8.677536774479599e-4,0.001397629358811501
Second_92,70,92,ReRZV_1d,2024,0.29049078508758003,dQ_All,0.004326964785239788,0.004320110401139965,0.0033825471777022198,0.005314502061025691
Second_92,70,92,ReRZV_1d,2024,0.29049078508758003,dQ_HZ_d,0.004194564470113122,0.004188183722403937,0.003268215133240444,0.005169387600238136
Second_92,70,92,ReRZV_1d,2024,0.29049078508758003,dQ_HZ_Norm_d,0.001118810049112829,0.0011163170370417225,8.677536774479599e-4,0.001397629358811501
Second_92,70,92,ReRZV_1d,2024,0.29049078508758003,dQ_Life_d,1.4642340844525566e-4,1.4636112128655205e-4,1.127425367817178e-4,1.8045956707343625e-4
Second_92,70,92,ReRZV_1d,2024,0.29049078508758003,dQ_All_d,0.004340987878558376,0.004334170274146223,0.003394766490862144,0.005330028250102088
Second_92,70,92,ReRZV_1d,2024,0.29049078508758003,dC_Hosp,-13.323641946525205,-13.252260904649045,-17.322750802027528,-9.733577832333372
Second_92,70,92,ReRZV_1d,2024,0.29049078508758003,dC_GP_NonPHN,-2.6289306996026403,-2.6560807198113894,-2.9511919176732166,-2.147013822229595
Second_92,70,92,ReRZV_1d,2024,0.29049078508758003,dC_GP_PHN,-1.0578183647584032,-1.0482380558272757,-1.415428032871751,-0.7407979394510206
Second_92,70,92,ReRZV_1d,2024,0.29049078508758003,dC_GP,-3.686749064361044,-3.710946024751558,-4.237855118414548,-2.9814776195555557
Second_92,70,92,ReRZV_1d,2024,0.29049078508758003,dC_Med,-17.01039101088625,-16.965291550027942,-21.09560800101152,-13.019539496414565
Second_92,70,92,ReRZV_1d,2024,0.29049078508758003,dC_VacZVL,0,0,0,0
Second_92,70,92,ReRZV_1d,2024,0.29049078508758003,dC_VacRZV,85,85,85,85
Second_92,70,92,ReRZV_1d,2024,0.29049078508758003,dC_Vac,85,85,85,85
Second_92,70,92,ReRZV_1d,2024,0.29049078508758003,dC_All,67.98960898911375,68.03470844997206,63.90439199898848,71.98046050358545
Second_92,70,92,ReRZV_1d,2024,0.29049078508758003,dC_Hosp_d,-13.323641946525205,-13.252260904649045,-17.322750802027528,-9.733577832333372
Second_92,70,92,ReRZV_1d,2024,0.29049078508758003,dC_GP_NonPHN_d,-2.6289306996026403,-2.6560807198113894,-2.9511919176732166,-2.147013822229595
Second_92,70,92,ReRZV_1d,2024,0.29049078508758003,dC_GP_PHN_d,-1.0578183647584032,-1.0482380558272757,-1.415428032871751,-0.7407979394510206
Second_92,70,92,ReRZV_1d,2024,0.29049078508758003,dC_GP_d,-3.686749064361044,-3.710946024751558,-4.237855118414548,-2.9814776195555557
Second_92,70,92,ReRZV_1d,2024,0.29049078508758003,dC_Med_d,-17.01039101088625,-16.965291550027942,-21.09560800101152,-13.019539496414565
Second_92,70,92,ReRZV_1d,2024,0.29049078508758003,dC_VacZVL_d,0,0,0,0
Second_92,70,92,ReRZV_1d,2024,0.29049078508758003,dC_VacRZV_d,85,85,85,85
Second_92,70,92,ReRZV_1d,2024,0.29049078508758003,dC_Vac_d,85,85,85,85
Second_92,70,92,ReRZV_1d,2024,0.29049078508758003,dC_All_d,67.98960898911375,68.03470844997206,63.90439199898848,71.98046050358545
Second_92,70,92,ReRZV_1d,2024,0.29049078508758003,dN_VacZVL,0,0,0,0
Second_92,70,92,ReRZV_1d,2024,0.29049078508758003,dN_VacRZV,1,1,1,1
Second_92,70,92,ReRZV_1d,2024,0.29049078508758003,dN_VacZVL_d,0,0,0,0
Second_92,70,92,ReRZV_1d,2024,0.29049078508758003,dN_VacRZV_d,1,1,1,1
Second_92,70,92,ReRZV_1d,2024,0.29049078508758003,ICER,15895.04975192556,15641.646051332069,12460.3617705742,20893.31939508513
Second_92,70,92,ReRZV_1d,2024,0.29049078508758003,Price0,85,85,85,85
Second_92,70,92,ReRZV_1d,2024,0.29049078508758003,Thres20,103.83014858205378,104.00454927112928,81.91825664400163,125.18165794277381
Second_92,70,92,ReRZV_1d,2024,0.29049078508758003,Thres30,147.24002736763754,147.2868210175644,116.1461804545233,177.876810009724
Second_92,70,92,ReRZV_1d,2024,0.29049078508758003,Thres20_50,NA,104.00454927112928,NA,NA
Second_92,70,92,ReRZV_1d,2024,0.29049078508758003,Thres30_90,NA,126.9220463887288,NA,NA
Second_92,70,92,ReRZV_1d,2024,0.29049078508758003,Thres,NA,104.00454927112928,NA,NA
Second_92,70,92,ReRZV_2d,2024,0.29049078508758003,N0,0.29049078508758003,0.29049078508758003,0.29049078508758003,0.29049078508758003
Second_92,70,92,ReRZV_2d,2024,0.29049078508758003,dYear_Life,2.4197485936162835e-4,2.409910982904876e-4,1.95437886476093e-4,2.935756460827229e-4
Second_92,70,92,ReRZV_2d,2024,0.29049078508758003,dYear_Immunised,3.0059473438482662,3.0247135048976626,2.6489685543118697,3.2265407737596465
Second_92,70,92,ReRZV_2d,2024,0.29049078508758003,dRisk_HZ,-0.10917530222319795,-0.1096762935951267,-0.1189622257395166,-0.09679798884908572
Second_92,70,92,ReRZV_2d,2024,0.29049078508758003,dRisk_Hosp,-0.011932930581432025,-0.011874378940570633,-0.015250987983635911,-0.009079089563496952
Second_92,70,92,ReRZV_2d,2024,0.29049078508758003,dRisk_PHN,-0.00893298750069853,-0.00886641299729913,-0.011680232470334406,-0.006503547459541542
Second_92,70,92,ReRZV_2d,2024,0.29049078508758003,dRisk_Death,-3.2317122962368766e-4,-3.218666951849317e-4,-3.9172518200671324e-4,-2.615904139147094e-4
Second_92,70,92,ReRZV_2d,2024,0.29049078508758003,dQ_Life,1.521990623246023e-4,1.516649412712026e-4,1.2307164153017305e-4,1.8461454331240756e-4
Second_92,70,92,ReRZV_2d,2024,0.29049078508758003,dQ_HZ,0.004360316141971127,0.004327892154979449,0.0035491640709086527,0.0052736631899619624
Second_92,70,92,ReRZV_2d,2024,0.29049078508758003,dQ_HZ_Norm,0.001163048504901918,0.0011572255586591858,9.464114922452398e-4,0.0014322114650613081
Second_92,70,92,ReRZV_2d,2024,0.29049078508758003,dQ_All,0.00449793879113898,0.004467754027663096,0.0036793367571556924,0.0054183726157211575
Second_92,70,92,ReRZV_2d,2024,0.29049078508758003,dQ_HZ_d,0.004360316141971127,0.004327892154979449,0.0035491640709086527,0.0052736631899619624
Second_92,70,92,ReRZV_2d,2024,0.29049078508758003,dQ_HZ_Norm_d,0.001163048504901918,0.0011572255586591858,9.464114922452398e-4,0.0014322114650613081
Second_92,70,92,ReRZV_2d,2024,0.29049078508758003,dQ_Life_d,1.521990623246023e-4,1.516649412712026e-4,1.2307164153017305e-4,1.8461454331240756e-4
Second_92,70,92,ReRZV_2d,2024,0.29049078508758003,dQ_All_d,0.004512515204295725,0.004483734061098315,0.0036943478310606966,0.00543459543492381
Second_92,70,92,ReRZV_2d,2024,0.29049078508758003,dC_Hosp,-13.848773097724596,-13.745710867020628,-17.791940726502858,-10.44556711269616
Second_92,70,92,ReRZV_2d,2024,0.29049078508758003,dC_GP_NonPHN,-2.7327346958505303,-2.7439029897823537,-2.9957101842190306,-2.395294193863794
Second_92,70,92,ReRZV_2d,2024,0.29049078508758003,dC_GP_PHN,-1.0993738406092137,-1.0893931048344012,-1.4507083731072759,-0.7942560542258401
Second_92,70,92,ReRZV_2d,2024,0.29049078508758003,dC_GP,-3.832108536459744,-3.8361927844418657,-4.301633938080888,-3.331066393600543
Second_92,70,92,ReRZV_2d,2024,0.29049078508758003,dC_Med,-17.680881634184338,-17.610585680592408,-21.581859882182965,-14.228074397332636
Second_92,70,92,ReRZV_2d,2024,0.29049078508758003,dC_VacZVL,0,0,0,0
Second_92,70,92,ReRZV_2d,2024,0.29049078508758003,dC_VacRZV,170,170,170,170
Second_92,70,92,ReRZV_2d,2024,0.29049078508758003,dC_Vac,170,170,170,170
Second_92,70,92,ReRZV_2d,2024,0.29049078508758003,dC_All,152.31911836581565,152.3894143194076,148.41814011781705,155.7719256026674
Second_92,70,92,ReRZV_2d,2024,0.29049078508758003,dC_Hosp_d,-13.848773097724596,-13.745710867020628,-17.791940726502858,-10.44556711269616
Second_92,70,92,ReRZV_2d,2024,0.29049078508758003,dC_GP_NonPHN_d,-2.7327346958505303,-2.7439029897823537,-2.9957101842190306,-2.395294193863794
Second_92,70,92,ReRZV_2d,2024,0.29049078508758003,dC_GP_PHN_d,-1.0993738406092137,-1.0893931048344012,-1.4507083731072759,-0.7942560542258401
Second_92,70,92,ReRZV_2d,2024,0.29049078508758003,dC_GP_d,-3.832108536459744,-3.8361927844418657,-4.301633938080888,-3.331066393600543
Second_92,70,92,ReRZV_2d,2024,0.29049078508758003,dC_Med_d,-17.680881634184338,-17.610585680592408,-21.581859882182965,-14.228074397332636
Second_92,70,92,ReRZV_2d,2024,0.29049078508758003,dC_VacZVL_d,0,0,0,0
Second_92,70,92,ReRZV_2d,2024,0.29049078508758003,dC_VacRZV_d,170,170,170,170
Second_92,70,92,ReRZV_2d,2024,0.29049078508758003,dC_Vac_d,170,170,170,170
Second_92,70,92,ReRZV_2d,2024,0.29049078508758003,dC_All_d,152.31911836581565,152.3894143194076,148.41814011781705,155.7719256026674
Second_92,70,92,ReRZV_2d,2024,0.29049078508758003,dN_VacZVL,0,0,0,0
Second_92,70,92,ReRZV_2d,2024,0.29049078508758003,dN_VacRZV,2,2,2,2
Second_92,70,92,ReRZV_2d,2024,0.29049078508758003,dN_VacZVL_d,0,0,0,0
Second_92,70,92,ReRZV_2d,2024,0.29049078508758003,dN_VacRZV_d,2,2,2,2
Second_92,70,92,ReRZV_2d,2024,0.29049078508758003,ICER,34105.10269928644,33951.12753160062,27876.09405595108,41421.52015366803
Second_92,70,92,ReRZV_2d,2024,0.29049078508758003,Price0,85,85,85,85
Second_92,70,92,ReRZV_2d,2024,0.29049078508758003,Thres20,53.96559286004942,53.71993235543543,45.12983897095509,63.675453256452336
Second_92,70,92,ReRZV_2d,2024,0.29049078508758003,Thres30,76.52816888152805,76.14692112183013,63.68438735079945,90.78861756443196
Second_92,70,92,ReRZV_2d,2024,0.29049078508758003,Thres20_50,NA,53.71993235543543,NA,NA
Second_92,70,92,ReRZV_2d,2024,0.29049078508758003,Thres30_90,NA,67.59103137510131,NA,NA
Second_92,70,92,ReRZV_2d,2024,0.29049078508758003,Thres,NA,53.71993235543543,NA,NA
Second_92,75,92,ReRZV_1d,2024,0.31873773738955025,N0,0.31873773738955025,0.31873773738955025,0.31873773738955025,0.31873773738955025
Second_92,75,92,ReRZV_1d,2024,0.31873773738955025,dYear_Life,2.2596560007869445e-4,2.2600602244054476e-4,1.721319957266853e-4,2.7945881193196964e-4
Second_92,75,92,ReRZV_1d,2024,0.31873773738955025,dYear_Immunised,2.811573508642508,2.849676799800586,2.2695507905742236,3.1236911731268258
Second_92,75,92,ReRZV_1d,2024,0.31873773738955025,dRisk_HZ,-0.09305418041084206,-0.09409460623476781,-0.10444968871317786,-0.07548699296300716
Second_92,75,92,ReRZV_1d,2024,0.31873773738955025,dRisk_Hosp,-0.010173673636372723,-0.010176040248508085,-0.013058215541216446,-0.007472841698352291
Second_92,75,92,ReRZV_1d,2024,0.31873773738955025,dRisk_PHN,-0.007613835729884212,-0.007553368540394211,-0.010131688918457608,-0.0053118545795060555
Second_92,75,92,ReRZV_1d,2024,0.31873773738955025,dRisk_Death,-2.754962122253024e-4,-2.7551898782648867e-4,-3.413116098928738e-4,-2.1092959204749133e-4
Second_92,75,92,ReRZV_1d,2024,0.31873773738955025,dQ_Life,1.4209062805195603e-4,1.4211009602248655e-4,1.0815198151413788e-4,1.7570855267442245e-4
Second_92,75,92,ReRZV_1d,2024,0.31873773738955025,dQ_HZ,0.004076995671223942,0.004072941525035829,0.0031498256213113,0.005043250951824579
Second_92,75,92,ReRZV_1d,2024,0.31873773738955025,dQ_HZ_Norm,0.0010873764614457494,0.0010848082914206815,8.380879765391569e-4,0.001363726652296859
Second_92,75,92,ReRZV_1d,2024,0.31873773738955025,dQ_All,0.004205413165569051,0.0042019325670586164,0.003248194718358769,0.005182247465275955
Second_92,75,92,ReRZV_1d,2024,0.31873773738955025,dQ_HZ_d,0.004076995671223942,0.004072941525035829,0.0031498256213113,0.005043250951824579
Second_92,75,92,ReRZV_1d,2024,0.31873773738955025,dQ_HZ_Norm_d,0.0010873764614457494,0.0010848082914206815,8.380879765391569e-4,0.001363726652296859
Second_92,75,92,ReRZV_1d,2024,0.31873773738955025,dQ_Life_d,1.4209062805195603e-4,1.4211009602248655e-4,1.0815198151413788e-4,1.7570855267442245e-4
Second_92,75,92,ReRZV_1d,2024,0.31873773738955025,dQ_All_d,0.004219086299275896,0.004215394952816972,0.0032587821703243696,0.005197126567079279
Second_92,75,92,ReRZV_1d,2024,0.31873773738955025,dC_Hosp,-12.953301817407814,-12.907087361619626,-16.878051809284486,-9.447207163158657
Second_92,75,92,ReRZV_1d,2024,0.31873773738955025,dC_GP_NonPHN,-2.554925920926087,-2.5809826486409415,-2.8920337495688,-2.0577807583522887
Second_92,75,92,ReRZV_1d,2024,0.31873773738955025,dC_GP_PHN,-1.0278552077371605,-1.0193262278885238,-1.38501897133282,-0.71273739000986025
Second_92,75,92,ReRZV_1d,2024,0.31873773738955025,dC_GP,-3.5827811286632474,-3.6061680462568386,-4.142214541718212,-2.8820981215338377
Second_92,75,92,ReRZV_1d,2024,0.31873773738955025,dC_Med,-16.536082946071062,-16.496809596594932,-20.592323649256034,-12.589184972501894
Second_92,75,92,ReRZV_1d,2024,0.31873773738955025,dC_VacZVL,0,0,0,0
Second_92,75,92,ReRZV_1d,2024,0.31873773738955025,dC_VacRZV,85,85,85,85
Second_92,75,92,ReRZV_1d,2024,0.31873773738955025,dC_Vac,85,85,85,85
Second_92,75,92,ReRZV_1d,2024,0.31873773738955025,dC_All,68.46391705392894,68.50319040340506,64.40767635074397,72.4108150274981
Second_92,75,92,ReRZV_1d,2024,0.31873773738955025,dC_Hosp_d,-12.953301817407814,-12.907087361619626,-16.878051809284486,-9.447207163158657
Second_92,75,92,ReRZV_1d,2024,0.31873773738955025,dC_GP_NonPHN_d,-2.554925920926087,-2.5809826486409415,-2.8920337495688,-2.0577807583522887
Second_92,75,92,ReRZV_1d,2024,0.31873773738955025,dC_GP_PHN_d,-1.0278552077371605,-1.0193262278885238,-1.38501897133282,-0.71273739000986025
Second_92,75,92,ReRZV_1d,2024,0.31873773738955025,dC_GP_d,-3.5827811286632474,-3.6061680462568386,-4.142214541718212,-2.8820981215338377
Second_92,75,92,ReRZV_1d,2024,0.31873773738955025,dC_Med_d,-16.536082946071062,-16.496809596594932,-20.592323649256034,-12.589184972501894
Second_92,75,92,ReRZV_1d,2024,0.31873773738955025,dC_VacZVL_d,0,0,0,0
Second_92,75,92,ReRZV_1d,2024,0.31873773738955025,dC_VacRZV_d,85,85,85,85
Second_92,75,92,ReRZV_1d,2024,0.31873773738955025,dC_Vac_d,85,85,85,85
Second_92,75,92,ReRZV_1d,2024,0.31873773738955025,dC_All_d,68.46391705392894,68.50319040340506,64.40767635074397,72.4108150274981
Second_92,75,92,ReRZV_1d,2024,0.31873773738955025,dN_VacZVL,0,0,0,0
Second_92,75,92,ReRZV_1d,2024,0.31873773738955025,dN_VacRZV,1,1,1,1
Second_92,75,92,ReRZV_1d,2024,0.31873773738955025,dN_VacZVL_d,0,0,0,0
Second_92,75,92,ReRZV_1d,2024,0.31873773738955025,dN_VacRZV_d,1,1,1,1
Second_92,75,92,ReRZV_1d,2024,0.31873773738955025,ICER,16482.88043852974,16194.813809357893,12841.090445951984,21834.7650941693
Second_92,75,92,ReRZV_1d,2024,0.31873773738955025,Price0,85,85,85,85
Second_92,75,92,ReRZV_1d,2024,0.31873773738955025,Thres20,100.917808931589,101.13508634797722,78.97998063686904,122.08648942292454
Second_92,75,92,ReRZV_1d,2024,0.31873773738955025,Thres30,143.10867192434796,143.44620271311751,111.68469948865113,174.07406012882524
Second_92,75,92,ReRZV_1d,2024,0.31873773738955025,Thres20_50,NA,101.13508634797722,NA,NA
Second_92,75,92,ReRZV_1d,2024,0.31873773738955025,Thres30_90,NA,122.63804003065576,NA,NA
Second_92,75,92,ReRZV_1d,2024,0.31873773738955025,Thres,NA,101.13508634797722,NA,NA
Second_92,75,92,ReRZV_2d,2024,0.31873773738955025,N0,0.31873773738955025,0.31873773738955025,0.31873773738955025,0.31873773738955025
Second_92,75,92,ReRZV_2d,2024,0.31873773738955025,dYear_Life,2.3514826509545602e-4,2.3441584281943043e-4,1.8814865444765684e-4,2.8586589903095184e-4
Second_92,75,92,ReRZV_2d,2024,0.31873773738955025,dYear_Immunised,2.925785835812473,2.94419835463195,2.557551827047071,3.1704833033654207
Second_92,75,92,ReRZV_2d,2024,0.31873773738955025,dRisk_HZ,-0.09683289806386365,-0.09732846589752356,-0.1060754514805731,-0.08479998306598881
Second_92,75,92,ReRZV_2d,2024,0.31873773738955025,dRisk_Hosp,-0.010586315127165704,-0.010547107655013883,-0.013535876148650566,-0.008007347007565573
Second_92,75,92,ReRZV_2d,2024,0.31873773738955025,dRisk_PHN,-0.007921628194114879,-0.007862557637130771,-0.010354025171996977,-0.005727807600970941
Second_92,75,92,ReRZV_2d,2024,0.31873773738955025,dRisk_Death,-2.866752504567891e-4,-2.8571601581518265e-4,-3.475631121796891e-4,-2.3060507508172569e-4
Second_92,75,92,ReRZV_2d,2024,0.31873773738955025,dQ_Life,1.4786628815222416e-4,1.4739747687498038e-4,1.1835134737497439e-4,1.7985040357520256e-4
Second_92,75,92,ReRZV_2d,2024,0.31873773738955025,dQ_HZ,0.004242747520159561,0.004211989163980493,0.0034334607347335927,0.005156983537826122
Second_92,75,92,ReRZV_2d,2024,0.31873773738955025,dQ_HZ_Norm,0.0011316149644962146,0.001126563198121767,9.165735731306106e-4,0.0013971708004243315
Second_92,75,92,ReRZV_2d,2024,0.31873773738955025,dQ_All,0.004376387354170816,0.004345800506115889,0.0035563602694980174,0.005302864612680812
Second_92,75,92,ReRZV_2d,2024,0.31873773738955025,dQ_HZ_d,0.004242747520159561,0.004211989163980493,0.0034334607347335927,0.005156983537826122
Second_92,75,92,ReRZV_2d,2024,0.31873773738955025,dQ_HZ_Norm_d,0.0011316149644962146,0.001126563198121767,9.165735731306106e-4,0.0013971708004243315
Second_92,75,92,ReRZV_2d,2024,0.31873773738955025,dQ_Life_d,1.4786628815222416e-4,1.4739747687498038e-4,1.1835134737497439e-4,1.7985040357520256e-4
Second_92,75,92,ReRZV_2d,2024,0.31873773738955025,dQ_All_d,0.0043906138083117845,0.004360002048993634,0.0035698241794336893,0.005318271555933846
Second_92,75,92,ReRZV_2d,2024,0.31873773738955025,dC_Hosp,-13.47843352977841,-13.408172140677856,-17.354531245313634,-10.16375862954273
Second_92,75,92,ReRZV_2d,2024,0.31873773738955025,dC_GP_NonPHN,-2.6587300280854844,-2.6715829613812714,-2.9397299784647255,-2.309591811610821
Second_92,75,92,ReRZV_2d,2024,0.31873773738955025,dC_GP_PHN,-1.0694107280135254,-1.0604169913937964,-1.4180679477183558,-0.7683290515254617
Second_92,75,92,ReRZV_2d,2024,0.31873773738955025,dC_GP,-3.72814075609901,-3.735035849442835,-4.208638682843211,-3.2148560080673216
Second_92,75,92,ReRZV_2d,2024,0.31873773738955025,dC_Med,-17.20657428587742,-17.16883845469595,-21.06717925598651,-13.785192689192849
Second_92,75,92,ReRZV_2d,2024,0.31873773738955025,dC_VacZVL,0,0,0,0
Second_92,75,92,ReRZV_2d,2024,0.31873773738955025,dC_VacRZV,170,170,170,170
Second_92,75,92,ReRZV_2d,2024,0.31873773738955025,dC_Vac,170,170,170,170
Second_92,75,92,ReRZV_2d,2024,0.31873773738955025,dC_All,152.79342571412258,152.83116154530404,148.9328207440135,156.21480731080717
Second_92,75,92,ReRZV_2d,2024,0.31873773738955025,dC_Hosp_d,-13.47843352977841,-13.408172140677856,-17.354531245313634,-10.16375862954273
Second_92,75,92,ReRZV_2d,2024,0.31873773738955025,dC_GP_NonPHN_d,-2.6587300280854844,-2.6715829613812714,-2.9397299784647255,-2.309591811610821
Second_92,75,92,ReRZV_2d,2024,0.31873773738955025,dC_GP_PHN_d,-1.0694107280135254,-1.0604169913937964,-1.4180679477183558,-0.7683290515254617
Second_92,75,92,ReRZV_2d,2024,0.31873773738955025,dC_GP_d,-3.72814075609901,-3.735035849442835,-4.208638682843211,-3.2148560080673216
Second_92,75,92,ReRZV_2d,2024,0.31873773738955025,dC_Med_d,-17.20657428587742,-17.16883845469595,-21.06717925598651,-13.785192689192849
Second_92,75,92,ReRZV_2d,2024,0.31873773738955025,dC_VacZVL_d,0,0,0,0
Second_92,75,92,ReRZV_2d,2024,0.31873773738955025,dC_VacRZV_d,170,170,170,170
Second_92,75,92,ReRZV_2d,2024,0.31873773738955025,dC_Vac_d,170,170,170,170
Second_92,75,92,ReRZV_2d,2024,0.31873773738955025,dC_All_d,152.79342571412258,152.83116154530404,148.9328207440135,156.21480731080717
Second_92,75,92,ReRZV_2d,2024,0.31873773738955025,dN_VacZVL,0,0,0,0
Second_92,75,92,ReRZV_2d,2024,0.31873773738955025,dN_VacRZV,2,2,2,2
Second_92,75,92,ReRZV_2d,2024,0.31873773738955025,dN_VacZVL_d,0,0,0,0
Second_92,75,92,ReRZV_2d,2024,0.31873773738955025,dN_VacRZV_d,2,2,2,2
Second_92,75,92,ReRZV_2d,2024,0.31873773738955025,ICER,35179.55324990114,34987.823297699324,28617.63609602673,42977.5258730181
Second_92,75,92,ReRZV_2d,2024,0.31873773738955025,Price0,85,85,85,85
Second_92,75,92,ReRZV_2d,2024,0.31873773738955025,Thres20,52.50942522605656,52.29318207996354,43.67453701749531,62.056268889477494
Second_92,75,92,ReRZV_2d,2024,0.31873773738955025,Thres30,74.46249426761548,74.13564792424117,61.783686793230714,88.71286503439849
Second_92,75,92,ReRZV_2d,2024,0.31873773738955025,Thres20_50,NA,52.29318207996354,NA,NA
Second_92,75,92,ReRZV_2d,2024,0.31873773738955025,Thres30_90,NA,65.57706031356571,NA,NA
Second_92,75,92,ReRZV_2d,2024,0.31873773738955025,Thres,NA,52.29318207996354,NA,NA
Second_93,70,93,ReRZV_1d,2024,0.2448841509154721,N0,0.2448841509154721,0.2448841509154721,0.2448841509154721,0.2448841509154721
Second_93,70,93,ReRZV_1d,2024,0.2448841509154721,dYear_Life,1.9359654962093726e-4,1.936035449293061e-4,1.4904371966377875e-4,2.3809483589923807e-4
Second_93,70,93,ReRZV_1d,2024,0.2448841509154721,dYear_Immunised,2.6352855808945392,2.6713301674088736,2.144812672924705,2.8975086477307523
Second_93,70,93,ReRZV_1d,2024,0.2448841509154721,dRisk_HZ,-0.1148739436567491,-0.11617907250051376,-0.12787329653759877,-0.09389027722411727
Second_93,70,93,ReRZV_1d,2024,0.2448841509154721,dRisk_Hosp,-0.012801109720145844,-0.012725795741517434,-0.016707968324185883,-0.009464255555051595
Second_93,70,93,ReRZV_1d,2024,0.2448841509154721,dRisk_PHN,-0.00929094469887745,-0.009171263531954748,-0.012652048247127623,-0.00636049572482388
Second_93,70,93,ReRZV_1d,2024,0.2448841509154721,dRisk_Death,-3.430260980149261e-4,-3.427289853305145e-4,-4.222291385752369e-4,-2.6510174138885705e-4
Second_93,70,93,ReRZV_1d,2024,0.2448841509154721,dQ_Life,1.1973194583803659e-4,1.1975419881515075e-4,9.210619600030301e-5,1.472129372033202e-4
Second_93,70,93,ReRZV_1d,2024,0.2448841509154721,dQ_HZ,0.003793943514282832,0.0037820248096682796,0.0029561248959741786,0.00467294713692983
Second_93,70,93,ReRZV_1d,2024,0.2448841509154721,dQ_HZ_Norm,0.0010050120852875095,0.0010025844096019833,7.781088587404925e-4,0.0012560953119091034
Second_93,70,93,ReRZV_1d,2024,0.2448841509154721,dQ_All,0.0038988989602458403,0.003888589032535002,0.0030455098699163703,0.004789418015755929
Second_93,70,93,ReRZV_1d,2024,0.2448841509154721,dQ_HZ_d,0.003793943514282832,0.0037820248096682796,0.0029561248959741786,0.00467294713692983
Second_93,70,93,ReRZV_1d,2024,0.2448841509154721,dQ_HZ_Norm_d,0.0010050120852875095,0.0010025844096019833,7.781088587404925e-4,0.0012560953119091034
Second_93,70,93,ReRZV_1d,2024,0.2448841509154721,dQ_Life_d,1.1973194583803659e-4,1.1975419881515075e-4,9.210619600030301e-5,1.472129372033202e-4
Second_93,70,93,ReRZV_1d,2024,0.2448841509154721,dQ_All_d,0.003913675460120874,0.0039039336840906635,0.003056021257169088,0.004803996265169967
Second_93,70,93,ReRZV_1d,2024,0.2448841509154721,dC_Hosp,-12.284958491219433,-12.200698948203952,-16.31293201596463,-8.972387737571115
Second_93,70,93,ReRZV_1d,2024,0.2448841509154721,dC_GP_NonPHN,-2.354882465491145,-2.3769070405738897,-2.650509300400977,-1.9160364368255887
Second_93,70,93,ReRZV_1d,2024,0.2448841509154721,dC_GP_PHN,-0.9357891398715477,-0.9237552432209714,-1.280851116405692,-0.6467938357872716
Second_93,70,93,ReRZV_1d,2024,0.2448841509154721,dC_GP,-3.290671605362693,-3.3113399578309863,-3.7906269665625603,-2.6609838958466514
Second_93,70,93,ReRZV_1d,2024,0.2448841509154721,dC_Med,-15.575630096582126,-15.540464630130757,-19.67532406579302,-11.938933768155692
Second_93,70,93,ReRZV_1d,2024,0.2448841509154721,dC_VacZVL,0,0,0,0
Second_93,70,93,ReRZV_1d,2024,0.2448841509154721,dC_VacRZV,85,85,85,85
Second_93,70,93,ReRZV_1d,2024,0.2448841509154721,dC_Vac,85,85,85,85
Second_93,70,93,ReRZV_1d,2024,0.2448841509154721,dC_All,69.42436990341787,69.45953536986924,65.324675934207,73.06106623184431
Second_93,70,93,ReRZV_1d,2024,0.2448841509154721,dC_Hosp_d,-12.284958491219433,-12.200698948203952,-16.31293201596463,-8.972387737571115
Second_93,70,93,ReRZV_1d,2024,0.2448841509154721,dC_GP_NonPHN_d,-2.354882465491145,-2.3769070405738897,-2.650509300400977,-1.9160364368255887
Second_93,70,93,ReRZV_1d,2024,0.2448841509154721,dC_GP_PHN_d,-0.9357891398715477,-0.9237552432209714,-1.280851116405692,-0.6467938357872716
Second_93,70,93,ReRZV_1d,2024,0.2448841509154721,dC_GP_d,-3.290671605362693,-3.3113399578309863,-3.7906269665625603,-2.6609838958466514
Second_93,70,93,ReRZV_1d,2024,0.2448841509154721,dC_Med_d,-15.575630096582126,-15.540464630130757,-19.67532406579302,-11.938933768155692
Second_93,70,93,ReRZV_1d,2024,0.2448841509154721,dC_VacZVL_d,0,0,0,0
Second_93,70,93,ReRZV_1d,2024,0.2448841509154721,dC_VacRZV_d,85,85,85,85
Second_93,70,93,ReRZV_1d,2024,0.2448841509154721,dC_Vac_d,85,85,85,85
Second_93,70,93,ReRZV_1d,2024,0.2448841509154721,dC_All_d,69.42436990341787,69.45953536986924,65.324675934207,73.06106623184431
Second_93,70,93,ReRZV_1d,2024,0.2448841509154721,dN_VacZVL,0,0,0,0
Second_93,70,93,ReRZV_1d,2024,0.2448841509154721,dN_VacRZV,1,1,1,1
Second_93,70,93,ReRZV_1d,2024,0.2448841509154721,dN_VacZVL_d,0,0,0,0
Second_93,70,93,ReRZV_1d,2024,0.2448841509154721,dN_VacRZV_d,1,1,1,1
Second_93,70,93,ReRZV_1d,2024,0.2448841509154721,ICER,18004.324204445264,17739.335610276874,14150.886016032084,23442.76421722192
Second_93,70,93,ReRZV_1d,2024,0.2448841509154721,Price0,85,85,85,85
Second_93,70,93,ReRZV_1d,2024,0.2448841509154721,Thres20,93.8491392989996,93.88235578976949,74.40297239390183,113.12432153447968
Second_93,70,93,ReRZV_1d,2024,0.2448841509154721,Thres30,132.98589390020834,132.97684403372398,104.93105255137542,161.13522412950874
Second_93,70,93,ReRZV_1d,2024,0.2448841509154721,Thres20_50,NA,93.88235578976949,NA,NA
Second_93,70,93,ReRZV_1d,2024,0.2448841509154721,Thres30_90,NA,114.71684537560945,NA,NA
Second_93,70,93,ReRZV_1d,2024,0.2448841509154721,Thres,NA,93.88235578976949,NA,NA
Second_93,70,93,ReRZV_2d,2024,0.2448841509154721,N0,0.2448841509154721,0.2448841509154721,0.2448841509154721,0.2448841509154721
Second_93,70,93,ReRZV_2d,2024,0.2448841509154721,dYear_Life,2.0119797909578266e-4,2.005939210595798e-4,1.6271856284777285e-4,2.438868657386622e-4
Second_93,70,93,ReRZV_2d,2024,0.2448841509154721,dYear_Immunised,2.7389073026501314,2.7564310165041315,2.4146210393164345,2.929758485157722
Second_93,70,93,ReRZV_2d,2024,0.2448841509154721,dRisk_HZ,-0.11938905949842793,-0.1199321050143041,-0.12981267674535502,-0.10564026968458616
Second_93,70,93,ReRZV_2d,2024,0.2448841509154721,dRisk_Hosp,-0.013304439377550067,-0.013188521469960787,-0.017212971075922137,-0.01005359805585686
Second_93,70,93,ReRZV_2d,2024,0.2448841509154721,dRisk_PHN,-0.009654270839472508,-0.009550155888039737,-0.012955267633793524,-0.006838702405540563
Second_93,70,93,ReRZV_2d,2024,0.2448841509154721,dRisk_Death,-3.564993960803364e-4,-3.5502336530483195e-4,-4.317274646583491e-4,-2.884702046473107e-4
Second_93,70,93,ReRZV_2d,2024,0.2448841509154721,dQ_Life,1.2443289413317454e-4,1.2410671755862007e-4,1.0057364839826679e-4,1.5079877376731016e-4
Second_93,70,93,ReRZV_2d,2024,0.2448841509154721,dQ_HZ,0.003943214562455709,0.003919455951061532,0.0031960119648775484,0.004785842067920316
Second_93,70,93,ReRZV_2d,2024,0.2448841509154721,dQ_HZ_Norm,0.0010445791514286963,0.0010388902145207477,8.497270469416002e-4,0.0012829579066941511
Second_93,70,93,ReRZV_2d,2024,0.2448841509154721,dQ_All,0.004052290419783769,0.00402883022289169,0.0033078878369857626,0.004898335243524781
Second_93,70,93,ReRZV_2d,2024,0.2448841509154721,dQ_HZ_d,0.003943214562455709,0.003919455951061532,0.0031960119648775484,0.004785842067920316
Second_93,70,93,ReRZV_2d,2024,0.2448841509154721,dQ_HZ_Norm_d,0.0010445791514286963,0.0010388902145207477,8.497270469416002e-4,0.0012829579066941511
Second_93,70,93,ReRZV_2d,2024,0.2448841509154721,dQ_Life_d,1.2443289413317454e-4,1.2410671755862007e-4,1.0057364839826679e-4,1.5079877376731016e-4
Second_93,70,93,ReRZV_2d,2024,0.2448841509154721,dQ_All_d,0.0040676474565888975,0.0040438000712021294,0.003323704626229869,0.004915141861470417
Second_93,70,93,ReRZV_2d,2024,0.2448841509154721,dC_Hosp,-12.767640778640793,-12.660055328071948,-16.69597176217607,-9.554801983771863
Second_93,70,93,ReRZV_2d,2024,0.2448841509154721,dC_GP_NonPHN,-2.4474457876967097,-2.4578601452138376,-2.6857633200223554,-2.153234957752627
Second_93,70,93,ReRZV_2d,2024,0.2448841509154721,dC_GP_PHN,-0.9723704876977066,-0.9621134882912508,-1.3190144872331493,-0.6845701071469598
Second_93,70,93,ReRZV_2d,2024,0.2448841509154721,dC_GP,-3.419816275394416,-3.423838174154745,-3.8548779907540367,-2.9762693114983696
Second_93,70,93,ReRZV_2d,2024,0.2448841509154721,dC_Med,-16.18745705403521,-16.098085124144806,-20.10369438953685,-12.92936215013383
Second_93,70,93,ReRZV_2d,2024,0.2448841509154721,dC_VacZVL,0,0,0,0
Second_93,70,93,ReRZV_2d,2024,0.2448841509154721,dC_VacRZV,170,170,170,170
Second_93,70,93,ReRZV_2d,2024,0.2448841509154721,dC_Vac,170,170,170,170
Second_93,70,93,ReRZV_2d,2024,0.2448841509154721,dC_All,153.8125429459648,153.9019148758552,149.89630561046314,157.0706378498662
Second_93,70,93,ReRZV_2d,2024,0.2448841509154721,dC_Hosp_d,-12.767640778640793,-12.660055328071948,-16.69597176217607,-9.554801983771863
Second_93,70,93,ReRZV_2d,2024,0.2448841509154721,dC_GP_NonPHN_d,-2.4474457876967097,-2.4578601452138376,-2.6857633200223554,-2.153234957752627
Second_93,70,93,ReRZV_2d,2024,0.2448841509154721,dC_GP_PHN_d,-0.9723704876977066,-0.9621134882912508,-1.3190144872331493,-0.6845701071469598
Second_93,70,93,ReRZV_2d,2024,0.2448841509154721,dC_GP_d,-3.419816275394416,-3.423838174154745,-3.8548779907540367,-2.9762693114983696
Second_93,70,93,ReRZV_2d,2024,0.2448841509154721,dC_Med_d,-16.18745705403521,-16.098085124144806,-20.10369438953685,-12.92936215013383
Second_93,70,93,ReRZV_2d,2024,0.2448841509154721,dC_VacZVL_d,0,0,0,0
Second_93,70,93,ReRZV_2d,2024,0.2448841509154721,dC_VacRZV_d,170,170,170,170
Second_93,70,93,ReRZV_2d,2024,0.2448841509154721,dC_Vac_d,170,170,170,170
Second_93,70,93,ReRZV_2d,2024,0.2448841509154721,dC_All_d,153.8125429459648,153.9019148758552,149.89630561046314,157.0706378498662
Second_93,70,93,ReRZV_2d,2024,0.2448841509154721,dN_VacZVL,0,0,0,0
Second_93,70,93,ReRZV_2d,2024,0.2448841509154721,dN_VacRZV,2,2,2,2
Second_93,70,93,ReRZV_2d,2024,0.2448841509154721,dN_VacZVL_d,0,0,0,0
Second_93,70,93,ReRZV_2d,2024,0.2448841509154721,dN_VacRZV_d,2,2,2,2
Second_93,70,93,ReRZV_2d,2024,0.2448841509154721,ICER,38213.89127077736,38014.018960144946,31222.649114870368,46385.51424400478
Second_93,70,93,ReRZV_2d,2024,0.2448841509154721,Price0,85,85,85,85
Second_93,70,93,ReRZV_2d,2024,0.2448841509154721,Thres20,48.770203092906584,48.60196338180448,40.801341536956414,57.67834994157343
Second_93,70,93,ReRZV_2d,2024,0.2448841509154721,Thres30,69.10844037585107,68.82481145987458,57.60805253409287,82.02274897736494
Second_93,70,93,ReRZV_2d,2024,0.2448841509154721,Thres20_50,NA,48.60196338180448,NA,NA
Second_93,70,93,ReRZV_2d,2024,0.2448841509154721,Thres30_90,NA,61.03174925400113,NA,NA
Second_93,70,93,ReRZV_2d,2024,0.2448841509154721,Thres,NA,48.60196338180448,NA,NA
Second_93,75,93,ReRZV_1d,2024,0.2686966587680832,N0,0.2686966587680832,0.2686966587680832,0.2686966587680832,0.2686966587680832
Second_93,75,93,ReRZV_1d,2024,0.2686966587680832,dYear_Life,1.8853675302627317e-4,1.886094377144093e-4,1.4372501375148463e-4,2.3277976155093116e-4
Second_93,75,93,ReRZV_1d,2024,0.2686966587680832,dYear_Immunised,2.5700467640557516,2.606329997164225,2.0817674372398507,2.847607670642831
Second_93,75,93,ReRZV_1d,2024,0.2686966587680832,dRisk_HZ,-0.10209029268579084,-0.10324833129550437,-0.11442853320223918,-0.08300882550640314
Second_93,75,93,ReRZV_1d,2024,0.2686966587680832,dRisk_Hosp,-0.011377954577711073,-0.01132162555598359,-0.014863489488532434,-0.008352673258860301
Second_93,75,93,ReRZV_1d,2024,0.2686966587680832,dRisk_PHN,-0.008255893687926863,-0.008131875596160087,-0.01134293171584858,-0.005609011066438827
Second_93,75,93,ReRZV_1d,2024,0.2686966587680832,dRisk_Death,-3.048854055068855e-4,-3.0479665268185325e-4,-3.7704076004906756e-4,-2.3386520431869403e-4
Second_93,75,93,ReRZV_1d,2024,0.2686966587680832,dQ_Life,1.1657295356101968e-4,1.1658227089906469e-4,8.874082851267187e-5,1.4394829079862235e-4
Second_93,75,93,ReRZV_1d,2024,0.2686966587680832,dQ_HZ,0.0036987639340833396,0.0036907804578053963,0.0028418101205078517,0.004573217641630717
Second_93,75,93,ReRZV_1d,2024,0.2686966587680832,dQ_HZ_Norm,9.797620948673238e-4,9.762176716904948e-4,7.573497504296716e-4,0.001227416725108494
Second_93,75,93,ReRZV_1d,2024,0.2686966587680832,dQ_All,0.0038008990922618626,0.003793436606195387,0.002935020467663165,0.004676945275358564
Second_93,75,93,ReRZV_1d,2024,0.2686966587680832,dQ_HZ_d,0.0036987639340833396,0.0036907804578053963,0.0028418101205078517,0.004573217641630717
Second_93,75,93,ReRZV_1d,2024,0.2686966587680832,dQ_HZ_Norm_d,9.797620948673238e-4,9.762176716904948e-4,7.573497504296716e-4,0.001227416725108494
Second_93,75,93,ReRZV_1d,2024,0.2686966587680832,dQ_Life_d,1.1657295356101968e-4,1.1658227089906469e-4,8.874082851267187e-5,1.4394829079862235e-4
Second_93,75,93,ReRZV_1d,2024,0.2686966587680832,dQ_All_d,0.0038153368876443633,0.0038075838864209443,0.0029488803012504695,0.0046922699610585815
Second_93,75,93,ReRZV_1d,2024,0.2686966587680832,dC_Hosp,-11.978278199215733,-11.882225593162996,-15.942561047641318,-8.675640529004422
Second_93,75,93,ReRZV_1d,2024,0.2686966587680832,dC_GP_NonPHN,-2.295620767428672,-2.3160621067642015,-2.5958423565878257,-1.8558894368704313
Second_93,75,93,ReRZV_1d,2024,0.2686966587680832,dC_GP_PHN,-0.9121270348260682,-0.8996920326057944,-1.2566782391716824,-0.6299530394460163
Second_93,75,93,ReRZV_1d,2024,0.2686966587680832,dC_GP,-3.2077478022547403,-3.228483568268076,-3.717542331607514,-2.564984646797628
Second_93,75,93,ReRZV_1d,2024,0.2686966587680832,dC_Med,-15.186026001470474,-15.153750015258186,-19.254656926854082,-11.576777815252408
Second_93,75,93,ReRZV_1d,2024,0.2686966587680832,dC_VacZVL,0,0,0,0
Second_93,75,93,ReRZV_1d,2024,0.2686966587680832,dC_VacRZV,85,85,85,85
Second_93,75,93,ReRZV_1d,2024,0.2686966587680832,dC_Vac,85,85,85,85
Second_93,75,93,ReRZV_1d,2024,0.2686966587680832,dC_All,69.81397399852953,69.8462499847418,65.74534307314593,73.42322218474759
Second_93,75,93,ReRZV_1d,2024,0.2686966587680832,dC_Hosp_d,-11.978278199215733,-11.882225593162996,-15.942561047641318,-8.675640529004422
Second_93,75,93,ReRZV_1d,2024,0.2686966587680832,dC_GP_NonPHN_d,-2.295620767428672,-2.3160621067642015,-2.5958423565878257,-1.8558894368704313
Second_93,75,93,ReRZV_1d,2024,0.2686966587680832,dC_GP_PHN_d,-0.9121270348260682,-0.8996920326057944,-1.2566782391716824,-0.6299530394460163
Second_93,75,93,ReRZV_1d,2024,0.2686966587680832,dC_GP_d,-3.2077478022547403,-3.228483568268076,-3.717542331607514,-2.564984646797628
Second_93,75,93,ReRZV_1d,2024,0.2686966587680832,dC_Med_d,-15.186026001470474,-15.153750015258186,-19.254656926854082,-11.576777815252408
Second_93,75,93,ReRZV_1d,2024,0.2686966587680832,dC_VacZVL_d,0,0,0,0
Second_93,75,93,ReRZV_1d,2024,0.2686966587680832,dC_VacRZV_d,85,85,85,85
Second_93,75,93,ReRZV_1d,2024,0.2686966587680832,dC_Vac_d,85,85,85,85
Second_93,75,93,ReRZV_1d,2024,0.2686966587680832,dC_All_d,69.81397399852953,69.8462499847418,65.74534307314593,73.42322218474759
Second_93,75,93,ReRZV_1d,2024,0.2686966587680832,dN_VacZVL,0,0,0,0
Second_93,75,93,ReRZV_1d,2024,0.2686966587680832,dN_VacRZV,1,1,1,1
Second_93,75,93,ReRZV_1d,2024,0.2686966587680832,dN_VacZVL_d,0,0,0,0
Second_93,75,93,ReRZV_1d,2024,0.2686966587680832,dN_VacRZV_d,1,1,1,1
Second_93,75,93,ReRZV_1d,2024,0.2686966587680832,ICER,18586.414113185343,18271.175084093516,14541.958975226105,24540.88466085721
Second_93,75,93,ReRZV_1d,2024,0.2686966587680832,Price0,85,85,85,85
Second_93,75,93,ReRZV_1d,2024,0.2686966587680832,Thres20,91.49276375435774,91.61835985754561,71.626625687771,110.62925819281082
Second_93,75,93,ReRZV_1d,2024,0.2686966587680832,Thres30,129.64613263080136,129.687832679104,101.38345975229653,157.66717360441345
Second_93,75,93,ReRZV_1d,2024,0.2686966587680832,Thres20_50,NA,91.61835985754561,NA,NA
Second_93,75,93,ReRZV_1d,2024,0.2686966587680832,Thres30_90,NA,111.19720087381852,NA,NA
Second_93,75,93,ReRZV_1d,2024,0.2686966587680832,Thres,NA,91.61835985754561,NA,NA
Second_93,75,93,ReRZV_2d,2024,0.2686966587680832,N0,0.2686966587680832,0.2686966587680832,0.2686966587680832,0.2686966587680832
Second_93,75,93,ReRZV_2d,2024,0.2686966587680832,dYear_Life,1.961381898228071e-4,1.9549874093285988e-4,1.5745970743234072e-4,2.386475958332877e-4
Second_93,75,93,ReRZV_2d,2024,0.2686966587680832,dYear_Immunised,2.673668584815872,2.6906952464750535,2.3436837858367023,2.8885090889582896
Second_93,75,93,ReRZV_2d,2024,0.2686966587680832,dRisk_HZ,-0.10620526886289046,-0.10664464094143354,-0.11611709246432694,-0.09322589706944756
Second_93,75,93,ReRZV_2d,2024,0.2686966587680832,dRisk_Hosp,-0.011836678036497978,-0.011739040726461593,-0.015286181764165416,-0.008877912679096964
Second_93,75,93,ReRZV_2d,2024,0.2686966587680832,dRisk_PHN,-0.008587021054190801,-0.008497772430428128,-0.011561393054988111,-0.006087119918377531
Second_93,75,93,ReRZV_2d,2024,0.2686966587680832,dRisk_Death,-3.1716466878819734e-4,-3.158596933766189e-4,-3.847628897735597e-4,-2.549746365369536e-4
Second_93,75,93,ReRZV_2d,2024,0.2686966587680832,dQ_Life,1.2127390638411855e-4,1.209190708993825e-4,9.73278705302627e-5,1.4751934309755434e-4
Second_93,75,93,ReRZV_2d,2024,0.2686966587680832,dQ_HZ,0.0038480351248821165,0.003820613133939584,0.0031109360540639407,0.004683607619495752
Second_93,75,93,ReRZV_2d,2024,0.2686966587680832,dQ_HZ_Norm,0.001019329198810306,0.0010142433716174464,8.248060279973859e-4,0.0012556556858178162
Second_93,75,93,ReRZV_2d,2024,0.2686966587680832,dQ_All,0.003954290698394484,0.003929693770680546,0.003209086794464186,0.004792147268709942
Second_93,75,93,ReRZV_2d,2024,0.2686966587680832,dQ_HZ_d,0.0038480351248821165,0.003820613133939584,0.0031109360540639407,0.004683607619495752
Second_93,75,93,ReRZV_2d,2024,0.2686966587680832,dQ_HZ_Norm_d,0.001019329198810306,0.0010142433716174464,8.248060279973859e-4,0.0012556556858178162
Second_93,75,93,ReRZV_2d,2024,0.2686966587680832,dQ_Life_d,1.2127390638411855e-4,1.209190708993825e-4,9.73278705302627e-5,1.4751934309755434e-4
Second_93,75,93,ReRZV_2d,2024,0.2686966587680832,dQ_All_d,0.003969309031266243,0.003945255435577513,0.003222992413540832,0.004807702256760542
Second_93,75,93,ReRZV_2d,2024,0.2686966587680832,dC_Hosp,-12.460960948019533,-12.358919935150459,-16.337354620549426,-9.321821979647435
Second_93,75,93,ReRZV_2d,2024,0.2686966587680832,dC_GP_NonPHN,-2.388184178080901,-2.3999767896246818,-2.6384576109226803,-2.0842487217045114
Second_93,75,93,ReRZV_2d,2024,0.2686966587680832,dC_GP_PHN,-0.9487084176302283,-0.9396615506075157,-1.2910923992497838,-0.6665086722468612
Second_93,75,93,ReRZV_2d,2024,0.2686966587680832,dC_GP,-3.3368925957111295,-3.3398241381144347,-3.787169864866533,-2.879843657005756
Second_93,75,93,ReRZV_2d,2024,0.2686966587680832,dC_Med,-15.797853543730662,-15.71361017972984,-19.662433516624787,-12.540351402276249
Second_93,75,93,ReRZV_2d,2024,0.2686966587680832,dC_VacZVL,0,0,0,0
Second_93,75,93,ReRZV_2d,2024,0.2686966587680832,dC_VacRZV,170,170,170,170
Second_93,75,93,ReRZV_2d,2024,0.2686966587680832,dC_Vac,170,170,170,170
Second_93,75,93,ReRZV_2d,2024,0.2686966587680832,dC_All,154.20214645626933,154.2863898202702,150.33756648337524,157.45964859772377
Second_93,75,93,ReRZV_2d,2024,0.2686966587680832,dC_Hosp_d,-12.460960948019533,-12.358919935150459,-16.337354620549426,-9.321821979647435
Second_93,75,93,ReRZV_2d,2024,0.2686966587680832,dC_GP_NonPHN_d,-2.388184178080901,-2.3999767896246818,-2.6384576109226803,-2.0842487217045114
Second_93,75,93,ReRZV_2d,2024,0.2686966587680832,dC_GP_PHN_d,-0.9487084176302283,-0.9396615506075157,-1.2910923992497838,-0.6665086722468612
Second_93,75,93,ReRZV_2d,2024,0.2686966587680832,dC_GP_d,-3.3368925957111295,-3.3398241381144347,-3.787169864866533,-2.879843657005756
Second_93,75,93,ReRZV_2d,2024,0.2686966587680832,dC_Med_d,-15.797853543730662,-15.71361017972984,-19.662433516624787,-12.540351402276249
Second_93,75,93,ReRZV_2d,2024,0.2686966587680832,dC_VacZVL_d,0,0,0,0
Second_93,75,93,ReRZV_2d,2024,0.2686966587680832,dC_VacRZV_d,170,170,170,170
Second_93,75,93,ReRZV_2d,2024,0.2686966587680832,dC_Vac_d,170,170,170,170
Second_93,75,93,ReRZV_2d,2024,0.2686966587680832,dC_All_d,154.20214645626933,154.2863898202702,150.33756648337524,157.45964859772377
Second_93,75,93,ReRZV_2d,2024,0.2686966587680832,dN_VacZVL,0,0,0,0
Second_93,75,93,ReRZV_2d,2024,0.2686966587680832,dN_VacRZV,2,2,2,2
Second_93,75,93,ReRZV_2d,2024,0.2686966587680832,dN_VacZVL_d,0,0,0,0
Second_93,75,93,ReRZV_2d,2024,0.2686966587680832,dN_VacRZV_d,2,2,2,2
Second_93,75,93,ReRZV_2d,2024,0.2686966587680832,ICER,39277.821511934344,39056.42425871369,32002.138373378108,48164.4235576764
Second_93,75,93,ReRZV_2d,2024,0.2686966587680832,Price0,85,85,85,85
Second_93,75,93,ReRZV_2d,2024,0.2686966587680832,Thres20,47.59201708452776,47.408210536837316,39.50617226143103,56.48700808636739
Second_93,75,93,ReRZV_2d,2024,0.2686966587680832,Thres30,67.43856224085897,67.1713059779561,55.65180481204419,80.23240305527948
Second_93,75,93,ReRZV_2d,2024,0.2686966587680832,Thres20_50,NA,47.408210536837316,NA,NA
Second_93,75,93,ReRZV_2d,2024,0.2686966587680832,Thres30_90,NA,59.237204467988064,NA,NA
Second_93,75,93,ReRZV_2d,2024,0.2686966587680832,Thres,NA,47.408210536837316,NA,NA
Second_94,70,94,ReRZV_1d,2024,0.20227143474147455,N0,0.20227143474147455,0.20227143474147455,0.20227143474147455,0.20227143474147455
Second_94,70,94,ReRZV_1d,2024,0.20227143474147455,dYear_Life,1.5774459103885623e-4,1.577582239969394e-4,1.2121669919241086e-4,1.935405694861641e-4
Second_94,70,94,ReRZV_1d,2024,0.20227143474147455,dYear_Immunised,2.3852368930136443,2.420894949892422,1.9428450864261393,2.6188357250661243
Second_94,70,94,ReRZV_1d,2024,0.20227143474147455,dRisk_HZ,-0.12770422727159186,-0.12910425099651357,-0.14226497660494578,-0.10503666822158098
Second_94,70,94,ReRZV_1d,2024,0.20227143474147455,dRisk_Hosp,-0.014448127450451183,-0.01433467566559783,-0.019057840749597495,-0.010372808242925052
Second_94,70,94,ReRZV_1d,2024,0.20227143474147455,dRisk_PHN,-0.010193481639458046,-0.010026780774074874,-0.014131800863500622,-0.0067647991189350885
Second_94,70,94,ReRZV_1d,2024,0.20227143474147455,dRisk_Death,-3.8439070186142876e-4,-3.8434590240360114e-4,-4.730286312040329e-4,-2.9733817537803747e-4
Second_94,70,94,ReRZV_1d,2024,0.20227143474147455,dQ_Life,9.543673865295288e-5,9.542390383452957e-5,7.339490078981796e-5,1.1705675875569411e-4
Second_94,70,94,ReRZV_1d,2024,0.20227143474147455,dQ_HZ,0.003398574850521057,0.0033964088005452417,0.0026211803692340794,0.004183503636325756
Second_94,70,94,ReRZV_1d,2024,0.20227143474147455,dQ_HZ_Norm,8.944865362710431e-4,0.00089180301204946195,6.911665238874758e-4,0.0011174567558007806
Second_94,70,94,ReRZV_1d,2024,0.20227143474147455,dQ_All,0.0034784988426592523,0.003474591252379257,0.002693147104243907,0.004269202246139518
Second_94,70,94,ReRZV_1d,2024,0.20227143474147455,dQ_HZ_d,0.003398574850521057,0.0033964088005452417,0.0026211803692340794,0.004183503636325756
Second_94,70,94,ReRZV_1d,2024,0.20227143474147455,dQ_HZ_Norm_d,8.944865362710431e-4,0.00089180301204946195,6.911665238874758e-4,0.0011174567558007806
Second_94,70,94,ReRZV_1d,2024,0.20227143474147455,dQ_Life_d,9.543673865295288e-5,9.542390383452957e-5,7.339490078981796e-5,1.1705675875569411e-4
Second_94,70,94,ReRZV_1d,2024,0.20227143474147455,dQ_All_d,0.0034940115891740186,0.003491460951412121,0.0027053812688007327,0.004285014422618089
Second_94,70,94,ReRZV_1d,2024,0.20227143474147455,dC_Hosp,-11.172749746953617,-11.083169064477149,-14.98576302737577,-7.900469975358783
Second_94,70,94,ReRZV_1d,2024,0.20227143474147455,dC_GP_NonPHN,-2.0904244456227814,-2.110828938922552,-2.356732541215309,-1.7057884113021755
Second_94,70,94,ReRZV_1d,2024,0.20227143474147455,dC_GP_PHN,-0.8191702840871772,-0.806928648945166,-1.1378246734237674,-0.5485891482030355
Second_94,70,94,ReRZV_1d,2024,0.20227143474147455,dC_GP,-2.909594729709959,-2.93048528858244,-3.3530566230399352,-2.331127901183011
Second_94,70,94,ReRZV_1d,2024,0.20227143474147455,dC_Med,-14.082344476663575,-14.027889557235905,-17.98980337546676,-10.545574872751661
Second_94,70,94,ReRZV_1d,2024,0.20227143474147455,dC_VacZVL,0,0,0,0
Second_94,70,94,ReRZV_1d,2024,0.20227143474147455,dC_VacRZV,85,85,84.99999999999999,85.00000000000001
Second_94,70,94,ReRZV_1d,2024,0.20227143474147455,dC_Vac,85,85,84.99999999999999,85.00000000000001
Second_94,70,94,ReRZV_1d,2024,0.20227143474147455,dC_All,70.91765552333642,70.97211044276409,67.01019662453324,74.45442512724834
Second_94,70,94,ReRZV_1d,2024,0.20227143474147455,dC_Hosp_d,-11.172749746953617,-11.083169064477149,-14.98576302737577,-7.900469975358783
Second_94,70,94,ReRZV_1d,2024,0.20227143474147455,dC_GP_NonPHN_d,-2.0904244456227814,-2.110828938922552,-2.356732541215309,-1.7057884113021755
Second_94,70,94,ReRZV_1d,2024,0.20227143474147455,dC_GP_PHN_d,-0.8191702840871772,-0.806928648945166,-1.1378246734237674,-0.5485891482030355
Second_94,70,94,ReRZV_1d,2024,0.20227143474147455,dC_GP_d,-2.909594729709959,-2.93048528858244,-3.3530566230399352,-2.331127901183011
Second_94,70,94,ReRZV_1d,2024,0.20227143474147455,dC_Med_d,-14.082344476663575,-14.027889557235905,-17.98980337546676,-10.545574872751661
Second_94,70,94,ReRZV_1d,2024,0.20227143474147455,dC_VacZVL_d,0,0,0,0
Second_94,70,94,ReRZV_1d,2024,0.20227143474147455,dC_VacRZV_d,85,85,84.99999999999999,85.00000000000001
Second_94,70,94,ReRZV_1d,2024,0.20227143474147455,dC_Vac_d,85,85,84.99999999999999,85.00000000000001
Second_94,70,94,ReRZV_1d,2024,0.20227143474147455,dC_All_d,70.91765552333642,70.97211044276409,67.01019662453324,74.45442512724834
Second_94,70,94,ReRZV_1d,2024,0.20227143474147455,dN_VacZVL,0,0,0,0
Second_94,70,94,ReRZV_1d,2024,0.20227143474147455,dN_VacRZV,1,1,1,1
Second_94,70,94,ReRZV_1d,2024,0.20227143474147455,dN_VacZVL_d,0,0,0,0
Second_94,70,94,ReRZV_1d,2024,0.20227143474147455,dN_VacRZV_d,1,1,1,1
Second_94,70,94,ReRZV_1d,2024,0.20227143474147455,ICER,20606.84785967369,20286.76646370784,16188.883772193236,26910.734967694363
Second_94,70,94,ReRZV_1d,2024,0.20227143474147455,Price0,85,85,84.99999999999999,85.00000000000001
Second_94,70,94,ReRZV_1d,2024,0.20227143474147455,Thres20,83.96257626014395,84.01100815477122,66.00583232563685,101.38423795393251
Second_94,70,94,ReRZV_1d,2024,0.20227143474147455,Thres30,118.90269215188414,118.87621973980806,93.36239486193502,144.17017813398886
Second_94,70,94,ReRZV_1d,2024,0.20227143474147455,Thres20_50,NA,84.01100815477122,NA,NA
Second_94,70,94,ReRZV_1d,2024,0.20227143474147455,Thres30_90,NA,102.076248176502,NA,NA
Second_94,70,94,ReRZV_1d,2024,0.20227143474147455,Thres,NA,84.01100815477122,NA,NA
Second_94,70,94,ReRZV_2d,2024,0.20227143474147455,N0,0.20227143474147455,0.20227143474147455,0.20227143474147455,0.20227143474147455
Second_94,70,94,ReRZV_2d,2024,0.20227143474147455,dYear_Life,1.6391233126516244e-4,1.635031008356288e-4,1.323522432738299e-4,1.9846800379838358e-4
Second_94,70,94,ReRZV_2d,2024,0.20227143474147455,dYear_Immunised,2.478645398462809,2.4946994346509563,2.1883965513226853,2.645616165352775
Second_94,70,94,ReRZV_2d,2024,0.20227143474147455,dRisk_HZ,-0.13270477429251212,-0.13344422243649035,-0.14444413339133563,-0.11754481516467997
Second_94,70,94,ReRZV_2d,2024,0.20227143474147455,dRisk_Hosp,-0.015012645597542213,-0.014905316841552376,-0.019499916096032077,-0.011099275669652266
Second_94,70,94,ReRZV_2d,2024,0.20227143474147455,dRisk_PHN,-0.010590275200148833,-0.010424418998300669,-0.014474979560425443,-0.0072847274915220795
Second_94,70,94,ReRZV_2d,2024,0.20227143474147455,dRisk_Death,-3.994273629945383e-4,-3.982086536121047e-4,-4.8412695555026156e-4,-3.230638907805285e-4
Second_94,70,94,ReRZV_2d,2024,0.20227143474147455,dQ_Life,9.916797241947492e-5,9.893927165790484e-5,7.996559464138971e-5,1.2006170721815496e-4
Second_94,70,94,ReRZV_2d,2024,0.20227143474147455,dQ_HZ,0.0035317799637406616,0.0035154237668308837,0.0028510090497188916,0.004283330134195089
Second_94,70,94,ReRZV_2d,2024,0.20227143474147455,dQ_HZ_Norm,0.00092956989951727435,9.232490127557146e-4,7.497873531805735e-4,0.0011447303171539444
Second_94,70,94,ReRZV_2d,2024,0.20227143474147455,dQ_All,0.0036148282178301624,0.0035951269403465425,0.0029304460452902314,0.004366487621440673
Second_94,70,94,ReRZV_2d,2024,0.20227143474147455,dQ_HZ_d,0.0035317799637406616,0.0035154237668308837,0.0028510090497188916,0.004283330134195089
Second_94,70,94,ReRZV_2d,2024,0.20227143474147455,dQ_HZ_Norm_d,0.00092956989951727435,9.232490127557146e-4,7.497873531805735e-4,0.0011447303171539444
Second_94,70,94,ReRZV_2d,2024,0.20227143474147455,dQ_Life_d,9.916797241947492e-5,9.893927165790484e-5,7.996559464138971e-5,1.2006170721815496e-4
Second_94,70,94,ReRZV_2d,2024,0.20227143474147455,dQ_All_d,0.003630947936160138,0.0036106165389059846,0.0029455312037226507,0.0043856465660955385
Second_94,70,94,ReRZV_2d,2024,0.20227143474147455,dC_Hosp,-11.608908556721186,-11.498643040125245,-15.322246813105503,-8.462294300606613
Second_94,70,94,ReRZV_2d,2024,0.20227143474147455,dC_GP_NonPHN,-2.1723131123103068,-2.1812675459180957,-2.3908651051851293,-1.911450769149158
Second_94,70,94,ReRZV_2d,2024,0.20227143474147455,dC_GP_PHN,-0.8510572487844712,-0.8399542444570834,-1.1628926872387926,-0.5782758676603968
Second_94,70,94,ReRZV_2d,2024,0.20227143474147455,dC_GP,-3.023370361094778,-3.0278205655451034,-3.4066718305819714,-2.623568092045977
Second_94,70,94,ReRZV_2d,2024,0.20227143474147455,dC_Med,-14.632278917815963,-14.544278060405798,-18.39642642923381,-11.44990018044798
Second_94,70,94,ReRZV_2d,2024,0.20227143474147455,dC_VacZVL,0,0,0,0
Second_94,70,94,ReRZV_2d,2024,0.20227143474147455,dC_VacRZV,170,170,169.99999999999997,170.00000000000003
Second_94,70,94,ReRZV_2d,2024,0.20227143474147455,dC_Vac,170,170,169.99999999999997,170.00000000000003
Second_94,70,94,ReRZV_2d,2024,0.20227143474147455,dC_All,155.36772108218403,155.45572193959416,151.60357357076617,158.550099819552
Second_94,70,94,ReRZV_2d,2024,0.20227143474147455,dC_Hosp_d,-11.608908556721186,-11.498643040125245,-15.322246813105503,-8.462294300606613
Second_94,70,94,ReRZV_2d,2024,0.20227143474147455,dC_GP_NonPHN_d,-2.1723131123103068,-2.1812675459180957,-2.3908651051851293,-1.911450769149158
Second_94,70,94,ReRZV_2d,2024,0.20227143474147455,dC_GP_PHN_d,-0.8510572487844712,-0.8399542444570834,-1.1628926872387926,-0.5782758676603968
Second_94,70,94,ReRZV_2d,2024,0.20227143474147455,dC_GP_d,-3.023370361094778,-3.0278205655451034,-3.4066718305819714,-2.623568092045977
Second_94,70,94,ReRZV_2d,2024,0.20227143474147455,dC_Med_d,-14.632278917815963,-14.544278060405798,-18.39642642923381,-11.44990018044798
Second_94,70,94,ReRZV_2d,2024,0.20227143474147455,dC_VacZVL_d,0,0,0,0
Second_94,70,94,ReRZV_2d,2024,0.20227143474147455,dC_VacRZV_d,170,170,169.99999999999997,170.00000000000003
Second_94,70,94,ReRZV_2d,2024,0.20227143474147455,dC_Vac_d,170,170,169.99999999999997,170.00000000000003
Second_94,70,94,ReRZV_2d,2024,0.20227143474147455,dC_All_d,155.36772108218403,155.45572193959416,151.60357357076617,158.550099819552
Second_94,70,94,ReRZV_2d,2024,0.20227143474147455,dN_VacZVL,0,0,0,0
Second_94,70,94,ReRZV_2d,2024,0.20227143474147455,dN_VacRZV,2,2,2,2
Second_94,70,94,ReRZV_2d,2024,0.20227143474147455,dN_VacZVL_d,0,0,0,0
Second_94,70,94,ReRZV_2d,2024,0.20227143474147455,dN_VacRZV_d,2,2,2,2
Second_94,70,94,ReRZV_2d,2024,0.20227143474147455,ICER,43259.291378276386,43004.223537555314,35138.50126149107,53097.81252065069
Second_94,70,94,ReRZV_2d,2024,0.20227143474147455,Price0,85,85,84.99999999999999,85.00000000000001
Second_94,70,94,ReRZV_2d,2024,0.20227143474147455,Thres20,43.62561882050936,43.41828237674882,36.29189929461858,51.77896854787283
Second_94,70,94,ReRZV_2d,2024,0.20227143474147455,Thres30,61.780358501310054,61.473856384669546,51.12167607056603,73.79095089298359
Second_94,70,94,ReRZV_2d,2024,0.20227143474147455,Thres20_50,NA,43.41828237674882,NA,NA
Second_94,70,94,ReRZV_2d,2024,0.20227143474147455,Thres30_90,NA,54.38810641044112,NA,NA
Second_94,70,94,ReRZV_2d,2024,0.20227143474147455,Thres,NA,43.41828237674882,NA,NA
Second_94,75,94,ReRZV_1d,2024,0.2219404979883499,N0,0.2219404979883499,0.2219404979883499,0.2219404979883499,0.2219404979883499
Second_94,75,94,ReRZV_1d,2024,0.2219404979883499,dYear_Life,1.5406176615045134e-4,1.541967725529626e-4,1.1757144375385092e-4,1.9006698444299768e-4
Second_94,75,94,ReRZV_1d,2024,0.2219404979883499,dYear_Immunised,2.33240789390058,2.3671169990727625,1.891208034260373,2.5745598077466174
Second_94,75,94,ReRZV_1d,2024,0.2219404979883499,dRisk_HZ,-0.11379961314529383,-0.11508100137741326,-0.12759249568721392,-0.0921707088398311
Second_94,75,94,ReRZV_1d,2024,0.2219404979883499,dRisk_Hosp,-0.012875874258475545,-0.012773440602683643,-0.016981657873166914,-0.009208366423452217
Second_94,75,94,ReRZV_1d,2024,0.2219404979883499,dRisk_PHN,-0.009082814179936413,-0.008925251110517573,-0.01266077754319937,-0.006039547399789729
Second_94,75,94,ReRZV_1d,2024,0.2219404979883499,dRisk_Death,-3.425637980977447e-4,-3.427250766244868e-4,-4.2268391180345075e-4,-2.626794914457008e-4
Second_94,75,94,ReRZV_1d,2024,0.2219404979883499,dQ_Life,9.318637512006832e-5,9.320946139976575e-5,7.103165915604541e-5,1.1500730889482507e-4
Second_94,75,94,ReRZV_1d,2024,0.2219404979883499,dQ_HZ,0.003322095189438194,0.0033154642718494585,0.0025403023480875158,0.0041102642608258945
Second_94,75,94,ReRZV_1d,2024,0.2219404979883499,dQ_HZ_Norm,8.743441621526072e-4,8.713654941237186e-4,6.704040178596708e-4,0.0010958093605188779
Second_94,75,94,ReRZV_1d,2024,0.2219404979883499,dQ_All,0.0034000959712072237,0.003393886416027052,0.0026178574720929345,0.004193722644816193
Second_94,75,94,ReRZV_1d,2024,0.2219404979883499,dQ_HZ_d,0.003322095189438194,0.0033154642718494585,0.0025403023480875158,0.0041102642608258945
Second_94,75,94,ReRZV_1d,2024,0.2219404979883499,dQ_HZ_Norm_d,8.743441621526072e-4,8.713654941237186e-4,6.704040178596708e-4,0.0010958093605188779
Second_94,75,94,ReRZV_1d,2024,0.2219404979883499,dQ_Life_d,9.318637512006832e-5,9.320946139976575e-5,7.103165915604541e-5,1.1500730889482507e-4
Second_94,75,94,ReRZV_1d,2024,0.2219404979883499,dQ_All_d,0.0034152815645582617,0.0034102475512849994,0.002633496675856178,0.004209096910908343
Second_94,75,94,ReRZV_1d,2024,0.2219404979883499,dC_Hosp,-10.922119996170833,-10.828318078007012,-14.699492512994492,-7.677029528189726
Second_94,75,94,ReRZV_1d,2024,0.2219404979883499,dC_GP_NonPHN,-2.043281261594126,-2.0625370494745705,-2.3216196770776696,-1.6471203880570326
Second_94,75,94,ReRZV_1d,2024,0.2219404979883499,dC_GP_PHN,-0.8006386351860658,-0.7885714896358583,-1.1149598549015438,-0.5350076421708116
Second_94,75,94,ReRZV_1d,2024,0.2219404979883499,dC_GP,-2.843919896780192,-2.861218408894948,-3.2922628082612038,-2.265085116665393
Second_94,75,94,ReRZV_1d,2024,0.2219404979883499,dC_Med,-13.766039892951024,-13.715450755580562,-17.618776570752885,-10.238630459894352
Second_94,75,94,ReRZV_1d,2024,0.2219404979883499,dC_VacZVL,0,0,0,0
Second_94,75,94,ReRZV_1d,2024,0.2219404979883499,dC_VacRZV,85,85,84.99999999999999,85.00000000000001
Second_94,75,94,ReRZV_1d,2024,0.2219404979883499,dC_Vac,85,85,84.99999999999999,85.00000000000001
Second_94,75,94,ReRZV_1d,2024,0.2219404979883499,dC_All,71.23396010704897,71.28454924441942,67.38122342924713,74.76136954010563
Second_94,75,94,ReRZV_1d,2024,0.2219404979883499,dC_Hosp_d,-10.922119996170833,-10.828318078007012,-14.699492512994492,-7.677029528189726
Second_94,75,94,ReRZV_1d,2024,0.2219404979883499,dC_GP_NonPHN_d,-2.043281261594126,-2.0625370494745705,-2.3216196770776696,-1.6471203880570326
Second_94,75,94,ReRZV_1d,2024,0.2219404979883499,dC_GP_PHN_d,-0.8006386351860658,-0.7885714896358583,-1.1149598549015438,-0.5350076421708116
Second_94,75,94,ReRZV_1d,2024,0.2219404979883499,dC_GP_d,-2.843919896780192,-2.861218408894948,-3.2922628082612038,-2.265085116665393
Second_94,75,94,ReRZV_1d,2024,0.2219404979883499,dC_Med_d,-13.766039892951024,-13.715450755580562,-17.618776570752885,-10.238630459894352
Second_94,75,94,ReRZV_1d,2024,0.2219404979883499,dC_VacZVL_d,0,0,0,0
Second_94,75,94,ReRZV_1d,2024,0.2219404979883499,dC_VacRZV_d,85,85,84.99999999999999,85.00000000000001
Second_94,75,94,ReRZV_1d,2024,0.2219404979883499,dC_Vac_d,85,85,84.99999999999999,85.00000000000001
Second_94,75,94,ReRZV_1d,2024,0.2219404979883499,dC_All_d,71.23396010704897,71.28454924441942,67.38122342924713,74.76136954010563
Second_94,75,94,ReRZV_1d,2024,0.2219404979883499,dN_VacZVL,0,0,0,0
Second_94,75,94,ReRZV_1d,2024,0.2219404979883499,dN_VacRZV,1,1,1,1
Second_94,75,94,ReRZV_1d,2024,0.2219404979883499,dN_VacZVL_d,0,0,0,0
Second_94,75,94,ReRZV_1d,2024,0.2219404979883499,dN_VacRZV_d,1,1,1,1
Second_94,75,94,ReRZV_1d,2024,0.2219404979883499,ICER,21190.768137620336,20831.957224506405,16559.727415447865,28065.47071737404
Second_94,75,94,ReRZV_1d,2024,0.2219404979883499,Price0,85,85,84.99999999999999,85.00000000000001
Second_94,75,94,ReRZV_1d,2024,0.2219404979883499,Thres20,82.07167118411625,82.16925299208889,63.765204248395975,99.48969127286271
Second_94,75,94,ReRZV_1d,2024,0.2219404979883499,Thres30,116.22448682969888,116.3015711970873,90.1071430264408,141.44760702905455
Second_94,75,94,ReRZV_1d,2024,0.2219404979883499,Thres20_50,NA,82.16925299208889,NA,NA
Second_94,75,94,ReRZV_1d,2024,0.2219404979883499,Thres30_90,NA,99.56794020358144,NA,NA
Second_94,75,94,ReRZV_1d,2024,0.2219404979883499,Thres,NA,82.16925299208889,NA,NA
Second_94,75,94,ReRZV_2d,2024,0.2219404979883499,N0,0.2219404979883499,0.2219404979883499,0.2219404979883499,0.2219404979883499
Second_94,75,94,ReRZV_2d,2024,0.2219404979883499,dYear_Life,1.6022951170644695e-4,1.5983128963632085e-4,1.289192131860957e-4,1.9461380159664098e-4
Second_94,75,94,ReRZV_2d,2024,0.2219404979883499,dYear_Immunised,2.4258164794177657,2.4419694880143354,2.117282303463086,2.610758634774523
Second_94,75,94,ReRZV_2d,2024,0.2219404979883499,dRisk_HZ,-0.11835699615090806,-0.11903951435044494,-0.12976250317284097,-0.10412251920808561
Second_94,75,94,ReRZV_2d,2024,0.2219404979883499,dRisk_Hosp,-0.013390363056709565,-0.013291178505778893,-0.017374830383047678,-0.009826305407923867
Second_94,75,94,ReRZV_2d,2024,0.2219404979883499,dRisk_PHN,-0.009444442665034738,-0.009310548725461183,-0.012984856976557093,-0.006460168931754672
Second_94,75,94,ReRZV_2d,2024,0.2219404979883499,dRisk_Death,-3.562678624005822e-4,-3.549252738987935e-4,-4.326104890325999e-4,-2.868959196611544e-4
Second_94,75,94,ReRZV_2d,2024,0.2219404979883499,dQ_Life,9.691761211083254e-5,9.670086743305531e-5,7.79167104064505e-5,1.1778963724963848e-4
Second_94,75,94,ReRZV_2d,2024,0.2219404979883499,dQ_HZ,0.003455300416832005,0.0034382620287583634,0.0027764769251697064,0.0042032238138649545
Second_94,75,94,ReRZV_2d,2024,0.2219404979883499,dQ_HZ_Norm,9.094275554626536e-4,9.020721294753272e-4,7.305428450474871e-4,0.001121344092380521
Second_94,75,94,ReRZV_2d,2024,0.2219404979883499,dQ_All,0.003536425463252097,0.0035181636496036902,0.0028566700593325974,0.004283522135582106
Second_94,75,94,ReRZV_2d,2024,0.2219404979883499,dQ_HZ_d,0.003455300416832005,0.0034382620287583634,0.0027764769251697064,0.0042032238138649545
Second_94,75,94,ReRZV_2d,2024,0.2219404979883499,dQ_HZ_Norm_d,9.094275554626536e-4,9.020721294753272e-4,7.305428450474871e-4,0.001121344092380521
Second_94,75,94,ReRZV_2d,2024,0.2219404979883499,dQ_Life_d,9.691761211083254e-5,9.670086743305531e-5,7.79167104064505e-5,1.1778963724963848e-4
Second_94,75,94,ReRZV_2d,2024,0.2219404979883499,dQ_All_d,0.0035522180289428375,0.003534289290906028,0.0028726998684891238,0.004298412625473539
Second_94,75,94,ReRZV_2d,2024,0.2219404979883499,dC_Hosp,-11.358279179993636,-11.264989917922396,-15.029435085954336,-8.263107503049952
Second_94,75,94,ReRZV_2d,2024,0.2219404979883499,dC_GP_NonPHN,-2.1251699984687837,-2.135315822089088,-2.356398575042426,-1.8590628042647768
Second_94,75,94,ReRZV_2d,2024,0.2219404979883499,dC_GP_PHN,-0.8325256272198838,-0.8217325060464586,-1.1439612270360229,-0.5673857451299689
Second_94,75,94,ReRZV_2d,2024,0.2219404979883499,dC_GP,-2.9576956256886677,-2.9617345438047824,-3.3487241765224716,-2.553306249160761
Second_94,75,94,ReRZV_2d,2024,0.2219404979883499,dC_Med,-14.315974805682304,-14.257681282324253,-18.023344965774843,-11.141380457474282
Second_94,75,94,ReRZV_2d,2024,0.2219404979883499,dC_VacZVL,0,0,0,0
Second_94,75,94,ReRZV_2d,2024,0.2219404979883499,dC_VacRZV,170,170,169.99999999999997,170.00000000000003
Second_94,75,94,ReRZV_2d,2024,0.2219404979883499,dC_Vac,170,170,169.99999999999997,170.00000000000003
Second_94,75,94,ReRZV_2d,2024,0.2219404979883499,dC_All,155.68402519431768,155.74231871767574,151.97665503422513,158.8586195425257
Second_94,75,94,ReRZV_2d,2024,0.2219404979883499,dC_Hosp_d,-11.358279179993636,-11.264989917922396,-15.029435085954336,-8.263107503049952
Second_94,75,94,ReRZV_2d,2024,0.2219404979883499,dC_GP_NonPHN_d,-2.1251699984687837,-2.135315822089088,-2.356398575042426,-1.8590628042647768
Second_94,75,94,ReRZV_2d,2024,0.2219404979883499,dC_GP_PHN_d,-0.8325256272198838,-0.8217325060464586,-1.1439612270360229,-0.5673857451299689
Second_94,75,94,ReRZV_2d,2024,0.2219404979883499,dC_GP_d,-2.9576956256886677,-2.9617345438047824,-3.3487241765224716,-2.553306249160761
Second_94,75,94,ReRZV_2d,2024,0.2219404979883499,dC_Med_d,-14.315974805682304,-14.257681282324253,-18.023344965774843,-11.141380457474282
Second_94,75,94,ReRZV_2d,2024,0.2219404979883499,dC_VacZVL_d,0,0,0,0
Second_94,75,94,ReRZV_2d,2024,0.2219404979883499,dC_VacRZV_d,170,170,169.99999999999997,170.00000000000003
Second_94,75,94,ReRZV_2d,2024,0.2219404979883499,dC_Vac_d,170,170,169.99999999999997,170.00000000000003
Second_94,75,94,ReRZV_2d,2024,0.2219404979883499,dC_All_d,155.68402519431768,155.74231871767574,151.97665503422513,158.8586195425257
Second_94,75,94,ReRZV_2d,2024,0.2219404979883499,dN_VacZVL,0,0,0,0
Second_94,75,94,ReRZV_2d,2024,0.2219404979883499,dN_VacRZV,2,2,2,2
Second_94,75,94,ReRZV_2d,2024,0.2219404979883499,dN_VacZVL_d,0,0,0,0
Second_94,75,94,ReRZV_2d,2024,0.2219404979883499,dN_VacRZV_d,2,2,2,2
Second_94,75,94,ReRZV_2d,2024,0.2219404979883499,ICER,44326.610523457624,44103.879823582334,35943.22154880416,54520.37060598505
Second_94,75,94,ReRZV_2d,2024,0.2219404979883499,Price0,85,85,84.99999999999999,85.00000000000001
Second_94,75,94,ReRZV_2d,2024,0.2219404979883499,Thres20,42.68016769226953,42.51062429478735,35.33974446205656,50.70468170155079
Second_94,75,94,ReRZV_2d,2024,0.2219404979883499,Thres30,60.44125783698371,60.14258421730266,49.69846010737234,72.18951868418415
Second_94,75,94,ReRZV_2d,2024,0.2219404979883499,Thres20_50,NA,42.51062429478735,NA,NA
Second_94,75,94,ReRZV_2d,2024,0.2219404979883499,Thres30_90,NA,52.992015605793924,NA,NA
Second_94,75,94,ReRZV_2d,2024,0.2219404979883499,Thres,NA,42.51062429478735,NA,NA
Second_95,70,95,ReRZV_1d,2024,0.16337919320846672,N0,0.16337919320846672,0.16337919320846672,0.16337919320846672,0.16337919320846672
Second_95,70,95,ReRZV_1d,2024,0.16337919320846672,dYear_Life,1.2470509915357646e-4,1.2460724617806222e-4,9.596025775002783e-5,1.526948538955016e-4
Second_95,70,95,ReRZV_1d,2024,0.16337919320846672,dYear_Immunised,2.138237418921423,2.168326372431819,1.7423732691367884,2.3435292407427513
Second_95,70,95,ReRZV_1d,2024,0.16337919320846672,dRisk_HZ,-0.14406418255830103,-0.1457053210052176,-0.16087431090186166,-0.11751831424567945
Second_95,70,95,ReRZV_1d,2024,0.16337919320846672,dRisk_Hosp,-0.01645614070856176,-0.01628692816946197,-0.02214424242344992,-0.01178329776153636
Second_95,70,95,ReRZV_1d,2024,0.16337919320846672,dRisk_PHN,-0.011379566821895112,-0.011195638299241664,-0.016196264231024157,-0.007276928587928742
Second_95,70,95,ReRZV_1d,2024,0.16337919320846672,dRisk_Death,-4.371940908730578e-4,-4.3728340947271247e-4,-5.377386846215435e-4,-3.376468123726759e-4
Second_95,70,95,ReRZV_1d,2024,0.16337919320846672,dQ_Life,7.320060990767348e-5,7.316137153611863e-5,5.6241441385537534e-5,8.963959349923297e-5
Second_95,70,95,ReRZV_1d,2024,0.16337919320846672,dQ_HZ,0.002996208201491239,0.0029939686158664573,0.002300166219492928,0.003733528566797007
Second_95,70,95,ReRZV_1d,2024,0.16337919320846672,dQ_HZ_Norm,7.838372681506306e-4,7.813891930182827e-4,6.03505868170907e-4,9.828318399715548e-4
Second_95,70,95,ReRZV_1d,2024,0.16337919320846672,dQ_All,0.0030533143365867876,0.0030545450261307604,0.0023537783808422895,0.003795096781530857
Second_95,70,95,ReRZV_1d,2024,0.16337919320846672,dQ_HZ_d,0.002996208201491239,0.0029939686158664573,0.002300166219492928,0.003733528566797007
Second_95,70,95,ReRZV_1d,2024,0.16337919320846672,dQ_HZ_Norm_d,7.838372681506306e-4,7.813891930182827e-4,6.03505868170907e-4,9.828318399715548e-4
Second_95,70,95,ReRZV_1d,2024,0.16337919320846672,dQ_Life_d,7.320060990767348e-5,7.316137153611863e-5,5.6241441385537534e-5,8.963959349923297e-5
Second_95,70,95,ReRZV_1d,2024,0.16337919320846672,dQ_All_d,0.003069408811398903,0.0030697504842829714,0.002369256512750286,0.003812325683049914
Second_95,70,95,ReRZV_1d,2024,0.16337919320846672,dC_Hosp,-9.945618392169955,-9.812749424804,-13.508628160209172,-7.022087002503738
Second_95,70,95,ReRZV_1d,2024,0.16337919320846672,dC_GP_NonPHN,-1.8272791152504744,-1.8456399615020367,-2.0710785578685265,-1.4744392879356079
Second_95,70,95,ReRZV_1d,2024,0.16337919320846672,dC_GP_PHN,-0.7083772578432407,-0.6971278957921967,-1.0069168631254093,-0.455831621864315
Second_95,70,95,ReRZV_1d,2024,0.16337919320846672,dC_GP,-2.535656373093715,-2.552077695021419,-2.938130672077639,-2.0288676895485778
Second_95,70,95,ReRZV_1d,2024,0.16337919320846672,dC_Med,-12.48127476526367,-12.408003070409066,-16.249512770137205,-9.35596496998891
Second_95,70,95,ReRZV_1d,2024,0.16337919320846672,dC_VacZVL,0,0,0,0
Second_95,70,95,ReRZV_1d,2024,0.16337919320846672,dC_VacRZV,85,85,85,85
Second_95,70,95,ReRZV_1d,2024,0.16337919320846672,dC_Vac,85,85,85,85
Second_95,70,95,ReRZV_1d,2024,0.16337919320846672,dC_All,72.51872523473634,72.59199692959092,68.75048722986278,75.6440350300111
Second_95,70,95,ReRZV_1d,2024,0.16337919320846672,dC_Hosp_d,-9.945618392169955,-9.812749424804,-13.508628160209172,-7.022087002503738
Second_95,70,95,ReRZV_1d,2024,0.16337919320846672,dC_GP_NonPHN_d,-1.8272791152504744,-1.8456399615020367,-2.0710785578685265,-1.4744392879356079
Second_95,70,95,ReRZV_1d,2024,0.16337919320846672,dC_GP_PHN_d,-0.7083772578432407,-0.6971278957921967,-1.0069168631254093,-0.455831621864315
Second_95,70,95,ReRZV_1d,2024,0.16337919320846672,dC_GP_d,-2.535656373093715,-2.552077695021419,-2.938130672077639,-2.0288676895485778
Second_95,70,95,ReRZV_1d,2024,0.16337919320846672,dC_Med_d,-12.48127476526367,-12.408003070409066,-16.249512770137205,-9.35596496998891
Second_95,70,95,ReRZV_1d,2024,0.16337919320846672,dC_VacZVL_d,0,0,0,0
Second_95,70,95,ReRZV_1d,2024,0.16337919320846672,dC_VacRZV_d,85,85,85,85
Second_95,70,95,ReRZV_1d,2024,0.16337919320846672,dC_Vac_d,85,85,85,85
Second_95,70,95,ReRZV_1d,2024,0.16337919320846672,dC_All_d,72.51872523473634,72.59199692959092,68.75048722986278,75.6440350300111
Second_95,70,95,ReRZV_1d,2024,0.16337919320846672,dN_VacZVL,0,0,0,0
Second_95,70,95,ReRZV_1d,2024,0.16337919320846672,dN_VacRZV,1,1,1,1
Second_95,70,95,ReRZV_1d,2024,0.16337919320846672,dN_VacZVL_d,0,0,0,0
Second_95,70,95,ReRZV_1d,2024,0.16337919320846672,dN_VacRZV_d,1,1,1,1
Second_95,70,95,ReRZV_1d,2024,0.16337919320846672,ICER,23997.870713464446,23602.668171895028,18796.588082586346,31472.38229976922
Second_95,70,95,ReRZV_1d,2024,0.16337919320846672,Price0,85,85,85,85
Second_95,70,95,ReRZV_1d,2024,0.16337919320846672,Thres20,73.86945099324173,73.99182850721434,57.65922925365372,89.5896886121549
Second_95,70,95,ReRZV_1d,2024,0.16337919320846672,Thres30,104.56353910723077,104.660660753731,81.47458260266815,127.6015757965382
Second_95,70,95,ReRZV_1d,2024,0.16337919320846672,Thres20_50,NA,73.99182850721434,NA,NA
Second_95,70,95,ReRZV_1d,2024,0.16337919320846672,Thres30_90,NA,89.91759782646551,NA,NA
Second_95,70,95,ReRZV_1d,2024,0.16337919320846672,Thres,NA,73.99182850721434,NA,NA
Second_95,70,95,ReRZV_2d,2024,0.16337919320846672,N0,0.16337919320846672,0.16337919320846672,0.16337919320846672,0.16337919320846672
Second_95,70,95,ReRZV_2d,2024,0.16337919320846672,dYear_Life,1.29562251338997e-4,1.2927202738207623e-4,1.0450053659742724e-4,1.568990406087926e-4
Second_95,70,95,ReRZV_2d,2024,0.16337919320846672,dYear_Immunised,2.221659996465503,2.2373718641748654,1.9650196203130845,2.364258052218316
Second_95,70,95,ReRZV_2d,2024,0.16337919320846672,dRisk_HZ,-0.14968235939453525,-0.15044717469916477,-0.16283054235275787,-0.13183947563945064
Second_95,70,95,ReRZV_2d,2024,0.16337919320846672,dRisk_Hosp,-0.017096803112232425,-0.016894132415398277,-0.02266466236094677,-0.012639570820675225
Second_95,70,95,ReRZV_2d,2024,0.16337919320846672,dRisk_PHN,-0.01182073542569976,-0.011669934565814681,-0.01662907701169035,-0.007805340991078721
Second_95,70,95,ReRZV_2d,2024,0.16337919320846672,dRisk_Death,-4.5423236581613384e-4,-4.5288559966156594e-4,-5.502941852918001e-4,-3.6720701423564764e-4
Second_95,70,95,ReRZV_2d,2024,0.16337919320846672,dQ_Life,7.605140225332712e-5,7.59178480696911e-5,6.127200527224157e-5,9.207960645178659e-5
Second_95,70,95,ReRZV_2d,2024,0.16337919320846672,dQ_HZ,0.0031131546252513805,0.003099789327138951,0.002498362097998026,0.003823159824864649
Second_95,70,95,ReRZV_2d,2024,0.16337919320846672,dQ_HZ_Norm,8.144531499827915e-4,8.075330272608928e-4,6.505274836089974e-4,0.0010067576135330827
Second_95,70,95,ReRZV_2d,2024,0.16337919320846672,dQ_All,0.0031724842682834546,0.003157778757883419,0.0025549920867298944,0.0038828481625678792
Second_95,70,95,ReRZV_2d,2024,0.16337919320846672,dQ_HZ_d,0.0031131546252513805,0.003099789327138951,0.002498362097998026,0.003823159824864649
Second_95,70,95,ReRZV_2d,2024,0.16337919320846672,dQ_HZ_Norm_d,8.144531499827915e-4,8.075330272608928e-4,6.505274836089974e-4,0.0010067576135330827
Second_95,70,95,ReRZV_2d,2024,0.16337919320846672,dQ_Life_d,7.605140225332712e-5,7.59178480696911e-5,6.127200527224157e-5,9.207960645178659e-5
Second_95,70,95,ReRZV_2d,2024,0.16337919320846672,dQ_All_d,0.0031892060275046986,0.0031751159249023197,0.0025708949633533903,0.003898055843661986
Second_95,70,95,ReRZV_2d,2024,0.16337919320846672,dC_Hosp,-10.332368449768579,-10.193119080972156,-13.952064903138446,-7.49039688541778
Second_95,70,95,ReRZV_2d,2024,0.16337919320846672,dC_GP_NonPHN,-1.898557765518899,-1.9066098120332273,-2.0958254934365756,-1.6466304388681314
Second_95,70,95,ReRZV_2d,2024,0.16337919320846672,dC_GP_PHN,-0.7358367564067407,-0.7250483857718487,-1.036323895385249,-0.4852588480192965
Second_95,70,95,ReRZV_2d,2024,0.16337919320846672,dC_GP,-2.63439452192564,-2.640207720708021,-2.982486939080258,-2.279360321850856
Second_95,70,95,ReRZV_2d,2024,0.16337919320846672,dC_Med,-12.96676297169422,-12.847807594624381,-16.54962115265067,-10.108577151384956
Second_95,70,95,ReRZV_2d,2024,0.16337919320846672,dC_VacZVL,0,0,0,0
Second_95,70,95,ReRZV_2d,2024,0.16337919320846672,dC_VacRZV,170,170,170,170
Second_95,70,95,ReRZV_2d,2024,0.16337919320846672,dC_Vac,170,170,170,170
Second_95,70,95,ReRZV_2d,2024,0.16337919320846672,dC_All,157.0332370283058,157.15219240537562,153.45037884734933,159.89142284861504
Second_95,70,95,ReRZV_2d,2024,0.16337919320846672,dC_Hosp_d,-10.332368449768579,-10.193119080972156,-13.952064903138446,-7.49039688541778
Second_95,70,95,ReRZV_2d,2024,0.16337919320846672,dC_GP_NonPHN_d,-1.898557765518899,-1.9066098120332273,-2.0958254934365756,-1.6466304388681314
Second_95,70,95,ReRZV_2d,2024,0.16337919320846672,dC_GP_PHN_d,-0.7358367564067407,-0.7250483857718487,-1.036323895385249,-0.4852588480192965
Second_95,70,95,ReRZV_2d,2024,0.16337919320846672,dC_GP_d,-2.63439452192564,-2.640207720708021,-2.982486939080258,-2.279360321850856
Second_95,70,95,ReRZV_2d,2024,0.16337919320846672,dC_Med_d,-12.96676297169422,-12.847807594624381,-16.54962115265067,-10.108577151384956
Second_95,70,95,ReRZV_2d,2024,0.16337919320846672,dC_VacZVL_d,0,0,0,0
Second_95,70,95,ReRZV_2d,2024,0.16337919320846672,dC_VacRZV_d,170,170,170,170
Second_95,70,95,ReRZV_2d,2024,0.16337919320846672,dC_Vac_d,170,170,170,170
Second_95,70,95,ReRZV_2d,2024,0.16337919320846672,dC_All_d,157.0332370283058,157.15219240537562,153.45037884734933,159.89142284861504
Second_95,70,95,ReRZV_2d,2024,0.16337919320846672,dN_VacZVL,0,0,0,0
Second_95,70,95,ReRZV_2d,2024,0.16337919320846672,dN_VacRZV,2,2,2,2
Second_95,70,95,ReRZV_2d,2024,0.16337919320846672,dN_VacZVL_d,0,0,0,0
Second_95,70,95,ReRZV_2d,2024,0.16337919320846672,dN_VacRZV_d,2,2,2,2
Second_95,70,95,ReRZV_2d,2024,0.16337919320846672,ICER,49803.96771793251,49427.84333185454,40042.42487381757,61356.77182661577
Second_95,70,95,ReRZV_2d,2024,0.16337919320846672,Price0,85,85,85,85
Second_95,70,95,ReRZV_2d,2024,0.16337919320846672,Thres20,38.3754417608941,38.247837754373485,31.78687374330187,45.8797719152581
Second_95,70,95,ReRZV_2d,2024,0.16337919320846672,Thres30,54.32147189841759,54.13265201964761,44.623346546713314,65.39822647763496
Second_95,70,95,ReRZV_2d,2024,0.16337919320846672,Thres20_50,NA,38.247837754373485,NA,NA
Second_95,70,95,ReRZV_2d,2024,0.16337919320846672,Thres30_90,NA,47.61714493352436,NA,NA
Second_95,70,95,ReRZV_2d,2024,0.16337919320846672,Thres,NA,38.247837754373485,NA,NA
Second_95,75,95,ReRZV_1d,2024,0.1792664914201349,N0,0.1792664914201349,0.1792664914201349,0.1792664914201349,0.1792664914201349
Second_95,75,95,ReRZV_1d,2024,0.1792664914201349,dYear_Life,1.2209790982218145e-4,1.2211409110167692e-4,9.342122875083164e-5,1.5042334942722978e-4
Second_95,75,95,ReRZV_1d,2024,0.1792664914201349,dYear_Immunised,2.095773559908019,2.125958774020777,1.7007721671384113,2.3103165723504437
Second_95,75,95,ReRZV_1d,2024,0.1792664914201349,dRisk_HZ,-0.1286819378480008,-0.1302576038042974,-0.1443360089520204,-0.10378952231156828
Second_95,75,95,ReRZV_1d,2024,0.1792664914201349,dRisk_Hosp,-0.014699515570388639,-0.014563810853337241,-0.01985298955519571,-0.010392105712718964
Second_95,75,95,ReRZV_1d,2024,0.1792664914201349,dRisk_PHN,-0.01016381716655733,-0.010002755353308955,-0.014441885621857777,-0.006488728030188948
Second_95,75,95,ReRZV_1d,2024,0.1792664914201349,dRisk_Death,-3.9053314140430074e-4,-3.9039932590796873e-4,-4.816339451504087e-4,-2.9930665473545644e-4
Second_95,75,95,ReRZV_1d,2024,0.1792664914201349,dQ_Life,7.165422017466664e-5,7.164010953284445e-5,5.476650674108085e-5,8.83082979759579e-5
Second_95,75,95,ReRZV_1d,2024,0.1792664914201349,dQ_HZ,0.0029355602569140875,0.0029292523889107346,0.002244064694767745,0.0036579825020962658
Second_95,75,95,ReRZV_1d,2024,0.1792664914201349,dQ_HZ_Norm,7.679717439052767e-4,7.649515119064934e-4,5.873651641211434e-4,9.667355846439551e-4
Second_95,75,95,ReRZV_1d,2024,0.1792664914201349,dQ_All,0.0029914327637134137,0.0029852884874690664,0.002292909370929716,0.0037204292647615928
Second_95,75,95,ReRZV_1d,2024,0.1792664914201349,dQ_HZ_d,0.0029355602569140875,0.0029292523889107346,0.002244064694767745,0.0036579825020962658
Second_95,75,95,ReRZV_1d,2024,0.1792664914201349,dQ_HZ_Norm_d,7.679717439052767e-4,7.649515119064934e-4,5.873651641211434e-4,9.667355846439551e-4
Second_95,75,95,ReRZV_1d,2024,0.1792664914201349,dQ_Life_d,7.165422017466664e-5,7.164010953284445e-5,5.476650674108085e-5,8.83082979759579e-5
Second_95,75,95,ReRZV_1d,2024,0.1792664914201349,dQ_All_d,0.0030072144770887546,0.0030006732783561347,0.0023083828290493646,0.0037380700886787384
Second_95,75,95,ReRZV_1d,2024,0.1792664914201349,dC_Hosp,-9.744661374851443,-9.617233919715382,-13.321585199044259,-6.813405783261384
Second_95,75,95,ReRZV_1d,2024,0.1792664914201349,dC_GP_NonPHN,-1.7902469492090698,-1.808843323574817,-2.036076204927244,-1.4372242795005274
Second_95,75,95,ReRZV_1d,2024,0.1792664914201349,dC_GP_PHN,-0.6939831190007228,-0.6847062656942092,-0.9880909641387924,-0.44590122498844675
Second_95,75,95,ReRZV_1d,2024,0.1792664914201349,dC_GP,-2.4842300682097926,-2.5024620997944065,-2.885684200046214,-1.9661759087977602
Second_95,75,95,ReRZV_1d,2024,0.1792664914201349,dC_Med,-12.228891443061235,-12.132802992773447,-15.892896489774342,-9.115668315220272
Second_95,75,95,ReRZV_1d,2024,0.1792664914201349,dC_VacZVL,0,0,0,0
Second_95,75,95,ReRZV_1d,2024,0.1792664914201349,dC_VacRZV,85,85,85,85
Second_95,75,95,ReRZV_1d,2024,0.1792664914201349,dC_Vac,85,85,85,85
Second_95,75,95,ReRZV_1d,2024,0.1792664914201349,dC_All,72.77110855693877,72.86719700722655,69.10710351022567,75.88433168477972
Second_95,75,95,ReRZV_1d,2024,0.1792664914201349,dC_Hosp_d,-9.744661374851443,-9.617233919715382,-13.321585199044259,-6.813405783261384
Second_95,75,95,ReRZV_1d,2024,0.1792664914201349,dC_GP_NonPHN_d,-1.7902469492090698,-1.808843323574817,-2.036076204927244,-1.4372242795005274
Second_95,75,95,ReRZV_1d,2024,0.1792664914201349,dC_GP_PHN_d,-0.6939831190007228,-0.6847062656942092,-0.9880909641387924,-0.44590122498844675
Second_95,75,95,ReRZV_1d,2024,0.1792664914201349,dC_GP_d,-2.4842300682097926,-2.5024620997944065,-2.885684200046214,-1.9661759087977602
Second_95,75,95,ReRZV_1d,2024,0.1792664914201349,dC_Med_d,-12.228891443061235,-12.132802992773447,-15.892896489774342,-9.115668315220272
Second_95,75,95,ReRZV_1d,2024,0.1792664914201349,dC_VacZVL_d,0,0,0,0
Second_95,75,95,ReRZV_1d,2024,0.1792664914201349,dC_VacRZV_d,85,85,85,85
Second_95,75,95,ReRZV_1d,2024,0.1792664914201349,dC_Vac_d,85,85,85,85
Second_95,75,95,ReRZV_1d,2024,0.1792664914201349,dC_All_d,72.77110855693877,72.86719700722655,69.10710351022567,75.88433168477972
Second_95,75,95,ReRZV_1d,2024,0.1792664914201349,dN_VacZVL,0,0,0,0
Second_95,75,95,ReRZV_1d,2024,0.1792664914201349,dN_VacRZV,1,1,1,1
Second_95,75,95,ReRZV_1d,2024,0.1792664914201349,dN_VacZVL_d,0,0,0,0
Second_95,75,95,ReRZV_1d,2024,0.1792664914201349,dN_VacRZV_d,1,1,1,1
Second_95,75,95,ReRZV_1d,2024,0.1792664914201349,ICER,24595.04381547426,24145.085720129337,19243.348256452435,32361.73043115662
Second_95,75,95,ReRZV_1d,2024,0.1792664914201349,Price0,85,85,85,85
Second_95,75,95,ReRZV_1d,2024,0.1792664914201349,Thres20,72.37318098483632,72.52213585180505,56.334030132844234,87.80450220232022
Second_95,75,95,ReRZV_1d,2024,0.1792664914201349,Thres30,102.44532575572389,102.49215085785485,79.63282830325824,125.01728963055743
Second_95,75,95,ReRZV_1d,2024,0.1792664914201349,Thres20_50,NA,72.52213585180505,NA,NA
Second_95,75,95,ReRZV_1d,2024,0.1792664914201349,Thres30_90,NA,87.68983935587225,NA,NA
Second_95,75,95,ReRZV_1d,2024,0.1792664914201349,Thres,NA,72.52213585180505,NA,NA
Second_95,75,95,ReRZV_2d,2024,0.1792664914201349,N0,0.1792664914201349,0.1792664914201349,0.1792664914201349,0.1792664914201349
Second_95,75,95,ReRZV_2d,2024,0.1792664914201349,dYear_Life,1.2695506578576583e-4,1.26655490425484e-4,1.0209651365418611e-4,1.5410727917152136e-4
Second_95,75,95,ReRZV_2d,2024,0.1792664914201349,dYear_Immunised,2.179196201822737,2.195736306505035,1.90648197801146,2.3376248952560696
Second_95,75,95,ReRZV_2d,2024,0.1792664914201349,dRisk_HZ,-0.13380221000881257,-0.13455377087004208,-0.1461521404614835,-0.11703732819008668
Second_95,75,95,ReRZV_2d,2024,0.1792664914201349,dRisk_Hosp,-0.015283399987242704,-0.015098556032483583,-0.020358784672499075,-0.01124340794009072
Second_95,75,95,ReRZV_2d,2024,0.1792664914201349,dRisk_PHN,-0.010565887696666831,-0.010413116146120435,-0.014903631885506002,-0.006967908204437778
Second_95,75,95,ReRZV_2d,2024,0.1792664914201349,dRisk_Death,-4.060614167019939e-4,-4.045576107980267e-4,-4.928570516078014e-4,-3.271704457558356e-4
Second_95,75,95,ReRZV_2d,2024,0.1792664914201349,dQ_Life,7.45050147378321e-5,7.43574752150789e-5,5.9833674227900284e-5,9.045615936073224e-5
Second_95,75,95,ReRZV_2d,2024,0.1792664914201349,dQ_HZ,0.0030525067709001184,0.003037593881678116,0.00244053881327029,0.0037503082985138204
Second_95,75,95,ReRZV_2d,2024,0.1792664914201349,dQ_HZ_Norm,7.985876493495027e-4,7.915760674739784e-4,6.367146089926632e-4,9.908667790292456e-4
Second_95,75,95,ReRZV_2d,2024,0.1792664914201349,dQ_All,0.0031106027873655396,0.003095001329158787,0.0024964680449086622,0.0038082072236869198
Second_95,75,95,ReRZV_2d,2024,0.1792664914201349,dQ_HZ_d,0.0030525067709001184,0.003037593881678116,0.00244053881327029,0.0037503082985138204
Second_95,75,95,ReRZV_2d,2024,0.1792664914201349,dQ_HZ_Norm_d,7.985876493495027e-4,7.915760674739784e-4,6.367146089926632e-4,9.908667790292456e-4
Second_95,75,95,ReRZV_2d,2024,0.1792664914201349,dQ_Life_d,7.45050147378321e-5,7.43574752150789e-5,5.9833674227900284e-5,9.045615936073224e-5
Second_95,75,95,ReRZV_2d,2024,0.1792664914201349,dQ_All_d,0.003127011785637949,0.0031109575319468864,0.0025114896559473364,0.0038282132916566424
Second_95,75,95,ReRZV_2d,2024,0.1792664914201349,dC_Hosp,-10.131411730729205,-9.999087107201214,-13.715100165218368,-7.3304863618825715
Second_95,75,95,ReRZV_2d,2024,0.1792664914201349,dC_GP_NonPHN,-1.8615256544695282,-1.8688589064059529,-2.065907243179433,-1.6134542841969095
Second_95,75,95,ReRZV_2d,2024,0.1792664914201349,dC_GP_PHN,-0.7214426387618114,-0.7108451137566478,-1.0168496282280548,-0.47377899931042117
Second_95,75,95,ReRZV_2d,2024,0.1792664914201349,dC_GP,-2.58296829323134,-2.5881914985454344,-2.934381053899931,-2.208954964039277
Second_95,75,95,ReRZV_2d,2024,0.1792664914201349,dC_Med,-12.714380023960544,-12.5965361233026,-16.27881232975681,-9.859279430818352
Second_95,75,95,ReRZV_2d,2024,0.1792664914201349,dC_VacZVL,0,0,0,0
Second_95,75,95,ReRZV_2d,2024,0.1792664914201349,dC_VacRZV,170,170,170,170
Second_95,75,95,ReRZV_2d,2024,0.1792664914201349,dC_Vac,170,170,170,170
Second_95,75,95,ReRZV_2d,2024,0.1792664914201349,dC_All,157.28561997603944,157.4034638766974,153.7211876702432,160.14072056918164
Second_95,75,95,ReRZV_2d,2024,0.1792664914201349,dC_Hosp_d,-10.131411730729205,-9.999087107201214,-13.715100165218368,-7.3304863618825715
Second_95,75,95,ReRZV_2d,2024,0.1792664914201349,dC_GP_NonPHN_d,-1.8615256544695282,-1.8688589064059529,-2.065907243179433,-1.6134542841969095
Second_95,75,95,ReRZV_2d,2024,0.1792664914201349,dC_GP_PHN_d,-0.7214426387618114,-0.7108451137566478,-1.0168496282280548,-0.47377899931042117
Second_95,75,95,ReRZV_2d,2024,0.1792664914201349,dC_GP_d,-2.58296829323134,-2.5881914985454344,-2.934381053899931,-2.208954964039277
Second_95,75,95,ReRZV_2d,2024,0.1792664914201349,dC_Med_d,-12.714380023960544,-12.5965361233026,-16.27881232975681,-9.859279430818352
Second_95,75,95,ReRZV_2d,2024,0.1792664914201349,dC_VacZVL_d,0,0,0,0
Second_95,75,95,ReRZV_2d,2024,0.1792664914201349,dC_VacRZV_d,170,170,170,170
Second_95,75,95,ReRZV_2d,2024,0.1792664914201349,dC_Vac_d,170,170,170,170
Second_95,75,95,ReRZV_2d,2024,0.1792664914201349,dC_All_d,157.28561997603944,157.4034638766974,153.7211876702432,160.14072056918164
Second_95,75,95,ReRZV_2d,2024,0.1792664914201349,dN_VacZVL,0,0,0,0
Second_95,75,95,ReRZV_2d,2024,0.1792664914201349,dN_VacRZV,2,2,2,2
Second_95,75,95,ReRZV_2d,2024,0.1792664914201349,dN_VacZVL_d,0,0,0,0
Second_95,75,95,ReRZV_2d,2024,0.1792664914201349,dN_VacRZV_d,2,2,2,2
Second_95,75,95,ReRZV_2d,2024,0.1792664914201349,ICER,50895.5214262528,50500.94409176927,40853.94337364061,63035.09580295279
Second_95,75,95,ReRZV_2d,2024,0.1792664914201349,Price0,85,85,85,85
Second_95,75,95,ReRZV_2d,2024,0.1792664914201349,Thres20,37.627307868359765,37.51945523928783,31.0207437991549,45.08838260985649
Second_95,75,95,ReRZV_2d,2024,0.1792664914201349,Thres30,53.26236679654951,53.06779392654964,43.593503446667924,64.30084751474128
Second_95,75,95,ReRZV_2d,2024,0.1792664914201349,Thres20_50,NA,37.51945523928783,NA,NA
Second_95,75,95,ReRZV_2d,2024,0.1792664914201349,Thres30_90,NA,46.530082914306384,NA,NA
Second_95,75,95,ReRZV_2d,2024,0.1792664914201349,Thres,NA,37.51945523928783,NA,NA
Second_96,70,96,ReRZV_1d,2024,0.12877276638450205,N0,0.12877276638450205,0.12877276638450205,0.12877276638450205,0.12877276638450205
Second_96,70,96,ReRZV_1d,2024,0.12877276638450205,dYear_Life,9.403193794479419e-5,9.399346408529285e-5,7.200410868284251e-5,1.1512215300025538e-4
Second_96,70,96,ReRZV_1d,2024,0.12877276638450205,dYear_Immunised,1.8889480503521223,1.9153964636784155,1.5345002240870442,2.0685413092272937
Second_96,70,96,ReRZV_1d,2024,0.12877276638450205,dRisk_HZ,-0.16426705456406135,-0.16635357119624578,-0.18276322283934393,-0.1335964325670707
Second_96,70,96,ReRZV_1d,2024,0.12877276638450205,dRisk_Hosp,-0.018920658724733874,-0.01873404823834575,-0.0257434308648404,-0.01338526166109831
Second_96,70,96,ReRZV_1d,2024,0.12877276638450205,dRisk_PHN,-0.012812563645254774,-0.012585807856748744,-0.01853674248535043,-0.008063214429982727
Second_96,70,96,ReRZV_1d,2024,0.12877276638450205,dRisk_Death,-5.031930955064357e-4,-5.030522075761552e-4,-6.179503285222048e-4,-3.881383821899207e-4
Second_96,70,96,ReRZV_1d,2024,0.12877276638450205,dQ_Life,5.279169144821344e-5,5.277249021073025e-5,4.041030644249931e-5,6.465023385086242e-5
Second_96,70,96,ReRZV_1d,2024,0.12877276638450205,dQ_HZ,0.0025711191476724057,0.0025652932041790814,0.0019639119781491034,0.003202530130724502
Second_96,70,96,ReRZV_1d,2024,0.12877276638450205,dQ_HZ_Norm,6.68859731445915e-4,6.654032126447005e-4,5.145779990557162e-4,8.402703154404044e-4
Second_96,70,96,ReRZV_1d,2024,0.12877276638450205,dQ_All,0.002607667464552995,0.0026025979781947413,0.0019978997147277267,0.0032435967792071446
Second_96,70,96,ReRZV_1d,2024,0.12877276638450205,dQ_HZ_d,0.0025711191476724057,0.0025652932041790814,0.0019639119781491034,0.003202530130724502
Second_96,70,96,ReRZV_1d,2024,0.12877276638450205,dQ_HZ_Norm_d,6.68859731445915e-4,6.654032126447005e-4,5.145779990557162e-4,8.402703154404044e-4
Second_96,70,96,ReRZV_1d,2024,0.12877276638450205,dQ_Life_d,5.279169144821344e-5,5.277249021073025e-5,4.041030644249931e-5,6.465023385086242e-5
Second_96,70,96,ReRZV_1d,2024,0.12877276638450205,dQ_All_d,0.002623910839120615,0.002620050797165029,0.002012434906684603,0.003260683356867157
Second_96,70,96,ReRZV_1d,2024,0.12877276638450205,dC_Hosp,-8.60849203476833,-8.461906343324026,-11.858812213776629,-5.997047439699276
Second_96,70,96,ReRZV_1d,2024,0.12877276638450205,dC_GP_NonPHN,-1.555499414908213,-1.5740914331968674,-1.7593768654107538,-1.245759553627081
Second_96,70,96,ReRZV_1d,2024,0.12877276638450205,dC_GP_PHN,-0.5953321608189405,-0.5838340607596497,-0.8669638787345288,-0.3715024205782756
Second_96,70,96,ReRZV_1d,2024,0.12877276638450205,dC_GP,-2.1508315757271537,-2.1601681687532466,-2.505035538121476,-1.711369092006753
Second_96,70,96,ReRZV_1d,2024,0.12877276638450205,dC_Med,-10.759323610495484,-10.654253490944605,-14.114098376951608,-7.9362407275062665
Second_96,70,96,ReRZV_1d,2024,0.12877276638450205,dC_VacZVL,0,0,0,0
Second_96,70,96,ReRZV_1d,2024,0.12877276638450205,dC_VacRZV,85,85,85,85
Second_96,70,96,ReRZV_1d,2024,0.12877276638450205,dC_Vac,85,85,85,85
Second_96,70,96,ReRZV_1d,2024,0.12877276638450205,dC_All,74.24067638950451,74.34574650905539,70.8859016230484,77.06375927249374
Second_96,70,96,ReRZV_1d,2024,0.12877276638450205,dC_Hosp_d,-8.60849203476833,-8.461906343324026,-11.858812213776629,-5.997047439699276
Second_96,70,96,ReRZV_1d,2024,0.12877276638450205,dC_GP_NonPHN_d,-1.555499414908213,-1.5740914331968674,-1.7593768654107538,-1.245759553627081
Second_96,70,96,ReRZV_1d,2024,0.12877276638450205,dC_GP_PHN_d,-0.5953321608189405,-0.5838340607596497,-0.8669638787345288,-0.3715024205782756
Second_96,70,96,ReRZV_1d,2024,0.12877276638450205,dC_GP_d,-2.1508315757271537,-2.1601681687532466,-2.505035538121476,-1.711369092006753
Second_96,70,96,ReRZV_1d,2024,0.12877276638450205,dC_Med_d,-10.759323610495484,-10.654253490944605,-14.114098376951608,-7.9362407275062665
Second_96,70,96,ReRZV_1d,2024,0.12877276638450205,dC_VacZVL_d,0,0,0,0
Second_96,70,96,ReRZV_1d,2024,0.12877276638450205,dC_VacRZV_d,85,85,85,85
Second_96,70,96,ReRZV_1d,2024,0.12877276638450205,dC_Vac_d,85,85,85,85
Second_96,70,96,ReRZV_1d,2024,0.12877276638450205,dC_All_d,74.24067638950451,74.34574650905539,70.8859016230484,77.06375927249374
Second_96,70,96,ReRZV_1d,2024,0.12877276638450205,dN_VacZVL,0,0,0,0
Second_96,70,96,ReRZV_1d,2024,0.12877276638450205,dN_VacRZV,1,1,1,1
Second_96,70,96,ReRZV_1d,2024,0.12877276638450205,dN_VacZVL_d,0,0,0,0
Second_96,70,96,ReRZV_1d,2024,0.12877276638450205,dN_VacRZV_d,1,1,1,1
Second_96,70,96,ReRZV_1d,2024,0.12877276638450205,ICER,28748.5871196151,28277.940796639872,22392.847457599364,37668.12938602832
Second_96,70,96,ReRZV_1d,2024,0.12877276638450205,Price0,85,85,85,85
Second_96,70,96,ReRZV_1d,2024,0.12877276638450205,Thres20,63.23754039290778,63.318180630890886,48.9645328472111,77.22168146231944
Second_96,70,96,ReRZV_1d,2024,0.12877276638450205,Thres30,89.47664878411393,89.49021121971325,69.31175271855676,109.78516040261528
Second_96,70,96,ReRZV_1d,2024,0.12877276638450205,Thres20_50,NA,63.318180630890886,NA,NA
Second_96,70,96,ReRZV_1d,2024,0.12877276638450205,Thres30_90,NA,76.72425201189498,NA,NA
Second_96,70,96,ReRZV_1d,2024,0.12877276638450205,Thres,NA,63.318180630890886,NA,NA
Second_96,70,96,ReRZV_2d,2024,0.12877276638450205,N0,0.12877276638450205,0.12877276638450205,0.12877276638450205,0.12877276638450205
Second_96,70,96,ReRZV_2d,2024,0.12877276638450205,dYear_Life,9.768139800754451e-5,9.748127127095439e-5,7.865851941549668e-5,1.1822672672711985e-4
Second_96,70,96,ReRZV_2d,2024,0.12877276638450205,dYear_Immunised,1.9623892968799812,1.9775986135359056,1.7364847228770017,2.0853503931869355
Second_96,70,96,ReRZV_2d,2024,0.12877276638450205,dRisk_HZ,-0.1706527652359359,-0.1715714386159745,-0.18584442326286268,-0.1502307628980195
Second_96,70,96,ReRZV_2d,2024,0.12877276638450205,dRisk_Hosp,-0.019654770046862457,-0.019388691618784717,-0.0262006058890044,-0.014356213816970855
Second_96,70,96,ReRZV_2d,2024,0.12877276638450205,dRisk_PHN,-0.01330869350452474,-0.01311238513552293,-0.01905470064366598,-0.008526911198394674
Second_96,70,96,ReRZV_2d,2024,0.12877276638450205,dRisk_Death,-5.227355195130348e-4,-5.213028463311447e-4,-6.33067602655776e-4,-4.2277744540747386e-4
Second_96,70,96,ReRZV_2d,2024,0.12877276638450205,dQ_Life,5.484031259505558e-5,5.473939950121146e-5,4.410131803997907e-5,6.637177400479818e-5
Second_96,70,96,ReRZV_2d,2024,0.12877276638450205,dQ_HZ,0.0026711475269678166,0.0026532020834668093,0.002139426900738975,0.003280517188512981
Second_96,70,96,ReRZV_2d,2024,0.12877276638450205,dQ_HZ_Norm,6.949006272601348e-4,6.902309050813948e-4,5.554692088786955e-4,8.610733153433693e-4
Second_96,70,96,ReRZV_2d,2024,0.12877276638450205,dQ_All,0.0027091137247133106,0.0026918838282029766,0.0021715710477675783,0.0033214525925725153
Second_96,70,96,ReRZV_2d,2024,0.12877276638450205,dQ_HZ_d,0.0026711475269678166,0.0026532020834668093,0.002139426900738975,0.003280517188512981
Second_96,70,96,ReRZV_2d,2024,0.12877276638450205,dQ_HZ_Norm_d,6.949006272601348e-4,6.902309050813948e-4,5.554692088786955e-4,8.610733153433693e-4
Second_96,70,96,ReRZV_2d,2024,0.12877276638450205,dQ_Life_d,5.484031259505558e-5,5.473939950121146e-5,4.410131803997907e-5,6.637177400479818e-5
Second_96,70,96,ReRZV_2d,2024,0.12877276638450205,dQ_All_d,0.002725987839562866,0.002708128687703479,0.0021859900104902567,0.0033395240621442047
Second_96,70,96,ReRZV_2d,2024,0.12877276638450205,dC_Hosp,-8.942027246529971,-8.799314997182293,-12.173626909915697,-6.394355428117405
Second_96,70,96,ReRZV_2d,2024,0.12877276638450205,dC_GP_NonPHN,-1.6159710412757393,-1.6225764282818227,-1.7831758141789464,-1.4013926054632813
Second_96,70,96,ReRZV_2d,2024,0.12877276638450205,dC_GP_PHN,-0.6183867116388224,-0.6090188734423225,-0.8885595370391872,-0.39361060954101185
Second_96,70,96,ReRZV_2d,2024,0.12877276638450205,dC_GP,-2.2343577529145615,-2.232926628288613,-2.5547871779696933,-1.9140794194888546
Second_96,70,96,ReRZV_2d,2024,0.12877276638450205,dC_Med,-11.176384999444533,-11.031144838247398,-14.367498760076346,-8.578046399490958
Second_96,70,96,ReRZV_2d,2024,0.12877276638450205,dC_VacZVL,0,0,0,0
Second_96,70,96,ReRZV_2d,2024,0.12877276638450205,dC_VacRZV,170,170,170,170
Second_96,70,96,ReRZV_2d,2024,0.12877276638450205,dC_Vac,170,170,170,170
Second_96,70,96,ReRZV_2d,2024,0.12877276638450205,dC_All,158.82361500055546,158.9688551617526,155.63250123992364,161.42195360050906
Second_96,70,96,ReRZV_2d,2024,0.12877276638450205,dC_Hosp_d,-8.942027246529971,-8.799314997182293,-12.173626909915697,-6.394355428117405
Second_96,70,96,ReRZV_2d,2024,0.12877276638450205,dC_GP_NonPHN_d,-1.6159710412757393,-1.6225764282818227,-1.7831758141789464,-1.4013926054632813
Second_96,70,96,ReRZV_2d,2024,0.12877276638450205,dC_GP_PHN_d,-0.6183867116388224,-0.6090188734423225,-0.8885595370391872,-0.39361060954101185
Second_96,70,96,ReRZV_2d,2024,0.12877276638450205,dC_GP_d,-2.2343577529145615,-2.232926628288613,-2.5547871779696933,-1.9140794194888546
Second_96,70,96,ReRZV_2d,2024,0.12877276638450205,dC_Med_d,-11.176384999444533,-11.031144838247398,-14.367498760076346,-8.578046399490958
Second_96,70,96,ReRZV_2d,2024,0.12877276638450205,dC_VacZVL_d,0,0,0,0
Second_96,70,96,ReRZV_2d,2024,0.12877276638450205,dC_VacRZV_d,170,170,170,170
Second_96,70,96,ReRZV_2d,2024,0.12877276638450205,dC_Vac_d,170,170,170,170
Second_96,70,96,ReRZV_2d,2024,0.12877276638450205,dC_All_d,158.82361500055546,158.9688551617526,155.63250123992364,161.42195360050906
Second_96,70,96,ReRZV_2d,2024,0.12877276638450205,dN_VacZVL,0,0,0,0
Second_96,70,96,ReRZV_2d,2024,0.12877276638450205,dN_VacRZV,2,2,2,2
Second_96,70,96,ReRZV_2d,2024,0.12877276638450205,dN_VacZVL_d,0,0,0,0
Second_96,70,96,ReRZV_2d,2024,0.12877276638450205,dN_VacRZV_d,2,2,2,2
Second_96,70,96,ReRZV_2d,2024,0.12877276638450205,ICER,58954.45286415451,58655.467978061824,47368.38109730588,72818.9685764014
Second_96,70,96,ReRZV_2d,2024,0.12877276638450205,Price0,85,85,85,85
Second_96,70,96,ReRZV_2d,2024,0.12877276638450205,Thres20,32.84807089535093,32.74484816583633,27.124882395091667,39.301117867310566
Second_96,70,96,ReRZV_2d,2024,0.12877276638450205,Thres30,46.47801009316525,46.26420810603353,37.98210548710297,55.93964948859178
Second_96,70,96,ReRZV_2d,2024,0.12877276638450205,Thres20_50,NA,32.74484816583633,NA,NA
Second_96,70,96,ReRZV_2d,2024,0.12877276638450205,Thres30_90,NA,40.64377303026869,NA,NA
Second_96,70,96,ReRZV_2d,2024,0.12877276638450205,Thres,NA,32.74484816583633,NA,NA
Second_96,75,96,ReRZV_1d,2024,0.1412949792554639,N0,0.1412949792554639,0.1412949792554639,0.1412949792554639,0.1412949792554639
Second_96,75,96,ReRZV_1d,2024,0.1412949792554639,dYear_Life,9.2266708530929e-5,9.22506812174429e-5,7.062005176925979e-5,1.1349460253732577e-4
Second_96,75,96,ReRZV_1d,2024,0.1412949792554639,dYear_Immunised,1.8552194229662262,1.8826836653614856,1.5063758390407198,2.0427501181825782
Second_96,75,96,ReRZV_1d,2024,0.1412949792554639,dRisk_HZ,-0.14703052749033674,-0.14881807168509836,-0.16448361844655499,-0.11880048768446969
Second_96,75,96,ReRZV_1d,2024,0.1412949792554639,dRisk_Hosp,-0.01693554695382053,-0.016779460283664522,-0.02304045528126864,-0.011929246434880546
Second_96,75,96,ReRZV_1d,2024,0.1412949792554639,dRisk_PHN,-0.011467617561503498,-0.011264416497226802,-0.016618332224662066,-0.007205687199019778
Second_96,75,96,ReRZV_1d,2024,0.1412949792554639,dRisk_Death,-4.50406631160644e-4,-4.5045623522146005e-4,-5.54909488705808e-4,-3.4492069578967633e-4
Second_96,75,96,ReRZV_1d,2024,0.1412949792554639,dQ_Life,5.178996064450392e-5,5.1779430722947685e-5,3.965640410435893e-5,6.370784034007878e-5
Second_96,75,96,ReRZV_1d,2024,0.1412949792554639,dQ_HZ,0.0025241440780715495,0.0025187143895546455,0.0019189619556135072,0.003145299514445566
Second_96,75,96,ReRZV_1d,2024,0.1412949792554639,dQ_HZ_Norm,6.566472706131702e-4,6.533300877181486e-4,5.018742312538322e-4,8.275728486017862e-4
Second_96,75,96,ReRZV_1d,2024,0.1412949792554639,dQ_All,0.0025599818998438668,0.002554270719733404,0.00195433322554366,0.003182444148585556
Second_96,75,96,ReRZV_1d,2024,0.1412949792554639,dQ_HZ_d,0.0025241440780715495,0.0025187143895546455,0.0019189619556135072,0.003145299514445566
Second_96,75,96,ReRZV_1d,2024,0.1412949792554639,dQ_HZ_Norm_d,6.566472706131702e-4,6.533300877181486e-4,5.018742312538322e-4,8.275728486017862e-4
Second_96,75,96,ReRZV_1d,2024,0.1412949792554639,dQ_Life_d,5.178996064450392e-5,5.1779430722947685e-5,3.965640410435893e-5,6.370784034007878e-5
Second_96,75,96,ReRZV_1d,2024,0.1412949792554639,dQ_All_d,0.0025759340387160557,0.002570160631697258,0.001967784414420298,0.0032000674407356277
Second_96,75,96,ReRZV_1d,2024,0.1412949792554639,dC_Hosp,-8.451386569341938,-8.31036145348711,-11.709981739761613,-5.840005307312055
Second_96,75,96,ReRZV_1d,2024,0.1412949792554639,dC_GP_NonPHN,-1.5270658221300466,-1.5448897416717395,-1.7346666848453083,-1.2221691717737049
Second_96,75,96,ReRZV_1d,2024,0.1412949792554639,dC_GP_PHN,-0.584432245383517,-0.5739753713395196,-0.8528163998564565,-0.36361899529614455
Second_96,75,96,ReRZV_1d,2024,0.1412949792554639,dC_GP,-2.1114980675135637,-2.118365310288279,-2.4758976910211343,-1.6705148793373723
Second_96,75,96,ReRZV_1d,2024,0.1412949792554639,dC_Med,-10.562884636855502,-10.473673003008164,-13.912613402778058,-7.783331034687759
Second_96,75,96,ReRZV_1d,2024,0.1412949792554639,dC_VacZVL,0,0,0,0
Second_96,75,96,ReRZV_1d,2024,0.1412949792554639,dC_VacRZV,85,85,85,85
Second_96,75,96,ReRZV_1d,2024,0.1412949792554639,dC_Vac,85,85,85,85
Second_96,75,96,ReRZV_1d,2024,0.1412949792554639,dC_All,74.4371153631445,74.52632699699183,71.08738659722195,77.21666896531224
Second_96,75,96,ReRZV_1d,2024,0.1412949792554639,dC_Hosp_d,-8.451386569341938,-8.31036145348711,-11.709981739761613,-5.840005307312055
Second_96,75,96,ReRZV_1d,2024,0.1412949792554639,dC_GP_NonPHN_d,-1.5270658221300466,-1.5448897416717395,-1.7346666848453083,-1.2221691717737049
Second_96,75,96,ReRZV_1d,2024,0.1412949792554639,dC_GP_PHN_d,-0.584432245383517,-0.5739753713395196,-0.8528163998564565,-0.36361899529614455
Second_96,75,96,ReRZV_1d,2024,0.1412949792554639,dC_GP_d,-2.1114980675135637,-2.118365310288279,-2.4758976910211343,-1.6705148793373723
Second_96,75,96,ReRZV_1d,2024,0.1412949792554639,dC_Med_d,-10.562884636855502,-10.473673003008164,-13.912613402778058,-7.783331034687759
Second_96,75,96,ReRZV_1d,2024,0.1412949792554639,dC_VacZVL_d,0,0,0,0
Second_96,75,96,ReRZV_1d,2024,0.1412949792554639,dC_VacRZV_d,85,85,85,85
Second_96,75,96,ReRZV_1d,2024,0.1412949792554639,dC_Vac_d,85,85,85,85
Second_96,75,96,ReRZV_1d,2024,0.1412949792554639,dC_All_d,74.4371153631445,74.52632699699183,71.08738659722195,77.21666896531224
Second_96,75,96,ReRZV_1d,2024,0.1412949792554639,dN_VacZVL,0,0,0,0
Second_96,75,96,ReRZV_1d,2024,0.1412949792554639,dN_VacRZV,1,1,1,1
Second_96,75,96,ReRZV_1d,2024,0.1412949792554639,dN_VacZVL_d,0,0,0,0
Second_96,75,96,ReRZV_1d,2024,0.1412949792554639,dN_VacRZV_d,1,1,1,1
Second_96,75,96,ReRZV_1d,2024,0.1412949792554639,ICER,29378.142016153008,28902.293594050047,22807.543984369044,38709.03583013308
Second_96,75,96,ReRZV_1d,2024,0.1412949792554639,Price0,85,85,85,85
Second_96,75,96,ReRZV_1d,2024,0.1412949792554639,Thres20,62.08156541117661,62.14474575499334,47.92709485539226,75.96246223666195
Second_96,75,96,ReRZV_1d,2024,0.1412949792554639,Thres30,87.84090579833716,87.85926591565489,67.88965799154822,107.82212558846278
Second_96,75,96,ReRZV_1d,2024,0.1412949792554639,Thres20_50,NA,62.14474575499334,NA,NA
Second_96,75,96,ReRZV_1d,2024,0.1412949792554639,Thres30_90,NA,75.13261111759644,NA,NA
Second_96,75,96,ReRZV_1d,2024,0.1412949792554639,Thres,NA,62.14474575499334,NA,NA
Second_96,75,96,ReRZV_2d,2024,0.1412949792554639,N0,0.1412949792554639,0.1412949792554639,0.1412949792554639,0.1412949792554639
Second_96,75,96,ReRZV_2d,2024,0.1412949792554639,dYear_Life,9.591617115741107e-5,9.574006398158927e-5,7.708170270223268e-5,1.1650391461716557e-4
Second_96,75,96,ReRZV_2d,2024,0.1412949792554639,dYear_Immunised,1.9286607206738247,1.9439254994610833,1.6937471456422208,2.0645026320234137
Second_96,75,96,ReRZV_2d,2024,0.1412949792554639,dRisk_HZ,-0.1528503071582446,-0.15366783804745884,-0.16719104151724065,-0.13383571749278683
Second_96,75,96,ReRZV_2d,2024,0.1412949792554639,dRisk_Hosp,-0.017604597966307926,-0.017366015102549866,-0.023529377891181293,-0.012830534355391292
Second_96,75,96,ReRZV_2d,2024,0.1412949792554639,dRisk_PHN,-0.011919778117024557,-0.011732745854448164,-0.01709258837869488,-0.007616763430353352
Second_96,75,96,ReRZV_2d,2024,0.1412949792554639,dRisk_Death,-4.682171140225308e-4,-4.668756233217394e-4,-5.687557797869957e-4,-3.7769308689984953e-4
Second_96,75,96,ReRZV_2d,2024,0.1412949792554639,dQ_Life,5.383858323049482e-5,5.37556003214634e-5,4.322191844739978e-5,6.537481702428822e-5
Second_96,75,96,ReRZV_2d,2024,0.1412949792554639,dQ_HZ,0.0026241725270735937,0.002608517866918384,0.0020938466777560135,0.003234539805109195
Second_96,75,96,ReRZV_2d,2024,0.1412949792554639,dQ_HZ_Norm,6.826881845655544e-4,6.78454385588761e-4,5.437301351692551e-4,8.461581634713438e-4
Second_96,75,96,ReRZV_2d,2024,0.1412949792554639,dQ_All,0.0026614282307068694,0.0026456055876242987,0.002131093904924942,0.0032692037862424492
Second_96,75,96,ReRZV_2d,2024,0.1412949792554639,dQ_HZ_d,0.0026241725270735937,0.002608517866918384,0.0020938466777560135,0.003234539805109195
Second_96,75,96,ReRZV_2d,2024,0.1412949792554639,dQ_HZ_Norm_d,6.826881845655544e-4,6.78454385588761e-4,5.437301351692551e-4,8.461581634713438e-4
Second_96,75,96,ReRZV_2d,2024,0.1412949792554639,dQ_Life_d,5.383858323049482e-5,5.37556003214634e-5,4.322191844739978e-5,6.537481702428822e-5
Second_96,75,96,ReRZV_2d,2024,0.1412949792554639,dQ_All_d,0.0026780111103040876,0.002662479818178286,0.0021464613043759954,0.003287337693416347
Second_96,75,96,ReRZV_2d,2024,0.1412949792554639,dC_Hosp,-8.784922013461273,-8.639678418508414,-12.018737965682224,-6.256549391927199
Second_96,75,96,ReRZV_2d,2024,0.1412949792554639,dC_GP_NonPHN,-1.5875374906327337,-1.5935382029100078,-1.7594527158269777,-1.3651857493406032
Second_96,75,96,ReRZV_2d,2024,0.1412949792554639,dC_GP_PHN,-0.6074868122842598,-0.597356159253075,-0.8746905360765945,-0.38525349644645823
Second_96,75,96,ReRZV_2d,2024,0.1412949792554639,dC_GP,-2.1950243029169934,-2.194890547778062,-2.518414577185014,-1.872773528326523
Second_96,75,96,ReRZV_2d,2024,0.1412949792554639,dC_Med,-10.979946316378268,-10.839579890842625,-14.099151214344563,-8.40641661369952
Second_96,75,96,ReRZV_2d,2024,0.1412949792554639,dC_VacZVL,0,0,0,0
Second_96,75,96,ReRZV_2d,2024,0.1412949792554639,dC_VacRZV,170,170,170,170
Second_96,75,96,ReRZV_2d,2024,0.1412949792554639,dC_Vac,170,170,170,170
Second_96,75,96,ReRZV_2d,2024,0.1412949792554639,dC_All,159.02005368362174,159.16042010915737,155.90084878565543,161.59358338630048
Second_96,75,96,ReRZV_2d,2024,0.1412949792554639,dC_Hosp_d,-8.784922013461273,-8.639678418508414,-12.018737965682224,-6.256549391927199
Second_96,75,96,ReRZV_2d,2024,0.1412949792554639,dC_GP_NonPHN_d,-1.5875374906327337,-1.5935382029100078,-1.7594527158269777,-1.3651857493406032
Second_96,75,96,ReRZV_2d,2024,0.1412949792554639,dC_GP_PHN_d,-0.6074868122842598,-0.597356159253075,-0.8746905360765945,-0.38525349644645823
Second_96,75,96,ReRZV_2d,2024,0.1412949792554639,dC_GP_d,-2.1950243029169934,-2.194890547778062,-2.518414577185014,-1.872773528326523
Second_96,75,96,ReRZV_2d,2024,0.1412949792554639,dC_Med_d,-10.979946316378268,-10.839579890842625,-14.099151214344563,-8.40641661369952
Second_96,75,96,ReRZV_2d,2024,0.1412949792554639,dC_VacZVL_d,0,0,0,0
Second_96,75,96,ReRZV_2d,2024,0.1412949792554639,dC_VacRZV_d,170,170,170,170
Second_96,75,96,ReRZV_2d,2024,0.1412949792554639,dC_Vac_d,170,170,170,170
Second_96,75,96,ReRZV_2d,2024,0.1412949792554639,dC_All_d,159.02005368362174,159.16042010915737,155.90084878565543,161.59358338630048
Second_96,75,96,ReRZV_2d,2024,0.1412949792554639,dN_VacZVL,0,0,0,0
Second_96,75,96,ReRZV_2d,2024,0.1412949792554639,dN_VacRZV,2,2,2,2
Second_96,75,96,ReRZV_2d,2024,0.1412949792554639,dN_VacZVL_d,0,0,0,0
Second_96,75,96,ReRZV_2d,2024,0.1412949792554639,dN_VacRZV_d,2,2,2,2
Second_96,75,96,ReRZV_2d,2024,0.1412949792554639,ICER,60105.239782696044,59730.96042514505,48206.258741643614,74703.79247476895
Second_96,75,96,ReRZV_2d,2024,0.1412949792554639,Price0,85,85,85,85
Second_96,75,96,ReRZV_2d,2024,0.1412949792554639,Thres20,32.27008426123001,32.17575540834615,26.430104777337647,38.574914485900834
Second_96,75,96,ReRZV_2d,2024,0.1412949792554639,Thres30,45.660139812750444,45.52387270823455,37.1606978509725,55.00329610626765
Second_96,75,96,ReRZV_2d,2024,0.1412949792554639,Thres20_50,NA,32.17575540834615,NA,NA
Second_96,75,96,ReRZV_2d,2024,0.1412949792554639,Thres30_90,NA,39.74034732195652,NA,NA
Second_96,75,96,ReRZV_2d,2024,0.1412949792554639,Thres,NA,32.17575540834615,NA,NA
Second_97,70,97,ReRZV_1d,2024,0.0988399060017881,N0,0.0988399060017881,0.0988399060017881,0.0988399060017881,0.0988399060017881
Second_97,70,97,ReRZV_1d,2024,0.0988399060017881,dYear_Life,6.541435980576284e-5,6.541894916558885e-5,5.018199027944178e-5,8.001295705081587e-5
Second_97,70,97,ReRZV_1d,2024,0.0988399060017881,dYear_Immunised,1.628153328262312,1.6524304495668969,1.3232248142635081,1.7812440039291682
Second_97,70,97,ReRZV_1d,2024,0.0988399060017881,dRisk_HZ,-0.18848175992518496,-0.19093895975975045,-0.21061964060744337,-0.1520839043715162
Second_97,70,97,ReRZV_1d,2024,0.0988399060017881,dRisk_Hosp,-0.021729336731172912,-0.021513811093782594,-0.029566397395506146,-0.014969387105971066
Second_97,70,97,ReRZV_1d,2024,0.0988399060017881,dRisk_PHN,-0.014525055484816111,-0.01420298176972189,-0.021630431739724065,-0.008959941107128831
Second_97,70,97,ReRZV_1d,2024,0.0988399060017881,dRisk_Death,-5.819217518602709e-4,-5.817093211877391e-4,-7.127490646662934e-4,-4.4704859201955525e-4
Second_97,70,97,ReRZV_1d,2024,0.0988399060017881,dQ_Life,3.416504672889843e-5,3.417377311403937e-5,2.616922128968977e-5,4.177237123066794e-5
Second_97,70,97,ReRZV_1d,2024,0.0988399060017881,dQ_HZ,0.0021093828098269554,0.0021018212475727247,0.0016154995055961759,0.002641556223796893
Second_97,70,97,ReRZV_1d,2024,0.0988399060017881,dQ_HZ_Norm,5.459486444183255e-4,5.442157200580226e-4,4.174192134720347e-4,6.851756879758328e-4
Second_97,70,97,ReRZV_1d,2024,0.0988399060017881,dQ_All,0.002128152087646303,0.0021212879736056253,0.0016336158404409854,0.0026619787807842152
Second_97,70,97,ReRZV_1d,2024,0.0988399060017881,dQ_HZ_d,0.0021093828098269554,0.0021018212475727247,0.0016154995055961759,0.002641556223796893
Second_97,70,97,ReRZV_1d,2024,0.0988399060017881,dQ_HZ_Norm_d,5.459486444183255e-4,5.442157200580226e-4,4.174192134720347e-4,6.851756879758328e-4
Second_97,70,97,ReRZV_1d,2024,0.0988399060017881,dQ_Life_d,3.416504672889843e-5,3.417377311403937e-5,2.616922128968977e-5,4.177237123066794e-5
Second_97,70,97,ReRZV_1d,2024,0.0988399060017881,dQ_All_d,0.0021435478565558583,0.00213700335820603,0.0016462881081968398,0.0026784673299694384
Second_97,70,97,ReRZV_1d,2024,0.0988399060017881,dC_Hosp,-7.070766517720567,-6.967002551838339,-9.854731146406733,-4.7627042938028445
Second_97,70,97,ReRZV_1d,2024,0.0988399060017881,dC_GP_NonPHN,-1.2674882039804387,-1.281012862753617,-1.4414962534346518,-1.0140260219691046
Second_97,70,97,ReRZV_1d,2024,0.0988399060017881,dC_GP_PHN,-0.47932143464377414,-0.4706624937862547,-0.7217522668438413,-0.2911712230058877
Second_97,70,97,ReRZV_1d,2024,0.0988399060017881,dC_GP,-1.746809638624213,-1.754911066234326,-2.0399038484193515,-1.3856004506094128
Second_97,70,97,ReRZV_1d,2024,0.0988399060017881,dC_Med,-8.81757615634478,-8.717122295324023,-11.612782540801868,-6.385090953404651
Second_97,70,97,ReRZV_1d,2024,0.0988399060017881,dC_VacZVL,0,0,0,0
Second_97,70,97,ReRZV_1d,2024,0.0988399060017881,dC_VacRZV,85,85,84.99999999999999,85.00000000000001
Second_97,70,97,ReRZV_1d,2024,0.0988399060017881,dC_Vac,85,85,84.99999999999999,85.00000000000001
Second_97,70,97,ReRZV_1d,2024,0.0988399060017881,dC_All,76.18242384365522,76.28287770467598,73.38721745919813,78.61490904659536
Second_97,70,97,ReRZV_1d,2024,0.0988399060017881,dC_Hosp_d,-7.070766517720567,-6.967002551838339,-9.854731146406733,-4.7627042938028445
Second_97,70,97,ReRZV_1d,2024,0.0988399060017881,dC_GP_NonPHN_d,-1.2674882039804387,-1.281012862753617,-1.4414962534346518,-1.0140260219691046
Second_97,70,97,ReRZV_1d,2024,0.0988399060017881,dC_GP_PHN_d,-0.47932143464377414,-0.4706624937862547,-0.7217522668438413,-0.2911712230058877
Second_97,70,97,ReRZV_1d,2024,0.0988399060017881,dC_GP_d,-1.746809638624213,-1.754911066234326,-2.0399038484193515,-1.3856004506094128
Second_97,70,97,ReRZV_1d,2024,0.0988399060017881,dC_Med_d,-8.81757615634478,-8.717122295324023,-11.612782540801868,-6.385090953404651
Second_97,70,97,ReRZV_1d,2024,0.0988399060017881,dC_VacZVL_d,0,0,0,0
Second_97,70,97,ReRZV_1d,2024,0.0988399060017881,dC_VacRZV_d,85,85,84.99999999999999,85.00000000000001
Second_97,70,97,ReRZV_1d,2024,0.0988399060017881,dC_Vac_d,85,85,84.99999999999999,85.00000000000001
Second_97,70,97,ReRZV_1d,2024,0.0988399060017881,dC_All_d,76.18242384365522,76.28287770467598,73.38721745919813,78.61490904659536
Second_97,70,97,ReRZV_1d,2024,0.0988399060017881,dN_VacZVL,0,0,0,0
Second_97,70,97,ReRZV_1d,2024,0.0988399060017881,dN_VacRZV,1,1,1,1
Second_97,70,97,ReRZV_1d,2024,0.0988399060017881,dN_VacZVL_d,0,0,0,0
Second_97,70,97,ReRZV_1d,2024,0.0988399060017881,dN_VacRZV_d,1,1,1,1
Second_97,70,97,ReRZV_1d,2024,0.0988399060017881,ICER,36121.71557677173,35601.04923634049,28140.190053308295,47100.75817853052
Second_97,70,97,ReRZV_1d,2024,0.0988399060017881,Price0,85,85,84.99999999999999,85.00000000000001
Second_97,70,97,ReRZV_1d,2024,0.0988399060017881,Thres20,51.68853328746195,51.68158294357714,40.256593977476854,63.400966410786296
Second_97,70,97,ReRZV_1d,2024,0.0988399060017881,Thres30,73.12401185302053,73.03110507656204,56.92023492730475,89.93412158558786
Second_97,70,97,ReRZV_1d,2024,0.0988399060017881,Thres20_50,NA,51.68158294357714,NA,NA
Second_97,70,97,ReRZV_1d,2024,0.0988399060017881,Thres30_90,NA,62.43033875049351,NA,NA
Second_97,70,97,ReRZV_1d,2024,0.0988399060017881,Thres,NA,51.68158294357714,NA,NA
Second_97,70,97,ReRZV_2d,2024,0.0988399060017881,N0,0.0988399060017881,0.0988399060017881,0.0988399060017881,0.0988399060017881
Second_97,70,97,ReRZV_2d,2024,0.0988399060017881,dYear_Life,6.794477392885062e-5,6.786214251227047e-5,5.459468609482326e-5,8.223603122101764e-5
Second_97,70,97,ReRZV_2d,2024,0.0988399060017881,dYear_Immunised,1.6912498699154592,1.706989593773224,1.4947389378199554,1.7926841178922623
Second_97,70,97,ReRZV_2d,2024,0.0988399060017881,dRisk_HZ,-0.1957864827560128,-0.19698908119807282,-0.21337217743203796,-0.17225767155155206
Second_97,70,97,ReRZV_2d,2024,0.0988399060017881,dRisk_Hosp,-0.02257333346642497,-0.02236699390627194,-0.03057818784180035,-0.016019565816569308
Second_97,70,97,ReRZV_2d,2024,0.0988399060017881,dRisk_PHN,-0.015085324178872287,-0.014821421181129397,-0.022070995042535724,-0.009388637110868582
Second_97,70,97,ReRZV_2d,2024,0.0988399060017881,dRisk_Death,-6.044485111687345e-4,-6.030378946259192e-4,-7.307469412257929e-4,-4.879235045489391e-4
Second_97,70,97,ReRZV_2d,2024,0.0988399060017881,dQ_Life,3.548645335496299e-5,3.5446963543515625e-5,2.850700879815928e-5,4.297531924425356e-5
Second_97,70,97,ReRZV_2d,2024,0.0988399060017881,dQ_HZ,0.0021911902295683222,0.00217720315012566,0.0017493029702113244,0.0027124256714058125
Second_97,70,97,ReRZV_2d,2024,0.0988399060017881,dQ_HZ_Norm,5.671388928942628e-4,5.649191410382641e-4,4.5105091987020685e-4,6.990640044106197e-4
Second_97,70,97,ReRZV_2d,2024,0.0988399060017881,dQ_All,0.0022106852017385386,0.0021975915755210705,0.0017672193965464996,0.0027307080184266093
Second_97,70,97,ReRZV_2d,2024,0.0988399060017881,dQ_HZ_d,0.0021911902295683222,0.00217720315012566,0.0017493029702113244,0.0027124256714058125
Second_97,70,97,ReRZV_2d,2024,0.0988399060017881,dQ_HZ_Norm_d,5.671388928942628e-4,5.649191410382641e-4,4.5105091987020685e-4,6.990640044106197e-4
Second_97,70,97,ReRZV_2d,2024,0.0988399060017881,dQ_Life_d,3.548645335496299e-5,3.5446963543515625e-5,2.850700879815928e-5,4.297531924425356e-5
Second_97,70,97,ReRZV_2d,2024,0.0988399060017881,dQ_All_d,0.0022266766829232877,0.002213691079212118,0.001782020346281741,0.0027453671967602603
Second_97,70,97,ReRZV_2d,2024,0.0988399060017881,dC_Hosp,-7.344994262724431,-7.250372782663073,-10.141349280706342,-5.0911573381082365
Second_97,70,97,ReRZV_2d,2024,0.0988399060017881,dC_GP_NonPHN,-1.3165837158990072,-1.320829845107359,-1.4615001495614475,-1.1353380535904867
Second_97,70,97,ReRZV_2d,2024,0.0988399060017881,dC_GP_PHN,-0.49780100939974015,-0.489829499621959,-0.7385125896223932,-0.30827227631453175
Second_97,70,97,ReRZV_2d,2024,0.0988399060017881,dC_GP,-1.8143847252987473,-1.8151832416750664,-2.074773679710306,-1.5345734111813423
Second_97,70,97,ReRZV_2d,2024,0.0988399060017881,dC_Med,-9.159378988023178,-9.05975131276772,-11.92012566061879,-6.864100401898801
Second_97,70,97,ReRZV_2d,2024,0.0988399060017881,dC_VacZVL,0,0,0,0
Second_97,70,97,ReRZV_2d,2024,0.0988399060017881,dC_VacRZV,170,170,169.99999999999997,170.00000000000003
Second_97,70,97,ReRZV_2d,2024,0.0988399060017881,dC_Vac,170,170,169.99999999999997,170.00000000000003
Second_97,70,97,ReRZV_2d,2024,0.0988399060017881,dC_All,160.84062101197682,160.94024868723227,158.0798743393812,163.13589959810122
Second_97,70,97,ReRZV_2d,2024,0.0988399060017881,dC_Hosp_d,-7.344994262724431,-7.250372782663073,-10.141349280706342,-5.0911573381082365
Second_97,70,97,ReRZV_2d,2024,0.0988399060017881,dC_GP_NonPHN_d,-1.3165837158990072,-1.320829845107359,-1.4615001495614475,-1.1353380535904867
Second_97,70,97,ReRZV_2d,2024,0.0988399060017881,dC_GP_PHN_d,-0.49780100939974015,-0.489829499621959,-0.7385125896223932,-0.30827227631453175
Second_97,70,97,ReRZV_2d,2024,0.0988399060017881,dC_GP_d,-1.8143847252987473,-1.8151832416750664,-2.074773679710306,-1.5345734111813423
Second_97,70,97,ReRZV_2d,2024,0.0988399060017881,dC_Med_d,-9.159378988023178,-9.05975131276772,-11.92012566061879,-6.864100401898801
Second_97,70,97,ReRZV_2d,2024,0.0988399060017881,dC_VacZVL_d,0,0,0,0
Second_97,70,97,ReRZV_2d,2024,0.0988399060017881,dC_VacRZV_d,170,170,169.99999999999997,170.00000000000003
Second_97,70,97,ReRZV_2d,2024,0.0988399060017881,dC_Vac_d,170,170,169.99999999999997,170.00000000000003
Second_97,70,97,ReRZV_2d,2024,0.0988399060017881,dC_All_d,160.84062101197682,160.94024868723227,158.0798743393812,163.13589959810122
Second_97,70,97,ReRZV_2d,2024,0.0988399060017881,dN_VacZVL,0,0,0,0
Second_97,70,97,ReRZV_2d,2024,0.0988399060017881,dN_VacRZV,2,2,2,2
Second_97,70,97,ReRZV_2d,2024,0.0988399060017881,dN_VacZVL_d,0,0,0,0
Second_97,70,97,ReRZV_2d,2024,0.0988399060017881,dN_VacRZV_d,2,2,2,2
Second_97,70,97,ReRZV_2d,2024,0.0988399060017881,ICER,73121.24609486174,72712.2159275864,58502.758146643166,90352.23699347579
Second_97,70,97,ReRZV_2d,2024,0.0988399060017881,Price0,85,85,84.99999999999999,85.00000000000001
Second_97,70,97,ReRZV_2d,2024,0.0988399060017881,Thres20,26.846456323244468,26.719953998475383,22.0570649207938,32.22529511626664
Second_97,70,97,ReRZV_2d,2024,0.0988399060017881,Thres30,37.97983973786091,37.786936846416666,31.017260299719798,45.919212701452594
Second_97,70,97,ReRZV_2d,2024,0.0988399060017881,Thres20_50,NA,26.719953998475383,NA,NA
Second_97,70,97,ReRZV_2d,2024,0.0988399060017881,Thres30_90,NA,33.18889872787661,NA,NA
Second_97,70,97,ReRZV_2d,2024,0.0988399060017881,Thres,NA,26.719953998475383,NA,NA
Second_97,75,97,ReRZV_1d,2024,0.1084514413609801,N0,0.1084514413609801,0.1084514413609801,0.1084514413609801,0.1084514413609801
Second_97,75,97,ReRZV_1d,2024,0.1084514413609801,dYear_Life,6.430846523988996e-5,6.427157927627665e-5,4.923472229601913e-5,7.900735612425953e-5
Second_97,75,97,ReRZV_1d,2024,0.1084514413609801,dYear_Immunised,1.6019245335762662,1.6261180222856346,1.300252550951976,1.7620607485957913
Second_97,75,97,ReRZV_1d,2024,0.1084514413609801,dRisk_HZ,-0.16900597418304605,-0.17130864391973452,-0.18962676978893692,-0.13614430874621872
Second_97,75,97,ReRZV_1d,2024,0.1084514413609801,dRisk_Hosp,-0.019484078356336417,-0.019295237771380445,-0.02661018462673286,-0.013416795014524216
Second_97,75,97,ReRZV_1d,2024,0.1084514413609801,dRisk_PHN,-0.013023787999682374,-0.01274714292842187,-0.019304460900066763,-0.007958914322291994
Second_97,75,97,ReRZV_1d,2024,0.1084514413609801,dRisk_Death,-5.218021893839296e-4,-5.215455006809382e-4,-6.411523911310816e-4,-3.992308558425416e-4
Second_97,75,97,ReRZV_1d,2024,0.1084514413609801,dQ_Life,3.358130692444384e-5,3.3557784213563686e-5,2.570278669346502e-5,4.1262247621460506e-5
Second_97,75,97,ReRZV_1d,2024,0.1084514413609801,dQ_HZ,0.002074437049275939,0.002070346741697704,0.0015831096131668475,0.0025969772233530547
Second_97,75,97,ReRZV_1d,2024,0.1084514413609801,dQ_HZ_Norm,5.369137067449006e-4,5.347815540933887e-4,4.081506987521043e-4,6.766310906545005e-4
Second_97,75,97,ReRZV_1d,2024,0.1084514413609801,dQ_All,0.0020928774685362475,0.0020887565901467004,0.001599385977017969,0.0026163863220384272
Second_97,75,97,ReRZV_1d,2024,0.1084514413609801,dQ_HZ_d,0.002074437049275939,0.002070346741697704,0.0015831096131668475,0.0025969772233530547
Second_97,75,97,ReRZV_1d,2024,0.1084514413609801,dQ_HZ_Norm_d,5.369137067449006e-4,5.347815540933887e-4,4.081506987521043e-4,6.766310906545005e-4
Second_97,75,97,ReRZV_1d,2024,0.1084514413609801,dQ_Life_d,3.358130692444384e-5,3.3557784213563686e-5,2.570278669346502e-5,4.1262247621460506e-5
Second_97,75,97,ReRZV_1d,2024,0.1084514413609801,dQ_All_d,0.0021080183562003905,0.002103641679086654,0.0016098562972266543,0.002633451722452557
Second_97,75,97,ReRZV_1d,2024,0.1084514413609801,dC_Hosp,-6.9536636622163295,-6.8547776436266155,-9.749191522530648,-4.6675866007146265
Second_97,75,97,ReRZV_1d,2024,0.1084514413609801,dC_GP_NonPHN,-1.2464926442172028,-1.2590546106511171,-1.4225074006322642,-0.9927551061986389
Second_97,75,97,ReRZV_1d,2024,0.1084514413609801,dC_GP_PHN,-0.4713746335715299,-0.46349601844010885,-0.7110759567232994,-0.2847892601714642
Second_97,75,97,ReRZV_1d,2024,0.1084514413609801,dC_GP,-1.7178672777887327,-1.7276508284569125,-2.016347208482482,-1.3559908833078202
Second_97,75,97,ReRZV_1d,2024,0.1084514413609801,dC_Med,-8.671530940005061,-8.577709006761516,-11.472613415478225,-6.26639843184423
Second_97,75,97,ReRZV_1d,2024,0.1084514413609801,dC_VacZVL,0,0,0,0
Second_97,75,97,ReRZV_1d,2024,0.1084514413609801,dC_VacRZV,85,85,84.99999999999999,85.00000000000001
Second_97,75,97,ReRZV_1d,2024,0.1084514413609801,dC_Vac,85,85,84.99999999999999,85.00000000000001
Second_97,75,97,ReRZV_1d,2024,0.1084514413609801,dC_All,76.32846905999494,76.42229099323848,73.52738658452178,78.73360156815575
Second_97,75,97,ReRZV_1d,2024,0.1084514413609801,dC_Hosp_d,-6.9536636622163295,-6.8547776436266155,-9.749191522530648,-4.6675866007146265
Second_97,75,97,ReRZV_1d,2024,0.1084514413609801,dC_GP_NonPHN_d,-1.2464926442172028,-1.2590546106511171,-1.4225074006322642,-0.9927551061986389
Second_97,75,97,ReRZV_1d,2024,0.1084514413609801,dC_GP_PHN_d,-0.4713746335715299,-0.46349601844010885,-0.7110759567232994,-0.2847892601714642
Second_97,75,97,ReRZV_1d,2024,0.1084514413609801,dC_GP_d,-1.7178672777887327,-1.7276508284569125,-2.016347208482482,-1.3559908833078202
Second_97,75,97,ReRZV_1d,2024,0.1084514413609801,dC_Med_d,-8.671530940005061,-8.577709006761516,-11.472613415478225,-6.26639843184423
Second_97,75,97,ReRZV_1d,2024,0.1084514413609801,dC_VacZVL_d,0,0,0,0
Second_97,75,97,ReRZV_1d,2024,0.1084514413609801,dC_VacRZV_d,85,85,84.99999999999999,85.00000000000001
Second_97,75,97,ReRZV_1d,2024,0.1084514413609801,dC_Vac_d,85,85,84.99999999999999,85.00000000000001
Second_97,75,97,ReRZV_1d,2024,0.1084514413609801,dC_All_d,76.32846905999494,76.42229099323848,73.52738658452178,78.73360156815575
Second_97,75,97,ReRZV_1d,2024,0.1084514413609801,dN_VacZVL,0,0,0,0
Second_97,75,97,ReRZV_1d,2024,0.1084514413609801,dN_VacRZV,1,1,1,1
Second_97,75,97,ReRZV_1d,2024,0.1084514413609801,dN_VacZVL_d,0,0,0,0
Second_97,75,97,ReRZV_1d,2024,0.1084514413609801,dN_VacRZV_d,1,1,1,1
Second_97,75,97,ReRZV_1d,2024,0.1084514413609801,ICER,36819.494315677875,36269.129494328154,28633.521540634716,48277.07230101851
Second_97,75,97,ReRZV_1d,2024,0.1084514413609801,Price0,85,85,84.99999999999999,85.00000000000001
Second_97,75,97,ReRZV_1d,2024,0.1084514413609801,Thres20,50.831898064012876,50.77571308643945,39.34447604661741,62.42363178168985
Second_97,75,97,ReRZV_1d,2024,0.1084514413609801,Thres30,71.91208162601679,71.79471085657457,55.473462610345905,88.59815791779737
Second_97,75,97,ReRZV_1d,2024,0.1084514413609801,Thres20_50,NA,50.77571308643945,NA,NA
Second_97,75,97,ReRZV_1d,2024,0.1084514413609801,Thres30_90,NA,61.19576943815231,NA,NA
Second_97,75,97,ReRZV_1d,2024,0.1084514413609801,Thres,NA,50.77571308643945,NA,NA
Second_97,75,97,ReRZV_2d,2024,0.1084514413609801,N0,0.1084514413609801,0.1084514413609801,0.1084514413609801,0.1084514413609801
Second_97,75,97,ReRZV_2d,2024,0.1084514413609801,dYear_Life,6.683888097493787e-5,6.67401594803722e-5,5.3626265337738195e-5,8.106230138328023e-5
Second_97,75,97,ReRZV_2d,2024,0.1084514413609801,dYear_Immunised,1.6650211151034655,1.6794523754002428,1.468722141674825,1.7769036166911825
Second_97,75,97,ReRZV_2d,2024,0.1084514413609801,dRisk_HZ,-0.1756633142933664,-0.17667461154821446,-0.19213873977474988,-0.153675435306113
Second_97,75,97,ReRZV_2d,2024,0.1084514413609801,dRisk_Hosp,-0.02025327570234571,-0.02011578402213348,-0.02742857942232155,-0.014363936999615783
Second_97,75,97,ReRZV_2d,2024,0.1084514413609801,dRisk_PHN,-0.013534402755360478,-0.01330736701228009,-0.01978673441941275,-0.008434985868147027
Second_97,75,97,ReRZV_2d,2024,0.1084514413609801,dRisk_Death,-5.42332507350214e-4,-5.412469028964193e-4,-6.571760678611843e-4,-4.3735599595351026e-4
Second_97,75,97,ReRZV_2d,2024,0.1084514413609801,dQ_Life,3.490271439229364e-5,3.485360291955576e-5,2.797954173834678e-5,4.241103437974529e-5
Second_97,75,97,ReRZV_2d,2024,0.1084514413609801,dQ_HZ,0.0021562445207232235,0.002143715431913145,0.0017091511517152832,0.0026713094776893175
Second_97,75,97,ReRZV_2d,2024,0.1084514413609801,dQ_HZ_Norm,5.581039686061549e-4,5.558460905366928e-4,4.4300171948916675e-4,6.897038670867609e-4
Second_97,75,97,ReRZV_2d,2024,0.1084514413609801,dQ_All,0.0021754106347966927,0.0021635352079209832,0.0017278764344982349,0.0026890653584441785
Second_97,75,97,ReRZV_2d,2024,0.1084514413609801,dQ_HZ_d,0.0021562445207232235,0.002143715431913145,0.0017091511517152832,0.0026713094776893175
Second_97,75,97,ReRZV_2d,2024,0.1084514413609801,dQ_HZ_Norm_d,5.581039686061549e-4,5.558460905366928e-4,4.4300171948916675e-4,6.897038670867609e-4
Second_97,75,97,ReRZV_2d,2024,0.1084514413609801,dQ_Life_d,3.490271439229364e-5,3.485360291955576e-5,2.797954173834678e-5,4.241103437974529e-5
Second_97,75,97,ReRZV_2d,2024,0.1084514413609801,dQ_All_d,0.002191147235115522,0.0021794758556177634,0.0017439166578601614,0.002705009420431411
Second_97,75,97,ReRZV_2d,2024,0.1084514413609801,dC_Hosp,-7.227891580507996,-7.133853425768518,-10.006893286190259,-4.994530371309518
Second_97,75,97,ReRZV_2d,2024,0.1084514413609801,dC_GP_NonPHN,-1.2955881871587067,-1.2997387011951878,-1.4443885653607753,-1.1101927051753389
Second_97,75,97,ReRZV_2d,2024,0.1084514413609801,dC_GP_PHN,-0.4898542200223223,-0.48267928866500664,-0.7275142928692537,-0.30280556066076697
Second_97,75,97,ReRZV_2d,2024,0.1084514413609801,dC_GP,-1.7854424071810289,-1.7842250633664718,-2.0550776881917447,-1.5098576978929752
Second_97,75,97,ReRZV_2d,2024,0.1084514413609801,dC_Med,-9.013333987689025,-8.913222865713813,-11.781026446123928,-6.719846085577031
Second_97,75,97,ReRZV_2d,2024,0.1084514413609801,dC_VacZVL,0,0,0,0
Second_97,75,97,ReRZV_2d,2024,0.1084514413609801,dC_VacRZV,170,170,169.99999999999997,170.00000000000003
Second_97,75,97,ReRZV_2d,2024,0.1084514413609801,dC_Vac,170,170,169.99999999999997,170.00000000000003
Second_97,75,97,ReRZV_2d,2024,0.1084514413609801,dC_All,160.98666601231096,161.0867771342862,158.21897355387608,163.28015391442295
Second_97,75,97,ReRZV_2d,2024,0.1084514413609801,dC_Hosp_d,-7.227891580507996,-7.133853425768518,-10.006893286190259,-4.994530371309518
Second_97,75,97,ReRZV_2d,2024,0.1084514413609801,dC_GP_NonPHN_d,-1.2955881871587067,-1.2997387011951878,-1.4443885653607753,-1.1101927051753389
Second_97,75,97,ReRZV_2d,2024,0.1084514413609801,dC_GP_PHN_d,-0.4898542200223223,-0.48267928866500664,-0.7275142928692537,-0.30280556066076697
Second_97,75,97,ReRZV_2d,2024,0.1084514413609801,dC_GP_d,-1.7854424071810289,-1.7842250633664718,-2.0550776881917447,-1.5098576978929752
Second_97,75,97,ReRZV_2d,2024,0.1084514413609801,dC_Med_d,-9.013333987689025,-8.913222865713813,-11.781026446123928,-6.719846085577031
Second_97,75,97,ReRZV_2d,2024,0.1084514413609801,dC_VacZVL_d,0,0,0,0
Second_97,75,97,ReRZV_2d,2024,0.1084514413609801,dC_VacRZV_d,170,170,169.99999999999997,170.00000000000003
Second_97,75,97,ReRZV_2d,2024,0.1084514413609801,dC_Vac_d,170,170,169.99999999999997,170.00000000000003
Second_97,75,97,ReRZV_2d,2024,0.1084514413609801,dC_All_d,160.98666601231096,161.0867771342862,158.21897355387608,163.28015391442295
Second_97,75,97,ReRZV_2d,2024,0.1084514413609801,dN_VacZVL,0,0,0,0
Second_97,75,97,ReRZV_2d,2024,0.1084514413609801,dN_VacRZV,2,2,2,2
Second_97,75,97,ReRZV_2d,2024,0.1084514413609801,dN_VacZVL_d,0,0,0,0
Second_97,75,97,ReRZV_2d,2024,0.1084514413609801,dN_VacRZV_d,2,2,2,2
Second_97,75,97,ReRZV_2d,2024,0.1084514413609801,ICER,74396.79071458805,73980.7232465136,59445.728072862956,92589.71488742447
Second_97,75,97,ReRZV_2d,2024,0.1084514413609801,Price0,85,85,84.99999999999999,85.00000000000001
Second_97,75,97,ReRZV_2d,2024,0.1084514413609801,Thres20,26.418139344999734,26.278809081654337,21.60285898304648,31.71567643206433
Second_97,75,97,ReRZV_2d,2024,0.1084514413609801,Thres30,37.37387552057734,37.13458056947613,30.41507948450708,45.224059967602564
Second_97,75,97,ReRZV_2d,2024,0.1084514413609801,Thres20_50,NA,26.278809081654337,NA,NA
Second_97,75,97,ReRZV_2d,2024,0.1084514413609801,Thres30_90,NA,32.60591035318164,NA,NA
Second_97,75,97,ReRZV_2d,2024,0.1084514413609801,Thres,NA,26.278809081654337,NA,NA
Second_98,70,98,ReRZV_1d,2024,0.07366865818145592,N0,0.07366865818145592,0.07366865818145592,0.07366865818145592,0.07366865818145592
Second_98,70,98,ReRZV_1d,2024,0.07366865818145592,dYear_Life,3.9029316486726266e-5,3.9043035658338124e-5,2.9848731409060026e-5,4.775067716651462e-5
Second_98,70,98,ReRZV_1d,2024,0.07366865818145592,dYear_Immunised,1.3425287849609042,1.3626891116742295,1.0916096180828334,1.4665571899043996
Second_98,70,98,ReRZV_1d,2024,0.07366865818145592,dRisk_HZ,-0.21367773601364767,-0.21637303546674802,-0.23967877507823115,-0.172737146485318
Second_98,70,98,ReRZV_1d,2024,0.07366865818145592,dRisk_Hosp,-0.024690617451885784,-0.02428544961631501,-0.03511811068220699,-0.016222489884213508
Second_98,70,98,ReRZV_1d,2024,0.07366865818145592,dRisk_PHN,-0.016310473900705735,-0.015903925868663776,-0.024717982622088273,-0.009633646242230348
Second_98,70,98,ReRZV_1d,2024,0.07366865818145592,dRisk_Death,-6.651778923221156e-4,-6.649468885450902e-4,-8.125289248220287e-4,-5.113377374220391e-4
Second_98,70,98,ReRZV_1d,2024,0.07366865818145592,dQ_Life,1.77770476194839e-5,1.7781932838012555e-5,1.3593918088629746e-5,2.176614899712735e-5
Second_98,70,98,ReRZV_1d,2024,0.07366865818145592,dQ_HZ,0.0015720774056106827,0.0015670132229569018,0.0011927625399074594,0.001982791662239775
Second_98,70,98,ReRZV_1d,2024,0.07366865818145592,dQ_HZ_Norm,4.050219173440027e-4,4.041921267755543e-4,3.0766256175276393e-4,5.076278717278354e-4
Second_98,70,98,ReRZV_1d,2024,0.07366865818145592,dQ_All,0.0015774162234648663,0.0015726141397824362,0.001197569075603471,0.0019883497325376125
Second_98,70,98,ReRZV_1d,2024,0.07366865818145592,dQ_HZ_d,0.0015720774056106827,0.0015670132229569018,0.0011927625399074594,0.001982791662239775
Second_98,70,98,ReRZV_1d,2024,0.07366865818145592,dQ_HZ_Norm_d,4.050219173440027e-4,4.041921267755543e-4,3.0766256175276393e-4,5.076278717278354e-4
Second_98,70,98,ReRZV_1d,2024,0.07366865818145592,dQ_Life_d,1.77770476194839e-5,1.7781932838012555e-5,1.3593918088629746e-5,2.176614899712735e-5
Second_98,70,98,ReRZV_1d,2024,0.07366865818145592,dQ_All_d,0.0015898544532301686,0.0015854482182497357,0.0012093847671754223,0.002001313729017831
Second_98,70,98,ReRZV_1d,2024,0.07366865818145592,dC_Hosp,-5.287174187225792,-5.193369412908737,-7.876264306542523,-3.290012871810196
Second_98,70,98,ReRZV_1d,2024,0.07366865818145592,dC_GP_NonPHN,-0.9379823364191208,-0.9473871054850498,-1.0776753187027854,-0.7434660811232567
Second_98,70,98,ReRZV_1d,2024,0.07366865818145592,dC_GP_PHN,-0.35177923630776653,-0.34496757293378055,-0.5434535123657322,-0.20682555194323066
Second_98,70,98,ReRZV_1d,2024,0.07366865818145592,dC_GP,-1.2897615727268872,-1.296244777412582,-1.5300551912361875,-1.0240452478278925
Second_98,70,98,ReRZV_1d,2024,0.07366865818145592,dC_Med,-6.576935759952678,-6.499331055114421,-9.111653312878921,-4.463641371028916
Second_98,70,98,ReRZV_1d,2024,0.07366865818145592,dC_VacZVL,0,0,0,0
Second_98,70,98,ReRZV_1d,2024,0.07366865818145592,dC_VacRZV,85,85,85,85
Second_98,70,98,ReRZV_1d,2024,0.07366865818145592,dC_Vac,85,85,85,85
Second_98,70,98,ReRZV_1d,2024,0.07366865818145592,dC_All,78.42306424004732,78.50066894488558,75.88834668712109,80.5363586289711
Second_98,70,98,ReRZV_1d,2024,0.07366865818145592,dC_Hosp_d,-5.287174187225792,-5.193369412908737,-7.876264306542523,-3.290012871810196
Second_98,70,98,ReRZV_1d,2024,0.07366865818145592,dC_GP_NonPHN_d,-0.9379823364191208,-0.9473871054850498,-1.0776753187027854,-0.7434660811232567
Second_98,70,98,ReRZV_1d,2024,0.07366865818145592,dC_GP_PHN_d,-0.35177923630776653,-0.34496757293378055,-0.5434535123657322,-0.20682555194323066
Second_98,70,98,ReRZV_1d,2024,0.07366865818145592,dC_GP_d,-1.2897615727268872,-1.296244777412582,-1.5300551912361875,-1.0240452478278925
Second_98,70,98,ReRZV_1d,2024,0.07366865818145592,dC_Med_d,-6.576935759952678,-6.499331055114421,-9.111653312878921,-4.463641371028916
Second_98,70,98,ReRZV_1d,2024,0.07366865818145592,dC_VacZVL_d,0,0,0,0
Second_98,70,98,ReRZV_1d,2024,0.07366865818145592,dC_VacRZV_d,85,85,85,85
Second_98,70,98,ReRZV_1d,2024,0.07366865818145592,dC_Vac_d,85,85,85,85
Second_98,70,98,ReRZV_1d,2024,0.07366865818145592,dC_All_d,78.42306424004732,78.50066894488558,75.88834668712109,80.5363586289711
Second_98,70,98,ReRZV_1d,2024,0.07366865818145592,dN_VacZVL,0,0,0,0
Second_98,70,98,ReRZV_1d,2024,0.07366865818145592,dN_VacRZV,1,1,1,1
Second_98,70,98,ReRZV_1d,2024,0.07366865818145592,dN_VacZVL_d,0,0,0,0
Second_98,70,98,ReRZV_1d,2024,0.07366865818145592,dN_VacRZV_d,1,1,1,1
Second_98,70,98,ReRZV_1d,2024,0.07366865818145592,ICER,50169.13949941449,49432.49188936295,38717.00761087227,65248.21736622717
Second_98,70,98,ReRZV_1d,2024,0.07366865818145592,Price0,85,85,85,85
Second_98,70,98,ReRZV_1d,2024,0.07366865818145592,Thres20,38.37402482455605,38.32463753510547,29.61416061794874,47.49516899581379
Second_98,70,98,ReRZV_1d,2024,0.07366865818145592,Thres30,54.27256935685774,54.12849890042603,41.72699054495488,67.37306112258749
Second_98,70,98,ReRZV_1d,2024,0.07366865818145592,Thres20_50,NA,38.32463753510547,NA,NA
Second_98,70,98,ReRZV_1d,2024,0.07366865818145592,Thres30_90,NA,45.96077881613598,NA,NA
Second_98,70,98,ReRZV_1d,2024,0.07366865818145592,Thres,NA,38.32463753510547,NA,NA
Second_98,70,98,ReRZV_2d,2024,0.07366865818145592,N0,0.07366865818145592,0.07366865818145592,0.07366865818145592,0.07366865818145592
Second_98,70,98,ReRZV_2d,2024,0.07366865818145592,dYear_Life,4.053441791402082e-5,4.0483194574172175e-5,3.260060972107229e-5,4.90361074261077e-5
Second_98,70,98,ReRZV_2d,2024,0.07366865818145592,dYear_Immunised,1.3943967539443307,1.4069053976121957,1.2328476070406138,1.475132515434403
Second_98,70,98,ReRZV_2d,2024,0.07366865818145592,dRisk_HZ,-0.2219327857553598,-0.22320531206761657,-0.24240063719072732,-0.19406606483353048
Second_98,70,98,ReRZV_2d,2024,0.07366865818145592,dRisk_Hosp,-0.025646231595785763,-0.025216096359187385,-0.03612101508161148,-0.017260344147754188
Second_98,70,98,ReRZV_2d,2024,0.07366865818145592,dRisk_PHN,-0.016937136765039024,-0.016584884703088484,-0.025695693646064752,-0.010185238184236719
Second_98,70,98,ReRZV_2d,2024,0.07366865818145592,dRisk_Death,-6.908485825553052e-4,-6.894118110219098e-4,-8.363546705416052e-4,-5.564739280073776e-4
Second_98,70,98,ReRZV_2d,2024,0.07366865818145592,dQ_Life,1.846249625022592e-5,1.8439516415041064e-5,1.4846843284299803e-5,2.232988012765037e-5
Second_98,70,98,ReRZV_2d,2024,0.07366865818145592,dQ_HZ,0.0016328419131958784,0.0016185412333606366,0.0012902064427050143,0.002028249146178014
Second_98,70,98,ReRZV_2d,2024,0.07366865818145592,dQ_HZ_Norm,4.206900974748709e-4,4.191287642740266e-4,3.3134849145337943e-4,5.1840862652354e-4
Second_98,70,98,ReRZV_2d,2024,0.07366865818145592,dQ_All,0.001638386519797984,0.0016244461302666198,0.0012946644700780599,0.00203411625094464
Second_98,70,98,ReRZV_2d,2024,0.07366865818145592,dQ_HZ_d,0.0016328419131958784,0.0016185412333606366,0.0012902064427050143,0.002028249146178014
Second_98,70,98,ReRZV_2d,2024,0.07366865818145592,dQ_HZ_Norm_d,4.206900974748709e-4,4.191287642740266e-4,3.3134849145337943e-4,5.1840862652354e-4
Second_98,70,98,ReRZV_2d,2024,0.07366865818145592,dQ_Life_d,1.846249625022592e-5,1.8439516415041064e-5,1.4846843284299803e-5,2.232988012765037e-5
Second_98,70,98,ReRZV_2d,2024,0.07366865818145592,dQ_All_d,0.0016513044094461067,0.0016380037533803285,0.0013050200019860164,0.002046435108514944
Second_98,70,98,ReRZV_2d,2024,0.07366865818145592,dC_Hosp,-5.491392194140397,-5.393070673897955,-8.023029547713792,-3.490589208799533
Second_98,70,98,ReRZV_2d,2024,0.07366865818145592,dC_GP_NonPHN,-0.9741996495624712,-0.9771146826575284,-1.0935555054291206,-0.8356915175974184
Second_98,70,98,ReRZV_2d,2024,0.07366865818145592,dC_GP_PHN,-0.36528639236746957,-0.35787211565425925,-0.5615250168443936,-0.22027392352649558
Second_98,70,98,ReRZV_2d,2024,0.07366865818145592,dC_GP,-1.3394860419299408,-1.33954790248294,-1.5554680893356372,-1.1315815290382278
Second_98,70,98,ReRZV_2d,2024,0.07366865818145592,dC_Med,-6.830878236070338,-6.729527331915621,-9.314186110998449,-4.827708261721163
Second_98,70,98,ReRZV_2d,2024,0.07366865818145592,dC_VacZVL,0,0,0,0
Second_98,70,98,ReRZV_2d,2024,0.07366865818145592,dC_VacRZV,170,170,170,170
Second_98,70,98,ReRZV_2d,2024,0.07366865818145592,dC_Vac,170,170,170,170
Second_98,70,98,ReRZV_2d,2024,0.07366865818145592,dC_All,163.16912176392967,163.27047266808438,160.68581388900157,165.17229173827883
Second_98,70,98,ReRZV_2d,2024,0.07366865818145592,dC_Hosp_d,-5.491392194140397,-5.393070673897955,-8.023029547713792,-3.490589208799533
Second_98,70,98,ReRZV_2d,2024,0.07366865818145592,dC_GP_NonPHN_d,-0.9741996495624712,-0.9771146826575284,-1.0935555054291206,-0.8356915175974184
Second_98,70,98,ReRZV_2d,2024,0.07366865818145592,dC_GP_PHN_d,-0.36528639236746957,-0.35787211565425925,-0.5615250168443936,-0.22027392352649558
Second_98,70,98,ReRZV_2d,2024,0.07366865818145592,dC_GP_d,-1.3394860419299408,-1.33954790248294,-1.5554680893356372,-1.1315815290382278
Second_98,70,98,ReRZV_2d,2024,0.07366865818145592,dC_Med_d,-6.830878236070338,-6.729527331915621,-9.314186110998449,-4.827708261721163
Second_98,70,98,ReRZV_2d,2024,0.07366865818145592,dC_VacZVL_d,0,0,0,0
Second_98,70,98,ReRZV_2d,2024,0.07366865818145592,dC_VacRZV_d,170,170,170,170
Second_98,70,98,ReRZV_2d,2024,0.07366865818145592,dC_Vac_d,170,170,170,170
Second_98,70,98,ReRZV_2d,2024,0.07366865818145592,dC_All_d,163.16912176392967,163.27047266808438,160.68581388900157,165.17229173827883
Second_98,70,98,ReRZV_2d,2024,0.07366865818145592,dN_VacZVL,0,0,0,0
Second_98,70,98,ReRZV_2d,2024,0.07366865818145592,dN_VacRZV,2,2,2,2
Second_98,70,98,ReRZV_2d,2024,0.07366865818145592,dN_VacZVL_d,0,0,0,0
Second_98,70,98,ReRZV_2d,2024,0.07366865818145592,dN_VacRZV_d,2,2,2,2
Second_98,70,98,ReRZV_2d,2024,0.07366865818145592,ICER,100100.1549457057,99569.93951570765,79454.84757096691,124955.49929425836
Second_98,70,98,ReRZV_2d,2024,0.07366865818145592,Price0,85,85,85,85
Second_98,70,98,ReRZV_2d,2024,0.07366865818145592,Thres20,19.928483212496236,19.845330727680704,16.322156396701367,24.137367743544775
Second_98,70,98,ReRZV_2d,2024,0.07366865818145592,Thres30,28.18500525972677,28.06457894665186,22.864003661888592,34.370317196797174
Second_98,70,98,ReRZV_2d,2024,0.07366865818145592,Thres20_50,NA,19.845330727680704,NA,NA
Second_98,70,98,ReRZV_2d,2024,0.07366865818145592,Thres30_90,NA,24.41624523629729,NA,NA
Second_98,70,98,ReRZV_2d,2024,0.07366865818145592,Thres,NA,19.845330727680704,NA,NA
Second_98,75,98,ReRZV_1d,2024,0.08083250467598987,N0,0.08083250467598987,0.08083250467598987,0.08083250467598987,0.08083250467598987
Second_98,75,98,ReRZV_1d,2024,0.08083250467598987,dYear_Life,3.843321377392402e-5,3.842058670777654e-5,2.9274393061185506e-5,4.720453780861091e-5
Second_98,75,98,ReRZV_1d,2024,0.08083250467598987,dYear_Immunised,1.322931782498943,1.3436736940520073,1.0742319805365579,1.454896581971323
Second_98,75,98,ReRZV_1d,2024,0.08083250467598987,dRisk_HZ,-0.19189498383182244,-0.19429357589857837,-0.21603212010006706,-0.1540114895187055
Second_98,75,98,ReRZV_1d,2024,0.08083250467598987,dRisk_Hosp,-0.022173871906439383,-0.021842532367842026,-0.031602745900165576,-0.014594190927550633
Second_98,75,98,ReRZV_1d,2024,0.08083250467598987,dRisk_PHN,-0.014647271411483483,-0.014283659426894501,-0.022210517566595,-0.008669889411650877
Second_98,75,98,ReRZV_1d,2024,0.08083250467598987,dRisk_Death,-5.973735348162989e-4,-5.971159922665632e-4,-7.32807226294195e-4,-4.566608520249459e-4
Second_98,75,98,ReRZV_1d,2024,0.08083250467598987,dQ_Life,1.750310068002045e-5,1.749246540068947e-5,1.3312261217055934e-5,2.152329790675979e-5
Second_98,75,98,ReRZV_1d,2024,0.08083250467598987,dQ_HZ,0.0015483426199676257,0.0015431575495009032,0.0011708882224329797,0.001953603686114012
Second_98,75,98,ReRZV_1d,2024,0.08083250467598987,dQ_HZ_Norm,3.989157791792335e-4,3.9836601044361585e-4,3.0100662138886054e-4,5.014206749287894e-4
Second_98,75,98,ReRZV_1d,2024,0.08083250467598987,dQ_All,0.001553597462502987,0.0015486448265016645,0.0011763072580078728,0.001958769240161045
Second_98,75,98,ReRZV_1d,2024,0.08083250467598987,dQ_HZ_d,0.0015483426199676257,0.0015431575495009032,0.0011708882224329797,0.001953603686114012
Second_98,75,98,ReRZV_1d,2024,0.08083250467598987,dQ_HZ_Norm_d,3.989157791792335e-4,3.9836601044361585e-4,3.0100662138886054e-4,5.014206749287894e-4
Second_98,75,98,ReRZV_1d,2024,0.08083250467598987,dQ_Life_d,1.750310068002045e-5,1.749246540068947e-5,1.3312261217055934e-5,2.152329790675979e-5
Second_98,75,98,ReRZV_1d,2024,0.08083250467598987,dQ_All_d,0.0015658457206476429,0.0015614732022118764,0.0011881296143679413,0.0019715301014580156
Second_98,75,98,ReRZV_1d,2024,0.08083250467598987,dC_Hosp,-5.2074244115661665,-5.115554637067499,-7.7542994735336945,-3.236803271356422
Second_98,75,98,ReRZV_1d,2024,0.08083250467598987,dC_GP_NonPHN,-0.9238288617207635,-0.9326632840528937,-1.0618758127395067,-0.7310776292692351
Second_98,75,98,ReRZV_1d,2024,0.08083250467598987,dC_GP_PHN,-0.34646378079612655,-0.3394543470495581,-0.5346451325533876,-0.20425095850541775
Second_98,75,98,ReRZV_1d,2024,0.08083250467598987,dC_GP,-1.2702926425168901,-1.2776013989170454,-1.5068143277313686,-1.0020133340060005
Second_98,75,98,ReRZV_1d,2024,0.08083250467598987,dC_Med,-6.477717054083056,-6.402355444797148,-8.994118804511473,-4.364828526054768
Second_98,75,98,ReRZV_1d,2024,0.08083250467598987,dC_VacZVL,0,0,0,0
Second_98,75,98,ReRZV_1d,2024,0.08083250467598987,dC_VacRZV,85,85,85,85
Second_98,75,98,ReRZV_1d,2024,0.08083250467598987,dC_Vac,85,85,85,85
Second_98,75,98,ReRZV_1d,2024,0.08083250467598987,dC_All,78.52228294591694,78.59764455520286,76.00588119548853,80.63517147394522
Second_98,75,98,ReRZV_1d,2024,0.08083250467598987,dC_Hosp_d,-5.2074244115661665,-5.115554637067499,-7.7542994735336945,-3.236803271356422
Second_98,75,98,ReRZV_1d,2024,0.08083250467598987,dC_GP_NonPHN_d,-0.9238288617207635,-0.9326632840528937,-1.0618758127395067,-0.7310776292692351
Second_98,75,98,ReRZV_1d,2024,0.08083250467598987,dC_GP_PHN_d,-0.34646378079612655,-0.3394543470495581,-0.5346451325533876,-0.20425095850541775
Second_98,75,98,ReRZV_1d,2024,0.08083250467598987,dC_GP_d,-1.2702926425168901,-1.2776013989170454,-1.5068143277313686,-1.0020133340060005
Second_98,75,98,ReRZV_1d,2024,0.08083250467598987,dC_Med_d,-6.477717054083056,-6.402355444797148,-8.994118804511473,-4.364828526054768
Second_98,75,98,ReRZV_1d,2024,0.08083250467598987,dC_VacZVL_d,0,0,0,0
Second_98,75,98,ReRZV_1d,2024,0.08083250467598987,dC_VacRZV_d,85,85,85,85
Second_98,75,98,ReRZV_1d,2024,0.08083250467598987,dC_Vac_d,85,85,85,85
Second_98,75,98,ReRZV_1d,2024,0.08083250467598987,dC_All_d,78.52228294591694,78.59764455520286,76.00588119548853,80.63517147394522
Second_98,75,98,ReRZV_1d,2024,0.08083250467598987,dN_VacZVL,0,0,0,0
Second_98,75,98,ReRZV_1d,2024,0.08083250467598987,dN_VacRZV,1,1,1,1
Second_98,75,98,ReRZV_1d,2024,0.08083250467598987,dN_VacZVL_d,0,0,0,0
Second_98,75,98,ReRZV_1d,2024,0.08083250467598987,dN_VacRZV_d,1,1,1,1
Second_98,75,98,ReRZV_1d,2024,0.08083250467598987,ICER,51026.211880727395,50272.60883490056,39304.11528598381,66843.18354740283
Second_98,75,98,ReRZV_1d,2024,0.08083250467598987,Price0,85,85,85,85
Second_98,75,98,ReRZV_1d,2024,0.08083250467598987,Thres20,37.79463146703591,37.70813165244841,29.025198791562975,46.85026758290742
Second_98,75,98,ReRZV_1d,2024,0.08083250467598987,Thres30,53.45308867351234,53.29866884918859,41.04392166273972,66.68268385155883
Second_98,75,98,ReRZV_1d,2024,0.08083250467598987,Thres20_50,NA,37.70813165244841,NA,NA
Second_98,75,98,ReRZV_1d,2024,0.08083250467598987,Thres30_90,NA,45.180619507743174,NA,NA
Second_98,75,98,ReRZV_1d,2024,0.08083250467598987,Thres,NA,37.70813165244841,NA,NA
Second_98,75,98,ReRZV_2d,2024,0.08083250467598987,N0,0.08083250467598987,0.08083250467598987,0.08083250467598987,0.08083250467598987
Second_98,75,98,ReRZV_2d,2024,0.08083250467598987,dYear_Life,3.993831607461278e-5,3.989307858234058e-5,3.201677138532943e-5,4.855628116408744e-5
Second_98,75,98,ReRZV_2d,2024,0.08083250467598987,dYear_Immunised,1.3747997813410504,1.3871314907455172,1.2103341406759138,1.4637908514594324
Second_98,75,98,ReRZV_2d,2024,0.08083250467598987,dRisk_HZ,-0.19941842315317979,-0.2005189554004004,-0.218418421796662,-0.1734604570922179
Second_98,75,98,ReRZV_2d,2024,0.08083250467598987,dRisk_Hosp,-0.023044793996443,-0.0226383410137019,-0.03251240590229693,-0.01544191714106163
Second_98,75,98,ReRZV_2d,2024,0.08083250467598987,dRisk_PHN,-0.015218395775322127,-0.014932032042654579,-0.02309309618404084,-0.009097890397714331
Second_98,75,98,ReRZV_2d,2024,0.08083250467598987,dRisk_Death,-6.207691369028276e-4,-6.199554699553205e-4,-7.52328411102037e-4,-4.989086065533083e-4
Second_98,75,98,ReRZV_2d,2024,0.08083250467598987,dQ_Life,1.8188549708520873e-5,1.8168996163587863e-05,1.4571739946306857e-5,2.2108392956342534e-5
Second_98,75,98,ReRZV_2d,2024,0.08083250467598987,dQ_HZ,0.0016091071625405752,0.0015963530510023775,0.0012628135837682776,0.0020005943686748928
Second_98,75,98,ReRZV_2d,2024,0.08083250467598987,dQ_HZ_Norm,4.1458396832533376e-4,4.129390229943691e-4,3.254402201609636e-4,5.126310465522171e-4
Second_98,75,98,ReRZV_2d,2024,0.08083250467598987,dQ_All,0.0016145677939432691,0.0016016570991478959,0.0012685985386378452,0.0020063840465884527
Second_98,75,98,ReRZV_2d,2024,0.08083250467598987,dQ_HZ_d,0.0016091071625405752,0.0015963530510023775,0.0012628135837682776,0.0020005943686748928
Second_98,75,98,ReRZV_2d,2024,0.08083250467598987,dQ_HZ_Norm_d,4.1458396832533376e-4,4.129390229943691e-4,3.254402201609636e-4,5.126310465522171e-4
Second_98,75,98,ReRZV_2d,2024,0.08083250467598987,dQ_Life_d,1.8188549708520873e-5,1.8168996163587863e-05,1.4571739946306857e-5,2.2108392956342534e-5
Second_98,75,98,ReRZV_2d,2024,0.08083250467598987,dQ_All_d,0.0016272957122490954,0.0016141091868532077,0.0012816643754386642,0.0020184061172810485
Second_98,75,98,ReRZV_2d,2024,0.08083250467598987,dC_Hosp,-5.411642535795635,-5.312081310447624,-7.910622793723687,-3.45559907947026
Second_98,75,98,ReRZV_2d,2024,0.08083250467598987,dC_GP_NonPHN,-0.9600461957148544,-0.9626798359208999,-1.0788979336761657,-0.8181897513919578
Second_98,75,98,ReRZV_2d,2024,0.08083250467598987,dC_GP_PHN,-0.3599709446538711,-0.35288538134274416,-0.5535658043558963,-0.21618142160407877
Second_98,75,98,ReRZV_2d,2024,0.08083250467598987,dC_GP,-1.3200171403687255,-1.318901821397359,-1.5377798000510445,-1.1104506693521214
Second_98,75,98,ReRZV_2d,2024,0.08083250467598987,dC_Med,-6.731659676164361,-6.637147965104971,-9.173521244210168,-4.744579930413595
Second_98,75,98,ReRZV_2d,2024,0.08083250467598987,dC_VacZVL,0,0,0,0
Second_98,75,98,ReRZV_2d,2024,0.08083250467598987,dC_VacRZV,170,170,170,170
Second_98,75,98,ReRZV_2d,2024,0.08083250467598987,dC_Vac,170,170,170,170
Second_98,75,98,ReRZV_2d,2024,0.08083250467598987,dC_All,163.26834032383564,163.362852034895,160.82647875578982,165.25542006958636
Second_98,75,98,ReRZV_2d,2024,0.08083250467598987,dC_Hosp_d,-5.411642535795635,-5.312081310447624,-7.910622793723687,-3.45559907947026
Second_98,75,98,ReRZV_2d,2024,0.08083250467598987,dC_GP_NonPHN_d,-0.9600461957148544,-0.9626798359208999,-1.0788979336761657,-0.8181897513919578
Second_98,75,98,ReRZV_2d,2024,0.08083250467598987,dC_GP_PHN_d,-0.3599709446538711,-0.35288538134274416,-0.5535658043558963,-0.21618142160407877
Second_98,75,98,ReRZV_2d,2024,0.08083250467598987,dC_GP_d,-1.3200171403687255,-1.318901821397359,-1.5377798000510445,-1.1104506693521214
Second_98,75,98,ReRZV_2d,2024,0.08083250467598987,dC_Med_d,-6.731659676164361,-6.637147965104971,-9.173521244210168,-4.744579930413595
Second_98,75,98,ReRZV_2d,2024,0.08083250467598987,dC_VacZVL_d,0,0,0,0
Second_98,75,98,ReRZV_2d,2024,0.08083250467598987,dC_VacRZV_d,170,170,170,170
Second_98,75,98,ReRZV_2d,2024,0.08083250467598987,dC_Vac_d,170,170,170,170
Second_98,75,98,ReRZV_2d,2024,0.08083250467598987,dC_All_d,163.26834032383564,163.362852034895,160.82647875578982,165.25542006958636
Second_98,75,98,ReRZV_2d,2024,0.08083250467598987,dN_VacZVL,0,0,0,0
Second_98,75,98,ReRZV_2d,2024,0.08083250467598987,dN_VacRZV,2,2,2,2
Second_98,75,98,ReRZV_2d,2024,0.08083250467598987,dN_VacZVL_d,0,0,0,0
Second_98,75,98,ReRZV_2d,2024,0.08083250467598987,dN_VacRZV_d,2,2,2,2
Second_98,75,98,ReRZV_2d,2024,0.08083250467598987,ICER,101666.81725340869,101087.58644236473,80548.68562257956,127807.29090989521
Second_98,75,98,ReRZV_2d,2024,0.08083250467598987,Price0,85,85,85,85
Second_98,75,98,ReRZV_2d,2024,0.08083250467598987,Thres20,19.638786960573135,19.549131378808013,15.97077033883103,23.808468835472897
Second_98,75,98,ReRZV_2d,2024,0.08083250467598987,Thres30,27.77526552181861,27.65984473159393,22.417993742539785,33.96901407198068
Second_98,75,98,ReRZV_2d,2024,0.08083250467598987,Thres20_50,NA,19.549131378808013,NA,NA
Second_98,75,98,ReRZV_2d,2024,0.08083250467598987,Thres30_90,NA,23.99514691381474,NA,NA
Second_98,75,98,ReRZV_2d,2024,0.08083250467598987,Thres,NA,19.549131378808013,NA,NA
Second_99,70,99,ReRZV_1d,2024,0.05314269579638175,N0,0.05314269579638175,0.05314269579638175,0.05314269579638175,0.05314269579638175
Second_99,70,99,ReRZV_1d,2024,0.05314269579638175,dYear_Life,1.605360468226109e-5,1.6055753865424907e-5,1.2294004467708089e-5,1.9685610314782235e-5
Second_99,70,99,ReRZV_1d,2024,0.05314269579638175,dYear_Immunised,1.0093359468563685,1.0243282358154304,0.8182285026599665,1.1028475434647778
Second_99,70,99,ReRZV_1d,2024,0.05314269579638175,dRisk_HZ,-0.2289111127565949,-0.23140829361417659,-0.2580069280670895,-0.1846086464002738
Second_99,70,99,ReRZV_1d,2024,0.05314269579638175,dRisk_Hosp,-0.026556709922016697,-0.026044107044178765,-0.03916457625264869,-0.016651630038245144
Second_99,70,99,ReRZV_1d,2024,0.05314269579638175,dRisk_PHN,-0.01731556766411813,-0.01685732687668827,-0.026880467983097022,-0.009904117538654986
Second_99,70,99,ReRZV_1d,2024,0.05314269579638175,dRisk_Death,-7.186760974309352e-4,-7.185915330503059e-4,-8.768567660638862e-4,-5.507557703537589e-4
Second_99,70,99,ReRZV_1d,2024,0.05314269579638175,dQ_Life,5.1161137722489705e-6,5.116798694174018e-6,3.917969005576006e-6,6.2735954969873975e-6
Second_99,70,99,ReRZV_1d,2024,0.05314269579638175,dQ_HZ,9.025687553109109e-4,9.006502210591696e-4,6.799417483180853e-4,0.001149063407942721
Second_99,70,99,ReRZV_1d,2024,0.05314269579638175,dQ_HZ_Norm,2.3160019479685472e-4,2.3111481821052715e-4,1.7538559972413338e-4,2.909530645534466e-4
Second_99,70,99,ReRZV_1d,2024,0.05314269579638175,dQ_All,9.025687553109104e-4,9.006502210591567e-4,6.799417483180597e-4,0.0011490634079426726
Second_99,70,99,ReRZV_1d,2024,0.05314269579638175,dQ_HZ_d,9.025687553109109e-4,9.006502210591696e-4,6.799417483180853e-4,0.001149063407942721
Second_99,70,99,ReRZV_1d,2024,0.05314269579638175,dQ_HZ_Norm_d,2.3160019479685472e-4,2.3111481821052715e-4,1.7538559972413338e-4,2.909530645534466e-4
Second_99,70,99,ReRZV_1d,2024,0.05314269579638175,dQ_Life_d,5.1161137722489705e-6,5.116798694174018e-6,3.917969005576006e-6,6.2735954969873975e-6
Second_99,70,99,ReRZV_1d,2024,0.05314269579638175,dQ_All_d,9.076848690831601e-4,9.057136014145237e-4,6.849638453882249e-4,0.0011543546367428893
Second_99,70,99,ReRZV_1d,2024,0.05314269579638175,dC_Hosp,-3.0650210125787005,-2.9866942503396183,-4.8823977511798535,-1.6846707967099401
Second_99,70,99,ReRZV_1d,2024,0.05314269579638175,dC_GP_NonPHN,-0.5343969659329457,-0.5385039536419002,-0.6260288580655888,-0.4242205235692666
Second_99,70,99,ReRZV_1d,2024,0.05314269579638175,dC_GP_PHN,-0.19953907639369264,-0.19228553363235912,-0.32095279219367023,-0.11257940844385542
Second_99,70,99,ReRZV_1d,2024,0.05314269579638175,dC_GP,-0.7339360423266384,-0.7345560208294175,-0.8873122138892738,-0.568922571257398
Second_99,70,99,ReRZV_1d,2024,0.05314269579638175,dC_Med,-3.7989570549053386,-3.7245401547707644,-5.611038941509311,-2.354083933958943
Second_99,70,99,ReRZV_1d,2024,0.05314269579638175,dC_VacZVL,0,0,0,0
Second_99,70,99,ReRZV_1d,2024,0.05314269579638175,dC_VacRZV,85,85,84.99999999999999,85.00000000000001
Second_99,70,99,ReRZV_1d,2024,0.05314269579638175,dC_Vac,85,85,84.99999999999999,85.00000000000001
Second_99,70,99,ReRZV_1d,2024,0.05314269579638175,dC_All,81.20104294509466,81.27545984522925,79.3889610584907,82.64591606604104
Second_99,70,99,ReRZV_1d,2024,0.05314269579638175,dC_Hosp_d,-3.0650210125787005,-2.9866942503396183,-4.8823977511798535,-1.6846707967099401
Second_99,70,99,ReRZV_1d,2024,0.05314269579638175,dC_GP_NonPHN_d,-0.5343969659329457,-0.5385039536419002,-0.6260288580655888,-0.4242205235692666
Second_99,70,99,ReRZV_1d,2024,0.05314269579638175,dC_GP_PHN_d,-0.19953907639369264,-0.19228553363235912,-0.32095279219367023,-0.11257940844385542
Second_99,70,99,ReRZV_1d,2024,0.05314269579638175,dC_GP_d,-0.7339360423266384,-0.7345560208294175,-0.8873122138892738,-0.568922571257398
Second_99,70,99,ReRZV_1d,2024,0.05314269579638175,dC_Med_d,-3.7989570549053386,-3.7245401547707644,-5.611038941509311,-2.354083933958943
Second_99,70,99,ReRZV_1d,2024,0.05314269579638175,dC_VacZVL_d,0,0,0,0
Second_99,70,99,ReRZV_1d,2024,0.05314269579638175,dC_VacRZV_d,85,85,84.99999999999999,85.00000000000001
Second_99,70,99,ReRZV_1d,2024,0.05314269579638175,dC_Vac_d,85,85,84.99999999999999,85.00000000000001
Second_99,70,99,ReRZV_1d,2024,0.05314269579638175,dC_All_d,81.20104294509466,81.27545984522925,79.3889610584907,82.64591606604104
Second_99,70,99,ReRZV_1d,2024,0.05314269579638175,dN_VacZVL,0,0,0,0
Second_99,70,99,ReRZV_1d,2024,0.05314269579638175,dN_VacRZV,1,1,1,1
Second_99,70,99,ReRZV_1d,2024,0.05314269579638175,dN_VacZVL_d,0,0,0,0
Second_99,70,99,ReRZV_1d,2024,0.05314269579638175,dN_VacRZV_d,1,1,1,1
Second_99,70,99,ReRZV_1d,2024,0.05314269579638175,ICER,91064.48321683804,89785.56504365809,70319.37478797745,119204.05467562376
Second_99,70,99,ReRZV_1d,2024,0.05314269579638175,Price0,85,85,84.99999999999999,85.00000000000001
Second_99,70,99,ReRZV_1d,2024,0.05314269579638175,Thres20,21.95265443656854,21.875915952182964,16.691330821391514,27.43578592705987
Second_99,70,99,ReRZV_1d,2024,0.05314269579638175,Thres30,31.02950312740014,30.881743615365878,23.597728696457512,38.73260493494297
Second_99,70,99,ReRZV_1d,2024,0.05314269579638175,Thres20_50,NA,21.875915952182964,NA,NA
Second_99,70,99,ReRZV_1d,2024,0.05314269579638175,Thres30_90,NA,25.986844003591504,NA,NA
Second_99,70,99,ReRZV_1d,2024,0.05314269579638175,Thres,NA,21.875915952182964,NA,NA
Second_99,70,99,ReRZV_2d,2024,0.05314269579638175,N0,0.05314269579638175,0.05314269579638175,0.05314269579638175,0.05314269579638175
Second_99,70,99,ReRZV_2d,2024,0.05314269579638175,dYear_Life,1.6670878560880172e-5,1.6652445915926026e-5,1.341699856735723e-5,2.0174737190721428e-5
Second_99,70,99,ReRZV_2d,2024,0.05314269579638175,dYear_Immunised,1.0482160541553582,1.058526587732473,0.9251823232703769,1.1083044187013724
Second_99,70,99,ReRZV_2d,2024,0.05314269579638175,dRisk_HZ,-0.23773593310286215,-0.2388792963479096,-0.2619837996603162,-0.2074137229521687
Second_99,70,99,ReRZV_2d,2024,0.05314269579638175,dRisk_Hosp,-0.027583407541733693,-0.02701252373858586,-0.0398721228161956,-0.01765390369499089
Second_99,70,99,ReRZV_2d,2024,0.05314269579638175,dRisk_PHN,-0.01798001245765461,-0.017558036463769647,-0.02740965365836801,-0.01057723886941661
Second_99,70,99,ReRZV_2d,2024,0.05314269579638175,dRisk_Death,-7.463295503805752e-4,-7.449270327863806e-4,-9.029004999297906e-4,-6.011030331114448e-4
Second_99,70,99,ReRZV_2d,2024,0.05314269579638175,dQ_Life,5.312832419193557e-6,5.306958130488943e-6,4.275855330382649e-6,6.429475051513208e-6
Second_99,70,99,ReRZV_2d,2024,0.05314269579638175,dQ_HZ,9.373915030476643e-4,9.30849431673433e-4,7.353954510927673e-4,0.001175458215082945
Second_99,70,99,ReRZV_2d,2024,0.05314269579638175,dQ_HZ_Norm,2.4054360650173072e-4,2.3985457695793928e-4,1.8770508012231143e-4,2.9766048535619636e-4
Second_99,70,99,ReRZV_2d,2024,0.05314269579638175,dQ_All,9.373915030476645e-4,9.308494316734597e-4,7.353954510927532e-4,0.0011754582150829656
Second_99,70,99,ReRZV_2d,2024,0.05314269579638175,dQ_HZ_d,9.373915030476643e-4,9.30849431673433e-4,7.353954510927673e-4,0.001175458215082945
Second_99,70,99,ReRZV_2d,2024,0.05314269579638175,dQ_HZ_Norm_d,2.4054360650173072e-4,2.3985457695793928e-4,1.8770508012231143e-4,2.9766048535619636e-4
Second_99,70,99,ReRZV_2d,2024,0.05314269579638175,dQ_Life_d,5.312832419193557e-6,5.306958130488943e-6,4.275855330382649e-6,6.429475051513208e-6
Second_99,70,99,ReRZV_2d,2024,0.05314269579638175,dQ_All_d,9.427043354668578e-4,9.363258317224795e-4,7.410487361208028e-4,0.0011811320730479755
Second_99,70,99,ReRZV_2d,2024,0.05314269579638175,dC_Hosp,-3.183236417284686,-3.1054358512353457,-5.099696727627964,-1.7842344562753247
Second_99,70,99,ReRZV_2d,2024,0.05314269579638175,dC_GP_NonPHN,-0.5549882337337281,-0.5566554615153573,-0.6331123891343051,-0.4694725138385816
Second_99,70,99,ReRZV_2d,2024,0.05314269579638175,dC_GP_PHN,-0.2072001107678529,-0.2001546338527693,-0.3310776766594202,-0.1202224232808996
Second_99,70,99,ReRZV_2d,2024,0.05314269579638175,dC_GP,-0.762188344501581,-0.7597614402657006,-0.9093264223412051,-0.630132355375854
Second_99,70,99,ReRZV_2d,2024,0.05314269579638175,dC_Med,-3.945424761786267,-3.8639475917214576,-5.8063847179707295,-2.557725399564962
Second_99,70,99,ReRZV_2d,2024,0.05314269579638175,dC_VacZVL,0,0,0,0
Second_99,70,99,ReRZV_2d,2024,0.05314269579638175,dC_VacRZV,170,170,169.99999999999997,170.00000000000003
Second_99,70,99,ReRZV_2d,2024,0.05314269579638175,dC_Vac,170,170,169.99999999999997,170.00000000000003
Second_99,70,99,ReRZV_2d,2024,0.05314269579638175,dC_All,166.05457523821374,166.13605240827852,164.19361528202927,167.44227460043507
Second_99,70,99,ReRZV_2d,2024,0.05314269579638175,dC_Hosp_d,-3.183236417284686,-3.1054358512353457,-5.099696727627964,-1.7842344562753247
Second_99,70,99,ReRZV_2d,2024,0.05314269579638175,dC_GP_NonPHN_d,-0.5549882337337281,-0.5566554615153573,-0.6331123891343051,-0.4694725138385816
Second_99,70,99,ReRZV_2d,2024,0.05314269579638175,dC_GP_PHN_d,-0.2072001107678529,-0.2001546338527693,-0.3310776766594202,-0.1202224232808996
Second_99,70,99,ReRZV_2d,2024,0.05314269579638175,dC_GP_d,-0.762188344501581,-0.7597614402657006,-0.9093264223412051,-0.630132355375854
Second_99,70,99,ReRZV_2d,2024,0.05314269579638175,dC_Med_d,-3.945424761786267,-3.8639475917214576,-5.8063847179707295,-2.557725399564962
Second_99,70,99,ReRZV_2d,2024,0.05314269579638175,dC_VacZVL_d,0,0,0,0
Second_99,70,99,ReRZV_2d,2024,0.05314269579638175,dC_VacRZV_d,170,170,169.99999999999997,170.00000000000003
Second_99,70,99,ReRZV_2d,2024,0.05314269579638175,dC_Vac_d,170,170,169.99999999999997,170.00000000000003
Second_99,70,99,ReRZV_2d,2024,0.05314269579638175,dC_All_d,166.05457523821374,166.13605240827852,164.19361528202927,167.44227460043507
Second_99,70,99,ReRZV_2d,2024,0.05314269579638175,dN_VacZVL,0,0,0,0
Second_99,70,99,ReRZV_2d,2024,0.05314269579638175,dN_VacRZV,2,2,2,2
Second_99,70,99,ReRZV_2d,2024,0.05314269579638175,dN_VacZVL_d,0,0,0,0
Second_99,70,99,ReRZV_2d,2024,0.05314269579638175,dN_VacRZV_d,2,2,2,2
Second_99,70,99,ReRZV_2d,2024,0.05314269579638175,ICER,178626.6434182905,177335.3515755587,140645.9225705162,224641.21652853827
Second_99,70,99,ReRZV_2d,2024,0.05314269579638175,Price0,85,85,84.99999999999999,85.00000000000001
Second_99,70,99,ReRZV_2d,2024,0.05314269579638175,Thres20,11.39975573556171,11.306547539138574,9.04235727660576,13.970240299112119
Second_99,70,99,ReRZV_2d,2024,0.05314269579638175,Thres30,16.113277412896,16.00364548881543,12.819613646612977,19.81087778290859
Second_99,70,99,ReRZV_2d,2024,0.05314269579638175,Thres20_50,NA,11.306547539138574,NA,NA
Second_99,70,99,ReRZV_2d,2024,0.05314269579638175,Thres30_90,NA,13.902791035641265,NA,NA
Second_99,70,99,ReRZV_2d,2024,0.05314269579638175,Thres,NA,11.306547539138574,NA,NA
Second_99,75,99,ReRZV_1d,2024,0.058310545600617956,N0,0.058310545600617956,0.058310545600617956,0.058310545600617956,0.058310545600617956
Second_99,75,99,ReRZV_1d,2024,0.058310545600617956,dYear_Life,1.5831346535344875e-5,1.582532768412866e-5,1.2049666578208366e-5,1.9447724096802614e-5
Second_99,75,99,ReRZV_1d,2024,0.058310545600617956,dYear_Immunised,0.9959127594834177,1.009399557358565,0.806946823512115,1.0937529746228345
Second_99,75,99,ReRZV_1d,2024,0.058310545600617956,dRisk_HZ,-0.20584767056147935,-0.20815410475729068,-0.23285570900159935,-0.16532873818526342
Second_99,75,99,ReRZV_1d,2024,0.058310545600617956,dRisk_Hosp,-0.023881487458368086,-0.023428902660025196,-0.035056880210727684,-0.01488482228315065
Second_99,75,99,ReRZV_1d,2024,0.058310545600617956,dRisk_PHN,-0.015570764640552109,-0.015185696793870879,-0.024237491075145574,-0.008885204899873619
Second_99,75,99,ReRZV_1d,2024,0.058310545600617956,dRisk_Death,-6.462683670190253e-4,-6.463031950651238e-4,-7.921824413716382e-4,-4.925334875217392e-4
Second_99,75,99,ReRZV_1d,2024,0.058310545600617956,dQ_Life,5.045282454989998e-6,5.0433643108038e-6,3.840101108208652e-6,6.1977836789887005e-6
Second_99,75,99,ReRZV_1d,2024,0.058310545600617956,dQ_HZ,8.900724319505578e-4,8.885282008501024e-4,6.695149997864939e-4,0.0011337930733630467
Second_99,75,99,ReRZV_1d,2024,0.058310545600617956,dQ_HZ_Norm,2.283990311413015e-4,2.2786583454019915e-4,1.7154708719386235e-4,2.87534524210193e-4
Second_99,75,99,ReRZV_1d,2024,0.058310545600617956,dQ_All,8.900724319505568e-4,8.885282008500183e-4,6.695149997864871e-4,0.0011337930733630861
Second_99,75,99,ReRZV_1d,2024,0.058310545600617956,dQ_HZ_d,8.900724319505578e-4,8.885282008501024e-4,6.695149997864939e-4,0.0011337930733630467
Second_99,75,99,ReRZV_1d,2024,0.058310545600617956,dQ_HZ_Norm_d,2.283990311413015e-4,2.2786583454019915e-4,1.7154708719386235e-4,2.87534524210193e-4
Second_99,75,99,ReRZV_1d,2024,0.058310545600617956,dQ_Life_d,5.045282454989998e-6,5.0433643108038e-6,3.840101108208652e-6,6.1977836789887005e-6
Second_99,75,99,ReRZV_1d,2024,0.058310545600617956,dQ_All_d,8.95117714405547e-4,8.941520006751344e-4,6.732693980446583e-4,0.001138866396291116
Second_99,75,99,ReRZV_1d,2024,0.058310545600617956,dC_Hosp,-3.0226356742857377,-2.940142050375548,-4.841334553853628,-1.6535202260655397
Second_99,75,99,ReRZV_1d,2024,0.058310545600617956,dC_GP_NonPHN,-0.5270036581279337,-0.5310642076670549,-0.6178297005746446,-0.41522877585443024
Second_99,75,99,ReRZV_1d,2024,0.058310545600617956,dC_GP_PHN,-0.19677933683878077,-0.18942536516272102,-0.31508411584604284,-0.10996075750966881
Second_99,75,99,ReRZV_1d,2024,0.058310545600617956,dC_GP,-0.7237829949667145,-0.7245420917618163,-0.874348588582561,-0.5592827485686773
Second_99,75,99,ReRZV_1d,2024,0.058310545600617956,dC_Med,-3.7464186692524524,-3.673403287626457,-5.559206679454393,-2.315050857468515
Second_99,75,99,ReRZV_1d,2024,0.058310545600617956,dC_VacZVL,0,0,0,0
Second_99,75,99,ReRZV_1d,2024,0.058310545600617956,dC_VacRZV,85,85,84.99999999999999,85.00000000000001
Second_99,75,99,ReRZV_1d,2024,0.058310545600617956,dC_Vac,85,85,84.99999999999999,85.00000000000001
Second_99,75,99,ReRZV_1d,2024,0.058310545600617956,dC_All,81.25358133074755,81.32659671237353,79.4407933205456,82.68494914253147
Second_99,75,99,ReRZV_1d,2024,0.058310545600617956,dC_Hosp_d,-3.0226356742857377,-2.940142050375548,-4.841334553853628,-1.6535202260655397
Second_99,75,99,ReRZV_1d,2024,0.058310545600617956,dC_GP_NonPHN_d,-0.5270036581279337,-0.5310642076670549,-0.6178297005746446,-0.41522877585443024
Second_99,75,99,ReRZV_1d,2024,0.058310545600617956,dC_GP_PHN_d,-0.19677933683878077,-0.18942536516272102,-0.31508411584604284,-0.10996075750966881
Second_99,75,99,ReRZV_1d,2024,0.058310545600617956,dC_GP_d,-0.7237829949667145,-0.7245420917618163,-0.874348588582561,-0.5592827485686773
Second_99,75,99,ReRZV_1d,2024,0.058310545600617956,dC_Med_d,-3.7464186692524524,-3.673403287626457,-5.559206679454393,-2.315050857468515
Second_99,75,99,ReRZV_1d,2024,0.058310545600617956,dC_VacZVL_d,0,0,0,0
Second_99,75,99,ReRZV_1d,2024,0.058310545600617956,dC_VacRZV_d,85,85,84.99999999999999,85.00000000000001
Second_99,75,99,ReRZV_1d,2024,0.058310545600617956,dC_Vac_d,85,85,84.99999999999999,85.00000000000001
Second_99,75,99,ReRZV_1d,2024,0.058310545600617956,dC_All_d,81.25358133074755,81.32659671237353,79.4407933205456,82.68494914253147
Second_99,75,99,ReRZV_1d,2024,0.058310545600617956,dN_VacZVL,0,0,0,0
Second_99,75,99,ReRZV_1d,2024,0.058310545600617956,dN_VacRZV,1,1,1,1
Second_99,75,99,ReRZV_1d,2024,0.058310545600617956,dN_VacZVL_d,0,0,0,0
Second_99,75,99,ReRZV_1d,2024,0.058310545600617956,dN_VacRZV_d,1,1,1,1
Second_99,75,99,ReRZV_1d,2024,0.058310545600617956,ICER,92441.87412381273,90935.02556571616,71100.89174252702,121614.41075872208
Second_99,75,99,ReRZV_1d,2024,0.058310545600617956,Price0,85,85,84.99999999999999,85.00000000000001
Second_99,75,99,ReRZV_1d,2024,0.058310545600617956,Thres20,21.648772957363395,21.561542424033874,16.370682835250065,27.078734977229477
Second_99,75,99,ReRZV_1d,2024,0.058310545600617956,Thres30,30.599950101418866,30.46425790011152,23.12870070706797,38.40477332761909
Second_99,75,99,ReRZV_1d,2024,0.058310545600617956,Thres20_50,NA,21.561542424033874,NA,NA
Second_99,75,99,ReRZV_1d,2024,0.058310545600617956,Thres30_90,NA,25.61487120706777,NA,NA
Second_99,75,99,ReRZV_1d,2024,0.058310545600617956,Thres,NA,21.561542424033874,NA,NA
Second_99,75,99,ReRZV_2d,2024,0.058310545600617956,N0,0.058310545600617956,0.058310545600617956,0.058310545600617956,0.058310545600617956
Second_99,75,99,ReRZV_2d,2024,0.058310545600617956,dYear_Life,1.6448620741738195e-5,1.6429253521367082e-5,1.3188548633841535e-5,1.995732173917211e-5
Second_99,75,99,ReRZV_2d,2024,0.058310545600617956,dYear_Immunised,1.0347928872635217,1.044309977348612,0.9122324527995188,1.099128093894935
Second_99,75,99,ReRZV_2d,2024,0.058310545600617956,dRisk_HZ,-0.21389037948272785,-0.2147254922006696,-0.236491941224633,-0.18616253491534274
Second_99,75,99,ReRZV_2d,2024,0.058310545600617956,dRisk_Hosp,-0.02481719264464777,-0.024291103537713153,-0.035900117951061634,-0.015863921420064767
Second_99,75,99,ReRZV_2d,2024,0.058310545600617956,dRisk_PHN,-0.016176322135008143,-0.015785124837430782,-0.024750986083429308,-0.0094950143054684
Second_99,75,99,ReRZV_2d,2024,0.058310545600617956,dRisk_Death,-6.71470993052999e-4,-6.709476310239472e-4,-8.151356133202778e-4,-5.390523059155848e-4
Second_99,75,99,ReRZV_2d,2024,0.058310545600617956,dQ_Life,5.242001206390889e-6,5.2358290784041556e-6,4.2030507563794675e-6,6.360187050009779e-6
Second_99,75,99,ReRZV_2d,2024,0.058310545600617956,dQ_HZ,9.248951980285257e-4,9.176211689407356e-4,7.257224521460243e-4,0.0011614378492964626
Second_99,75,99,ReRZV_2d,2024,0.058310545600617956,dQ_HZ_Norm,2.3734244755243758e-4,2.3630536081224176e-4,1.8510428608468788e-4,2.9375789284229837e-4
Second_99,75,99,ReRZV_2d,2024,0.058310545600617956,dQ_All,9.248951980285252e-4,9.176211689407856e-4,7.257224521460573e-4,0.0011614378492964587
Second_99,75,99,ReRZV_2d,2024,0.058310545600617956,dQ_HZ_d,9.248951980285257e-4,9.176211689407356e-4,7.257224521460243e-4,0.0011614378492964626
Second_99,75,99,ReRZV_2d,2024,0.058310545600617956,dQ_HZ_Norm_d,2.3734244755243758e-4,2.3630536081224176e-4,1.8510428608468788e-4,2.9375789284229837e-4
Second_99,75,99,ReRZV_2d,2024,0.058310545600617956,dQ_Life_d,5.242001206390889e-6,5.2358290784041556e-6,4.2030507563794675e-6,6.360187050009779e-6
Second_99,75,99,ReRZV_2d,2024,0.058310545600617956,dQ_All_d,9.301371992349177e-4,9.228534328237274e-4,7.30616872444146e-4,0.0011661058325566594
Second_99,75,99,ReRZV_2d,2024,0.058310545600617956,dC_Hosp,-3.140851141157135,-3.0653464963011197,-5.012865564693893,-1.7545667543829087
Second_99,75,99,ReRZV_2d,2024,0.058310545600617956,dC_GP_NonPHN,-0.5475949367718419,-0.5494593734995528,-0.6257992747726597,-0.46044833441245114
Second_99,75,99,ReRZV_2d,2024,0.058310545600617956,dC_GP_PHN,-0.2044403752493522,-0.19760365100670751,-0.32506651017075944,-0.11773519456355763
Second_99,75,99,ReRZV_2d,2024,0.058310545600617956,dC_GP,-0.7520353120211941,-0.7497768749456495,-0.894476347428384,-0.6180554001911247
Second_99,75,99,ReRZV_2d,2024,0.058310545600617956,dC_Med,-3.8928864531783294,-3.8112356336837707,-5.740284410352926,-2.5209464096069616
Second_99,75,99,ReRZV_2d,2024,0.058310545600617956,dC_VacZVL,0,0,0,0
Second_99,75,99,ReRZV_2d,2024,0.058310545600617956,dC_VacRZV,170,170,169.99999999999997,170.00000000000003
Second_99,75,99,ReRZV_2d,2024,0.058310545600617956,dC_Vac,170,170,169.99999999999997,170.00000000000003
Second_99,75,99,ReRZV_2d,2024,0.058310545600617956,dC_All,166.10711354682167,166.18876436631626,164.2597155896471,167.47905359039305
Second_99,75,99,ReRZV_2d,2024,0.058310545600617956,dC_Hosp_d,-3.140851141157135,-3.0653464963011197,-5.012865564693893,-1.7545667543829087
Second_99,75,99,ReRZV_2d,2024,0.058310545600617956,dC_GP_NonPHN_d,-0.5475949367718419,-0.5494593734995528,-0.6257992747726597,-0.46044833441245114
Second_99,75,99,ReRZV_2d,2024,0.058310545600617956,dC_GP_PHN_d,-0.2044403752493522,-0.19760365100670751,-0.32506651017075944,-0.11773519456355763
Second_99,75,99,ReRZV_2d,2024,0.058310545600617956,dC_GP_d,-0.7520353120211941,-0.7497768749456495,-0.894476347428384,-0.6180554001911247
Second_99,75,99,ReRZV_2d,2024,0.058310545600617956,dC_Med_d,-3.8928864531783294,-3.8112356336837707,-5.740284410352926,-2.5209464096069616
Second_99,75,99,ReRZV_2d,2024,0.058310545600617956,dC_VacZVL_d,0,0,0,0
Second_99,75,99,ReRZV_2d,2024,0.058310545600617956,dC_VacRZV_d,170,170,169.99999999999997,170.00000000000003
Second_99,75,99,ReRZV_2d,2024,0.058310545600617956,dC_Vac_d,170,170,169.99999999999997,170.00000000000003
Second_99,75,99,ReRZV_2d,2024,0.058310545600617956,dC_All_d,166.10711354682167,166.18876436631626,164.2597155896471,167.47905359039305
Second_99,75,99,ReRZV_2d,2024,0.058310545600617956,dN_VacZVL,0,0,0,0
Second_99,75,99,ReRZV_2d,2024,0.058310545600617956,dN_VacRZV,2,2,2,2
Second_99,75,99,ReRZV_2d,2024,0.058310545600617956,dN_VacZVL_d,0,0,0,0
Second_99,75,99,ReRZV_2d,2024,0.058310545600617956,dN_VacRZV_d,2,2,2,2
Second_99,75,99,ReRZV_2d,2024,0.058310545600617956,ICER,181144.44449422095,180050.60444326367,142342.97416244796,227933.43896917577
Second_99,75,99,ReRZV_2d,2024,0.058310545600617956,Price0,85,85,84.99999999999999,85.00000000000001
Second_99,75,99,ReRZV_2d,2024,0.058310545600617956,Thres20,11.247815218938342,11.15089875432373,8.90431440392879,13.827018045581491
Second_99,75,99,ReRZV_2d,2024,0.058310545600617956,Thres30,15.89850121511293,15.788997987545292,12.650391559311533,19.598316287569244
Second_99,75,99,ReRZV_2d,2024,0.058310545600617956,Thres20_50,NA,11.15089875432373,NA,NA
Second_99,75,99,ReRZV_2d,2024,0.058310545600617956,Thres30_90,NA,13.68418760407824,NA,NA
Second_99,75,99,ReRZV_2d,2024,0.058310545600617956,Thres,NA,11.15089875432373,NA,NA
