Scenario,Age0,Age1,Arm,Year0,N0,Index,A,M,L,U
Overall,70,80,ReRZV_1d,2024,1,N0,1,1,1,1
Overall,70,80,ReRZV_1d,2024,1,dYear_Life,5.702141062070094e-4,5.699458913586142e-4,4.7383949570738436e-4,6.676679820350806e-4
Overall,70,80,ReRZV_1d,2024,1,dYear_Immunised,9.848486452587897,9.884971067050074,8.87834745344731,10.600693900226293
Overall,70,80,ReRZV_1d,2024,1,dRisk_HZ,-0.08854915265257662,-0.08887353722213773,-0.09586803279190437,-0.07920328511888322
Overall,70,80,ReRZV_1d,2024,1,dRisk_Hosp,-0.0043362462803922695,-0.00431263811363443,-0.005198129464003868,-0.0035565391501270094
Overall,70,80,ReRZV_1d,2024,1,dRisk_PHN,-0.007345402830333872,-0.007360615365269497,-0.008233860624219685,-0.006392453621115169
Overall,70,80,ReRZV_1d,2024,1,dRisk_Death,-9.36240162838124e-5,-9.339250912188793e-5,-1.1256058887719521e-4,-7.525959073404789e-5
Overall,70,80,ReRZV_1d,2024,1,dQ_Life,3.9038963508086154e-4,3.9014150977934037e-4,3.2426224727153394e-4,4.567001771985879e-4
Overall,70,80,ReRZV_1d,2024,1,dQ_HZ,0.012706930603558042,0.012708613311798,0.010714230009721751,0.014741400555323232
Overall,70,80,ReRZV_1d,2024,1,dQ_HZ_Norm,0.004049620915960606,0.004051371024113899,0.0034325814954158642,0.00471206330680237
Overall,70,80,ReRZV_1d,2024,1,dQ_All,0.013090737134187434,0.013096171850376592,0.011055140369658156,0.015143655471612493
Overall,70,80,ReRZV_1d,2024,1,dQ_HZ_d,0.01075487391658007,0.010764380512021481,0.009121418591434036,0.01242967977422242
Overall,70,80,ReRZV_1d,2024,1,dQ_HZ_Norm_d,0.0034651624121197033,0.0034640157162877955,0.0029493447378733757,0.004018146549961374
Overall,70,80,ReRZV_1d,2024,1,dQ_Life_d,2.913844785776449e-4,2.9128633669817106e-4,2.4364174924014213e-4,3.399946765081818e-4
Overall,70,80,ReRZV_1d,2024,1,dQ_All_d,0.011046258395157682,0.011051334664297308,0.009397139875276706,0.012725001561877966
Overall,70,80,ReRZV_1d,2024,1,dC_Hosp,-18.764942687817513,-18.702730333460735,-22.69559282610661,-15.186045969518776
Overall,70,80,ReRZV_1d,2024,1,dC_GP_NonPHN,-9.843209196696787,-9.877352748600053,-10.682872046930317,-8.835390725895211
Overall,70,80,ReRZV_1d,2024,1,dC_GP_PHN,-3.995501392592525,-4.006303785625365,-4.53966268333967,-3.4028967273784385
Overall,70,80,ReRZV_1d,2024,1,dC_GP,-13.838710589289313,-13.892923334555132,-15.074901194575423,-12.28818497075355
Overall,70,80,ReRZV_1d,2024,1,dC_Med,-32.60365327710682,-32.54620110817666,-37.19900410364609,-28.036472127893454
Overall,70,80,ReRZV_1d,2024,1,dC_VacZVL,110,110,110,110
Overall,70,80,ReRZV_1d,2024,1,dC_VacRZV,68.66182112291749,68.66182270066724,68.66167936882835,68.66194765484585
Overall,70,80,ReRZV_1d,2024,1,dC_Vac,178.66182112291747,178.66182270066724,178.66167936882837,178.66194765484585
Overall,70,80,ReRZV_1d,2024,1,dC_All,146.05816784581066,146.1155622947036,141.46286675929204,150.62516495900715
Overall,70,80,ReRZV_1d,2024,1,dC_Hosp_d,-14.96957888502,-14.908108082313008,-18.09900629039574,-12.160232010142662
Overall,70,80,ReRZV_1d,2024,1,dC_GP_NonPHN_d,-8.428502326420894,-8.458465045073277,-9.116933747963625,-7.6087656168138045
Overall,70,80,ReRZV_1d,2024,1,dC_GP_PHN_d,-3.379561719855209,-3.386946641689417,-3.840945435435712,-2.8963307825709075
Overall,70,80,ReRZV_1d,2024,1,dC_GP_d,-11.808064046276101,-11.853957686190085,-12.81373176415037,-10.545632661544614
Overall,70,80,ReRZV_1d,2024,1,dC_Med_d,-26.777642931296104,-26.72253059010974,-30.44514601380907,-23.12583359961792
Overall,70,80,ReRZV_1d,2024,1,dC_VacZVL_d,110,110,110,110
Overall,70,80,ReRZV_1d,2024,1,dC_VacRZV_d,59.16364133198811,59.163642691483375,59.16351918713454,59.163750360404535
Overall,70,80,ReRZV_1d,2024,1,dC_Vac_d,169.16364133198812,169.16364269148337,169.16351918713457,169.16375036040455
Overall,70,80,ReRZV_1d,2024,1,dC_All_d,142.38599840069202,142.44114007603537,138.7184419544231,146.03787377253332
Overall,70,80,ReRZV_1d,2024,1,dN_VacZVL,1,1,1,1
Overall,70,80,ReRZV_1d,2024,1,dN_VacRZV,0.8077861308578528,0.8077861494196146,0.8077844631626865,0.8077876194687745
Overall,70,80,ReRZV_1d,2024,1,dN_VacZVL_d,1,1,1,1
Overall,70,80,ReRZV_1d,2024,1,dN_VacRZV_d,0.6960428391998601,0.696042855193922,0.6960414022015828,0.6960441218871122
Overall,70,80,ReRZV_1d,2024,1,ICER,12973.895228383719,12868.172938741991,11036.961582985969,15463.245629514238
Overall,70,80,ReRZV_1d,2024,1,Price0,85,85,84.99999999999999,85.00000000000001
Overall,70,80,ReRZV_1d,2024,1,Thres20,355.87293713746016,356.23869474376215,304.2891823331269,406.95579647620696
Overall,70,80,ReRZV_1d,2024,1,Thres30,514.5737773632111,515.2379676257146,439.8614872288194,589.6782409880847
Overall,70,80,ReRZV_1d,2024,1,Thres20_50,NA,356.23869474376215,NA,NA
Overall,70,80,ReRZV_1d,2024,1,Thres30_90,NA,467.46608203661646,NA,NA
Overall,70,80,ReRZV_1d,2024,1,Thres,NA,356.23869474376215,NA,NA
Overall,70,80,ReRZV_2d,2024,1,N0,1,1,1,1
Overall,70,80,ReRZV_2d,2024,1,dYear_Life,5.887941622126665e-4,5.87698556920202e-4,4.973765824700215e-4,6.839255908897002e-4
Overall,70,80,ReRZV_2d,2024,1,dYear_Immunised,10.079792834649599,10.100980585163141,9.249576867016234,10.746288148883217
Overall,70,80,ReRZV_2d,2024,1,dRisk_HZ,-0.09073222611098225,-0.0909683783499183,-0.09729000179396219,-0.08301741669560275
Overall,70,80,ReRZV_2d,2024,1,dRisk_Hosp,-0.004479762406209649,-0.004465776113526426,-0.005342969529445631,-0.0037076378132532475
Overall,70,80,ReRZV_2d,2024,1,dRisk_PHN,-0.007542166487467314,-0.007552453093670366,-0.008354908519028578,-0.006705575859634924
Overall,70,80,ReRZV_2d,2024,1,dRisk_Death,-9.698161120111626e-5,-9.670322174982941e-5,-1.1575132254564033e-4,-7.958775296659436e-5
Overall,70,80,ReRZV_2d,2024,1,dQ_Life,4.0298182435098175e-4,4.023084123447873e-4,3.4178601553964684e-4,4.6720645640565547e-4
Overall,70,80,ReRZV_2d,2024,1,dQ_HZ,0.013034356823878067,0.013031641681928476,0.011216437147280678,0.015016875788429192
Overall,70,80,ReRZV_2d,2024,1,dQ_HZ_Norm,0.004147029792090785,0.0041436903793945715,0.0035598023595397646,0.00479952459325944
Overall,70,80,ReRZV_2d,2024,1,dQ_All,0.01343050345348501,0.01342162403889624,0.011593391730070568,0.015427667891164143
Overall,70,80,ReRZV_2d,2024,1,dQ_HZ_d,0.011015062565582972,0.011015414024363727,0.009517873044604318,0.012639546445181709
Overall,70,80,ReRZV_2d,2024,1,dQ_HZ_Norm_d,0.0035428498276114492,0.003540307134040816,0.003053336898500588,0.004087203721542666
Overall,70,80,ReRZV_2d,2024,1,dQ_Life_d,3.0058141585865086e-4,3.0016385684028535e-4,2.560635047847537e-4,3.4752656699628127e-4
Overall,70,80,ReRZV_2d,2024,1,dQ_All_d,0.011315643981441604,0.011312594394357944,0.00979251200376532,0.01296919898408233
Overall,70,80,ReRZV_2d,2024,1,dC_Hosp,-19.399973667625353,-19.342194128211094,-23.342605483098527,-15.81007396701623
Overall,70,80,ReRZV_2d,2024,1,dC_GP_NonPHN,-10.07947529828589,-10.10131230150304,-10.802217357991358,-9.24855734876838
Overall,70,80,ReRZV_2d,2024,1,dC_GP_PHN,-4.100881482616219,-4.108649483108586,-4.60946330388298,-3.5690731014352814
Overall,70,80,ReRZV_2d,2024,1,dC_GP,-14.18035678090211,-14.210813482133036,-15.253701525394543,-12.887200893762369
Overall,70,80,ReRZV_2d,2024,1,dC_Med,-33.58033044852746,-33.5477071846088,-38.01007719549395,-29.319441545856513
Overall,70,80,ReRZV_2d,2024,1,dC_VacZVL,110,110,110,110
Overall,70,80,ReRZV_2d,2024,1,dC_VacRZV,137.32364224583498,137.3236454013345,137.3233587376567,137.3238953096917
Overall,70,80,ReRZV_2d,2024,1,dC_Vac,247.32364224583498,247.3236454013345,247.32335873765672,247.3238953096917
Overall,70,80,ReRZV_2d,2024,1,dC_All,213.7433117973075,213.7759996739385,209.31362290676486,218.00420375913262
Overall,70,80,ReRZV_2d,2024,1,dC_Hosp_d,-15.462862544495994,-15.413173336092894,-18.531160249077452,-12.689388759725015
Overall,70,80,ReRZV_2d,2024,1,dC_GP_NonPHN_d,-8.617084022669452,-8.635965432103038,-9.21709750195962,-7.947988901019607
Overall,70,80,ReRZV_2d,2024,1,dC_GP_PHN_d,-3.463841917055577,-3.464280337629921,-3.8866807751975765,-3.0317428780864177
Overall,70,80,ReRZV_2d,2024,1,dC_GP_d,-12.080925939725029,-12.101896205580898,-12.9658017137984,-11.042697909127973
Overall,70,80,ReRZV_2d,2024,1,dC_Med_d,-27.543788484221025,-27.506329609584633,-31.00904068302501,-24.185085720512706
Overall,70,80,ReRZV_2d,2024,1,dC_VacZVL_d,110,110,110,110
Overall,70,80,ReRZV_2d,2024,1,dC_VacRZV_d,118.32728266397622,118.32728538296675,118.32703837426908,118.32750072080907
Overall,70,80,ReRZV_2d,2024,1,dC_Vac_d,228.3272826639762,228.32728538296675,228.3270383742691,228.32750072080907
Overall,70,80,ReRZV_2d,2024,1,dC_All_d,200.7834941797552,200.82079883590538,197.31817815036442,204.14218876444485
Overall,70,80,ReRZV_2d,2024,1,dN_VacZVL,1,1,1,1
Overall,70,80,ReRZV_2d,2024,1,dN_VacRZV,1.6155722617157056,1.6155722988392291,1.615568926325373,1.615575238937549
Overall,70,80,ReRZV_2d,2024,1,dN_VacZVL_d,1,1,1,1
Overall,70,80,ReRZV_2d,2024,1,dN_VacRZV_d,1.3920856783997202,1.392085710387844,1.3920828044031657,1.3920882437742244
Overall,70,80,ReRZV_2d,2024,1,ICER,17841.301936523494,17735.091424257596,15404.417037812791,20672.912710969013
Overall,70,80,ReRZV_2d,2024,1,Price0,85,85,84.99999999999999,85.00000000000001
Overall,70,80,ReRZV_2d,2024,1,Thres20,182.357070962417,182.44764152312425,159.28023230855982,206.85068648670543
Overall,70,80,ReRZV_2d,2024,1,Thres30,263.64261325085903,263.76340390054474,229.8573799711242,300.0572665829705
Overall,70,80,ReRZV_2d,2024,1,Thres20_50,NA,182.44764152312425,NA,NA
Overall,70,80,ReRZV_2d,2024,1,Thres30_90,NA,240.90345481854382,NA,NA
Overall,70,80,ReRZV_2d,2024,1,Thres,NA,182.44764152312425,NA,NA
Overall,70,81,ReRZV_1d,2024,1,N0,1,1,1,1
Overall,70,81,ReRZV_1d,2024,1,dYear_Life,5.530100289701582e-4,5.530358160168447e-4,4.5885766738962275e-4,6.472160186139497e-4
Overall,70,81,ReRZV_1d,2024,1,dYear_Immunised,9.411698606654841,9.436919155199494,8.498636409279156,10.121478908450271
Overall,70,81,ReRZV_1d,2024,1,dRisk_HZ,-0.08443990773693573,-0.08467359743380648,-0.09142402976871429,-0.07587192687995552
Overall,70,81,ReRZV_1d,2024,1,dRisk_Hosp,-0.004214133175364828,-0.00419261597064492,-0.00505108500375666,-0.0034650699546594815
Overall,70,81,ReRZV_1d,2024,1,dRisk_PHN,-0.006979945070104051,-0.006999349120240621,-0.0077971624659237465,-0.006088835413458315
Overall,70,81,ReRZV_1d,2024,1,dRisk_Death,-9.248474137298476e-5,-9.22531886562624e-5,-1.1111768507812045e-4,-7.446308851539645e-5
Overall,70,81,ReRZV_1d,2024,1,dQ_Life,3.7800847348349096e-4,3.7783309738603776e-4,3.1476018275196084e-4,4.4191520575460603e-4
Overall,70,81,ReRZV_1d,2024,1,dQ_HZ,0.012135151448198708,0.012145504474091934,0.010244404448680132,0.014067675975105231
Overall,70,81,ReRZV_1d,2024,1,dQ_HZ_Norm,0.0038615607350915987,0.0038607791453842025,0.003285474317647029,0.004488297383736582
Overall,70,81,ReRZV_1d,2024,1,dQ_All,0.012506519462392524,0.012519061111394336,0.010585390565017994,0.014451876177383792
Overall,70,81,ReRZV_1d,2024,1,dQ_HZ_d,0.010250036039955756,0.010246328013060867,0.008703698156144114,0.011829512100820274
Overall,70,81,ReRZV_1d,2024,1,dQ_HZ_Norm_d,0.003299652698389567,0.0032980466108657545,0.0028196072240729494,0.0038199049371429104
Overall,70,81,ReRZV_1d,2024,1,dQ_Life_d,2.8138971327267725e-4,2.8129521757591647e-4,2.3540905658947509e-4,3.276703580413099e-4
Overall,70,81,ReRZV_1d,2024,1,dQ_All_d,0.010531425753228402,0.01052841041747854,0.008956094737267061,0.01212744139073396
Overall,70,81,ReRZV_1d,2024,1,dC_Hosp,-18.294994354848036,-18.23601848576545,-22.07872584403043,-14.871816756227522
Overall,70,81,ReRZV_1d,2024,1,dC_GP_NonPHN,-9.379469765276172,-9.4141027312389,-10.160794726907433,-8.433783340641476
Overall,70,81,ReRZV_1d,2024,1,dC_GP_PHN,-3.791828723077788,-3.8004930879299677,-4.3136964200950905,-3.243261411627701
Overall,70,81,ReRZV_1d,2024,1,dC_GP,-13.171298488353958,-13.217898762606199,-14.316825637348572,-11.752245001989667
Overall,70,81,ReRZV_1d,2024,1,dC_Med,-31.466292843201998,-31.39741096757362,-35.873267382699225,-26.947841055163035
Overall,70,81,ReRZV_1d,2024,1,dC_VacZVL,110,110,110,110
Overall,70,81,ReRZV_1d,2024,1,dC_VacRZV,65.98960361334055,65.98960689787913,65.98943187616378,65.98975555336162
Overall,70,81,ReRZV_1d,2024,1,dC_Vac,175.98960361334056,175.98960689787913,175.98943187616382,175.9897555533616
Overall,70,81,ReRZV_1d,2024,1,dC_All,144.52331077013855,144.59221328372547,140.11627075870769,149.0417022821014
Overall,70,81,ReRZV_1d,2024,1,dC_Hosp_d,-14.535036339826414,-14.490634766476278,-17.493957924876224,-11.835907705920093
Overall,70,81,ReRZV_1d,2024,1,dC_GP_NonPHN_d,-8.020601986767636,-8.046958515926587,-8.664923599840188,-7.245831909232844
Overall,70,81,ReRZV_1d,2024,1,dC_GP_PHN_d,-3.2004265228550652,-3.2052304564291925,-3.637588245063285,-2.752407878601201
Overall,70,81,ReRZV_1d,2024,1,dC_GP_d,-11.221028509622702,-11.247165270373664,-12.169611843700928,-10.07226316391742
Overall,70,81,ReRZV_1d,2024,1,dC_Med_d,-25.756064849449114,-25.70532166638939,-29.22234902139047,-22.18668523995804
Overall,70,81,ReRZV_1d,2024,1,dC_VacZVL_d,110,110,110,110
Overall,70,81,ReRZV_1d,2024,1,dC_VacRZV_d,56.02076755463193,56.02077034298589,56.02062176123519,56.02089654156527
Overall,70,81,ReRZV_1d,2024,1,dC_Vac_d,166.02076755463193,166.02077034298588,166.02062176123522,166.0208965415653
Overall,70,81,ReRZV_1d,2024,1,dC_All_d,140.26470270518283,140.3153375064565,136.79851743908918,143.8339845781979
Overall,70,81,ReRZV_1d,2024,1,dN_VacZVL,1,1,1,1
Overall,70,81,ReRZV_1d,2024,1,dN_VacRZV,0.7763482778040065,0.7763483164456368,0.7763462573666329,0.7763500653336661
Overall,70,81,ReRZV_1d,2024,1,dN_VacZVL_d,1,1,1,1
Overall,70,81,ReRZV_1d,2024,1,dN_VacRZV_d,0.6590678535839051,0.6590678863880692,0.659066138367473,0.6590693710772385
Overall,70,81,ReRZV_1d,2024,1,ICER,13404.08019386532,13292.446633323685,11429.695627806295,15934.207701949555
Overall,70,81,ReRZV_1d,2024,1,Price0,85,85,84.99999999999999,85.00000000000001
Overall,70,81,ReRZV_1d,2024,1,Thres20,358.6650093874008,359.21535756770965,307.29431864610393,409.3509502540089
Overall,70,81,ReRZV_1d,2024,1,Thres30,518.457747101198,519.342291833296,443.3162682832734,592.7400991662737
Overall,70,81,ReRZV_1d,2024,1,Thres20_50,NA,359.21535756770965,NA,NA
Overall,70,81,ReRZV_1d,2024,1,Thres30_90,NA,471.0378840531251,NA,NA
Overall,70,81,ReRZV_1d,2024,1,Thres,NA,359.21535756770965,NA,NA
Overall,70,81,ReRZV_2d,2024,1,N0,1,1,1,1
Overall,70,81,ReRZV_2d,2024,1,dYear_Life,5.706267711940107e-4,5.693160855368973e-4,4.840208203471086e-4,6.626453514098074e-4
Overall,70,81,ReRZV_2d,2024,1,dYear_Immunised,9.62054054580731,9.636230255852734,8.859347271019441,10.25816731017742
Overall,70,81,ReRZV_2d,2024,1,dRisk_HZ,-0.08641166146118433,-0.08660969011797129,-0.09267851556463516,-0.07924093690355738
Overall,70,81,ReRZV_2d,2024,1,dRisk_Hosp,-0.004350670833003759,-0.0043316698072870695,-0.005184881264982025,-0.003618754856271184
Overall,70,81,ReRZV_2d,2024,1,dRisk_PHN,-0.007157856315249472,-0.007158833812719846,-0.007920165266548106,-0.006343482347262013
Overall,70,81,ReRZV_2d,2024,1,dRisk_Death,-9.576131362429256e-5,-9.560025000984508e-5,-1.1381391082705054e-4,-7.89436886793211e-5
Overall,70,81,ReRZV_2d,2024,1,dQ_Life,3.899137269173707e-4,0.00038910482515497335,3.314079026108807e-4,4.519244771801656e-4
Overall,70,81,ReRZV_2d,2024,1,dQ_HZ,0.012432991818737086,0.012428849652152348,0.010709402237358051,0.014301849586860923
Overall,70,81,ReRZV_2d,2024,1,dQ_HZ_Norm,0.003949324573475126,0.003946734174732498,0.0033977649278411548,0.004566561600463228
Overall,70,81,ReRZV_2d,2024,1,dQ_All,0.012816012271747435,0.01281596487112946,0.011066533984628401,0.014732657456397867
Overall,70,81,ReRZV_2d,2024,1,dQ_HZ_d,0.01048433815921075,0.010480744630637454,0.009060727049065208,0.012017932239353315
Overall,70,81,ReRZV_2d,2024,1,dQ_HZ_Norm_d,0.0033689172092744493,0.003366483210388592,0.0029069831224957936,0.0038802452078062657
Overall,70,81,ReRZV_2d,2024,1,dQ_Life_d,2.9004004780337935e-4,2.8952110395596975e-4,2.4772051426746877e-4,3.3472203351472265e-4
Overall,70,81,ReRZV_2d,2024,1,dQ_All_d,0.01077437820701408,0.010770477241867304,0.009334234037363354,0.012321356732803854
Overall,70,81,ReRZV_2d,2024,1,dC_Hosp,-18.902484744312247,-18.811277002918114,-22.70147663467688,-15.513743894048337
Overall,70,81,ReRZV_2d,2024,1,dC_GP_NonPHN,-9.591978790499827,-9.605737598309233,-10.280624313583676,-8.812982222973886
Overall,70,81,ReRZV_2d,2024,1,dC_GP_PHN,-3.886744480848296,-3.89326128175947,-4.365070358747982,-3.38890769545066
Overall,70,81,ReRZV_2d,2024,1,dC_GP,-13.478723271348123,-13.50269429155631,-14.496593480931276,-12.29421270622786
Overall,70,81,ReRZV_2d,2024,1,dC_Med,-32.38120801566037,-32.33818690218351,-36.6246138111692,-28.342544066690863
Overall,70,81,ReRZV_2d,2024,1,dC_VacZVL,110,110,110,110
Overall,70,81,ReRZV_2d,2024,1,dC_VacRZV,131.9792072266811,131.97921379575826,131.97886375232756,131.97951110672324
Overall,70,81,ReRZV_2d,2024,1,dC_Vac,241.9792072266811,241.97921379575826,241.97886375232758,241.97951110672324
Overall,70,81,ReRZV_2d,2024,1,dC_All,209.59799921102075,209.64121961225072,205.35484217959635,213.63664691950285
Overall,70,81,ReRZV_2d,2024,1,dC_Hosp_d,-15.003627732724654,-14.942505449482017,-17.970654879977438,-12.377112059764173
Overall,70,81,ReRZV_2d,2024,1,dC_GP_NonPHN_d,-8.18844385349393,-8.200018451011704,-8.764013777549165,-7.553293202191731
Overall,70,81,ReRZV_2d,2024,1,dC_GP_PHN_d,-3.275572687574925,-3.2775058799273964,-3.6819139733432262,-2.8729744579913628
Overall,70,81,ReRZV_2d,2024,1,dC_GP_d,-11.464016541068855,-11.484451922681542,-12.308645032428334,-10.49760157147161
Overall,70,81,ReRZV_2d,2024,1,dC_Med_d,-26.46764427379351,-26.410165655440274,-29.789795165101776,-23.291691470892342
Overall,70,81,ReRZV_2d,2024,1,dC_VacZVL_d,110,110,110,110
Overall,70,81,ReRZV_2d,2024,1,dC_VacRZV_d,112.04153510926386,112.04154068597178,112.04124352247038,112.04179308313054
Overall,70,81,ReRZV_2d,2024,1,dC_Vac_d,222.04153510926386,222.04154068597177,222.0412435224704,222.04179308313053
Overall,70,81,ReRZV_2d,2024,1,dC_All_d,195.57389083547034,195.6314070137862,192.25171220756002,198.7498144811425
Overall,70,81,ReRZV_2d,2024,1,dN_VacZVL,1,1,1,1
Overall,70,81,ReRZV_2d,2024,1,dN_VacRZV,1.552696555608013,1.5526966328912737,1.5526925147332657,1.5527001306673323
Overall,70,81,ReRZV_2d,2024,1,dN_VacZVL_d,1,1,1,1
Overall,70,81,ReRZV_2d,2024,1,dN_VacRZV_d,1.3181357071678101,1.3181357727761385,1.318132276734946,1.318138742154477
Overall,70,81,ReRZV_2d,2024,1,ICER,18250.952497629576,18138.219108440306,15754.914401926653,21109.12884976741
Overall,70,81,ReRZV_2d,2024,1,Price0,85,85,84.99999999999999,85.00000000000001
Overall,70,81,ReRZV_2d,2024,1,Thres20,183.55864654847645,183.6693881229887,160.61933123017232,208.22362652200025
Overall,70,81,ReRZV_2d,2024,1,Thres30,265.2981674568859,265.22275625799045,231.27557170121105,302.14022108814294
Overall,70,81,ReRZV_2d,2024,1,Thres20_50,NA,183.6693881229887,NA,NA
Overall,70,81,ReRZV_2d,2024,1,Thres30_90,NA,242.41832091833444,NA,NA
Overall,70,81,ReRZV_2d,2024,1,Thres,NA,183.6693881229887,NA,NA
Overall,70,82,ReRZV_1d,2024,1,N0,1,1,1,1
Overall,70,82,ReRZV_1d,2024,1,dYear_Life,5.32441952619358e-4,5.321028793563443e-4,4.4389304577050485e-4,6.224548724270918e-4
Overall,70,82,ReRZV_1d,2024,1,dYear_Immunised,8.970649439792563,8.993448427417158,8.12270803187462,9.661579423808288
Overall,70,82,ReRZV_1d,2024,1,dRisk_HZ,-0.08023531244892364,-0.08040663692137415,-0.0868766506990543,-0.07216071950131547
Overall,70,82,ReRZV_1d,2024,1,dRisk_Hosp,-0.004065196984809498,-0.004045853252885886,-0.004869357462606065,-0.003339621220680186
Overall,70,82,ReRZV_1d,2024,1,dRisk_PHN,-0.006591293040840688,-0.006605563405102159,-0.007386839944898283,-0.005745325095303218
Overall,70,82,ReRZV_1d,2024,1,dRisk_Death,-9.077522187871344e-5,-9.057567293327789e-5,-1.0886445612444207e-4,-7.320709036388222e-5
Overall,70,82,ReRZV_1d,2024,1,dQ_Life,3.6335141213585673e-4,3.631476243644016e-4,3.0347252601243825e-4,4.242471168408368e-4
Overall,70,82,ReRZV_1d,2024,1,dQ_HZ,0.011541826909280852,0.011539478295107347,0.00975629187852595,0.013378241212428789
Overall,70,82,ReRZV_1d,2024,1,dQ_HZ_Norm,0.0036702360343675083,0.0036663221794858906,0.003119243615039327,0.004275098323243805
Overall,70,82,ReRZV_1d,2024,1,dQ_All,0.011898498292918822,0.011896527008980584,0.01008172102633007,0.013751338508991795
Overall,70,82,ReRZV_1d,2024,1,dQ_HZ_d,0.009736038550319103,0.009733813754896044,0.008275492819648086,0.011247589235657319
Overall,70,82,ReRZV_1d,2024,1,dQ_HZ_Norm_d,0.003134315279393213,0.003130259831946718,0.002673854422325977,0.003638086442030611
Overall,70,82,ReRZV_1d,2024,1,dQ_Life_d,2.697842075957686e-4,2.692985616024046e-4,2.2592192504498063e-4,3.131566867935476e-4
Overall,70,82,ReRZV_1d,2024,1,dQ_All_d,0.01000582275791488,0.010009036184662534,0.008522013570642528,0.011522419306740339
Overall,70,82,ReRZV_1d,2024,1,dC_Hosp,-17.704369938627263,-17.612627186338727,-21.30989490262318,-14.417402911625617
Overall,70,82,ReRZV_1d,2024,1,dC_GP_NonPHN,-8.909557556633569,-8.932014928292656,-9.662181329109893,-8.028026007172722
Overall,70,82,ReRZV_1d,2024,1,dC_GP_PHN,-3.576578394916775,-3.5860694232386843,-4.059524022688866,-3.070001482260683
Overall,70,82,ReRZV_1d,2024,1,dC_GP,-12.486135951550345,-12.514609403242174,-13.585958250301422,-11.16998472544358
Overall,70,82,ReRZV_1d,2024,1,dC_Med,-30.190505890177608,-30.14572982184416,-34.33729439545123,-25.88502937216924
Overall,70,82,ReRZV_1d,2024,1,dC_VacZVL,110,110,110,110
Overall,70,82,ReRZV_1d,2024,1,dC_VacRZV,63.1051127913613,63.10511698250856,63.10491065448689,63.1052975305398
Overall,70,82,ReRZV_1d,2024,1,dC_Vac,173.1051127913613,173.10511698250855,173.10491065448687,173.1052975305398
Overall,70,82,ReRZV_1d,2024,1,dC_All,142.9146069011837,142.959265301548,138.76771878241723,147.22012526471707
Overall,70,82,ReRZV_1d,2024,1,dC_Hosp_d,-14.00763951110728,-13.934160662655554,-16.848173952842174,-11.42014168747556
Overall,70,82,ReRZV_1d,2024,1,dC_GP_NonPHN_d,-7.614696220933707,-7.633780131680595,-8.227186178981862,-6.902237427687986
Overall,70,82,ReRZV_1d,2024,1,dC_GP_PHN_d,-3.0146552954321058,-3.021450556457539,-3.412293739616625,-2.6034526857612
Overall,70,82,ReRZV_1d,2024,1,dC_GP_d,-10.629351516365812,-10.649787495134852,-11.547968337351842,-9.571248587448167
Overall,70,82,ReRZV_1d,2024,1,dC_Med_d,-24.636991027473094,-24.603895834309697,-27.896269100459858,-21.25200390884107
Overall,70,82,ReRZV_1d,2024,1,dC_VacZVL_d,110,110,110,110
Overall,70,82,ReRZV_1d,2024,1,dC_VacRZV_d,52.780322595984856,52.78032610140772,52.780153531245595,52.78047710951008
Overall,70,82,ReRZV_1d,2024,1,dC_Vac_d,162.78032259598484,162.78032610140772,162.78015353124562,162.7804771095101
Overall,70,82,ReRZV_1d,2024,1,dC_All_d,138.14333156851177,138.17647899139632,134.88407796293978,141.52815469336474
Overall,70,82,ReRZV_1d,2024,1,dN_VacZVL,1,1,1,1
Overall,70,82,ReRZV_1d,2024,1,dN_VacRZV,0.7424130916630741,0.742413140970689,0.7424107135821988,0.7424152650651741
Overall,70,82,ReRZV_1d,2024,1,dN_VacZVL_d,1,1,1,1
Overall,70,82,ReRZV_1d,2024,1,dN_VacRZV_d,0.6209449717174689,0.6209450129577379,0.6209429827205365,0.620946789523648
Overall,70,82,ReRZV_1d,2024,1,ICER,13894.021715438053,13779.27778567862,11872.598839913524,16492.848617846714
Overall,70,82,ReRZV_1d,2024,1,Price0,85,85,84.99999999999999,85.00000000000001
Overall,70,82,ReRZV_1d,2024,1,Thres20,361.9538819450593,362.24630902982346,310.52190426576385,412.0611927764118
Overall,70,82,ReRZV_1d,2024,1,Thres30,523.0925186146709,523.603119233576,447.8063248675485,597.6585889272837
Overall,70,82,ReRZV_1d,2024,1,Thres20_50,NA,362.24630902982346,NA,NA
Overall,70,82,ReRZV_1d,2024,1,Thres30_90,NA,475.6273546655066,NA,NA
Overall,70,82,ReRZV_1d,2024,1,Thres,NA,362.24630902982346,NA,NA
Overall,70,82,ReRZV_2d,2024,1,N0,1,1,1,1
Overall,70,82,ReRZV_2d,2024,1,dYear_Life,5.489870845662104e-4,5.475211117662582e-4,4.6622232531827733e-4,6.37395197839119e-4
Overall,70,82,ReRZV_2d,2024,1,dYear_Immunised,9.157788772106374,9.163664315544018,8.459920474164582,9.776919856230231
Overall,70,82,ReRZV_2d,2024,1,dRisk_HZ,-0.0820002747626853,-0.08213967519465738,-0.08792294204033932,-0.07532602887544748
Overall,70,82,ReRZV_2d,2024,1,dRisk_Hosp,-0.004193884665575627,-0.004181804119007657,-0.00500257187562745,-0.0034833722106741467
Overall,70,82,ReRZV_2d,2024,1,dRisk_PHN,-0.006750140613516723,-0.006754611875471261,-0.007462823321979569,-0.005976255127091572
Overall,70,82,ReRZV_2d,2024,1,dRisk_Death,-9.394936924868594e-5,-9.363270780964996e-5,-1.1138940286026957e-4,-7.78626634861051e-5
Overall,70,82,ReRZV_2d,2024,1,dQ_Life,0.00037449781440831574,3.7365844539571924e-4,3.1916790863100174e-4,4.3381133502990994e-4
Overall,70,82,ReRZV_2d,2024,1,dQ_HZ,0.011810351977775893,0.011805718528022788,0.010153253134770035,0.01360301747313139
Overall,70,82,ReRZV_2d,2024,1,dQ_HZ_Norm,0.0037486111989442606,0.003745261653277838,0.0032217913386166194,0.0043374141884328496
Overall,70,82,ReRZV_2d,2024,1,dQ_All,0.01217791695058799,0.012167257798593845,0.010500322761095714,0.013984845817265288
Overall,70,82,ReRZV_2d,2024,1,dQ_HZ_d,0.009945120881522752,0.009946648542478297,0.008564614664636165,0.011423220744381679
Overall,70,82,ReRZV_2d,2024,1,dQ_HZ_Norm_d,0.0031955152191094995,0.0031920324240293264,0.002755439518848162,0.0036822493690026113
Overall,70,82,ReRZV_2d,2024,1,dQ_Life_d,2.778394730876093e-4,2.77271527188816e-4,2.3766996552816442e-4,3.19891700816477e-4
Overall,70,82,ReRZV_2d,2024,1,dQ_All_d,0.010222960354610303,0.010215641245648222,0.008832117707108988,0.01171381046529385
Overall,70,82,ReRZV_2d,2024,1,dC_Hosp,-18.280226748013117,-18.191100718808443,-21.91355626714675,-15.06835199456932
Overall,70,82,ReRZV_2d,2024,1,dC_GP_NonPHN,-9.099012015749539,-9.11292806459181,-9.779465299818014,-8.367229108468296
Overall,70,82,ReRZV_2d,2024,1,dC_GP_PHN,-3.6609690547566407,-3.669896478315045,-4.116195086974913,-3.186021819339034
Overall,70,82,ReRZV_2d,2024,1,dC_GP,-12.759981070506178,-12.779343690086247,-13.745732703790965,-11.660444177205704
Overall,70,82,ReRZV_2d,2024,1,dC_Med,-31.040207818519296,-31.00757051962147,-35.074642632804895,-27.22821524927633
Overall,70,82,ReRZV_2d,2024,1,dC_VacZVL,110,110,110,110
Overall,70,82,ReRZV_2d,2024,1,dC_VacRZV,126.2102255827226,126.21023396501712,126.20982130897379,126.2105950610796
Overall,70,82,ReRZV_2d,2024,1,dC_Vac,236.2102255827226,236.21023396501715,236.20982130897377,236.2105950610796
Overall,70,82,ReRZV_2d,2024,1,dC_All,205.1700177642033,205.2026215820631,201.13568277700574,208.98198324132443
Overall,70,82,ReRZV_2d,2024,1,dC_Hosp_d,-14.44853337968354,-14.366582089461456,-17.244508649899192,-11.96258483681044
Overall,70,82,ReRZV_2d,2024,1,dC_GP_NonPHN_d,-7.762740497301905,-7.770036970598064,-8.32616130225524,-7.161213740464638
Overall,70,82,ReRZV_2d,2024,1,dC_GP_PHN_d,-3.080768536218217,-3.088232333794729,-3.465353135575594,-2.7010041140762437
Overall,70,82,ReRZV_2d,2024,1,dC_GP_d,-10.843509033520121,-10.850017139811586,-11.675241954423052,-9.96086086349471
Overall,70,82,ReRZV_2d,2024,1,dC_Med_d,-25.29204241320366,-25.269062135165292,-28.42011105510758,-22.241215294614832
Overall,70,82,ReRZV_2d,2024,1,dC_VacZVL_d,110,110,110,110
Overall,70,82,ReRZV_2d,2024,1,dC_VacRZV_d,105.56064519196971,105.56065220281543,105.56030706249119,105.56095421902016
Overall,70,82,ReRZV_2d,2024,1,dC_Vac_d,215.5606451919697,215.56065220281545,215.5603070624912,215.5609542190202
Overall,70,82,ReRZV_2d,2024,1,dC_All_d,190.26860277876605,190.29180333806323,187.14051271024488,193.31972620270508
Overall,70,82,ReRZV_2d,2024,1,dN_VacZVL,1,1,1,1
Overall,70,82,ReRZV_2d,2024,1,dN_VacRZV,1.4848261833261482,1.484826281941378,1.4848214271643976,1.4848305301303482
Overall,70,82,ReRZV_2d,2024,1,dN_VacZVL_d,1,1,1,1
Overall,70,82,ReRZV_2d,2024,1,dN_VacRZV_d,1.2418899434349377,1.2418900259154757,1.241885965441073,1.241893579047296
Overall,70,82,ReRZV_2d,2024,1,ICER,18713.955303100538,18628.043051414024,16193.398482047356,21697.46656006482
Overall,70,82,ReRZV_2d,2024,1,Price0,85,85,84.99999999999999,85.00000000000001
Overall,70,82,ReRZV_2d,2024,1,Thres20,185.00129377312658,184.82439635705134,161.4859129652393,209.38532374024166
Overall,70,82,ReRZV_2d,2024,1,Thres30,267.3190568563313,267.0698104054749,232.58591650669717,303.62758540995037
Overall,70,82,ReRZV_2d,2024,1,Thres20_50,NA,184.82439635705134,NA,NA
Overall,70,82,ReRZV_2d,2024,1,Thres30_90,NA,244.28491464342733,NA,NA
Overall,70,82,ReRZV_2d,2024,1,Thres,NA,184.82439635705134,NA,NA
Overall,70,83,ReRZV_1d,2024,1,N0,1,1,1,1
Overall,70,83,ReRZV_1d,2024,1,dYear_Life,5.085414265368353e-4,5.083989907834763e-4,4.236068862573994e-4,5.937560968529709e-4
Overall,70,83,ReRZV_1d,2024,1,dYear_Immunised,8.531244610970377,8.539643289912469,7.747774243330695,9.203435382287655
Overall,70,83,ReRZV_1d,2024,1,dRisk_HZ,-0.07600704945822764,-0.07615731505287529,-0.08239870660455956,-0.06845348473289699
Overall,70,83,ReRZV_1d,2024,1,dRisk_Hosp,-0.0038927233246567544,-0.0038827069833595614,-0.004651333714847864,-0.0031999992561006344
Overall,70,83,ReRZV_1d,2024,1,dRisk_PHN,-0.006198619710845394,-0.006205863979843816,-0.006967279647405924,-0.00541729313581394
Overall,70,83,ReRZV_1d,2024,1,dRisk_Death,-8.843056160341054e-5,-8.831838042831682e-5,-1.059268863869767e-4,-7.148801713196383e-5
Overall,70,83,ReRZV_1d,2024,1,dQ_Life,3.4646496409559903e-4,3.4644397268124294e-4,2.894693520868685e-4,4.0340659611310943e-4
Overall,70,83,ReRZV_1d,2024,1,dQ_HZ,0.010937164586512754,0.010928880888942245,0.009232620661993832,0.01267312658895141
Overall,70,83,ReRZV_1d,2024,1,dQ_HZ_Norm,0.0034788616770239397,0.003474731037200832,0.002947921104936604,0.00404977795811303
Overall,70,83,ReRZV_1d,2024,1,dQ_All,0.01127693223903717,0.011270444537171187,0.00955006893222361,0.013028503915318313
Overall,70,83,ReRZV_1d,2024,1,dQ_HZ_d,0.009221661887872833,0.00921690026929207,0.00782530606999234,0.010632547002024217
Overall,70,83,ReRZV_1d,2024,1,dQ_HZ_Norm_d,0.0029718240668527504,0.002967286843247179,0.0025346795537479878,0.003448102125126689
Overall,70,83,ReRZV_1d,2024,1,dQ_Life_d,2.566378558528841e-4,2.5669084095980566e-4,2.1523231756197524e-4,2.972115782806205e-4
Overall,70,83,ReRZV_1d,2024,1,dQ_All_d,0.00947829974372567,0.009474000755803402,0.008057702314112581,0.010912584241669299
Overall,70,83,ReRZV_1d,2024,1,dC_Hosp,-17.003938936436516,-16.96351163749178,-20.585950093261577,-13.72672299520991
Overall,70,83,ReRZV_1d,2024,1,dC_GP_NonPHN,-8.439838524912304,-8.461344617570475,-9.155516102142041,-7.628225849124342
Overall,70,83,ReRZV_1d,2024,1,dC_GP_PHN,-3.3603395824812563,-3.3637193632077524,-3.8208205113621334,-2.880210732642097
Overall,70,83,ReRZV_1d,2024,1,dC_GP,-11.80017810739356,-11.821206456648632,-12.864469217496065,-10.567102538121503
Overall,70,83,ReRZV_1d,2024,1,dC_Med,-28.804117043830075,-28.79212663466918,-32.768475142862485,-24.76185872377309
Overall,70,83,ReRZV_1d,2024,1,dC_VacZVL,110,110,110,110
Overall,70,83,ReRZV_1d,2024,1,dC_VacRZV,60.00163889985989,60.001642315211136,60.00140209333483,60.00185801510456
Overall,70,83,ReRZV_1d,2024,1,dC_Vac,170.0016388998599,170.00164231521114,170.00140209333483,170.00185801510457
Overall,70,83,ReRZV_1d,2024,1,dC_All,141.19752185602982,141.20953015793464,137.2332962368326,145.23964189966642
Overall,70,83,ReRZV_1d,2024,1,dC_Hosp_d,-13.399238100659623,-13.353964909267255,-16.200296952809126,-10.920031023475401
Overall,70,83,ReRZV_1d,2024,1,dC_GP_NonPHN_d,-7.216025980670291,-7.230691721810583,-7.810062804522749,-6.556386828090611
Overall,70,83,ReRZV_1d,2024,1,dC_GP_PHN_d,-2.8312876979004287,-2.8338234079118623,-3.215474400429646,-2.4402092094014702
Overall,70,83,ReRZV_1d,2024,1,dC_GP_d,-10.04731367857072,-10.056081613931209,-10.943411463965473,-9.045497740808688
Overall,70,83,ReRZV_1d,2024,1,dC_Med_d,-23.446551779230344,-23.429615553456053,-26.526606834317786,-20.3170079997362
Overall,70,83,ReRZV_1d,2024,1,dC_VacZVL_d,110,110,110,110
Overall,70,83,ReRZV_1d,2024,1,dC_VacRZV_d,49.44297149650476,49.44297431084645,49.44277636153039,49.44315205338613
Overall,70,83,ReRZV_1d,2024,1,dC_Vac_d,159.44297149650475,159.44297431084647,159.4427763615304,159.44315205338614
Overall,70,83,ReRZV_1d,2024,1,dC_All_d,135.99641971727442,136.01327267551838,132.91626978565955,139.1260243997179
Overall,70,83,ReRZV_1d,2024,1,dN_VacZVL,1,1,1,1
Overall,70,83,ReRZV_1d,2024,1,dN_VacRZV,0.7059016341159987,0.7059016742966016,0.7058988481568803,0.7059042119424067
Overall,70,83,ReRZV_1d,2024,1,dN_VacZVL_d,1,1,1,1
Overall,70,83,ReRZV_1d,2024,1,dN_VacRZV_d,0.5816820176059383,0.5816820507158407,0.5816797219003575,0.5816841418045426
Overall,70,83,ReRZV_1d,2024,1,ICER,14439.447978769966,14340.412106941614,12340.702305299175,17133.457142400428
Overall,70,83,ReRZV_1d,2024,1,Price0,85,85,84.99999999999999,85.00000000000001
Overall,70,83,ReRZV_1d,2024,1,Thres20,366.2010094132675,366.33136309002896,313.93396529228676,417.22486576630865
Overall,70,83,ReRZV_1d,2024,1,Thres30,529.1474174676777,529.2399540769222,452.55280464431837,604.4881683532024
Overall,70,83,ReRZV_1d,2024,1,Thres20_50,NA,366.33136309002896,NA,NA
Overall,70,83,ReRZV_1d,2024,1,Thres30_90,NA,480.6925827807474,NA,NA
Overall,70,83,ReRZV_1d,2024,1,Thres,NA,366.33136309002896,NA,NA
Overall,70,83,ReRZV_2d,2024,1,N0,1,1,1,1
Overall,70,83,ReRZV_2d,2024,1,dYear_Life,5.23908802056404e-4,5.224708608064788e-4,4.4597720854726574e-4,6.055676764934681e-4
Overall,70,83,ReRZV_2d,2024,1,dYear_Immunised,8.697544449879146,8.69268729800507,8.045803012939599,9.304599496615925
Overall,70,83,ReRZV_2d,2024,1,dRisk_HZ,-0.07757175242796618,-0.07765307121730139,-0.0833432097365263,-0.07134600718218599
Overall,70,83,ReRZV_2d,2024,1,dRisk_Hosp,-0.00401285544249818,-0.004000611085390128,-0.0047626845116563845,-0.00336132236230786
Overall,70,83,ReRZV_2d,2024,1,dRisk_PHN,-0.006338878874390557,-0.006338701381910507,-0.00705016119987252,-0.0056127745271852564
Overall,70,83,ReRZV_2d,2024,1,dRisk_Death,-9.147866376810639e-5,-9.124672557105343e-5,-1.0839997497909003e-4,-7.581625005342276e-5
Overall,70,83,ReRZV_2d,2024,1,dQ_Life,3.5678293257154526e-4,3.5582208408158067e-4,3.0424436805058795e-4,4.1170883057417557e-4
Overall,70,83,ReRZV_2d,2024,1,dQ_HZ,0.011176956268757731,0.011165343287249531,0.009570987460014899,0.012852952486793351
Overall,70,83,ReRZV_2d,2024,1,dQ_HZ_Norm,0.003548188921757147,0.003545159015617372,0.0030457163655982114,0.0041048516947545036
Overall,70,83,ReRZV_2d,2024,1,dQ_All,0.011526789974521667,0.011507446145490263,0.009901713387569134,0.013215550974447595
Overall,70,83,ReRZV_2d,2024,1,dQ_HZ_d,0.009406432940646298,0.009401253946519025,0.008087193791386905,0.010792093455444775
Overall,70,83,ReRZV_2d,2024,1,dQ_HZ_Norm_d,0.003025378074142954,0.003021754610309412,0.0026051217893733776,0.003492651490865706
Overall,70,83,ReRZV_2d,2024,1,dQ_Life_d,2.6405244498040937e-4,2.632365300643258e-4,2.2563906466479544e-4,3.036904379167371e-4
Overall,70,83,ReRZV_2d,2024,1,dQ_All_d,0.009670485385626683,0.009663988557346848,0.008339133473358728,0.011062344898692933
Overall,70,83,ReRZV_2d,2024,1,dC_Hosp,-17.54468589521418,-17.45379954279334,-20.99025405688494,-14.521707495589638
Overall,70,83,ReRZV_2d,2024,1,dC_GP_NonPHN,-8.607092000826336,-8.613969192254402,-9.264197968537411,-7.907679760124755
Overall,70,83,ReRZV_2d,2024,1,dC_GP_PHN,-3.434518560032903,-3.4352919554995403,-3.8720674107525426,-2.9840936031011775
Overall,70,83,ReRZV_2d,2024,1,dC_GP,-12.041610560859239,-12.041265039231035,-13.022338789439292,-11.021918731840584
Overall,70,83,ReRZV_2d,2024,1,dC_Med,-29.586296456073416,-29.502370559088728,-33.468975099209324,-25.971023858504417
Overall,70,83,ReRZV_2d,2024,1,dC_VacZVL,110,110,110,110
Overall,70,83,ReRZV_2d,2024,1,dC_VacRZV,120.00327779971978,120.00328463042227,120.00280418666966,120.00371603020912
Overall,70,83,ReRZV_2d,2024,1,dC_Vac,230.00327779971977,230.00328463042229,230.00280418666966,230.00371603020912
Overall,70,83,ReRZV_2d,2024,1,dC_All,200.41698134364637,200.5009180963686,196.53418650984648,204.03189968017966
Overall,70,83,ReRZV_2d,2024,1,dC_Hosp_d,-13.810036174974995,-13.745459046720583,-16.50312114576268,-11.437677486916904
Overall,70,83,ReRZV_2d,2024,1,dC_GP_NonPHN_d,-7.345314174784708,-7.345089625512974,-7.904229357371873,-6.771110615418059
Overall,70,83,ReRZV_2d,2024,1,dC_GP_PHN_d,-2.888779364966972,-2.8898545625034773,-3.258163971683224,-2.521310033935308
Overall,70,83,ReRZV_2d,2024,1,dC_GP_d,-10.23409353975168,-10.230750973422076,-11.072801877278508,-9.382570027622345
Overall,70,83,ReRZV_2d,2024,1,dC_Med_d,-24.044129714726672,-23.99139543944504,-27.031906291121285,-21.19736240251459
Overall,70,83,ReRZV_2d,2024,1,dC_VacZVL_d,110,110,110,110
Overall,70,83,ReRZV_2d,2024,1,dC_VacRZV_d,98.88594299300952,98.8859486216929,98.88555272306078,98.88630410677226
Overall,70,83,ReRZV_2d,2024,1,dC_Vac_d,208.8859429930095,208.88594862169293,208.88555272306078,208.88630410677226
Overall,70,83,ReRZV_2d,2024,1,dC_All_d,184.84181327828284,184.89476477767457,181.85393556900365,187.6884263998071
Overall,70,83,ReRZV_2d,2024,1,dN_VacZVL,1,1,1,1
Overall,70,83,ReRZV_2d,2024,1,dN_VacRZV,1.4118032682319974,1.4118033485932031,1.4117976963137606,1.4118084238848134
Overall,70,83,ReRZV_2d,2024,1,dN_VacZVL_d,1,1,1,1
Overall,70,83,ReRZV_2d,2024,1,dN_VacRZV_d,1.1633640352118766,1.1633641014316813,1.163359443800715,1.1633682836090853
Overall,70,83,ReRZV_2d,2024,1,ICER,19220.51657072098,19122.99827110833,16628.414978158504,22325.34858855065
Overall,70,83,ReRZV_2d,2024,1,Price0,85,85,84.99999999999999,85.00000000000001
Overall,70,83,ReRZV_2d,2024,1,Thres20,186.9181323493285,186.8309305517442,162.86530536326845,211.42247713030122
Overall,70,83,ReRZV_2d,2024,1,Thres30,270.04331832943825,269.8854542115665,234.54361825132972,306.91229126782014
Overall,70,83,ReRZV_2d,2024,1,Thres20_50,NA,186.8309305517442,NA,NA
Overall,70,83,ReRZV_2d,2024,1,Thres30_90,NA,246.85915262579846,NA,NA
Overall,70,83,ReRZV_2d,2024,1,Thres,NA,186.8309305517442,NA,NA
Overall,70,84,ReRZV_1d,2024,1,N0,1,1,1,1
Overall,70,84,ReRZV_1d,2024,1,dYear_Life,4.8141809866481287e-4,4.8122483050505593e-4,4.019834275774237e-4,5.624583805292182e-4
Overall,70,84,ReRZV_1d,2024,1,dYear_Immunised,8.09912019104622,8.105382347185973,7.366211027301005,8.747279135365359
Overall,70,84,ReRZV_1d,2024,1,dRisk_HZ,-0.07183344925610267,-0.07193303443482607,-0.07807448697280284,-0.06465062425237521
Overall,70,84,ReRZV_1d,2024,1,dRisk_Hosp,-0.0036955130394644414,-0.003689200258265247,-0.004419386919542247,-0.0030371746547257204
Overall,70,84,ReRZV_1d,2024,1,dRisk_PHN,-0.005805341842649184,-0.005809005415087954,-0.006551782352232613,-0.0050452533827835475
Overall,70,84,ReRZV_1d,2024,1,dRisk_Death,-8.538948606982014e-5,-8.53703995058701e-5,-1.0204644547483536e-4,-6.920606143395799e-5
Overall,70,84,ReRZV_1d,2024,1,dQ_Life,3.2745073653588455e-4,3.273143533073508e-4,2.73932184671466e-4,3.8182894428726575e-4
Overall,70,84,ReRZV_1d,2024,1,dQ_HZ,0.010332482540125462,0.010320708550559525,0.008730688056269876,0.01196760452803935
Overall,70,84,ReRZV_1d,2024,1,dQ_HZ_Norm,0.0032908594868368574,0.0032845746519763793,0.002791076762782634,0.0038392381988972923
Overall,70,84,ReRZV_1d,2024,1,dQ_All,0.010653246468161048,0.01063976053040161,0.009019222560566798,0.01229468432006171
Overall,70,84,ReRZV_1d,2024,1,dQ_HZ_d,0.00871621740181495,0.008702727755120631,0.0073960889674889565,0.010059750325998755
Overall,70,84,ReRZV_1d,2024,1,dQ_HZ_Norm_d,0.0028149056540047856,0.0028085956329100817,0.002400029812632293,0.003269056034558148
Overall,70,84,ReRZV_1d,2024,1,dQ_Life_d,2.4206064697942953e-4,2.4185405920729153e-4,2.0335186438638075e-4,2.811449643635554e-4
Overall,70,84,ReRZV_1d,2024,1,dQ_All_d,0.008958278048794364,0.008948314185914796,0.007612080008049871,0.0103164732641694
Overall,70,84,ReRZV_1d,2024,1,dC_Hosp,-16.18648374537217,-16.16395232744197,-19.55815156050104,-13.163130474959294
Overall,70,84,ReRZV_1d,2024,1,dC_GP_NonPHN,-7.980001917858542,-7.9919496041793625,-8.673541542266133,-7.223062345147772
Overall,70,84,ReRZV_1d,2024,1,dC_GP_PHN,-3.145215441119336,-3.1464670233853544,-3.5836741884865027,-2.679511606509139
Overall,70,84,ReRZV_1d,2024,1,dC_GP,-11.125217358977878,-11.131358431010314,-12.159240147404555,-9.97252961955878
Overall,70,84,ReRZV_1d,2024,1,dC_Med,-27.311701104350046,-27.302719958773217,-31.121016612506693,-23.55448533846878
Overall,70,84,ReRZV_1d,2024,1,dC_VacZVL,110,110,110,110
Overall,70,84,ReRZV_1d,2024,1,dC_VacRZV,56.67110023060338,56.67110555088513,56.67082713123748,56.671345496517745
Overall,70,84,ReRZV_1d,2024,1,dC_Vac,166.67110023060337,166.67110555088513,166.67082713123747,166.67134549651774
Overall,70,84,ReRZV_1d,2024,1,dC_All,139.35939912625332,139.3684125630941,135.54999911856677,143.11635412828664
Overall,70,84,ReRZV_1d,2024,1,dC_Hosp_d,-12.706282579807274,-12.682090037264155,-15.286842897142684,-10.372317571862453
Overall,70,84,ReRZV_1d,2024,1,dC_GP_NonPHN_d,-6.83233908174055,-6.837634628063062,-7.416875583932658,-6.200238364231352
Overall,70,84,ReRZV_1d,2024,1,dC_GP_PHN_d,-2.6519748963055703,-2.650994580434156,-3.0142476445818454,-2.2758721269127107
Overall,70,84,ReRZV_1d,2024,1,dC_GP_d,-9.484313978046119,-9.485376285631556,-10.346065116262302,-8.533179706248362
Overall,70,84,ReRZV_1d,2024,1,dC_Med_d,-22.190596557853393,-22.159885493306227,-25.14832221499876,-19.23653246021581
Overall,70,84,ReRZV_1d,2024,1,dC_VacZVL_d,110,110,110,110
Overall,70,84,ReRZV_1d,2024,1,dC_VacRZV_d,46.008391776408025,46.00839609567492,46.008170060885135,46.00859089536339
Overall,70,84,ReRZV_1d,2024,1,dC_Vac_d,156.00839177640802,156.00839609567493,156.00817006088513,156.0085908953634
Overall,70,84,ReRZV_1d,2024,1,dC_All_d,133.81779521855464,133.8485893081204,130.85989865815856,136.77180274130984
Overall,70,84,ReRZV_1d,2024,1,dN_VacZVL,1,1,1,1
Overall,70,84,ReRZV_1d,2024,1,dN_VacRZV,0.6667188262423928,0.6667188888339427,0.6667156133086762,0.6667217117237381
Overall,70,84,ReRZV_1d,2024,1,dN_VacZVL_d,1,1,1,1
Overall,70,84,ReRZV_1d,2024,1,dN_VacRZV_d,0.5412751973695061,0.5412752481844108,0.5412725889515898,0.5412775399454517
Overall,70,84,ReRZV_1d,2024,1,ICER,15033.829598425895,14947.743169096393,12876.855618270842,17831.043390180348
Overall,70,84,ReRZV_1d,2024,1,Price0,85,85,84.99999999999999,85.00000000000001
Overall,70,84,ReRZV_1d,2024,1,Thres20,372.0032839491071,371.7190217456246,318.6567255790552,423.8369163723291
Overall,70,84,ReRZV_1d,2024,1,Thres30,537.5064845556365,536.9404885750303,459.70048580503016,614.1642127185029
Overall,70,84,ReRZV_1d,2024,1,Thres20_50,NA,371.7190217456246,NA,NA
Overall,70,84,ReRZV_1d,2024,1,Thres30_90,NA,488.1351406949754,NA,NA
Overall,70,84,ReRZV_1d,2024,1,Thres,NA,371.7190217456246,NA,NA
Overall,70,84,ReRZV_2d,2024,1,N0,1,1,1,1
Overall,70,84,ReRZV_2d,2024,1,dYear_Life,4.955065795168938e-4,4.941998407890225e-4,4.2164322832851655e-4,5.727044908833356e-4
Overall,70,84,ReRZV_2d,2024,1,dYear_Immunised,8.245550121232284,8.238749060466429,7.63909849605648,8.836777638116585
Overall,70,84,ReRZV_2d,2024,1,dRisk_HZ,-0.07320665941342215,-0.07320437097677665,-0.07883542878557816,-0.06721403617715167
Overall,70,84,ReRZV_2d,2024,1,dRisk_Hosp,-0.0038063560444638565,-0.0037901644578794006,-0.004535717914943671,-0.0031857289547714517
Overall,70,84,ReRZV_2d,2024,1,dRisk_PHN,-0.00592763137929392,-0.0059269511829016155,-0.0066319851543840454,-0.005215677898667322
Overall,70,84,ReRZV_2d,2024,1,dRisk_Death,-8.828587437372035e-5,-8.805667275711331e-5,-1.0431737275138097e-4,-7.323943254551058e-5
Overall,70,84,ReRZV_2d,2024,1,dQ_Life,3.3687502619301134e-4,3.3605849688900236e-4,2.870911466406945e-4,3.8893951454537217e-4
Overall,70,84,ReRZV_2d,2024,1,dQ_HZ,0.010544457204509184,0.010526994488514498,0.009040668168812768,0.012135655897096035
Overall,70,84,ReRZV_2d,2024,1,dQ_HZ_Norm,0.003351573277125611,0.0033484877247101897,0.0028778218404460535,0.003888628977669014
Overall,70,84,ReRZV_2d,2024,1,dQ_All,0.01087439550897147,0.010864906527912943,0.00934730185619297,0.01247914241194241
Overall,70,84,ReRZV_2d,2024,1,dQ_HZ_d,0.008877835346300753,0.008867432909070608,0.007626913214018592,0.010218026530367115
Overall,70,84,ReRZV_2d,2024,1,dQ_HZ_Norm_d,0.0028612974881425807,0.0028583698093171176,0.0024661682509572454,0.0033065255971241243
Overall,70,84,ReRZV_2d,2024,1,dQ_Life_d,2.4879325750551564e-4,2.4798962991656737e-4,2.1258779499770954e-4,2.863499808876124e-4
Overall,70,84,ReRZV_2d,2024,1,dQ_All_d,0.009126628603806254,0.009118963461949292,0.00786663892691739,0.010449103301665503
Overall,70,84,ReRZV_2d,2024,1,dC_Hosp,-16.688458633538865,-16.625146991901577,-20.01863744815888,-13.746477635347015
Overall,70,84,ReRZV_2d,2024,1,dC_GP_NonPHN,-8.126177965676614,-8.121903751331168,-8.767843358696148,-7.4462891809065095
Overall,70,84,ReRZV_2d,2024,1,dC_GP_PHN,-3.2095825100268964,-3.204984491498975,-3.644803315510206,-2.7825678698106446
Overall,70,84,ReRZV_2d,2024,1,dC_GP,-11.33576047570351,-11.329994400397116,-12.312625734327005,-10.335840394254266
Overall,70,84,ReRZV_2d,2024,1,dC_Med,-28.024219109242374,-28.00286733409486,-31.74486784020915,-24.560751089889138
Overall,70,84,ReRZV_2d,2024,1,dC_VacZVL,110,110,110,110
Overall,70,84,ReRZV_2d,2024,1,dC_VacRZV,113.34220046120676,113.34221110177026,113.34165426247496,113.34269099303549
Overall,70,84,ReRZV_2d,2024,1,dC_Vac,223.34220046120677,223.34221110177026,223.34165426247498,223.3426909930355
Overall,70,84,ReRZV_2d,2024,1,dC_All,195.3179813519644,195.33938449594078,191.5974002388693,198.78184245588218
Overall,70,84,ReRZV_2d,2024,1,dC_Hosp_d,-13.08450634871598,-13.04755054401679,-15.59354610961625,-10.793364650026462
Overall,70,84,ReRZV_2d,2024,1,dC_GP_NonPHN_d,-6.944105035676465,-6.93475452853513,-7.4974701090027915,-6.388709473869316
Overall,70,84,ReRZV_2d,2024,1,dC_GP_PHN_d,-2.701315619443241,-2.6964772692666115,-3.0583638907805772,-2.351185302954364
Overall,70,84,ReRZV_2d,2024,1,dC_GP_d,-9.645420655119706,-9.634141823194682,-10.461889267559654,-8.8124982651195225
Overall,70,84,ReRZV_2d,2024,1,dC_Med_d,-22.729927003835684,-22.699161484138322,-25.599420627659654,-20.005725072594988
Overall,70,84,ReRZV_2d,2024,1,dC_VacZVL_d,110,110,110,110
Overall,70,84,ReRZV_2d,2024,1,dC_VacRZV_d,92.01678355281605,92.01679219134984,92.01634012177027,92.01718179072678
Overall,70,84,ReRZV_2d,2024,1,dC_Vac_d,202.01678355281604,202.01679219134985,202.01634012177027,202.01718179072677
Overall,70,84,ReRZV_2d,2024,1,dC_All_d,179.28685654898035,179.3176891775489,176.41745476999796,182.01137681243583
Overall,70,84,ReRZV_2d,2024,1,dN_VacZVL,1,1,1,1
Overall,70,84,ReRZV_2d,2024,1,dN_VacRZV,1.3334376524847855,1.3334377776678854,1.3334312266173525,1.3334434234474761
Overall,70,84,ReRZV_2d,2024,1,dN_VacZVL_d,1,1,1,1
Overall,70,84,ReRZV_2d,2024,1,dN_VacRZV_d,1.0825503947390123,1.0825504963688215,1.0825451779031796,1.0825550798909034
Overall,70,84,ReRZV_2d,2024,1,ICER,19756.658065107273,19651.106065323816,17095.073522615363,23008.235676899876
Overall,70,84,ReRZV_2d,2024,1,Price0,85,85,84.99999999999999,85.00000000000001
Overall,70,84,ReRZV_2d,2024,1,Thres20,189.6101034937387,189.55685556828422,164.77073388976984,214.70723203595685
Overall,70,84,ReRZV_2d,2024,1,Thres30,273.9168327937752,273.8487917483509,237.24969623608453,311.4079777859215
Overall,70,84,ReRZV_2d,2024,1,Thres20_50,NA,189.55685556828422,NA,NA
Overall,70,84,ReRZV_2d,2024,1,Thres30_90,NA,249.94868422401618,NA,NA
Overall,70,84,ReRZV_2d,2024,1,Thres,NA,189.55685556828422,NA,NA
Overall,70,85,ReRZV_1d,2024,1,N0,1,1,1,1
Overall,70,85,ReRZV_1d,2024,1,dYear_Life,4.512670825905776e-4,4.507967339204555e-4,3.7733249931628523e-4,5.282010645683676e-4
Overall,70,85,ReRZV_1d,2024,1,dYear_Immunised,7.679581406551166,7.692792392672322,6.974403357821352,8.317896058192787
Overall,70,85,ReRZV_1d,2024,1,dRisk_HZ,-0.06779332046541711,-0.06784166727274218,-0.07392393373868412,-0.06116720518822219
Overall,70,85,ReRZV_1d,2024,1,dRisk_Hosp,-0.0034837354708951614,-0.0034736707960516203,-0.004169324549139753,-0.002870113905993541
Overall,70,85,ReRZV_1d,2024,1,dRisk_PHN,-0.005425310094995488,-0.0054334563708709396,-0.006149506850258776,-0.004686379053666643
Overall,70,85,ReRZV_1d,2024,1,dRisk_Death,-8.159810506842752e-5,-8.154681782815589e-5,-9.746072600434103e-5,-6.629782655741392e-5
Overall,70,85,ReRZV_1d,2024,1,dQ_Life,3.0646954976765086e-4,3.061508807844504e-4,2.570957595951384e-4,3.5838090331963274e-4
Overall,70,85,ReRZV_1d,2024,1,dQ_HZ,0.009739684850389363,0.009720008767922596,0.008184814119409063,0.011288095330643852
Overall,70,85,ReRZV_1d,2024,1,dQ_HZ_Norm,0.0031096509422727475,0.003101256382048896,0.0026319813359089532,0.0036284182287706765
Overall,70,85,ReRZV_1d,2024,1,dQ_All,0.01003951262521404,0.01002374855986421,0.00846288580119321,0.011600191746224951
Overall,70,85,ReRZV_1d,2024,1,dQ_HZ_d,0.008229081123129303,0.0082142563660173,0.006946475026591621,0.009526453608901284
Overall,70,85,ReRZV_1d,2024,1,dQ_HZ_Norm_d,0.002666165064777352,0.002658483998075421,0.002271888679048609,0.003097176932697737
Overall,70,85,ReRZV_1d,2024,1,dQ_Life_d,2.262039470843975e-4,2.2591550789563541e-4,1.9066393986477692e-4,2.63994726460437e-4
Overall,70,85,ReRZV_1d,2024,1,dQ_All_d,0.008455285070213682,0.008443193260715631,0.007166045083588291,0.009758624553725958
Overall,70,85,ReRZV_1d,2024,1,dC_Hosp,-15.293347585180932,-15.272960384159585,-18.43669756157529,-12.46734225114622
Overall,70,85,ReRZV_1d,2024,1,dC_GP_NonPHN,-7.5371845579402965,-7.540858334818315,-8.23133614040842,-6.811118513962664
Overall,70,85,ReRZV_1d,2024,1,dC_GP_PHN,-2.9384735786727396,-2.936375961538669,-3.3658089068143164,-2.503443363611702
Overall,70,85,ReRZV_1d,2024,1,dC_GP,-10.475658136613037,-10.475487283808059,-11.49199516637668,-9.367902064913146
Overall,70,85,ReRZV_1d,2024,1,dC_Med,-25.76900572179397,-25.749391281352196,-29.40150088474218,-22.306532356083135
Overall,70,85,ReRZV_1d,2024,1,dC_VacZVL,110,110,110,110
Overall,70,85,ReRZV_1d,2024,1,dC_VacRZV,53.11764741980038,53.117655689852015,53.117338501584335,53.117930371920224
Overall,70,85,ReRZV_1d,2024,1,dC_Vac,163.1176474198004,163.11765568985203,163.11733850158433,163.1179303719202
Overall,70,85,ReRZV_1d,2024,1,dC_All,137.34864169800642,137.36819376428727,133.71609796363285,140.8113021829182
Overall,70,85,ReRZV_1d,2024,1,dC_Hosp_d,-11.96482608780498,-11.936648264884774,-14.41060216497323,-9.821000450641458
Overall,70,85,ReRZV_1d,2024,1,dC_GP_NonPHN_d,-6.46896702858644,-6.468840597355177,-7.059127752586789,-5.8615123429120155
Overall,70,85,ReRZV_1d,2024,1,dC_GP_PHN_d,-2.4824864860961595,-2.4786925518207816,-2.8418334143939163,-2.1213706679081774
Overall,70,85,ReRZV_1d,2024,1,dC_GP_d,-8.9514535146826,-8.949324094038733,-9.808213891650164,-8.043310109070516
Overall,70,85,ReRZV_1d,2024,1,dC_Med_d,-20.91627960248758,-20.882630556513107,-23.7736871686518,-18.223007100621924
Overall,70,85,ReRZV_1d,2024,1,dC_VacZVL_d,110,110,110,110
Overall,70,85,ReRZV_1d,2024,1,dC_VacRZV_d,42.4862302259961,42.486236840809354,42.48598313729611,42.48645654567498
Overall,70,85,ReRZV_1d,2024,1,dC_Vac_d,152.4862302259961,152.48623684080934,152.4859831372961,152.486456545675
Overall,70,85,ReRZV_1d,2024,1,dC_All_d,131.56995062350853,131.6034606950123,128.71273947999305,134.2631452287773
Overall,70,85,ReRZV_1d,2024,1,dN_VacZVL,1,1,1,1
Overall,70,85,ReRZV_1d,2024,1,dN_VacRZV,0.6249134990564751,0.6249135963512003,0.6249098647245216,0.6249168279049437
Overall,70,85,ReRZV_1d,2024,1,dN_VacZVL_d,1,1,1,1
Overall,70,85,ReRZV_1d,2024,1,dN_VacRZV_d,0.4998380026587777,0.49983808048011,0.4998350957328954,0.49984066524323506
Overall,70,85,ReRZV_1d,2024,1,ICER,15662.511851974674,15595.809631476059,13365.10437696413,18625.47889284266
Overall,70,85,ReRZV_1d,2024,1,Price0,85,85,84.99999999999999,85.00000000000001
Overall,70,85,ReRZV_1d,2024,1,Thres20,380.1671159685025,379.34055969225415,324.83179494305284,434.44596540526004
Overall,70,85,ReRZV_1d,2024,1,Thres30,549.3276164242122,548.1533616612707,468.3006466867115,629.9008654930037
Overall,70,85,ReRZV_1d,2024,1,Thres20_50,NA,379.34055969225415,NA,NA
Overall,70,85,ReRZV_1d,2024,1,Thres30_90,NA,497.56055716259345,NA,NA
Overall,70,85,ReRZV_1d,2024,1,Thres,NA,379.34055969225415,NA,NA
Overall,70,85,ReRZV_2d,2024,1,N0,1,1,1,1
Overall,70,85,ReRZV_2d,2024,1,dYear_Life,4.639836225875982e-4,4.62679015223344e-4,3.9409020038894127e-4,5.385528393933469e-4
Overall,70,85,ReRZV_2d,2024,1,dYear_Immunised,7.807217840570596,7.7993152310632,7.211284626745996,8.402292025778102
Overall,70,85,ReRZV_2d,2024,1,dRisk_HZ,-0.06898584521745653,-0.06892181889427218,-0.07464800111902184,-0.06313552857386885
Overall,70,85,ReRZV_2d,2024,1,dRisk_Hosp,-0.0035848570095566175,-0.003568414702596945,-0.004257212278380376,-0.0029979215234360143
Overall,70,85,ReRZV_2d,2024,1,dRisk_PHN,-0.005530694059419115,-0.0055274792062172395,-0.006225830784891393,-0.004835881923902461
Overall,70,85,ReRZV_2d,2024,1,dRisk_Death,-8.43153710296125e-5,-8.409887770207119e-5,-9.980989925192731e-5,-7.008635029571699e-5
Overall,70,85,ReRZV_2d,2024,1,dQ_Life,3.1494137840962645e-4,3.1388047375280337e-4,2.680757133294964e-4,3.654163077889461e-4
Overall,70,85,ReRZV_2d,2024,1,dQ_HZ,0.009925092431118214,0.009907968664111515,0.008490243712342025,0.011444022736232505
Overall,70,85,ReRZV_2d,2024,1,dQ_HZ_Norm,0.0031622713281400663,0.003156668334803381,0.0027069007360169843,0.0036785063684625454
Overall,70,85,ReRZV_2d,2024,1,dQ_All,0.01023314548178653,0.010218544833279886,0.008775219538921464,0.011779950303278629
Overall,70,85,ReRZV_2d,2024,1,dQ_HZ_d,0.008368941503195514,0.008353787670218462,0.007191371461503465,0.009640416341796822
Overall,70,85,ReRZV_2d,2024,1,dQ_HZ_Norm_d,0.0027059339085376112,0.002700725404940175,0.0023252293115154136,0.003130853737578451
Overall,70,85,ReRZV_2d,2024,1,dQ_Life_d,2.32219052309782e-4,2.3154744608966382e-4,1.9851688605774243e-4,2.67991687174085e-4
Overall,70,85,ReRZV_2d,2024,1,dQ_All_d,0.008601160555505282,0.00858721483224123,0.007399956439452193,0.009864016814897878
Overall,70,85,ReRZV_2d,2024,1,dC_Hosp,-15.754114881584572,-15.691125958087266,-18.79615000027613,-12.98547076596715
Overall,70,85,ReRZV_2d,2024,1,dC_GP_NonPHN,-7.663576312822134,-7.652121132730412,-8.330204543195977,-7.019978090964542
Overall,70,85,ReRZV_2d,2024,1,dC_GP_PHN,-2.9936610610997314,-2.9902660578713567,-3.4233961200775047,-2.5897461466958878
Overall,70,85,ReRZV_2d,2024,1,dC_GP,-10.657237373921866,-10.639836649601808,-11.642819439063018,-9.676417985231323
Overall,70,85,ReRZV_2d,2024,1,dC_Med,-26.41135225550644,-26.382203796039207,-29.8811726399623,-23.164827702172985
Overall,70,85,ReRZV_2d,2024,1,dC_VacZVL,110,110,110,110
Overall,70,85,ReRZV_2d,2024,1,dC_VacRZV,106.23529483960075,106.23531137970403,106.23467700316867,106.23586074384045
Overall,70,85,ReRZV_2d,2024,1,dC_Vac,216.23529483960075,216.23531137970403,216.23467700316868,216.23586074384042
Overall,70,85,ReRZV_2d,2024,1,dC_All,189.8239425840943,189.85320247136303,186.35383433391524,193.07087746181944
Overall,70,85,ReRZV_2d,2024,1,dC_Hosp_d,-12.309067832710975,-12.268470901640805,-14.653394640051834,-10.18009936243185
Overall,70,85,ReRZV_2d,2024,1,dC_GP_NonPHN_d,-6.5645463749207895,-6.550318124631358,-7.123097412381604,-6.025382416072818
Overall,70,85,ReRZV_2d,2024,1,dC_GP_PHN_d,-2.5243219958343173,-2.5214382930578534,-2.8837475441422025,-2.190361986258154
Overall,70,85,ReRZV_2d,2024,1,dC_GP_d,-9.088868370755106,-9.074772646909913,-9.924347841386137,-8.2534325203984409
Overall,70,85,ReRZV_2d,2024,1,dC_Med_d,-21.39793620346608,-21.376487714922728,-24.111812842454878,-18.857061065389836
Overall,70,85,ReRZV_2d,2024,1,dC_VacZVL_d,110,110,110,110
Overall,70,85,ReRZV_2d,2024,1,dC_VacRZV_d,84.9724604519922,84.97247368161871,84.97196627459222,84.97291309134997
Overall,70,85,ReRZV_2d,2024,1,dC_Vac_d,194.97246045199222,194.9724736816187,194.97196627459223,194.97291309134997
Overall,70,85,ReRZV_2d,2024,1,dC_All_d,173.57452424852613,173.59567366247686,170.8604671279224,176.11511918567786
Overall,70,85,ReRZV_2d,2024,1,dN_VacZVL,1,1,1,1
Overall,70,85,ReRZV_2d,2024,1,dN_VacRZV,1.2498269981129502,1.2498271927024005,1.2498197294490432,1.2498336558098875
Overall,70,85,ReRZV_2d,2024,1,dN_VacZVL_d,1,1,1,1
Overall,70,85,ReRZV_2d,2024,1,dN_VacRZV_d,0.9996760053175554,0.99967616096022,0.9996701914657908,0.9996813304864701
Overall,70,85,ReRZV_2d,2024,1,ICER,20299.797519724554,20207.524072426444,17487.889114809685,23633.734061260402
Overall,70,85,ReRZV_2d,2024,1,Price0,85,85,84.99999999999999,85.00000000000001
Overall,70,85,ReRZV_2d,2024,1,Thres20,193.4838258236883,193.25541610249303,168.11554781893216,219.94283444902524
Overall,70,85,ReRZV_2d,2024,1,Thres30,279.5233036325779,279.1841511321644,242.13813007133265,318.0652048792672
Overall,70,85,ReRZV_2d,2024,1,Thres20_50,NA,193.25541610249303,NA,NA
Overall,70,85,ReRZV_2d,2024,1,Thres30_90,NA,254.16090825666467,NA,NA
Overall,70,85,ReRZV_2d,2024,1,Thres,NA,193.25541610249303,NA,NA
Overall,70,86,ReRZV_1d,2024,1,N0,1,1,1,1
Overall,70,86,ReRZV_1d,2024,1,dYear_Life,4.1838242508767466e-4,4.175122704808132e-4,3.4959123456577144e-4,4.907225801994208e-4
Overall,70,86,ReRZV_1d,2024,1,dYear_Immunised,7.277564758331695,7.270720156295156,6.596355777479331,7.91817338728517
Overall,70,86,ReRZV_1d,2024,1,dRisk_HZ,-0.06391508921048408,-0.06386070732676544,-0.06999420145894107,-0.05760413937455285
Overall,70,86,ReRZV_1d,2024,1,dRisk_Hosp,-0.0032518515723654407,-0.0032462883746210446,-0.003890932164841681,-0.002667503278586419
Overall,70,86,ReRZV_1d,2024,1,dRisk_PHN,-0.005063027849572722,-0.005069587655206818,-0.005779854041656755,-0.004362404851235078
Overall,70,86,ReRZV_1d,2024,1,dRisk_Death,-7.70149064125147e-5,-7.691557400362639e-5,-9.198988203458715e-5,-6.253191034892351e-5
Overall,70,86,ReRZV_1d,2024,1,dQ_Life,2.8374953887636245e-4,2.8318311912656213e-4,2.379258171151921e-4,3.3211444776508613e-4
Overall,70,86,ReRZV_1d,2024,1,dQ_HZ,0.009163519573433124,0.00914323181377601,0.007704932488082706,0.010660757797342898
Overall,70,86,ReRZV_1d,2024,1,dQ_HZ_Norm,0.0029363861383902828,0.0029282994762355853,0.002492518015782115,0.0034304804515330085
Overall,70,86,ReRZV_1d,2024,1,dQ_All,0.009440715154840467,0.009412807314577165,0.00795504098365285,0.010950821913322483
Overall,70,86,ReRZV_1d,2024,1,dQ_HZ_d,0.007763487823790426,0.0077453064211781145,0.00656061098240289,0.009020822882169977
Overall,70,86,ReRZV_1d,2024,1,dQ_HZ_Norm_d,0.0025262735505222574,0.0025199589394917007,0.002157614122120336,0.002938914503874858
Overall,70,86,ReRZV_1d,2024,1,dQ_Life_d,2.0926454316605182e-4,2.088308866641242e-4,1.7610770799372232e-4,2.4455461413244175e-4
Overall,70,86,ReRZV_1d,2024,1,dQ_All_d,0.007972752366956451,0.00794737574650295,0.006747158185445512,0.009229358245565143
Overall,70,86,ReRZV_1d,2024,1,dC_Hosp,-14.298724885371309,-14.253775180980094,-17.239916992437156,-11.595762050191754
Overall,70,86,ReRZV_1d,2024,1,dC_GP_NonPHN,-7.11509271969057,-7.111609811410601,-7.8122436152421795,-6.406338246536265
Overall,70,86,ReRZV_1d,2024,1,dC_GP_PHN,-2.742857619567267,-2.7416652676865523,-3.1569545759801874,-2.3299560662495056
Overall,70,86,ReRZV_1d,2024,1,dC_GP,-9.857950339257837,-9.846340848798874,-10.867853366826239,-8.800876281098931
Overall,70,86,ReRZV_1d,2024,1,dC_Med,-24.156675224629147,-24.13161296673036,-27.605716827717035,-20.957256578629
Overall,70,86,ReRZV_1d,2024,1,dC_VacZVL,110,110,110,110
Overall,70,86,ReRZV_1d,2024,1,dC_VacRZV,49.353438656272864,49.353450692235924,49.3530874448151,49.35377199340993
Overall,70,86,ReRZV_1d,2024,1,dC_Vac,159.35343865627286,159.35345069223592,159.3530874448151,159.35377199340994
Overall,70,86,ReRZV_1d,2024,1,dC_All,135.19676343164372,135.22184706391647,131.7479954171281,138.39636177355888
Overall,70,86,ReRZV_1d,2024,1,dC_Hosp_d,-11.155651057023565,-11.118656580062893,-13.40301324672374,-9.111162466454374
Overall,70,86,ReRZV_1d,2024,1,dC_GP_NonPHN_d,-6.128256490620167,-6.121942040237128,-6.7203492174903685,-5.5217007770520254
Overall,70,86,ReRZV_1d,2024,1,dC_GP_PHN_d,-2.3247177189894646,-2.321451586313123,-2.6751868237092467,-1.9844245773789404
Overall,70,86,ReRZV_1d,2024,1,dC_GP_d,-8.452974209609632,-8.446782165046379,-9.296611549748482,-7.559778576554357
Overall,70,86,ReRZV_1d,2024,1,dC_Med_d,-19.608625266633197,-19.58240070993296,-22.309977129922007,-17.062893653115758
Overall,70,86,ReRZV_1d,2024,1,dC_VacZVL_d,110,110,110,110
Overall,70,86,ReRZV_1d,2024,1,dC_VacRZV_d,38.892041558319136,38.892051043031614,38.891764792789054,38.8923042383297
Overall,70,86,ReRZV_1d,2024,1,dC_Vac_d,148.89204155831914,148.89205104303161,148.89176479278908,148.8923042383297
Overall,70,86,ReRZV_1d,2024,1,dC_All_d,129.28341629168594,129.30961893531023,126.58213729982538,131.82928765904157
Overall,70,86,ReRZV_1d,2024,1,dN_VacZVL,1,1,1,1
Overall,70,86,ReRZV_1d,2024,1,dN_VacRZV,0.5806286900737984,0.5806288316733638,0.5806245581742953,0.5806326116871756
Overall,70,86,ReRZV_1d,2024,1,dN_VacZVL_d,1,1,1,1
Overall,70,86,ReRZV_1d,2024,1,dN_VacRZV_d,0.4575534300978722,0.4575535416827249,0.45755017403281234,0.45755652045093764
Overall,70,86,ReRZV_1d,2024,1,ICER,16324.556611734226,16266.774992867318,13896.537906437123,19383.39928805902
Overall,70,86,ReRZV_1d,2024,1,Price0,85,85,84.99999999999999,85.00000000000001
Overall,70,86,ReRZV_1d,2024,1,Thres20,391.35027438019785,390.2833491842424,334.5592244501107,447.85474438014364
Overall,70,86,ReRZV_1d,2024,1,Thres30,565.5977240083744,563.8957184942785,482.50467591345637,650.4195824610711
Overall,70,86,ReRZV_1d,2024,1,Thres20_50,NA,390.2833491842424,NA,NA
Overall,70,86,ReRZV_1d,2024,1,Thres30_90,NA,511.94854626304226,NA,NA
Overall,70,86,ReRZV_1d,2024,1,Thres,NA,390.2833491842424,NA,NA
Overall,70,86,ReRZV_2d,2024,1,N0,1,1,1,1
Overall,70,86,ReRZV_2d,2024,1,dYear_Life,4.2964565669195844e-4,4.282795259946681e-4,3.6558505429180595e-4,5.000703479047352e-4
Overall,70,86,ReRZV_2d,2024,1,dYear_Immunised,7.387588074066927,7.378584307609061,6.7960562669272635,8.0078092579372
Overall,70,86,ReRZV_2d,2024,1,dRisk_HZ,-0.06493794281446305,-0.06483454419375316,-0.07073506426855385,-0.05899769290121657
Overall,70,86,ReRZV_2d,2024,1,dRisk_Hosp,-0.0033426414224263985,-0.003333822912898814,-0.003965613545386066,-0.0027884217102886327
Overall,70,86,ReRZV_2d,2024,1,dRisk_PHN,-0.005152629257035111,-0.005155066167544912,-0.005850952237417779,-0.004491819071709797
Overall,70,86,ReRZV_2d,2024,1,dRisk_Death,-7.95243958965658e-5,-7.940150106583958e-5,-9.449428469009876e-5,-6.631861484376889e-5
Overall,70,86,ReRZV_2d,2024,1,dQ_Life,2.9121901519076944e-4,2.904502624847538e-4,2.4838507287157087e-4,3.3784146204856035e-4
Overall,70,86,ReRZV_2d,2024,1,dQ_HZ,0.009323683434473175,0.0092974014780073,0.007954882561702287,0.010802696920615763
Overall,70,86,ReRZV_2d,2024,1,dQ_HZ_Norm,0.0029814339758159223,0.0029743145815101435,0.0025494499470899,0.00346863431812126
Overall,70,86,ReRZV_2d,2024,1,dQ_All,0.009608106968700708,0.009587318269741019,0.008227530429102403,0.011079518961525814
Overall,70,86,ReRZV_2d,2024,1,dQ_HZ_d,0.007883004372490543,0.007865429666356609,0.006756921768277371,0.009090572870012876
Overall,70,86,ReRZV_2d,2024,1,dQ_HZ_Norm_d,0.002559943506695097,0.0025520527305554564,0.0021996089102760703,0.0029634585403382173
Overall,70,86,ReRZV_2d,2024,1,dQ_Life_d,2.145340161239444e-4,2.1392031008637957e-4,1.8334332406557685e-4,2.476601302743297e-4
Overall,70,86,ReRZV_2d,2024,1,dQ_All_d,0.008097538388614475,0.008078055506590687,0.006958638756349745,0.009316264011730933
Overall,70,86,ReRZV_2d,2024,1,dC_Hosp,-14.715007069078693,-14.681704590948403,-17.552883695340107,-12.11905227838493
Overall,70,86,ReRZV_2d,2024,1,dC_GP_NonPHN,-7.2230335214118,-7.20956378155047,-7.893362378598263,-6.582921718641966
Overall,70,86,ReRZV_2d,2024,1,dC_GP_PHN,-2.7895379022540934,-2.7859563510605385,-3.19929649736058,-2.4061643754269038
Overall,70,86,ReRZV_2d,2024,1,dC_GP,-10.012571423665893,-9.996034856620636,-11.002537792749674,-9.033214578895963
Overall,70,86,ReRZV_2d,2024,1,dC_Med,-24.727578492744584,-24.69973642046262,-28.036211577580215,-21.6268658994922
Overall,70,86,ReRZV_2d,2024,1,dC_VacZVL,110,110,110,110
Overall,70,86,ReRZV_2d,2024,1,dC_VacRZV,98.70687731254573,98.70690138447185,98.7061748896302,98.70754398681986
Overall,70,86,ReRZV_2d,2024,1,dC_Vac,208.70687731254574,208.70690138447185,208.70617488963018,208.70754398681984
Overall,70,86,ReRZV_2d,2024,1,dC_All,183.97929881980116,184.00692399600342,180.67095408658847,187.07915764236026
Overall,70,86,ReRZV_2d,2024,1,dC_Hosp_d,-11.463872790896069,-11.434380483019895,-13.642471556536995,-9.473513349497294
Overall,70,86,ReRZV_2d,2024,1,dC_GP_NonPHN_d,-6.208978048722177,-6.200291051539669,-6.783865874037396,-5.660933495733306
Overall,70,86,ReRZV_2d,2024,1,dC_GP_PHN_d,-2.3597069198704546,-2.356657367689831,-2.70872523274453,-2.041783611387946
Overall,70,86,ReRZV_2d,2024,1,dC_GP_d,-8.568684968592631,-8.551156201502863,-9.416427056270505,-7.734148421524382
Overall,70,86,ReRZV_2d,2024,1,dC_Med_d,-20.0325577594887,-20.02782886489447,-22.641787202630738,-17.588780548838184
Overall,70,86,ReRZV_2d,2024,1,dC_VacZVL_d,110,110,110,110
Overall,70,86,ReRZV_2d,2024,1,dC_VacRZV_d,77.78408311663827,77.78410208606323,77.78352958557811,77.7846084766594
Overall,70,86,ReRZV_2d,2024,1,dC_Vac_d,187.78408311663827,187.78410208606323,187.78352958557812,187.7846084766594
Overall,70,86,ReRZV_2d,2024,1,dC_All_d,167.75152535714957,167.75620277278904,165.14280234869767,170.1952164013213
Overall,70,86,ReRZV_2d,2024,1,dN_VacZVL,1,1,1,1
Overall,70,86,ReRZV_2d,2024,1,dN_VacRZV,1.1612573801475967,1.1612576633467275,1.1612491163485905,1.1612652233743512
Overall,70,86,ReRZV_2d,2024,1,dN_VacZVL_d,1,1,1,1
Overall,70,86,ReRZV_2d,2024,1,dN_VacRZV_d,0.9151068601957444,0.9151070833654498,0.9151003480656247,0.9151130409018753
Overall,70,86,ReRZV_2d,2024,1,ICER,20844.163094313622,20766.935483669185,17911.441975159723,24341.616268133468
Overall,70,86,ReRZV_2d,2024,1,Price0,85,85,84.99999999999999,85.00000000000001
Overall,70,86,ReRZV_2d,2024,1,Thres20,198.86564191441138,198.47248024404308,172.16786540874597,226.47131067389944
Overall,70,86,ReRZV_2d,2024,1,Thres30,287.3529890606867,286.68177346510925,248.05496812900859,328.09192376339314
Overall,70,86,ReRZV_2d,2024,1,Thres20_50,NA,198.47248024404308,NA,NA
Overall,70,86,ReRZV_2d,2024,1,Thres30_90,NA,260.32578102694293,NA,NA
Overall,70,86,ReRZV_2d,2024,1,Thres,NA,198.47248024404308,NA,NA
Overall,70,87,ReRZV_1d,2024,1,N0,1,1,1,1
Overall,70,87,ReRZV_1d,2024,1,dYear_Life,3.831561879282486e-4,3.823619040232984e-4,3.2083347402904754e-4,4.5035444267860214e-4
Overall,70,87,ReRZV_1d,2024,1,dYear_Immunised,6.897506475536452,6.887573813879873,6.254010840758452,7.544090693756109
Overall,70,87,ReRZV_1d,2024,1,dRisk_HZ,-0.06025713360126808,-0.06012558680287884,-0.06630200718076905,-0.05400050830580139
Overall,70,87,ReRZV_1d,2024,1,dRisk_Hosp,-0.003009605329399112,-0.0030067331105954635,-0.003607532141257164,-0.0024637876474972718
Overall,70,87,ReRZV_1d,2024,1,dRisk_PHN,-0.004723424499962665,-0.004729049625556627,-0.00543917387200395,-0.004065812245877239
Overall,70,87,ReRZV_1d,2024,1,dRisk_Death,-7.161557594639173e-5,-7.1488035933731e-5,-8.5910571924133e-5,-5.818910740160719e-5
Overall,70,87,ReRZV_1d,2024,1,dQ_Life,2.5958411425792695e-4,2.589778294073142e-4,2.181099161441935e-4,3.0460222095767263e-4
Overall,70,87,ReRZV_1d,2024,1,dQ_HZ,0.008613465280255663,0.008584772147552341,0.007227039893374911,0.010057729249829063
Overall,70,87,ReRZV_1d,2024,1,dQ_HZ_Norm,0.002773500317065356,0.002763717790143949,0.0023534742995214397,0.0032449754509321616
Overall,70,87,ReRZV_1d,2024,1,dQ_All,0.00886663619060708,0.008834929329416319,0.007446911246056365,0.01031712868903063
Overall,70,87,ReRZV_1d,2024,1,dQ_HZ_d,0.007326249211743449,0.007310851662483936,0.006183792417724293,0.008515609263568624
Overall,70,87,ReRZV_1d,2024,1,dQ_HZ_Norm_d,0.0023968821775191404,0.0023888272597425977,0.002046179311380903,0.0027903920821631093
Overall,70,87,ReRZV_1d,2024,1,dQ_Life_d,1.9148096269939164e-4,1.9093681242488003e-4,1.615087636928081e-4,2.2418280266331967e-4
Overall,70,87,ReRZV_1d,2024,1,dQ_All_d,0.007517730174442863,0.007497627144116947,0.006342536099669882,0.008731157181255833
Overall,70,87,ReRZV_1d,2024,1,dC_Hosp,-13.243275639110916,-13.202059162143591,-16.148501070698554,-10.75728049516543
Overall,70,87,ReRZV_1d,2024,1,dC_GP_NonPHN,-6.719417013327692,-6.707828551699936,-7.422508593460665,-6.025334843307934
Overall,70,87,ReRZV_1d,2024,1,dC_GP_PHN,-2.5607950534009487,-2.5585743148737787,-2.9696546062796236,-2.1723101577809736
Overall,70,87,ReRZV_1d,2024,1,dC_GP,-9.280212066728641,-9.26630612571898,-10.297573326311934,-8.25235785359235
Overall,70,87,ReRZV_1d,2024,1,dC_Med,-22.523487705839557,-22.500097120866833,-25.85288358207802,-19.428936187972297
Overall,70,87,ReRZV_1d,2024,1,dC_VacZVL,110,110,110,110
Overall,70,87,ReRZV_1d,2024,1,dC_VacRZV,45.40721775454493,45.4072275814723,45.40681396558727,45.40760402863402
Overall,70,87,ReRZV_1d,2024,1,dC_Vac,155.40721775454494,155.4072275814723,155.40681396558728,155.407604028634
Overall,70,87,ReRZV_1d,2024,1,dC_All,132.8837300487054,132.9069876211623,129.55446735925628,135.97785919972245
Overall,70,87,ReRZV_1d,2024,1,dC_Hosp_d,-10.312769500250415,-10.277955773122079,-12.516821367012687,-8.447086405390243
Overall,70,87,ReRZV_1d,2024,1,dC_GP_NonPHN_d,-5.8140062898342535,-5.804155908015043,-6.418360774651574,-5.2282420112994865
Overall,70,87,ReRZV_1d,2024,1,dC_GP_PHN_d,-2.180227424201203,-2.1759207866007513,-2.5307621719517748,-1.8559170867439876
Overall,70,87,ReRZV_1d,2024,1,dC_GP_d,-7.994233714035456,-7.981911760104239,-8.865604675486455,-7.119761522422532
Overall,70,87,ReRZV_1d,2024,1,dC_Med_d,-18.30700321428587,-18.280789411401187,-20.920099315314438,-15.870608212157235
Overall,70,87,ReRZV_1d,2024,1,dC_VacZVL_d,110,110,110,110
Overall,70,87,ReRZV_1d,2024,1,dC_VacRZV_d,35.2534945810287,35.25350221051026,35.253181085233656,35.25379447853795
Overall,70,87,ReRZV_1d,2024,1,dC_Vac_d,145.2534945810287,145.25350221051028,145.25318108523362,145.25379447853794
Overall,70,87,ReRZV_1d,2024,1,dC_All_d,126.94649136674283,126.97266424306804,124.33341672678235,129.38292009022788
Overall,70,87,ReRZV_1d,2024,1,dN_VacZVL,1,1,1,1
Overall,70,87,ReRZV_1d,2024,1,dN_VacRZV,0.5342025618181757,0.5342026774290859,0.5341978113598502,0.5342071062192238
Overall,70,87,ReRZV_1d,2024,1,dN_VacZVL_d,1,1,1,1
Overall,70,87,ReRZV_1d,2024,1,dN_VacRZV_d,0.4147469950709259,0.4147470848295325,0.4147433068851018,0.414750523276917
Overall,70,87,ReRZV_1d,2024,1,ICER,17004.15745846297,16940.455727728568,14375.291336285714,20277.573043476772
Overall,70,87,ReRZV_1d,2024,1,Price0,85,85,84.99999999999999,85.00000000000001
Overall,70,87,ReRZV_1d,2024,1,Thres20,406.66139284029725,405.49406328500913,345.99562811171523,468.0593892727192
Overall,70,87,ReRZV_1d,2024,1,Thres30,587.9220059908149,586.4457597629446,499.2642128044248,677.2466350830528
Overall,70,87,ReRZV_1d,2024,1,Thres20_50,NA,405.49406328500913,NA,NA
Overall,70,87,ReRZV_1d,2024,1,Thres30_90,NA,530.629703938527,NA,NA
Overall,70,87,ReRZV_1d,2024,1,Thres,NA,405.49406328500913,NA,NA
Overall,70,87,ReRZV_2d,2024,1,N0,1,1,1,1
Overall,70,87,ReRZV_2d,2024,1,dYear_Life,3.9289990957043307e-4,3.9172225514683134e-4,3.340813076652793e-4,4.573144735769751e-4
Overall,70,87,ReRZV_2d,2024,1,dYear_Immunised,6.991191406722084,6.983285152082379,6.391122323119947,7.634342065124387
Overall,70,87,ReRZV_2d,2024,1,dRisk_HZ,-0.061122849285663236,-0.06098195312206932,-0.06704679421625423,-0.0552995059994248
Overall,70,87,ReRZV_2d,2024,1,dRisk_Hosp,-0.0030898177774857367,-0.0030803210572303355,-0.0036927926705543766,-0.002567584868401721
Overall,70,87,ReRZV_2d,2024,1,dRisk_PHN,-0.004798497594639817,-0.00480038239277574,-0.00549931800084743,-0.004163999889643614
Overall,70,87,ReRZV_2d,2024,1,dRisk_Death,-7.388805611370583e-5,-7.372452589532192e-5,-8.78945308612959e-5,-6.162804619369812e-5
Overall,70,87,ReRZV_2d,2024,1,dQ_Life,2.660125460629246e-4,2.653303147814867e-4,2.2628228266663442e-4,3.090141289710857e-4
Overall,70,87,ReRZV_2d,2024,1,dQ_HZ,0.008749975110849875,0.008715529439994893,0.007438956074616518,0.010144760003173
Overall,70,87,ReRZV_2d,2024,1,dQ_HZ_Norm,0.0028115581827204516,0.0028006288829540713,0.0023986918343230097,0.0032807000408854687
Overall,70,87,ReRZV_2d,2024,1,dQ_All,0.009009340008920676,0.008975841929657058,0.007684504417576399,0.010419121920988237
Overall,70,87,ReRZV_2d,2024,1,dQ_HZ_d,0.007427004328277835,0.007404814625887232,0.006330834301340557,0.008607344910013021
Overall,70,87,ReRZV_2d,2024,1,dQ_HZ_Norm_d,0.0024250106701719843,0.0024164335767581637,0.0020765977787155594,0.0028198602536058295
Overall,70,87,ReRZV_2d,2024,1,dQ_Life_d,1.9598553361452177e-4,1.953773227993949e-4,1.6699972845510833e-4,2.275395970368077e-4
Overall,70,87,ReRZV_2d,2024,1,dQ_All_d,0.007622989861892324,0.007604003718906682,0.006512154327420516,0.008808751586641206
Overall,70,87,ReRZV_2d,2024,1,dC_Hosp,-13.613374566304405,-13.56939673665579,-16.43792670100052,-11.223345009711455
Overall,70,87,ReRZV_2d,2024,1,dC_GP_NonPHN,-6.810374844658463,-6.795486763165662,-7.490159141643161,-6.1711019391741475
Overall,70,87,ReRZV_2d,2024,1,dC_GP_PHN,-2.599700139285882,-2.5952323037640346,-3.0121455038648586,-2.2234757448930287
Overall,70,87,ReRZV_2d,2024,1,dC_GP,-9.410074983944344,-9.38719432027624,-10.416472865162401,-8.451116874918094
Overall,70,87,ReRZV_2d,2024,1,dC_Med,-23.02344955024875,-23.008821204867125,-26.28861159978327,-20.128908299054533
Overall,70,87,ReRZV_2d,2024,1,dC_VacZVL,110,110,110,110
Overall,70,87,ReRZV_2d,2024,1,dC_VacRZV,90.81443550908986,90.8144551629446,90.81362793117454,90.81520805726804
Overall,70,87,ReRZV_2d,2024,1,dC_Vac,200.81443550908986,200.81445516294463,200.81362793117455,200.81520805726805
Overall,70,87,ReRZV_2d,2024,1,dC_All,177.7909859588411,177.80591721803586,174.52535571628405,180.68505369799342
Overall,70,87,ReRZV_2d,2024,1,dC_Hosp_d,-10.584238989697448,-10.557527458726934,-12.725078287437315,-8.754017546657202
Overall,70,87,ReRZV_2d,2024,1,dC_GP_NonPHN_d,-5.881266131620788,-5.871505298356666,-6.470166576660262,-5.32669753712428
Overall,70,87,ReRZV_2d,2024,1,dC_GP_PHN_d,-2.2090569116454173,-2.2072881557174098,-2.5557663770191046,-1.9000313746985786
Overall,70,87,ReRZV_2d,2024,1,dC_GP_d,-8.090323043266205,-8.06810749176692,-8.945049234413386,-7.267559203322838
Overall,70,87,ReRZV_2d,2024,1,dC_Med_d,-18.674562032963657,-18.660073205036536,-21.248372967304334,-16.384647403131176
Overall,70,87,ReRZV_2d,2024,1,dC_VacZVL_d,110,110,110,110
Overall,70,87,ReRZV_2d,2024,1,dC_VacRZV_d,70.5069891620574,70.50700442102053,70.50636217046731,70.5075889570759
Overall,70,87,ReRZV_2d,2024,1,dC_Vac_d,180.5069891620574,180.50700442102055,180.5063621704673,180.50758895707588
Overall,70,87,ReRZV_2d,2024,1,dC_All_d,161.83242712909373,161.84660118795586,159.25915873473087,164.1226267975335
Overall,70,87,ReRZV_2d,2024,1,dN_VacZVL,1,1,1,1
Overall,70,87,ReRZV_2d,2024,1,dN_VacRZV,1.0684051236363514,1.0684053548581718,1.0683956227197005,1.0684142124384477
Overall,70,87,ReRZV_2d,2024,1,dN_VacZVL_d,1,1,1,1
Overall,70,87,ReRZV_2d,2024,1,dN_VacRZV_d,0.8294939901418518,0.829494169659065,0.8294866137702036,0.829501046553834
Overall,70,87,ReRZV_2d,2024,1,ICER,21367.66804362179,21291.19720883275,18225.15514024792,25063.47624206195
Overall,70,87,ReRZV_2d,2024,1,Price0,85,85,84.99999999999999,85.00000000000001
Overall,70,87,ReRZV_2d,2024,1,Thres20,206.31173354284275,205.8290561227918,177.8666320504262,236.51054022083812
Overall,70,87,ReRZV_2d,2024,1,Thres30,298.2110026553548,297.4456866180649,256.4057798381366,343.00354056215383
Overall,70,87,ReRZV_2d,2024,1,Thres20_50,NA,205.8290561227918,NA,NA
Overall,70,87,ReRZV_2d,2024,1,Thres30_90,NA,269.3891261883555,NA,NA
Overall,70,87,ReRZV_2d,2024,1,Thres,NA,205.8290561227918,NA,NA
Overall,70,88,ReRZV_1d,2024,1,N0,1,1,1,1
Overall,70,88,ReRZV_1d,2024,1,dYear_Life,3.46087021518235e-4,3.455245385826089e-4,2.898865199243872e-4,4.085766670059776e-4
Overall,70,88,ReRZV_1d,2024,1,dYear_Immunised,6.543276433908989,6.529318381241891,5.9024133461298085,7.204907735678814
Overall,70,88,ReRZV_1d,2024,1,dRisk_HZ,-0.056866854702482664,-0.05676871761209474,-0.06306656536748598,-0.050674105507549125
Overall,70,88,ReRZV_1d,2024,1,dRisk_Hosp,-0.002763126020373863,-0.00275791464226235,-0.0033256390364357143,-0.0022615914929576134
Overall,70,88,ReRZV_1d,2024,1,dRisk_PHN,-0.004414551265016929,-0.004417442928812902,-0.00511234156490306,-0.003768041687788709
Overall,70,88,ReRZV_1d,2024,1,dRisk_Death,-6.539904032571944e-5,-6.52569425953667e-5,-7.849837947121413e-5,-5.308975094771828e-5
Overall,70,88,ReRZV_1d,2024,1,dQ_Life,2.3433627729157626e-4,2.3375690945393046e-4,1.9647098026189804e-4,2.7662185053669577e-4
Overall,70,88,ReRZV_1d,2024,1,dQ_HZ,0.008097428762857416,0.008073874832364603,0.006772942970573606,0.00948760783646001
Overall,70,88,ReRZV_1d,2024,1,dQ_HZ_Norm,0.002622977614049385,0.002613191185787666,0.002224218760858615,0.003085101273738414
Overall,70,88,ReRZV_1d,2024,1,dQ_All,0.008325557972717742,0.008302699185246176,0.00696589145173232,0.009709696222460583
Overall,70,88,ReRZV_1d,2024,1,dQ_HZ_d,0.006922647210334944,0.006904014813066526,0.005828660753340385,0.008078710940501084
Overall,70,88,ReRZV_1d,2024,1,dQ_HZ_Norm_d,0.002279215469864972,0.0022719827631466133,0.0019399037283119086,0.002671037695197988
Overall,70,88,ReRZV_1d,2024,1,dQ_Life_d,1.731344637701806e-4,1.7264888163204262e-4,1.4555773122628679e-4,2.0364335758764611e-4
Overall,70,88,ReRZV_1d,2024,1,dQ_All_d,0.007095781674105119,0.007078369882928648,0.005987580496954514,0.008263784313784803
Overall,70,88,ReRZV_1d,2024,1,dC_Hosp,-12.154554429385518,-12.108884995170133,-14.843541352903085,-9.847459147828808
Overall,70,88,ReRZV_1d,2024,1,dC_GP_NonPHN,-6.3545289444172575,-6.346385837810239,-7.055515482857117,-5.684205247048729
Overall,70,88,ReRZV_1d,2024,1,dC_GP_PHN,-2.3962760769239226,-2.3919529806167366,-2.804641671120703,-2.0206449500635313
Overall,70,88,ReRZV_1d,2024,1,dC_GP,-8.750805021341181,-8.732358842193904,-9.774003102364006,-7.734584028006764
Overall,70,88,ReRZV_1d,2024,1,dC_Med,-20.9053594507267,-20.874619311808935,-24.087078217551724,-17.979994350336494
Overall,70,88,ReRZV_1d,2024,1,dC_VacZVL,110,110,110,110
Overall,70,88,ReRZV_1d,2024,1,dC_VacRZV,41.3161241401923,41.31613172851827,41.315662702603085,41.31655663041779
Overall,70,88,ReRZV_1d,2024,1,dC_Vac,151.3161241401923,151.31613172851826,151.31566270260308,151.31655663041778
Overall,70,88,ReRZV_1d,2024,1,dC_All,130.4107646894656,130.44149739968702,127.22927998071775,133.33580519388272
Overall,70,88,ReRZV_1d,2024,1,dC_Hosp_d,-9.458538626599994,-9.422468009195292,-11.52026095129975,-7.707774501431658
Overall,70,88,ReRZV_1d,2024,1,dC_GP_NonPHN_d,-5.528814676650124,-5.519524618495173,-6.1372816500355585,-4.9514007514212786
Overall,70,88,ReRZV_1d,2024,1,dC_GP_PHN_d,-2.0517143977628733,-2.047697003399918,-2.399699344616866,-1.742012924993981
Overall,70,88,ReRZV_1d,2024,1,dC_GP_d,-7.580529074412998,-7.564776415363444,-8.464934765378603,-6.7182036194698584
Overall,70,88,ReRZV_1d,2024,1,dC_Med_d,-17.039067701012993,-17.01000702780218,-19.581677670307144,-14.7415697931174
Overall,70,88,ReRZV_1d,2024,1,dC_VacZVL_d,110,110,110,110
Overall,70,88,ReRZV_1d,2024,1,dC_VacRZV_d,31.603182068839686,31.603187873238145,31.602829109881196,31.603512885624266
Overall,70,88,ReRZV_1d,2024,1,dC_Vac_d,141.6031820688397,141.60318787323814,141.60282910988118,141.60351288562427
Overall,70,88,ReRZV_1d,2024,1,dC_All_d,124.56411436782669,124.59318076244307,122.02169465740299,126.86134973979632
Overall,70,88,ReRZV_1d,2024,1,dN_VacZVL,1,1,1,1
Overall,70,88,ReRZV_1d,2024,1,dN_VacRZV,0.48607204870814474,0.48607213798256793,0.4860666200306245,0.48607713682844467
Overall,70,88,ReRZV_1d,2024,1,dN_VacZVL_d,1,1,1,1
Overall,70,88,ReRZV_1d,2024,1,dN_VacRZV_d,0.37180214198634925,0.37180221027339,0.3717979895280141,0.3718060339485208
Overall,70,88,ReRZV_1d,2024,1,ICER,17682.773320917855,17610.882413679272,14919.57329690841,21061.374507658267
Overall,70,88,ReRZV_1d,2024,1,Price0,85,85,84.99999999999999,85.00000000000001
Overall,70,88,ReRZV_1d,2024,1,Thres20,427.5249189975078,426.2385021003451,363.6856588672241,494.3685637296728
Overall,70,88,ReRZV_1d,2024,1,Thres30,618.3732214045707,616.8554654681857,523.5884608847631,716.8736680593767
Overall,70,88,ReRZV_1d,2024,1,Thres20_50,NA,426.2385021003451,NA,NA
Overall,70,88,ReRZV_1d,2024,1,Thres30_90,NA,556.3859606992575,NA,NA
Overall,70,88,ReRZV_1d,2024,1,Thres,NA,426.2385021003451,NA,NA
Overall,70,88,ReRZV_2d,2024,1,N0,1,1,1,1
Overall,70,88,ReRZV_2d,2024,1,dYear_Life,3.542640100591399e-4,3.531767808606645e-4,2.993526766691623e-4,4.1469044207724786e-4
Overall,70,88,ReRZV_2d,2024,1,dYear_Immunised,6.621978898260381,6.613920535964182,6.024650356125968,7.280194141459024
Overall,70,88,ReRZV_2d,2024,1,dRisk_HZ,-0.05758935442785182,-0.057467976739791975,-0.06366805584658941,-0.05174284168939175
Overall,70,88,ReRZV_2d,2024,1,dRisk_Hosp,-0.0028327834123575172,-0.0028252801481793792,-0.0033776572343368967,-0.0023396892676686683
Overall,70,88,ReRZV_2d,2024,1,dRisk_PHN,-0.004476619060700886,-0.004471487641572314,-0.005182284040391798,-0.003846511371603524
Overall,70,88,ReRZV_2d,2024,1,dRisk_Death,-6.740558743805067e-5,-6.721972986198339e-5,-8.025701672785241e-5,-5.613352871336122e-5
Overall,70,88,ReRZV_2d,2024,1,dQ_Life,2.3969864603136414e-4,2.388564514399505e-4,2.0284039807707543e-4,2.8033362577399855e-4
Overall,70,88,ReRZV_2d,2024,1,dQ_HZ,0.008212129247692726,0.008190514950263782,0.00694681422787423,0.009586734928179231
Overall,70,88,ReRZV_2d,2024,1,dQ_HZ_Norm,0.0026546823558260615,0.0026443482327253316,0.002259450227879775,0.003107841331873108
Overall,70,88,ReRZV_2d,2024,1,dQ_All,0.00844539597816217,0.008420025008906151,0.007163653467491971,0.00983119332416349
Overall,70,88,ReRZV_2d,2024,1,dQ_HZ_d,0.007006375002368427,0.006986249658546922,0.005957261563996207,0.00817890940746644
Overall,70,88,ReRZV_2d,2024,1,dQ_HZ_Norm_d,0.002302385735135826,0.0022947591355605545,0.0019631673348680743,0.002685594589913549
Overall,70,88,ReRZV_2d,2024,1,dQ_Life_d,1.7686522213677326e-4,0.00017636134883503019,1.5008138607419674e-4,2.0662990939008806e-4
Overall,70,88,ReRZV_2d,2024,1,dQ_All_d,0.007183240224505193,0.007164912233213805,0.006121850719884581,0.008361960144866476
Overall,70,88,ReRZV_2d,2024,1,dC_Hosp,-12.477962517347612,-12.46122495755737,-15.056306180846006,-10.235944586038924
Overall,70,88,ReRZV_2d,2024,1,dC_GP_NonPHN,-6.4300861608506725,-6.414625971422565,-7.124551350379147,-5.788251943080773
Overall,70,88,ReRZV_2d,2024,1,dC_GP_PHN,-2.428265613392188,-2.4222833636356684,-2.832679969920744,-2.0665357326138833
Overall,70,88,ReRZV_2d,2024,1,dC_GP,-8.85835177424286,-8.826526766465765,-9.89187262110413,-7.887337526658994
Overall,70,88,ReRZV_2d,2024,1,dC_Med,-21.336314291590472,-21.285911050666073,-24.458510105581972,-18.572930491117503
Overall,70,88,ReRZV_2d,2024,1,dC_VacZVL,110,110,110,110
Overall,70,88,ReRZV_2d,2024,1,dC_VacRZV,82.6322482803846,82.63226345703654,82.63132540520617,82.63311326083559
Overall,70,88,ReRZV_2d,2024,1,dC_Vac,192.6322482803846,192.63226345703654,192.63132540520616,192.6331132608356
Overall,70,88,ReRZV_2d,2024,1,dC_All,171.29593398879413,171.3458043755246,168.1739019147641,174.05930579397508
Overall,70,88,ReRZV_2d,2024,1,dC_Hosp_d,-9.693470517352958,-9.670209863250399,-11.717258991136534,-7.969344865658865
Overall,70,88,ReRZV_2d,2024,1,dC_GP_NonPHN_d,-5.584056777372126,-5.571433798811069,-6.184801239057813,-5.0272891550917445
Overall,70,88,ReRZV_2d,2024,1,dC_GP_PHN_d,-2.075149734762943,-2.0680330330389225,-2.4229260253584375,-1.76991537372628
Overall,70,88,ReRZV_2d,2024,1,dC_GP_d,-7.659206512135069,-7.629875468576376,-8.538231173854358,-6.8324926352311435
Overall,70,88,ReRZV_2d,2024,1,dC_Med_d,-17.352677029488028,-17.330919578321,-19.85595594821875,-15.145566587292915
Overall,70,88,ReRZV_2d,2024,1,dC_VacZVL_d,110,110,110,110
Overall,70,88,ReRZV_2d,2024,1,dC_VacRZV_d,63.20636413767937,63.20637574647629,63.20565821976239,63.20702577124853
Overall,70,88,ReRZV_2d,2024,1,dC_Vac_d,173.20636413767937,173.20637574647628,173.2056582197624,173.20702577124854
Overall,70,88,ReRZV_2d,2024,1,dC_All_d,155.85368710819134,155.87588288230074,153.35082456673626,158.06027399151913
Overall,70,88,ReRZV_2d,2024,1,dN_VacZVL,1,1,1,1
Overall,70,88,ReRZV_2d,2024,1,dN_VacRZV,0.9721440974162895,0.9721442759651359,0.972133240061249,0.9721542736568893
Overall,70,88,ReRZV_2d,2024,1,dN_VacZVL_d,1,1,1,1
Overall,70,88,ReRZV_2d,2024,1,dN_VacRZV_d,0.7436042839726985,0.74360442054678,0.7435959790560281,0.7436120678970416
Overall,70,88,ReRZV_2d,2024,1,ICER,21846.453375688165,21768.908970852703,18511.745177132838,25744.253879527576
Overall,70,88,ReRZV_2d,2024,1,Price0,85,85,84.99999999999999,85.00000000000001
Overall,70,88,ReRZV_2d,2024,1,Thres20,216.5364888670773,215.87097268619948,185.70919862994197,249.56585329345586
Overall,70,88,ReRZV_2d,2024,1,Thres30,313.1367836693161,312.1819373672523,267.95645547685564,361.7395267606226
Overall,70,88,ReRZV_2d,2024,1,Thres20_50,NA,215.87097268619948,NA,NA
Overall,70,88,ReRZV_2d,2024,1,Thres30_90,NA,282.25115023090183,NA,NA
Overall,70,88,ReRZV_2d,2024,1,Thres,NA,215.87097268619948,NA,NA
Overall,70,89,ReRZV_1d,2024,1,N0,1,1,1,1
Overall,70,89,ReRZV_1d,2024,1,dYear_Life,3.077669918860604e-4,3.068688081899751e-4,2.5621766395929053e-4,3.664831201163565e-4
Overall,70,89,ReRZV_1d,2024,1,dYear_Immunised,6.218016651620764,6.208438848896542,5.597458850904262,6.892855654973303
Overall,70,89,ReRZV_1d,2024,1,dRisk_HZ,-0.05377226100338073,-0.05364960767734495,-0.06014678922969443,-0.04766895438480825
Overall,70,89,ReRZV_1d,2024,1,dRisk_Hosp,-0.0025213709980438006,-0.002509105545773929,-0.003033971845863474,-0.0020577555409579773
Overall,70,89,ReRZV_1d,2024,1,dRisk_PHN,-0.004132243182631404,-0.0041269169743377646,-0.0048256799339078515,-0.003506353681059337
Overall,70,89,ReRZV_1d,2024,1,dRisk_Death,-5.839189019336297e-5,-5.8296118803903454e-5,-7.020464005721707e-5,-4.746967499724365e-5
Overall,70,89,ReRZV_1d,2024,1,dQ_Life,2.084280511505492e-4,2.0757561116280243e-4,1.7340033205894836e-4,2.483589234619998e-4
Overall,70,89,ReRZV_1d,2024,1,dQ_HZ,0.007620678914491761,0.00760329002217727,0.006360101137488498,0.008960164278806018
Overall,70,89,ReRZV_1d,2024,1,dQ_HZ_Norm,0.0024858744082843194,0.002475082831414132,0.002101573080015573,0.002929432453441826
Overall,70,89,ReRZV_1d,2024,1,dQ_All,0.007823186770660058,0.007801882658347914,0.006545137937888468,0.009178588808440757
Overall,70,89,ReRZV_1d,2024,1,dQ_HZ_d,0.006555701221140892,0.0065431601037207136,0.0055011891079841235,0.0076866174168213255
Overall,70,89,ReRZV_1d,2024,1,dQ_HZ_Norm_d,0.0021737301200985067,0.002165645046717818,0.0018457751619119411,0.0025490076784004424
Overall,70,89,ReRZV_1d,2024,1,dQ_Life_d,1.5453926020605379e-4,1.5395965577891246e-4,1.2883235182532539e-4,1.839983865878025e-4
Overall,70,89,ReRZV_1d,2024,1,dQ_All_d,0.006710240481346935,0.006698562803027386,0.005639649665216195,0.007847543465391826
Overall,70,89,ReRZV_1d,2024,1,dC_Hosp,-11.071800730325586,-11.030974035745066,-13.529788072062054,-8.959035970562608
Overall,70,89,ReRZV_1d,2024,1,dC_GP_NonPHN,-6.023414623483499,-6.009687262953421,-6.737153372625006,-5.35575504391035
Overall,70,89,ReRZV_1d,2024,1,dC_GP_PHN,-2.246778359587971,-2.2425382287908118,-2.6539725596854575,-1.8899228394912728
Overall,70,89,ReRZV_1d,2024,1,dC_GP,-8.27019298307147,-8.248576531144439,-9.31741040312969,-7.275782950931253
Overall,70,89,ReRZV_1d,2024,1,dC_Med,-19.341993713397056,-19.30405765346724,-22.355060302095673,-16.521480748595327
Overall,70,89,ReRZV_1d,2024,1,dC_VacZVL,110,110,110,110
Overall,70,89,ReRZV_1d,2024,1,dC_VacRZV,37.13471103356716,37.13471721544104,37.134195592103836,37.13520107558907
Overall,70,89,ReRZV_1d,2024,1,dC_Vac,147.13471103356716,147.13471721544104,147.13419559210388,147.1352010755891
Overall,70,89,ReRZV_1d,2024,1,dC_All,127.7927173201701,127.8305009892885,124.7800847029845,130.6130810814862
Overall,70,89,ReRZV_1d,2024,1,dC_Hosp_d,-8.623274109856533,-8.59456279779836,-10.495709988340277,-6.968037977957469
Overall,70,89,ReRZV_1d,2024,1,dC_GP_NonPHN_d,-5.27409509178601,-5.265182158724348,-5.884231068786463,-4.690806913594053
Overall,70,89,ReRZV_1d,2024,1,dC_GP_PHN_d,-1.9367719258592242,-1.9334773649846335,-2.2836234212063897,-1.6360188969086997
Overall,70,89,ReRZV_1d,2024,1,dC_GP_d,-7.210867017645234,-7.187370310880172,-8.109746675752532,-6.35181438869639
Overall,70,89,ReRZV_1d,2024,1,dC_Med_d,-15.834141127501766,-15.8057276929419,-18.228485914444132,-13.575567549069776
Overall,70,89,ReRZV_1d,2024,1,dC_VacZVL_d,110,110,110,110
Overall,70,89,ReRZV_1d,2024,1,dC_VacRZV_d,27.98499579818722,27.985000456893587,27.984607357647796,27.985365097517754
Overall,70,89,ReRZV_1d,2024,1,dC_Vac_d,137.9849957981872,137.9850004568936,137.9846073576478,137.98536509751776
Overall,70,89,ReRZV_1d,2024,1,dC_All_d,122.15085467068545,122.17932395833253,119.75653840665414,124.40961940143796
Overall,70,89,ReRZV_1d,2024,1,dN_VacZVL,1,1,1,1
Overall,70,89,ReRZV_1d,2024,1,dN_VacRZV,0.43687895333608423,0.4368790260640123,0.4368728893188687,0.4368847185363421
Overall,70,89,ReRZV_1d,2024,1,dN_VacZVL_d,1,1,1,1
Overall,70,89,ReRZV_1d,2024,1,dN_VacRZV_d,0.3292352446845555,0.3292352994928658,0.32923067479585644,0.3292395893825618
Overall,70,89,ReRZV_1d,2024,1,ICER,18343.173200283883,18252.247366419906,15411.618945162334,21911.552627109082
Overall,70,89,ReRZV_1d,2024,1,Price0,85,85,84.99999999999999,85.00000000000001
Overall,70,89,ReRZV_1d,2024,1,Thres20,455.7195117587627,454.619071569153,386.2549395286388,528.0451250801002
Overall,70,89,ReRZV_1d,2024,1,Thres30,659.532421894363,658.4297249743465,557.7472465842162,765.9415178841971
Overall,70,89,ReRZV_1d,2024,1,Thres20_50,NA,454.619071569153,NA,NA
Overall,70,89,ReRZV_1d,2024,1,Thres30_90,NA,591.6113144652523,NA,NA
Overall,70,89,ReRZV_1d,2024,1,Thres,NA,454.619071569153,NA,NA
Overall,70,89,ReRZV_2d,2024,1,N0,1,1,1,1
Overall,70,89,ReRZV_2d,2024,1,dYear_Life,3.143522564125032e-4,3.128903839684227e-4,2.641605387803558e-4,3.7115984589375367e-4
Overall,70,89,ReRZV_2d,2024,1,dYear_Immunised,6.283153303227079,6.275481083674775,5.673172343536348,6.9580580615500445
Overall,70,89,ReRZV_2d,2024,1,dRisk_HZ,-0.054365849979801005,-0.05422598362937028,-0.06066591647467636,-0.04855419442587115
Overall,70,89,ReRZV_2d,2024,1,dRisk_Hosp,-0.0025809366979699135,-0.0025674544781276753,-0.0030862784026611627,-0.002131485085020268
Overall,70,89,ReRZV_2d,2024,1,dRisk_PHN,-0.004182600731860916,-0.004172910965427163,-0.004885029033044541,-0.0035683898017815283
Overall,70,89,ReRZV_2d,2024,1,dRisk_Death,-6.010492896763495e-5,-5.997953440669153e-5,-7.172948228206638e-5,-5.0008328615200724e-5
Overall,70,89,ReRZV_2d,2024,1,dQ_Life,2.1271504860272738e-4,2.1182797266039444e-4,1.7870569485545218e-4,2.5094945151491463e-4
Overall,70,89,ReRZV_2d,2024,1,dQ_HZ,0.007715510323538682,0.007686496888413828,0.006486804815228945,0.00907115049357973
Overall,70,89,ReRZV_2d,2024,1,dQ_HZ_Norm,0.002511872953339934,0.00249927640809736,0.0021286432773674553,0.002952475917366935
Overall,70,89,ReRZV_2d,2024,1,dQ_All,0.00792209301608286,0.007895366034562201,0.006681027399647243,0.009289503219812765
Overall,70,89,ReRZV_2d,2024,1,dQ_HZ_d,0.006624158099154771,0.00660532897195482,0.005587813674668599,0.007769389301460469
Overall,70,89,ReRZV_2d,2024,1,dQ_HZ_Norm_d,0.0021925159994111393,0.0021825664043530735,0.001862232833079325,0.00256841457681001
Overall,70,89,ReRZV_2d,2024,1,dQ_Life_d,1.5749876495237914e-4,1.5677203025621367e-4,1.3255049909228768e-4,1.8614323701418022e-4
Overall,70,89,ReRZV_2d,2024,1,dQ_All_d,0.006781656864107159,0.006763701523008869,0.005730453513940104,0.007934906990355105
Overall,70,89,ReRZV_2d,2024,1,dC_Hosp,-11.349970795922202,-11.307371471904816,-13.774378835436375,-9.23005049225381
Overall,70,89,ReRZV_2d,2024,1,dC_GP_NonPHN,-6.085176862198553,-6.0692692769044,-6.793427211692947,-5.4348317488652125
Overall,70,89,ReRZV_2d,2024,1,dC_GP_PHN,-2.272571548548402,-2.2639077436000634,-2.682855700476634,-1.9173758880588256
Overall,70,89,ReRZV_2d,2024,1,dC_GP,-8.357748410746956,-8.326689934865747,-9.398410681452049,-7.3966916351888585
Overall,70,89,ReRZV_2d,2024,1,dC_Med,-19.707719206669157,-19.647685401486754,-22.61221149920004,-16.971104574582
Overall,70,89,ReRZV_2d,2024,1,dC_VacZVL,110,110,110,110
Overall,70,89,ReRZV_2d,2024,1,dC_VacRZV,74.26942206713431,74.26943443088209,74.26839118420767,74.27040215117815
Overall,70,89,ReRZV_2d,2024,1,dC_Vac,184.26942206713431,184.2694344308821,184.2683911842077,184.27040215117813
Overall,70,89,ReRZV_2d,2024,1,dC_All,164.56170286046515,164.6213957451751,161.65748562744847,167.29751797006838
Overall,70,89,ReRZV_2d,2024,1,dC_Hosp_d,-8.823377047657527,-8.779091331828955,-10.668619035230932,-7.191874295468745
Overall,70,89,ReRZV_2d,2024,1,dC_GP_NonPHN_d,-5.318738877192392,-5.304791712158274,-5.924330649929824,-4.7634071377176825
Overall,70,89,ReRZV_2d,2024,1,dC_GP_PHN_d,-1.9554487763299073,-1.948147383991789,-2.3029279178862976,-1.657655762872227
Overall,70,89,ReRZV_2d,2024,1,dC_GP_d,-7.2741876535223,-7.2476439758084465,-8.160023241445986,-6.451747652752353
Overall,70,89,ReRZV_2d,2024,1,dC_Med_d,-16.097564701179827,-16.05358237230742,-18.429787532679125,-13.935222322147162
Overall,70,89,ReRZV_2d,2024,1,dC_VacZVL_d,110,110,110,110
Overall,70,89,ReRZV_2d,2024,1,dC_VacRZV_d,55.96999159637444,55.970000913787175,55.96921471529559,55.97073019503551
Overall,70,89,ReRZV_2d,2024,1,dC_Vac_d,165.96999159637443,165.9700009137872,165.9692147152956,165.9707301950355
Overall,70,89,ReRZV_2d,2024,1,dC_All_d,149.87242689519462,149.91642483616548,147.54034309469117,152.0346643839299
Overall,70,89,ReRZV_2d,2024,1,dN_VacZVL,1,1,1,1
Overall,70,89,ReRZV_2d,2024,1,dN_VacRZV,0.8737579066721685,0.8737580521280246,0.8737457786377374,0.8737694370726842
Overall,70,89,ReRZV_2d,2024,1,dN_VacZVL_d,1,1,1,1
Overall,70,89,ReRZV_2d,2024,1,dN_VacRZV_d,0.658470489369111,0.6584705989857316,0.6584613495917129,0.6584791787651236
Overall,70,89,ReRZV_2d,2024,1,ICER,22261.61205759414,22180.654186869033,18743.56727043362,26441.05526878124
Overall,70,89,ReRZV_2d,2024,1,Price0,85,85,84.99999999999999,85.00000000000001
Overall,70,89,ReRZV_2d,2024,1,Thres20,230.42896896758108,229.64010094577816,196.00551953252565,267.1167599680335
Overall,70,89,ReRZV_2d,2024,1,Thres30,333.42000375035303,332.36819670612215,282.9922773587863,387.4983641531047
Overall,70,89,ReRZV_2d,2024,1,Thres20_50,NA,229.64010094577816,NA,NA
Overall,70,89,ReRZV_2d,2024,1,Thres30_90,NA,299.23213925982327,NA,NA
Overall,70,89,ReRZV_2d,2024,1,Thres,NA,229.64010094577816,NA,NA
Overall,70,90,ReRZV_1d,2024,1,N0,1,1,1,1
Overall,70,90,ReRZV_1d,2024,1,dYear_Life,2.6886986152268124e-4,2.6772011632480996e-4,2.2130667865161158e-4,3.242476247562464e-4
Overall,70,90,ReRZV_1d,2024,1,dYear_Immunised,5.924077661278662,5.922164572732217,5.303686748881221,6.623850438124904
Overall,70,90,ReRZV_1d,2024,1,dRisk_HZ,-0.05099753894309248,-0.050865074163112846,-0.05751306728394868,-0.04498193616874577
Overall,70,90,ReRZV_1d,2024,1,dRisk_Hosp,-0.002280102886873548,-0.0022633012388638437,-0.002770201480000499,-0.001846295765059497
Overall,70,90,ReRZV_1d,2024,1,dRisk_PHN,-0.0038823098021927667,-0.0038768671100527143,-0.004564279087871294,-0.003267758503820075
Overall,70,90,ReRZV_1d,2024,1,dRisk_Death,-5.065335421792885e-5,-5.050016535502958e-5,-6.10582614636537e-5,-4.11550047323804e-5
Overall,70,90,ReRZV_1d,2024,1,dQ_Life,1.8233112512492332e-4,1.8141234178425947e-4,1.498535376021959e-4,2.204185069066167e-4
Overall,70,90,ReRZV_1d,2024,1,dQ_HZ,0.007188204099976328,0.007176470618370502,0.005976213033459488,0.008495336434550584
Overall,70,90,ReRZV_1d,2024,1,dQ_HZ_Norm,0.002363146326582596,0.002350812724962941,0.001991119276598848,0.002794437703499542
Overall,70,90,ReRZV_1d,2024,1,dQ_All,0.007365001619834139,0.007355836056536447,0.006135396820445527,0.008695092966105997
Overall,70,90,ReRZV_1d,2024,1,dQ_HZ_d,0.0062280724564437884,0.006211673831993709,0.005205072714328335,0.007327718346928895
Overall,70,90,ReRZV_1d,2024,1,dQ_HZ_Norm_d,0.0020807821426504,0.0020710368984944516,0.0017634428725138546,0.0024427127698134223
Overall,70,90,ReRZV_1d,2024,1,dQ_Life_d,1.360340586683293e-4,1.352393209259617e-4,1.1187692909149227e-4,1.6424388505011933e-4
Overall,70,90,ReRZV_1d,2024,1,dQ_All_d,0.006364106515112101,0.006349517821202966,0.005335410792643325,0.007472734231001031
Overall,70,90,ReRZV_1d,2024,1,dC_Hosp,-9.976647761694805,-9.923855265853938,-12.23213048605398,-7.977067323595677
Overall,70,90,ReRZV_1d,2024,1,dC_GP_NonPHN,-5.728959718063181,-5.712571684150055,-6.455476016789871,-5.053562841248191
Overall,70,90,ReRZV_1d,2024,1,dC_GP_PHN,-2.115689325889556,-2.1092937214223735,-2.5259075707777034,-1.7711724081930085
Overall,70,90,ReRZV_1d,2024,1,dC_GP,-7.844649043952737,-7.81302263261852,-8.902032009902436,-6.849838697732198
Overall,70,90,ReRZV_1d,2024,1,dC_Med,-17.821296805647542,-17.75165266599006,-20.745347853733108,-15.062174738853424
Overall,70,90,ReRZV_1d,2024,1,dC_VacZVL,110,110,110,110
Overall,70,90,ReRZV_1d,2024,1,dC_VacRZV,32.92407076041614,32.92408133311446,32.92348258101789,32.924615187280914
Overall,70,90,ReRZV_1d,2024,1,dC_Vac,142.92407076041616,142.92408133311446,142.92348258101788,142.9246151872809
Overall,70,90,ReRZV_1d,2024,1,dC_All,125.10277395476861,125.17237871730255,122.17908294691281,127.86134965856083
Overall,70,90,ReRZV_1d,2024,1,dC_Hosp_d,-7.792540380424653,-7.746037401940671,-9.528526727582971,-6.235785725543983
Overall,70,90,ReRZV_1d,2024,1,dC_GP_NonPHN_d,-5.051111638378629,-5.040798747149102,-5.672919340577117,-4.472925499367818
Overall,70,90,ReRZV_1d,2024,1,dC_GP_PHN_d,-1.8375467323878176,-1.8303258248044645,-2.1821946297799792,-1.5408362477135868
Overall,70,90,ReRZV_1d,2024,1,dC_GP_d,-6.888658370766446,-6.863501734852958,-7.801282007894068,-6.054011324222929
Overall,70,90,ReRZV_1d,2024,1,dC_Med_d,-14.6811987511911,-14.627450409251404,-17.018968314027667,-12.483995001592206
Overall,70,90,ReRZV_1d,2024,1,dC_VacZVL_d,110,110,110,110
Overall,70,90,ReRZV_1d,2024,1,dC_VacRZV_d,24.445148587115256,24.44515643703099,24.44471188131144,24.44555280795723
Overall,70,90,ReRZV_1d,2024,1,dC_Vac_d,134.44514858711526,134.445156437031,134.44471188131143,134.44555280795723
Overall,70,90,ReRZV_1d,2024,1,dC_All_d,119.76394983592415,119.81780185405441,117.42638183361726,121.96073121342141
Overall,70,90,ReRZV_1d,2024,1,dN_VacZVL,1,1,1,1
Overall,70,90,ReRZV_1d,2024,1,dN_VacRZV,0.3873420089460723,0.38734213333075834,0.38733508918844584,0.38734841396801073
Overall,70,90,ReRZV_1d,2024,1,dN_VacZVL_d,1,1,1,1
Overall,70,90,ReRZV_1d,2024,1,dN_VacRZV_d,0.28758998337782654,0.28759007572977635,0.2875848456624876,0.2875947389171439
Overall,70,90,ReRZV_1d,2024,1,ICER,18971.416862492948,18891.537690997757,15824.995900413847,22749.905991395626
Overall,70,90,ReRZV_1d,2024,1,Price0,85,85,84.99999999999999,85.00000000000001
Overall,70,90,ReRZV_1d,2024,1,Thres20,493.6308804856152,492.06849738240203,416.28597941577857,577.1906249064783
Overall,70,90,ReRZV_1d,2024,1,Thres30,714.9217962052047,712.7105914469971,602.5382467060821,837.0333961386449
Overall,70,90,ReRZV_1d,2024,1,Thres20_50,NA,492.06849738240203,NA,NA
Overall,70,90,ReRZV_1d,2024,1,Thres30_90,NA,639.3554521636771,NA,NA
Overall,70,90,ReRZV_1d,2024,1,Thres,NA,492.06849738240203,NA,NA
Overall,70,90,ReRZV_2d,2024,1,N0,1,1,1,1
Overall,70,90,ReRZV_2d,2024,1,dYear_Life,2.738634386351073e-4,2.723178221533118e-4,2.274702505869364e-4,3.274461787119875e-4
Overall,70,90,ReRZV_2d,2024,1,dYear_Immunised,5.97710242554478,5.973343156583177,5.3638912508524985,6.681023211356577
Overall,70,90,ReRZV_2d,2024,1,dRisk_HZ,-0.051476859041209556,-0.05131144555971192,-0.05793196196268226,-0.04563072013424998
Overall,70,90,ReRZV_2d,2024,1,dRisk_Hosp,-0.002329664459098108,-0.0023097270789229664,-0.002813999680430333,-0.0019069975302198078
Overall,70,90,ReRZV_2d,2024,1,dRisk_PHN,-0.003922427928241548,-0.003910807220788877,-0.004614001519338083,-0.0033141787024996644
Overall,70,90,ReRZV_2d,2024,1,dRisk_Death,-5.2047872478903426e-5,-5.182949577632927e-5,-6.217418702524866e-5,-4.3016256767657595e-5
Overall,70,90,ReRZV_2d,2024,1,dQ_Life,1.85550829990067e-4,1.8457445425568153e-4,1.5426717770248286e-4,2.2231277448971908e-4
Overall,70,90,ReRZV_2d,2024,1,dQ_HZ,0.0072652231119579224,0.007245213228819409,0.0060726009180689785,0.008581108608229566
Overall,70,90,ReRZV_2d,2024,1,dQ_HZ_Norm,0.002384094836827796,0.002371103116719128,0.0020130220048382337,0.0028160761366602025
Overall,70,90,ReRZV_2d,2024,1,dQ_All,0.007445044663180972,0.007423959164191807,0.0062321734731554555,0.008770423782297554
Overall,70,90,ReRZV_2d,2024,1,dQ_HZ_d,0.006283051026196734,0.006268061689993976,0.005265981612679381,0.007401776845907088
Overall,70,90,ReRZV_2d,2024,1,dQ_HZ_Norm_d,0.0020957475921179864,0.0020852051758872238,0.0017774540771743424,0.002459576505623979
Overall,70,90,ReRZV_2d,2024,1,dQ_Life_d,1.3823712995252624e-4,1.373806295994484e-4,1.1471992275824405e-4,1.6596215416235787e-4
Overall,70,90,ReRZV_2d,2024,1,dQ_All_d,0.006421288156149226,0.006401913308271112,0.0053874315340926675,0.0075471889574519665
Overall,70,90,ReRZV_2d,2024,1,dC_Hosp,-10.209373146247083,-10.152087515120764,-12.4091005538421,-8.23418530643052
Overall,70,90,ReRZV_2d,2024,1,dC_GP_NonPHN,-5.778599113114526,-5.761990338559086,-6.490585123087762,-5.129357543631642
Overall,70,90,ReRZV_2d,2024,1,dC_GP_PHN,-2.13611864277985,-2.126901358205255,-2.5420621361482656,-1.7883300936491044
Overall,70,90,ReRZV_2d,2024,1,dC_GP,-7.914717755894375,-7.87958986945853,-8.990036214515914,-6.955822276808892
Overall,70,90,ReRZV_2d,2024,1,dC_Med,-18.124090902141457,-18.04993403927549,-20.970947822118546,-15.545911818525145
Overall,70,90,ReRZV_2d,2024,1,dC_VacZVL,110,110,110,110
Overall,70,90,ReRZV_2d,2024,1,dC_VacRZV,65.84814152083229,65.84816266622892,65.84696516203579,65.84923037456183
Overall,70,90,ReRZV_2d,2024,1,dC_Vac,175.84814152083229,175.84816266622892,175.8469651620358,175.8492303745618
Overall,70,90,ReRZV_2d,2024,1,dC_All,157.72405061869082,157.79852020211098,154.87695116061792,160.30176469670508
Overall,70,90,ReRZV_2d,2024,1,dC_Hosp_d,-7.958222707479459,-7.9118955946759115,-9.66387258130622,-6.411164206597238
Overall,70,90,ReRZV_2d,2024,1,dC_GP_NonPHN_d,-5.086584974869733,-5.072576943166487,-5.706491059253437,-4.533322340222808
Overall,70,90,ReRZV_2d,2024,1,dC_GP_PHN_d,-1.8521674482123878,-1.8419126800897885,-2.195673611806818,-1.5563584758345588
Overall,70,90,ReRZV_2d,2024,1,dC_GP_d,-6.9387524230821205,-6.913298009225452,-7.856066750842569,-6.11509172955164
Overall,70,90,ReRZV_2d,2024,1,dC_Med_d,-14.89697513056158,-14.842037468135636,-17.221458197546806,-12.829443944148053
Overall,70,90,ReRZV_2d,2024,1,dC_VacZVL_d,110,110,110,110
Overall,70,90,ReRZV_2d,2024,1,dC_VacRZV_d,48.89029717423051,48.89031287406198,48.88942376262288,48.89110561591446
Overall,70,90,ReRZV_2d,2024,1,dC_Vac_d,158.8902971742305,158.89031287406198,158.88942376262287,158.89110561591446
Overall,70,90,ReRZV_2d,2024,1,dC_All_d,143.99332204366894,144.04834586092898,141.66920017060377,146.06008345824998
Overall,70,90,ReRZV_2d,2024,1,dN_VacZVL,1,1,1,1
Overall,70,90,ReRZV_2d,2024,1,dN_VacRZV,0.7746840178921446,0.7746842666615167,0.7746701783768917,0.7746968279360215
Overall,70,90,ReRZV_2d,2024,1,dN_VacZVL_d,1,1,1,1
Overall,70,90,ReRZV_2d,2024,1,dN_VacRZV_d,0.5751799667556531,0.5751801514595527,0.5751696913249752,0.5751894778342878
Overall,70,90,ReRZV_2d,2024,1,ICER,22600.11963793205,22524.131017931097,18932.717519865575,26956.64969941073
Overall,70,90,ReRZV_2d,2024,1,Price0,85,85,84.99999999999999,85.00000000000001
Overall,70,90,ReRZV_2d,2024,1,Thres20,249.17889000373478,248.2710376266515,210.87434638665903,290.27538312206696
Overall,70,90,ReRZV_2d,2024,1,Thres30,360.81849985973315,359.637750801808,304.91022982389404,422.2349874162729
Overall,70,90,ReRZV_2d,2024,1,Thres20_50,NA,248.2710376266515,NA,NA
Overall,70,90,ReRZV_2d,2024,1,Thres30_90,NA,322.7095246185199,NA,NA
Overall,70,90,ReRZV_2d,2024,1,Thres,NA,248.2710376266515,NA,NA
Overall,70,91,ReRZV_1d,2024,1,N0,1,1,1,1
Overall,70,91,ReRZV_1d,2024,1,dYear_Life,2.3693991210920728e-4,2.354367913817157e-4,1.9224906209123205e-4,2.9072796836029365e-4
Overall,70,91,ReRZV_1d,2024,1,dYear_Immunised,5.6629621552651095,5.661996691144333,5.036431272516152,6.370714304573042
Overall,70,91,ReRZV_1d,2024,1,dRisk_HZ,-0.048559742082045304,-0.0484239724167576,-0.05507797707551187,-0.04257846129844456
Overall,70,91,ReRZV_1d,2024,1,dRisk_Hosp,-0.0020584347737441517,-0.0020449286731217616,-0.0025167490247287,-0.0016631024157726959
Overall,70,91,ReRZV_1d,2024,1,dRisk_PHN,-0.003668744723048487,-0.0036591828597478107,-0.004353065398513598,-0.003048140203392684
Overall,70,91,ReRZV_1d,2024,1,dRisk_Death,-4.377888039046649e-5,-4.361873922329885e-5,-5.322373549564635e-5,-3.562421521731746e-5
Overall,70,91,ReRZV_1d,2024,1,dQ_Life,1.6107353731825125e-4,1.5998782851767146e-4,1.3080390700079825e-4,1.9785681400565913e-4
Overall,70,91,ReRZV_1d,2024,1,dQ_HZ,0.00680368910842187,0.006781892467906157,0.00564135355223267,0.008094056718400026
Overall,70,91,ReRZV_1d,2024,1,dQ_HZ_Norm,0.0022553925454311882,0.0022430722595394924,0.0018959799785756414,0.002673136078323756
Overall,70,91,ReRZV_1d,2024,1,dQ_All,0.0069596372001166544,0.006934711989271314,0.005771592952845683,0.008275295623335798
Overall,70,91,ReRZV_1d,2024,1,dQ_HZ_d,0.005941322358451326,0.005919822086909696,0.004950601436563868,0.0070341887335344045
Overall,70,91,ReRZV_1d,2024,1,dQ_HZ_Norm_d,0.0020004424608325976,0.0019920669278388438,0.00169130730832672,0.0023587530004901894
Overall,70,91,ReRZV_1d,2024,1,dQ_Life_d,1.2113350809199108e-4,1.205078095543044e-4,9.831234995982818e-5,1.4899594421473593e-4
Overall,70,91,ReRZV_1d,2024,1,dQ_All_d,0.006062455866543299,0.006041956761769107,0.005061381885462302,0.007164853859958908
Overall,70,91,ReRZV_1d,2024,1,dC_Hosp,-8.957490919469652,-8.899036937824402,-11.005298752948153,-7.087447804181223
Overall,70,91,ReRZV_1d,2024,1,dC_GP_NonPHN,-5.470637174262548,-5.455725178255259,-6.206935103370932,-4.80765858063401
Overall,70,91,ReRZV_1d,2024,1,dC_GP_PHN,-2.0041100406998384,-1.997397568482242,-2.4046311584097704,-1.6602335286266996
Overall,70,91,ReRZV_1d,2024,1,dC_GP,-7.474747214962386,-7.446607010535082,-8.544168516009428,-6.508394258391543
Overall,70,91,ReRZV_1d,2024,1,dC_Med,-16.43223813443204,-16.352843609371405,-19.26437912592113,-13.872014127927375
Overall,70,91,ReRZV_1d,2024,1,dC_VacZVL,110,110,110,110
Overall,70,91,ReRZV_1d,2024,1,dC_VacRZV,28.751393021185837,28.75140113633894,28.750729530744426,28.75198979938004
Overall,70,91,ReRZV_1d,2024,1,dC_Vac,138.75139302118583,138.75140113633893,138.75072953074442,138.75198979938006
Overall,70,91,ReRZV_1d,2024,1,dC_All,122.3191548867538,122.3988620017239,119.48729140484677,124.87943437788854
Overall,70,91,ReRZV_1d,2024,1,dC_Hosp_d,-7.031791703436451,-6.982903388923745,-8.645107823684134,-5.567564423533565
Overall,70,91,ReRZV_1d,2024,1,dC_GP_NonPHN_d,-4.858527088890944,-4.8482988307749215,-5.487684512222988,-4.2916121650349695
Overall,70,91,ReRZV_1d,2024,1,dC_GP_PHN_d,-1.7543882130360562,-1.7455326023546922,-2.093547376315435,-1.4641475760866292
Overall,70,91,ReRZV_1d,2024,1,dC_GP_d,-6.612915301927,-6.591789911710002,-7.527122089862399,-5.791317513271989
Overall,70,91,ReRZV_1d,2024,1,dC_Med_d,-13.64470700536345,-13.596732198949034,-15.922640272830826,-11.552717419060158
Overall,70,91,ReRZV_1d,2024,1,dC_VacZVL_d,110,110,110,110
Overall,70,91,ReRZV_1d,2024,1,dC_VacRZV_d,21.031585025572316,21.03159096179017,21.031099683675254,21.03202156759738
Overall,70,91,ReRZV_1d,2024,1,dC_Vac_d,131.03158502557233,131.0315909617902,131.03109968367525,131.03202156759738
Overall,70,91,ReRZV_1d,2024,1,dC_All_d,117.38687802020887,117.43457850537754,115.10914667287535,119.47826615727654
Overall,70,91,ReRZV_1d,2024,1,dN_VacZVL,1,1,1,1
Overall,70,91,ReRZV_1d,2024,1,dN_VacRZV,0.3382516826021863,0.3382517780745758,0.3382438768322874,0.3382587035221181
Overall,70,91,ReRZV_1d,2024,1,dN_VacZVL_d,1,1,1,1
Overall,70,91,ReRZV_1d,2024,1,dN_VacRZV_d,0.24743041206555666,0.24743048190341374,0.24742470216088533,0.2474355478540868
Overall,70,91,ReRZV_1d,2024,1,ICER,19528.985338242568,19455.33216905489,16169.654238596215,23559.027636470848
Overall,70,91,ReRZV_1d,2024,1,Price0,85,85,84.99999999999999,85.00000000000001
Overall,70,91,ReRZV_1d,2024,1,Thres20,545.1786764648404,542.8617651550958,456.8252494064081,639.5129979060766
Overall,70,91,ReRZV_1d,2024,1,Thres30,790.1952063811185,787.158589505564,661.3344724181023,929.7398490106841
Overall,70,91,ReRZV_1d,2024,1,Thres20_50,NA,542.8617651550958,NA,NA
Overall,70,91,ReRZV_1d,2024,1,Thres30_90,NA,703.344572239841,NA,NA
Overall,70,91,ReRZV_1d,2024,1,Thres,NA,542.8617651550958,NA,NA
Overall,70,91,ReRZV_2d,2024,1,N0,1,1,1,1
Overall,70,91,ReRZV_2d,2024,1,dYear_Life,2.4063962851727182e-4,2.388265543782353e-4,1.9686983862428063e-4,2.934385048346754e-4
Overall,70,91,ReRZV_2d,2024,1,dYear_Immunised,5.705340305471624,5.6985961956914775,5.09586491060335,6.429910565651902
Overall,70,91,ReRZV_2d,2024,1,dRisk_HZ,-0.048939762847059545,-0.04878389408944503,-0.055595910423254784,-0.043065308586786734
Overall,70,91,ReRZV_2d,2024,1,dRisk_Hosp,-0.0020989775657467217,-0.0020836714662154534,-0.0025606147164687378,-0.0017146714399867875
Overall,70,91,ReRZV_2d,2024,1,dRisk_PHN,-0.0037001742909044373,-0.0036855919927821397,-0.004384811766216799,-0.0030967835877444665
Overall,70,91,ReRZV_2d,2024,1,dRisk_Death,-4.489340872860128e-5,-4.4684414403890605e-5,-5.418740153501178e-5,-3.683902530984291e-5
Overall,70,91,ReRZV_2d,2024,1,dQ_Life,1.634323130960933e-4,1.6230511090675748e-4,1.333243369990189e-4,1.9958462868054913e-4
Overall,70,91,ReRZV_2d,2024,1,dQ_HZ,0.006865043585477406,0.0068452101012873865,0.005704879918853859,0.008179427690094639
Overall,70,91,ReRZV_2d,2024,1,dQ_HZ_Norm,0.0022719557734612295,0.0022578133146997225,0.0019118692811162206,0.00269239980606928
Overall,70,91,ReRZV_2d,2024,1,dQ_All,0.007023171902438021,0.0069998390585359616,0.005852569996831303,0.008349460497527425
Overall,70,91,ReRZV_2d,2024,1,dQ_HZ_d,0.005984630268869183,0.005965080227494067,0.005000121006357187,0.007079573900459226
Overall,70,91,ReRZV_2d,2024,1,dQ_HZ_Norm_d,0.0020121412445255416,0.0020023344665514534,0.00170179448611401,0.002370676922481292
Overall,70,91,ReRZV_2d,2024,1,dQ_Life_d,1.2273335455440914e-4,1.2190813656864918e-4,9.996404231764621e-5,1.501377507358015e-4
Overall,70,91,ReRZV_2d,2024,1,dQ_All_d,0.006107363623423583,0.0060830528925670535,0.005110735231276121,0.0072135221067151974
Overall,70,91,ReRZV_2d,2024,1,dC_Hosp,-9.148727353764038,-9.086923471935844,-11.252239551864715,-7.340666656981333
Overall,70,91,ReRZV_2d,2024,1,dC_GP_NonPHN,-5.509753722513737,-5.492686172282553,-6.245297885078498,-4.855007981157786
Overall,70,91,ReRZV_2d,2024,1,dC_GP_PHN,-2.020003220735375,-2.010238707094518,-2.4208438230125853,-1.676672727998675
Overall,70,91,ReRZV_2d,2024,1,dC_GP,-7.529756943249112,-7.491233002170428,-8.61236550478547,-6.572840530622028
Overall,70,91,ReRZV_2d,2024,1,dC_Med,-16.67848429701315,-16.611918120056295,-19.51649583069828,-14.178715844497217
Overall,70,91,ReRZV_2d,2024,1,dC_VacZVL,110,110,110,110
Overall,70,91,ReRZV_2d,2024,1,dC_VacRZV,57.502786042371675,57.50280227267788,57.50145906148885,57.50397959876008
Overall,70,91,ReRZV_2d,2024,1,dC_Vac,167.50278604237167,167.50280227267788,167.50145906148887,167.50397959876008
Overall,70,91,ReRZV_2d,2024,1,dC_All,150.82430174535853,150.89155001939713,147.98630860319415,153.32308416739096
Overall,70,91,ReRZV_2d,2024,1,dC_Hosp_d,-7.166540313864151,-7.110399940382781,-8.809253776133977,-5.749536688520242
Overall,70,91,ReRZV_2d,2024,1,dC_GP_NonPHN_d,-4.886162328923836,-4.871299879478381,-5.519036354709143,-4.324000253325109
Overall,70,91,ReRZV_2d,2024,1,dC_GP_PHN_d,-1.765630981787507,-1.7559859202175188,-2.105726405970877,-1.4757153998466204
Overall,70,91,ReRZV_2d,2024,1,dC_GP_d,-6.651793310711343,-6.6253820076110905,-7.576834882304015,-5.826509003106573
Overall,70,91,ReRZV_2d,2024,1,dC_Med_d,-13.818333624575494,-13.75009585631389,-16.11755946306178,-11.789550277401371
Overall,70,91,ReRZV_2d,2024,1,dC_VacZVL_d,110,110,110,110
Overall,70,91,ReRZV_2d,2024,1,dC_VacRZV_d,42.06317005114463,42.06318192358034,42.06219936735051,42.06404313519476
Overall,70,91,ReRZV_2d,2024,1,dC_Vac_d,152.06317005114462,152.06318192358032,152.0621993673505,152.06404313519477
Overall,70,91,ReRZV_2d,2024,1,dC_All_d,138.24483642656912,138.31318250131216,135.94542157467268,140.2727436556778
Overall,70,91,ReRZV_2d,2024,1,dN_VacZVL,1,1,1,1
Overall,70,91,ReRZV_2d,2024,1,dN_VacRZV,0.6765033652043726,0.6765035561491516,0.6764877536645748,0.6765174070442362
Overall,70,91,ReRZV_2d,2024,1,dN_VacZVL_d,1,1,1,1
Overall,70,91,ReRZV_2d,2024,1,dN_VacRZV_d,0.4948608241311133,0.4948609638068275,0.49484940432177066,0.4948710957081736
Overall,70,91,ReRZV_2d,2024,1,ICER,22824.712619366517,22731.99671824449,18980.998305042,27428.38426219099
Overall,70,91,ReRZV_2d,2024,1,Price0,85,85,84.99999999999999,85.00000000000001
Overall,70,91,ReRZV_2d,2024,1,Thres20,274.7551623439745,273.6390297370154,231.01430161493752,322.09387031161646
Overall,70,91,ReRZV_2d,2024,1,Thres30,398.1709096613925,396.6823546884688,333.8142474787586,468.3570651031352
Overall,70,91,ReRZV_2d,2024,1,Thres20_50,NA,273.6390297370154,NA,NA
Overall,70,91,ReRZV_2d,2024,1,Thres30_90,NA,354.76959997505156,NA,NA
Overall,70,91,ReRZV_2d,2024,1,Thres,NA,273.6390297370154,NA,NA
Overall,70,92,ReRZV_1d,2024,1,N0,1,1,1,1
Overall,70,92,ReRZV_1d,2024,1,dYear_Life,2.1124624796912527e-4,2.0980865206254862e-4,1.686348588117781e-4,2.6376951373405786e-4
Overall,70,92,ReRZV_1d,2024,1,dYear_Immunised,5.435229439353611,5.433931896349446,4.798404552208606,6.159338021377029
Overall,70,92,ReRZV_1d,2024,1,dRisk_HZ,-0.04645316851181084,-0.04635100779213897,-0.053104093271597284,-0.040459069404158436
Overall,70,92,ReRZV_1d,2024,1,dRisk_Hosp,-0.0018525721819331567,-0.0018414036054022068,-0.0022927635346428007,-0.0014872719735189073
Overall,70,92,ReRZV_1d,2024,1,dRisk_PHN,-0.0034848262933815763,-0.0034676292555757488,-0.004170675583631027,-0.002888286295653884
Overall,70,92,ReRZV_1d,2024,1,dRisk_Death,-3.778321740138204e-5,-3.765185110464953e-5,-4.67041269317714e-5,-3.0178762092436444e-5
Overall,70,92,ReRZV_1d,2024,1,dQ_Life,1.4411360136468688e-4,1.4330000149431754e-4,1.1464594580230525e-4,1.7990152003206637e-4
Overall,70,92,ReRZV_1d,2024,1,dQ_HZ,0.006467484275524152,0.00644605413116429,0.005338681263586742,0.007726326536631498
Overall,70,92,ReRZV_1d,2024,1,dQ_HZ_Norm,0.0021622866986187304,0.002150455263206953,0.0018103851592798212,0.002572364080549146
Overall,70,92,ReRZV_1d,2024,1,dQ_All,0.006606903366652794,0.00658015916278476,0.005456371102149004,0.007886947679620834
Overall,70,92,ReRZV_1d,2024,1,dQ_HZ_d,0.005694488820078211,0.005673156626490118,0.0047245230480694456,0.006770285023034372
Overall,70,92,ReRZV_1d,2024,1,dQ_HZ_Norm_d,0.0019320969605167786,0.0019224248427158193,0.0016282338244927154,0.0022828258597067243
Overall,70,92,ReRZV_1d,2024,1,dQ_Life_d,1.0938174863455252e-4,1.0860561394743229e-4,8.710890108849511e-5,1.3647441501394298e-4
Overall,70,92,ReRZV_1d,2024,1,dQ_All_d,0.005803870568712758,0.00578078251911851,0.004828995555488813,0.0068999061153463435
Overall,70,92,ReRZV_1d,2024,1,dC_Hosp,-7.99874028516441,-7.955108303993107,-9.921638070255241,-6.301216256570319
Overall,70,92,ReRZV_1d,2024,1,dC_GP_NonPHN,-5.248951630149295,-5.2349235580459155,-5.983772501991378,-4.588851584110265
Overall,70,92,ReRZV_1d,2024,1,dC_GP_PHN,-1.9087359008748683,-1.8974749867772447,-2.3073793731308574,-1.5692073914060172
Overall,70,92,ReRZV_1d,2024,1,dC_GP,-7.157687531024163,-7.127400836646062,-8.241742097097402,-6.203070878930106
Overall,70,92,ReRZV_1d,2024,1,dC_Med,-15.156427816188573,-15.094005297147163,-17.889549574642896,-12.710872631496741
Overall,70,92,ReRZV_1d,2024,1,dC_VacZVL,110,110,110,110
Overall,70,92,ReRZV_1d,2024,1,dC_VacRZV,24.691716732444302,24.69172281280666,24.690999769340177,24.69233963289613
Overall,70,92,ReRZV_1d,2024,1,dC_Vac,134.6917167324443,134.69172281280666,134.69099976934018,134.69233963289614
Overall,70,92,ReRZV_1d,2024,1,dC_All,119.53528891625572,119.59752102881777,116.80265057681869,121.98087631368335
Overall,70,92,ReRZV_1d,2024,1,dC_Hosp_d,-6.327526456082921,-6.291263531407062,-7.878922730435436,-4.978542576082012
Overall,70,92,ReRZV_1d,2024,1,dC_GP_NonPHN_d,-4.695805512017456,-4.682936780453184,-5.334765097306974,-4.126034597982669
Overall,70,92,ReRZV_1d,2024,1,dC_GP_PHN_d,-1.6844017165701435,-1.673533146781284,-2.0278419313272824,-1.3975150016626077
Overall,70,92,ReRZV_1d,2024,1,dC_GP_d,-6.380207228587599,-6.35609544350166,-7.30661066029851,-5.563436489131395
Overall,70,92,ReRZV_1d,2024,1,dC_Med_d,-12.70773368467052,-12.650538287446011,-14.948353098743677,-10.738084489846756
Overall,70,92,ReRZV_1d,2024,1,dC_VacZVL_d,110,110,110,110
Overall,70,92,ReRZV_1d,2024,1,dC_VacRZV_d,17.795014922954543,17.795019304996508,17.79449821651103,17.79546383960768
Overall,70,92,ReRZV_1d,2024,1,dC_Vac_d,127.79501492295455,127.79501930499652,127.79449821651103,127.79546383960768
Overall,70,92,ReRZV_1d,2024,1,dC_All_d,115.08728123828402,115.14485322481886,112.84667415086165,117.05696698087199
Overall,70,92,ReRZV_1d,2024,1,dN_VacZVL,1,1,1,1
Overall,70,92,ReRZV_1d,2024,1,dN_VacRZV,0.29049078508758003,0.2904908566212548,0.2904823502275315,0.29049811332818976
Overall,70,92,ReRZV_1d,2024,1,dN_VacZVL_d,1,1,1,1
Overall,70,92,ReRZV_1d,2024,1,dN_VacRZV_d,0.2093531167406417,0.20935316829407657,0.20934703784130626,0.20935839811303159
Overall,70,92,ReRZV_1d,2024,1,ICER,20008.777816369115,19926.62312110702,16478.372800336423,24257.70014753567
Overall,70,92,ReRZV_1d,2024,1,Price0,85,85,84.99999999999999,85.00000000000001
Overall,70,92,ReRZV_1d,2024,1,Thres20,615.1572993837584,612.4316985259388,512.6297766824517,727.292906795733
Overall,70,92,ReRZV_1d,2024,1,Thres30,892.3859626147727,888.407249897828,742.9543411463796,1056.7368929318059
Overall,70,92,ReRZV_1d,2024,1,Thres20_50,NA,612.4316985259388,NA,NA
Overall,70,92,ReRZV_1d,2024,1,Thres30_90,NA,791.3834921093724,NA,NA
Overall,70,92,ReRZV_1d,2024,1,Thres,NA,612.4316985259388,NA,NA
Overall,70,92,ReRZV_2d,2024,1,N0,1,1,1,1
Overall,70,92,ReRZV_2d,2024,1,dYear_Life,2.1391372245622975e-4,2.123003150344971e-4,1.712215119545668e-4,2.656216886482098e-4
Overall,70,92,ReRZV_2d,2024,1,dYear_Immunised,5.468407044176563,5.457379997449911,4.846874548138491,6.187129731337168
Overall,70,92,ReRZV_2d,2024,1,dRisk_HZ,-0.04674811207633824,-0.046599720651193,-0.05352684611901201,-0.040862360788544036
Overall,70,92,ReRZV_2d,2024,1,dRisk_Hosp,-0.001884780452223807,-0.0018743862347374977,-0.002321687034623838,-0.0015230676963016207
Overall,70,92,ReRZV_2d,2024,1,dRisk_PHN,-0.00350885068810392,-0.0034924056852290624,-0.004209127871524903,-0.002913418268077774
Overall,70,92,ReRZV_2d,2024,1,dRisk_Death,-3.8655782455453154e-5,-3.8404523489575886e-5,-4.724850042713428e-5,-3.127703363588419e-5
Overall,70,92,ReRZV_2d,2024,1,dQ_Life,1.4579137420434575e-4,1.4461186442815688e-4,1.1657457268543503e-4,1.818682919985548e-4
Overall,70,92,ReRZV_2d,2024,1,dQ_HZ,0.006515264324647659,0.006488716372768161,0.005392468030227547,0.0078043956616957256
Overall,70,92,ReRZV_2d,2024,1,dQ_HZ_Norm,0.0021750928057715476,0.0021619539105295757,0.001823949511189863,0.0025824848507076683
Overall,70,92,ReRZV_2d,2024,1,dQ_All,0.006656200454434334,0.006626438823692737,0.005510410448826564,0.007953807540750944
Overall,70,92,ReRZV_2d,2024,1,dQ_HZ_d,0.005727838348807141,0.0057033566076934925,0.004756537338820842,0.0068214262851763715
Overall,70,92,ReRZV_2d,2024,1,dQ_HZ_Norm_d,0.0019410398000074623,0.0019314739509173062,0.0016382420391674794,0.002291330529847192
Overall,70,92,ReRZV_2d,2024,1,dQ_Life_d,1.1050987266366352e-4,1.0968797168420252e-4,8.836141859855927e-5,1.376181545917898e-4
Overall,70,92,ReRZV_2d,2024,1,dQ_All_d,0.005838348221470771,0.005811753831526545,0.004850140282138549,0.00694129358235065
Overall,70,92,ReRZV_2d,2024,1,dC_Hosp,-8.151150153514628,-8.086851898552128,-10.079147536149765,-6.467620298446313
Overall,70,92,ReRZV_2d,2024,1,dC_GP_NonPHN,-5.279116817738204,-5.260869791625533,-6.029425588367118,-4.625714163170693
Overall,70,92,ReRZV_2d,2024,1,dC_GP_PHN,-1.920792959038826,-1.9096110149105074,-2.31918267828636,-1.5826939759887426
Overall,70,92,ReRZV_2d,2024,1,dC_GP,-7.199909776777031,-7.169777093224437,-8.294583375876856,-6.252150160648552
Overall,70,92,ReRZV_2d,2024,1,dC_Med,-15.351059930291658,-15.27269808727926,-18.108621436771564,-13.02006995830167
Overall,70,92,ReRZV_2d,2024,1,dC_VacZVL,110,110,110,110
Overall,70,92,ReRZV_2d,2024,1,dC_VacRZV,49.383433464888604,49.38344562561332,49.381999538680354,49.38467926579226
Overall,70,92,ReRZV_2d,2024,1,dC_Vac,159.3834334648886,159.38344562561332,159.38199953868036,159.38467926579224
Overall,70,92,ReRZV_2d,2024,1,dC_All,144.03237353459696,144.11016051681548,141.27627181879163,146.36224267489843
Overall,70,92,ReRZV_2d,2024,1,dC_Hosp_d,-6.433779796564146,-6.384623352033239,-7.992617901293718,-5.106878643735347
Overall,70,92,ReRZV_2d,2024,1,dC_GP_NonPHN_d,-4.716874989878307,-4.7018620888910645,-5.366044710093746,-4.14425335977505
Overall,70,92,ReRZV_2d,2024,1,dC_GP_PHN_d,-1.6928313622838655,-1.682858677050128,-2.0357444664957822,-1.404485983808498
Overall,70,92,ReRZV_2d,2024,1,dC_GP_d,-6.409706352162172,-6.382778363483682,-7.342369541665269,-5.588191449139209
Overall,70,92,ReRZV_2d,2024,1,dC_Med_d,-12.843486148726319,-12.776824839922813,-15.107371318759105,-10.913813098933371
Overall,70,92,ReRZV_2d,2024,1,dC_VacZVL_d,110,110,110,110
Overall,70,92,ReRZV_2d,2024,1,dC_VacRZV_d,35.590029845909086,35.590038609993016,35.58899643302206,35.59092767921536
Overall,70,92,ReRZV_2d,2024,1,dC_Vac_d,145.5900298459091,145.59003860999303,145.58899643302203,145.59092767921535
Overall,70,92,ReRZV_2d,2024,1,dC_All_d,132.74654369718277,132.8136625751673,130.48244174106745,134.67530843539782
Overall,70,92,ReRZV_2d,2024,1,dN_VacZVL,1,1,1,1
Overall,70,92,ReRZV_2d,2024,1,dN_VacRZV,0.5809815701751601,0.5809817132425096,0.580964700455063,0.5809962266563795
Overall,70,92,ReRZV_2d,2024,1,dN_VacZVL_d,1,1,1,1
Overall,70,92,ReRZV_2d,2024,1,dN_VacRZV_d,0.4187062334812834,0.41870633658815315,0.4186940756826125,0.41871679622606317
Overall,70,92,ReRZV_2d,2024,1,ICER,22938.458027833436,22860.350008662295,18921.26034592418,27684.174671132023
Overall,70,92,ReRZV_2d,2024,1,Price0,85,85,84.99999999999999,85.00000000000001
Overall,70,92,ReRZV_2d,2024,1,Thres20,309.5497339764297,308.0093355883009,258.84640114818603,365.80837978831755
Overall,70,92,ReRZV_2d,2024,1,Thres30,448.98749835605827,446.89036003512035,374.50418631790825,531.3903967472041
Overall,70,92,ReRZV_2d,2024,1,Thres20_50,NA,308.0093355883009,NA,NA
Overall,70,92,ReRZV_2d,2024,1,Thres30_90,NA,397.9261069531486,NA,NA
Overall,70,92,ReRZV_2d,2024,1,Thres,NA,308.0093355883009,NA,NA
Overall,70,93,ReRZV_1d,2024,1,N0,1,1,1,1
Overall,70,93,ReRZV_1d,2024,1,dYear_Life,1.9103099817202463e-4,1.8946251352325305e-4,1.4917894522321619e-4,2.4251259165470885e-4
Overall,70,93,ReRZV_1d,2024,1,dYear_Immunised,5.240546721033582,5.231309766472034,4.596291364917235,5.970903464093779
Overall,70,93,ReRZV_1d,2024,1,dRisk_HZ,-0.044671812805632566,-0.04451727251516927,-0.05146931976569743,-0.038711755338608496
Overall,70,93,ReRZV_1d,2024,1,dRisk_Hosp,-0.0016699907232023226,-0.00166170229340917,-0.0021069412188550957,-0.0013150950015322605
Overall,70,93,ReRZV_1d,2024,1,dRisk_PHN,-0.0033335974569579764,-0.003315143421592147,-0.004017559425417092,-0.002742021086949393
Overall,70,93,ReRZV_1d,2024,1,dRisk_Death,-3.2657625866812284e-5,-3.2466526762163827e-5,-4.112165455297573e-5,-2.5690383243641767e-5
Overall,70,93,ReRZV_1d,2024,1,dQ_Life,1.3089941578616493e-4,1.2978313580180867e-4,1.0202102647145494e-4,1.6635224262686595e-4
Overall,70,93,ReRZV_1d,2024,1,dQ_HZ,0.006179747536661409,0.006151420454550904,0.005073364808139287,0.007448424143966133
Overall,70,93,ReRZV_1d,2024,1,dQ_HZ_Norm,0.002083485004678382,0.002071608702806988,0.0017383933640222325,0.00248478076965881
Overall,70,93,ReRZV_1d,2024,1,dQ_All,0.0063064074913481045,0.006273283210656011,0.005186188160945937,0.007579047641408996
Overall,70,93,ReRZV_1d,2024,1,dQ_HZ_d,0.005486497554133785,0.005455263721379664,0.004544524941174016,0.00656266453305516
Overall,70,93,ReRZV_1d,2024,1,dQ_HZ_Norm_d,0.0018751411937999829,0.0018645452234402008,0.0015765187710264543,0.002217922480442082
Overall,70,93,ReRZV_1d,2024,1,dQ_Life_d,1.0032997797288434e-4,9.963336600904427e-5,7.850372024020835e-5,1.2690008091924553e-4
Overall,70,93,ReRZV_1d,2024,1,dQ_All_d,0.005586827532106636,0.0055540417296695566,0.0046286100861047345,0.006686100173892884
Overall,70,93,ReRZV_1d,2024,1,dC_Hosp,-7.138217983681106,-7.090313354348224,-9.049447914792138,-5.559633053768342
Overall,70,93,ReRZV_1d,2024,1,dC_GP_NonPHN,-5.061932549105733,-5.045577930544789,-5.819889336115236,-4.4011807347807705
Overall,70,93,ReRZV_1d,2024,1,dC_GP_PHN,-1.8306935897412564,-1.8206615996997044,-2.232018839288444,-1.5023986446803286
Overall,70,93,ReRZV_1d,2024,1,dC_GP,-6.892626138846989,-6.858155086517115,-7.996173072166614,-5.938128737511156
Overall,70,93,ReRZV_1d,2024,1,dC_Med,-14.030844122528094,-13.98846839940137,-16.811172181813784,-11.66404275601967
Overall,70,93,ReRZV_1d,2024,1,dC_VacZVL,110,110,110,110
Overall,70,93,ReRZV_1d,2024,1,dC_VacRZV,20.81515282781513,20.815159032788458,20.81441438901999,20.815777785908416
Overall,70,93,ReRZV_1d,2024,1,dC_Vac,130.81515282781513,130.81515903278844,130.81441438902002,130.8157777859084
Overall,70,93,ReRZV_1d,2024,1,dC_All,116.78430870528703,116.82671338401514,114.00422799834163,119.15099205590042
Overall,70,93,ReRZV_1d,2024,1,dC_Hosp_d,-5.705300676731802,-5.668520204112004,-7.248279691144739,-4.4357998983215
Overall,70,93,ReRZV_1d,2024,1,dC_GP_NonPHN_d,-4.56063913942447,-4.5486958605594845,-5.217101154196328,-3.9870177480471294
Overall,70,93,ReRZV_1d,2024,1,dC_GP_PHN_d,-1.6280076671070347,-1.6210215911143198,-1.9752059303620133,-1.3448656254564049
Overall,70,93,ReRZV_1d,2024,1,dC_GP_d,-6.188646806531505,-6.164006244099358,-7.1383742412049775,-5.366422590025794
Overall,70,93,ReRZV_1d,2024,1,dC_Med_d,-11.893947483263307,-11.852544668071166,-14.17323553034459,-9.975867185519785
Overall,70,93,ReRZV_1d,2024,1,dC_VacZVL_d,110,110,110,110
Overall,70,93,ReRZV_1d,2024,1,dC_VacRZV_d,14.779530298175713,14.779534703936843,14.77900597925111,14.779974041594327
Overall,70,93,ReRZV_1d,2024,1,dC_Vac_d,124.77953029817571,124.77953470393683,124.77900597925111,124.77997404159434
Overall,70,93,ReRZV_1d,2024,1,dC_All_d,112.88558281491241,112.9269964203977,110.60647645445171,114.80347457885757
Overall,70,93,ReRZV_1d,2024,1,dN_VacZVL,1,1,1,1
Overall,70,93,ReRZV_1d,2024,1,dN_VacRZV,0.2448841509154721,0.2448842239151583,0.2448754634002352,0.24489150336362842
Overall,70,93,ReRZV_1d,2024,1,dN_VacZVL_d,1,1,1,1
Overall,70,93,ReRZV_1d,2024,1,dN_VacRZV_d,0.17387682703736132,0.1738768788698452,0.17387065857942482,0.17388204754816855
Overall,70,93,ReRZV_1d,2024,1,ICER,20397.791162519257,20337.564687054244,16643.351783676328,24754.13588866498
Overall,70,93,ReRZV_1d,2024,1,Price0,85,85,84.99999999999999,85.00000000000001
Overall,70,93,ReRZV_1d,2024,1,Thres20,711.0231175533269,706.8788668926284,591.1451423406231,845.9996753540709
Overall,70,93,ReRZV_1d,2024,1,Thres30,1032.3324719125023,1026.4622790721778,857.4596943411312,1230.4360563628006
Overall,70,93,ReRZV_1d,2024,1,Thres20_50,NA,706.8788668926284,NA,NA
Overall,70,93,ReRZV_1d,2024,1,Thres30_90,NA,911.525799019681,NA,NA
Overall,70,93,ReRZV_1d,2024,1,Thres,NA,706.8788668926284,NA,NA
Overall,70,93,ReRZV_2d,2024,1,N0,1,1,1,1
Overall,70,93,ReRZV_2d,2024,1,dYear_Life,1.9289246587007015e-4,1.9131941047412226e-4,1.512856498646187e-4,2.442865921817194e-4
Overall,70,93,ReRZV_2d,2024,1,dYear_Immunised,5.2659220489236285,5.249733482973764,4.639385631790166,5.991959537950219
Overall,70,93,ReRZV_2d,2024,1,dRisk_HZ,-0.04489546055905868,-0.04475585071364698,-0.05180589137325689,-0.03895543105647676
Overall,70,93,ReRZV_2d,2024,1,dRisk_Hosp,-0.001694922209385829,-0.001681993220298032,-0.002127414335838537,-0.001341098105161837
Overall,70,93,ReRZV_2d,2024,1,dRisk_PHN,-0.003351594131898851,-0.0033344342514466108,-0.00404034941721144,-0.002763551949251291
Overall,70,93,ReRZV_2d,2024,1,dRisk_Death,-3.332499816529081e-5,-3.3085614053262345e-5,-4.156119623129987e-5,-2.6500836903912362e-5
Overall,70,93,ReRZV_2d,2024,1,dQ_Life,1.320506023397403e-4,1.309511435172439e-4,1.0337065906331765e-4,1.6746341615649915e-4
Overall,70,93,ReRZV_2d,2024,1,dQ_HZ,0.006216015753551021,0.006182338658892165,0.005103957443184234,0.007487605345693135
Overall,70,93,ReRZV_2d,2024,1,dQ_HZ_Norm,0.0020931399373816063,0.002081182125193075,0.0017495640351431851,0.0024971733411120636
Overall,70,93,ReRZV_2d,2024,1,dQ_All,0.006343684730643139,0.006303951553288556,0.0052184407820001335,0.007629154715302321
Overall,70,93,ReRZV_2d,2024,1,dQ_HZ_d,0.005511530804748473,0.005480711129365884,0.0045579163190605345,0.0065945855103025685
Overall,70,93,ReRZV_2d,2024,1,dQ_HZ_Norm_d,0.001881807783055723,0.001871645275162908,0.0015850342540047106,0.0022240985739529233
Overall,70,93,ReRZV_2d,2024,1,dQ_Life_d,1.0109747986653251e-4,1.00250240230082e-4,7.923965651448483e-5,1.280151147593944e-4
Overall,70,93,ReRZV_2d,2024,1,dQ_All_d,0.005612628284615005,0.0055806003917950875,0.004644686835784251,0.006703279670934268
Overall,70,93,ReRZV_2d,2024,1,dC_Hosp,-7.2563175267130555,-7.203799746012763,-9.205509272169314,-5.660079209831129
Overall,70,93,ReRZV_2d,2024,1,dC_GP_NonPHN,-5.084608113379389,-5.065660303279369,-5.84793969939839,-4.422273447607185
Overall,70,93,ReRZV_2d,2024,1,dC_GP_PHN,-1.8396413781142753,-1.8300066790134362,-2.2431844414693063,-1.505720286543516
Overall,70,93,ReRZV_2d,2024,1,dC_GP,-6.924249491493664,-6.889677311172955,-8.034901981227014,-5.960903792050504
Overall,70,93,ReRZV_2d,2024,1,dC_Med,-14.18056701820672,-14.11333471195049,-16.925797265266493,-11.84346308668396
Overall,70,93,ReRZV_2d,2024,1,dC_VacZVL,110,110,110,110
Overall,70,93,ReRZV_2d,2024,1,dC_VacRZV,41.63030565563026,41.630318065576915,41.62882877803998,41.63155557181683
Overall,70,93,ReRZV_2d,2024,1,dC_Vac,151.63030565563025,151.63031806557692,151.62882877804,151.63155557181682
Overall,70,93,ReRZV_2d,2024,1,dC_All,137.44973863742354,137.51684769745083,134.70548752081032,139.7866973049429
Overall,70,93,ReRZV_2d,2024,1,dC_Hosp_d,-5.786761504100165,-5.745466474610465,-7.3400240864114625,-4.502583050027084
Overall,70,93,ReRZV_2d,2024,1,dC_GP_NonPHN_d,-4.576298683934516,-4.5612109817223,-5.233733090515079,-3.9997451969312277
Overall,70,93,ReRZV_2d,2024,1,dC_GP_PHN_d,-1.63419174218843,-1.6265105962673592,-1.9811466247699372,-1.3512721693316898
Overall,70,93,ReRZV_2d,2024,1,dC_GP_d,-6.210490426122946,-6.182316986336808,-7.164305893986743,-5.380786532727655
Overall,70,93,ReRZV_2d,2024,1,dC_Med_d,-11.997251930223111,-11.94107197150782,-14.287608342943546,-10.070046933573662
Overall,70,93,ReRZV_2d,2024,1,dC_VacZVL_d,110,110,110,110
Overall,70,93,ReRZV_2d,2024,1,dC_VacRZV_d,29.559060596351426,29.559069407873686,29.55801195850222,29.559948083188655
Overall,70,93,ReRZV_2d,2024,1,dC_Vac_d,139.55906059635143,139.55906940787366,139.55801195850222,139.5599480831887
Overall,70,93,ReRZV_2d,2024,1,dC_All_d,127.56180866612831,127.61781493358177,125.2716596472148,129.48931015831369
Overall,70,93,ReRZV_2d,2024,1,dN_VacZVL,1,1,1,1
Overall,70,93,ReRZV_2d,2024,1,dN_VacRZV,0.4897683018309442,0.4897684478303166,0.4897509268004704,0.48978300672725683
Overall,70,93,ReRZV_2d,2024,1,dN_VacZVL_d,1,1,1,1
Overall,70,93,ReRZV_2d,2024,1,dN_VacRZV_d,0.34775365407472264,0.3477537577396904,0.34774131715884965,0.3477640950963371
Overall,70,93,ReRZV_2d,2024,1,ICER,22940.364756902316,22880.164252669852,18822.71475528536,27764.99390998493
Overall,70,93,ReRZV_2d,2024,1,Price0,85,85,84.99999999999999,85.00000000000001
Overall,70,93,ReRZV_2d,2024,1,Thres20,357.2924725459286,355.10223514189283,297.3285164618346,423.7668817976533
Overall,70,93,ReRZV_2d,2024,1,Thres30,518.6890756008961,515.6857334789431,431.17462967703835,617.4584039623539
Overall,70,93,ReRZV_2d,2024,1,Thres20_50,NA,355.10223514189283,NA,NA
Overall,70,93,ReRZV_2d,2024,1,Thres30_90,NA,458.41106785946505,NA,NA
Overall,70,93,ReRZV_2d,2024,1,Thres,NA,355.10223514189283,NA,NA
Overall,70,94,ReRZV_1d,2024,1,N0,1,1,1,1
Overall,70,94,ReRZV_1d,2024,1,dYear_Life,1.755295118594269e-4,1.7389887969621043e-4,1.3466340503951458e-4,2.2667405833924902e-4
Overall,70,94,ReRZV_1d,2024,1,dYear_Immunised,5.077672358450021,5.065194376057856,4.435257372499697,5.814903254593358
Overall,70,94,ReRZV_1d,2024,1,dRisk_HZ,-0.043201988663945416,-0.043058782534062666,-0.050137458045658743,-0.03721315107557257
Overall,70,94,ReRZV_1d,2024,1,dRisk_Hosp,-0.0015133789506020657,-0.0014973111092525491,-0.0019394667724508476,-0.0011773943300857328
Overall,70,94,ReRZV_1d,2024,1,dRisk_PHN,-0.0032102519345180887,-0.003189308778924346,-0.0038886743340951,-0.0026267771146197215
Overall,70,94,ReRZV_1d,2024,1,dRisk_Death,-2.8369436199025548e-5,-2.8133772515440448e-5,-3.652163661136013e-5,-2.183699554131203e-5
Overall,70,94,ReRZV_1d,2024,1,dQ_Life,1.2088309639121775e-4,1.1983625814426802e-4,9.244543831599117e-5,1.563998079841422e-4
Overall,70,94,ReRZV_1d,2024,1,dQ_HZ,0.005939501379197679,0.005900986753744178,0.004871579121360544,0.007192493881836433
Overall,70,94,ReRZV_1d,2024,1,dQ_HZ_Norm,0.0020183881227315197,0.002007684769757961,0.0016808975309620501,0.0024117067137255947
Overall,70,94,ReRZV_1d,2024,1,dQ_All,0.006056625759723509,0.006014339412368841,0.004972273661751725,0.0073233863461788385
Overall,70,94,ReRZV_1d,2024,1,dQ_HZ_d,0.005315500077906103,0.005282882342459762,0.004386099392601471,0.006382466028751221
Overall,70,94,ReRZV_1d,2024,1,dQ_HZ_Norm_d,0.0018288113303912606,0.0018193508485064304,0.0015329951094305348,0.002165756899365637
Overall,70,94,ReRZV_1d,2024,1,dQ_Life_d,9.354632206161551e-5,9.274422800054083e-5,7.181580600481574e-5,1.2023674033971864e-4
Overall,70,94,ReRZV_1d,2024,1,dQ_All_d,0.0054090463999676925,0.005375714277753296,0.004470034745329787,0.006490249455171647
Overall,70,94,ReRZV_1d,2024,1,dC_Hosp,-6.390603309082767,-6.3353975470091175,-8.214134534998028,-4.85127198745041
Overall,70,94,ReRZV_1d,2024,1,dC_GP_NonPHN,-4.908081166879313,-4.890619032040489,-5.678614324339288,-4.245417202847895
Overall,70,94,ReRZV_1d,2024,1,dC_GP_PHN,-1.7672992649910462,-1.7584867511808637,-2.169778966509667,-1.4349863745479048
Overall,70,94,ReRZV_1d,2024,1,dC_GP,-6.67538043187036,-6.639267930689991,-7.781712179094931,-5.717454536192073
Overall,70,94,ReRZV_1d,2024,1,dC_Med,-13.065983740953126,-12.977556543741539,-15.788459215142666,-10.747874906964466
Overall,70,94,ReRZV_1d,2024,1,dC_VacZVL,110,110,110,110
Overall,70,94,ReRZV_1d,2024,1,dC_VacRZV,17.19307195302534,17.193079747531165,17.192351350258754,17.193671402986233
Overall,70,94,ReRZV_1d,2024,1,dC_Vac,127.19307195302534,127.19307974753116,127.19235135025875,127.19367140298623
Overall,70,94,ReRZV_1d,2024,1,dC_All,114.12708821207221,114.21526550425446,111.40476025241324,116.44553694312914
Overall,70,94,ReRZV_1d,2024,1,dC_Hosp_d,-5.173087384733769,-5.1280080356184445,-6.640044574166918,-3.9446180563822844
Overall,70,94,ReRZV_1d,2024,1,dC_GP_NonPHN_d,-4.451145577871934,-4.43678584075287,-5.10394761211984,-3.8725657212565374
Overall,70,94,ReRZV_1d,2024,1,dC_GP_PHN_d,-1.5828974095308121,-1.5743954524551538,-1.9310037166172966,-1.3008848702996731
Overall,70,94,ReRZV_1d,2024,1,dC_GP_d,-6.034042987402746,-6.004642361632965,-6.98198009377366,-5.199989737302863
Overall,70,94,ReRZV_1d,2024,1,dC_Med_d,-11.207130372136515,-11.130064041627861,-13.471641954147065,-9.29283904340659
Overall,70,94,ReRZV_1d,2024,1,dC_VacZVL_d,110,110,110,110
Overall,70,94,ReRZV_1d,2024,1,dC_VacRZV_d,12.02730894234786,12.02731439494702,12.026804849064119,12.027728283923054
Overall,70,94,ReRZV_1d,2024,1,dC_Vac_d,122.02730894234786,122.02731439494701,122.02680484906412,122.02772828392305
Overall,70,94,ReRZV_1d,2024,1,dC_All_d,110.82017857021134,110.89704802301254,108.5558928455282,112.73470906945818
Overall,70,94,ReRZV_1d,2024,1,dN_VacZVL,1,1,1,1
Overall,70,94,ReRZV_1d,2024,1,dN_VacRZV,0.20227143474147455,0.20227152644154314,0.2022629570618677,0.20227848709395568
Overall,70,94,ReRZV_1d,2024,1,dN_VacZVL_d,1,1,1,1
Overall,70,94,ReRZV_1d,2024,1,dN_VacRZV_d,0.141497752262916,0.1414978164111414,0.14149182175369554,0.1415026856932124
Overall,70,94,ReRZV_1d,2024,1,ICER,20691.039561733778,20636.23008257376,16866.393992951973,25136.641412269313
Overall,70,94,ReRZV_1d,2024,1,Price0,85,85,84.99999999999999,85.00000000000001
Overall,70,94,ReRZV_1d,2024,1,Thres20,843.7448317712754,838.1580625704975,699.6546756600461,1006.2861576775707
Overall,70,94,ReRZV_1d,2024,1,Thres30,1226.0154744976803,1217.9469591701086,1016.5136792059076,1467.3154045381998
Overall,70,94,ReRZV_1d,2024,1,Thres20_50,NA,838.1580625704975,NA,NA
Overall,70,94,ReRZV_1d,2024,1,Thres30_90,NA,1079.279205547504,NA,NA
Overall,70,94,ReRZV_1d,2024,1,Thres,NA,838.1580625704975,NA,NA
Overall,70,94,ReRZV_2d,2024,1,N0,1,1,1,1
Overall,70,94,ReRZV_2d,2024,1,dYear_Life,1.767770679960403e-4,1.7502128945068307e-4,1.3569434515927625e-4,2.2786151158804557e-4
Overall,70,94,ReRZV_2d,2024,1,dYear_Immunised,5.096566239905035,5.076985292240675,4.464116246156371,5.834898801693602
Overall,70,94,ReRZV_2d,2024,1,dRisk_HZ,-0.043367241639176386,-0.04323425282610845,-0.05038346960835232,-0.037387388963538444
Overall,70,94,ReRZV_2d,2024,1,dRisk_Hosp,-0.0015320345706445896,-0.0015155106939109386,-0.00195586685538627,-0.0011916828396600927
Overall,70,94,ReRZV_2d,2024,1,dRisk_PHN,-0.0032233647643908903,-0.0032029528552890863,-0.003912900947696912,-0.0026402736453971626
Overall,70,94,ReRZV_2d,2024,1,dRisk_Death,-2.8866350575165948e-5,-2.865225816315826e-5,-3.694345382350124e-5,-2.2425677915418225e-5
Overall,70,94,ReRZV_2d,2024,1,dQ_Life,1.2163781747390523e-4,1.2046065960991115e-4,9.323376279271046e-5,1.5713250665561057e-4
Overall,70,94,ReRZV_2d,2024,1,dQ_HZ,0.005966231027096218,0.005925957671678647,0.004891125328827351,0.007207233189280844
Overall,70,94,ReRZV_2d,2024,1,dQ_HZ_Norm,0.0020254593824154308,0.002013551059047014,0.0016852501740162143,0.0024197720579272448
Overall,70,94,ReRZV_2d,2024,1,dQ_All,0.0060839873557948735,0.0060396444178696385,0.004989446205751502,0.007341778049650749
Overall,70,94,ReRZV_2d,2024,1,dQ_HZ_d,0.0053337474269007585,0.005300403907574466,0.0044093802138015495,0.006393723870019774
Overall,70,94,ReRZV_2d,2024,1,dQ_HZ_Norm_d,0.001833639957415223,0.0018227082334995367,0.0015390992014629732,0.0021702852688792653
Overall,70,94,ReRZV_2d,2024,1,dQ_Life_d,9.404536517325734e-5,9.319795389473029e-5,7.247691275669155e-5,1.2076574821211493e-4
Overall,70,94,ReRZV_2d,2024,1,dQ_All_d,0.0054277927920740035,0.005394943015151199,0.004490720333075071,0.006510237637730709
Overall,70,94,ReRZV_2d,2024,1,dC_Hosp,-6.478734091458451,-6.42931491361848,-8.306837894322037,-4.930474996267698
Overall,70,94,ReRZV_2d,2024,1,dC_GP_NonPHN,-4.92465091622886,-4.906554559606699,-5.702314648875102,-4.256011432434476
Overall,70,94,ReRZV_2d,2024,1,dC_GP_PHN,-1.7737418665978284,-1.7637774130101844,-2.1762047397513276,-1.444040379989492
Overall,70,94,ReRZV_2d,2024,1,dC_GP,-6.698392782826688,-6.659424014003745,-7.808901627551589,-5.732100390591864
Overall,70,94,ReRZV_2d,2024,1,dC_Med,-13.17712687428514,-13.098345276913019,-15.923969006249642,-10.88789785206446
Overall,70,94,ReRZV_2d,2024,1,dC_VacZVL,110,110,110,110
Overall,70,94,ReRZV_2d,2024,1,dC_VacRZV,34.38614390605068,34.38615949506233,34.38470270051751,34.387342805972466
Overall,70,94,ReRZV_2d,2024,1,dC_Vac,144.38614390605068,144.38615949506232,144.3847027005175,144.38734280597245
Overall,70,94,ReRZV_2d,2024,1,dC_All,131.20901703176554,131.28754199685466,128.46263261601536,133.49740830200201
Overall,70,94,ReRZV_2d,2024,1,dC_Hosp_d,-5.2332254704385,-5.187296021564384,-6.722976453391959,-4.013330563270801
Overall,70,94,ReRZV_2d,2024,1,dC_GP_NonPHN_d,-4.462461691627509,-4.449196963777629,-5.121696707891432,-3.882592390757299
Overall,70,94,ReRZV_2d,2024,1,dC_GP_PHN_d,-1.5872996047714725,-1.5776362526245673,-1.9385376119198998,-1.3040363656825384
Overall,70,94,ReRZV_2d,2024,1,dC_GP_d,-6.049761296398982,-6.019164154539296,-7.000026279762338,-5.2108228193778805
Overall,70,94,ReRZV_2d,2024,1,dC_Med_d,-11.282986766837482,-11.201825338960491,-13.541222677802356,-9.360452487145265
Overall,70,94,ReRZV_2d,2024,1,dC_VacZVL_d,110,110,110,110
Overall,70,94,ReRZV_2d,2024,1,dC_VacRZV_d,24.05461788469572,24.05462878989404,24.053609698128238,24.055456567846107
Overall,70,94,ReRZV_2d,2024,1,dC_Vac_d,134.05461788469572,134.05462878989402,134.05360969812824,134.0554565678461
Overall,70,94,ReRZV_2d,2024,1,dC_All_d,122.77163111785823,122.85286888108918,120.5134796720954,124.69378178445578
Overall,70,94,ReRZV_2d,2024,1,dN_VacZVL,1,1,1,1
Overall,70,94,ReRZV_2d,2024,1,dN_VacRZV,0.4045428694829491,0.4045430528830863,0.4045259141237354,0.40455697418791137
Overall,70,94,ReRZV_2d,2024,1,dN_VacZVL_d,1,1,1,1
Overall,70,94,ReRZV_2d,2024,1,dN_VacRZV_d,0.282995504525832,0.2829956328222828,0.2829836435073911,0.2830053713864248
Overall,70,94,ReRZV_2d,2024,1,ICER,22840.63653438378,22797.649544171596,18611.835957248408,27651.133050568158
Overall,70,94,ReRZV_2d,2024,1,Price0,85,85,84.99999999999999,85.00000000000001
Overall,70,94,ReRZV_2d,2024,1,Thres20,423.46531767056564,420.45559421016384,352.080135343343,505.63717883373715
Overall,70,94,ReRZV_2d,2024,1,Thres30,615.2630659664301,611.1094174105899,510.8912157755493,734.5099052405492
Overall,70,94,ReRZV_2d,2024,1,Thres20_50,NA,420.45559421016384,NA,NA
Overall,70,94,ReRZV_2d,2024,1,Thres30_90,NA,541.3504393969473,NA,NA
Overall,70,94,ReRZV_2d,2024,1,Thres,NA,420.45559421016384,NA,NA
Overall,70,95,ReRZV_1d,2024,1,N0,1,1,1,1
Overall,70,95,ReRZV_1d,2024,1,dYear_Life,1.6399652109100947e-4,1.6231055753479495e-4,1.2337646500020226e-4,2.1516144773601196e-4
Overall,70,95,ReRZV_1d,2024,1,dYear_Immunised,4.9445505936888,4.929296726816699,4.305480917032785,5.691343747550942
Overall,70,95,ReRZV_1d,2024,1,dRisk_HZ,-0.04201269073068342,-0.04186569295859801,-0.0489724932327462,-0.03602076624923495
Overall,70,95,ReRZV_1d,2024,1,dRisk_Hosp,-0.0013821298603820817,-0.0013679542441622015,-0.001797631296899528,-0.0010542787877491258
Overall,70,95,ReRZV_1d,2024,1,dRisk_PHN,-0.003112800873241305,-0.00308794163294227,-0.0037979925150095047,-0.002533806048827034
Overall,70,95,ReRZV_1d,2024,1,dRisk_Death,-2.4864541903506417e-5,-2.466603437150478e-5,-3.26905113113967e-5,-1.8694231594633178e-5
Overall,70,95,ReRZV_1d,2024,1,dQ_Life,1.1353843707763733e-4,1.1241178889065395e-4,8.531505789433069e-5,1.4906614186611656e-4
Overall,70,95,ReRZV_1d,2024,1,dQ_HZ,0.005742777027481612,0.005696545275211474,0.004697580528957093,0.006974220735498634
Overall,70,95,ReRZV_1d,2024,1,dQ_HZ_Norm,0.00196558209729652,0.001954915593778875,0.001629816140980017,0.0023509351300150146
Overall,70,95,ReRZV_1d,2024,1,dQ_All,0.005853065031679497,0.00580674599075337,0.004786731653305587,0.007080150603217336
Overall,70,95,ReRZV_1d,2024,1,dQ_HZ_d,0.005177622051801901,0.005145857171782507,0.004264263816019222,0.006242649727925039
Overall,70,95,ReRZV_1d,2024,1,dQ_HZ_Norm_d,0.0017918030358759496,0.001781965298130618,0.0014999065957723302,0.0021260708458600767
Overall,70,95,ReRZV_1d,2024,1,dQ_Life_d,8.86273947657843e-5,8.78317432526643e-5,6.688407120738482e-5,1.1523006007716493e-4
Overall,70,95,ReRZV_1d,2024,1,dQ_All_d,0.005266249446567671,0.005230993049036847,0.00433643241052466,0.006342815600348084
Overall,70,95,ReRZV_1d,2024,1,dC_Hosp,-5.756345656061764,-5.694747763140013,-7.550808720470115,-4.298996025699787
Overall,70,95,ReRZV_1d,2024,1,dC_GP_NonPHN,-4.783777638977609,-4.766177668138749,-5.567921286623866,-4.114610590020954
Overall,70,95,ReRZV_1d,2024,1,dC_GP_PHN,-1.717385468162786,-1.7064346332620075,-2.1206890461070516,-1.3869539170029657
Overall,70,95,ReRZV_1d,2024,1,dC_GP,-6.501163107140395,-6.462617675270252,-7.62202594227123,-5.5412730891420106
Overall,70,95,ReRZV_1d,2024,1,dC_Med,-12.257508763202159,-12.163420854878634,-14.984646216370088,-9.96646183175744
Overall,70,95,ReRZV_1d,2024,1,dC_VacZVL,110,110,110,110
Overall,70,95,ReRZV_1d,2024,1,dC_VacRZV,13.887231422719672,13.887239046379833,13.886560771180692,13.88778742658643
Overall,70,95,ReRZV_1d,2024,1,dC_Vac,123.88723142271967,123.88723904637983,123.88656077118068,123.88778742658643
Overall,70,95,ReRZV_1d,2024,1,dC_All,111.62972265951751,111.72372034039503,108.902790645385,113.92082782351666
Overall,70,95,ReRZV_1d,2024,1,dC_Hosp_d,-4.72852229894689,-4.673514579803527,-6.193337198894028,-3.5810734493097423
Overall,70,95,ReRZV_1d,2024,1,dC_GP_NonPHN_d,-4.3640311668847716,-4.350483765665056,-5.020660040824908,-3.780908577969891
Overall,70,95,ReRZV_1d,2024,1,dC_GP_PHN_d,-1.5479197498995252,-1.538349298974621,-1.8986464745066953,-1.2625115239465154
Overall,70,95,ReRZV_1d,2024,1,dC_GP_d,-5.9119509167842965,-5.882391793250622,-6.863592876897799,-5.078443425070604
Overall,70,95,ReRZV_1d,2024,1,dC_Med_d,-10.640473215731188,-10.556312947140468,-12.878219758527004,-8.76597447041185
Overall,70,95,ReRZV_1d,2024,1,dC_VacZVL_d,110,110,110,110
Overall,70,95,ReRZV_1d,2024,1,dC_VacRZV_d,9.571160887211745,9.571166141482788,9.570698670259823,9.571544088319344
Overall,70,95,ReRZV_1d,2024,1,dC_Vac_d,119.57116088721175,119.57116614148279,119.57069867025982,119.57154408831934
Overall,70,95,ReRZV_1d,2024,1,dC_All_d,108.93068767148056,109.01494323069363,106.69305753720026,110.80508238334534
Overall,70,95,ReRZV_1d,2024,1,dN_VacZVL,1,1,1,1
Overall,70,95,ReRZV_1d,2024,1,dN_VacRZV,0.16337919320846672,0.16337928289858625,0.16337130319036108,0.1633857344304286
Overall,70,95,ReRZV_1d,2024,1,dN_VacZVL_d,1,1,1,1
Overall,70,95,ReRZV_1d,2024,1,dN_VacRZV_d,0.11260189279072642,0.11260195460567987,0.11259645494423322,0.11260640103905109
Overall,70,95,ReRZV_1d,2024,1,ICER,20897.479310563223,20847.96372797347,16963.03657228984,25408.450427917986
Overall,70,95,ReRZV_1d,2024,1,Price0,85,85,84.99999999999999,85.00000000000001
Overall,70,95,ReRZV_1d,2024,1,Thres20,1029.8707388339433,1022.6739976742191,852.9351468850448,1233.2950644654638
Overall,70,95,ReRZV_1d,2024,1,Thres30,1497.5579419842074,1486.6908042701834,1239.362122908809,1799.7099902160016
Overall,70,95,ReRZV_1d,2024,1,Thres20_50,NA,1022.6739976742191,NA,NA
Overall,70,95,ReRZV_1d,2024,1,Thres30_90,NA,1313.718857541065,NA,NA
Overall,70,95,ReRZV_1d,2024,1,Thres,NA,1022.6739976742191,NA,NA
Overall,70,95,ReRZV_2d,2024,1,N0,1,1,1,1
Overall,70,95,ReRZV_2d,2024,1,dYear_Life,1.647900775585942e-4,1.6287792083247155e-4,1.2422260425299923e-4,2.1583114474514885e-4
Overall,70,95,ReRZV_2d,2024,1,dYear_Immunised,4.95818011448232,4.939403638797899,4.3209885878037495,5.705732368412255
Overall,70,95,ReRZV_2d,2024,1,dRisk_HZ,-0.042130890521868664,-0.041983708510391474,-0.04918347950325258,-0.03615342917000373
Overall,70,95,ReRZV_2d,2024,1,dRisk_Hosp,-0.001395608641414932,-0.001380527721639025,-0.0018148942229231574,-0.0010678692021918591
Overall,70,95,ReRZV_2d,2024,1,dRisk_PHN,-0.0031220825396293867,-0.0031000590205834174,-0.0038086933002969368,-0.00254966022593547
Overall,70,95,ReRZV_2d,2024,1,dRisk_Death,-2.5223005499070927e-5,-2.497786293954667e-5,-3.310238818428203e-5,-1.90575516653456e-5
Overall,70,95,ReRZV_2d,2024,1,dQ_Life,1.1400419656311023e-4,1.1280420025361337e-4,8.563097315970048e-5,1.493051857950789e-4
Overall,70,95,ReRZV_2d,2024,1,dQ_HZ,0.005761729626767471,0.005712462391799256,0.004711554836897949,0.006978403263706663
Overall,70,95,ReRZV_2d,2024,1,dQ_HZ_Norm,0.0019705663186996092,0.0019589815982411674,0.0016342058225554017,0.0023547674566104797
Overall,70,95,ReRZV_2d,2024,1,dQ_All,0.005872380905376885,0.005825863240221274,0.004809247109979031,0.007099355520126681
Overall,70,95,ReRZV_2d,2024,1,dQ_HZ_d,0.005190420730935901,0.005158801919678992,0.0042686777819838815,0.006248004714417913
Overall,70,95,ReRZV_2d,2024,1,dQ_HZ_Norm_d,0.0017951695212761352,0.0017846544484393712,0.001502360623482564,0.0021292315276538747
Overall,70,95,ReRZV_2d,2024,1,dQ_Life_d,8.893293883918041e-5,8.811490117288656e-5,6.710436330576996e-5,1.1586642993410834e-4
Overall,70,95,ReRZV_2d,2024,1,dQ_All_d,0.005279353669775059,0.005241117333379286,0.004350828257724526,0.006348370051299799
Overall,70,95,ReRZV_2d,2024,1,dC_Hosp,-5.819464287599562,-5.75536806342024,-7.6209095268707046,-4.371530491025716
Overall,70,95,ReRZV_2d,2024,1,dC_GP_NonPHN,-4.795427296086451,-4.775412976783007,-5.57546599720238,-4.122825105750658
Overall,70,95,ReRZV_2d,2024,1,dC_GP_PHN,-1.7218666126537074,-1.7097233706624606,-2.1284337194833216,-1.389656547237585
Overall,70,95,ReRZV_2d,2024,1,dC_GP,-6.517293908740158,-6.479480025362683,-7.648483987816997,-5.551869282043281
Overall,70,95,ReRZV_2d,2024,1,dC_Med,-12.33675819633972,-12.243119707913124,-15.084766513534282,-10.059276978510347
Overall,70,95,ReRZV_2d,2024,1,dC_VacZVL,110,110,110,110
Overall,70,95,ReRZV_2d,2024,1,dC_VacRZV,27.774462845439345,27.774478092759665,27.773121542361384,27.77557485317286
Overall,70,95,ReRZV_2d,2024,1,dC_Vac,137.77446284543933,137.77447809275967,137.7731215423614,137.77557485317286
Overall,70,95,ReRZV_2d,2024,1,dC_All,125.43770464909963,125.53191255883382,122.69005144722132,127.71473325629195
Overall,70,95,ReRZV_2d,2024,1,dC_Hosp_d,-4.771135550022882,-4.706930427728089,-6.224146381366262,-3.6107003992582247
Overall,70,95,ReRZV_2d,2024,1,dC_GP_NonPHN_d,-4.3719004107037716,-4.356019411815832,-5.032773807319137,-3.7881552626556783
Overall,70,95,ReRZV_2d,2024,1,dC_GP_PHN_d,-1.5509478953393838,-1.541110396062606,-1.8998796414950299,-1.2631474052956488
Overall,70,95,ReRZV_2d,2024,1,dC_GP_d,-5.922848306043155,-5.890446039193435,-6.882311921900541,-5.087066131035347
Overall,70,95,ReRZV_2d,2024,1,dC_Med_d,-10.693983856066037,-10.603542303706156,-12.93593834383626,-8.813789032382052
Overall,70,95,ReRZV_2d,2024,1,dC_VacZVL_d,110,110,110,110
Overall,70,95,ReRZV_2d,2024,1,dC_VacRZV_d,19.14232177442349,19.142332282965576,19.141397340519646,19.143088176638688
Overall,70,95,ReRZV_2d,2024,1,dC_Vac_d,129.1423217744235,129.14233228296558,129.14139734051966,129.14308817663868
Overall,70,95,ReRZV_2d,2024,1,dC_All_d,118.44833791835745,118.53878931060021,116.20663334028616,120.32825897804335
Overall,70,95,ReRZV_2d,2024,1,dN_VacZVL,1,1,1,1
Overall,70,95,ReRZV_2d,2024,1,dN_VacRZV,0.32675838641693344,0.3267585657971725,0.32674260638072217,0.3267714688608572
Overall,70,95,ReRZV_2d,2024,1,dN_VacZVL_d,1,1,1,1
Overall,70,95,ReRZV_2d,2024,1,dN_VacRZV_d,0.22520378558145285,0.22520390921135974,0.22519290988846644,0.22521280207810218
Overall,70,95,ReRZV_2d,2024,1,ICER,22664.88287778383,22620.09084911683,18414.387927454303,27523.85368251488
Overall,70,95,ReRZV_2d,2024,1,Price0,85,85,84.99999999999999,85.00000000000001
Overall,70,95,ReRZV_2d,2024,1,Thres20,516.3367443783093,512.4263498793705,428.463103993509,618.1271892702857
Overall,70,95,ReRZV_2d,2024,1,Thres30,750.7622285790857,745.4049783065141,621.5899284372684,900.0037889366092
Overall,70,95,ReRZV_2d,2024,1,Thres20_50,NA,512.4263498793705,NA,NA
Overall,70,95,ReRZV_2d,2024,1,Thres30_90,NA,658.6539114636845,NA,NA
Overall,70,95,ReRZV_2d,2024,1,Thres,NA,512.4263498793705,NA,NA
Overall,70,96,ReRZV_1d,2024,1,N0,1,1,1,1
Overall,70,96,ReRZV_1d,2024,1,dYear_Life,1.557310693518108e-4,1.5415180321021182e-4,1.150283642482819e-4,2.06670424223887e-4
Overall,70,96,ReRZV_1d,2024,1,dYear_Immunised,4.838452172341571,4.822157736404699,4.200603936090314,5.592281343770985
Overall,70,96,ReRZV_1d,2024,1,dRisk_HZ,-0.04107252756545032,-0.04091776048138027,-0.04811487365600133,-0.0350860643111279
Overall,70,96,ReRZV_1d,2024,1,dRisk_Hosp,-0.001276732608839891,-0.0012617120964128255,-0.001682398243601773,-9.603401527258103e-4
Overall,70,96,ReRZV_1d,2024,1,dRisk_PHN,-0.0030364654199032137,-0.0030139281201019474,-0.0037307115201733665,-0.002463942381264682
Overall,70,96,ReRZV_1d,2024,1,dRisk_Death,-2.2071101245188336e-5,-2.180024751529251e-5,-2.986625139915623e-5,-1.6100870957943257e-5
Overall,70,96,ReRZV_1d,2024,1,dQ_Life,1.0837712158168333e-4,1.071682307882682e-4,7.980789182737702e-5,1.439658950673106e-4
Overall,70,96,ReRZV_1d,2024,1,dQ_HZ,0.0055853662817884064,0.0055387382319639095,0.004555621859093941,0.006790904130773786
Overall,70,96,ReRZV_1d,2024,1,dQ_HZ_Norm,0.0019237048109144114,0.0019126421222118153,0.001590043493288368,0.002306236230945563
Overall,70,96,ReRZV_1d,2024,1,dQ_All,0.005691030767986529,0.005644903974440396,0.004636673685693715,0.006921339968049533
Overall,70,96,ReRZV_1d,2024,1,dQ_HZ_d,0.005068980872186337,0.005032230370061028,0.004164208542587917,0.00612232520561104
Overall,70,96,ReRZV_1d,2024,1,dQ_HZ_Norm_d,0.0017629011835292331,0.0017533967969833608,0.0014712900616778311,0.0020949137913531036
Overall,70,96,ReRZV_1d,2024,1,dQ_Life_d,8.520817642843692e-5,8.427733279692262e-5,6.334216265169168e-5,1.1228127770417371e-4
Overall,70,96,ReRZV_1d,2024,1,dQ_All_d,0.005154189048614746,0.005114199242979289,0.004232575954251727,0.006211662220437429
Overall,70,96,ReRZV_1d,2024,1,dC_Hosp,-5.240779120163226,-5.174847485493231,-6.981044463056404,-3.8467613281445345
Overall,70,96,ReRZV_1d,2024,1,dC_GP_NonPHN,-4.685537168065015,-4.667945044180506,-5.472737531282419,-4.010983669653267
Overall,70,96,ReRZV_1d,2024,1,dC_GP_PHN,-1.6783548562636714,-1.664912962253569,-2.0808517809897453,-1.3501110915638774
Overall,70,96,ReRZV_1d,2024,1,dC_GP,-6.3638920243286865,-6.327927127928152,-7.497355772923719,-5.401429838754277
Overall,70,96,ReRZV_1d,2024,1,dC_Med,-11.604671144491912,-11.500122079686577,-14.321043655697471,-9.36531313496364
Overall,70,96,ReRZV_1d,2024,1,dC_VacZVL,110,110,110,110
Overall,70,96,ReRZV_1d,2024,1,dC_VacRZV,10.945685142682676,10.945693672218113,10.945086342763199,10.946182053207524
Overall,70,96,ReRZV_1d,2024,1,dC_Vac,120.94568514268268,120.94569367221811,120.9450863427632,120.94618205320752
Overall,70,96,ReRZV_1d,2024,1,dC_All,109.34101399819076,109.44534737313467,106.62512589879921,111.58015700320675
Overall,70,96,ReRZV_1d,2024,1,dC_Hosp_d,-4.3726762998247946,-4.317498915068917,-5.827896856171343,-3.220313998490979
Overall,70,96,ReRZV_1d,2024,1,dC_GP_NonPHN_d,-4.296230839294561,-4.280423542784671,-4.958026316788768,-3.710065382978638
Overall,70,96,ReRZV_1d,2024,1,dC_GP_PHN_d,-1.5209845611799881,-1.5107162408739705,-1.8678325204260238,-1.2382669191992308
Overall,70,96,ReRZV_1d,2024,1,dC_GP_d,-5.8172154004745495,-5.786231530227872,-6.77845258207993,-4.981205260664472
Overall,70,96,ReRZV_1d,2024,1,dC_Med_d,-10.189891700299345,-10.115622638181037,-12.439707360704684,-8.329536528562024
Overall,70,96,ReRZV_1d,2024,1,dC_VacZVL_d,110,110,110,110
Overall,70,96,ReRZV_1d,2024,1,dC_VacRZV_d,7.432344862896936,7.432350654626559,7.431938265461746,7.432682275341981
Overall,70,96,ReRZV_1d,2024,1,dC_Vac_d,117.43234486289694,117.43235065462656,117.43193826546174,117.43268227534199
Overall,70,96,ReRZV_1d,2024,1,dC_All_d,107.24245316259758,107.3166800085267,104.99273721064502,109.10250652197185
Overall,70,96,ReRZV_1d,2024,1,dN_VacZVL,1,1,1,1
Overall,70,96,ReRZV_1d,2024,1,dN_VacRZV,0.12877276638450205,0.1287728667319778,0.12876572167956707,0.12877861239067676
Overall,70,96,ReRZV_1d,2024,1,dN_VacZVL_d,1,1,1,1
Overall,70,96,ReRZV_1d,2024,1,dN_VacRZV_d,0.08743935132819924,0.08743941946619482,0.08743456782896171,0.08744332088637624
Overall,70,96,ReRZV_1d,2024,1,ICER,21027.66390062613,20978.257820193514,17007.42161891732,25628.158987644492
Overall,70,96,ReRZV_1d,2024,1,Price0,85,85,84.99999999999999,85.00000000000001
Overall,70,96,ReRZV_1d,2024,1,Thres20,1295.4533312584604,1285.7956277966268,1069.47688731357,1555.4856405469493
Overall,70,96,ReRZV_1d,2024,1,Thres30,1884.9117022016842,1870.455012762775,1555.5721825979795,2265.719715150709
Overall,70,96,ReRZV_1d,2024,1,Thres20_50,NA,1285.7956277966268,NA,NA
Overall,70,96,ReRZV_1d,2024,1,Thres30_90,NA,1649.0414978994304,NA,NA
Overall,70,96,ReRZV_1d,2024,1,Thres,NA,1285.7956277966268,NA,NA
Overall,70,96,ReRZV_2d,2024,1,N0,1,1,1,1
Overall,70,96,ReRZV_2d,2024,1,dYear_Life,1.562010196440884e-4,1.5452497724588454e-4,1.1518240700603144e-4,2.0733075788843531e-4
Overall,70,96,ReRZV_2d,2024,1,dYear_Immunised,4.847909410537303,4.827688254614939,4.207247605689776,5.602326910901991
Overall,70,96,ReRZV_2d,2024,1,dRisk_HZ,-0.041153804286751736,-0.04098949944873664,-0.048284467059695906,-0.035194341751889964
Overall,70,96,ReRZV_2d,2024,1,dRisk_Hosp,-0.00128607630992854,-0.0012715531898236992,-0.0016976736166860388,-9.702552131443312e-4
Overall,70,96,ReRZV_2d,2024,1,dRisk_PHN,-0.003042780114042507,-0.00301966785484361,-0.0037389809770117977,-0.0024737783374074247
Overall,70,96,ReRZV_2d,2024,1,dRisk_Death,-2.23198341552434e-5,-2.202191821709601e-5,-3.0145380061783657e-5,-1.6382555979836985e-5
Overall,70,96,ReRZV_2d,2024,1,dQ_Life,1.0864092775850853e-4,1.07398741675091e-4,8.011204618987299e-5,1.4414054396150178e-4
Overall,70,96,ReRZV_2d,2024,1,dQ_HZ,0.005598143858735,0.005551849805077686,0.004569987356511431,0.006798555725600458
Overall,70,96,ReRZV_2d,2024,1,dQ_HZ_Norm,0.00192704643486771,0.0019151247399304783,0.0015940090510781302,0.0023086647196072087
Overall,70,96,ReRZV_2d,2024,1,dQ_All,0.005703990929072856,0.005656743550947141,0.004652343966246697,0.006929203792970239
Overall,70,96,ReRZV_2d,2024,1,dQ_HZ_d,0.005077518841703556,0.005039443444882282,0.004167402726761731,0.006125020919057643
Overall,70,96,ReRZV_2d,2024,1,dQ_HZ_Norm_d,0.0017651343180286804,0.0017557265854714881,0.0014732299148687374,0.002098240481472388
Overall,70,96,ReRZV_2d,2024,1,dQ_Life_d,8.537994480416256e-5,8.453083756876367e-5,6.353651267065885e-5,1.1253096288763586e-4
Overall,70,96,ReRZV_2d,2024,1,dQ_All_d,0.005162898786507708,0.005124158621084618,0.004242737321554379,0.006217065437892577
Overall,70,96,ReRZV_2d,2024,1,dC_Hosp,-5.283679519658114,-5.213470798342156,-7.011598942967044,-3.8816223750545897
Overall,70,96,ReRZV_2d,2024,1,dC_GP_NonPHN,-4.693327093531844,-4.674424344802501,-5.4840954171143945,-4.016077862896826
Overall,70,96,ReRZV_2d,2024,1,dC_GP_PHN,-1.681320067445606,-1.6685717812766105,-2.0862012951233515,-1.3506953338971566
Overall,70,96,ReRZV_2d,2024,1,dC_GP,-6.3746471609774495,-6.33642675245547,-7.514809699976774,-5.409603360812216
Overall,70,96,ReRZV_2d,2024,1,dC_Med,-11.658326680635563,-11.547695364472794,-14.375961588277333,-9.40843845974136
Overall,70,96,ReRZV_2d,2024,1,dC_VacZVL,110,110,110,110
Overall,70,96,ReRZV_2d,2024,1,dC_VacRZV,21.89137028536535,21.891387344436225,21.890172685526398,21.892364106415048
Overall,70,96,ReRZV_2d,2024,1,dC_Vac,131.89137028536535,131.89138734443623,131.8901726855264,131.89236410641504
Overall,70,96,ReRZV_2d,2024,1,dC_All,120.23304360472979,120.34342650942499,117.51559554932616,122.48309741189045
Overall,70,96,ReRZV_2d,2024,1,dC_Hosp_d,-4.401338703312173,-4.3444635514149095,-5.857382626384865,-3.255721147868441
Overall,70,96,ReRZV_2d,2024,1,dC_GP_NonPHN_d,-4.3014369956091665,-4.283068925391368,-4.967854702364925,-3.7129857528793084
Overall,70,96,ReRZV_2d,2024,1,dC_GP_PHN_d,-1.5229668067777569,-1.5123998894563053,-1.872019163686677,-1.2388657465625401
Overall,70,96,ReRZV_2d,2024,1,dC_GP_d,-5.824403802386924,-5.792826832286818,-6.789920107755929,-4.988149984208408
Overall,70,96,ReRZV_2d,2024,1,dC_Med_d,-10.225742505699097,-10.141660101534084,-12.488041222565913,-8.358574140576158
Overall,70,96,ReRZV_2d,2024,1,dC_VacZVL_d,110,110,110,110
Overall,70,96,ReRZV_2d,2024,1,dC_VacRZV_d,14.864689725793871,14.864701309253118,14.863876530923491,14.865364550683962
Overall,70,96,ReRZV_2d,2024,1,dC_Vac_d,124.86468972579387,124.86470130925312,124.8638765309235,124.86536455068395
Overall,70,96,ReRZV_2d,2024,1,dC_All_d,114.63894722009478,114.72320372559278,112.37683744538548,116.50607110104893
Overall,70,96,ReRZV_2d,2024,1,dN_VacZVL,1,1,1,1
Overall,70,96,ReRZV_2d,2024,1,dN_VacRZV,0.2575455327690041,0.2575457334639556,0.25753144335913414,0.2575572247813535
Overall,70,96,ReRZV_2d,2024,1,dN_VacZVL_d,1,1,1,1
Overall,70,96,ReRZV_2d,2024,1,dN_VacRZV_d,0.1748787026563985,0.17487883893238965,0.17486913565792342,0.17488664177275248
Overall,70,96,ReRZV_2d,2024,1,ICER,22438.44961512872,22391.287872437086,18153.18730962733,27318.407780593327
Overall,70,96,ReRZV_2d,2024,1,Price0,85,85,84.99999999999999,85.00000000000001
Overall,70,96,ReRZV_2d,2024,1,Thres20,648.9277578256948,644.143939474643,536.2222108068128,779.8581025603053
Overall,70,96,ReRZV_2d,2024,1,Thres30,944.1549875488035,936.9956050781723,779.0806539126861,1134.9146711293163
Overall,70,96,ReRZV_2d,2024,1,Thres20_50,NA,644.143939474643,NA,NA
Overall,70,96,ReRZV_2d,2024,1,Thres30_90,NA,826.2600492388405,NA,NA
Overall,70,96,ReRZV_2d,2024,1,Thres,NA,644.143939474643,NA,NA
Overall,70,97,ReRZV_1d,2024,1,N0,1,1,1,1
Overall,70,97,ReRZV_1d,2024,1,dYear_Life,1.5008787732630324e-4,1.4826788237876087e-4,1.0882622131012098e-4,2.011999440196809e-4
Overall,70,97,ReRZV_1d,2024,1,dYear_Immunised,4.7561336425112675,4.735981115206008,4.1145576351172926,5.51510792923582
Overall,70,97,ReRZV_1d,2024,1,dRisk_HZ,-0.04035416684821504,-0.0401854710453486,-0.047500363614295785,-0.034357812796629264
Overall,70,97,ReRZV_1d,2024,1,dRisk_Hosp,-0.0011941326816313819,-0.0011778992315599605,-0.0015983642603740315,-8.807222217330522e-4
Overall,70,97,ReRZV_1d,2024,1,dRisk_PHN,-0.0029791513421447697,-0.002955775346714786,-0.0036829501590474566,-0.0024097823161665626
Overall,70,97,ReRZV_1d,2024,1,dRisk_Death,-1.9903731224274025e-5,-1.9645127149786264e-5,-2.765094713867319e-5,-1.4034723700032625e-5
Overall,70,97,ReRZV_1d,2024,1,dQ_Life,1.0495586661803902e-4,1.0354765722642156e-4,7.630282041710678e-5,1.4063236298125225e-4
Overall,70,97,ReRZV_1d,2024,1,dQ_HZ,0.0054635400737593235,0.00541387974532616,0.004443946412713527,0.006673165975777307
Overall,70,97,ReRZV_1d,2024,1,dQ_HZ_Norm,0.001891574399874913,0.0018790658713912496,0.0015589966581780164,0.0022713485115303084
Overall,70,97,ReRZV_1d,2024,1,dQ_All,0.00556635329200693,0.005517806889740129,0.004524530635433122,0.0067936076019671
Overall,70,97,ReRZV_1d,2024,1,dQ_HZ_d,0.004986177941510762,0.004949303678156549,0.0040860931429655785,0.006020873212270713
Overall,70,97,ReRZV_1d,2024,1,dQ_HZ_Norm_d,0.00174106310542894,0.0017319212091078647,0.0014494789471372117,0.002071864882833111
Overall,70,97,ReRZV_1d,2024,1,dQ_Life_d,8.296531784746275e-5,8.203931006711684e-5,6.091760111308631e-5,1.1010011371568317e-4
Overall,70,97,ReRZV_1d,2024,1,dQ_All_d,0.0050691432593581815,0.005030892281938648,0.0041522581662061684,0.006118544990360864
Overall,70,97,ReRZV_1d,2024,1,dC_Hosp,-4.831807412897433,-4.766601265004713,-6.537662085751287,-3.4822653441458606
Overall,70,97,ReRZV_1d,2024,1,dC_GP_NonPHN,-4.610504270536414,-4.59177385763245,-5.406259448306518,-3.9328043796825893
Overall,70,97,ReRZV_1d,2024,1,dC_GP_PHN,-1.6490949461790412,-1.6373796122337159,-2.0554538962195688,-1.325517475790613
Overall,70,97,ReRZV_1d,2024,1,dC_GP,-6.259599216715455,-6.218509307040401,-7.400302414010835,-5.293129571219969
Overall,70,97,ReRZV_1d,2024,1,dC_Med,-11.091406629612889,-10.97569932598751,-13.841917431973954,-8.879987029480473
Overall,70,97,ReRZV_1d,2024,1,dC_VacZVL,110,110,110,110
Overall,70,97,ReRZV_1d,2024,1,dC_VacRZV,8.401392010151989,8.401399410712365,8.400870528981907,8.401820771593982
Overall,70,97,ReRZV_1d,2024,1,dC_Vac,118.401392010152,118.40139941071237,118.4008705289819,118.40182077159398
Overall,70,97,ReRZV_1d,2024,1,dC_All,107.3099853805391,107.42570078698647,104.55960689289289,109.52080896798772
Overall,70,97,ReRZV_1d,2024,1,dC_Hosp_d,-4.094704608191464,-4.036867667407655,-5.517328992255366,-2.995549545509399
Overall,70,97,ReRZV_1d,2024,1,dC_GP_NonPHN_d,-4.245233560557686,-4.22833917332663,-4.914252649244305,-3.6595176938498826
Overall,70,97,ReRZV_1d,2024,1,dC_GP_PHN_d,-1.5010982616895696,-1.4895702400026738,-1.851769919535523,-1.2154547206865849
Overall,70,97,ReRZV_1d,2024,1,dC_GP_d,-5.746331822247257,-5.716944767209434,-6.712793502893166,-4.910487998322339
Overall,70,97,ReRZV_1d,2024,1,dC_Med_d,-9.84103643043872,-9.744710626047265,-12.128117313711154,-7.987350362419462
Overall,70,97,ReRZV_1d,2024,1,dC_VacZVL_d,110,110,110,110
Overall,70,97,ReRZV_1d,2024,1,dC_VacRZV_d,5.620411434900587,5.620416385769934,5.62006257143512,5.620698270190324
Overall,70,97,ReRZV_1d,2024,1,dC_Vac_d,115.62041143490059,115.62041638576994,115.62006257143513,115.62069827019032
Overall,70,97,ReRZV_1d,2024,1,dC_All_d,105.77937500446187,105.87571873241077,103.49261942328778,107.63296864518087
Overall,70,97,ReRZV_1d,2024,1,dN_VacZVL,1,1,1,1
Overall,70,97,ReRZV_1d,2024,1,dN_VacRZV,0.0988399060017881,0.09883999306720431,0.09883377092919889,0.09884495025404685
Overall,70,97,ReRZV_1d,2024,1,dN_VacZVL_d,1,1,1,1
Overall,70,97,ReRZV_1d,2024,1,dN_VacRZV_d,0.06612248746941868,0.06612254571494039,0.06611838319335435,0.0661258620022391
Overall,70,97,ReRZV_1d,2024,1,ICER,21094.206313043087,21046.74953259965,17035.92337181645,25751.865060979624
Overall,70,97,ReRZV_1d,2024,1,Price0,85,85,84.99999999999999,85.00000000000001
Overall,70,97,ReRZV_1d,2024,1,Thres20,1682.0876888423272,1668.915291309792,1386.732563241974,2024.647358009942
Overall,70,97,ReRZV_1d,2024,1,Thres30,2448.7163964203614,2431.0734677871264,2015.7216550973083,2953.3365853667838
Overall,70,97,ReRZV_1d,2024,1,Thres20_50,NA,1668.915291309792,NA,NA
Overall,70,97,ReRZV_1d,2024,1,Thres30_90,NA,2139.173781873991,NA,NA
Overall,70,97,ReRZV_1d,2024,1,Thres,NA,1668.915291309792,NA,NA
Overall,70,97,ReRZV_2d,2024,1,N0,1,1,1,1
Overall,70,97,ReRZV_2d,2024,1,dYear_Life,1.503379827511857e-4,1.4842588412200541e-4,1.0922484293853786e-4,2.0143919574113758e-4
Overall,70,97,ReRZV_2d,2024,1,dYear_Immunised,4.762370102915792,4.739715964324194,4.120368980449876,5.521747433864221
Overall,70,97,ReRZV_2d,2024,1,dRisk_HZ,-0.04040735556252701,-0.04022635127783816,-0.04756787633859633,-0.03441573437402172
Overall,70,97,ReRZV_2d,2024,1,dRisk_Hosp,-0.0012002781735918756,-0.0011848334087086287,-0.0016083793607697683,-8.864468566193127e-4
Overall,70,97,ReRZV_2d,2024,1,dRisk_PHN,-0.002983230890500054,-0.002958796217301771,-0.003684942125477336,-0.002415013875237485
Overall,70,97,ReRZV_2d,2024,1,dRisk_Death,-2.006775698929301e-5,-1.97634327915091e-5,-2.773609612403372e-5,-1.4247856860134063e-5
Overall,70,97,ReRZV_2d,2024,1,dQ_Life,1.0508647407966354e-4,1.0368107211800037e-4,7.639952931066673e-5,1.4079102431194813e-4
Overall,70,97,ReRZV_2d,2024,1,dQ_HZ,0.005471560489303757,0.005422810770129857,0.00444581652599493,0.006679144612757271
Overall,70,97,ReRZV_2d,2024,1,dQ_HZ_Norm,0.0018936616191751606,0.0018811366733942772,0.0015614676141170684,0.002272971762860795
Overall,70,97,ReRZV_2d,2024,1,dQ_All,0.005574445434978139,0.005526090931591732,0.004534255523488806,0.006795952911575841
Overall,70,97,ReRZV_2d,2024,1,dQ_HZ_d,0.004991483151748707,0.004953220838277122,0.004096214089202911,0.006024982761441808
Overall,70,97,ReRZV_2d,2024,1,dQ_HZ_Norm_d,0.0017424438116649828,0.001733631539431537,0.0014511225639772152,0.002072615899309711
Overall,70,97,ReRZV_2d,2024,1,dQ_Life_d,8.304977044521689e-5,8.211402754465524e-5,6.098371228895338e-5,1.1022287867721304e-4
Overall,70,97,ReRZV_2d,2024,1,dQ_All_d,0.0050745329221939224,0.005037215032016817,0.004159867624842129,0.006119051895577065
Overall,70,97,ReRZV_2d,2024,1,dC_Hosp,-4.858883798361504,-4.789540737331766,-6.5732517284822025,-3.511084026821272
Overall,70,97,ReRZV_2d,2024,1,dC_GP_NonPHN,-4.615358576537665,-4.5948494748164705,-5.4132135926132285,-3.936016325759314
Overall,70,97,ReRZV_2d,2024,1,dC_GP_PHN,-1.650919137452782,-1.639110493540986,-2.0564628931944227,-1.3270618014057374
Overall,70,97,ReRZV_2d,2024,1,dC_GP,-6.266277713990447,-6.226685357652945,-7.409038964085175,-5.296052783715447
Overall,70,97,ReRZV_2d,2024,1,dC_Med,-11.12516151235195,-11.007303038237772,-13.890775719931804,-8.895824649528846
Overall,70,97,ReRZV_2d,2024,1,dC_VacZVL,110,110,110,110
Overall,70,97,ReRZV_2d,2024,1,dC_VacRZV,16.802784020303978,16.80279882142473,16.801741057963813,16.803641543187965
Overall,70,97,ReRZV_2d,2024,1,dC_Vac,126.80278402030397,126.80279882142474,126.80174105796381,126.80364154318796
Overall,70,97,ReRZV_2d,2024,1,dC_All,115.67762250795202,115.79556880558081,112.91320370410826,117.90664108540857
Overall,70,97,ReRZV_2d,2024,1,dC_Hosp_d,-4.112613561413606,-4.053214580126038,-5.535672746755915,-3.0151583071831407
Overall,70,97,ReRZV_2d,2024,1,dC_GP_NonPHN_d,-4.248444834788543,-4.231964777694514,-4.918763339162015,-3.6624855831581518
Overall,70,97,ReRZV_2d,2024,1,dC_GP_PHN_d,-1.502305156001403,-1.490991028365951,-1.8533333986123346,-1.2177563971330687
Overall,70,97,ReRZV_2d,2024,1,dC_GP_d,-5.750749990789946,-5.720125056229122,-6.7149154605175925,-4.912016068335588
Overall,70,97,ReRZV_2d,2024,1,dC_Med_d,-9.863363552203552,-9.77218294660575,-12.155157082474776,-8.003388157208697
Overall,70,97,ReRZV_2d,2024,1,dC_VacZVL_d,110,110,110,110
Overall,70,97,ReRZV_2d,2024,1,dC_VacRZV_d,11.240822869801175,11.240832771539868,11.24012514287024,11.241396540380649
Overall,70,97,ReRZV_2d,2024,1,dC_Vac_d,121.24082286980118,121.24083277153986,121.24012514287023,121.24139654038066
Overall,70,97,ReRZV_2d,2024,1,dC_All_d,111.37745931759763,111.46847107492984,109.08619632938927,113.23724136261698
Overall,70,97,ReRZV_2d,2024,1,dN_VacZVL,1,1,1,1
Overall,70,97,ReRZV_2d,2024,1,dN_VacRZV,0.1976798120035762,0.19767998613440863,0.19766754185839777,0.1976899005080937
Overall,70,97,ReRZV_2d,2024,1,dN_VacZVL_d,1,1,1,1
Overall,70,97,ReRZV_2d,2024,1,dN_VacRZV_d,0.13224497493883736,0.13224509142988078,0.1322367663867087,0.1322517240044782
Overall,70,97,ReRZV_2d,2024,1,ICER,22185.814562908,22133.484792571275,17907.846839824117,27077.729258028456
Overall,70,97,ReRZV_2d,2024,1,Price0,85,85,84.99999999999999,85.00000000000001
Overall,70,97,ReRZV_2d,2024,1,Thres20,842.0277781587658,835.3642442738662,694.5107411471117,1013.7137632009426
Overall,70,97,ReRZV_2d,2024,1,Thres30,1225.7496831235499,1216.5381677255914,1008.5994224950043,1477.096423059139
Overall,70,97,ReRZV_2d,2024,1,Thres20_50,NA,835.3642442738662,NA,NA
Overall,70,97,ReRZV_2d,2024,1,Thres30_90,NA,1070.7976380480136,NA,NA
Overall,70,97,ReRZV_2d,2024,1,Thres,NA,835.3642442738662,NA,NA
Overall,70,98,ReRZV_1d,2024,1,N0,1,1,1,1
Overall,70,98,ReRZV_1d,2024,1,dYear_Life,1.464975742577117e-4,1.4466110106781116e-4,1.0538762734197959e-4,1.9765045745510074e-4
Overall,70,98,ReRZV_1d,2024,1,dYear_Immunised,4.694109426142502,4.672241663446995,4.049822801067122,5.456669151451802
Overall,70,98,ReRZV_1d,2024,1,dRisk_HZ,-0.03981829318910784,-0.039641181160888606,-0.04700946514963772,-0.03382796251078531
Overall,70,98,ReRZV_1d,2024,1,dRisk_Hosp,-0.0011325751806469313,-0.0011146034306597956,-0.0015500216453620654,-8.191433076506684e-4
Overall,70,98,ReRZV_1d,2024,1,dRisk_PHN,-0.0029372432715888577,-0.002915360853138111,-0.0036435150349604355,-0.0023673514597184844
Overall,70,98,ReRZV_1d,2024,1,dRisk_Death,-1.8270670834132184e-5,-1.7985290404621064e-5,-2.592667032337961e-5,-1.2441797461214974e-5
Overall,70,98,ReRZV_1d,2024,1,dQ_Life,1.0288861298718909e-4,1.0163479171687584e-4,7.431500899213184e-5,1.385077202307183e-4
Overall,70,98,ReRZV_1d,2024,1,dQ_HZ,0.0053714456791941565,0.00532453535021555,0.00435578021894519,0.006568639945879196
Overall,70,98,ReRZV_1d,2024,1,dQ_HZ_Norm,0.0018674762931955682,0.0018546462807746277,0.001536018311442055,0.0022448139567121913
Overall,70,98,ReRZV_1d,2024,1,dQ_All,0.00547279705112466,0.005423529862484067,0.004434422070981681,0.006686302562975088
Overall,70,98,ReRZV_1d,2024,1,dQ_HZ_d,0.004924532871077442,0.004889519976184054,0.004034426378429187,0.005953212243450553
Overall,70,98,ReRZV_1d,2024,1,dQ_HZ_Norm_d,0.001724932703252494,0.0017148128517565208,0.001433685539398969,0.002055465808125717
Overall,70,98,ReRZV_1d,2024,1,dQ_Life_d,8.162339519714656e-5,8.072949824633469e-5,5.9624130208746356e-5,1.0879228902078708e-4
Overall,70,98,ReRZV_1d,2024,1,dQ_All_d,0.005006156266274561,0.0049663979102634315,0.004100932273269153,0.006047166697568284
Overall,70,98,ReRZV_1d,2024,1,dC_Hosp,-4.522946772475397,-4.443595598759009,-6.232498022763947,-3.185455397214947
Overall,70,98,ReRZV_1d,2024,1,dC_GP_NonPHN,-4.5543219830351624,-4.534408799373813,-5.359080480401021,-3.8768587487511694
Overall,70,98,ReRZV_1d,2024,1,dC_GP_PHN,-1.6276520228070661,-1.6170704109041858,-2.034939527429473,-1.3020006910682538
Overall,70,98,ReRZV_1d,2024,1,dC_GP,-6.181974005842228,-6.1427797450431125,-7.327075355176776,-5.2126381869235034
Overall,70,98,ReRZV_1d,2024,1,dC_Med,-10.704920778317625,-10.588603912633435,-13.479792766572697,-8.516453535072314
Overall,70,98,ReRZV_1d,2024,1,dC_VacZVL,110,110,110,110
Overall,70,98,ReRZV_1d,2024,1,dC_VacRZV,6.261835945423753,6.261842901596179,6.261402875183003,6.26218962579286
Overall,70,98,ReRZV_1d,2024,1,dC_Vac,116.26183594542375,116.26184290159617,116.261402875183,116.26218962579286
Overall,70,98,ReRZV_1d,2024,1,dC_All,105.55691516710613,105.67293053443584,102.7821021273194,107.74540611408301
Overall,70,98,ReRZV_1d,2024,1,dC_Hosp_d,-3.8879619771484446,-3.821349486180914,-5.310172214878035,-2.780306422311091
Overall,70,98,ReRZV_1d,2024,1,dC_GP_NonPHN_d,-4.207627319793073,-4.1905680759697335,-4.878119047894183,-3.6204698275532863
Overall,70,98,ReRZV_1d,2024,1,dC_GP_PHN_d,-1.4867453555891046,-1.4754386705816582,-1.8390929446383013,-1.2036930789130178
Overall,70,98,ReRZV_1d,2024,1,dC_GP_d,-5.694372675382177,-5.664256024064327,-6.662564274101763,-4.8586821091889725
Overall,70,98,ReRZV_1d,2024,1,dC_Med_d,-9.582334652530623,-9.489193785612905,-11.85246182098635,-7.748523143203415
Overall,70,98,ReRZV_1d,2024,1,dC_VacZVL_d,110,110,110,110
Overall,70,98,ReRZV_1d,2024,1,dC_VacRZV_d,4.127171371184236,4.127175955992261,4.126885934913641,4.127404481650025
Overall,70,98,ReRZV_1d,2024,1,dC_Vac_d,114.12717137118423,114.12717595599227,114.12688593491364,114.12740448165002
Overall,70,98,ReRZV_1d,2024,1,dC_All_d,104.54483671865361,104.63806724043573,102.27496707434081,106.37879516563429
Overall,70,98,ReRZV_1d,2024,1,dN_VacZVL,1,1,1,1
Overall,70,98,ReRZV_1d,2024,1,dN_VacRZV,0.07366865818145592,0.07366874001877857,0.07366356323744709,0.07367281912697483
Overall,70,98,ReRZV_1d,2024,1,dN_VacZVL_d,1,1,1,1
Overall,70,98,ReRZV_1d,2024,1,dN_VacRZV_d,0.04855495730804984,0.04855501124696777,0.048551599234278126,0.04855769978411795
Overall,70,98,ReRZV_1d,2024,1,ICER,21114.4767114332,21069.943573359833,17020.284750318537,25835.59333101776
Overall,70,98,ReRZV_1d,2024,1,Price0,85,85,84.99999999999999,85.00000000000001
Overall,70,98,ReRZV_1d,2024,1,Thres20,2259.406273649184,2240.897147246975,1857.152738256021,2724.951821967833
Overall,70,98,ReRZV_1d,2024,1,Thres30,3290.4343611762274,3265.399782810344,2701.777512165056,3972.9125856858104
Overall,70,98,ReRZV_1d,2024,1,Thres20_50,NA,2240.897147246975,NA,NA
Overall,70,98,ReRZV_1d,2024,1,Thres30_90,NA,2870.9393395613474,NA,NA
Overall,70,98,ReRZV_1d,2024,1,Thres,NA,2240.897147246975,NA,NA
Overall,70,98,ReRZV_2d,2024,1,N0,1,1,1,1
Overall,70,98,ReRZV_2d,2024,1,dYear_Life,1.4660845282623037e-4,1.4477164411275112e-4,1.0563882138416857e-4,1.9779455316948352e-4
Overall,70,98,ReRZV_2d,2024,1,dYear_Immunised,4.697930472607325,4.6773097709310765,4.053858728387392,5.462857733557392
Overall,70,98,ReRZV_2d,2024,1,dRisk_HZ,-0.039850611357866626,-0.039660884873727514,-0.047029165804237494,-0.033854400587667796
Overall,70,98,ReRZV_2d,2024,1,dRisk_Hosp,-0.0011363163703818405,-0.0011193987108938904,-0.0015543080672130289,-8.231285465921515e-4
Overall,70,98,ReRZV_2d,2024,1,dRisk_PHN,-0.002939696630095211,-0.002917710579679565,-0.003646404809398548,-0.002371264053263721
Overall,70,98,ReRZV_2d,2024,1,dRisk_Death,-1.8371169882271452e-5,-1.8067754583767326e-5,-2.6096604116029742e-5,-1.2592778334585687e-5
Overall,70,98,ReRZV_2d,2024,1,dQ_Life,1.0293910896148174e-4,1.0169783623403816e-4,7.437214087526734e-5,1.3856689914968354e-4
Overall,70,98,ReRZV_2d,2024,1,dQ_HZ,0.0053758858294604426,0.005328838554796369,0.004358304298578766,0.006572340508812765
Overall,70,98,ReRZV_2d,2024,1,dQ_HZ_Norm,0.0018686266295616424,0.0018556770810699542,0.0015366329650612677,0.00224773072061763
Overall,70,98,ReRZV_2d,2024,1,dQ_All,0.005477252361539838,0.005428173635970701,0.004439251992439663,0.006690996607145472
Overall,70,98,ReRZV_2d,2024,1,dQ_HZ_d,0.0049274418199534015,0.004892060328648468,0.004036582016611246,0.0059535117767111415
Overall,70,98,ReRZV_2d,2024,1,dQ_HZ_Norm_d,0.001725686359646224,0.0017155880526269806,0.00143451223112229,0.002056860864246564
Overall,70,98,ReRZV_2d,2024,1,dQ_Life_d,8.165584610775145e-5,8.076124406564134e-5,5.965007759329843e-5,1.088274288072455e-4
Overall,70,98,ReRZV_2d,2024,1,dQ_All_d,0.005009097666061129,0.004969149835970299,0.00410403392427967,0.006050551200604958
Overall,70,98,ReRZV_2d,2024,1,dC_Hosp,-4.537972849912631,-4.455589708321602,-6.2555566145992385,-3.204463396887979
Overall,70,98,ReRZV_2d,2024,1,dC_GP_NonPHN,-4.556990982549548,-4.537775143606413,-5.361595789536042,-3.8778489421270788
Overall,70,98,ReRZV_2d,2024,1,dC_GP_PHN,-1.628645748283249,-1.61826451588708,-2.036136797202347,-1.3035847547801205
Overall,70,98,ReRZV_2d,2024,1,dC_GP,-6.1856367308327975,-6.147079918265275,-7.334987859041268,-5.214409476653885
Overall,70,98,ReRZV_2d,2024,1,dC_Med,-10.723609580745427,-10.607073753479611,-13.503546488150429,-8.52977010286479
Overall,70,98,ReRZV_2d,2024,1,dC_VacZVL,110,110,110,110
Overall,70,98,ReRZV_2d,2024,1,dC_VacRZV,12.523671890847506,12.523685803192357,12.522805750366006,12.52437925158572
Overall,70,98,ReRZV_2d,2024,1,dC_Vac,122.52367189084751,122.52368580319235,122.522805750366,122.52437925158573
Overall,70,98,ReRZV_2d,2024,1,dC_All,111.80006231010208,111.91642792277955,109.02020451314277,113.99328268723865
Overall,70,98,ReRZV_2d,2024,1,dC_Hosp_d,-3.897805664858309,-3.8307259562787923,-5.326155148270943,-2.7849077685955104
Overall,70,98,ReRZV_2d,2024,1,dC_GP_NonPHN_d,-4.2093759866929945,-4.19275895152318,-4.881189664511555,-3.6216097691418474
Overall,70,98,ReRZV_2d,2024,1,dC_GP_PHN_d,-1.4873964312492531,-1.4760013020762277,-1.8397195318615958,-1.2048244561017438
Overall,70,98,ReRZV_2d,2024,1,dC_GP_d,-5.696772417942248,-5.665411377347052,-6.665142357969396,-4.861347103810805
Overall,70,98,ReRZV_2d,2024,1,dC_Med_d,-9.594578082800556,-9.497308292505984,-11.864828795837424,-7.7573386841311525
Overall,70,98,ReRZV_2d,2024,1,dC_VacZVL_d,110,110,110,110
Overall,70,98,ReRZV_2d,2024,1,dC_VacRZV_d,8.254342742368472,8.254351911984521,8.253771869827283,8.25480896330005
Overall,70,98,ReRZV_2d,2024,1,dC_Vac_d,118.25434274236848,118.25435191198451,118.25377186982728,118.25480896330005
Overall,70,98,ReRZV_2d,2024,1,dC_All_d,108.65976465956791,108.75708929492797,106.38979345943798,110.4972979335442
Overall,70,98,ReRZV_2d,2024,1,dN_VacZVL,1,1,1,1
Overall,70,98,ReRZV_2d,2024,1,dN_VacRZV,0.14733731636291184,0.14733748003755714,0.14732712647489418,0.14734563825394967
Overall,70,98,ReRZV_2d,2024,1,dN_VacZVL_d,1,1,1,1
Overall,70,98,ReRZV_2d,2024,1,dN_VacRZV_d,0.09710991461609968,0.09711002249393554,0.09710319846855625,0.0971153995682359
Overall,70,98,ReRZV_2d,2024,1,ICER,21931.83992911439,21882.9981497774,17666.192114963,26818.8573759037
Overall,70,98,ReRZV_2d,2024,1,Price0,85,85,84.99999999999999,85.00000000000001
Overall,70,98,ReRZV_2d,2024,1,Thres20,1130.4350021138525,1121.0584382508528,929.6708673233782,1363.4571146113626
Overall,70,98,ReRZV_2d,2024,1,Thres30,1646.2519395461657,1633.8694447059024,1352.4152502946902,1987.2283792766552
Overall,70,98,ReRZV_2d,2024,1,Thres20_50,NA,1121.0584382508528,NA,NA
Overall,70,98,ReRZV_2d,2024,1,Thres30_90,NA,1436.2048163100856,NA,NA
Overall,70,98,ReRZV_2d,2024,1,Thres,NA,1121.0584382508528,NA,NA
Overall,70,99,ReRZV_1d,2024,1,N0,1,1,1,1
Overall,70,99,ReRZV_1d,2024,1,dYear_Life,1.4447547444735952e-4,1.427667859079662e-4,1.0342498796980237e-4,1.9601438401437574e-4
Overall,70,99,ReRZV_1d,2024,1,dYear_Immunised,4.6488459739151224,4.626798346709218,4.003218720058876,5.414434227743029
Overall,70,99,ReRZV_1d,2024,1,dRisk_HZ,-0.03943161549475395,-0.03924881409846129,-0.046603368457618755,-0.03342784172737695
Overall,70,99,ReRZV_1d,2024,1,dRisk_Hosp,-0.0010881022897015775,-0.0010695834993233373,-0.001505060913484914,-7.753549614957887e-4
Overall,70,99,ReRZV_1d,2024,1,dRisk_PHN,-0.002907417417091623,-0.002883963993153758,-0.003612408361702129,-0.0023379227386466127
Overall,70,99,ReRZV_1d,2024,1,dRisk_Death,-1.7078893090563432e-5,-1.6775728043650934e-5,-2.478934804866562e-5,-1.1230837110350697e-5
Overall,70,99,ReRZV_1d,2024,1,dQ_Life,1.0185088881564041e-4,1.0058213099384261e-4,7.322729389911408e-5,1.3747377665596078e-4
Overall,70,99,ReRZV_1d,2024,1,dQ_HZ,0.005304029389565719,0.005253873591063853,0.004290434159434788,0.006485932610217909
Overall,70,99,ReRZV_1d,2024,1,dQ_HZ_Norm,0.0018499633012600517,0.0018363357775337198,0.0015196535850847887,0.0022296041461015003
Overall,70,99,ReRZV_1d,2024,1,dQ_All,0.005404987459116128,0.00535684072714826,0.0043686007862310475,0.006614436873206708
Overall,70,99,ReRZV_1d,2024,1,dQ_HZ_d,0.004880088561802922,0.004841692472051311,0.003993866076247623,0.005904668023389059
Overall,70,99,ReRZV_1d,2024,1,dQ_HZ_Norm_d,0.0017133872512641024,0.001703365776470539,0.0014229834500706251,0.0020420110123486814
Overall,70,99,ReRZV_1d,2024,1,dQ_Life_d,8.095572395826434e-5,8.003593042893442e-5,5.887975709431004e-5,1.080421180998936e-4
Overall,70,99,ReRZV_1d,2024,1,dQ_All_d,0.0049610442857611825,0.0049217676719450765,0.0040643525140060975,0.005997644096420805
Overall,70,99,ReRZV_1d,2024,1,dC_Hosp,-4.296720833847708,-4.220805227166515,-6.002757802098194,-2.9755110202744453
Overall,70,99,ReRZV_1d,2024,1,dC_GP_NonPHN,-4.51361891496059,-4.492271313343812,-5.322628197977143,-3.8337952956577745
Overall,70,99,ReRZV_1d,2024,1,dC_GP_PHN,-1.612356628180369,-1.6009256861030656,-2.0197449612020875,-1.2864851730995952
Overall,70,99,ReRZV_1d,2024,1,dC_GP,-6.125975543140959,-6.087630573477732,-7.277146829246216,-5.156077709876261
Overall,70,99,ReRZV_1d,2024,1,dC_Med,-10.422696376988666,-10.309061271456656,-13.167561748774197,-8.239481607435474
Overall,70,99,ReRZV_1d,2024,1,dC_VacZVL,110,110,110,110
Overall,70,99,ReRZV_1d,2024,1,dC_VacRZV,4.517129142692449,4.517135025514266,4.516781991565354,4.517410820578468
Overall,70,99,ReRZV_1d,2024,1,dC_Vac,114.51712914269245,114.51713502551426,114.51678199156534,114.51741082057846
Overall,70,99,ReRZV_1d,2024,1,dC_All,104.09443276570379,104.20793811150949,101.34975095530247,106.27781462084211
Overall,70,99,ReRZV_1d,2024,1,dC_Hosp_d,-3.7388215553567745,-3.674766998157372,-5.175608437780786,-2.6435388156757647
Overall,70,99,ReRZV_1d,2024,1,dC_GP_NonPHN_d,-4.180793836421745,-4.164500356707584,-4.8545617814861615,-3.594798119978294
Overall,70,99,ReRZV_1d,2024,1,dC_GP_PHN_d,-1.4766618879604165,-1.465106242093924,-1.828168457276711,-1.1944518664458468
Overall,70,99,ReRZV_1d,2024,1,dC_GP_d,-5.657455724382162,-5.624228139004776,-6.627748663533778,-4.818713727080708
Overall,70,99,ReRZV_1d,2024,1,dC_Med_d,-9.396277279738936,-9.302097350648914,-11.653244165181768,-7.571669783155837
Overall,70,99,ReRZV_1d,2024,1,dC_VacZVL_d,110,110,110,110
Overall,70,99,ReRZV_1d,2024,1,dC_VacRZV_d,2.933237859278298,2.9332416793408047,2.933012433615954,2.9334207693110406
Overall,70,99,ReRZV_1d,2024,1,dC_Vac_d,112.9332378592783,112.93324167934081,112.93301243361596,112.93342076931104
Overall,70,99,ReRZV_1d,2024,1,dC_All_d,103.53696057953937,103.63110983332375,101.28019271919484,105.36161647251956
Overall,70,99,ReRZV_1d,2024,1,dN_VacZVL,1,1,1,1
Overall,70,99,ReRZV_1d,2024,1,dN_VacRZV,0.05314269579638175,0.05314276500605019,0.053138611665474754,0.053146009653864325
Overall,70,99,ReRZV_1d,2024,1,dN_VacZVL_d,1,1,1,1
Overall,70,99,ReRZV_1d,2024,1,dN_VacRZV_d,0.03450868069739174,0.03450872563930358,0.034506028630775926,0.03451083258012989
Overall,70,99,ReRZV_1d,2024,1,ICER,21104.076340417185,21066.911650542155,16999.21014597923,25840.13084485474
Overall,70,99,ReRZV_1d,2024,1,Price0,85,85,84.99999999999999,85.00000000000001
Overall,70,99,ReRZV_1d,2024,1,Thres20,3147.528997522533,3120.7766222116998,2584.15301035876,3797.2552982424795
Overall,70,99,ReRZV_1d,2024,1,Thres30,4585.149957692928,4547.25935765759,3760.604631590383,5537.564491130418
Overall,70,99,ReRZV_1d,2024,1,Thres20_50,NA,3120.7766222116998,NA,NA
Overall,70,99,ReRZV_1d,2024,1,Thres30_90,NA,3995.9330707753684,NA,NA
Overall,70,99,ReRZV_1d,2024,1,Thres,NA,3120.7766222116998,NA,NA
Overall,70,99,ReRZV_2d,2024,1,N0,1,1,1,1
Overall,70,99,ReRZV_2d,2024,1,dYear_Life,1.44508277968022e-4,1.428100003533217e-4,1.0345058826795039e-4,1.960581824197227e-4
Overall,70,99,ReRZV_2d,2024,1,dYear_Immunised,4.650912169266613,4.627891272542172,4.005185374118111,5.417368792497759
Overall,70,99,ReRZV_2d,2024,1,dRisk_HZ,-0.039448958214469816,-0.0392587527788834,-0.04663658582676117,-0.03344302549968848
Overall,70,99,ReRZV_2d,2024,1,dRisk_Hosp,-0.0010901199765205511,-0.0010723407179490966,-0.0015051889150781046,-7.768368379482849e-4
Overall,70,99,ReRZV_2d,2024,1,dRisk_PHN,-0.002908723197728933,-0.0028846396093330368,-0.003613333514286444,-0.0023381964341753453
Overall,70,99,ReRZV_2d,2024,1,dRisk_Death,-1.713323786182855e-5,-1.6811619092120402e-5,-2.4872086318265817e-5,-1.129163028778095e-5
Overall,70,99,ReRZV_2d,2024,1,dQ_Life,1.0186134295019756e-4,1.0058813717250814e-4,7.322807603795666e-5,1.3748601005407753e-4
Overall,70,99,ReRZV_2d,2024,1,dQ_HZ,0.005305864625407084,0.005256663215921438,0.004293121981942645,0.0064912136231823105
Overall,70,99,ReRZV_2d,2024,1,dQ_HZ_Norm,0.0018504369299772484,0.0018365706810293853,0.0015197531034872157,0.0022300231791393546
Overall,70,99,ReRZV_2d,2024,1,dQ_All,0.005406822694957462,0.005358331137666816,0.004369596270812614,0.00661508754659068
Overall,70,99,ReRZV_2d,2024,1,dQ_HZ_d,0.004881280288468365,0.004842909388296216,0.003994109108629008,0.005906570003473874
Overall,70,99,ReRZV_2d,2024,1,dQ_HZ_Norm_d,0.0017136948062709744,0.001703584401161154,0.0014233237023007508,0.002042264002267647
Overall,70,99,ReRZV_2d,2024,1,dQ_Life_d,8.096241212081611e-5,8.004611834611097e-5,5.88877289469103e-5,1.0804570590545735e-4
Overall,70,99,ReRZV_2d,2024,1,dQ_All_d,0.004962242700589165,0.0049221349845023354,0.0040649037231093475,0.0059980861662990645
Overall,70,99,ReRZV_2d,2024,1,dC_Hosp,-4.302993643598263,-4.226009523353262,-6.019274882248938,-2.9793317077431576
Overall,70,99,ReRZV_2d,2024,1,dC_GP_NonPHN,-4.514713581309018,-4.49338489429783,-5.3237388832954196,-3.834365721166122
Overall,70,99,ReRZV_2d,2024,1,dC_GP_PHN,-1.6127631923194004,-1.601206448002749,-2.0202099810790815,-1.287152336406184
Overall,70,99,ReRZV_2d,2024,1,dC_GP,-6.127476773628419,-6.0887027128948095,-7.277653965211046,-5.156733516805609
Overall,70,99,ReRZV_2d,2024,1,dC_Med,-10.430470417226681,-10.314775688240022,-13.183821104345492,-8.253482933210199
Overall,70,99,ReRZV_2d,2024,1,dC_VacZVL,110,110,110,110
Overall,70,99,ReRZV_2d,2024,1,dC_VacRZV,9.034258285384897,9.034270051028532,9.033563983130708,9.034821641156936
Overall,70,99,ReRZV_2d,2024,1,dC_Vac,119.0342582853849,119.03427005102853,119.0335639831307,119.03482164115694
Overall,70,99,ReRZV_2d,2024,1,dC_All,108.60378786815822,108.71933834020071,105.85080430380785,110.78110952334494
Overall,70,99,ReRZV_2d,2024,1,dC_Hosp_d,-3.7428948599852565,-3.677715063873901,-5.1796663984743745,-2.645424473876675
Overall,70,99,ReRZV_2d,2024,1,dC_GP_NonPHN_d,-4.181504667720797,-4.165134451669912,-4.855331726795956,-3.5953039258290618
Overall,70,99,ReRZV_2d,2024,1,dC_GP_PHN_d,-1.4769258939888386,-1.4652734026848822,-1.8283373256637698,-1.1947245245210685
Overall,70,99,ReRZV_2d,2024,1,dC_GP_d,-5.658430561709636,-5.624673656891548,-6.6287357512841245,-4.8195127446268184
Overall,70,99,ReRZV_2d,2024,1,dC_Med_d,-9.401325421694892,-9.307170518191674,-11.65621404792247,-7.576301633135531
Overall,70,99,ReRZV_2d,2024,1,dC_VacZVL_d,110,110,110,110
Overall,70,99,ReRZV_2d,2024,1,dC_VacRZV_d,5.866475718556596,5.866483358681609,5.866024867231908,5.866841538622081
Overall,70,99,ReRZV_2d,2024,1,dC_Vac_d,115.8664757185566,115.86648335868162,115.86602486723191,115.86684153862208
Overall,70,99,ReRZV_2d,2024,1,dC_All_d,106.46515029686171,106.5591998554198,104.21060077800115,108.29035290262132
Overall,70,99,ReRZV_2d,2024,1,dN_VacZVL,1,1,1,1
Overall,70,99,ReRZV_2d,2024,1,dN_VacRZV,0.1062853915927635,0.10628553001210038,0.10627722333094951,0.10629201930772865
Overall,70,99,ReRZV_2d,2024,1,dN_VacZVL_d,1,1,1,1
Overall,70,99,ReRZV_2d,2024,1,dN_VacRZV_d,0.06901736139478348,0.06901745127860716,0.06901205726155185,0.06902166516025977
Overall,70,99,ReRZV_2d,2024,1,ICER,21695.127112241382,21658.888414479155,17472.084801274414,26569.046019160895
Overall,70,99,ReRZV_2d,2024,1,Price0,85,85,84.99999999999999,85.00000000000001
Overall,70,99,ReRZV_2d,2024,1,Thres20,1574.1849207543967,1560.6446125259474,1292.497119385226,1899.17654478101
Overall,70,99,ReRZV_2d,2024,1,Thres30,2293.1690403251996,2274.1965228422896,1880.5539101518702,2769.537265700153
Overall,70,99,ReRZV_2d,2024,1,Thres20_50,NA,1560.6446125259474,NA,NA
Overall,70,99,ReRZV_2d,2024,1,Thres30_90,NA,1998.3678977130041,NA,NA
Overall,70,99,ReRZV_2d,2024,1,Thres,NA,1560.6446125259474,NA,NA
Overall,70,NA,Vac,2024,1,N0,1,1,1,1
Overall,70,NA,Vac,2024,1,dYear_Life,1.4362234540855567e-4,1.4194266143796597e-4,1.0260662195564763e-4,1.9531967219803547e-4
Overall,70,NA,Vac,2024,1,dYear_Immunised,4.595207151853868,4.571310483535025,3.9478608318284993,5.363716873986274
Overall,70,NA,Vac,2024,1,dRisk_HZ,-0.0389817555718894,-0.038791477656042586,-0.04620431149797125,-0.0329665376818185
Overall,70,NA,Vac,2024,1,dRisk_Hosp,-0.0010359125996055607,-0.0010195495448307727,-0.0014515977959815166,-7.252073196382275e-4
Overall,70,NA,Vac,2024,1,dRisk_PHN,-0.0028733885642928695,-0.0028503879593922725,-0.0035819756404075194,-0.00230642012700345
Overall,70,NA,Vac,2024,1,dRisk_Death,-1.56665481602679e-5,-1.534193846685202e-5,-2.3515402257517925e-5,-9.841745344547337e-6
Overall,70,NA,Vac,2024,1,dQ_Life,1.0157900562733868e-4,1.0034017577620347e-4,7.290877446695099e-5,1.3720301670940845e-4
Overall,70,NA,Vac,2024,1,dQ_HZ,0.005256376825780622,0.005207680827800482,0.004242936596785029,0.006441530554603503
Overall,70,NA,Vac,2024,1,dQ_HZ_Norm,0.0018376654060708775,0.0018240032208658528,0.0015078743038671539,0.002216654997654373
Overall,70,NA,Vac,2024,1,dQ_All,0.005357334895331017,0.005306926369308407,0.004326457627071134,0.006560194040664678
Overall,70,NA,Vac,2024,1,dQ_HZ_d,0.004849144947004518,0.0048099407543174474,0.003965554336418691,0.005869566318763403
Overall,70,NA,Vac,2024,1,dQ_HZ_Norm_d,0.0017054015039855066,0.0016952390963014844,0.0014155028923915503,0.0020329186189322317
Overall,70,NA,Vac,2024,1,dQ_Life_d,8.078178330908514e-5,7.985991684478222e-5,5.8715024980937616e-5,1.0785100998758068e-4
Overall,70,NA,Vac,2024,1,dQ_All_d,0.004929926730313586,0.0048880936292761135,0.0040305275270363875,0.00596407164191941
Overall,70,NA,Vac,2024,1,dC_Hosp,-4.134135779372218,-4.051212937544449,-5.868351405558842,-2.8053586256421172
Overall,70,NA,Vac,2024,1,dC_GP_NonPHN,-4.485217748827671,-4.462126448548069,-5.292784145134474,-3.804548238685052
Overall,70,NA,Vac,2024,1,dC_GP_PHN,-1.6017635785347848,-1.590054582501235,-2.0091597685441154,-1.276609527530767
Overall,70,NA,Vac,2024,1,dC_GP,-6.086981327362456,-6.049186410867714,-7.235140409608439,-5.115426507162083
Overall,70,NA,Vac,2024,1,dC_Med,-10.221117106734674,-10.095350053626806,-12.986350450027428,-8.02020299150891
Overall,70,NA,Vac,2024,1,dC_VacZVL,110,110,110,110
Overall,70,NA,Vac,2024,1,dC_VacRZV,0,0,0,0
Overall,70,NA,Vac,2024,1,dC_Vac,110,110,110,110
Overall,70,NA,Vac,2024,1,dC_All,99.77888289326533,99.9046499463732,97.01364954997257,101.97979700849108
Overall,70,NA,Vac,2024,1,dC_Hosp_d,-3.6332455086962905,-3.5658262843264215,-5.050722974706247,-2.5304996037194782
Overall,70,NA,Vac,2024,1,dC_GP_NonPHN_d,-4.1623512873785105,-4.146094362400875,-4.837794944097824,-3.574283514181193
Overall,70,NA,Vac,2024,1,dC_GP_PHN_d,-1.4697831972513167,-1.4587587068580037,-1.8203482893913856,-1.1862041759342898
Overall,70,NA,Vac,2024,1,dC_GP_d,-5.632134484629827,-5.598721669890783,-6.6042719056965,-4.793980691125975
Overall,70,NA,Vac,2024,1,dC_Med_d,-9.265379993326118,-9.163936832756697,-11.535681363780117,-7.424208553982224
Overall,70,NA,Vac,2024,1,dC_VacZVL_d,110,110,110,110
Overall,70,NA,Vac,2024,1,dC_VacRZV_d,0,0,0,0
Overall,70,NA,Vac,2024,1,dC_Vac_d,110,110,110,110
Overall,70,NA,Vac,2024,1,dC_All_d,100.73462000667388,100.83606316724331,98.4643186362199,102.57579144601776
Overall,70,NA,Vac,2024,1,dN_VacZVL,1,1,1,1
Overall,70,NA,Vac,2024,1,dN_VacRZV,0,0,0,0
Overall,70,NA,Vac,2024,1,dN_VacZVL_d,1,1,1,1
Overall,70,NA,Vac,2024,1,dN_VacRZV_d,0,0,0,0
Overall,70,NA,Vac,2024,1,ICER,20664.965529440935,20623.945962857295,16622.185715852473,25338.16522865496
Overall,70,NA,Vac,2024,1,Price0,NA,NA,NA,NA
Overall,70,NA,Vac,2024,1,Thres20,Inf,Inf,Inf,Inf
Overall,70,NA,Vac,2024,1,Thres30,Inf,Inf,Inf,Inf
Overall,70,NA,Vac,2024,1,Thres20_50,NA,Inf,NA,NA
Overall,70,NA,Vac,2024,1,Thres30_90,NA,Inf,NA,NA
Overall,70,NA,Vac,2024,1,Thres,NA,Inf,NA,NA
Overall,75,80,ReRZV_1d,2024,1,N0,1,1,1,1
Overall,75,80,ReRZV_1d,2024,1,dYear_Life,6.131958638752906e-4,6.133222054662824e-4,5.053395622747648e-4,7.210754813349317e-4
Overall,75,80,ReRZV_1d,2024,1,dYear_Immunised,9.116562194947967,9.15202443830901,8.111948004689028,9.879337744281171
Overall,75,80,ReRZV_1d,2024,1,dRisk_HZ,-0.08482984033091427,-0.08521747842441607,-0.09228663784088874,-0.07491808071417692
Overall,75,80,ReRZV_1d,2024,1,dRisk_Hosp,-0.004676697339358563,-0.004658736347802592,-0.0056334058008259665,-0.0038160901059830265
Overall,75,80,ReRZV_1d,2024,1,dRisk_PHN,-0.007450998037371118,-0.007465078360458523,-0.008398618886259375,-0.006402985268992941
Overall,75,80,ReRZV_1d,2024,1,dRisk_Death,-1.0271739071162055e-4,-1.0234680198527272e-4,-1.2382586348791492e-4,-8.226394569118002e-5
Overall,75,80,ReRZV_1d,2024,1,dQ_Life,4.187508643478557e-4,4.1899411511536755e-4,3.458982763948182e-4,4.916758359198246e-4
Overall,75,80,ReRZV_1d,2024,1,dQ_HZ,0.012421832087879264,0.01241637664080618,0.01030505704002234,0.014481057871978911
Overall,75,80,ReRZV_1d,2024,1,dQ_HZ_Norm,0.0038292580207243258,0.003827648024391944,0.0031810138841800247,0.004499047632691699
Overall,75,80,ReRZV_1d,2024,1,dQ_All,0.012833349615817786,0.012831044131636382,0.010665467743807389,0.014942231562330033
Overall,75,80,ReRZV_1d,2024,1,dQ_HZ_d,0.011007678084522531,0.011001136168831808,0.009167132177941902,0.012804434590780987
Overall,75,80,ReRZV_1d,2024,1,dQ_HZ_Norm_d,0.003413947446889773,0.0034129964366514595,0.0028522273457953677,0.003995416028235539
Overall,75,80,ReRZV_1d,2024,1,dQ_Life_d,3.34456733731062e-4,3.345387486506368e-4,2.772587122187087e-4,3.919562025864297e-4
Overall,75,80,ReRZV_1d,2024,1,dQ_All_d,0.011342134818253559,0.011343976538856992,0.009460680099551765,0.013158338123966518
Overall,75,80,ReRZV_1d,2024,1,dC_Hosp,-20.369802515293383,-20.316792529920107,-24.73552147611112,-16.42798677043509
Overall,75,80,ReRZV_1d,2024,1,dC_GP_NonPHN,-9.315120672041695,-9.363984426436657,-10.163165481957384,-8.238680372426565
Overall,75,80,ReRZV_1d,2024,1,dC_GP_PHN,-4.034889562495275,-4.047271071875009,-4.60945057708141,-3.404011099899359
Overall,75,80,ReRZV_1d,2024,1,dC_GP,-13.35001023453697,-13.407887591994482,-14.613657674753668,-11.699299759057583
Overall,75,80,ReRZV_1d,2024,1,dC_Med,-33.71981274983035,-33.674329331762266,-38.751866610834924,-28.789089417714937
Overall,75,80,ReRZV_1d,2024,1,dC_VacZVL,110,110,110,110
Overall,75,80,ReRZV_1d,2024,1,dC_VacRZV,75.33743847368007,75.33743957260415,75.33737092060078,75.33749849222414
Overall,75,80,ReRZV_1d,2024,1,dC_Vac,185.33743847368007,185.33743957260415,185.33737092060076,185.33749849222417
Overall,75,80,ReRZV_1d,2024,1,dC_All,151.6176257238497,151.66307700080358,146.585573956882,156.54836948104744
Overall,75,80,ReRZV_1d,2024,1,dC_Hosp_d,-17.380942705485733,-17.342843726606738,-21.055014711198577,-14.040898932979498
Overall,75,80,ReRZV_1d,2024,1,dC_GP_NonPHN_d,-8.312235671021364,-8.354891165863403,-9.032214368879194,-7.381795650233266
Overall,75,80,ReRZV_1d,2024,1,dC_GP_PHN_d,-3.593066562732286,-3.6026645131782633,-4.0941240403732815,-3.0392436876295177
Overall,75,80,ReRZV_1d,2024,1,dC_GP_d,-11.90530223375365,-11.951859792403503,-12.987041026062176,-10.495306631393348
Overall,75,80,ReRZV_1d,2024,1,dC_Med_d,-29.286244939239385,-29.23418273325859,-33.56366124981772,-25.09984115855784
Overall,75,80,ReRZV_1d,2024,1,dC_VacZVL_d,110,110,110,110
Overall,75,80,ReRZV_1d,2024,1,dC_VacRZV_d,69.93275515280561,69.93275617289325,69.93269244596227,69.93281086563888
Overall,75,80,ReRZV_1d,2024,1,dC_Vac_d,179.9327551528056,179.93275617289325,179.93269244596226,179.93281086563886
Overall,75,80,ReRZV_1d,2024,1,dC_All_d,150.64651021356624,150.69859926276595,146.36912570895439,154.83292425582
Overall,75,80,ReRZV_1d,2024,1,dN_VacZVL,1,1,1,1
Overall,75,80,ReRZV_1d,2024,1,dN_VacRZV,0.8863228055727066,0.8863228185012253,0.8863220108305974,0.8863235116732253
Overall,75,80,ReRZV_1d,2024,1,dN_VacZVL_d,1,1,1,1
Overall,75,80,ReRZV_1d,2024,1,dN_VacRZV_d,0.8227382959153602,0.8227383079163912,0.8227375581877913,0.8227389513604574
Overall,75,80,ReRZV_1d,2024,1,ICER,13382.032419729687,13242.135401448122,11274.398735792118,16130.22239104973
Overall,75,80,ReRZV_1d,2024,1,Price0,85,85,84.99999999999999,85.00000000000001
Overall,75,80,ReRZV_1d,2024,1,Thres20,311.31277381609823,312.0900850484925,263.1760103103538,358.54477511951677
Overall,75,80,ReRZV_1d,2024,1,Thres30,449.1711288268263,450.04245736140774,377.0271000549894,518.3236754986879
Overall,75,80,ReRZV_1d,2024,1,Thres20_50,NA,312.0900850484925,NA,NA
Overall,75,80,ReRZV_1d,2024,1,Thres30_90,NA,405.53614356165724,NA,NA
Overall,75,80,ReRZV_1d,2024,1,Thres,NA,312.0900850484925,NA,NA
Overall,75,80,ReRZV_2d,2024,1,N0,1,1,1,1
Overall,75,80,ReRZV_2d,2024,1,dYear_Life,6.335823753373191e-4,6.32707750927608e-4,5.344058108949667e-4,7.407418580402059e-4
Overall,75,80,ReRZV_2d,2024,1,dYear_Immunised,9.370357455693041,9.392963921293266,8.576049715115392,10.0086640739951
Overall,75,80,ReRZV_2d,2024,1,dRisk_HZ,-0.08722516419818085,-0.08748653965023964,-0.09370358467822068,-0.07958494329807031
Overall,75,80,ReRZV_2d,2024,1,dRisk_Hosp,-0.004834166891794366,-0.004811800208468504,-0.005791888456622978,-0.003979148478196991
Overall,75,80,ReRZV_2d,2024,1,dRisk_PHN,-0.007666892139044553,-0.00767414226545933,-0.008533177724369284,-0.006762325396939717
Overall,75,80,ReRZV_2d,2024,1,dRisk_Death,-1.0640142950079531e-4,-1.061532112093161e-4,-1.2703774453492016e-4,-8.719005445865648e-5
Overall,75,80,ReRZV_2d,2024,1,dQ_Life,4.3256733567020335e-4,4.320947813649667e-4,3.6543660746359843e-4,5.042392475333999e-4
Overall,75,80,ReRZV_2d,2024,1,dQ_HZ,0.012781092486843644,0.01277008080955237,0.01087102896388434,0.014834547653724217
Overall,75,80,ReRZV_2d,2024,1,dQ_HZ_Norm,0.003936137523430349,0.003925904883663794,0.003338389096371066,0.004590976867382195
Overall,75,80,ReRZV_2d,2024,1,dQ_All,0.013206149886206685,0.013192027346129898,0.011282866533518421,0.015284548542927066
Overall,75,80,ReRZV_2d,2024,1,dQ_HZ_d,0.011315227177398421,0.011301045027073957,0.009660580914178455,0.013073985146574436
Overall,75,80,ReRZV_2d,2024,1,dQ_HZ_Norm_d,0.003505775795994404,0.0034955711133607785,0.0029833299711364246,0.0040824285048863245
Overall,75,80,ReRZV_2d,2024,1,dQ_Life_d,3.453277296662263e-4,3.450943369918136e-4,2.922991415283516e-4,4.0156958719803624e-4
Overall,75,80,ReRZV_2d,2024,1,dQ_All_d,0.011660554907064644,0.011646417416661059,0.010002018472821827,0.013446543765751382
Overall,75,80,ReRZV_2d,2024,1,dC_Hosp,-21.066574698123276,-20.989656106353742,-25.373829577265017,-17.181202408981758
Overall,75,80,ReRZV_2d,2024,1,dC_GP_NonPHN,-9.574357863642984,-9.598238598611179,-10.307449253521417,-8.73513738253116
Overall,75,80,ReRZV_2d,2024,1,dC_GP_PHN,-4.150515284274427,-4.147867414055575,-4.664831869286211,-3.579739446454851
Overall,75,80,ReRZV_2d,2024,1,dC_GP,-13.72487314791741,-13.759199399274966,-14.814268962572159,-12.430880277966805
Overall,75,80,ReRZV_2d,2024,1,dC_Med,-34.79144784604069,-34.738788765935325,-39.64540372537307,-30.09563390726438
Overall,75,80,ReRZV_2d,2024,1,dC_VacZVL,110,110,110,110
Overall,75,80,ReRZV_2d,2024,1,dC_VacRZV,150.67487694736013,150.6748791452083,150.67474184120155,150.67499698444828
Overall,75,80,ReRZV_2d,2024,1,dC_Vac,260.67487694736013,260.6748791452083,260.6747418412015,260.6749969844483
Overall,75,80,ReRZV_2d,2024,1,dC_All,225.88342910131942,225.9360512982214,221.02952241009876,230.5791633179265
Overall,75,80,ReRZV_2d,2024,1,dC_Hosp_d,-17.96401557195987,-17.890226303884695,-21.656401332015694,-14.699228742626277
Overall,75,80,ReRZV_2d,2024,1,dC_GP_NonPHN_d,-8.535143663983266,-8.555291832587864,-9.158965687396435,-7.825264833813218
Overall,75,80,ReRZV_2d,2024,1,dC_GP_PHN_d,-3.692687734545942,-3.690001446377016,-4.150334237380633,-3.2038027666168905
Overall,75,80,ReRZV_2d,2024,1,dC_GP_d,-12.227831398529208,-12.252843908694647,-13.170134024461372,-11.126166343425233
Overall,75,80,ReRZV_2d,2024,1,dC_Med_d,-30.191846970489078,-30.153661569809444,-34.283509373434725,-26.31919451381351
Overall,75,80,ReRZV_2d,2024,1,dC_VacZVL_d,110,110,110,110
Overall,75,80,ReRZV_2d,2024,1,dC_VacRZV_d,139.86551030561122,139.8655123457865,139.86538489192455,139.86562173127777
Overall,75,80,ReRZV_2d,2024,1,dC_Vac_d,249.86551030561122,249.8655123457865,249.86538489192452,249.86562173127777
Overall,75,80,ReRZV_2d,2024,1,dC_All_d,219.67366333512214,219.71189056901915,215.58202330067138,223.54621657151046
Overall,75,80,ReRZV_2d,2024,1,dN_VacZVL,1,1,1,1
Overall,75,80,ReRZV_2d,2024,1,dN_VacRZV,1.7726456111454132,1.7726456370024506,1.7726440216611947,1.7726470233464506
Overall,75,80,ReRZV_2d,2024,1,dN_VacZVL_d,1,1,1,1
Overall,75,80,ReRZV_2d,2024,1,dN_VacRZV_d,1.6454765918307204,1.6454766158327825,1.6454751163755825,1.6454779027209148
Overall,75,80,ReRZV_2d,2024,1,ICER,18954.929758704307,18835.06457381587,16214.846976404931,22148.606336215365
Overall,75,80,ReRZV_2d,2024,1,Price0,85,85,84.99999999999999,85.00000000000001
Overall,75,80,ReRZV_2d,2024,1,Thres20,160.07699300702996,160.06256546949876,138.8579834027623,182.9761150998772
Overall,75,80,ReRZV_2d,2024,1,Thres30,230.94129431002509,230.9697443177388,199.66677833058912,264.8921508991576
Overall,75,80,ReRZV_2d,2024,1,Thres20_50,NA,160.06256546949876,NA,NA
Overall,75,80,ReRZV_2d,2024,1,Thres30_90,NA,209.75441492453797,NA,NA
Overall,75,80,ReRZV_2d,2024,1,Thres,NA,160.06256546949876,NA,NA
Overall,75,81,ReRZV_1d,2024,1,N0,1,1,1,1
Overall,75,81,ReRZV_1d,2024,1,dYear_Life,6.008763935606298e-4,6.012815857872056e-4,4.966958381481757e-4,7.055681702192728e-4
Overall,75,81,ReRZV_1d,2024,1,dYear_Immunised,8.771816798831368,8.812291752857384,7.858819643350937,9.459737007785662
Overall,75,81,ReRZV_1d,2024,1,dRisk_HZ,-0.08158761986253156,-0.0819530650841622,-0.0882244718313317,-0.07261669704318617
Overall,75,81,ReRZV_1d,2024,1,dRisk_Hosp,-0.004590739298183295,-0.004572152659525245,-0.005523679694813838,-0.00376273834823985
Overall,75,81,ReRZV_1d,2024,1,dRisk_PHN,-0.007163097496772214,-0.0071830479351383545,-0.008047901931362265,-0.006184361774711748
Overall,75,81,ReRZV_1d,2024,1,dRisk_Death,-1.0218104443357111e-4,-1.0189999115217467e-4,-1.2272165901373904e-4,-8.210613506412558e-5
Overall,75,81,ReRZV_1d,2024,1,dQ_Life,4.097824819941014e-4,4.103157911670152e-4,3.394002430031406e-4,4.804269974745256e-4
Overall,75,81,ReRZV_1d,2024,1,dQ_HZ,0.01197385485164659,0.011970297107450206,0.009958123655621294,0.013927374630727797
Overall,75,81,ReRZV_1d,2024,1,dQ_HZ_Norm,0.003680557102732546,0.0036789163732636725,0.003072072378255762,0.004312206109167782
Overall,75,81,ReRZV_1d,2024,1,dQ_All,0.012376322152903354,0.012376897588104896,0.010335661257457397,0.01435626287342897
Overall,75,81,ReRZV_1d,2024,1,dQ_HZ_d,0.010577471865342223,0.010571554999332548,0.00886771880165063,0.012260308541315611
Overall,75,81,ReRZV_1d,2024,1,dQ_HZ_Norm_d,0.00327181931582838,0.0032707128829827367,0.0027464908278715993,0.0038211607976372393
Overall,75,81,ReRZV_1d,2024,1,dQ_Life_d,3.265196015554297e-4,3.2703262725242155e-4,2.712440227450319e-4,3.8141038398062924e-4
Overall,75,81,ReRZV_1d,2024,1,dQ_All_d,0.010903991466897637,0.010898167444526763,0.009157939692889984,0.012607807200413435
Overall,75,81,ReRZV_1d,2024,1,dC_Hosp,-20.049902733501607,-19.98807720948114,-24.286257098612957,-16.198415923815343
Overall,75,81,ReRZV_1d,2024,1,dC_GP_NonPHN,-8.947887310095254,-8.988161764518258,-9.697190833166802,-7.962705157324957
Overall,75,81,ReRZV_1d,2024,1,dC_GP_PHN,-3.8738719874730285,-3.8817869874997526,-4.41624500625865,-3.2725932853748567
Overall,75,81,ReRZV_1d,2024,1,dC_GP,-12.821759297568283,-12.880810450662501,-13.96171446314617,-11.335922191185734
Overall,75,81,ReRZV_1d,2024,1,dC_Med,-32.87166203106989,-32.813075801389815,-37.62694950981769,-28.14933296518653
Overall,75,81,ReRZV_1d,2024,1,dC_VacZVL,110,110,110,110
Overall,75,81,ReRZV_1d,2024,1,dC_VacRZV,72.40547671185512,72.40547949413943,72.40538539035721,72.40556238467212
Overall,75,81,ReRZV_1d,2024,1,dC_Vac,182.40547671185513,182.40547949413943,182.4053853903572,182.40556238467212
Overall,75,81,ReRZV_1d,2024,1,dC_All,149.53381468078524,149.59240389202182,144.77848406196816,154.2561592628553
Overall,75,81,ReRZV_1d,2024,1,dC_Hosp_d,-17.049000966726346,-17.00623348967303,-20.651909921006364,-13.853315349085014
Overall,75,81,ReRZV_1d,2024,1,dC_GP_NonPHN_d,-7.961523529365198,-7.997946151616521,-8.607549839827138,-7.1173602324211025
Overall,75,81,ReRZV_1d,2024,1,dC_GP_PHN_d,-3.4393012173929307,-3.4442572254386246,-3.9130643293244898,-2.9213660595124047
Overall,75,81,ReRZV_1d,2024,1,dC_GP_d,-11.400824746758127,-11.450835716175906,-12.381150175579679,-10.122467770651143
Overall,75,81,ReRZV_1d,2024,1,dC_Med_d,-28.449825713484476,-28.42889617029418,-32.49839764517893,-24.425873893242162
Overall,75,81,ReRZV_1d,2024,1,dC_VacZVL_d,110,110,110,110
Overall,75,81,ReRZV_1d,2024,1,dC_VacRZV_d,66.2178634223617,66.2178659668781,66.21777990499876,66.21794177376759
Overall,75,81,ReRZV_1d,2024,1,dC_Vac_d,176.2178634223617,176.2178659668781,176.21777990499876,176.2179417737676
Overall,75,81,ReRZV_1d,2024,1,dC_All_d,147.76803770887722,147.78893890331892,143.71946019600466,151.791999971446
Overall,75,81,ReRZV_1d,2024,1,dN_VacZVL,1,1,1,1
Overall,75,81,ReRZV_1d,2024,1,dN_VacRZV,0.8518291377865308,0.8518291705192875,0.8518280634159672,0.851830145702025
Overall,75,81,ReRZV_1d,2024,1,dN_VacZVL_d,1,1,1,1
Overall,75,81,ReRZV_1d,2024,1,dN_VacRZV_d,0.7790336873219023,0.7790337172573893,0.7790327047646914,0.7790346091031483
Overall,75,81,ReRZV_1d,2024,1,ICER,13649.550053416471,13521.246400712964,11533.11227746529,16395.73354002528
Overall,75,81,ReRZV_1d,2024,1,Price0,85,85,84.99999999999999,85.00000000000001
Overall,75,81,ReRZV_1d,2024,1,Thres20,316.455704871872,317.1266082539105,268.11151679608014,363.0793591109916
Overall,75,81,ReRZV_1d,2024,1,Thres30,456.4238683663802,456.90232334068185,385.37262482192426,525.0793096387673
Overall,75,81,ReRZV_1d,2024,1,Thres20_50,NA,317.1266082539105,NA,NA
Overall,75,81,ReRZV_1d,2024,1,Thres30_90,NA,412.1930890293453,NA,NA
Overall,75,81,ReRZV_1d,2024,1,Thres,NA,317.1266082539105,NA,NA
Overall,75,81,ReRZV_2d,2024,1,N0,1,1,1,1
Overall,75,81,ReRZV_2d,2024,1,dYear_Life,6.202059494395229e-4,6.194187715928834e-4,5.245028326084977e-4,7.221509790483971e-4
Overall,75,81,ReRZV_2d,2024,1,dYear_Immunised,9.000963699728008,9.024101026059121,8.258146125126855,9.56579191125044
Overall,75,81,ReRZV_2d,2024,1,dRisk_HZ,-0.08375108021521117,-0.08401315733671824,-0.08951958395852735,-0.07668487717836722
Overall,75,81,ReRZV_2d,2024,1,dRisk_Hosp,-0.004740552027866102,-0.004711850377900678,-0.005681068997361939,-0.003921429225754078
Overall,75,81,ReRZV_2d,2024,1,dRisk_PHN,-0.007358306421567047,-0.007364315182437884,-0.008155948121030755,-0.006517857281566591
Overall,75,81,ReRZV_2d,2024,1,dRisk_Death,-1.0577618622675446e-4,-1.0550707924826445e-4,-1.2584413305363488e-4,-8.710215881193084e-5
Overall,75,81,ReRZV_2d,2024,1,dQ_Life,4.228452411947057e-4,4.223605193844904e-4,3.5856368237139333e-4,4.913894910326455e-4
Overall,75,81,ReRZV_2d,2024,1,dQ_HZ,0.012300653186695203,0.012297672827765749,0.010512155983048988,0.014221911888352305
Overall,75,81,ReRZV_2d,2024,1,dQ_HZ_Norm,0.0037768539080419846,0.0037669078917861223,0.0032111642245047107,0.004408862393752594
Overall,75,81,ReRZV_2d,2024,1,dQ_All,0.012715905852264718,0.012715980345121558,0.010906000154921757,0.01467026664091704
Overall,75,81,ReRZV_2d,2024,1,dQ_HZ_d,0.010854422713690021,0.010852932248940125,0.009321327828763463,0.012491150653998705
Overall,75,81,ReRZV_2d,2024,1,dQ_HZ_Norm_d,0.0033536916653115704,0.003346780419231356,0.002856553101287342,0.003902769020168765
Overall,75,81,ReRZV_2d,2024,1,dQ_Life_d,3.367445091231778e-4,3.363249153647274e-4,2.8656792540906475e-4,3.898989485305648e-4
Overall,75,81,ReRZV_2d,2024,1,dQ_All_d,0.011191167222813195,0.011192242842565037,0.009623004663214729,0.012847190452512081
Overall,75,81,ReRZV_2d,2024,1,dC_Hosp,-20.7164572589914,-20.62879552647157,-24.93567214217225,-16.94457181108188
Overall,75,81,ReRZV_2d,2024,1,dC_GP_NonPHN,-9.181057835019535,-9.202327834663038,-9.836950965824423,-8.429525230828471
Overall,75,81,ReRZV_2d,2024,1,dC_GP_PHN,-3.9780160679225705,-3.979148223271742,-4.464075274625602,-3.444156691379881
Overall,75,81,ReRZV_2d,2024,1,dC_GP,-13.159073902942106,-13.194881746889626,-14.142499787870605,-11.960732027479441
Overall,75,81,ReRZV_2d,2024,1,dC_Med,-33.8755311619335,-33.827453669063054,-38.43854604357775,-29.475274407600132
Overall,75,81,ReRZV_2d,2024,1,dC_VacZVL,110,110,110,110
Overall,75,81,ReRZV_2d,2024,1,dC_VacRZV,144.81095342371023,144.81095898827886,144.81077078071442,144.81112476934425
Overall,75,81,ReRZV_2d,2024,1,dC_Vac,254.81095342371023,254.81095898827886,254.8107707807144,254.81112476934425
Overall,75,81,ReRZV_2d,2024,1,dC_All,220.93542226177672,220.9834395964226,216.372386603746,225.3356576939235
Overall,75,81,ReRZV_2d,2024,1,dC_Hosp_d,-17.602887476829583,-17.51375617530529,-21.16922546102218,-14.459258371201198
Overall,75,81,ReRZV_2d,2024,1,dC_GP_NonPHN_d,-8.159916729858297,-8.17555781794492,-8.715563737449758,-7.5180929319453345
Overall,75,81,ReRZV_2d,2024,1,dC_GP_PHN_d,-3.528125825850824,-3.526012597513831,-3.9582856023233837,-3.070539168444559
Overall,75,81,ReRZV_2d,2024,1,dC_GP_d,-11.68804255570912,-11.719172632527446,-12.532401369455973,-10.682590639673501
Overall,75,81,ReRZV_2d,2024,1,dC_Med_d,-29.290930032538704,-29.239479104224618,-33.102271907469145,-25.644895761150018
Overall,75,81,ReRZV_2d,2024,1,dC_VacZVL_d,110,110,110,110
Overall,75,81,ReRZV_2d,2024,1,dC_VacRZV_d,132.4357268447234,132.4357319337562,132.43555980999753,132.43588354753518
Overall,75,81,ReRZV_2d,2024,1,dC_Vac_d,242.4357268447234,242.4357319337562,242.43555980999753,242.43588354753518
Overall,75,81,ReRZV_2d,2024,1,dC_All_d,213.1447968121847,213.1962271994742,209.33350600868351,216.79089421822596
Overall,75,81,ReRZV_2d,2024,1,dN_VacZVL,1,1,1,1
Overall,75,81,ReRZV_2d,2024,1,dN_VacRZV,1.7036582755730616,1.703658341038575,1.7036561268319343,1.70366029140405
Overall,75,81,ReRZV_2d,2024,1,dN_VacZVL_d,1,1,1,1
Overall,75,81,ReRZV_2d,2024,1,dN_VacRZV_d,1.5580673746438045,1.5580674345147787,1.5580654095293829,1.5580692182062965
Overall,75,81,ReRZV_2d,2024,1,ICER,19159.41862803715,19063.139678098014,16395.422675645015,22273.771946407767
Overall,75,81,ReRZV_2d,2024,1,Price0,85,85,84.99999999999999,85.00000000000001
Overall,75,81,ReRZV_2d,2024,1,Thres20,162.45399797502427,162.33442525035753,141.3983737203073,185.34041179720327
Overall,75,81,ReRZV_2d,2024,1,Thres30,234.28123338071416,234.1934455078137,203.26749650853225,267.7280638925052
Overall,75,81,ReRZV_2d,2024,1,Thres20_50,NA,162.33442525035753,NA,NA
Overall,75,81,ReRZV_2d,2024,1,Thres30_90,NA,213.20575352967495,NA,NA
Overall,75,81,ReRZV_2d,2024,1,Thres,NA,162.33442525035753,NA,NA
Overall,75,82,ReRZV_1d,2024,1,N0,1,1,1,1
Overall,75,82,ReRZV_1d,2024,1,dYear_Life,5.84394678587838e-4,5.84778817427356e-4,4.8342362452857834e-4,6.83849949571691e-4
Overall,75,82,ReRZV_1d,2024,1,dYear_Immunised,8.399410715400386,8.43220616275163,7.566705748946912,9.021318042904705
Overall,75,82,ReRZV_1d,2024,1,dRisk_HZ,-0.07803560585653731,-0.078363503296483,-0.08415437652034667,-0.0699506203575349
Overall,75,82,ReRZV_1d,2024,1,dRisk_Hosp,-0.004472348852542814,-0.004456405728729717,-0.005364439540574672,-0.003669378661423485
Overall,75,82,ReRZV_1d,2024,1,dRisk_PHN,-0.006834347968884644,-0.006849626700963266,-0.0076744794816901284,-0.005938436106990223
Overall,75,82,ReRZV_1d,2024,1,dRisk_Death,-1.0101208175385206e-4,-1.0080146911674064e-4,-1.2109018877260586e-4,-8.161838896776653e-5
Overall,75,82,ReRZV_1d,2024,1,dQ_Life,3.9796542210884225e-4,3.9815884384175604e-4,3.300814561356891e-4,4.6451411880177307e-4
Overall,75,82,ReRZV_1d,2024,1,dQ_HZ,0.011474829884667161,0.01147341017540204,0.009620576099446275,0.01331276405068264
Overall,75,82,ReRZV_1d,2024,1,dQ_HZ_Norm,0.0035187169231919798,0.0035193520580363187,0.0029545931552922983,0.004121068941108729
Overall,75,82,ReRZV_1d,2024,1,dQ_All,0.01186541701134629,0.011868332720511354,0.010016852687814293,0.01373473274432908
Overall,75,82,ReRZV_1d,2024,1,dQ_HZ_d,0.010108912390514027,0.010098255675860946,0.008540760676015247,0.011708323325645068
Overall,75,82,ReRZV_1d,2024,1,dQ_HZ_Norm_d,0.003120363470994612,0.0031194301013798185,0.002628839146829148,0.0036417667069950387
Overall,75,82,ReRZV_1d,2024,1,dQ_Life_d,3.163464078359066e-4,3.1673870453818864e-4,2.635719120290592e-4,3.6819828664720334e-4
Overall,75,82,ReRZV_1d,2024,1,dQ_All_d,0.01042525879834991,0.010422662023107598,0.008844884842368027,0.012066810874063093
Overall,75,82,ReRZV_1d,2024,1,dC_Hosp,-19.587767109093754,-19.517001891621774,-23.60530858835573,-15.844086007284792
Overall,75,82,ReRZV_1d,2024,1,dC_GP_NonPHN,-8.550031345775253,-8.585084131722052,-9.248284412047225,-7.663103870792613
Overall,75,82,ReRZV_1d,2024,1,dC_GP_PHN,-3.6913913970607095,-3.7012553880095904,-4.185615308637639,-3.1450546928787775
Overall,75,82,ReRZV_1d,2024,1,dC_GP,-12.241422742835962,-12.297842879104332,-13.28343625449249,-10.884844536581337
Overall,75,82,ReRZV_1d,2024,1,dC_Med,-31.829189851929716,-31.78319426641054,-36.32344772372164,-27.253037053567752
Overall,75,82,ReRZV_1d,2024,1,dC_VacZVL,110,110,110,110
Overall,75,82,ReRZV_1d,2024,1,dC_VacRZV,69.24060045468671,69.24060356659882,69.24048015082913,69.24071524885177
Overall,75,82,ReRZV_1d,2024,1,dC_Vac,179.2406004546867,179.24060356659882,179.24048015082911,179.2407152488518
Overall,75,82,ReRZV_1d,2024,1,dC_All,147.411410602757,147.45740493997056,142.9171893555925,151.98757570870472
Overall,75,82,ReRZV_1d,2024,1,dC_Hosp_d,-16.595630832005945,-16.54233143822593,-19.977596198894492,-13.477191147017328
Overall,75,82,ReRZV_1d,2024,1,dC_GP_NonPHN_d,-7.589415063060315,-7.6175020511388745,-8.184095560835276,-6.8390099215005185
Overall,75,82,ReRZV_1d,2024,1,dC_GP_PHN_d,-3.268823991545222,-3.2763617445565902,-3.6986701539762508,-2.7952881863642958
Overall,75,82,ReRZV_1d,2024,1,dC_GP_d,-10.858239054605537,-10.905985506552927,-11.759177302214988,-9.692217077413117
Overall,75,82,ReRZV_1d,2024,1,dC_Med_d,-27.453869886611482,-27.434331206640245,-31.23880968656721,-23.594301834678564
Overall,75,82,ReRZV_1d,2024,1,dC_VacZVL_d,110,110,110,110
Overall,75,82,ReRZV_1d,2024,1,dC_VacRZV_d,62.38763601091935,62.387638814835526,62.38752761392065,62.38773944353749
Overall,75,82,ReRZV_1d,2024,1,dC_Vac_d,172.38763601091935,172.38763881483553,172.38752761392064,172.3877394435375
Overall,75,82,ReRZV_1d,2024,1,dC_All_d,144.93376612430788,144.95333485302814,141.1489400478749,148.79336450051295
Overall,75,82,ReRZV_1d,2024,1,dN_VacZVL,1,1,1,1
Overall,75,82,ReRZV_1d,2024,1,dN_VacRZV,0.8145952994669025,0.814595336077633,0.8145938841274014,0.8145966499864915
Overall,75,82,ReRZV_1d,2024,1,dN_VacZVL_d,1,1,1,1
Overall,75,82,ReRZV_1d,2024,1,dN_VacRZV_d,0.7339721883637571,0.7339722213510061,0.7339709131049487,0.7339734052180881
Overall,75,82,ReRZV_1d,2024,1,ICER,13998.841054021585,13876.687895783078,11883.437192054733,16687.43515092615
Overall,75,82,ReRZV_1d,2024,1,Price0,85,85,84.99999999999999,85.00000000000001
Overall,75,82,ReRZV_1d,2024,1,Thres20,321.48226986169357,322.0066022990176,274.86773541558773,368.1975243733218
Overall,75,82,ReRZV_1d,2024,1,Thres30,463.52115001946754,463.8408311269351,394.540115088539,532.1175000012948
Overall,75,82,ReRZV_1d,2024,1,Thres20_50,NA,322.0066022990176,NA,NA
Overall,75,82,ReRZV_1d,2024,1,Thres30_90,NA,418.9772807325071,NA,NA
Overall,75,82,ReRZV_1d,2024,1,Thres,NA,322.0066022990176,NA,NA
Overall,75,82,ReRZV_2d,2024,1,N0,1,1,1,1
Overall,75,82,ReRZV_2d,2024,1,dYear_Life,6.025484518196977e-4,6.018352635530633e-4,5.118517226079699e-4,7.009198228417278e-4
Overall,75,82,ReRZV_2d,2024,1,dYear_Immunised,8.60474512835922,8.629958703856738,7.940150164790747,9.131281559382076
Overall,75,82,ReRZV_2d,2024,1,dRisk_HZ,-0.07997217096061844,-0.08015771182234191,-0.08509815841049129,-0.07368624882242418
Overall,75,82,ReRZV_2d,2024,1,dRisk_Hosp,-0.004613548507969751,-0.004590973486788639,-0.00550142093410345,-0.003836904017247524
Overall,75,82,ReRZV_2d,2024,1,dRisk_PHN,-0.0070086398859620196,-0.007019003318054834,-0.007770516308646471,-0.006227444351145883
Overall,75,82,ReRZV_2d,2024,1,dRisk_Death,-1.0449484342616659e-4,-1.0418170221387834e-4,-1.238778808057406e-4,-8.657986286225579e-5
Overall,75,82,ReRZV_2d,2024,1,dQ_Life,4.1019556085338936e-4,4.095764762217513e-4,3.492609292753191e-4,4.76219285807522e-4
Overall,75,82,ReRZV_2d,2024,1,dQ_HZ,0.011769462962166952,0.011774075426550764,0.010102483297804577,0.013593318771794989
Overall,75,82,ReRZV_2d,2024,1,dQ_HZ_Norm,0.0036047123052768202,0.0035986854423450954,0.003071165039988405,0.0041913231553120526
Overall,75,82,ReRZV_2d,2024,1,dQ_All,0.012172002834116935,0.012174283684847964,0.010474424970136642,0.014016360846571142
Overall,75,82,ReRZV_2d,2024,1,dQ_HZ_d,0.01035605305555449,0.010355026794576574,0.008905506918957438,0.011920332953150753
Overall,75,82,ReRZV_2d,2024,1,dQ_HZ_Norm_d,0.0031927033653617056,0.0031874384792267797,0.0027322924531625486,0.0037060345942969697
Overall,75,82,ReRZV_2d,2024,1,dQ_Life_d,3.2586793786606094e-4,3.2538078028210293e-4,2.7805756160184105e-4,3.7734263328013105e-4
Overall,75,82,ReRZV_2d,2024,1,dQ_All_d,0.01068192099342055,0.010681199502253769,0.009223718507816558,0.012267486640236847
Overall,75,82,ReRZV_2d,2024,1,dC_Hosp,-20.219613006729897,-20.13984573205636,-24.257865121457574,-16.601623282450014
Overall,75,82,ReRZV_2d,2024,1,dC_GP_NonPHN,-8.757905979560748,-8.779714688748307,-9.354710786148223,-8.066006630587934
Overall,75,82,ReRZV_2d,2024,1,dC_GP_PHN,-3.783987145587186,-3.7884220316162587,-4.245354497832581,-3.291144370006181
Overall,75,82,ReRZV_2d,2024,1,dC_GP,-12.541893125147935,-12.582094641816914,-13.428388776125653,-11.452384651720282
Overall,75,82,ReRZV_2d,2024,1,dC_Med,-32.76150613187783,-32.6827285562776,-37.11609463928423,-28.631156658409093
Overall,75,82,ReRZV_2d,2024,1,dC_VacZVL,110,110,110,110
Overall,75,82,ReRZV_2d,2024,1,dC_VacRZV,138.48120090937343,138.48120713319764,138.48096030165826,138.48143049770354
Overall,75,82,ReRZV_2d,2024,1,dC_Vac,248.48120090937343,248.48120713319764,248.48096030165823,248.48143049770354
Overall,75,82,ReRZV_2d,2024,1,dC_All,215.7196947774956,215.798315396864,211.3648378064287,219.84993594803032
Overall,75,82,ReRZV_2d,2024,1,dC_Hosp_d,-17.11677866215269,-17.049920069641423,-20.47350604946551,-14.110444209206184
Overall,75,82,ReRZV_2d,2024,1,dC_GP_NonPHN_d,-7.764407185384369,-7.781516141136368,-8.279445891207006,-7.187582737383306
Overall,75,82,ReRZV_2d,2024,1,dC_GP_PHN_d,-3.3469715333882113,-3.3491078480419123,-3.7485170601920528,-2.9280383126645875
Overall,75,82,ReRZV_2d,2024,1,dC_GP_d,-11.11137871877258,-11.137313052771692,-11.878268092646886,-10.184718748146667
Overall,75,82,ReRZV_2d,2024,1,dC_Med_d,-28.22815738092527,-28.172590420063344,-31.874724554525894,-24.76393701501892
Overall,75,82,ReRZV_2d,2024,1,dC_VacZVL_d,110,110,110,110
Overall,75,82,ReRZV_2d,2024,1,dC_VacRZV_d,124.7752720218387,124.77527762967105,124.7750552278413,124.77547888707498
Overall,75,82,ReRZV_2d,2024,1,dC_Vac_d,234.7752720218387,234.77527762967105,234.77505522784128,234.77547888707497
Overall,75,82,ReRZV_2d,2024,1,dC_All_d,206.54711464091343,206.60268639529167,202.9006033523878,210.01130528703527
Overall,75,82,ReRZV_2d,2024,1,dN_VacZVL,1,1,1,1
Overall,75,82,ReRZV_2d,2024,1,dN_VacRZV,1.629190598933805,1.629190672155266,1.6291877682548028,1.629193299972983
Overall,75,82,ReRZV_2d,2024,1,dN_VacZVL_d,1,1,1,1
Overall,75,82,ReRZV_2d,2024,1,dN_VacRZV_d,1.4679443767275142,1.4679444427020123,1.4679418262098973,1.4679468104361761
Overall,75,82,ReRZV_2d,2024,1,ICER,19448.780260356143,19327.06713363636,16676.346278116827,22594.614440284702
Overall,75,82,ReRZV_2d,2024,1,Price0,85,85,84.99999999999999,85.00000000000001
Overall,75,82,ReRZV_2d,2024,1,Thres20,164.76549138620183,164.84102562964182,143.5869621461089,187.77318163289547
Overall,75,82,ReRZV_2d,2024,1,Thres30,237.5333778014581,237.54238183799376,206.64702012056003,271.23272656620935
Overall,75,82,ReRZV_2d,2024,1,Thres20_50,NA,164.84102562964182,NA,NA
Overall,75,82,ReRZV_2d,2024,1,Thres30_90,NA,216.37607772101208,NA,NA
Overall,75,82,ReRZV_2d,2024,1,Thres,NA,164.84102562964182,NA,NA
Overall,75,83,ReRZV_1d,2024,1,N0,1,1,1,1
Overall,75,83,ReRZV_1d,2024,1,dYear_Life,5.637812316314958e-4,5.630503776288265e-4,4.684989089903002e-4,6.574323973163487e-4
Overall,75,83,ReRZV_1d,2024,1,dYear_Immunised,8.009264047711886,8.04646526376738,7.250142526704336,8.57612670853014
Overall,75,83,ReRZV_1d,2024,1,dRisk_HZ,-0.07427798075056588,-0.0745269593481838,-0.07991724502704697,-0.06713250655622488
Overall,75,83,ReRZV_1d,2024,1,dRisk_Hosp,-0.004324424023536803,-0.004304513543257714,-0.005157830644183597,-0.003558472680161802
Overall,75,83,ReRZV_1d,2024,1,dRisk_PHN,-0.006484947021978969,-0.006487670502345568,-0.007284033355071513,-0.00564881548951971
Overall,75,83,ReRZV_1d,2024,1,dRisk_Death,-9.913572851716264e-5,-9.898098835274634e-5,-1.1851990189232664e-4,-8.062066255349104e-5
Overall,75,83,ReRZV_1d,2024,1,dQ_Life,3.8335026816663123e-4,3.8312814814656093e-4,3.197308753100092e-4,4.46037678765565e-4
Overall,75,83,ReRZV_1d,2024,1,dQ_HZ,0.010939013625018779,0.010932956259936092,0.00923837580967963,0.01269577963426773
Overall,75,83,ReRZV_1d,2024,1,dQ_HZ_Norm,0.0033485082932714367,0.0033471066544144374,0.0028173776066149764,0.003909957988622219
Overall,75,83,ReRZV_1d,2024,1,dQ_All,0.011314946088026454,0.0113077962227921,0.009599496426029131,0.013103368929490065
Overall,75,83,ReRZV_1d,2024,1,dQ_HZ_d,0.009615909468272277,0.009602240137867257,0.008166346329022436,0.011147261342165935
Overall,75,83,ReRZV_1d,2024,1,dQ_HZ_Norm_d,0.0029641308894458413,0.0029597746950783526,0.0025137528843628986,0.003448070290037465
Overall,75,83,ReRZV_1d,2024,1,dQ_Life_d,3.040255016961968e-4,3.040136934471249e-4,2.5415101975760916e-4,3.535027450132233e-4
Overall,75,83,ReRZV_1d,2024,1,dQ_All_d,0.009919934969968456,0.009908565643830691,0.00844651580729705,0.011467694522972095
Overall,75,83,ReRZV_1d,2024,1,dC_Hosp,-18.992060491426592,-18.957758086859194,-22.965131362165298,-15.412028794115573
Overall,75,83,ReRZV_1d,2024,1,dC_GP_NonPHN,-8.131971116375322,-8.166293520502151,-8.771272908403201,-7.347621684769825
Overall,75,83,ReRZV_1d,2024,1,dC_GP_PHN,-3.4986890060375844,-3.509713540674668,-3.9690235771341182,-2.9886018226720457
Overall,75,83,ReRZV_1d,2024,1,dC_GP,-11.630660122412905,-11.677475774059525,-12.587615710571432,-10.40936820237945
Overall,75,83,ReRZV_1d,2024,1,dC_Med,-30.622720613839498,-30.60740881392933,-34.95069739762564,-26.302448592713887
Overall,75,83,ReRZV_1d,2024,1,dC_VacZVL,110,110,110,110
Overall,75,83,ReRZV_1d,2024,1,dC_VacRZV,65.83544681410888,65.83545007062591,65.83529367690288,65.83559319087534
Overall,75,83,ReRZV_1d,2024,1,dC_Vac,175.83544681410888,175.83545007062588,175.8352936769029,175.83559319087533
Overall,75,83,ReRZV_1d,2024,1,dC_All,145.21272620026937,145.22795015735798,140.88489760010484,149.53304126550296
Overall,75,83,ReRZV_1d,2024,1,dC_Hosp_d,-16.032205606510978,-16.015962691201157,-19.34009850032355,-13.044005452591655
Overall,75,83,ReRZV_1d,2024,1,dC_GP_NonPHN_d,-7.205872216480137,-7.232265105229892,-7.757389650643391,-6.541773727851007
Overall,75,83,ReRZV_1d,2024,1,dC_GP_PHN_d,-3.0922292869020103,-3.0952966954414016,-3.5015433279050145,-2.6533431227138005
Overall,75,83,ReRZV_1d,2024,1,dC_GP_d,-10.298101503382147,-10.334527434515994,-11.13528377897653,-9.261087477079005
Overall,75,83,ReRZV_1d,2024,1,dC_Med_d,-26.330307109893123,-26.315398679343964,-29.92805303585004,-22.723486877639694
Overall,75,83,ReRZV_1d,2024,1,dC_VacZVL_d,110,110,110,110
Overall,75,83,ReRZV_1d,2024,1,dC_VacRZV_d,58.44285847729271,58.44286136813909,58.44272253569147,58.442988417576565
Overall,75,83,ReRZV_1d,2024,1,dC_Vac_d,168.4428584772927,168.4428613681391,168.44272253569147,168.44298841757657
Overall,75,83,ReRZV_1d,2024,1,dC_All_d,142.1125513673996,142.12744004216825,138.51478044330815,145.71927168226003
Overall,75,83,ReRZV_1d,2024,1,dN_VacZVL,1,1,1,1
Overall,75,83,ReRZV_1d,2024,1,dN_VacRZV,0.774534668401281,0.774534706713246,0.7745328667870928,0.7745363904808863
Overall,75,83,ReRZV_1d,2024,1,dN_VacZVL_d,1,1,1,1
Overall,75,83,ReRZV_1d,2024,1,dN_VacRZV_d,0.687563040909326,0.6875630749192834,0.6875614415963703,0.6875645696185476
Overall,75,83,ReRZV_1d,2024,1,ICER,14422.702585649304,14309.24230325487,12256.387433578726,17109.81177304682
Overall,75,83,ReRZV_1d,2024,1,Price0,85,85,84.99999999999999,85.00000000000001
Overall,75,83,ReRZV_1d,2024,1,Thres20,326.8485824899956,326.9585178723818,280.59154871787746,374.0870681311209
Overall,75,83,ReRZV_1d,2024,1,Thres30,471.12531539530437,471.0507755112784,403.9895116221604,541.1636154913277
Overall,75,83,ReRZV_1d,2024,1,Thres20_50,NA,326.9585178723818,NA,NA
Overall,75,83,ReRZV_1d,2024,1,Thres30_90,NA,426.43247148719075,NA,NA
Overall,75,83,ReRZV_1d,2024,1,Thres,NA,326.9585178723818,NA,NA
Overall,75,83,ReRZV_2d,2024,1,N0,1,1,1,1
Overall,75,83,ReRZV_2d,2024,1,dYear_Life,5.806427541721888e-4,5.798752979622179e-4,4.941397168453321e-4,6.72777872170638e-4
Overall,75,83,ReRZV_2d,2024,1,dYear_Immunised,8.191732969286297,8.216417992569328,7.598075908901244,8.656726309296332
Overall,75,83,ReRZV_2d,2024,1,dRisk_HZ,-0.07599481743196579,-0.0761376437687532,-0.08080525788130889,-0.07021590220860732
Overall,75,83,ReRZV_2d,2024,1,dRisk_Hosp,-0.004456236405393523,-0.004437089984826297,-0.005297592697135363,-0.0037290886009340167
Overall,75,83,ReRZV_2d,2024,1,dRisk_PHN,-0.006638843372153825,-0.006640766067351091,-0.0073628463719676495,-0.005906422906920169
Overall,75,83,ReRZV_2d,2024,1,dRisk_Death,-1.0248019310578776e-4,-1.0217068396458548e-4,-1.2123318849712013e-4,-8.486158187232543e-5
Overall,75,83,ReRZV_2d,2024,1,dQ_Life,3.946714373439697e-4,3.941001908813746e-4,3.36250404403593e-4,4.5632504353076975e-4
Overall,75,83,ReRZV_2d,2024,1,dQ_HZ,0.01120211989165903,0.011203801574449489,0.009635590225513907,0.012900222202822931
Overall,75,83,ReRZV_2d,2024,1,dQ_HZ_Norm,0.0034245761214151266,0.00342302514370059,0.0029280215530910307,0.003984028718077575
Overall,75,83,ReRZV_2d,2024,1,dQ_All,0.01158909711526632,0.011591651346657628,0.00999650725643586,0.013323528502794701
Overall,75,83,ReRZV_2d,2024,1,dQ_HZ_d,0.009834313787221273,0.009835714894024489,0.008468915491439882,0.011315484564988626
Overall,75,83,ReRZV_2d,2024,1,dQ_HZ_Norm_d,0.0030274331560796444,0.003025048560143827,0.002593223658569806,0.0035183348426005645
Overall,75,83,ReRZV_2d,2024,1,dQ_Life_d,3.1278974418350725e-4,3.1231520045338357e-4,2.6789895255538985e-4,3.6063788689553176e-4
Overall,75,83,ReRZV_2d,2024,1,dQ_All_d,0.010147103531404762,0.010145590383061176,0.008773746324618338,0.011646379891356418
Overall,75,83,ReRZV_2d,2024,1,dC_Hosp,-19.585383459549185,-19.524663318672864,-23.49647375725729,-16.122412205540616
Overall,75,83,ReRZV_2d,2024,1,dC_GP_NonPHN,-8.315486395850245,-8.333880250962938,-8.876239936478704,-7.691322723638166
Overall,75,83,ReRZV_2d,2024,1,dC_GP_PHN,-3.580080293579711,-3.5826644522279913,-4.020866036540859,-3.1135050198154453
Overall,75,83,ReRZV_2d,2024,1,dC_GP,-11.895566689429955,-11.923905313354325,-12.732092277174779,-10.911337633287026
Overall,75,83,ReRZV_2d,2024,1,dC_Med,-31.48095014897914,-31.417031113896698,-35.64791785575102,-27.572990327412462
Overall,75,83,ReRZV_2d,2024,1,dC_VacZVL,110,110,110,110
Overall,75,83,ReRZV_2d,2024,1,dC_VacRZV,131.67089362821775,131.67090014125182,131.67058735380576,131.6711863817507
Overall,75,83,ReRZV_2d,2024,1,dC_Vac,241.67089362821775,241.67090014125182,241.6705873538058,241.6711863817507
Overall,75,83,ReRZV_2d,2024,1,dC_All,210.18994347923862,210.25383269759246,206.02307158018692,214.0978368857523
Overall,75,83,ReRZV_2d,2024,1,dC_Hosp_d,-16.517779898213917,-16.47766618864128,-19.787027334566353,-13.639073762810531
Overall,75,83,ReRZV_2d,2024,1,dC_GP_NonPHN_d,-7.3586943145816734,-7.3704107738872935,-7.842608440869035,-6.8280904915363765
Overall,75,83,ReRZV_2d,2024,1,dC_GP_PHN_d,-3.1601859724673886,-3.1586561955932444,-3.548618904684288,-2.758135666554604
Overall,75,83,ReRZV_2d,2024,1,dC_GP_d,-10.518880287049061,-10.54057752447293,-11.26139487607922,-9.67493325736264
Overall,75,83,ReRZV_2d,2024,1,dC_Med_d,-27.036660185262978,-26.95329244593668,-30.484692669438786,-23.786821593645097
Overall,75,83,ReRZV_2d,2024,1,dC_VacZVL_d,110,110,110,110
Overall,75,83,ReRZV_2d,2024,1,dC_VacRZV_d,116.88571695458542,116.88572273627818,116.88544507138295,116.88597683515313
Overall,75,83,ReRZV_2d,2024,1,dC_Vac_d,226.88571695458543,226.88572273627818,226.88544507138295,226.88597683515312
Overall,75,83,ReRZV_2d,2024,1,dC_All_d,199.84905676932243,199.9323888764393,196.40098018803963,203.09869420058692
Overall,75,83,ReRZV_2d,2024,1,dN_VacZVL,1,1,1,1
Overall,75,83,ReRZV_2d,2024,1,dN_VacRZV,1.549069336802562,1.549069413426492,1.5490657335741855,1.5490727809617726
Overall,75,83,ReRZV_2d,2024,1,dN_VacZVL_d,1,1,1,1
Overall,75,83,ReRZV_2d,2024,1,dN_VacRZV_d,1.375126081818652,1.3751261498385667,1.3751228831927407,1.3751291392370952
Overall,75,83,ReRZV_2d,2024,1,ICER,19808.447043063,19657.882520331455,17064.63149652878,22976.808343933993
Overall,75,83,ReRZV_2d,2024,1,Price0,85,85,84.99999999999999,85.00000000000001
Overall,75,83,ReRZV_2d,2024,1,Thres20,167.24192250542367,167.50875284690505,146.0317569639443,189.76516888666475
Overall,75,83,ReRZV_2d,2024,1,Thres30,241.03227247657145,241.33249234291924,209.9045826773657,274.84264031071433
Overall,75,83,ReRZV_2d,2024,1,Thres20_50,NA,167.50875284690505,NA,NA
Overall,75,83,ReRZV_2d,2024,1,Thres30_90,NA,219.6467678671547,NA,NA
Overall,75,83,ReRZV_2d,2024,1,Thres,NA,167.50875284690505,NA,NA
Overall,75,84,ReRZV_1d,2024,1,N0,1,1,1,1
Overall,75,84,ReRZV_1d,2024,1,dYear_Life,5.391546119448219e-4,5.385829378967699e-4,4.4971641525743956e-4,6.279826548173606e-4
Overall,75,84,ReRZV_1d,2024,1,dYear_Immunised,7.610515976706341,7.638620929232921,6.913452020130773,8.137863405325538
Overall,75,84,ReRZV_1d,2024,1,dRisk_HZ,-0.07042342368249224,-0.07058162801818246,-0.07569801624345923,-0.06395860513110171
Overall,75,84,ReRZV_1d,2024,1,dRisk_Hosp,-0.004145983158280999,-0.004127641146978212,-0.004948503476389153,-0.003411992769432109
Overall,75,84,ReRZV_1d,2024,1,dRisk_PHN,-0.006121202524795562,-0.00612831784645603,-0.0068852694327658625,-0.005344736633685048
Overall,75,84,ReRZV_1d,2024,1,dRisk_Death,-9.648071346412176e-5,-9.635429739237507e-5,-1.1497689963221122e-4,-7.857255236796321e-5
Overall,75,84,ReRZV_1d,2024,1,dQ_Life,3.6604983518718814e-4,3.6560378897032564e-4,3.064207278045128e-4,4.258244983100123e-4
Overall,75,84,ReRZV_1d,2024,1,dQ_HZ,0.010381625686981966,0.010370967591921944,0.008761517797715843,0.01206120359210509
Overall,75,84,ReRZV_1d,2024,1,dQ_HZ_Norm,0.003174789924226888,0.0031695063467470676,0.002686666594061742,0.003700736587071724
Overall,75,84,ReRZV_1d,2024,1,dQ_All,0.010740247778088323,0.010726963827474734,0.00909961304386595,0.012450902859687396
Overall,75,84,ReRZV_1d,2024,1,dQ_HZ_d,0.00911263481122831,0.009104122381022671,0.0077353116639294625,0.01056076910330473
Overall,75,84,ReRZV_1d,2024,1,dQ_HZ_Norm_d,0.0028075556962967054,0.0028056092879580343,0.002388046180923763,0.0032610842221067744
Overall,75,84,ReRZV_1d,2024,1,dQ_Life_d,2.896940793171412e-4,2.894273649420853e-4,2.4331632901986033e-4,3.35905710637574e-4
Overall,75,84,ReRZV_1d,2024,1,dQ_All_d,0.009402328890545422,0.009387436041022212,0.007979875737430043,0.010883696696084178
Overall,75,84,ReRZV_1d,2024,1,dC_Hosp,-18.25585224034198,-18.23842259463988,-21.995244011235442,-14.866064586459453
Overall,75,84,ReRZV_1d,2024,1,dC_GP_NonPHN,-7.706873455457435,-7.730312490881211,-8.312374362897195,-7.004152306763517
Overall,75,84,ReRZV_1d,2024,1,dC_GP_PHN,-3.2995145289388477,-3.3025999294176067,-3.758525131206136,-2.829071162822582
Overall,75,84,ReRZV_1d,2024,1,dC_GP,-11.006387984396284,-11.046393783993505,-11.911267619529367,-9.911546776939593
Overall,75,84,ReRZV_1d,2024,1,dC_Med,-29.262240224738264,-29.248611055579993,-33.394384274982336,-25.223358240431335
Overall,75,84,ReRZV_1d,2024,1,dC_VacZVL,110,110,110,110
Overall,75,84,ReRZV_1d,2024,1,dC_VacRZV,62.18114746094975,62.18115188409308,62.18095751459549,62.18133271721115
Overall,75,84,ReRZV_1d,2024,1,dC_Vac,172.18114746094975,172.18115188409308,172.1809575145955,172.18133271721118
Overall,75,84,ReRZV_1d,2024,1,dC_All,142.91890723621148,142.93254053489,138.78681953400402,146.95793900872786
Overall,75,84,ReRZV_1d,2024,1,dC_Hosp_d,-15.355793048015109,-15.343447481277254,-18.474628483199155,-12.499219702602826
Overall,75,84,ReRZV_1d,2024,1,dC_GP_NonPHN_d,-6.822871153207676,-6.839407805611736,-7.351235355878878,-6.239219312649053
Overall,75,84,ReRZV_1d,2024,1,dC_GP_PHN_d,-2.9130030332029184,-2.9167447712717776,-3.30772838361416,-2.5121024436853254
Overall,75,84,ReRZV_1d,2024,1,dC_GP_d,-9.735874186410594,-9.768701293194209,-10.524682280521882,-8.802233749770707
Overall,75,84,ReRZV_1d,2024,1,dC_Med_d,-25.091667234425703,-25.090791256267934,-28.49203936642747,-21.725576191953927
Overall,75,84,ReRZV_1d,2024,1,dC_VacZVL_d,110,110,110,110
Overall,75,84,ReRZV_1d,2024,1,dC_VacRZV_d,54.38314905595527,54.38315292440211,54.38298293034779,54.38331107964395
Overall,75,84,ReRZV_1d,2024,1,dC_Vac_d,164.38314905595527,164.3831529244021,164.3829829303478,164.38331107964393
Overall,75,84,ReRZV_1d,2024,1,dC_All_d,139.29148182152957,139.29240391484672,135.8911458094834,142.65751858399574
Overall,75,84,ReRZV_1d,2024,1,dN_VacZVL,1,1,1,1
Overall,75,84,ReRZV_1d,2024,1,dN_VacRZV,0.7315429113052911,0.7315429633422716,0.7315406766422999,0.7315450907907194
Overall,75,84,ReRZV_1d,2024,1,dN_VacZVL_d,1,1,1,1
Overall,75,84,ReRZV_1d,2024,1,dN_VacRZV_d,0.6398017535994738,0.6398017991106131,0.6397997991805623,0.639803659760517
Overall,75,84,ReRZV_1d,2024,1,ICER,14912.388458710879,14815.241269713979,12690.959352154758,17623.710707205362
Overall,75,84,ReRZV_1d,2024,1,Price0,85,85,84.99999999999999,85.00000000000001
Overall,75,84,ReRZV_1d,2024,1,Thres20,333.1316955349886,332.97080520694783,286.68773834952736,380.8465334100952
Overall,75,84,ReRZV_1d,2024,1,Thres30,480.08860447433756,479.8681493017806,412.1692925027189,550.7003797043787
Overall,75,84,ReRZV_1d,2024,1,Thres20_50,NA,332.97080520694783,NA,NA
Overall,75,84,ReRZV_1d,2024,1,Thres30_90,NA,434.8108972990324,NA,NA
Overall,75,84,ReRZV_1d,2024,1,Thres,NA,332.97080520694783,NA,NA
Overall,75,84,ReRZV_2d,2024,1,N0,1,1,1,1
Overall,75,84,ReRZV_2d,2024,1,dYear_Life,5.546129101448765e-4,5.539984044622415e-4,4.7262419864493307e-4,6.429064212444046e-4
Overall,75,84,ReRZV_2d,2024,1,dYear_Immunised,7.771183227376827,7.781237305752329,7.241419301402371,8.21933242515826
Overall,75,84,ReRZV_2d,2024,1,dRisk_HZ,-0.07193015048606766,-0.07205942952176025,-0.07645283767962427,-0.0666119679045065
Overall,75,84,ReRZV_2d,2024,1,dRisk_Hosp,-0.004267603381381433,-0.004245683580699011,-0.005068427731912691,-0.0035771328701418273
Overall,75,84,ReRZV_2d,2024,1,dRisk_PHN,-0.006255382221092911,-0.006259279461691162,-0.006953208223960497,-0.005560250645626752
Overall,75,84,ReRZV_2d,2024,1,dRisk_Death,-9.965871643679382e-5,-9.939801081227421e-5,-1.1781030817969326e-4,-8.302700494055842e-5
Overall,75,84,ReRZV_2d,2024,1,dQ_Life,3.763904447530821e-4,3.7592365594196764e-4,3.218069282960645e-4,4.3564622188361205e-4
Overall,75,84,ReRZV_2d,2024,1,dQ_HZ,0.010614210559347831,0.010611986298107997,0.009123070819970418,0.012233050308023805
Overall,75,84,ReRZV_2d,2024,1,dQ_HZ_Norm,0.003241406890706322,0.0032383619912684453,0.0027649547819989374,0.003768880440168175
Overall,75,84,ReRZV_2d,2024,1,dQ_All,0.010982899047827737,0.010990667176137947,0.009461790543972181,0.012626952866137263
Overall,75,84,ReRZV_2d,2024,1,dQ_HZ_d,0.009303671727064734,0.009297665594059855,0.008008092271170409,0.010735797096056097
Overall,75,84,ReRZV_2d,2024,1,dQ_HZ_Norm_d,0.0028623921373142876,0.0028606129165934125,0.0024491431022568857,0.003321362281797716
Overall,75,84,ReRZV_2d,2024,1,dQ_Life_d,2.9765221277439216e-4,2.971534648894547e-4,2.5499235139982975e-4,3.436855845058595e-4
Overall,75,84,ReRZV_2d,2024,1,dQ_All_d,0.009601323939839087,0.009603156483128927,0.008290897550962883,0.011033783969593933
Overall,75,84,ReRZV_2d,2024,1,dC_Hosp,-18.806633933657178,-18.743149381481203,-22.53561207736845,-15.528701171843544
Overall,75,84,ReRZV_2d,2024,1,dC_GP_NonPHN,-7.867262139111446,-7.875197982793168,-8.39600510892587,-7.3006938997771496
Overall,75,84,ReRZV_2d,2024,1,dC_GP_PHN,-3.370139980619646,-3.372183057824241,-3.80662316030217,-2.9267101737249126
Overall,75,84,ReRZV_2d,2024,1,dC_GP,-11.237402119731092,-11.257129726063807,-12.041105160101706,-10.33763979255373
Overall,75,84,ReRZV_2d,2024,1,dC_Med,-30.044036053388268,-29.999673581864375,-33.96585045470616,-26.343909006810957
Overall,75,84,ReRZV_2d,2024,1,dC_VacZVL,110,110,110,110
Overall,75,84,ReRZV_2d,2024,1,dC_VacRZV,124.3622949218995,124.36230376818617,124.36191502919098,124.3626654344223
Overall,75,84,ReRZV_2d,2024,1,dC_Vac,234.3622949218995,234.36230376818617,234.36191502919098,234.36266543442233
Overall,75,84,ReRZV_2d,2024,1,dC_All,204.31825886851124,204.3627638421312,200.3968337718919,208.01807077859996
Overall,75,84,ReRZV_2d,2024,1,dC_Hosp_d,-15.802864083926192,-15.76153274188082,-18.903216615469212,-13.068896069925081
Overall,75,84,ReRZV_2d,2024,1,dC_GP_NonPHN_d,-6.954981626341101,-6.9614004080439695,-7.420114136024935,-6.475735106377113
Overall,75,84,ReRZV_2d,2024,1,dC_GP_PHN_d,-2.971325143078846,-2.970915195791333,-3.345503958896524,-2.5905375625273566
Overall,75,84,ReRZV_2d,2024,1,dC_GP_d,-9.926306769419947,-9.940196063924883,-10.6266264079777,-9.158834964138935
Overall,75,84,ReRZV_2d,2024,1,dC_Med_d,-25.729170853346137,-25.67922938599135,-29.001492412395717,-22.61767819552257
Overall,75,84,ReRZV_2d,2024,1,dC_VacZVL_d,110,110,110,110
Overall,75,84,ReRZV_2d,2024,1,dC_VacRZV_d,108.76629811191054,108.76630584880422,108.76596586069557,108.7666221592879
Overall,75,84,ReRZV_2d,2024,1,dC_Vac_d,218.76629811191054,218.76630584880422,218.76596586069556,218.7666221592879
Overall,75,84,ReRZV_2d,2024,1,dC_All_d,193.03712725856442,193.0870961902348,189.7647573297668,196.1484235877501
Overall,75,84,ReRZV_2d,2024,1,dN_VacZVL,1,1,1,1
Overall,75,84,ReRZV_2d,2024,1,dN_VacRZV,1.4630858226105823,1.4630859266845433,1.4630813532845999,1.4630901815814388
Overall,75,84,ReRZV_2d,2024,1,dN_VacZVL_d,1,1,1,1
Overall,75,84,ReRZV_2d,2024,1,dN_VacRZV_d,1.2796035071989476,1.2796035982212262,1.2795995983611246,1.279607319521034
Overall,75,84,ReRZV_2d,2024,1,ICER,20220.328649117906,20084.51746941917,17404.728753981173,23464.062105609988
Overall,75,84,ReRZV_2d,2024,1,Price0,85,85,84.99999999999999,85.00000000000001
Overall,75,84,ReRZV_2d,2024,1,Thres20,170.17431286061404,170.327528604187,148.57954468385265,193.2908628310901
Overall,75,84,ReRZV_2d,2024,1,Thres30,245.20789786741966,245.45522134535338,213.34666679307176,279.19169035447663
Overall,75,84,ReRZV_2d,2024,1,Thres20_50,NA,170.327528604187,NA,NA
Overall,75,84,ReRZV_2d,2024,1,Thres30_90,NA,223.68177171533762,NA,NA
Overall,75,84,ReRZV_2d,2024,1,Thres,NA,170.327528604187,NA,NA
Overall,75,85,ReRZV_1d,2024,1,N0,1,1,1,1
Overall,75,85,ReRZV_1d,2024,1,dYear_Life,5.107308733327942e-4,5.10147988647347e-4,4.276422408726166e-4,5.952747429014859e-4
Overall,75,85,ReRZV_1d,2024,1,dYear_Immunised,7.211542719894812,7.228686625474806,6.573906775715923,7.707590093208394
Overall,75,85,ReRZV_1d,2024,1,dRisk_HZ,-0.06657885795730009,-0.06668840030820572,-0.07162518867768806,-0.060666110374026194
Overall,75,85,ReRZV_1d,2024,1,dRisk_Hosp,-0.0039471334230653556,-0.003931946960464107,-0.004703640012974033,-0.003249801137449182
Overall,75,85,ReRZV_1d,2024,1,dRisk_PHN,-0.0057591167047550875,-0.005766267116100416,-0.00646490835358679,-0.005043715093425444
Overall,75,85,ReRZV_1d,2024,1,dRisk_Death,-9.298354599293183e-5,-9.291316399180825e-5,-1.106296700590089e-4,-7.590819156991735e-5
Overall,75,85,ReRZV_1d,2024,1,dQ_Life,3.4624461241560044e-4,3.4582300995644744e-4,2.9028781602495894e-4,4.027956094899032e-4
Overall,75,85,ReRZV_1d,2024,1,dQ_HZ,0.009818257801038939,0.009805407956381226,0.0082883917320483,0.011421961759933544
Overall,75,85,ReRZV_1d,2024,1,dQ_HZ_Norm,0.003002296791152786,0.0029973782784266925,0.0025430289937365467,0.0035019597258995607
Overall,75,85,ReRZV_1d,2024,1,dQ_All,0.01015710162154345,0.010147121092174416,0.008600397874251708,0.01176228717999992
Overall,75,85,ReRZV_1d,2024,1,dQ_HZ_d,0.008612974609106183,0.008599179559154565,0.007317636020169541,0.009972023296498553
Overall,75,85,ReRZV_1d,2024,1,dQ_HZ_Norm_d,0.002654771923717047,0.0026543000401817855,0.002258700819569662,0.003083983331124841
Overall,75,85,ReRZV_1d,2024,1,dQ_Life_d,2.7354038790896505e-4,2.733262513840984e-4,2.3046349340978268e-4,3.1700515361423595e-4
Overall,75,85,ReRZV_1d,2024,1,dQ_All_d,0.008886514997015149,0.008879130276707947,0.007564418393907646,0.010271166806946485
Overall,75,85,ReRZV_1d,2024,1,dC_Hosp,-17.41961496170739,-17.391986470753363,-20.959884691141983,-14.227759978655005
Overall,75,85,ReRZV_1d,2024,1,dC_GP_NonPHN,-7.285192981038076,-7.300605818058461,-7.862494003045011,-6.640114517034151
Overall,75,85,ReRZV_1d,2024,1,dC_GP_PHN,-3.1023862244227796,-3.1051965716393752,-3.5323819810707797,-2.6657280113839876
Overall,75,85,ReRZV_1d,2024,1,dC_GP,-10.387579205460856,-10.41144092386142,-11.263835617772333,-9.384554784011206
Overall,75,85,ReRZV_1d,2024,1,dC_Med,-27.807194167168245,-27.791147528946084,-31.663475566913146,-24.070290891366334
Overall,75,85,ReRZV_1d,2024,1,dC_VacZVL,110,110,110,110
Overall,75,85,ReRZV_1d,2024,1,dC_VacRZV,58.2822556403795,58.28226202393915,58.28202052293383,58.28248108339915
Overall,75,85,ReRZV_1d,2024,1,dC_Vac,168.2822556403795,168.28226202393915,168.2820205229338,168.28248108339915
Overall,75,85,ReRZV_1d,2024,1,dC_All,140.47506147321127,140.4910229097768,136.618838063741,144.21170762498028
Overall,75,85,ReRZV_1d,2024,1,dC_Hosp_d,-14.6050833461975,-14.57083268280471,-17.61112811744316,-11.968388801896186
Overall,75,85,ReRZV_1d,2024,1,dC_GP_NonPHN_d,-6.449496997065889,-6.459919525224439,-6.947298531856664,-5.914369791736394
Overall,75,85,ReRZV_1d,2024,1,dC_GP_PHN_d,-2.73865152661257,-2.738554041814753,-3.1157096276867575,-2.3626123212539594
Overall,75,85,ReRZV_1d,2024,1,dC_GP_d,-9.188148523678459,-9.208220927497273,-9.944515239890574,-8.33219716704441
Overall,75,85,ReRZV_1d,2024,1,dC_Med_d,-23.79323186987596,-23.782597170243857,-27.0406262096956,-20.646217426174264
Overall,75,85,ReRZV_1d,2024,1,dC_VacZVL_d,110,110,110,110
Overall,75,85,ReRZV_1d,2024,1,dC_VacRZV_d,50.21990987617047,50.219915376674635,50.21970728317193,50.22010413303312
Overall,75,85,ReRZV_1d,2024,1,dC_Vac_d,160.21990987617048,160.21991537667463,160.21970728317194,160.2201041330331
Overall,75,85,ReRZV_1d,2024,1,dC_All_d,136.4266780062945,136.4373236091575,133.17940839680693,139.57367308397934
Overall,75,85,ReRZV_1d,2024,1,dN_VacZVL,1,1,1,1
Overall,75,85,ReRZV_1d,2024,1,dN_VacRZV,0.6856735957691706,0.6856736708698723,0.6856708296815744,0.6856762480399899
Overall,75,85,ReRZV_1d,2024,1,dN_VacZVL_d,1,1,1,1
Overall,75,85,ReRZV_1d,2024,1,dN_VacRZV_d,0.5908224691314172,0.590822533843231,0.5908200856843756,0.5908247545062719
Overall,75,85,ReRZV_1d,2024,1,ICER,15452.041896103527,15347.653773593442,13158.671693719656,18293.227310964296
Overall,75,85,ReRZV_1d,2024,1,Price0,85,85,84.99999999999999,85.00000000000001
Overall,75,85,ReRZV_1d,2024,1,Thres20,341.0898179245346,341.04009674257554,292.97882786938413,390.0705221724117
Overall,75,85,ReRZV_1d,2024,1,Thres30,491.49904095814793,491.3853750348565,420.60663441530505,563.8780157401676
Overall,75,85,ReRZV_1d,2024,1,Thres20_50,NA,341.04009674257554,NA,NA
Overall,75,85,ReRZV_1d,2024,1,Thres30_90,NA,445.5870722801385,NA,NA
Overall,75,85,ReRZV_1d,2024,1,Thres,NA,341.04009674257554,NA,NA
Overall,75,85,ReRZV_2d,2024,1,N0,1,1,1,1
Overall,75,85,ReRZV_2d,2024,1,dYear_Life,5.246838519343023e-4,5.239320912409084e-4,4.481670816079753e-4,6.084595849443541e-4
Overall,75,85,ReRZV_2d,2024,1,dYear_Immunised,7.351589335869389,7.352162539825486,6.855449919360156,7.780148458507219
Overall,75,85,ReRZV_2d,2024,1,dRisk_HZ,-0.06788733274606609,-0.06790463395998941,-0.07228738022920145,-0.06303093536229601
Overall,75,85,ReRZV_2d,2024,1,dRisk_Hosp,-0.0040580870808235425,-0.0040365782301813894,-0.004809837173940593,-0.0034124317234627806
Overall,75,85,ReRZV_2d,2024,1,dRisk_PHN,-0.005874747227239089,-0.005871539476319475,-0.006538840855419759,-0.005205024533561635
Overall,75,85,ReRZV_2d,2024,1,dRisk_Death,-9.596501373270617e-5,-9.576820376433555e-5,-1.1324178497703647e-4,-8.037537175160879e-5
Overall,75,85,ReRZV_2d,2024,1,dQ_Life,3.555401632337043e-4,3.5491621773164894e-4,3.042896686089147e-4,4.1162087164616775e-4
Overall,75,85,ReRZV_2d,2024,1,dQ_HZ,0.01002169269425883,0.010006575557698174,0.008602749632519956,0.011585293987426169
Overall,75,85,ReRZV_2d,2024,1,dQ_HZ_Norm,0.0030600334947571647,0.0030556183707234922,0.0026135536848755463,0.0035556695373685967
Overall,75,85,ReRZV_2d,2024,1,dQ_All,0.01036956154027292,0.010362006828087189,0.008914145727602917,0.011933660443674655
Overall,75,85,ReRZV_2d,2024,1,dQ_HZ_d,0.008778293648678858,0.008764527001541404,0.00755518339030876,0.010118364600476546
Overall,75,85,ReRZV_2d,2024,1,dQ_HZ_Norm_d,0.002701779854228106,0.0026986357306043925,0.002315959423626255,0.0031322494330183175
Overall,75,85,ReRZV_2d,2024,1,dQ_Life_d,2.806504174812714e-4,2.8021872263206404e-4,2.399137405745044e-4,3.240530779031747e-4
Overall,75,85,ReRZV_2d,2024,1,dQ_All_d,0.009058944066160124,0.009046243506836582,0.0078188126107805,0.01040501423802391
Overall,75,85,ReRZV_2d,2024,1,dC_Hosp,-17.92518299075809,-17.87523525382914,-21.44706145446778,-14.812688673267287
Overall,75,85,ReRZV_2d,2024,1,dC_GP_NonPHN,-7.423873897006878,-7.42876592915885,-7.938494472593689,-6.895978702567193
Overall,75,85,ReRZV_2d,2024,1,dC_GP_PHN,-3.1629396251751,-3.166741708219858,-3.5839541212416828,-2.753030617596213
Overall,75,85,ReRZV_2d,2024,1,dC_GP,-10.586813522181979,-10.602843232850862,-11.374686598318855,-9.759200321625473
Overall,75,85,ReRZV_2d,2024,1,dC_Med,-28.51199651294007,-28.478514932550407,-32.202183901667624,-25.110631601810088
Overall,75,85,ReRZV_2d,2024,1,dC_VacZVL,110,110,110,110
Overall,75,85,ReRZV_2d,2024,1,dC_VacRZV,116.564511280759,116.5645240478783,116.56404104586765,116.5649621667983
Overall,75,85,ReRZV_2d,2024,1,dC_Vac,226.564511280759,226.5645240478783,226.56404104586764,226.5649621667983
Overall,75,85,ReRZV_2d,2024,1,dC_All,198.05251476781893,198.0858585141052,194.36218361840253,201.45338258930542
Overall,75,85,ReRZV_2d,2024,1,dC_Hosp_d,-15.011987104517354,-14.954972991991696,-17.974311391756185,-12.437860994894974
Overall,75,85,ReRZV_2d,2024,1,dC_GP_NonPHN_d,-6.5624745659088966,-6.564714648589377,-7.017364617528291,-6.116463786178138
Overall,75,85,ReRZV_2d,2024,1,dC_GP_PHN_d,-2.7881023164072283,-2.79053511382949,-3.1568662016602542,-2.433524184179749
Overall,75,85,ReRZV_2d,2024,1,dC_GP_d,-9.350576882316124,-9.362047674704591,-10.035722747604275,-8.633072513414513
Overall,75,85,ReRZV_2d,2024,1,dC_Med_d,-24.36256398683348,-24.33653211924523,-27.44927888244026,-21.50785215683922
Overall,75,85,ReRZV_2d,2024,1,dC_VacZVL_d,110,110,110,110
Overall,75,85,ReRZV_2d,2024,1,dC_VacRZV_d,100.43981975234094,100.43983075334927,100.43941456634386,100.44020826606624
Overall,75,85,ReRZV_2d,2024,1,dC_Vac_d,210.43981975234092,210.43983075334927,210.43941456634386,210.44020826606624
Overall,75,85,ReRZV_2d,2024,1,dC_All_d,186.07725576550746,186.10335506567344,182.99061073753384,188.93179407736523
Overall,75,85,ReRZV_2d,2024,1,dN_VacZVL,1,1,1,1
Overall,75,85,ReRZV_2d,2024,1,dN_VacRZV,1.3713471915383413,1.3713473417397446,1.371341659363149,1.3713524960799799
Overall,75,85,ReRZV_2d,2024,1,dN_VacZVL_d,1,1,1,1
Overall,75,85,ReRZV_2d,2024,1,dN_VacRZV_d,1.1816449382628345,1.181645067686462,1.1816401713687512,1.1816495090125438
Overall,75,85,ReRZV_2d,2024,1,ICER,20658.782334893338,20545.732532839556,17784.92940917721,23884.546936309784
Overall,75,85,ReRZV_2d,2024,1,Price0,85,85,84.99999999999999,85.00000000000001
Overall,75,85,ReRZV_2d,2024,1,Thres20,173.94518032791092,173.9007420033591,152.10015809394403,197.68670417721862
Overall,75,85,ReRZV_2d,2024,1,Thres30,250.60902093915422,250.52894208021718,218.98406343876266,285.4266938105676
Overall,75,85,ReRZV_2d,2024,1,Thres20_50,NA,173.9007420033591,NA,NA
Overall,75,85,ReRZV_2d,2024,1,Thres30_90,NA,228.45560677254764,NA,NA
Overall,75,85,ReRZV_2d,2024,1,Thres,NA,173.9007420033591,NA,NA
Overall,75,86,ReRZV_1d,2024,1,N0,1,1,1,1
Overall,75,86,ReRZV_1d,2024,1,dYear_Life,4.788380807559278e-4,4.7803319988926063e-4,4.0113678643645124e-4,5.587645713739153e-4
Overall,75,86,ReRZV_1d,2024,1,dYear_Immunised,6.819971673417249,6.8318814058982715,6.2412300494555515,7.3002606262438805
Overall,75,86,ReRZV_1d,2024,1,dRisk_HZ,-0.06279919059628011,-0.06290878864446312,-0.06771003920504128,-0.057350773219154695
Overall,75,86,ReRZV_1d,2024,1,dRisk_Hosp,-0.003722930439791425,-0.003713164431292159,-0.004432855306981637,-0.003074501138273495
Overall,75,86,ReRZV_1d,2024,1,dRisk_PHN,-0.005405714738498088,-0.0054089184195729055,-0.006078550736890203,-0.0047419848491103605
Overall,75,86,ReRZV_1d,2024,1,dRisk_Death,-8.859407227166393e-5,-8.853797886704899e-5,-1.0542250484686193e-4,-7.232237940497164e-5
Overall,75,86,ReRZV_1d,2024,1,dQ_Life,3.241914333854954e-4,3.2364147270680377e-4,2.7264276837311033e-4,3.7764582460213524e-4
Overall,75,86,ReRZV_1d,2024,1,dQ_HZ,0.009257232786973995,0.009240401531060415,0.007829929744693846,0.010753443867084319
Overall,75,86,ReRZV_1d,2024,1,dQ_HZ_Norm,0.0028334006194786626,0.002828832546923357,0.0023946660290511805,0.003301795833502333
Overall,75,86,ReRZV_1d,2024,1,dQ_All,0.009574096238004499,0.009565516114077077,0.008135821898694218,0.01107577278709688
Overall,75,86,ReRZV_1d,2024,1,dQ_HZ_d,0.008123947154809163,0.008113324188441629,0.006904292096943849,0.009426718079933836
Overall,75,86,ReRZV_1d,2024,1,dQ_HZ_Norm_d,0.0025076966272243087,0.0025052338579812997,0.0021307808720606187,0.0029156089080371443
Overall,75,86,ReRZV_1d,2024,1,dQ_Life_d,2.5580824290202033e-4,2.555218597803943e-4,2.1596346563970136e-4,2.966581980993865e-4
Overall,75,86,ReRZV_1d,2024,1,dQ_All_d,0.008379755397711169,0.008371278531339676,0.007153475534903021,0.00968338256764025
Overall,75,86,ReRZV_1d,2024,1,dC_Hosp,-16.4595431373705,-16.432930170209218,-19.86632139244666,-13.44734057403768
Overall,75,86,ReRZV_1d,2024,1,dC_GP_NonPHN,-6.873624329996578,-6.881290132658403,-7.41958820923236,-6.285034078285075
Overall,75,86,ReRZV_1d,2024,1,dC_GP_PHN,-2.911461867080312,-2.9108016403715262,-3.322303140602187,-2.5089702073268216
Overall,75,86,ReRZV_1d,2024,1,dC_GP,-9.78508619707689,-9.807195462107131,-10.623465278596154,-8.87306359248748
Overall,75,86,ReRZV_1d,2024,1,dC_Med,-26.24462933444739,-26.243920844043213,-29.860372437297087,-22.75746777810729
Overall,75,86,ReRZV_1d,2024,1,dC_VacZVL,110,110,110,110
Overall,75,86,ReRZV_1d,2024,1,dC_VacRZV,54.152110665053634,54.152117797932206,54.151819264275055,54.15238266389918
Overall,75,86,ReRZV_1d,2024,1,dC_Vac,164.15211066505364,164.1521177979322,164.15181926427508,164.15238266389917
Overall,75,86,ReRZV_1d,2024,1,dC_All,137.90748133060623,137.90817147839658,134.29157081943902,141.39445463698263
Overall,75,86,ReRZV_1d,2024,1,dC_Hosp_d,-13.761716513544512,-13.743495449481301,-16.588853280246525,-11.281423651336631
Overall,75,86,ReRZV_1d,2024,1,dC_GP_NonPHN_d,-6.091197836954705,-6.097585248798184,-6.556518606966795,-5.598438112499583
Overall,75,86,ReRZV_1d,2024,1,dC_GP_PHN_d,-2.5725956802203997,-2.570675417269232,-2.927743277153133,-2.2231799273438764
Overall,75,86,ReRZV_1d,2024,1,dC_GP_d,-8.663793517175105,-8.68023287237159,-9.394607195073638,-7.879020670608238
Overall,75,86,ReRZV_1d,2024,1,dC_Med_d,-22.425510030719614,-22.405530293709248,-25.428794015341527,-19.549980800108056
Overall,75,86,ReRZV_1d,2024,1,dC_VacZVL_d,110,110,110,110
Overall,75,86,ReRZV_1d,2024,1,dC_VacRZV_d,45.971526392778465,45.971532448116136,45.97127901297335,45.97175730163785
Overall,75,86,ReRZV_1d,2024,1,dC_Vac_d,155.97152639277846,155.97153244811614,155.97127901297335,155.97175730163784
Overall,75,86,ReRZV_1d,2024,1,dC_All_d,133.54601636205885,133.56590482073335,130.54278472095717,136.42166054707596
Overall,75,86,ReRZV_1d,2024,1,dN_VacZVL,1,1,1,1
Overall,75,86,ReRZV_1d,2024,1,dN_VacRZV,0.6370836548829839,0.6370837387992024,0.63708022663853,0.6370868548694022
Overall,75,86,ReRZV_1d,2024,1,dN_VacZVL_d,1,1,1,1
Overall,75,86,ReRZV_1d,2024,1,dN_VacRZV_d,0.5408414869738642,0.540841558213131,0.5408385766232159,0.5408442035486806
Overall,75,86,ReRZV_1d,2024,1,ICER,16039.847809469225,15935.418525253286,13679.785755094756,18952.283662704034
Overall,75,86,ReRZV_1d,2024,1,Price0,85,85,84.99999999999999,85.00000000000001
Overall,75,86,ReRZV_1d,2024,1,Thres20,351.3425231364054,351.48243505438325,302.28019672582644,401.46849361358943
Overall,75,86,ReRZV_1d,2024,1,Thres30,506.28173122750354,506.6118568224321,433.9925140378494,580.3934840221333
Overall,75,86,ReRZV_1d,2024,1,Thres20_50,NA,351.48243505438325,NA,NA
Overall,75,86,ReRZV_1d,2024,1,Thres30_90,NA,459.0028990153845,NA,NA
Overall,75,86,ReRZV_1d,2024,1,Thres,NA,351.48243505438325,NA,NA
Overall,75,86,ReRZV_2d,2024,1,N0,1,1,1,1
Overall,75,86,ReRZV_2d,2024,1,dYear_Life,4.911964582118085e-4,4.904167703809748e-4,4.191431197939188e-4,5.706021870834465e-4
Overall,75,86,ReRZV_2d,2024,1,dYear_Immunised,6.94069276628985,6.9372368696747095,6.481970299739097,7.361938096275694
Overall,75,86,ReRZV_2d,2024,1,dRisk_HZ,-0.06392149821044413,-0.0638928657938777,-0.06828738130647453,-0.05936853987282459
Overall,75,86,ReRZV_2d,2024,1,dRisk_Hosp,-0.003822547959845035,-0.003810143358981826,-0.004524781122726646,-0.0032001450400710135
Overall,75,86,ReRZV_2d,2024,1,dRisk_PHN,-0.0055040282617092795,-0.005495898850563806,-0.006157463717168072,-0.0048708240174342166
Overall,75,86,ReRZV_2d,2024,1,dRisk_Death,-9.134756428241484e-5,-9.120761388179027e-5,-1.0773116135802635e-4,-7.663305499618666e-5
Overall,75,86,ReRZV_2d,2024,1,dQ_Life,3.3238718136824195e-4,3.3187815519042374e-4,2.83814304529173e-4,3.854925709949164e-4
Overall,75,86,ReRZV_2d,2024,1,dQ_HZ,0.009432969686686858,0.009421360000514443,0.00809636716588728,0.01090043260078326
Overall,75,86,ReRZV_2d,2024,1,dQ_HZ_Norm,0.0028828285440955573,0.002878434866771692,0.0024634398422129847,0.0033489631262993507
Overall,75,86,ReRZV_2d,2024,1,dQ_All,0.009757763878408944,0.009742462841335175,0.008401991013375288,0.011216445118922412
Overall,75,86,ReRZV_2d,2024,1,dQ_HZ_d,0.008265219347357536,0.008256164622318969,0.007119354699664009,0.009554242077744298
Overall,75,86,ReRZV_2d,2024,1,dQ_HZ_Norm_d,0.0025474955384245843,0.002543112580405263,0.0021822173679058162,0.002955719945709633
Overall,75,86,ReRZV_2d,2024,1,dQ_Life_d,2.620369202197228e-4,2.615738988049898e-4,2.2413439023170057e-4,3.0280730430916054e-4
Overall,75,86,ReRZV_2d,2024,1,dQ_All_d,0.00852725626757725,0.008515807812845111,0.0073635577555754665,0.009785771684787198
Overall,75,86,ReRZV_2d,2024,1,dC_Hosp,-16.916301231187933,-16.860675474224646,-20.240573925268244,-14.006590602913267
Overall,75,86,ReRZV_2d,2024,1,dC_GP_NonPHN,-6.992060422223304,-6.989411774655884,-7.49573538845612,-6.496124149025351
Overall,75,86,ReRZV_2d,2024,1,dC_GP_PHN,-2.9626809627155124,-2.959530300241049,-3.3644594323667802,-2.578891772123536
Overall,75,86,ReRZV_2d,2024,1,dC_GP,-9.954741384938815,-9.968064625612035,-10.737063106101342,-9.162000684335311
Overall,75,86,ReRZV_2d,2024,1,dC_Med,-26.87104261612675,-26.839881799420148,-30.355235684966964,-23.662723654396004
Overall,75,86,ReRZV_2d,2024,1,dC_VacZVL,110,110,110,110
Overall,75,86,ReRZV_2d,2024,1,dC_VacRZV,108.30422133010727,108.30423559586441,108.30363852855011,108.30476532779836
Overall,75,86,ReRZV_2d,2024,1,dC_Vac,218.30422133010725,218.3042355958644,218.30363852855012,218.30476532779838
Overall,75,86,ReRZV_2d,2024,1,dC_All,191.4331787139805,191.4643314412828,187.94882242059853,194.6409821248811
Overall,75,86,ReRZV_2d,2024,1,dC_Hosp_d,-14.126043966974814,-14.06041285838197,-16.91073769423296,-11.708872280561557
Overall,75,86,ReRZV_2d,2024,1,dC_GP_NonPHN_d,-6.1866131715284345,-6.18311388132612,-6.6307245032659905,-5.75639352745082
Overall,75,86,ReRZV_2d,2024,1,dC_GP_PHN_d,-2.6139539787404504,-2.6107912350585387,-2.96262906776613,-2.282778918549169
Overall,75,86,ReRZV_2d,2024,1,dC_GP_d,-8.800567150268884,-8.807897115221065,-9.485478166026624,-8.110266947184428
Overall,75,86,ReRZV_2d,2024,1,dC_Med_d,-22.9266111172437,-22.899856606208736,-25.813378686282572,-20.260407978274436
Overall,75,86,ReRZV_2d,2024,1,dC_VacZVL_d,110,110,110,110
Overall,75,86,ReRZV_2d,2024,1,dC_VacRZV_d,91.94305278555693,91.94306489623227,91.9425580259467,91.9435146032757
Overall,75,86,ReRZV_2d,2024,1,dC_Vac_d,201.94305278555692,201.94306489623227,201.9425580259467,201.94351460327567
Overall,75,86,ReRZV_2d,2024,1,dC_All_d,179.01644166831323,179.0431436974697,176.13000063167834,181.68266671115146
Overall,75,86,ReRZV_2d,2024,1,dN_VacZVL,1,1,1,1
Overall,75,86,ReRZV_2d,2024,1,dN_VacRZV,1.2741673097659678,1.2741674775984049,1.27416045327706,1.2741737097388044
Overall,75,86,ReRZV_2d,2024,1,dN_VacZVL_d,1,1,1,1
Overall,75,86,ReRZV_2d,2024,1,dN_VacRZV_d,1.0816829739477285,1.081683116426262,1.0816771532464318,1.0816884070973611
Overall,75,86,ReRZV_2d,2024,1,ICER,21115.626910776977,21018.287882446377,18163.114931035314,24471.48546283548
Overall,75,86,ReRZV_2d,2024,1,Price0,85,85,84.99999999999999,85.00000000000001
Overall,75,86,ReRZV_2d,2024,1,Thres20,178.86176976364885,178.64227336233762,156.11159492364473,203.38131802157693
Overall,75,86,ReRZV_2d,2024,1,Thres30,257.6949976251158,257.3837934937428,224.05168178746672,294.228967500739
Overall,75,86,ReRZV_2d,2024,1,Thres20_50,NA,178.64227336233762,NA,NA
Overall,75,86,ReRZV_2d,2024,1,Thres30_90,NA,235.05242517666338,NA,NA
Overall,75,86,ReRZV_2d,2024,1,Thres,NA,178.64227336233762,NA,NA
Overall,75,87,ReRZV_1d,2024,1,N0,1,1,1,1
Overall,75,87,ReRZV_1d,2024,1,dYear_Life,4.4391624848867385e-4,4.434538333297766e-4,3.7227440930500674e-4,5.183839497430842e-4
Overall,75,87,ReRZV_1d,2024,1,dYear_Immunised,6.442588772551013,6.455952585906221,5.909811277474782,6.920875235380197
Overall,75,87,ReRZV_1d,2024,1,dRisk_HZ,-0.059165197244269316,-0.05919993257475452,-0.0638786205719663,-0.05404480009981369
Overall,75,87,ReRZV_1d,2024,1,dRisk_Hosp,-0.0034834391356961467,-0.0034794225519829093,-0.004174306709353073,-0.0028774972732212166
Overall,75,87,ReRZV_1d,2024,1,dRisk_PHN,-0.005068086926938807,-0.00506733175815903,-0.005726904966306707,-0.004448161525633861
Overall,75,87,ReRZV_1d,2024,1,dRisk_Death,-8.328094786633284e-5,-8.318334730881809e-5,-9.898879529862108e-5,-6.820137077698852e-5
Overall,75,87,ReRZV_1d,2024,1,dQ_Life,3.0022184113686647e-4,2.9973563886809274e-4,2.522725716088914e-4,3.4994877275948964e-4
Overall,75,87,ReRZV_1d,2024,1,dQ_HZ,0.008711113610988672,0.008702517827705179,0.0073649097400644474,0.010135894184670455
Overall,75,87,ReRZV_1d,2024,1,dQ_HZ_Norm,0.0026715595655437247,0.002665229618011273,0.002264221323927876,0.003118253914507858
Overall,75,87,ReRZV_1d,2024,1,dQ_All,0.009004137171018747,0.00899425263127629,0.007634667858782862,0.010431937641588672
Overall,75,87,ReRZV_1d,2024,1,dQ_HZ_d,0.0076558618951737024,0.007652843645744043,0.0064991693800218325,0.00890024837291826
Overall,75,87,ReRZV_1d,2024,1,dQ_HZ_Norm_d,0.0023690841967911403,0.002365636130565058,0.002012591653150845,0.0027543565926470667
Overall,75,87,ReRZV_1d,2024,1,dQ_Life_d,2.3679306740973337e-4,2.3642381293331738e-4,1.9982570291210422e-4,2.751072942984489e-4
Overall,75,87,ReRZV_1d,2024,1,dQ_All_d,0.007892654962583422,0.007890371746424485,0.006715731265716984,0.009136310577568583
Overall,75,87,ReRZV_1d,2024,1,dC_Hosp,-15.417148435883323,-15.346254777550474,-18.70243663069264,-12.579780553175219
Overall,75,87,ReRZV_1d,2024,1,dC_GP_NonPHN,-6.480403537486243,-6.482757646452871,-7.005487557068022,-5.932521323121893
Overall,75,87,ReRZV_1d,2024,1,dC_GP_PHN,-2.7303893743599597,-2.7230815781341597,-3.1334461200974353,-2.3489844852890727
Overall,75,87,ReRZV_1d,2024,1,dC_GP,-9.210792911846202,-9.217594856709251,-10.040438025835329,-8.35182269858562
Overall,75,87,ReRZV_1d,2024,1,dC_Med,-24.627941347729525,-24.594233905069974,-28.14384604586791,-21.362200892165944
Overall,75,87,ReRZV_1d,2024,1,dC_VacZVL,110,110,110,110
Overall,75,87,ReRZV_1d,2024,1,dC_VacRZV,49.82225007965532,49.822258877324515,49.82189579506859,49.82258463506062
Overall,75,87,ReRZV_1d,2024,1,dC_Vac,159.8222500796553,159.82225887732451,159.8218957950686,159.82258463506062
Overall,75,87,ReRZV_1d,2024,1,dC_All,135.1943087319258,135.22810021451158,131.67847309485487,138.4598615603339
Overall,75,87,ReRZV_1d,2024,1,dC_Hosp_d,-12.863607899021437,-12.809001710513655,-15.517141886357088,-10.540739872740037
Overall,75,87,ReRZV_1d,2024,1,dC_GP_NonPHN_d,-5.754489066730386,-5.752789490903934,-6.214121651904612,-5.280633282523734
Overall,75,87,ReRZV_1d,2024,1,dC_GP_PHN_d,-2.4176723470475223,-2.411841918001973,-2.761936734104656,-2.087991643535339
Overall,75,87,ReRZV_1d,2024,1,dC_GP_d,-8.172161413777909,-8.174002931004942,-8.886481883546542,-7.430250945940488
Overall,75,87,ReRZV_1d,2024,1,dC_Med_d,-21.035769312799346,-21.01254711739152,-23.98483561887382,-18.334039572209914
Overall,75,87,ReRZV_1d,2024,1,dC_VacZVL_d,110,110,110,110
Overall,75,87,ReRZV_1d,2024,1,dC_VacRZV_d,41.6707032971506,41.67071065541046,41.670406977978494,41.67098311508352
Overall,75,87,ReRZV_1d,2024,1,dC_Vac_d,151.6707032971506,151.67071065541046,151.6704069779785,151.67098311508354
Overall,75,87,ReRZV_1d,2024,1,dC_All_d,130.63493398435125,130.6581502315683,127.68613103488389,133.3364576834855
Overall,75,87,ReRZV_1d,2024,1,dN_VacZVL,1,1,1,1
Overall,75,87,ReRZV_1d,2024,1,dN_VacRZV,0.5861441185841801,0.5861442220861708,0.5861399505302187,0.586148054530125
Overall,75,87,ReRZV_1d,2024,1,dN_VacZVL_d,1,1,1,1
Overall,75,87,ReRZV_1d,2024,1,dN_VacRZV_d,0.4902435682017718,0.4902436547695348,0.49024008209386466,0.49024686017745317
Overall,75,87,ReRZV_1d,2024,1,ICER,16659.29684622269,16539.945489171165,14212.605064299976,19720.74392540217
Overall,75,87,ReRZV_1d,2024,1,Price0,85,85,84.99999999999999,85.00000000000001
Overall,75,87,ReRZV_1d,2024,1,Thres20,364.89792449731027,364.9915129965715,313.24233927324354,416.75937707754906
Overall,75,87,ReRZV_1d,2024,1,Thres30,525.8924816540999,526.1111860980175,450.53850670033995,603.0267913680409
Overall,75,87,ReRZV_1d,2024,1,Thres20_50,NA,364.9915129965715,NA,NA
Overall,75,87,ReRZV_1d,2024,1,Thres30_90,NA,476.85491525945537,NA,NA
Overall,75,87,ReRZV_1d,2024,1,Thres,NA,364.9915129965715,NA,NA
Overall,75,87,ReRZV_2d,2024,1,N0,1,1,1,1
Overall,75,87,ReRZV_2d,2024,1,dYear_Life,4.5460738337092544e-4,4.5366511963074174e-4,3.8792637984323973e-4,5.278686562228073e-4
Overall,75,87,ReRZV_2d,2024,1,dYear_Immunised,6.545382986079546,6.543492531591628,6.108854147809656,6.974231993157699
Overall,75,87,ReRZV_2d,2024,1,dRisk_HZ,-0.06011508920487767,-0.060047703634027054,-0.06443958396158025,-0.05574315191329954
Overall,75,87,ReRZV_2d,2024,1,dRisk_Hosp,-0.003571450893642388,-0.003561841538494213,-0.004243317080917947,-0.0029853715225345665
Overall,75,87,ReRZV_2d,2024,1,dRisk_PHN,-0.0051504596160261784,-0.005145037651186155,-0.005793888729635306,-0.0045372882931889276
Overall,75,87,ReRZV_2d,2024,1,dRisk_Death,-8.577438855191217e-5,-8.561796864969744e-5,-1.0158136972305514e-4,-7.195946319163508e-5
Overall,75,87,ReRZV_2d,2024,1,dQ_Life,3.072753299409188e-4,3.064728995996191e-4,2.6225097168959267e-4,3.5594925641428964e-4
Overall,75,87,ReRZV_2d,2024,1,dQ_HZ,0.008860896724942832,0.008854042789981474,0.007585824095404971,0.010265232987504773
Overall,75,87,ReRZV_2d,2024,1,dQ_HZ_Norm,0.002713317917831412,0.002706434981178036,0.002317988894640805,0.003161261617073856
Overall,75,87,ReRZV_2d,2024,1,dQ_All,0.009160716533943115,0.009151593779771261,0.007861124017578058,0.010563048525229844
Overall,75,87,ReRZV_2d,2024,1,dQ_HZ_d,0.007774957640987808,0.007765205069371355,0.006662145120283616,0.008999488950030355
Overall,75,87,ReRZV_2d,2024,1,dQ_HZ_Norm_d,0.0024023329677500867,0.0023979603487018957,0.0020547560705915426,0.002785341192517098
Overall,75,87,ReRZV_2d,2024,1,dQ_Life_d,2.421176133667995e-4,2.415156478647873e-4,2.0717975176935964e-4,2.7969345169234213e-4
Overall,75,87,ReRZV_2d,2024,1,dQ_All_d,0.008017075254354557,0.00801236902314173,0.006896624926557271,0.009235731041295023
Overall,75,87,ReRZV_2d,2024,1,dC_Hosp,-15.823233252160778,-15.77150745626368,-19.006941416206217,-13.075020549085304
Overall,75,87,ReRZV_2d,2024,1,dC_GP_NonPHN,-6.580205486748784,-6.572490904873014,-7.0794020504031145,-6.098866021711466
Overall,75,87,ReRZV_2d,2024,1,dC_GP_PHN,-2.773077324796991,-2.7633730772875893,-3.1647581141507186,-2.411274238196213
Overall,75,87,ReRZV_2d,2024,1,dC_GP,-9.353282811545775,-9.353786511589895,-10.121772729325057,-8.599789100744072
Overall,75,87,ReRZV_2d,2024,1,dC_Med,-25.176516063706554,-25.14105501274844,-28.53543149755265,-22.176242916180854
Overall,75,87,ReRZV_2d,2024,1,dC_VacZVL,110,110,110,110
Overall,75,87,ReRZV_2d,2024,1,dC_VacRZV,99.64450015931064,99.64451775464903,99.64379159013718,99.64516927012124
Overall,75,87,ReRZV_2d,2024,1,dC_Vac,209.64450015931064,209.64451775464903,209.64379159013723,209.64516927012127
Overall,75,87,ReRZV_2d,2024,1,dC_All,184.46798409560407,184.50338688043075,181.10935953392868,187.4687334954658
Overall,75,87,ReRZV_2d,2024,1,dC_Hosp_d,-13.184493450485627,-13.140793363145967,-15.817925057589466,-10.948874934588737
Overall,75,87,ReRZV_2d,2024,1,dC_GP_NonPHN_d,-5.833992334451683,-5.827759936215282,-6.277825379785942,-5.417246168145045
Overall,75,87,ReRZV_2d,2024,1,dC_GP_PHN_d,-2.45174971611029,-2.4428550608418753,-2.7888842172504487,-2.136716818934118
Overall,75,87,ReRZV_2d,2024,1,dC_GP_d,-8.285742050561973,-8.28431236316294,-8.967129939778872,-7.621508873529977
Overall,75,87,ReRZV_2d,2024,1,dC_Med_d,-21.4702355010476,-21.43289785985045,-24.250964108215175,-18.981349034848968
Overall,75,87,ReRZV_2d,2024,1,dC_VacZVL_d,110,110,110,110
Overall,75,87,ReRZV_2d,2024,1,dC_VacRZV_d,83.3414065943012,83.34142131082092,83.34081395595699,83.34196623016705
Overall,75,87,ReRZV_2d,2024,1,dC_Vac_d,193.3414065943012,193.34142131082092,193.340813955957,193.34196623016706
Overall,75,87,ReRZV_2d,2024,1,dC_All_d,171.8711710932536,171.9085469474608,169.0908178671508,174.36047230430003
Overall,75,87,ReRZV_2d,2024,1,dN_VacZVL,1,1,1,1
Overall,75,87,ReRZV_2d,2024,1,dN_VacRZV,1.1722882371683603,1.1722884441723416,1.1722799010604374,1.17229610906025
Overall,75,87,ReRZV_2d,2024,1,dN_VacZVL_d,1,1,1,1
Overall,75,87,ReRZV_2d,2024,1,dN_VacRZV_d,0.9804871364035436,0.9804873095390696,0.9804801641877293,0.9804937203549063
Overall,75,87,ReRZV_2d,2024,1,ICER,21566.09653529847,21450.82658399769,18511.04487102424,25060.985456971503
Overall,75,87,ReRZV_2d,2024,1,Price0,85,85,84.99999999999999,85.00000000000001
Overall,75,87,ReRZV_2d,2024,1,Thres20,185.43000278138737,185.3759307348856,161.74665431158127,211.3384570638151
Overall,75,87,ReRZV_2d,2024,1,Thres30,267.1962453488051,267.13157478196695,231.85710094697149,305.2940027975694
Overall,75,87,ReRZV_2d,2024,1,Thres20_50,NA,185.3759307348856,NA,NA
Overall,75,87,ReRZV_2d,2024,1,Thres30_90,NA,243.01415536782014,NA,NA
Overall,75,87,ReRZV_2d,2024,1,Thres,NA,185.3759307348856,NA,NA
Overall,75,88,ReRZV_1d,2024,1,N0,1,1,1,1
Overall,75,88,ReRZV_1d,2024,1,dYear_Life,4.065259793337388e-4,4.056150742552944e-4,3.4163716515576146e-4,4.7515464540155423e-4
Overall,75,88,ReRZV_1d,2024,1,dYear_Immunised,6.08529945119224,6.092602225906273,5.571470747009248,6.562925507814045
Overall,75,88,ReRZV_1d,2024,1,dRisk_HZ,-0.05574433617285177,-0.055729033708787235,-0.06035529121995022,-0.050954740255123525
Overall,75,88,ReRZV_1d,2024,1,dRisk_Hosp,-0.0032354996345315967,-0.0032285386075578586,-0.0038643131852384117,-0.0026854362902566558
Overall,75,88,ReRZV_1d,2024,1,dRisk_PHN,-0.004756263610863357,-0.004760673321964996,-0.005384962282746182,-0.004149514336660454
Overall,75,88,ReRZV_1d,2024,1,dRisk_Death,-7.703836236399165e-5,-7.684758528858824e-5,-9.166567033782467e-5,-6.321538026668181e-5
Overall,75,88,ReRZV_1d,2024,1,dQ_Life,2.7474624124211735e-4,2.740491609891649e-4,2.3128949556268095e-4,3.2061866602299814e-4
Overall,75,88,ReRZV_1d,2024,1,dQ_HZ,0.008190636445317529,0.00818495971138885,0.006915770057865247,0.009535140207298171
Overall,75,88,ReRZV_1d,2024,1,dQ_HZ_Norm,0.0025196652730064893,0.0025138446961995766,0.002142499856014759,0.0029388783736066476
Overall,75,88,ReRZV_1d,2024,1,dQ_All,0.008458384538566979,0.008448457292074885,0.007160773474056147,0.009803884095849957
Overall,75,88,ReRZV_1d,2024,1,dQ_HZ_d,0.007217043928391109,0.00721207590981117,0.006119979091724197,0.008387056896421665
Overall,75,88,ReRZV_1d,2024,1,dQ_HZ_Norm_d,0.0022410924449375452,0.0022373038083478556,0.0019103003228577802,0.002609485476629516
Overall,75,88,ReRZV_1d,2024,1,dQ_Life_d,2.168425026284133e-4,2.1623632313971797e-4,1.8337536239299013e-4,2.5231721839520383e-4
Overall,75,88,ReRZV_1d,2024,1,dQ_All_d,0.007433886431019493,0.007425127051373437,0.006316599941449397,0.008597510605724822
Overall,75,88,ReRZV_1d,2024,1,dC_Hosp,-14.322663356929384,-14.285790148577139,-17.356734490472608,-11.7067718303843
Overall,75,88,ReRZV_1d,2024,1,dC_GP_NonPHN,-6.112127789293624,-6.10871751185209,-6.628707190839249,-5.585113168797808
Overall,75,88,ReRZV_1d,2024,1,dC_GP_PHN,-2.5642512912926265,-2.557252390037469,-2.9455880840625235,-2.2057010899956326
Overall,75,88,ReRZV_1d,2024,1,dC_GP,-8.676379080586251,-8.669881602592445,-9.499808047826892,-7.848202983552339
Overall,75,88,ReRZV_1d,2024,1,dC_Med,-22.999042437515634,-22.963316417574518,-26.263184183582815,-20.00090758841804
Overall,75,88,ReRZV_1d,2024,1,dC_VacZVL,110,110,110,110
Overall,75,88,ReRZV_1d,2024,1,dC_VacRZV,45.33342340848179,45.33343013302061,45.333004330039444,45.33381878180545
Overall,75,88,ReRZV_1d,2024,1,dC_Vac,155.3334234084818,155.3334301330206,155.33300433003947,155.33381878180546
Overall,75,88,ReRZV_1d,2024,1,dC_All,132.33438097096615,132.36993080184135,129.0704521102698,135.3323281752951
Overall,75,88,ReRZV_1d,2024,1,dC_Hosp_d,-11.937599033597634,-11.909134334076708,-14.47911300742411,-9.797683262535159
Overall,75,88,ReRZV_1d,2024,1,dC_GP_NonPHN_d,-5.444224522357298,-5.439343058326428,-5.903986514007017,-4.991495560562626
Overall,75,88,ReRZV_1d,2024,1,dC_GP_PHN_d,-2.277791122662735,-2.270720695558734,-2.6128569451687653,-1.9646359797448432
Overall,75,88,ReRZV_1d,2024,1,dC_GP_d,-7.722015645020034,-7.716203947896207,-8.445441757298607,-7.010970791342619
Overall,75,88,ReRZV_1d,2024,1,dC_Med_d,-19.659614678617665,-19.629983831821086,-22.38017631240954,-17.2018163724602
Overall,75,88,ReRZV_1d,2024,1,dC_VacZVL_d,110,110,110,110
Overall,75,88,ReRZV_1d,2024,1,dC_VacRZV_d,37.35596564562807,37.355971186829734,37.35562031366948,37.35629144392842
Overall,75,88,ReRZV_1d,2024,1,dC_Vac_d,147.35596564562806,147.35597118682975,147.35562031366948,147.35629144392843
Overall,75,88,ReRZV_1d,2024,1,dC_All_d,127.6963509670104,127.72605085671432,124.97585400007533,130.15381165919405
Overall,75,88,ReRZV_1d,2024,1,dN_VacZVL,1,1,1,1
Overall,75,88,ReRZV_1d,2024,1,dN_VacRZV,0.5333343930409623,0.5333344721531836,0.5333294627063465,0.5333390444918288
Overall,75,88,ReRZV_1d,2024,1,dN_VacZVL_d,1,1,1,1
Overall,75,88,ReRZV_1d,2024,1,dN_VacRZV_d,0.43948194877209495,0.43948201396270276,0.4394778860431704,0.43948578169327557
Overall,75,88,ReRZV_1d,2024,1,ICER,17291.197070993607,17179.45551701719,14761.848122877145,20436.42655735342
Overall,75,88,ReRZV_1d,2024,1,Price0,85,85,84.99999999999999,85.00000000000001
Overall,75,88,ReRZV_1d,2024,1,Thres20,383.0358271297109,383.0477767899421,328.94464687021923,437.812975449493
Overall,75,88,ReRZV_1d,2024,1,Thres30,552.1869368429246,552.026407743349,472.86573461373234,633.7612170552379
Overall,75,88,ReRZV_1d,2024,1,Thres20_50,NA,383.0477767899421,NA,NA
Overall,75,88,ReRZV_1d,2024,1,Thres30_90,NA,499.65476211421833,NA,NA
Overall,75,88,ReRZV_1d,2024,1,Thres,NA,383.0477767899421,NA,NA
Overall,75,88,ReRZV_2d,2024,1,N0,1,1,1,1
Overall,75,88,ReRZV_2d,2024,1,dYear_Life,4.154980535191033e-4,4.1442098505939384e-4,3.539259391019734e-4,4.8252332409597364e-4
Overall,75,88,ReRZV_2d,2024,1,dYear_Immunised,6.171654509273867,6.166838058828257,5.733346223063568,6.604386564270885
Overall,75,88,ReRZV_2d,2024,1,dRisk_HZ,-0.056537087788547,-0.05647096508958071,-0.06091879762814712,-0.05219555487069745
Overall,75,88,ReRZV_2d,2024,1,dRisk_Hosp,-0.0033119301268784386,-0.003299053173349946,-0.003927767961915374,-0.0027748176857989517
Overall,75,88,ReRZV_2d,2024,1,dRisk_PHN,-0.0048243665366404995,-0.004818167067788417,-0.005456326833932984,-0.004239217747365722
Overall,75,88,ReRZV_2d,2024,1,dRisk_Death,-7.924001514254341e-5,-7.904907296384527e-5,-9.394637013265133e-5,-6.660035293858155e-5
Overall,75,88,ReRZV_2d,2024,1,dQ_Life,2.806300173908065e-4,2.800254146420045e-4,2.3924269237283192e-4,3.2535005550160534e-4
Overall,75,88,ReRZV_2d,2024,1,dQ_HZ,0.008316489773413755,0.00830156810821742,0.0070878653965175,0.009671506908439365
Overall,75,88,ReRZV_2d,2024,1,dQ_HZ_Norm,0.0025544528089851246,0.0025480522806899603,0.002176515291243071,0.0029758930204765556
Overall,75,88,ReRZV_2d,2024,1,dQ_All,0.00858987493167902,0.008581807272807218,0.007335979834358719,0.00994328835121707
Overall,75,88,ReRZV_2d,2024,1,dQ_HZ_d,0.007316012955467729,0.00730596468576786,0.006249953318990398,0.00848227110640903
Overall,75,88,ReRZV_2d,2024,1,dQ_HZ_Norm_d,0.0022684804667678668,0.0022631417835935483,0.0019386585689622007,0.002633172307910956
Overall,75,88,ReRZV_2d,2024,1,dQ_Life_d,2.2125238291130156e-4,2.2064161613144506e-4,1.891188913238029e-4,2.5581093098603347e-4
Overall,75,88,ReRZV_2d,2024,1,dQ_All_d,0.007537265338379001,0.007528480665087933,0.006471524329391398,0.008714134032840404
Overall,75,88,ReRZV_2d,2024,1,dC_Hosp,-14.677517862988447,-14.637726063840105,-17.66995684646499,-12.113918710202379
Overall,75,88,ReRZV_2d,2024,1,dC_GP_NonPHN,-6.195031773015418,-6.186777229579844,-6.6970512564344284,-5.715087230673425
Overall,75,88,ReRZV_2d,2024,1,dC_GP_PHN,-2.599351313854601,-2.5926334954675574,-2.977146967735999,-2.24897499835251
Overall,75,88,ReRZV_2d,2024,1,dC_GP,-8.794383086870019,-8.781833862944907,-9.56409959513347,-8.037040121879453
Overall,75,88,ReRZV_2d,2024,1,dC_Med,-23.471900949858465,-23.443526152786283,-26.659996931077558,-20.65992804697308
Overall,75,88,ReRZV_2d,2024,1,dC_VacZVL,110,110,110,110
Overall,75,88,ReRZV_2d,2024,1,dC_VacRZV,90.66684681696358,90.66686026604123,90.66600866007889,90.6676375636109
Overall,75,88,ReRZV_2d,2024,1,dC_Vac,200.66684681696358,200.66686026604123,200.66600866007892,200.66763756361087
Overall,75,88,ReRZV_2d,2024,1,dC_All,177.1949458671051,177.22331187586997,174.00741371911565,180.00712384813295
Overall,75,88,ReRZV_2d,2024,1,dC_Hosp_d,-12.21529631801115,-12.173839570061611,-14.663374505971008,-10.124733352294498
Overall,75,88,ReRZV_2d,2024,1,dC_GP_NonPHN_d,-5.509522517403071,-5.499376251721516,-5.9568322882747085,-5.083579840591878
Overall,75,88,ReRZV_2d,2024,1,dC_GP_PHN_d,-2.305492468088173,-2.297228632463928,-2.636668571543742,-2.0051806411306416
Overall,75,88,ReRZV_2d,2024,1,dC_GP_d,-7.815014985491245,-7.8039784952948,-8.509360598873398,-7.15901155235536
Overall,75,88,ReRZV_2d,2024,1,dC_Med_d,-20.030311303502394,-20.004676607943672,-22.71859223776806,-17.673170406523102
Overall,75,88,ReRZV_2d,2024,1,dC_VacZVL_d,110,110,110,110
Overall,75,88,ReRZV_2d,2024,1,dC_VacRZV_d,74.71193129125614,74.71194237365947,74.71124062733897,74.71258288785684
Overall,75,88,ReRZV_2d,2024,1,dC_Vac_d,184.71193129125615,184.7119423736595,184.71124062733895,184.71258288785685
Overall,75,88,ReRZV_2d,2024,1,dC_All_d,164.68161998775375,164.70724200094332,161.99367468545566,167.03875111181242
Overall,75,88,ReRZV_2d,2024,1,dN_VacZVL,1,1,1,1
Overall,75,88,ReRZV_2d,2024,1,dN_VacRZV,1.0666687860819246,1.0666689443063673,1.066658925412693,1.0666780889836576
Overall,75,88,ReRZV_2d,2024,1,dN_VacZVL_d,1,1,1,1
Overall,75,88,ReRZV_2d,2024,1,dN_VacRZV_d,0.8789638975441899,0.8789640279254055,0.8789557720863408,0.8789715633865511
Overall,75,88,ReRZV_2d,2024,1,ICER,21983.64892778167,21855.664051975305,18812.170897170567,25540.845394034503
Overall,75,88,ReRZV_2d,2024,1,Price0,85,85,84.99999999999999,85.00000000000001
Overall,75,88,ReRZV_2d,2024,1,Thres20,194.2919462771447,194.25660831205403,169.31609812360506,221.96642987924812
Overall,75,88,ReRZV_2d,2024,1,Thres30,280.04364615047365,279.9576618418015,242.78441939843887,321.27434605298697
Overall,75,88,ReRZV_2d,2024,1,Thres20_50,NA,194.25660831205403,NA,NA
Overall,75,88,ReRZV_2d,2024,1,Thres30_90,NA,254.1042620246663,NA,NA
Overall,75,88,ReRZV_2d,2024,1,Thres,NA,194.25660831205403,NA,NA
Overall,75,89,ReRZV_1d,2024,1,N0,1,1,1,1
Overall,75,89,ReRZV_1d,2024,1,dYear_Life,3.6733474714059253e-4,3.666548948162429e-4,3.0957118050896066e-4,4.298470832163392e-4
Overall,75,89,ReRZV_1d,2024,1,dYear_Immunised,5.7529875912954065,5.752928829371055,5.273267098809011,6.221532425060922
Overall,75,89,ReRZV_1d,2024,1,dRisk_HZ,-0.05258169969509515,-0.052520734885021236,-0.05723238054963489,-0.04796808471117959
Overall,75,89,ReRZV_1d,2024,1,dRisk_Hosp,-0.0029889221347847343,-0.0029782133810009014,-0.0035758968717633645,-0.0024764689331340825
Overall,75,89,ReRZV_1d,2024,1,dRisk_PHN,-0.004467618198177021,-0.004464990911741124,-0.005086470417161164,-0.003885267215837022
Overall,75,89,ReRZV_1d,2024,1,dRisk_Death,-6.989114412364618e-5,-6.966374008261573e-5,-8.326966809798804e-5,-5.732899015036459e-5
Overall,75,89,ReRZV_1d,2024,1,dQ_Life,2.4824274271700197e-4,2.475767343907975e-4,2.0965267648063166e-4,2.904157697751763e-4
Overall,75,89,ReRZV_1d,2024,1,dQ_HZ,0.0077035387109839586,0.007696562088653074,0.006495912119232903,0.009001645887309371
Overall,75,89,ReRZV_1d,2024,1,dQ_HZ_Norm,0.002379538212658487,0.002372999420085272,0.00202136111639417,0.002778716242117003
Overall,75,89,ReRZV_1d,2024,1,dQ_All,0.007945070580879766,0.007941804853164314,0.006718569132017738,0.009246715291006112
Overall,75,89,ReRZV_1d,2024,1,dQ_HZ_d,0.006812973731699003,0.006801908761925044,0.0057792662304998734,0.007922818114673475
Overall,75,89,ReRZV_1d,2024,1,dQ_HZ_Norm_d,0.0021248987716701194,0.0021208979383448108,0.0018127962395228586,0.002473257228556004
Overall,75,89,ReRZV_1d,2024,1,dQ_Life_d,1.9634509994216121e-4,1.957356113040376e-4,1.6619443950656177e-4,2.2931798442162865e-4
Overall,75,89,ReRZV_1d,2024,1,dQ_All_d,0.007009318831641142,0.007005003504283458,0.005959052573765255,0.008127736527977401
Overall,75,89,ReRZV_1d,2024,1,dC_Hosp,-13.218739942817347,-13.180959710828656,-16.067925335304928,-10.717116501526517
Overall,75,89,ReRZV_1d,2024,1,dC_GP_NonPHN,-5.7736674887505615,-5.765995372563145,-6.297939036961431,-5.254757585043953
Overall,75,89,ReRZV_1d,2024,1,dC_GP_PHN,-2.4113649135142596,-2.40417740295834,-2.772210046579213,-2.0644740410067604
Overall,75,89,ReRZV_1d,2024,1,dC_GP,-8.18503240226482,-8.171130788029721,-8.996483004208846,-7.401555142737912
Overall,75,89,ReRZV_1d,2024,1,dC_Med,-21.403772345082167,-21.353333055379085,-24.497340683371636,-18.557602691710414
Overall,75,89,ReRZV_1d,2024,1,dC_VacZVL,110,110,110,110
Overall,75,89,ReRZV_1d,2024,1,dC_VacRZV,40.745487259494034,40.74549233371961,40.74499010412392,40.745951961078156
Overall,75,89,ReRZV_1d,2024,1,dC_Vac,150.74548725949404,150.7454923337196,150.74499010412393,150.74595196107816
Overall,75,89,ReRZV_1d,2024,1,dC_All,129.34171491441185,129.39220539371735,126.24823300983206,132.18776068861868
Overall,75,89,ReRZV_1d,2024,1,dC_Hosp_d,-11.019598768425901,-10.980933401914786,-13.392047420847396,-8.969444068590237
Overall,75,89,ReRZV_1d,2024,1,dC_GP_NonPHN_d,-5.163614416710618,-5.157569074388784,-5.62102384297717,-4.719330479749197
Overall,75,89,ReRZV_1d,2024,1,dC_GP_PHN_d,-2.1511113028599373,-2.1458263615212854,-2.475757460635291,-1.8503527881611335
Overall,75,89,ReRZV_1d,2024,1,dC_GP_d,-7.314725719570555,-7.2996006296732,-8.027222026186271,-6.6268117531362964
Overall,75,89,ReRZV_1d,2024,1,dC_Med_d,-18.334324487996454,-18.281652674627686,-20.916954621616068,-15.944093204747059
Overall,75,89,ReRZV_1d,2024,1,dC_VacZVL_d,110,110,110,110
Overall,75,89,ReRZV_1d,2024,1,dC_VacRZV_d,33.0791943923317,33.079198511838065,33.07879077710368,33.07957165997701
Overall,75,89,ReRZV_1d,2024,1,dC_Vac_d,143.07919439233171,143.07919851183806,143.07879077710368,143.07957165997703
Overall,75,89,ReRZV_1d,2024,1,dC_All_d,124.74486990433525,124.7977674250496,122.16257303038343,127.13502849915201
Overall,75,89,ReRZV_1d,2024,1,dN_VacZVL,1,1,1,1
Overall,75,89,ReRZV_1d,2024,1,dN_VacRZV,0.47935867364110624,0.4793587333378777,0.4793528247543991,0.4793641407185664
Overall,75,89,ReRZV_1d,2024,1,dN_VacZVL_d,1,1,1,1
Overall,75,89,ReRZV_1d,2024,1,dN_VacRZV_d,0.3891669928509612,0.389167041315742,0.3891622444365139,0.38917143129384724
Overall,75,89,ReRZV_1d,2024,1,ICER,17917.353120377207,17815.93635732714,15251.273716527201,21133.125985827763
Overall,75,89,ReRZV_1d,2024,1,Price0,85,85,84.99999999999999,85.00000000000001
Overall,75,89,ReRZV_1d,2024,1,Thres20,407.33332507144416,406.95175924432243,350.38991129604307,466.5489769481263
Overall,75,89,ReRZV_1d,2024,1,Thres30,587.4441327621804,586.986368904566,503.3571791501003,675.5193967711032
Overall,75,89,ReRZV_1d,2024,1,Thres20_50,NA,406.95175924432243,NA,NA
Overall,75,89,ReRZV_1d,2024,1,Thres30_90,NA,530.8829468265856,NA,NA
Overall,75,89,ReRZV_1d,2024,1,Thres,NA,406.95175924432243,NA,NA
Overall,75,89,ReRZV_2d,2024,1,N0,1,1,1,1
Overall,75,89,ReRZV_2d,2024,1,dYear_Life,3.745603360379155e-4,3.735784754619331e-4,3.1807526457789943e-4,4.3617842067535936e-4
Overall,75,89,ReRZV_2d,2024,1,dYear_Immunised,5.824457862765965,5.81540652609592,5.390450035209002,6.266932483682701
Overall,75,89,ReRZV_2d,2024,1,dRisk_HZ,-0.053233006820458506,-0.05314166903251474,-0.057739634349439246,-0.04895573869648975
Overall,75,89,ReRZV_2d,2024,1,dRisk_Hosp,-0.0030542797579281695,-0.0030364466608322274,-0.0036387298099997767,-0.002559812498797563
Overall,75,89,ReRZV_2d,2024,1,dRisk_PHN,-0.00452287230809418,-0.004515962857209619,-0.005152356887754303,-0.003952351303442735
Overall,75,89,ReRZV_2d,2024,1,dRisk_Death,-7.177075182880765e-5,-7.15862675662394e-5,-8.477014434970526e-5,-6.0261946617770306e-5
Overall,75,89,ReRZV_2d,2024,1,dQ_Life,2.529465903863439e-4,2.521774166641677e-4,2.149194337051963e-4,2.945041732226539e-4
Overall,75,89,ReRZV_2d,2024,1,dQ_HZ,0.007807591136352408,0.007802173219199107,0.006643128280978625,0.009068398926013552
Overall,75,89,ReRZV_2d,2024,1,dQ_HZ_Norm,0.002408064749125037,0.0024023017335940864,0.0020506950399927924,0.0028064868661805886
Overall,75,89,ReRZV_2d,2024,1,dQ_All,0.00805359406316029,0.008046291008202644,0.006876333759255582,0.009342557678294526
Overall,75,89,ReRZV_2d,2024,1,dQ_HZ_d,0.006893892135000059,0.006885322121513599,0.005889875199471016,0.008000654663273637
Overall,75,89,ReRZV_2d,2024,1,dQ_HZ_Norm_d,0.0021471043321785277,0.0021423605739988947,0.0018314551000614546,0.0024957957535034735
Overall,75,89,ReRZV_2d,2024,1,dQ_Life_d,1.9984333731874315e-4,1.991366796714189e-4,1.7032348320040745e-4,2.3172176692214382e-4
Overall,75,89,ReRZV_2d,2024,1,dQ_All_d,0.007093735472318797,0.0070859906527589445,0.006083176064493845,0.00820645108348752
Overall,75,89,ReRZV_2d,2024,1,dC_Hosp,-13.523958119742638,-13.482342874382296,-16.298079455563688,-11.090308918678005
Overall,75,89,ReRZV_2d,2024,1,dC_GP_NonPHN,-5.841435233420529,-5.829228633067631,-6.354010395107015,-5.358536112278913
Overall,75,89,ReRZV_2d,2024,1,dC_GP_PHN,-2.4396661259497194,-2.43367264072377,-2.805816387346172,-2.102347362741826
Overall,75,89,ReRZV_2d,2024,1,dC_GP,-8.281101359370249,-8.267415927323905,-9.062991211396698,-7.549360342453697
Overall,75,89,ReRZV_2d,2024,1,dC_Med,-21.805059479112884,-21.73048535712451,-24.875883440876372,-19.043142039847634
Overall,75,89,ReRZV_2d,2024,1,dC_VacZVL,110,110,110,110
Overall,75,89,ReRZV_2d,2024,1,dC_VacRZV,81.49097451898807,81.49098466743922,81.48998020824784,81.49190392215631
Overall,75,89,ReRZV_2d,2024,1,dC_Vac,191.49097451898805,191.4909846674392,191.48998020824783,191.4919039221563
Overall,75,89,ReRZV_2d,2024,1,dC_All,169.68591503987517,169.7603682572789,166.61519917027323,172.44751342351395
Overall,75,89,ReRZV_2d,2024,1,dC_Hosp_d,-11.256127377067255,-11.22133257373003,-13.594304054771039,-9.276128127533624
Overall,75,89,ReRZV_2d,2024,1,dC_GP_NonPHN_d,-5.216384918758398,-5.203251255834777,-5.668732141228261,-4.791077760051706
Overall,75,89,ReRZV_2d,2024,1,dC_GP_PHN_d,-2.1731879875337095,-2.1660361531552272,-2.498100133727413,-1.8766725790161327
Overall,75,89,ReRZV_2d,2024,1,dC_GP_d,-7.389572906292107,-7.375376298074976,-8.083790620341592,-6.737406393368456
Overall,75,89,ReRZV_2d,2024,1,dC_Med_d,-18.64570028335936,-18.58903118582067,-21.217371931191597,-16.34525851380524
Overall,75,89,ReRZV_2d,2024,1,dC_VacZVL_d,110,110,110,110
Overall,75,89,ReRZV_2d,2024,1,dC_VacRZV_d,66.1583887846634,66.15839702367613,66.15758155420735,66.15914331995403
Overall,75,89,ReRZV_2d,2024,1,dC_Vac_d,176.1583887846634,176.15839702367614,176.15758155420735,176.15914331995404
Overall,75,89,ReRZV_2d,2024,1,dC_All_d,157.51268850130404,157.56928622187309,154.94067497537924,159.8128259310768
Overall,75,89,ReRZV_2d,2024,1,dN_VacZVL,1,1,1,1
Overall,75,89,ReRZV_2d,2024,1,dN_VacRZV,0.9587173472822125,0.9587174666757554,0.9587056495087982,0.9587282814371328
Overall,75,89,ReRZV_2d,2024,1,dN_VacZVL_d,1,1,1,1
Overall,75,89,ReRZV_2d,2024,1,dN_VacRZV_d,0.7783339857019224,0.778334082631484,0.7783244888730279,0.7783428625876945
Overall,75,89,ReRZV_2d,2024,1,ICER,22346.560683115767,22216.357707790325,19059.57757779957,26109.218971558534
Overall,75,89,ReRZV_2d,2024,1,Price0,85,85,84.99999999999999,85.00000000000001
Overall,75,89,ReRZV_2d,2024,1,Thres20,206.23587889582654,206.08203691826867,178.66462601916854,236.37589775251436
Overall,75,89,ReRZV_2d,2024,1,Thres30,297.37586383763266,297.25954192739727,256.6543228976713,341.81019253034583
Overall,75,89,ReRZV_2d,2024,1,Thres20_50,NA,206.08203691826867,NA,NA
Overall,75,89,ReRZV_2d,2024,1,Thres30_90,NA,269.42094464765216,NA,NA
Overall,75,89,ReRZV_2d,2024,1,Thres,NA,206.08203691826867,NA,NA
Overall,75,90,ReRZV_1d,2024,1,N0,1,1,1,1
Overall,75,90,ReRZV_1d,2024,1,dYear_Life,3.2710374644120765e-4,3.254310674600802e-4,2.7441374657528607e-4,3.849311481494587e-4
Overall,75,90,ReRZV_1d,2024,1,dYear_Immunised,5.44946880725386,5.443675687692546,4.981514219841926,5.920531530996975
Overall,75,90,ReRZV_1d,2024,1,dRisk_HZ,-0.049715838106694596,-0.0496408862347993,-0.054477681030260024,-0.04515607788580065
Overall,75,90,ReRZV_1d,2024,1,dRisk_Hosp,-0.002739969471361032,-0.002723862340573714,-0.003298254190562986,-0.0022719975719548216
Overall,75,90,ReRZV_1d,2024,1,dRisk_PHN,-0.004209375745267952,-0.004202944805496886,-0.004818986100127539,-0.003639547004777746
Overall,75,90,ReRZV_1d,2024,1,dRisk_Death,-6.190036435392983e-5,-6.181608186930365e-5,-7.390912025115228e-5,-5.0975009886249025e-5
Overall,75,90,ReRZV_1d,2024,1,dQ_Life,2.2124661807362765e-4,2.202192830678129e-4,1.8602382806678366e-4,2.60225835015504e-4
Overall,75,90,ReRZV_1d,2024,1,dQ_HZ,0.007256940179241802,0.007246743832932918,0.0061250132258409695,0.00850850459761101
Overall,75,90,ReRZV_1d,2024,1,dQ_HZ_Norm,0.002252772312585266,0.002247022518535727,0.0019134577950351732,0.002637567260087993
Overall,75,90,ReRZV_1d,2024,1,dQ_All,0.0074718710117483034,0.007465924779268107,0.006323357820711672,0.008722419850116923
Overall,75,90,ReRZV_1d,2024,1,dQ_HZ_d,0.0064483788167259025,0.006440851372401698,0.0054764893116099915,0.00752851229768808
Overall,75,90,ReRZV_1d,2024,1,dQ_HZ_Norm_d,0.0020214412109500752,0.0020157121738652146,0.0017189985353181746,0.0023600879044451658
Overall,75,90,ReRZV_1d,2024,1,dQ_Life_d,1.7572000233507889e-4,1.748179834883956e-4,1.483171110708614e-4,2.059905925387184e-4
Overall,75,90,ReRZV_1d,2024,1,dQ_All_d,0.006624098819060937,0.0066180616105082635,0.005644829416429031,0.00770444404239865
Overall,75,90,ReRZV_1d,2024,1,dC_Hosp,-12.088957201715138,-12.033740240478263,-14.637488211882939,-9.796703578904983
Overall,75,90,ReRZV_1d,2024,1,dC_GP_NonPHN,-5.469503828396528,-5.464512725772966,-5.995835858244618,-4.957082841398057
Overall,75,90,ReRZV_1d,2024,1,dC_GP_PHN,-2.2758990854400327,-2.271056652808568,-2.6389484094810527,-1.940707634456065
Overall,75,90,ReRZV_1d,2024,1,dC_GP,-7.7454029138365605,-7.729336937719107,-8.56619689913087,-6.9700618258791405
Overall,75,90,ReRZV_1d,2024,1,dC_Med,-19.8343601155517,-19.77589322540416,-22.74795185194198,-17.133270015989424
Overall,75,90,ReRZV_1d,2024,1,dC_VacZVL,110,110,110,110
Overall,75,90,ReRZV_1d,2024,1,dC_VacRZV,36.12547336139947,36.12547876092813,36.1248869554566,36.12600723296194
Overall,75,90,ReRZV_1d,2024,1,dC_Vac,146.12547336139946,146.1254787609281,146.12488695545662,146.1260072329619
Overall,75,90,ReRZV_1d,2024,1,dC_All,126.29111324584777,126.34955850847021,123.37798461090522,128.9924863650756
Overall,75,90,ReRZV_1d,2024,1,dC_Hosp_d,-10.095980980285855,-10.054233334358074,-12.190648485584466,-8.213174835554526
Overall,75,90,ReRZV_1d,2024,1,dC_GP_NonPHN_d,-4.915402747106634,-4.909171724140794,-5.375556003109243,-4.464968406054217
Overall,75,90,ReRZV_1d,2024,1,dC_GP_PHN_d,-2.0406186781682054,-2.036364000376794,-2.3578210009485114,-1.7480728500052332
Overall,75,90,ReRZV_1d,2024,1,dC_GP_d,-6.956021425274839,-6.938438395008656,-7.677787279150868,-6.270392707570516
Overall,75,90,ReRZV_1d,2024,1,dC_Med_d,-17.052002405560692,-16.991656800040296,-19.507118702939213,-14.790102756051203
Overall,75,90,ReRZV_1d,2024,1,dC_VacZVL_d,110,110,110,110
Overall,75,90,ReRZV_1d,2024,1,dC_VacRZV_d,28.895014233694678,28.8950185525158,28.894545196018786,28.895441251667346
Overall,75,90,ReRZV_1d,2024,1,dC_Vac_d,138.89501423369467,138.8950185525158,138.89454519601878,138.89544125166734
Overall,75,90,ReRZV_1d,2024,1,dC_All_d,121.84301182813398,121.90309526578763,119.38793277534941,124.1047783072287
Overall,75,90,ReRZV_1d,2024,1,dN_VacZVL,1,1,1,1
Overall,75,90,ReRZV_1d,2024,1,dN_VacRZV,0.4250055689576408,0.42500563248150736,0.42499867006419534,0.42501184979955225
Overall,75,90,ReRZV_1d,2024,1,dN_VacZVL_d,1,1,1,1
Overall,75,90,ReRZV_1d,2024,1,dN_VacRZV_d,0.3399413439258197,0.33994139473548,0.3399358258355151,0.3399463676666747
Overall,75,90,ReRZV_1d,2024,1,ICER,18522.69806745216,18388.97942838064,15698.720092888192,21892.35397392505
Overall,75,90,ReRZV_1d,2024,1,Price0,85,85,84.99999999999999,85.00000000000001
Overall,75,90,ReRZV_1d,2024,1,Thres20,439.8816434833671,439.8870835552149,377.2902640045696,506.8522285724675
Overall,75,90,ReRZV_1d,2024,1,Thres30,634.7416684272739,634.8879379076661,542.9769555835443,733.3261302268268
Overall,75,90,ReRZV_1d,2024,1,Thres20_50,NA,439.8870835552149,NA,NA
Overall,75,90,ReRZV_1d,2024,1,Thres30_90,NA,572.1618460625932,NA,NA
Overall,75,90,ReRZV_1d,2024,1,Thres,NA,439.8870835552149,NA,NA
Overall,75,90,ReRZV_2d,2024,1,N0,1,1,1,1
Overall,75,90,ReRZV_2d,2024,1,dYear_Life,3.3258288615458563e-4,3.3129738687698307e-4,2.8137131998859924e-4,3.894350827349679e-4
Overall,75,90,ReRZV_2d,2024,1,dYear_Immunised,5.5076495597666595,5.5010205688679905,5.066770708315891,5.957351448984044
Overall,75,90,ReRZV_2d,2024,1,dRisk_HZ,-0.05024176602766528,-0.05013922420394754,-0.05478670742740317,-0.04584391836624352
Overall,75,90,ReRZV_2d,2024,1,dRisk_Hosp,-0.0027943502799151845,-0.0027745952194861657,-0.0033539570452415053,-0.0023300397045115753
Overall,75,90,ReRZV_2d,2024,1,dRisk_PHN,-0.004253394852049485,-0.004241184686741348,-0.004854225319061391,-0.003695710859098241
Overall,75,90,ReRZV_2d,2024,1,dRisk_Death,-6.343048198513176e-5,-6.320422212510246e-5,-7.528955174246503e-5,-5.31058338793918e-5
Overall,75,90,ReRZV_2d,2024,1,dQ_Life,2.247793987628306e-4,2.2398857076666445e-4,1.8998037700388435e-4,2.6299499150685964e-4
Overall,75,90,ReRZV_2d,2024,1,dQ_HZ,0.007341448317324457,0.0073326274799472785,0.006248417109851074,0.008562237554586703
Overall,75,90,ReRZV_2d,2024,1,dQ_HZ_Norm,0.002275757800647225,0.0022686007924312248,0.001932437639211845,0.0026545686605960015
Overall,75,90,ReRZV_2d,2024,1,dQ_All,0.007559697230232326,0.0075480557895577505,0.006453746392116955,0.008799511846207596
Overall,75,90,ReRZV_2d,2024,1,dQ_HZ_d,0.006513365480046437,0.006506402956992809,0.005552785105765672,0.007587030775101329
Overall,75,90,ReRZV_2d,2024,1,dQ_HZ_Norm_d,0.0020391309148037723,0.00203255534675946,0.0017374910204761948,0.0023724983182662348
Overall,75,90,ReRZV_2d,2024,1,dQ_Life_d,1.7832411263283277e-4,1.7751835172585828e-4,1.5094527049384077e-4,2.0815524893080806e-4
Overall,75,90,ReRZV_2d,2024,1,dQ_All_d,0.0066916895926792674,0.006685202169058435,0.005717129497693296,0.007773805768037342
Overall,75,90,ReRZV_2d,2024,1,dC_Hosp,-12.344312188015794,-12.286266554013316,-14.877870233515402,-10.100549899530247
Overall,75,90,ReRZV_2d,2024,1,dC_GP_NonPHN,-5.523970027436927,-5.510573258582964,-6.0444801901539735,-5.043927506528019
Overall,75,90,ReRZV_2d,2024,1,dC_GP_PHN,-2.2983148952174557,-2.2932588805652028,-2.656287200337121,-1.9674732617531314
Overall,75,90,ReRZV_2d,2024,1,dC_GP,-7.822284922654383,-7.80509182056344,-8.619891804649807,-7.089678511805368
Overall,75,90,ReRZV_2d,2024,1,dC_Med,-20.166597110670175,-20.08034957120221,-23.02456319599659,-17.533896099804704
Overall,75,90,ReRZV_2d,2024,1,dC_VacZVL,110,110,110,110
Overall,75,90,ReRZV_2d,2024,1,dC_VacRZV,72.25094672279894,72.25095752185626,72.2497739109132,72.25201446592388
Overall,75,90,ReRZV_2d,2024,1,dC_Vac,182.25094672279894,182.25095752185626,182.2497739109132,182.25201446592388
Overall,75,90,ReRZV_2d,2024,1,dC_All,162.08434961212876,162.17100706217383,159.22703717601323,164.71628953374034
Overall,75,90,ReRZV_2d,2024,1,dC_Hosp_d,-10.29182349773381,-10.23300570714306,-12.396949900127238,-8.46491691541421
Overall,75,90,ReRZV_2d,2024,1,dC_GP_NonPHN_d,-4.957333517179511,-4.94427727654423,-5.424685119553235,-4.530657872690221
Overall,75,90,ReRZV_2d,2024,1,dC_GP_PHN_d,-2.0579008944054507,-2.0526088552957296,-2.3830926955046756,-1.769445705310939
Overall,75,90,ReRZV_2d,2024,1,dC_GP_d,-7.015234411584961,-7.000435537214464,-7.727947256148796,-6.366134333292203
Overall,75,90,ReRZV_2d,2024,1,dC_Med_d,-17.30705790931877,-17.224314207131066,-19.714723966850922,-15.09309112791742
Overall,75,90,ReRZV_2d,2024,1,dC_VacZVL_d,110,110,110,110
Overall,75,90,ReRZV_2d,2024,1,dC_VacRZV_d,57.790028467389355,57.7900371050316,57.78909039203757,57.79088250333469
Overall,75,90,ReRZV_2d,2024,1,dC_Vac_d,167.79002846738936,167.79003710503162,167.78909039203756,167.79088250333467
Overall,75,90,ReRZV_2d,2024,1,dC_All_d,150.48297055807058,150.56581960433704,148.076037800206,152.6958726750011
Overall,75,90,ReRZV_2d,2024,1,dN_VacZVL,1,1,1,1
Overall,75,90,ReRZV_2d,2024,1,dN_VacRZV,0.8500111379152816,0.8500112649630147,0.8499973401283907,0.8500236995991045
Overall,75,90,ReRZV_2d,2024,1,dN_VacZVL_d,1,1,1,1
Overall,75,90,ReRZV_2d,2024,1,dN_VacRZV_d,0.6798826878516394,0.67988278947096,0.6798716516710303,0.6798927353333494
Overall,75,90,ReRZV_2d,2024,1,ICER,22639.002297832023,22503.4653413209,19240.034624498978,26476.674885438584
Overall,75,90,ReRZV_2d,2024,1,Price0,85,85,84.99999999999999,85.00000000000001
Overall,75,90,ReRZV_2d,2024,1,Thres20,222.304274691074,222.21297987554578,192.24865742113408,255.46380440747367
Overall,75,90,ReRZV_2d,2024,1,Thres30,320.7284405006452,320.40836221774055,276.46734147140796,369.88968992053617
Overall,75,90,ReRZV_2d,2024,1,Thres20_50,NA,222.21297987554578,NA,NA
Overall,75,90,ReRZV_2d,2024,1,Thres30_90,NA,289.9614109916093,NA,NA
Overall,75,90,ReRZV_2d,2024,1,Thres,NA,222.21297987554578,NA,NA
Overall,75,91,ReRZV_1d,2024,1,N0,1,1,1,1
Overall,75,91,ReRZV_1d,2024,1,dYear_Life,2.937985120491353e-4,2.922291767299967e-4,2.45346775349109e-4,3.486997254523949e-4
Overall,75,91,ReRZV_1d,2024,1,dYear_Immunised,5.17745018099521,5.1753982188297964,4.709864920671083,5.659251811296393
Overall,75,91,ReRZV_1d,2024,1,dRisk_HZ,-0.04717579681775825,-0.04708909130212556,-0.0519005739890972,-0.04256440993702523
Overall,75,91,ReRZV_1d,2024,1,dRisk_Hosp,-0.0025091746928422574,-0.0025012343547574723,-0.0030329296890128166,-0.002077998267447514
Overall,75,91,ReRZV_1d,2024,1,dRisk_PHN,-0.0039868085175693065,-0.00397684156585833,-0.004589496190274005,-0.003435114050416358
Overall,75,91,ReRZV_1d,2024,1,dRisk_Death,-5.47388292501537e-5,-5.4624953073597965e-5,-6.549695285822898e-5,-4.5061017202078806e-5
Overall,75,91,ReRZV_1d,2024,1,dQ_Life,1.990704582595786e-4,1.9803567376985853e-4,1.6644875448288408e-4,2.3595373590943323e-4
Overall,75,91,ReRZV_1d,2024,1,dQ_HZ,0.006856342143049661,0.006847832460354551,0.005805319873823255,0.008046320763201128
Overall,75,91,ReRZV_1d,2024,1,dQ_HZ_Norm,0.0021404940407387225,0.0021343704276255023,0.0018134426015829698,0.002515265523052269
Overall,75,91,ReRZV_1d,2024,1,dQ_All,0.007049518835340565,0.007036330775111566,0.005975614911773164,0.008257128833802606
Overall,75,91,ReRZV_1d,2024,1,dQ_HZ_d,0.0061264716008118105,0.006116415484916804,0.00518589666470653,0.007168582295581634
Overall,75,91,ReRZV_1d,2024,1,dQ_HZ_Norm_d,0.0019312384769452167,0.0019256657023519143,0.001640721651336693,0.002261212172555639
Overall,75,91,ReRZV_1d,2024,1,dQ_Life_d,1.5897258815562764e-4,1.580868064943175e-4,1.333635021509405e-4,1.878454905779758e-4
Overall,75,91,ReRZV_1d,2024,1,dQ_All_d,0.0062854441889673976,0.006278445303910196,0.005334947132834467,0.007344555841406341
Overall,75,91,ReRZV_1d,2024,1,dC_Hosp,-11.027974226496848,-10.993650543596093,-13.371441012233866,-8.976254796323087
Overall,75,91,ReRZV_1d,2024,1,dC_GP_NonPHN,-5.200314101582804,-5.188229193517607,-5.73612192488511,-4.691179099009037
Overall,75,91,ReRZV_1d,2024,1,dC_GP_PHN,-2.1596016124210005,-2.1550022290618167,-2.516685769223724,-1.8389604889984619
Overall,75,91,ReRZV_1d,2024,1,dC_GP,-7.3599157140038045,-7.343234879804954,-8.19087137064284,-6.598689608837158
Overall,75,91,ReRZV_1d,2024,1,dC_Med,-18.387889940500653,-18.32155068687799,-21.097840722909815,-15.801689191372557
Overall,75,91,ReRZV_1d,2024,1,dC_VacZVL,110,110,110,110
Overall,75,91,ReRZV_1d,2024,1,dC_VacRZV,31.54710394608823,31.54711234543685,31.54641899965848,31.54771025684239
Overall,75,91,ReRZV_1d,2024,1,dC_Vac,141.54710394608824,141.54711234543686,141.5464189996585,141.5477102568424
Overall,75,91,ReRZV_1d,2024,1,dC_All,123.15921400558759,123.22542506760095,120.4496160997833,125.74532535728613
Overall,75,91,ReRZV_1d,2024,1,dC_Hosp_d,-9.24255920570465,-9.214810308923619,-11.161869826419434,-7.528389247437233
Overall,75,91,ReRZV_1d,2024,1,dC_GP_NonPHN_d,-4.699159857371383,-4.6898139765559,-5.168012008026352,-4.251225749017619
Overall,75,91,ReRZV_1d,2024,1,dC_GP_PHN_d,-1.9472265769725456,-1.9417620052169937,-2.2653339654931264,-1.6635563362161319
Overall,75,91,ReRZV_1d,2024,1,dC_GP_d,-6.6463864343439285,-6.6282954616869185,-7.380547239273518,-5.968735538829675
Overall,75,91,ReRZV_1d,2024,1,dC_Med_d,-15.888945640048577,-15.845986796041148,-18.22014397663552,-13.689345352037202
Overall,75,91,ReRZV_1d,2024,1,dC_VacZVL_d,110,110,110,110
Overall,75,91,ReRZV_1d,2024,1,dC_VacRZV_d,24.860097110172347,24.860103729119768,24.859557351125428,24.860574901866094
Overall,75,91,ReRZV_1d,2024,1,dC_Vac_d,134.86009711017235,134.86010372911977,134.85955735112543,134.86057490186607
Overall,75,91,ReRZV_1d,2024,1,dC_All_d,118.97115147012377,119.01377455114294,116.6403698390056,121.17086810935855
Overall,75,91,ReRZV_1d,2024,1,dN_VacZVL,1,1,1,1
Overall,75,91,ReRZV_1d,2024,1,dN_VacRZV,0.3711423993657439,0.37114249818161,0.37113434117245275,0.37114953243343984
Overall,75,91,ReRZV_1d,2024,1,dN_VacZVL_d,1,1,1,1
Overall,75,91,ReRZV_1d,2024,1,dN_VacRZV_d,0.29247173070790994,0.2924718085778796,0.29246538060147564,0.2924773517866599
Overall,75,91,ReRZV_1d,2024,1,ICER,19065.487520765004,18944.26742214262,16049.561470290271,22534.05972339546
Overall,75,91,ReRZV_1d,2024,1,Price0,85,85,84.99999999999999,85.00000000000001
Overall,75,91,ReRZV_1d,2024,1,Thres20,484.1418365458026,483.7467107634641,414.53291627122167,559.8488795708786
Overall,75,91,ReRZV_1d,2024,1,Thres30,699.0495450785471,698.3889377598241,598.126015298893,810.9354983345195
Overall,75,91,ReRZV_1d,2024,1,Thres20_50,NA,483.7467107634641,NA,NA
Overall,75,91,ReRZV_1d,2024,1,Thres30_90,NA,628.4052402288523,NA,NA
Overall,75,91,ReRZV_1d,2024,1,Thres,NA,483.7467107634641,NA,NA
Overall,75,91,ReRZV_2d,2024,1,N0,1,1,1,1
Overall,75,91,ReRZV_2d,2024,1,dYear_Life,2.978579842742679e-4,2.965359128532796e-4,2.4975117763057495e-4,3.5222599694471055e-4
Overall,75,91,ReRZV_2d,2024,1,dYear_Immunised,5.223949126500218,5.214873716496876,4.780488626389286,5.6960317019541264
Overall,75,91,ReRZV_2d,2024,1,dRisk_HZ,-0.047592770299845336,-0.04748103659055311,-0.052285537804756414,-0.04312621840111345
Overall,75,91,ReRZV_2d,2024,1,dRisk_Hosp,-0.0025536598121110986,-0.0025407677374936497,-0.0030727934863469704,-0.0021320516518641844
Overall,75,91,ReRZV_2d,2024,1,dRisk_PHN,-0.004021294255072888,-0.004010905187330099,-0.004621103679683937,-0.0034783571901562107
Overall,75,91,ReRZV_2d,2024,1,dRisk_Death,-5.596173293584874e-5,-5.565292389504629e-5,-6.652103856523592e-5,-4.670495290855986e-5
Overall,75,91,ReRZV_2d,2024,1,dQ_Life,2.0165859845730605e-4,2.0075908094785433e-4,1.6899247398667326e-4,2.3817915016857146e-4
Overall,75,91,ReRZV_2d,2024,1,dQ_HZ,0.006923662648757807,0.0069115899981543796,0.005861427337430461,0.008117376043074932
Overall,75,91,ReRZV_2d,2024,1,dQ_HZ_Norm,0.0021586678550869548,0.0021529314033797205,0.0018354043880061711,0.00252820282627657
Overall,75,91,ReRZV_2d,2024,1,dQ_All,0.007119231568705115,0.00711204370287799,0.006039584707975187,0.008328716830893956
Overall,75,91,ReRZV_2d,2024,1,dQ_HZ_d,0.0061776631829241835,0.00617169053553973,0.00523978943200159,0.007225185887341141
Overall,75,91,ReRZV_2d,2024,1,dQ_HZ_Norm_d,0.0019450668799778396,0.0019392665208384607,0.0016576193670584662,0.002271016967984484
Overall,75,91,ReRZV_2d,2024,1,dQ_Life_d,1.608636670831025e-4,1.5998719742693623e-4,1.351817072588357e-4,1.8958676352642811e-4
Overall,75,91,ReRZV_2d,2024,1,dQ_All_d,0.006338526850007259,0.006330905717739199,0.005388265619583166,0.007401252630036881
Overall,75,91,ReRZV_2d,2024,1,dC_Hosp,-11.23780623792248,-11.207100945004434,-13.520700170924432,-9.217513711066623
Overall,75,91,ReRZV_2d,2024,1,dC_GP_NonPHN,-5.243234291347218,-5.231595217755507,-5.764029571640724,-4.749721228415158
Overall,75,91,ReRZV_2d,2024,1,dC_GP_PHN,-2.177040224290846,-2.1720456336877985,-2.5322576155926484,-1.8543533053643109
Overall,75,91,ReRZV_2d,2024,1,dC_GP,-7.420274515638064,-7.396707991559366,-8.229186733891565,-6.682343675260039
Overall,75,91,ReRZV_2d,2024,1,dC_Med,-18.658080753560544,-18.59776431807284,-21.43575614897742,-16.183295431956672
Overall,75,91,ReRZV_2d,2024,1,dC_VacZVL,110,110,110,110
Overall,75,91,ReRZV_2d,2024,1,dC_VacRZV,63.09420789217646,63.0942246908737,63.09283799931696,63.09542051368478
Overall,75,91,ReRZV_2d,2024,1,dC_Vac,173.09420789217646,173.09422469087372,173.09283799931697,173.09542051368476
Overall,75,91,ReRZV_2d,2024,1,dC_All,154.43612713861592,154.49622286365855,151.65857601384764,156.91083923357402
Overall,75,91,ReRZV_2d,2024,1,dC_Hosp_d,-9.40183713936558,-9.366841218446787,-11.351311063314082,-7.705445380961043
Overall,75,91,ReRZV_2d,2024,1,dC_GP_NonPHN_d,-4.731825752340494,-4.719721157646079,-5.197799982686227,-4.291292748468894
Overall,75,91,ReRZV_2d,2024,1,dC_GP_PHN_d,-1.9605159532395324,-1.9550576171686058,-2.278784396751364,-1.6737069557365098
Overall,75,91,ReRZV_2d,2024,1,dC_GP_d,-6.692341705580026,-6.668638790021378,-7.411920807866171,-6.0374654173635145
Overall,75,91,ReRZV_2d,2024,1,dC_Med_d,-16.094178844945606,-16.03752017940795,-18.444357390146955,-13.964907982797698
Overall,75,91,ReRZV_2d,2024,1,dC_VacZVL_d,110,110,110,110
Overall,75,91,ReRZV_2d,2024,1,dC_VacRZV_d,49.720194220344695,49.720207458239535,49.719114702250856,49.72114980373219
Overall,75,91,ReRZV_2d,2024,1,dC_Vac_d,159.7201942203447,159.72020745823954,159.71911470225086,159.7211498037322
Overall,75,91,ReRZV_2d,2024,1,dC_All_d,143.62601537539908,143.68347143666975,141.27608079332845,145.75495647214922
Overall,75,91,ReRZV_2d,2024,1,dN_VacZVL,1,1,1,1
Overall,75,91,ReRZV_2d,2024,1,dN_VacRZV,0.7422847987314878,0.74228499636322,0.7422686823449055,0.7422990648668797
Overall,75,91,ReRZV_2d,2024,1,dN_VacZVL_d,1,1,1,1
Overall,75,91,ReRZV_2d,2024,1,dN_VacRZV_d,0.5849434614158199,0.5849436171557592,0.5849307612029513,0.5849547035733198
Overall,75,91,ReRZV_2d,2024,1,ICER,22818.62868653713,22702.651361318054,19266.789776008893,26808.754142684713
Overall,75,91,ReRZV_2d,2024,1,Price0,85,85,84.99999999999999,85.00000000000001
Overall,75,91,ReRZV_2d,2024,1,Thres20,244.23674498182956,243.8507024540964,209.83160013924743,282.2359814506004
Overall,75,91,ReRZV_2d,2024,1,Thres30,352.59808269595266,352.06068385540095,302.5263593514412,408.9593711078745
Overall,75,91,ReRZV_2d,2024,1,Thres20_50,NA,243.8507024540964,NA,NA
Overall,75,91,ReRZV_2d,2024,1,Thres30_90,NA,317.9096125545923,NA,NA
Overall,75,91,ReRZV_2d,2024,1,Thres,NA,243.8507024540964,NA,NA
Overall,75,92,ReRZV_1d,2024,1,N0,1,1,1,1
Overall,75,92,ReRZV_1d,2024,1,dYear_Life,2.668068601205942e-4,2.6535225064705514e-4,2.2118493201426226e-4,3.2014260489230393e-4
Overall,75,92,ReRZV_1d,2024,1,dYear_Immunised,4.938447601295695,4.937062734250235,4.480425121373266,5.419798684516542
Overall,75,92,ReRZV_1d,2024,1,dRisk_HZ,-0.04496470393808055,-0.04484476494914943,-0.049736063391465656,-0.04034065695861219
Overall,75,92,ReRZV_1d,2024,1,dRisk_Hosp,-0.0022931863788964693,-0.002285306545602262,-0.0027672197610295567,-0.0018827633325111308
Overall,75,92,ReRZV_1d,2024,1,dRisk_PHN,-0.0037937265223621118,-0.003783836151202513,-0.004397930528934408,-0.0032566821320793565
Overall,75,92,ReRZV_1d,2024,1,dRisk_Death,-4.844646155631892e-5,-4.8227335798287645e-5,-5.8427194067962467e-5,-3.9729314834792736e-5
Overall,75,92,ReRZV_1d,2024,1,dQ_Life,1.8125169005119712e-4,1.8024089011881017e-4,1.5017853998058328e-4,2.1749322694994964e-4
Overall,75,92,ReRZV_1d,2024,1,dQ_HZ,0.006503477213797348,0.006493522775698773,0.005473832370564705,0.007670166008582287
Overall,75,92,ReRZV_1d,2024,1,dQ_HZ_Norm,0.0020427642422775325,0.0020351847273729793,0.0017278775406393016,0.00240443940544196
Overall,75,92,ReRZV_1d,2024,1,dQ_All,0.006679284977553108,0.006669845399779106,0.005630213186037158,0.007866396444518031
Overall,75,92,ReRZV_1d,2024,1,dQ_HZ_d,0.005847338796611687,0.005837967882425135,0.00493960038944371,0.006870638759759974
Overall,75,92,ReRZV_1d,2024,1,dQ_HZ_Norm_d,0.001853942136702962,0.001847946418084637,0.0015748735216232382,0.002177920781628222
Overall,75,92,ReRZV_1d,2024,1,dQ_Life_d,1.4567059329262744e-4,1.4480041748310413e-4,1.2102559717614981e-4,1.7442047029163634e-4
Overall,75,92,ReRZV_1d,2024,1,dQ_All_d,0.005993009389904296,0.005982120882930708,0.005067934970244537,0.007025260477026007
Overall,75,92,ReRZV_1d,2024,1,dC_Hosp,-10.022122108628583,-10.006274261736854,-12.189263919194072,-8.095426425572972
Overall,75,92,ReRZV_1d,2024,1,dC_GP_NonPHN,-4.967607471031627,-4.955568947886668,-5.5107344678108605,-4.468192570746631
Overall,75,92,ReRZV_1d,2024,1,dC_GP_PHN,-2.0594656724360116,-2.0548389542803163,-2.4120286987043547,-1.7448899260001345
Overall,75,92,ReRZV_1d,2024,1,dC_GP,-7.027073143467639,-6.99967304365513,-7.842629204142004,-6.262449551769716
Overall,75,92,ReRZV_1d,2024,1,dC_Med,-17.049195252096222,-17.01789378451145,-19.709267009216916,-14.572199953225425
Overall,75,92,ReRZV_1d,2024,1,dC_VacZVL,110,110,110,110
Overall,75,92,ReRZV_1d,2024,1,dC_VacRZV,27.092707678111772,27.092718962128295,27.091942360877045,27.093355850778952
Overall,75,92,ReRZV_1d,2024,1,dC_Vac,137.09270767811176,137.0927189621283,137.09194236087703,137.09335585077895
Overall,75,92,ReRZV_1d,2024,1,dC_All,120.04351242601555,120.07457888551247,117.38357741275367,122.52042845680201
Overall,75,92,ReRZV_1d,2024,1,dC_Hosp_d,-8.446440031136941,-8.439937899781386,-10.265528169321907,-6.823295037464389
Overall,75,92,ReRZV_1d,2024,1,dC_GP_NonPHN_d,-4.5151189908096585,-4.506416667330997,-4.993691076733036,-4.070322950240575
Overall,75,92,ReRZV_1d,2024,1,dC_GP_PHN_d,-1.868055701003097,-1.8630707324389,-2.1845721688562025,-1.5881498894682913
Overall,75,92,ReRZV_1d,2024,1,dC_GP_d,-6.383174691812756,-6.360135234708784,-7.1157295444601525,-5.713885660219622
Overall,75,92,ReRZV_1d,2024,1,dC_Med_d,-14.829614722949696,-14.801646440817452,-17.104732587406712,-12.706095078438517
Overall,75,92,ReRZV_1d,2024,1,dC_VacZVL_d,110,110,110,110
Overall,75,92,ReRZV_1d,2024,1,dC_VacRZV_d,21.034378905985893,21.034387666729998,21.033784724965308,21.034882137690893
Overall,75,92,ReRZV_1d,2024,1,dC_Vac_d,131.0343789059859,131.03438766673,131.0337847249653,131.0348821376909
Overall,75,92,ReRZV_1d,2024,1,dC_All_d,116.20476418303619,116.23224003812251,113.9299046433598,118.32797065443543
Overall,75,92,ReRZV_1d,2024,1,dN_VacZVL,1,1,1,1
Overall,75,92,ReRZV_1d,2024,1,dN_VacRZV,0.31873773738955025,0.31873787014268584,0.318728733657377,0.3187453629503406
Overall,75,92,ReRZV_1d,2024,1,dN_VacZVL_d,1,1,1,1
Overall,75,92,ReRZV_1d,2024,1,dN_VacRZV_d,0.24746328124689285,0.24746338431447057,0.2474562908819448,0.24746920161989286
Overall,75,92,ReRZV_1d,2024,1,ICER,19536.542921920915,19430.63821181455,16367.204035798972,23175.997341741357
Overall,75,92,ReRZV_1d,2024,1,Price0,85,85,84.99999999999999,85.00000000000001
Overall,75,92,ReRZV_1d,2024,1,Thres20,544.2818270291734,543.2901742852774,464.6360405588387,632.4119326073261
Overall,75,92,ReRZV_1d,2024,1,Thres30,786.4594869881961,785.4064078090826,668.8550278023065,916.8842668874971
Overall,75,92,ReRZV_1d,2024,1,Thres20_50,NA,543.2901742852774,NA,NA
Overall,75,92,ReRZV_1d,2024,1,Thres30_90,NA,704.4616047121216,NA,NA
Overall,75,92,ReRZV_1d,2024,1,Thres,NA,543.2901742852774,NA,NA
Overall,75,92,ReRZV_2d,2024,1,N0,1,1,1,1
Overall,75,92,ReRZV_2d,2024,1,dYear_Life,2.697337196584115e-4,2.681551441998664e-4,2.245982126241941e-4,3.225515372678788e-4
Overall,75,92,ReRZV_2d,2024,1,dYear_Immunised,4.9748513914456405,4.970621610901891,4.520664619045077,5.471347319266807
Overall,75,92,ReRZV_2d,2024,1,dRisk_HZ,-0.04528832777069243,-0.04515672070209621,-0.0501119662301056,-0.040747461475964274
Overall,75,92,ReRZV_2d,2024,1,dRisk_Hosp,-0.0023285265763997908,-0.002319957034184781,-0.002806887570301718,-0.0019267704031598989
Overall,75,92,ReRZV_2d,2024,1,dRisk_PHN,-0.0038200870455879746,-0.0038097997595683154,-0.00442836902050309,-0.0032917291011544197
Overall,75,92,ReRZV_2d,2024,1,dRisk_Death,-4.940387478086835e-5,-4.9118381325942746e-5,-5.913810147221777e-5,-4.079110664762298e-5
Overall,75,92,ReRZV_2d,2024,1,dQ_Life,1.8309260941589846e-4,1.8199018668774158e-4,1.52219044991142e-4,2.1901341034573637e-4
Overall,75,92,ReRZV_2d,2024,1,dQ_HZ,0.006555903388081482,0.00654033146822707,0.005521516709412698,0.007721860528901493
Overall,75,92,ReRZV_2d,2024,1,dQ_HZ_Norm,0.0020568156132948906,0.002049745515551136,0.0017453961618276975,0.0024205643007138384
Overall,75,92,ReRZV_2d,2024,1,dQ_All,0.0067333757072388055,0.006713806885744411,0.005684919929739252,0.007908254508111766
Overall,75,92,ReRZV_2d,2024,1,dQ_HZ_d,0.005886759238426677,0.005873486866587055,0.004970675899646294,0.0069135711063527654
Overall,75,92,ReRZV_2d,2024,1,dQ_HZ_Norm_d,0.0018645129211496494,0.0018581760696325218,0.0015885314623345045,0.0021848270722169883
Overall,75,92,ReRZV_2d,2024,1,dQ_Life_d,1.470040799284753e-4,1.460974135856219e-4,1.2242802731590174e-4,1.7556040143529295e-4
Overall,75,92,ReRZV_2d,2024,1,dQ_All_d,0.006033763318355139,0.006019577594390313,0.0051031254058255815,0.007070847221543274
Overall,75,92,ReRZV_2d,2024,1,dC_Hosp,-10.189352289030913,-10.158932025350412,-12.341547930714434,-8.290786891209848
Overall,75,92,ReRZV_2d,2024,1,dC_GP_NonPHN,-5.000705916985909,-4.985999226961139,-5.536245373723801,-4.502778574249602
Overall,75,92,ReRZV_2d,2024,1,dC_GP_PHN,-2.0726951571118732,-2.0679685316423884,-2.4233998095676905,-1.758384673514718
Overall,75,92,ReRZV_2d,2024,1,dC_GP,-7.073401074097783,-7.047690077430217,-7.893820982817626,-6.341351971114537
Overall,75,92,ReRZV_2d,2024,1,dC_Med,-17.262753363128695,-17.21295875768918,-19.97928009071825,-14.869210595000297
Overall,75,92,ReRZV_2d,2024,1,dC_VacZVL,110,110,110,110
Overall,75,92,ReRZV_2d,2024,1,dC_VacRZV,54.185415356223544,54.18543792425659,54.18388472175409,54.186711701557904
Overall,75,92,ReRZV_2d,2024,1,dC_Vac,164.18541535622353,164.18543792425658,164.18388472175408,164.1867117015579
Overall,75,92,ReRZV_2d,2024,1,dC_All,146.92266199309483,146.9724842847911,144.20770834777173,149.3162958653009
Overall,75,92,ReRZV_2d,2024,1,dC_Hosp_d,-8.5720356164693,-8.55625354574859,-10.395762629039636,-6.988789917717665
Overall,75,92,ReRZV_2d,2024,1,dC_GP_NonPHN_d,-4.540023934099836,-4.52707024207144,-5.01676012988247,-4.096299046066134
Overall,75,92,ReRZV_2d,2024,1,dC_GP_PHN_d,-1.8780198704674946,-1.872779611003469,-2.19465057306348,-1.5963389198973459
Overall,75,92,ReRZV_2d,2024,1,dC_GP_d,-6.418043804567331,-6.393025455266591,-7.142700851144543,-5.768251223660963
Overall,75,92,ReRZV_2d,2024,1,dC_Med_d,-14.99007942103663,-14.951800072102488,-17.274710413313844,-12.930843296599008
Overall,75,92,ReRZV_2d,2024,1,dC_VacZVL_d,110,110,110,110
Overall,75,92,ReRZV_2d,2024,1,dC_VacRZV_d,42.068757811971786,42.068775333459996,42.067569449930616,42.069764275381786
Overall,75,92,ReRZV_2d,2024,1,dC_Vac_d,152.06875781197178,152.06877533346,152.06756944993063,152.06976427538177
Overall,75,92,ReRZV_2d,2024,1,dC_All_d,137.07867839093515,137.11701350546136,134.79412560430393,139.13794722406504
Overall,75,92,ReRZV_2d,2024,1,dN_VacZVL,1,1,1,1
Overall,75,92,ReRZV_2d,2024,1,dN_VacRZV,0.6374754747791005,0.6374757402853717,0.637457467314754,0.6374907259006812
Overall,75,92,ReRZV_2d,2024,1,dN_VacZVL_d,1,1,1,1
Overall,75,92,ReRZV_2d,2024,1,dN_VacRZV_d,0.4949265624937857,0.49492676862894114,0.4949125817638896,0.4949384032397857
Overall,75,92,ReRZV_2d,2024,1,ICER,22886.252254955947,22760.821889655686,19248.945257819163,27146.920337979354
Overall,75,92,ReRZV_2d,2024,1,Price0,85,85,84.99999999999999,85.00000000000001
Overall,75,92,ReRZV_2d,2024,1,Thres20,274.111999906661,273.6497485089717,233.76687783708388,318.08787560456796
Overall,75,92,ReRZV_2d,2024,1,Thres30,396.02426353091414,395.24635964381207,336.76199093203587,460.7913340759218
Overall,75,92,ReRZV_2d,2024,1,Thres20_50,NA,273.6497485089717,NA,NA
Overall,75,92,ReRZV_2d,2024,1,Thres30_90,NA,355.31704816694617,NA,NA
Overall,75,92,ReRZV_2d,2024,1,Thres,NA,273.6497485089717,NA,NA
Overall,75,93,ReRZV_1d,2024,1,N0,1,1,1,1
Overall,75,93,ReRZV_1d,2024,1,dYear_Life,2.454423052733654e-4,2.4399700906307942e-4,2.0137703550204833e-4,2.9763078315134803e-4
Overall,75,93,ReRZV_1d,2024,1,dYear_Immunised,4.732856024518826,4.7289193553845195,4.266928520029057,5.230613506125739
Overall,75,93,ReRZV_1d,2024,1,dRisk_HZ,-0.04308331526646161,-0.042969762583068866,-0.04799447771513111,-0.038460378288586124
Overall,75,93,ReRZV_1d,2024,1,dRisk_Hosp,-0.002100395275556967,-0.002091283859184426,-0.0025788054131084723,-0.001702325665696238
Overall,75,93,ReRZV_1d,2024,1,dRisk_PHN,-0.003633986519476989,-0.0036238542933173085,-0.004241964361837653,-0.0031046018461265653
Overall,75,93,ReRZV_1d,2024,1,dRisk_Death,-4.303367474877086e-5,-4.28159238810616e-5,-5.254172079372183e-5,-3.493508332157102e-5
Overall,75,93,ReRZV_1d,2024,1,dQ_Life,1.6728481729371135e-4,1.662802705890698e-4,1.37079784113725e-4,2.028376566851175e-4
Overall,75,93,ReRZV_1d,2024,1,dQ_HZ,0.006199587896770477,0.0061859350905676,0.005202481909915013,0.007336159817686347
Overall,75,93,ReRZV_1d,2024,1,dQ_HZ_Norm,0.001959533209161364,0.0019513691063048262,0.0016531695583795831,0.00231306169086242
Overall,75,93,ReRZV_1d,2024,1,dQ_All,0.006361907544517123,0.006346631169403594,0.005334503922097867,0.007507943056050336
Overall,75,93,ReRZV_1d,2024,1,dQ_HZ_d,0.005610667257815366,0.005602133374037776,0.004722932866140008,0.006609403660007383
Overall,75,93,ReRZV_1d,2024,1,dQ_HZ_Norm_d,0.0017891285107424551,0.0017827876272465913,0.0015166200619670396,0.002104398841355301
Overall,75,93,ReRZV_1d,2024,1,dQ_Life_d,1.3536333107533061e-4,1.346542480824553e-4,1.1141549148918628e-4,1.6381266886327238e-4
Overall,75,93,ReRZV_1d,2024,1,dQ_All_d,0.005746030588890672,0.005734682114958645,0.004837134427748958,0.006751611189295614
Overall,75,93,ReRZV_1d,2024,1,dC_Hosp,-9.113493061314955,-9.096556247238807,-11.155806169655213,-7.297230101786726
Overall,75,93,ReRZV_1d,2024,1,dC_GP_NonPHN,-4.7700691590704265,-4.755383124723943,-5.318117778056649,-4.269213294871952
Overall,75,93,ReRZV_1d,2024,1,dC_GP_PHN,-1.9770238072675275,-1.972213095352562,-2.3289808823000904,-1.6684923035575658
Overall,75,93,ReRZV_1d,2024,1,dC_GP,-6.747092966337954,-6.724086280783684,-7.5931264250368935,-5.980517359367846
Overall,75,93,ReRZV_1d,2024,1,dC_Med,-15.860586027652909,-15.837651335480345,-18.438307549061317,-13.52154112121983
Overall,75,93,ReRZV_1d,2024,1,dC_VacZVL,110,110,110,110
Overall,75,93,ReRZV_1d,2024,1,dC_VacRZV,22.839215995287073,22.839227719486868,22.83844189953794,22.83987444943134
Overall,75,93,ReRZV_1d,2024,1,dC_Vac,132.83921599528708,132.83922771948687,132.83844189953794,132.83987444943136
Overall,75,93,ReRZV_1d,2024,1,dC_All,116.97862996763416,117.00168544147334,114.40116778703167,119.3172871266785
Overall,75,93,ReRZV_1d,2024,1,dC_Hosp_d,-7.738561219390409,-7.717895932693628,-9.482171068313253,-6.212212933147524
Overall,75,93,ReRZV_1d,2024,1,dC_GP_NonPHN_d,-4.361299218381233,-4.348476456580267,-4.849330722522603,-3.9086712222933713
Overall,75,93,ReRZV_1d,2024,1,dC_GP_PHN_d,-1.803871841241111,-1.7985322227957776,-2.1165552867988757,-1.5290956777041091
Overall,75,93,ReRZV_1d,2024,1,dC_GP_d,-6.165171059622344,-6.141238695854057,-6.9062892177451145,-5.504850777534291
Overall,75,93,ReRZV_1d,2024,1,dC_Med_d,-13.903732279012752,-13.871191660081612,-16.16981703958949,-11.89549890156049
Overall,75,93,ReRZV_1d,2024,1,dC_VacZVL_d,110,110,110,110
Overall,75,93,ReRZV_1d,2024,1,dC_VacRZV_d,17.46998094398826,17.469989911964532,17.469388829180605,17.470484603192467
Overall,75,93,ReRZV_1d,2024,1,dC_Vac_d,127.46998094398826,127.46998991196453,127.4693888291806,127.47048460319246
Overall,75,93,ReRZV_1d,2024,1,dC_All_d,113.5662486649755,113.5990462489045,111.30015357234697,115.57400868452898
Overall,75,93,ReRZV_1d,2024,1,dN_VacZVL,1,1,1,1
Overall,75,93,ReRZV_1d,2024,1,dN_VacRZV,0.2686966587680832,0.2686967966998455,0.2686875517592699,0.26870440528742756
Overall,75,93,ReRZV_1d,2024,1,dN_VacZVL_d,1,1,1,1
Overall,75,93,ReRZV_1d,2024,1,dN_VacRZV_d,0.2055291875763325,0.20552929308193565,0.20552222151977181,0.20553511297873495
Overall,75,93,ReRZV_1d,2024,1,ICER,19919.54309880123,19800.764160560226,16625.861837324275,23790.727675654503
Overall,75,93,ReRZV_1d,2024,1,Price0,85,85,84.99999999999999,85.00000000000001
Overall,75,93,ReRZV_1d,2024,1,Thres20,626.793218949533,625.7721412452307,531.5605512040972,730.7906726717493
Overall,75,93,ReRZV_1d,2024,1,Thres30,906.3656136909271,904.9957831463005,766.3976120572706,1059.3260054605364
Overall,75,93,ReRZV_1d,2024,1,Thres20_50,NA,625.7721412452307,NA,NA
Overall,75,93,ReRZV_1d,2024,1,Thres30_90,NA,810.0453704055959,NA,NA
Overall,75,93,ReRZV_1d,2024,1,Thres,NA,625.7721412452307,NA,NA
Overall,75,93,ReRZV_2d,2024,1,N0,1,1,1,1
Overall,75,93,ReRZV_2d,2024,1,dYear_Life,2.474847839403305e-4,2.4582582012655507e-4,2.0329123275599772e-4,2.991850705524435e-4
Overall,75,93,ReRZV_2d,2024,1,dYear_Immunised,4.760698872100165,4.75358687871868,4.306109567250092,5.272414149169063
Overall,75,93,ReRZV_2d,2024,1,dRisk_HZ,-0.043328710728282344,-0.04318443277571665,-0.048339857905250506,-0.0387483544281221
Overall,75,93,ReRZV_2d,2024,1,dRisk_Hosp,-0.002127751121760535,-0.002119874269550324,-0.002606079233510707,-0.0017337094836159877
Overall,75,93,ReRZV_2d,2024,1,dRisk_PHN,-0.0036537332072131387,-0.0036423588940000242,-0.004259581159316363,-0.0031273024913888014
Overall,75,93,ReRZV_2d,2024,1,dRisk_Death,-4.3765942992595155e-5,-4.3521686855077445e-5,-5.308735012036923e-5,-3.579250649512993e-5
Overall,75,93,ReRZV_2d,2024,1,dQ_Life,1.6854794637189753e-4,1.6748970160485044e-4,1.387241289926955e-4,2.0375838831796498e-4
Overall,75,93,ReRZV_2d,2024,1,dQ_HZ,0.006239382867926525,0.006219098170119816,0.005231590092744188,0.007373134464968034
Overall,75,93,ReRZV_2d,2024,1,dQ_HZ_Norm,0.001970126996124371,0.0019609271056370524,0.0016679791409532198,0.002321194574758676
Overall,75,93,ReRZV_2d,2024,1,dQ_All,0.006402809656420208,0.006381113692932594,0.005377623944270971,0.00755714960919862
Overall,75,93,ReRZV_2d,2024,1,dQ_HZ_d,0.005640257563284105,0.005622714318410766,0.004748752587215351,0.006652822004911852
Overall,75,93,ReRZV_2d,2024,1,dQ_HZ_Norm_d,0.0017970086863093903,0.001790325349710268,0.0015278616151368327,0.002110556974765883
Overall,75,93,ReRZV_2d,2024,1,dQ_Life_d,1.3627054914509883e-4,1.3546620136661858e-4,1.1225595200343718e-4,1.6473498859546077e-4
Overall,75,93,ReRZV_2d,2024,1,dQ_All_d,0.005776528112429181,0.005758780133771957,0.004869040640406696,0.0067985121613115315
Overall,75,93,ReRZV_2d,2024,1,dC_Hosp,-9.243076709576323,-9.213840919469652,-11.32641832619707,-7.434670055119484
Overall,75,93,ReRZV_2d,2024,1,dC_GP_NonPHN,-4.7949497156023755,-4.776736359674651,-5.34393792544273,-4.295806414069802
Overall,75,93,ReRZV_2d,2024,1,dC_GP_PHN,-1.9868416865975744,-1.9820940779780845,-2.3405202770117715,-1.677104835389226
Overall,75,93,ReRZV_2d,2024,1,dC_GP,-6.78179140219995,-6.752611853922835,-7.624614956984128,-6.042482202687572
Overall,75,93,ReRZV_2d,2024,1,dC_Med,-16.024868111776275,-15.988352296721198,-18.684142548386315,-13.715612523947096
Overall,75,93,ReRZV_2d,2024,1,dC_VacZVL,110,110,110,110
Overall,75,93,ReRZV_2d,2024,1,dC_VacRZV,45.67843199057415,45.678455438973735,45.67688379907588,45.67974889886268
Overall,75,93,ReRZV_2d,2024,1,dC_Vac,155.67843199057415,155.67845543897374,155.67688379907588,155.6797488988627
Overall,75,93,ReRZV_2d,2024,1,dC_All,139.65356387879788,139.6902738510758,136.9945925998392,141.96251647255735
Overall,75,93,ReRZV_2d,2024,1,dC_Hosp_d,-7.83485118103128,-7.811938809120358,-9.582755080152545,-6.319927455045923
Overall,75,93,ReRZV_2d,2024,1,dC_GP_NonPHN_d,-4.379809427455025,-4.366575484276474,-4.870110320882738,-3.9339865867099486
Overall,75,93,ReRZV_2d,2024,1,dC_GP_PHN_d,-1.811181665756484,-1.8066996587051978,-2.1304396723198504,-1.537104618193084
Overall,75,93,ReRZV_2d,2024,1,dC_GP_d,-6.190991093211509,-6.1678635447496255,-6.9312607033012075,-5.532792472095028
Overall,75,93,ReRZV_2d,2024,1,dC_Med_d,-14.02584227424279,-13.994171427203883,-16.316796700702003,-12.030220558390885
Overall,75,93,ReRZV_2d,2024,1,dC_VacZVL_d,110,110,110,110
Overall,75,93,ReRZV_2d,2024,1,dC_VacRZV_d,34.93996188797652,34.939979823929065,34.93877765836121,34.940969206384935
Overall,75,93,ReRZV_2d,2024,1,dC_Vac_d,144.93996188797652,144.93997982392906,144.9387776583612,144.94096920638492
Overall,75,93,ReRZV_2d,2024,1,dC_All_d,130.91411961373373,130.94619843435947,128.62170123845058,132.90943395907786
Overall,75,93,ReRZV_2d,2024,1,dN_VacZVL,1,1,1,1
Overall,75,93,ReRZV_2d,2024,1,dN_VacRZV,0.5373933175361664,0.537393593399691,0.5373751035185398,0.5374088105748551
Overall,75,93,ReRZV_2d,2024,1,dN_VacZVL_d,1,1,1,1
Overall,75,93,ReRZV_2d,2024,1,dN_VacRZV_d,0.411058375152665,0.4110585861638713,0.41104444303954363,0.4110702259574699
Overall,75,93,ReRZV_2d,2024,1,ICER,22838.076800839437,22721.974573739717,19113.602927814496,27246.32159215115
Overall,75,93,ReRZV_2d,2024,1,Price0,85,85,84.99999999999999,85.00000000000001
Overall,75,93,ReRZV_2d,2024,1,Thres20,315.17752494706446,314.36404561006793,267.4706347714712,367.3030016571276
Overall,75,93,ReRZV_2d,2024,1,Thres30,455.7056489027702,454.60649965564426,385.2952943305977,532.3044978332686
Overall,75,93,ReRZV_2d,2024,1,Thres20_50,NA,314.36404561006793,NA,NA
Overall,75,93,ReRZV_2d,2024,1,Thres30_90,NA,407.398274740989,NA,NA
Overall,75,93,ReRZV_2d,2024,1,Thres,NA,314.36404561006793,NA,NA
Overall,75,94,ReRZV_1d,2024,1,N0,1,1,1,1
Overall,75,94,ReRZV_1d,2024,1,dYear_Life,2.2897567075533942e-4,2.2779651479343244e-4,1.8579288562556862e-4,2.802948441818387e-4
Overall,75,94,ReRZV_1d,2024,1,dYear_Immunised,4.559948841784549,4.555575419071835,4.092094845400502,5.073627182168383
Overall,75,94,ReRZV_1d,2024,1,dRisk_HZ,-0.04152288247168212,-0.041399454797126006,-0.04658591703710259,-0.03688470397999293
Overall,75,94,ReRZV_1d,2024,1,dRisk_Hosp,-0.0019341606251564074,-0.0019250839139744336,-0.002385593970246705,-0.0015501321638255823
Overall,75,94,ReRZV_1d,2024,1,dRisk_PHN,-0.0035030224327201737,-0.003485059514401555,-0.004098717728411321,-0.002976230316173281
Overall,75,94,ReRZV_1d,2024,1,dRisk_Death,-3.848135449555337e-5,-3.828745284595015e-5,-4.746286948984792e-5,-3.073073082347629e-5
Overall,75,94,ReRZV_1d,2024,1,dQ_Life,1.5664389537792633e-4,1.5577145016720806e-4,1.2715918114842849e-4,1.9159130011208166e-4
Overall,75,94,ReRZV_1d,2024,1,dQ_HZ,0.005944528001089151,0.005929612959921994,0.004962553830708035,0.007053479597614854
Overall,75,94,ReRZV_1d,2024,1,dQ_HZ_Norm,0.0018904194540714564,0.0018806148967310252,0.0015934533074064526,0.0022357250878716605
Overall,75,94,ReRZV_1d,2024,1,dQ_All,0.0060967158162864325,0.006079514919202111,0.00509033842142168,0.007212008036397988
Overall,75,94,ReRZV_1d,2024,1,dQ_HZ_d,0.005415079867798589,0.005403376810931918,0.004541927803000045,0.00639331544228416
Overall,75,94,ReRZV_1d,2024,1,dQ_HZ_Norm_d,0.0017361341549390773,0.001728848011004543,0.001471667502078344,0.002046903133533826
Overall,75,94,ReRZV_1d,2024,1,dQ_Life_d,1.275994482868974e-4,1.2699157884021872e-4,1.0386829487369908e-4,1.5566330080716282e-4
Overall,75,94,ReRZV_1d,2024,1,dQ_All_d,0.005542679316085474,0.005528674984782711,0.004654286127335227,0.006539973631813644
Overall,75,94,ReRZV_1d,2024,1,dC_Hosp,-8.319923262381815,-8.279971743354935,-10.31389245575723,-6.6114310092041295
Overall,75,94,ReRZV_1d,2024,1,dC_GP_NonPHN,-4.6067188390216245,-4.590924676202096,-5.160626405587313,-4.098445909886811
Overall,75,94,ReRZV_1d,2024,1,dC_GP_PHN,-1.9097077151573505,-1.905516249225164,-2.261385403928921,-1.603006700131971
Overall,75,94,ReRZV_1d,2024,1,dC_GP,-6.516426554178976,-6.488660785855238,-7.362444359550993,-5.766490842751069
Overall,75,94,ReRZV_1d,2024,1,dC_Med,-14.836349816560789,-14.782406717281647,-17.423127284081836,-12.553498449019774
Overall,75,94,ReRZV_1d,2024,1,dC_VacZVL,110,110,110,110
Overall,75,94,ReRZV_1d,2024,1,dC_VacRZV,18.86494232900974,18.864952161817477,18.86419822905434,18.865580492178804
Overall,75,94,ReRZV_1d,2024,1,dC_Vac,128.86494232900975,128.86495216181748,128.86419822905432,128.8655804921788
Overall,75,94,ReRZV_1d,2024,1,dC_All,114.02859251244895,114.0826258920992,111.44230292771769,116.31101261970947
Overall,75,94,ReRZV_1d,2024,1,dC_Hosp_d,-7.129920283375359,-7.094037303628035,-8.833075223368152,-5.655279197442596
Overall,75,94,ReRZV_1d,2024,1,dC_GP_NonPHN_d,-4.236051167909511,-4.224760968125677,-4.725807955199097,-3.784275668374899
Overall,75,94,ReRZV_1d,2024,1,dC_GP_PHN_d,-1.7522652184375271,-1.7482563191340446,-2.067468848730315,-1.474758057724231
Overall,75,94,ReRZV_1d,2024,1,dC_GP_d,-5.988316386347038,-5.961285509391904,-6.7376509349222635,-5.32207261624197
Overall,75,94,ReRZV_1d,2024,1,dC_Med_d,-13.118236669722396,-13.061655225251522,-15.319999792179642,-11.148715419314945
Overall,75,94,ReRZV_1d,2024,1,dC_VacZVL_d,110,110,110,110
Overall,75,94,ReRZV_1d,2024,1,dC_VacRZV_d,14.216761545099018,14.216768955176423,14.216200785810859,14.217242469633172
Overall,75,94,ReRZV_1d,2024,1,dC_Vac_d,124.21676154509902,124.21676895517643,124.21620078581087,124.21724246963318
Overall,75,94,ReRZV_1d,2024,1,dC_All_d,111.09852487537663,111.15523547984188,108.89677209584158,113.06804435859577
Overall,75,94,ReRZV_1d,2024,1,dN_VacZVL,1,1,1,1
Overall,75,94,ReRZV_1d,2024,1,dN_VacRZV,0.2219404979883499,0.2219406136684409,0.22193174387122758,0.22194800579033885
Overall,75,94,ReRZV_1d,2024,1,dN_VacZVL_d,1,1,1,1
Overall,75,94,ReRZV_1d,2024,1,dN_VacRZV_d,0.1672560181776355,0.16725610535501673,0.1672494210095395,0.16726167611333145
Overall,75,94,ReRZV_1d,2024,1,ICER,20206.99416945702,20104.082275512563,16814.457129504044,24170.926580671152
Overall,75,94,ReRZV_1d,2024,1,Price0,85,85,84.99999999999999,85.00000000000001
Overall,75,94,ReRZV_1d,2024,1,Thres20,741.2096414522996,739.2292202794077,626.9683442171772,866.396389916392
Overall,75,94,ReRZV_1d,2024,1,Thres30,1072.5984433203641,1069.8803555066524,905.3254175919842,1256.4539608061239
Overall,75,94,ReRZV_1d,2024,1,Thres20_50,NA,739.2292202794077,NA,NA
Overall,75,94,ReRZV_1d,2024,1,Thres30_90,NA,954.5200253736255,NA,NA
Overall,75,94,ReRZV_1d,2024,1,Thres,NA,739.2292202794077,NA,NA
Overall,75,94,ReRZV_2d,2024,1,N0,1,1,1,1
Overall,75,94,ReRZV_2d,2024,1,dYear_Life,2.3034454167355722e-4,2.291365595530337e-4,1.8729955267935417e-4,2.8219027442726307e-4
Overall,75,94,ReRZV_2d,2024,1,dYear_Immunised,4.580679999026825,4.571434185858711,4.117137444968091,5.105427865048861
Overall,75,94,ReRZV_2d,2024,1,dRisk_HZ,-0.04170420495001233,-0.04155134631288353,-0.046814326117662106,-0.03710351628382433
Overall,75,94,ReRZV_2d,2024,1,dRisk_Hosp,-0.0019546303518489586,-0.0019435349311456018,-0.002404764978791364,-0.0015739555761886028
Overall,75,94,ReRZV_2d,2024,1,dRisk_PHN,-0.003517410378171474,-0.003499807760668771,-0.004112099946582035,-0.00299249068992343
Overall,75,94,ReRZV_2d,2024,1,dRisk_Death,-3.9026589790531994e-5,-3.876637620735223e-5,-4.805966500354605e-5,-3.1373026560480506e-5
Overall,75,94,ReRZV_2d,2024,1,dQ_Life,1.574720070044915e-4,1.5657638333266277e-4,1.2795274481112174e-4,1.928417305583796e-4
Overall,75,94,ReRZV_2d,2024,1,dQ_HZ,0.005973856889321525,0.0059570205487269115,0.004992495239915478,0.007085020008241073
Overall,75,94,ReRZV_2d,2024,1,dQ_HZ_Norm,0.0018981783359919844,0.0018888014026133626,0.001602003717527995,0.0022412099311957673
Overall,75,94,ReRZV_2d,2024,1,dQ_All,0.006126738104559377,0.006106463032581111,0.005117494431571057,0.007256923323526987
Overall,75,94,ReRZV_2d,2024,1,dQ_HZ_d,0.005436648984099033,0.005420043742388623,0.004565259587702412,0.00642248248046173
Overall,75,94,ReRZV_2d,2024,1,dQ_HZ_Norm_d,0.0017418417904055566,0.0017337284300848875,0.0014770508278071025,0.0020503819688778638
Overall,75,94,ReRZV_2d,2024,1,dQ_Life_d,1.2818933780182816e-4,1.2745205814113092e-4,1.047636306375388e-4,1.565244251614306e-4
Overall,75,94,ReRZV_2d,2024,1,dQ_All_d,0.005564838321900809,0.005547056798146599,0.004681442665643765,0.006563406272861938
Overall,75,94,ReRZV_2d,2024,1,dC_Hosp,-8.416624043364788,-8.373991292984163,-10.412027849123474,-6.69839353252197
Overall,75,94,ReRZV_2d,2024,1,dC_GP_NonPHN,-4.624899861292862,-4.6072597306955,-5.176321321076942,-4.118901930683414
Overall,75,94,ReRZV_2d,2024,1,dC_GP_PHN,-1.9167768071389306,-1.912285127513842,-2.264661100938405,-1.6069670076981732
Overall,75,94,ReRZV_2d,2024,1,dC_GP,-6.541676668431792,-6.512362347183104,-7.38689192293597,-5.798075128898912
Overall,75,94,ReRZV_2d,2024,1,dC_Med,-14.95830071179658,-14.899534444781743,-17.549839679533083,-12.677190357448799
Overall,75,94,ReRZV_2d,2024,1,dC_VacZVL,110,110,110,110
Overall,75,94,ReRZV_2d,2024,1,dC_VacRZV,37.72988465801948,37.729904323634955,37.72839645810868,37.73116098435761
Overall,75,94,ReRZV_2d,2024,1,dC_Vac,147.72988465801947,147.72990432363497,147.7283964581087,147.73116098435762
Overall,75,94,ReRZV_2d,2024,1,dC_All,132.7715839462229,132.83034246656956,130.17895877697273,135.05179663555597
Overall,75,94,ReRZV_2d,2024,1,dC_Hosp_d,-7.201005970708785,-7.176229698317375,-8.895330502974454,-5.717991080731527
Overall,75,94,ReRZV_2d,2024,1,dC_GP_NonPHN_d,-4.249427279269185,-4.236833275473476,-4.739171031590226,-3.801236398262818
Overall,75,94,ReRZV_2d,2024,1,dC_GP_PHN_d,-1.7574687940217237,-1.7531584139747787,-2.072105268981615,-1.4799850422118985
Overall,75,94,ReRZV_2d,2024,1,dC_GP_d,-6.006896073290909,-5.9821703807604925,-6.758260041514418,-5.344081784301994
Overall,75,94,ReRZV_2d,2024,1,dC_Med_d,-13.207902043999693,-13.14150398614382,-15.50768176347353,-11.25595121887852
Overall,75,94,ReRZV_2d,2024,1,dC_VacZVL_d,110,110,110,110
Overall,75,94,ReRZV_2d,2024,1,dC_VacRZV_d,28.433523090198037,28.433537910352847,28.432401571621718,28.434484939266344
Overall,75,94,ReRZV_2d,2024,1,dC_Vac_d,138.43352309019804,138.43353791035287,138.4324015716217,138.43448493926635
Overall,75,94,ReRZV_2d,2024,1,dC_All_d,125.22562104619834,125.2918137264368,122.92656528658543,127.1772844264812
Overall,75,94,ReRZV_2d,2024,1,dN_VacZVL,1,1,1,1
Overall,75,94,ReRZV_2d,2024,1,dN_VacRZV,0.4438809959766998,0.4438812273368818,0.44386348774245515,0.4438960115806777
Overall,75,94,ReRZV_2d,2024,1,dN_VacZVL_d,1,1,1,1
Overall,75,94,ReRZV_2d,2024,1,dN_VacRZV_d,0.334512036355271,0.33451221071003345,0.334498842019079,0.3345233522266629
Overall,75,94,ReRZV_2d,2024,1,ICER,22683.46761929398,22561.21173536159,18904.534679829147,27122.472712631275
Overall,75,94,ReRZV_2d,2024,1,Price0,85,85,84.99999999999999,85.00000000000001
Overall,75,94,ReRZV_2d,2024,1,Thres20,372.197723877485,371.3176977550656,314.93500126087775,435.22566919093333
Overall,75,94,ReRZV_2d,2024,1,Thres30,538.5545523125302,537.4127211163009,454.22269644628494,630.924258738221
Overall,75,94,ReRZV_2d,2024,1,Thres20_50,NA,371.3176977550656,NA,NA
Overall,75,94,ReRZV_2d,2024,1,Thres30_90,NA,480.3333779538789,NA,NA
Overall,75,94,ReRZV_2d,2024,1,Thres,NA,371.3176977550656,NA,NA
Overall,75,95,ReRZV_1d,2024,1,N0,1,1,1,1
Overall,75,95,ReRZV_1d,2024,1,dYear_Life,2.1667120564932584e-4,2.1532308615235252e-4,1.7367985945799803e-4,2.678524127948112e-4
Overall,75,95,ReRZV_1d,2024,1,dYear_Immunised,4.417995071052756,4.4109876375947135,3.947984841378353,4.9471239631536426
Overall,75,95,ReRZV_1d,2024,1,dRisk_HZ,-0.040254638619655225,-0.04011361361487278,-0.04541017101075918,-0.03560102516986506
Overall,75,95,ReRZV_1d,2024,1,dRisk_Hosp,-0.0017942055322120272,-0.0017824271127830369,-0.0022306046171539392,-0.0014277128242333502
Overall,75,95,ReRZV_1d,2024,1,dRisk_PHN,-0.003399093091729428,-0.003384320126013912,-0.003999248902351774,-0.002876208137310057
Overall,75,95,ReRZV_1d,2024,1,dRisk_Death,-3.474394253622731e-5,-3.4571968553252125e-5,-4.3615916200894525e-5,-2.7441678290682143e-5
Overall,75,95,ReRZV_1d,2024,1,dQ_Life,1.488072760782666e-4,1.4785763007996167e-4,1.1962615628515749e-4,1.8394648009834036e-4
Overall,75,95,ReRZV_1d,2024,1,dQ_HZ,0.005734736505364709,0.005717570049157637,0.004765390610194701,0.006822758136423288
Overall,75,95,ReRZV_1d,2024,1,dQ_HZ_Norm,0.0018341044772856511,0.0018248010249711508,0.0015423050636057397,0.0021705853598645024
Overall,75,95,ReRZV_1d,2024,1,dQ_All,0.00587962886684164,0.005859045264609897,0.00489194988192141,0.006983064130566862
Overall,75,95,ReRZV_1d,2024,1,dQ_HZ_d,0.00525667126987695,0.005241304814420208,0.00439069870927693,0.0062182053584055276
Overall,75,95,ReRZV_1d,2024,1,dQ_HZ_Norm_d,0.001693614199472524,0.001686156642870901,0.0014332206719566587,0.0019957787670612
Overall,75,95,ReRZV_1d,2024,1,dQ_Life_d,1.2194530899859846e-4,1.2128227883412279e-4,9.836203462945115e-5,1.5015494405798966e-4
Overall,75,95,ReRZV_1d,2024,1,dQ_All_d,0.005378616578875526,0.0053629166326611966,0.004495076218701844,0.0063492572293525115
Overall,75,95,ReRZV_1d,2024,1,dC_Hosp,-7.643557288446473,-7.600674990952944,-9.570992621725319,-5.999240892350565
Overall,75,95,ReRZV_1d,2024,1,dC_GP_NonPHN,-4.474153060519696,-4.458750002156137,-5.032423932219457,-3.9604907367501623
Overall,75,95,ReRZV_1d,2024,1,dC_GP_PHN,-1.8564715061281785,-1.8506697272126607,-2.2043613541096505,-1.5544761186206515
Overall,75,95,ReRZV_1d,2024,1,dC_GP,-6.330624566647875,-6.302502055502037,-7.184050053936991,-5.582882713255908
Overall,75,95,ReRZV_1d,2024,1,dC_Med,-13.974181855094349,-13.914228653558581,-16.56262473820691,-11.793902107595901
Overall,75,95,ReRZV_1d,2024,1,dC_VacZVL,110,110,110,110
Overall,75,95,ReRZV_1d,2024,1,dC_VacRZV,15.237651770711466,15.237662518441196,15.236951796270754,15.238243966356157
Overall,75,95,ReRZV_1d,2024,1,dC_Vac,125.23765177071147,125.2376625184412,125.23695179627076,125.23824396635617
Overall,75,95,ReRZV_1d,2024,1,dC_All,111.26346991561712,111.32336571704087,108.67560272939063,113.44350214625977
Overall,75,95,ReRZV_1d,2024,1,dC_Hosp_d,-6.619172730854329,-6.578416635164375,-8.328430617511351,-5.185327860048342
Overall,75,95,ReRZV_1d,2024,1,dC_GP_NonPHN_d,-4.135961095749061,-4.12479445279434,-4.633120639845333,-3.681841975871981
Overall,75,95,ReRZV_1d,2024,1,dC_GP_PHN_d,-1.7120741852598547,-1.7055868917776316,-2.0272150678885956,-1.4393090894557046
Overall,75,95,ReRZV_1d,2024,1,dC_GP_d,-5.848035281008916,-5.822731125966028,-6.601554391648305,-5.175983169378684
Overall,75,95,ReRZV_1d,2024,1,dC_Med_d,-12.467208011863246,-12.40007574312003,-14.716863640892809,-10.557322174561058
Overall,75,95,ReRZV_1d,2024,1,dC_VacZVL_d,110,110,110,110
Overall,75,95,ReRZV_1d,2024,1,dC_VacRZV_d,11.31350568294835,11.313513662819737,11.312985972632607,11.313945370696333
Overall,75,95,ReRZV_1d,2024,1,dC_Vac_d,121.31350568294835,121.31351366281973,121.3129859726326,121.31394537069633
Overall,75,95,ReRZV_1d,2024,1,dC_All_d,108.84629767108511,108.91366216878254,106.59659961133944,110.7561489144295
Overall,75,95,ReRZV_1d,2024,1,dN_VacZVL,1,1,1,1
Overall,75,95,ReRZV_1d,2024,1,dN_VacRZV,0.1792664914201349,0.17926661786401407,0.17925825642671475,0.17927345842771947
Overall,75,95,ReRZV_1d,2024,1,dN_VacZVL_d,1,1,1,1
Overall,75,95,ReRZV_1d,2024,1,dN_VacRZV_d,0.13310006685821588,0.13310016073905573,0.13309395261920715,0.13310523965525095
Overall,75,95,ReRZV_1d,2024,1,ICER,20406.480476494824,20328.4845883987,16922.345727359934,24509.098526652855
Overall,75,95,ReRZV_1d,2024,1,Price0,85,85,84.99999999999999,85.00000000000001
Overall,75,95,ReRZV_1d,2024,1,Thres20,901.8739518280864,898.2195907899134,758.912526552793,1058.9051395677693
Overall,75,95,ReRZV_1d,2024,1,Thres30,1305.9769889058919,1301.635490226739,1096.3658958816482,1534.5682521074361
Overall,75,95,ReRZV_1d,2024,1,Thres20_50,NA,898.2195907899134,NA,NA
Overall,75,95,ReRZV_1d,2024,1,Thres30_90,NA,1160.4720560858266,NA,NA
Overall,75,95,ReRZV_1d,2024,1,Thres,NA,898.2195907899134,NA,NA
Overall,75,95,ReRZV_2d,2024,1,N0,1,1,1,1
Overall,75,95,ReRZV_2d,2024,1,dYear_Life,2.175419297663277e-4,2.1597830279951324e-4,1.7476874529540607e-4,2.6913864229998196e-4
Overall,75,95,ReRZV_2d,2024,1,dYear_Immunised,4.4329499630605795,4.423761477328668,3.963372664227018,4.959717738357
Overall,75,95,ReRZV_2d,2024,1,dRisk_HZ,-0.04038433247582879,-0.04022552831080916,-0.0456392802310591,-0.03578339539691332
Overall,75,95,ReRZV_2d,2024,1,dRisk_Hosp,-0.001808995025923557,-0.0017966978280211546,-0.002248959364821658,-0.0014420002325268625
Overall,75,95,ReRZV_2d,2024,1,dRisk_PHN,-0.0034092773321949816,-0.0033940958881529507,-0.004008810891911319,-0.0028851780455594342
Overall,75,95,ReRZV_2d,2024,1,dRisk_Death,-3.513726413387997e-5,-3.492892495770452e-5,-4.397437046876454e-5,-2.779578730434741e-5
Overall,75,95,ReRZV_2d,2024,1,dQ_Life,1.493183273182792e-4,1.484260496802392e-4,1.198049227148612e-4,1.8466532177328077e-4
Overall,75,95,ReRZV_2d,2024,1,dQ_HZ,0.0057555321064623344,0.005736377900839184,0.004789731813740401,0.006848282352376282
Overall,75,95,ReRZV_2d,2024,1,dQ_HZ_Norm,0.0018395733777156044,0.0018303207055286506,0.0015510007126276833,0.0021766141894045857
Overall,75,95,ReRZV_2d,2024,1,dQ_All,0.005900823068170271,0.005877074464552656,0.004907980640285681,0.007013681273396031
Overall,75,95,ReRZV_2d,2024,1,dQ_HZ_d,0.0052717998461905054,0.00525150753333889,0.0044097929382612,0.006235040411856504
Overall,75,95,ReRZV_2d,2024,1,dQ_HZ_Norm_d,0.001697593526551386,0.0016897996696858544,0.0014369498905736967,0.0019990138031853477
Overall,75,95,ReRZV_2d,2024,1,dQ_Life_d,1.223064749604692e-4,1.2167982709598846e-4,9.882440532615888e-5,1.50544278399245e-4
Overall,75,95,ReRZV_2d,2024,1,dQ_All_d,0.005394106321150975,0.0053747441611342595,0.004512851234252668,0.006372174800424224
Overall,75,95,ReRZV_2d,2024,1,dC_Hosp,-7.712813744303714,-7.6682967350179165,-9.696946127303862,-6.081248270648523
Overall,75,95,ReRZV_2d,2024,1,dC_GP_NonPHN,-4.486935561590641,-4.472537401636235,-5.047032702907314,-3.9712358016217952
Overall,75,95,ReRZV_2d,2024,1,dC_GP_PHN,-1.8613884091040078,-1.8549116055673787,-2.210620435090394,-1.5587086047069878
Overall,75,95,ReRZV_2d,2024,1,dC_GP,-6.34832397069465,-6.3191584697349485,-7.202933386308847,-5.598949233082793
Overall,75,95,ReRZV_2d,2024,1,dC_Med,-14.061137714998365,-13.99216103754269,-16.633730292204465,-11.887839512906329
Overall,75,95,ReRZV_2d,2024,1,dC_VacZVL,110,110,110,110
Overall,75,95,ReRZV_2d,2024,1,dC_VacRZV,30.47530354142293,30.475325036882392,30.473903592541507,30.476487932712313
Overall,75,95,ReRZV_2d,2024,1,dC_Vac,140.47530354142293,140.4753250368824,140.4739035925415,140.47648793271233
Overall,75,95,ReRZV_2d,2024,1,dC_All,126.41416582642456,126.48337362121728,123.84164490906504,128.5870174237802
Overall,75,95,ReRZV_2d,2024,1,dC_Hosp_d,-6.6695433824401995,-6.633243649303159,-8.368698266672908,-5.241678814446407
Overall,75,95,ReRZV_2d,2024,1,dC_GP_NonPHN_d,-4.1452628724142535,-4.132907470384904,-4.639455247798343,-3.692572910833652
Overall,75,95,ReRZV_2d,2024,1,dC_GP_PHN_d,-1.715653580303173,-1.7076340498937639,-2.030857703141463,-1.4404852730226856
Overall,75,95,ReRZV_2d,2024,1,dC_GP_d,-5.860916452717427,-5.834491192812318,-6.618750658492072,-5.191794173692296
Overall,75,95,ReRZV_2d,2024,1,dC_Med_d,-12.530459835157625,-12.467606429157692,-14.765639625724058,-10.62750412104689
Overall,75,95,ReRZV_2d,2024,1,dC_VacZVL_d,110,110,110,110
Overall,75,95,ReRZV_2d,2024,1,dC_VacRZV_d,22.6270113658967,22.627027325639474,22.625971945265213,22.627890741392665
Overall,75,95,ReRZV_2d,2024,1,dC_Vac_d,132.6270113658967,132.62702732563946,132.6259719452652,132.62789074139266
Overall,75,95,ReRZV_2d,2024,1,dC_All_d,120.09655153073908,120.15999936865097,117.86165939674503,121.99918701102764
Overall,75,95,ReRZV_2d,2024,1,dN_VacZVL,1,1,1,1
Overall,75,95,ReRZV_2d,2024,1,dN_VacRZV,0.3585329828402698,0.35853323572802814,0.3585165128534295,0.35854691685543894
Overall,75,95,ReRZV_2d,2024,1,dN_VacZVL_d,1,1,1,1
Overall,75,95,ReRZV_2d,2024,1,dN_VacRZV_d,0.26620013371643175,0.26620032147811146,0.2661879052384143,0.2662104793105019
Overall,75,95,ReRZV_2d,2024,1,ICER,22449.26010660156,22354.201315585764,18649.988877946325,26901.814267211263
Overall,75,95,ReRZV_2d,2024,1,Price0,85,85,84.99999999999999,85.00000000000001
Overall,75,95,ReRZV_2d,2024,1,Thres20,452.3383519572683,450.6362363338088,380.83326537838974,530.2748864916688
Overall,75,95,ReRZV_2d,2024,1,Thres30,654.971753571184,652.8709383560386,550.933939104562,769.7079281821832
Overall,75,95,ReRZV_2d,2024,1,Thres20_50,NA,450.6362363338088,NA,NA
Overall,75,95,ReRZV_2d,2024,1,Thres30_90,NA,583.2588684428667,NA,NA
Overall,75,95,ReRZV_2d,2024,1,Thres,NA,450.6362363338088,NA,NA
Overall,75,96,ReRZV_1d,2024,1,N0,1,1,1,1
Overall,75,96,ReRZV_1d,2024,1,dYear_Life,2.0781997906048843e-4,2.0623636873029483e-4,1.6517089603578227e-4,2.5943502924294923e-4
Overall,75,96,ReRZV_1d,2024,1,dYear_Immunised,4.304426311624247,4.294150980433255,3.834325816726328,4.839452913602932
Overall,75,96,ReRZV_1d,2024,1,dRisk_HZ,-0.039248239179223425,-0.03912274151188597,-0.044517967945438094,-0.034625961647068305
Overall,75,96,ReRZV_1d,2024,1,dRisk_Hosp,-0.0016813891413749817,-0.001669737155224092,-0.002111856781459188,-0.0013188639167058265
Overall,75,96,ReRZV_1d,2024,1,dRisk_PHN,-0.0033173748368031577,-0.0033028432316233687,-0.0039155266480339875,-0.0028060061666749536
Overall,75,96,ReRZV_1d,2024,1,dRisk_Death,-3.175383106212926e-5,-3.1536544684989153e-5,-4.068425916264493e-5,-2.4704831994342557e-5
Overall,75,96,ReRZV_1d,2024,1,dQ_Life,1.4327974622988383e-4,1.4235590188427238e-4,1.1404533091754487e-4,1.7863338909753778e-4
Overall,75,96,ReRZV_1d,2024,1,dQ_HZ,0.005566224713112893,0.005543613970938812,0.004607187996089255,0.0066421392872551875
Overall,75,96,ReRZV_1d,2024,1,dQ_HZ_Norm,0.0017892733145255383,0.00177927254275924,0.0015050507925587092,0.002123341597528135
Overall,75,96,ReRZV_1d,2024,1,dQ_All,0.005706164719447509,0.005682651180353382,0.004730603252242682,0.006801638948763599
Overall,75,96,ReRZV_1d,2024,1,dQ_HZ_d,0.005131375662677759,0.005111614378486482,0.004277049692770904,0.006081806638492139
Overall,75,96,ReRZV_1d,2024,1,dQ_HZ_Norm_d,0.001660281363147019,0.001652843124831168,0.0014047878534111052,0.001958840020348008
Overall,75,96,ReRZV_1d,2024,1,dQ_Life_d,1.1800043697861362e-4,1.173810175316703e-4,9.462891376936789e-5,1.4608042937092056e-4
Overall,75,96,ReRZV_1d,2024,1,dQ_All_d,0.00524937609965636,0.005230418546830151,0.004369360891541074,0.006214046445848976
Overall,75,96,ReRZV_1d,2024,1,dC_Hosp,-7.091657859451353,-7.0406126851493305,-8.984890735170394,-5.486425987303912
Overall,75,96,ReRZV_1d,2024,1,dC_GP_NonPHN,-4.368981112738878,-4.35543802436332,-4.93057283638289,-3.8517883014881087
Overall,75,96,ReRZV_1d,2024,1,dC_GP_PHN,-1.8146848230909232,-1.8075435292643853,-2.163998170529185,-1.5135058719885184
Overall,75,96,ReRZV_1d,2024,1,dC_GP,-6.183665935829801,-6.1522165234102335,-7.049849758476098,-5.428976694206605
Overall,75,96,ReRZV_1d,2024,1,dC_Med,-13.275323795281153,-13.190462563922239,-15.858874466162453,-11.114548730720028
Overall,75,96,ReRZV_1d,2024,1,dC_VacZVL,110,110,110,110
Overall,75,96,ReRZV_1d,2024,1,dC_VacRZV,12.01007323671443,12.01008324268463,12.009439544817786,12.010602852939908
Overall,75,96,ReRZV_1d,2024,1,dC_Vac,122.01007323671443,122.01008324268463,122.0094395448178,122.01060285293991
Overall,75,96,ReRZV_1d,2024,1,dC_All,108.73474944143328,108.81943732511743,106.15149464680579,110.89569772842975
Overall,75,96,ReRZV_1d,2024,1,dC_Hosp_d,-6.208795531180271,-6.171840482333174,-7.8698681193635185,-4.797580321486397
Overall,75,96,ReRZV_1d,2024,1,dC_GP_NonPHN_d,-4.057764789448804,-4.043835630573292,-4.55407722345181,-3.6005247039793935
Overall,75,96,ReRZV_1d,2024,1,dC_GP_PHN_d,-1.681007363061256,-1.6728700163609804,-1.997098837113321,-1.4099475483816744
Overall,75,96,ReRZV_1d,2024,1,dC_GP_d,-5.73877215251006,-5.712659614091161,-6.504708033877556,-5.063609918595137
Overall,75,96,ReRZV_1d,2024,1,dC_Med_d,-11.94756768369033,-11.87949610978386,-14.180903646664895,-10.032840225109256
Overall,75,96,ReRZV_1d,2024,1,dC_VacZVL_d,110,110,110,110
Overall,75,96,ReRZV_1d,2024,1,dC_VacRZV_d,8.785343939863546,8.785351259210225,8.78488039554086,8.785731353046234
Overall,75,96,ReRZV_1d,2024,1,dC_Vac_d,118.78534393986355,118.78535125921022,118.78488039554085,118.78573135304624
Overall,75,96,ReRZV_1d,2024,1,dC_All_d,106.83777625617321,106.90596775333867,104.60460083954919,108.75247482414211
Overall,75,96,ReRZV_1d,2024,1,dN_VacZVL,1,1,1,1
Overall,75,96,ReRZV_1d,2024,1,dN_VacRZV,0.1412949792554639,0.14129509697276035,0.14128752405667985,0.14130121003458715
Overall,75,96,ReRZV_1d,2024,1,dN_VacZVL_d,1,1,1,1
Overall,75,96,ReRZV_1d,2024,1,dN_VacRZV_d,0.10335698752780642,0.10335707363776736,0.10335153406518659,0.1033615453299557
Overall,75,96,ReRZV_1d,2024,1,ICER,20527.81798386282,20453.91384643066,16967.17703753845,24712.76369493151
Overall,75,96,ReRZV_1d,2024,1,Price0,85,85,84.99999999999999,85.00000000000001
Overall,75,96,ReRZV_1d,2024,1,Thres20,1131.3703109031442,1126.2586971493752,949.7602964416295,1332.0652665924574
Overall,75,96,ReRZV_1d,2024,1,Thres30,1639.2579242292868,1633.8297478093018,1372.053573763272,1932.3883952626722
Overall,75,96,ReRZV_1d,2024,1,Thres20_50,NA,1126.2586971493752,NA,NA
Overall,75,96,ReRZV_1d,2024,1,Thres30_90,NA,1457.372641969267,NA,NA
Overall,75,96,ReRZV_1d,2024,1,Thres,NA,1126.2586971493752,NA,NA
Overall,75,96,ReRZV_2d,2024,1,N0,1,1,1,1
Overall,75,96,ReRZV_2d,2024,1,dYear_Life,2.0833562899541923e-4,2.0684827707473374e-4,1.6572961998968517e-4,2.6004200206628523e-4
Overall,75,96,ReRZV_2d,2024,1,dYear_Immunised,4.314803204299465,4.305821710484164,3.842366172175415,4.850475367330091
Overall,75,96,ReRZV_2d,2024,1,dRisk_HZ,-0.039337419529313224,-0.03917689178680904,-0.04459049701271261,-0.03472025330708715
Overall,75,96,ReRZV_2d,2024,1,dRisk_Hosp,-0.0016916414560823388,-0.0016793689809168387,-0.0021250669248331668,-0.0013252027678380808
Overall,75,96,ReRZV_2d,2024,1,dRisk_PHN,-0.003324303593551337,-0.003309024047141982,-0.003926158166439482,-0.0028128262432592353
Overall,75,96,ReRZV_2d,2024,1,dRisk_Death,-3.202675164743229e-5,-3.181413267124514e-5,-4.098603709012186e-5,-2.4968914426286806e-5
Overall,75,96,ReRZV_2d,2024,1,dQ_Life,1.435692058602278e-4,1.4263477030418414e-4,1.1441673322170053e-4,1.7889888094324569e-4
Overall,75,96,ReRZV_2d,2024,1,dQ_HZ,0.005580244825858355,0.005557364019358936,0.004626829854855106,0.00665698280397704
Overall,75,96,ReRZV_2d,2024,1,dQ_HZ_Norm,0.0017929398894901611,0.0017834348788067762,0.0015074609474096013,0.0021247875549269585
Overall,75,96,ReRZV_2d,2024,1,dQ_All,0.0057203851714657545,0.005696664654925243,0.00474339909484014,0.006812542028904865
Overall,75,96,ReRZV_2d,2024,1,dQ_HZ_d,0.005141467908314261,0.005118837744937397,0.004287625394310748,0.00609413638127625
Overall,75,96,ReRZV_2d,2024,1,dQ_HZ_Norm_d,0.001662921023719678,0.0016554240926747305,0.0014061348616707626,0.0019629526300964937
Overall,75,96,ReRZV_2d,2024,1,dQ_Life_d,1.1820347457495473e-4,1.1755038689642561e-4,9.479013922208956e-5,1.4622469647425083e-4
Overall,75,96,ReRZV_2d,2024,1,dQ_All_d,0.005259671382889179,0.00523818691110467,0.004388526245847846,0.006222853233232816
Overall,75,96,ReRZV_2d,2024,1,dC_Hosp,-7.138730041227747,-7.098897960549827,-9.038105150313017,-5.542667991140549
Overall,75,96,ReRZV_2d,2024,1,dC_GP_NonPHN,-4.377528557453194,-4.363425909863996,-4.950310395445664,-3.8586417645889686
Overall,75,96,ReRZV_2d,2024,1,dC_GP_PHN,-1.8179383816217982,-1.8097503492349576,-2.1651090125149715,-1.5148763434929735
Overall,75,96,ReRZV_2d,2024,1,dC_GP,-6.195466939074992,-6.163525133846563,-7.0603865118602105,-5.4404246301896455
Overall,75,96,ReRZV_2d,2024,1,dC_Med,-13.334196980302739,-13.245616032244289,-15.92367892320081,-11.16412030565767
Overall,75,96,ReRZV_2d,2024,1,dC_VacZVL,110,110,110,110
Overall,75,96,ReRZV_2d,2024,1,dC_VacRZV,24.02014647342886,24.02016648536926,24.018879089635572,24.021205705879815
Overall,75,96,ReRZV_2d,2024,1,dC_Vac,134.02014647342887,134.02016648536926,134.01887908963556,134.02120570587982
Overall,75,96,ReRZV_2d,2024,1,dC_All,120.68594949312612,120.77481745964396,118.09689230343028,122.8560185870151
Overall,75,96,ReRZV_2d,2024,1,dC_Hosp_d,-6.24267571893447,-6.210783207431906,-7.900452959419581,-4.840294649951224
Overall,75,96,ReRZV_2d,2024,1,dC_GP_NonPHN_d,-4.063918689139227,-4.051099460284384,-4.56563250520065,-3.606349160917217
Overall,75,96,ReRZV_2d,2024,1,dC_GP_PHN_d,-1.6833504622198885,-1.6750247235058662,-1.9981453944857641,-1.4111956890328448
Overall,75,96,ReRZV_2d,2024,1,dC_GP_d,-5.747269151359116,-5.721447254201543,-6.5156358803049095,-5.070905207929593
Overall,75,96,ReRZV_2d,2024,1,dC_Med_d,-11.989944870293586,-11.918073014407781,-14.211142259327945,-10.081151853590404
Overall,75,96,ReRZV_2d,2024,1,dC_VacZVL_d,110,110,110,110
Overall,75,96,ReRZV_2d,2024,1,dC_VacRZV_d,17.570687879727092,17.57070251842045,17.56976079108172,17.57146270609247
Overall,75,96,ReRZV_2d,2024,1,dC_Vac_d,127.57068787972709,127.57070251842045,127.56976079108172,127.57146270609248
Overall,75,96,ReRZV_2d,2024,1,dC_All_d,115.5807430094335,115.65279181804087,113.35952856158369,117.48970810926775
Overall,75,96,ReRZV_2d,2024,1,dN_VacZVL,1,1,1,1
Overall,75,96,ReRZV_2d,2024,1,dN_VacRZV,0.2825899585109278,0.2825901939455207,0.2825750481133597,0.2826024200691743
Overall,75,96,ReRZV_2d,2024,1,dN_VacZVL_d,1,1,1,1
Overall,75,96,ReRZV_2d,2024,1,dN_VacRZV_d,0.20671397505561284,0.20671414727553472,0.20670306813037317,0.2067230906599114
Overall,75,96,ReRZV_2d,2024,1,ICER,22162.91973308345,22084.866166998116,18314.620889689788,26650.07207387583
Overall,75,96,ReRZV_2d,2024,1,Price0,85,85,84.99999999999999,85.00000000000001
Overall,75,96,ReRZV_2d,2024,1,Thres20,566.8862484855548,564.1302966319515,476.3320712205548,667.7864366338326
Overall,75,96,ReRZV_2d,2024,1,Thres30,821.328099747522,818.3226045471489,688.0828648716436,968.0441991446842
Overall,75,96,ReRZV_2d,2024,1,Thres20_50,NA,564.1302966319515,NA,NA
Overall,75,96,ReRZV_2d,2024,1,Thres30_90,NA,730.7183327855766,NA,NA
Overall,75,96,ReRZV_2d,2024,1,Thres,NA,564.1302966319515,NA,NA
Overall,75,97,ReRZV_1d,2024,1,N0,1,1,1,1
Overall,75,97,ReRZV_1d,2024,1,dYear_Life,2.0175751435805544e-4,2.002740953930271e-4,1.595992926450851e-4,2.5329314535098567e-4
Overall,75,97,ReRZV_1d,2024,1,dYear_Immunised,4.216024166586922,4.206525951307562,3.7417951830129748,4.757700744545896
Overall,75,97,ReRZV_1d,2024,1,dRisk_HZ,-0.038476770335304125,-0.03833246415166317,-0.043792809688215556,-0.03387249085725837
Overall,75,97,ReRZV_1d,2024,1,dRisk_Hosp,-0.001592680153442654,-0.0015787034990861273,-0.0020343390140414356,-0.0012355325401600078
Overall,75,97,ReRZV_1d,2024,1,dRisk_PHN,-0.0032558209256500887,-0.003238705318402992,-0.0038488806389526792,-0.002747571213273391
Overall,75,97,ReRZV_1d,2024,1,dRisk_Death,-2.942629661382065e-5,-2.9192539574883452e-5,-3.811776056709058e-5,-2.2505037870161937e-5
Overall,75,97,ReRZV_1d,2024,1,dQ_Life,1.3960403353457983e-4,1.3870678968164185e-4,1.108611280506544e-4,1.7468799588167273e-4
Overall,75,97,ReRZV_1d,2024,1,dQ_HZ,0.005435379942245649,0.005413295749110147,0.004484366111588055,0.006493773710984397
Overall,75,97,ReRZV_1d,2024,1,dQ_HZ_Norm,0.0017547641985340063,0.0017463647053471063,0.0014719363696356243,0.0020859668207844177
Overall,75,97,ReRZV_1d,2024,1,dQ_All,0.005572256140968587,0.005548568324240222,0.004609370471717789,0.006645593741643951
Overall,75,97,ReRZV_1d,2024,1,dQ_HZ_d,0.00503556790388915,0.005011486188503411,0.004189973618930159,0.00597691621405672
Overall,75,97,ReRZV_1d,2024,1,dQ_HZ_Norm_d,0.0016350133469746817,0.001627455686153905,0.0013800917772053066,0.0019329102062321316
Overall,75,97,ReRZV_1d,2024,1,dQ_Life_d,1.1540451926751682e-4,1.147774073508856e-4,9.221891426389738e-5,1.4347493047264236e-4
Overall,75,97,ReRZV_1d,2024,1,dQ_All_d,0.005150972423156632,0.005128836293669892,0.00428697528761357,0.006106478963154416
Overall,75,97,ReRZV_1d,2024,1,dC_Hosp,-6.6523955616120585,-6.6072800732322285,-8.581522133320208,-5.085779998486837
Overall,75,97,ReRZV_1d,2024,1,dC_GP_NonPHN,-4.288392666215751,-4.275269130564057,-4.86167623520525,-3.768733497486633
Overall,75,97,ReRZV_1d,2024,1,dC_GP_PHN,-1.783257282968088,-1.7744953879446685,-2.132819152116363,-1.4851533988032406
Overall,75,97,ReRZV_1d,2024,1,dC_GP,-6.071649949183839,-6.040574199301329,-6.946308472443318,-5.3110980469969045
Overall,75,97,ReRZV_1d,2024,1,dC_Med,-12.724045510795897,-12.650510557988849,-15.303375577577587,-10.539269737074585
Overall,75,97,ReRZV_1d,2024,1,dC_VacZVL,110,110,110,110
Overall,75,97,ReRZV_1d,2024,1,dC_VacRZV,9.218372515683308,9.218381265100483,9.217820810100045,9.21883119299584
Overall,75,97,ReRZV_1d,2024,1,dC_Vac,119.21837251568331,119.21838126510048,119.21782081010004,119.21883119299584
Overall,75,97,ReRZV_1d,2024,1,dC_All,106.49432700488741,106.5681413019088,103.91496369200813,108.67889847680352
Overall,75,97,ReRZV_1d,2024,1,dC_Hosp_d,-5.887155127815803,-5.8533920590164925,-7.539549421400394,-4.520153489053509
Overall,75,97,ReRZV_1d,2024,1,dC_GP_NonPHN_d,-3.99875729390458,-3.98626559635646,-4.502563278314204,-3.5374547139993613
Overall,75,97,ReRZV_1d,2024,1,dC_GP_PHN_d,-1.6579966451810917,-1.6491139748532577,-1.975041613479672,-1.387859077658345
Overall,75,97,ReRZV_1d,2024,1,dC_GP_d,-5.656753939085672,-5.629294869583367,-6.431518336738224,-4.979085341647035
Overall,75,97,ReRZV_1d,2024,1,dC_Med_d,-11.543909066901474,-11.480747600836978,-13.771701590571706,-9.63108274738366
Overall,75,97,ReRZV_1d,2024,1,dC_VacZVL_d,110,110,110,110
Overall,75,97,ReRZV_1d,2024,1,dC_VacRZV_d,6.643567082008219,6.6435733876049845,6.643169474616493,6.643897645075573
Overall,75,97,ReRZV_1d,2024,1,dC_Vac_d,116.64356708200822,116.64357338760499,116.64316947461649,116.64389764507558
Overall,75,97,ReRZV_1d,2024,1,dC_All_d,105.09965801510674,105.1628297820127,102.87213691191052,107.01250711036519
Overall,75,97,ReRZV_1d,2024,1,dN_VacZVL,1,1,1,1
Overall,75,97,ReRZV_1d,2024,1,dN_VacRZV,0.1084514413609801,0.1084515442952998,0.10844495070705935,0.10845683756465693
Overall,75,97,ReRZV_1d,2024,1,dN_VacZVL_d,1,1,1,1
Overall,75,97,ReRZV_1d,2024,1,dN_VacRZV_d,0.07815961272950846,0.07815968691299982,0.07815493499548816,0.07816350170677146
Overall,75,97,ReRZV_1d,2024,1,ICER,20583.457639937536,20506.46965893424,16942.795598542474,24847.468593618334
Overall,75,97,ReRZV_1d,2024,1,Price0,85,85,84.99999999999999,85.00000000000001
Overall,75,97,ReRZV_1d,2024,1,Thres20,1465.7607044930976,1459.0158204367094,1227.7308497173697,1730.729415424556
Overall,75,97,ReRZV_1d,2024,1,Thres30,2124.792812779215,2116.3496354932677,1774.7493843059194,2513.095679059375
Overall,75,97,ReRZV_1d,2024,1,Thres20_50,NA,1459.0158204367094,NA,NA
Overall,75,97,ReRZV_1d,2024,1,Thres30_90,NA,1886.7426592707634,NA,NA
Overall,75,97,ReRZV_1d,2024,1,Thres,NA,1459.0158204367094,NA,NA
Overall,75,97,ReRZV_2d,2024,1,N0,1,1,1,1
Overall,75,97,ReRZV_2d,2024,1,dYear_Life,2.0203194110129718e-4,2.0061314740082992e-4,1.598399634334946e-4,2.533941448666254e-4
Overall,75,97,ReRZV_2d,2024,1,dYear_Immunised,4.22286708624883,4.213825197261588,3.7464768587139607,4.764172757143167
Overall,75,97,ReRZV_2d,2024,1,dRisk_HZ,-0.03853513134058108,-0.03837463003889666,-0.04382777410866725,-0.03390841452969088
Overall,75,97,ReRZV_2d,2024,1,dRisk_Hosp,-0.0015994232583859218,-0.0015849050548325705,-0.0020425869938318136,-0.0012436239850948866
Overall,75,97,ReRZV_2d,2024,1,dRisk_PHN,-0.0032602971861789153,-0.0032441885501381666,-0.0038563304133301547,-0.002754106270575405
Overall,75,97,ReRZV_2d,2024,1,dRisk_Death,-2.9606272943884268e-5,-2.9381507000115876e-5,-3.826111806247478e-5,-2.264220839116372e-5
Overall,75,97,ReRZV_2d,2024,1,dQ_Life,1.3974734182292358e-4,1.3885892109044562e-4,1.1098627353658407e-4,1.7477615956904555e-4
Overall,75,97,ReRZV_2d,2024,1,dQ_HZ,0.0054441802963196605,0.005419616844810299,0.004497413929801236,0.006507084095649257
Overall,75,97,ReRZV_2d,2024,1,dQ_HZ_Norm,0.0017570543876667768,0.0017484561162070735,0.0014735384849769162,0.002086762859902481
Overall,75,97,ReRZV_2d,2024,1,dQ_All,0.005581135197550337,0.005554691087763075,0.004618371387184262,0.006658813755084169
Overall,75,97,ReRZV_2d,2024,1,dQ_HZ_d,0.005041838893571093,0.005017629472432363,0.0041966149014799415,0.005984222775852499
Overall,75,97,ReRZV_2d,2024,1,dQ_HZ_Norm_d,0.0016366454018802842,0.0016286592006078276,0.0013814689434617246,0.0019333173195502592
Overall,75,97,ReRZV_2d,2024,1,dQ_Life_d,1.1550434592833003e-4,1.1483725018202051e-4,9.234481593010103e-5,1.4356722832746803e-4
Overall,75,97,ReRZV_2d,2024,1,dQ_All_d,0.005157343239499389,0.005136131112162268,0.004296514495095449,0.006114547915011402
Overall,75,97,ReRZV_2d,2024,1,dC_Hosp,-6.682104966377706,-6.6350326801392185,-8.603432868610673,-5.11150044306817
Overall,75,97,ReRZV_2d,2024,1,dC_GP_NonPHN,-4.293719025061807,-4.279341210113046,-4.870989735624981,-3.7751484827039516
Overall,75,97,ReRZV_2d,2024,1,dC_GP_PHN,-1.7852588661551299,-1.7763978990207325,-2.135558971733653,-1.488974813685539
Overall,75,97,ReRZV_2d,2024,1,dC_GP,-6.078977891216937,-6.048174096636981,-6.956529753615027,-5.319795370679871
Overall,75,97,ReRZV_2d,2024,1,dC_Med,-12.761082857594642,-12.683474439956502,-15.336359558762537,-10.584129231325129
Overall,75,97,ReRZV_2d,2024,1,dC_VacZVL,110,110,110,110
Overall,75,97,ReRZV_2d,2024,1,dC_VacRZV,18.436745031366616,18.436762530200966,18.43564162020009,18.43766238599168
Overall,75,97,ReRZV_2d,2024,1,dC_Vac,128.43674503136663,128.43676253020095,128.43564162020007,128.43766238599167
Overall,75,97,ReRZV_2d,2024,1,dC_All,115.67566217377197,115.75309098532819,113.1008255188725,117.85214177061056
Overall,75,97,ReRZV_2d,2024,1,dC_Hosp_d,-5.908324290276385,-5.87623022258038,-7.5648601102136945,-4.531286062865608
Overall,75,97,ReRZV_2d,2024,1,dC_GP_NonPHN_d,-4.002553159952894,-3.98888431095051,-4.511829945827271,-3.5424813163307665
Overall,75,97,ReRZV_2d,2024,1,dC_GP_PHN_d,-1.6594232468316499,-1.6509528685248556,-1.9754604269379168,-1.3896657521058087
Overall,75,97,ReRZV_2d,2024,1,dC_GP_d,-5.661976406784544,-5.634296265249665,-6.435529467961321,-4.9866387703598045
Overall,75,97,ReRZV_2d,2024,1,dC_Med_d,-11.57030069706093,-11.509293850691849,-13.80701056148194,-9.655036189574524
Overall,75,97,ReRZV_2d,2024,1,dC_VacZVL_d,110,110,110,110
Overall,75,97,ReRZV_2d,2024,1,dC_VacRZV_d,13.287134164016438,13.287146775209969,13.286338949232986,13.287795290151147
Overall,75,97,ReRZV_2d,2024,1,dC_Vac_d,123.28713416401644,123.28714677520998,123.28633894923298,123.28779529015115
Overall,75,97,ReRZV_2d,2024,1,dC_All_d,111.7168334669555,111.7775546491959,109.48018624409872,113.63215081502209
Overall,75,97,ReRZV_2d,2024,1,dN_VacZVL,1,1,1,1
Overall,75,97,ReRZV_2d,2024,1,dN_VacRZV,0.2169028827219602,0.2169030885905996,0.2168899014141187,0.21691367512931387
Overall,75,97,ReRZV_2d,2024,1,dN_VacZVL_d,1,1,1,1
Overall,75,97,ReRZV_2d,2024,1,dN_VacRZV_d,0.15631922545901691,0.15631937382599964,0.15630986999097632,0.15632700341354291
Overall,75,97,ReRZV_2d,2024,1,ICER,21851.429529804722,21766.879333753684,17986.59021493942,26353.330695407916
Overall,75,97,ReRZV_2d,2024,1,Price0,85,85,84.99999999999999,85.00000000000001
Overall,75,97,ReRZV_2d,2024,1,Thres20,733.8642866063996,730.5712566341506,614.6609733192377,867.5715649976411
Overall,75,97,ReRZV_2d,2024,1,Thres30,1063.7878921830481,1059.4745300480863,888.5533229425605,1257.132162224858
Overall,75,97,ReRZV_2d,2024,1,Thres20_50,NA,730.5712566341506,NA,NA
Overall,75,97,ReRZV_2d,2024,1,Thres30_90,NA,944.9332352662543,NA,NA
Overall,75,97,ReRZV_2d,2024,1,Thres,NA,730.5712566341506,NA,NA
Overall,75,98,ReRZV_1d,2024,1,N0,1,1,1,1
Overall,75,98,ReRZV_1d,2024,1,dYear_Life,1.978898308024144e-4,1.965530960594819e-4,1.562280461014698e-4,2.492779368129305e-4
Overall,75,98,ReRZV_1d,2024,1,dYear_Immunised,4.149229047927127,4.140594140640333,3.6713084910670535,4.691004249239179
Overall,75,98,ReRZV_1d,2024,1,dRisk_HZ,-0.03789967173855038,-0.03774078131294614,-0.04323682916468005,-0.033264667084731886
Overall,75,98,ReRZV_1d,2024,1,dRisk_Hosp,-0.0015263889590788544,-0.0015126683101621958,-0.0019626151997524993,-0.0011689351039208633
Overall,75,98,ReRZV_1d,2024,1,dRisk_PHN,-0.0032106874512918934,-0.00319323579976448,-0.0038061591817554296,-0.002707470400336857
Overall,75,98,ReRZV_1d,2024,1,dRisk_Death,-2.766763005059532e-5,-2.747714701005921e-5,-3.620089882749904e-5,-2.0859897496675138e-5
Overall,75,98,ReRZV_1d,2024,1,dQ_Life,1.3737691730862878e-4,1.363727953629379e-4,1.0868030444721732e-4,1.721753182414076e-4
Overall,75,98,ReRZV_1d,2024,1,dQ_HZ,0.005336188567168949,0.00530907604560585,0.00440410213810356,0.006382989442218197
Overall,75,98,ReRZV_1d,2024,1,dQ_HZ_Norm,0.0017288091250522864,0.0017201628760206273,0.0014502738137460247,0.0020579833529271456
Overall,75,98,ReRZV_1d,2024,1,dQ_All,0.005471489641953678,0.005443716145255628,0.00452473311249646,0.006549132446749172
Overall,75,98,ReRZV_1d,2024,1,dQ_HZ_d,0.004964040258552582,0.004939362347967295,0.004128919512905975,0.00590143268699375
Overall,75,98,ReRZV_1d,2024,1,dQ_HZ_Norm_d,0.0016162970751385168,0.0016084073832868418,0.0013638649286657686,0.0019129991592427133
Overall,75,98,ReRZV_1d,2024,1,dQ_Life_d,1.1384709146261596e-4,1.1312724917988959e-4,9.068885739247357e-5,1.4194697037948068e-4
Overall,75,98,ReRZV_1d,2024,1,dQ_All_d,0.005077887350015196,0.005056184032095068,0.0042206152419032245,0.006031978672345772
Overall,75,98,ReRZV_1d,2024,1,dC_Hosp,-6.319741756425306,-6.269606361806906,-8.243803593578876,-4.77696895807636
Overall,75,98,ReRZV_1d,2024,1,dC_GP_NonPHN,-4.227880151936037,-4.213758406287744,-4.806481798959935,-3.7096290022950926
Overall,75,98,ReRZV_1d,2024,1,dC_GP_PHN,-1.7601610159264776,-1.7521965154737882,-2.1104244338298646,-1.4630753732586803
Overall,75,98,ReRZV_1d,2024,1,dC_GP,-5.988041167862515,-5.955096187706554,-6.872601451693804,-5.231253311373537
Overall,75,98,ReRZV_1d,2024,1,dC_Med,-12.307782924287821,-12.238449093113086,-14.891383192802309,-10.172532108685763
Overall,75,98,ReRZV_1d,2024,1,dC_VacZVL,110,110,110,110
Overall,75,98,ReRZV_1d,2024,1,dC_VacRZV,6.870762897459139,6.8707700187844765,6.870299526355371,6.8711423691871225
Overall,75,98,ReRZV_1d,2024,1,dC_Vac,116.87076289745914,116.87077001878447,116.87029952635538,116.87114236918713
Overall,75,98,ReRZV_1d,2024,1,dC_All,104.56297997317132,104.6322357909666,101.9795635588381,106.69806218755711
Overall,75,98,ReRZV_1d,2024,1,dC_Hosp_d,-5.647274664920066,-5.611567404749303,-7.312890338040333,-4.268590778820402
Overall,75,98,ReRZV_1d,2024,1,dC_GP_NonPHN_d,-3.955121741919418,-3.942289463776744,-4.4668345232179725,-3.4919894452067815
Overall,75,98,ReRZV_1d,2024,1,dC_GP_PHN_d,-1.6413421175236595,-1.6319617196679255,-1.9591036808621147,-1.369509628214014
Overall,75,98,ReRZV_1d,2024,1,dC_GP_d,-5.596463859443078,-5.567522005758608,-6.373458878477518,-4.920895065189929
Overall,75,98,ReRZV_1d,2024,1,dC_Med_d,-11.243738524363144,-11.180343260778455,-13.528336143258617,-9.361088285210073
Overall,75,98,ReRZV_1d,2024,1,dC_VacZVL_d,110,110,110,110
Overall,75,98,ReRZV_1d,2024,1,dC_VacRZV_d,4.878496413386063,4.8785014697911,4.878167402721377,4.878765852383098
Overall,75,98,ReRZV_1d,2024,1,dC_Vac_d,114.87849641338606,114.8785014697911,114.87816740272137,114.8787658523831
Overall,75,98,ReRZV_1d,2024,1,dC_All_d,103.63475788902292,103.69823105626203,101.350258794839,105.51741575739635
Overall,75,98,ReRZV_1d,2024,1,dN_VacZVL,1,1,1,1
Overall,75,98,ReRZV_1d,2024,1,dN_VacRZV,0.08083250467598987,0.08083258845628796,0.08082705325123966,0.08083696904926026
Overall,75,98,ReRZV_1d,2024,1,dN_VacZVL_d,1,1,1,1
Overall,75,98,ReRZV_1d,2024,1,dN_VacRZV_d,0.057394075451600746,0.057394134938718824,0.057390204737898555,0.05739724532215409
Overall,75,98,ReRZV_1d,2024,1,ICER,20591.61261239,20509.195498512796,16933.60234332075,24903.001510120775
Overall,75,98,ReRZV_1d,2024,1,Price0,85,85,84.99999999999999,85.00000000000001
Overall,75,98,ReRZV_1d,2024,1,Thres20,1965.3842432238212,1956.6007127412427,1642.484804110177,2325.8177984582144
Overall,75,98,ReRZV_1d,2024,1,Thres30,2850.12436371771,2838.439065445442,2375.1017339653868,3371.5706824192926
Overall,75,98,ReRZV_1d,2024,1,Thres20_50,NA,1956.6007127412427,NA,NA
Overall,75,98,ReRZV_1d,2024,1,Thres30_90,NA,2526.849506018445,NA,NA
Overall,75,98,ReRZV_1d,2024,1,Thres,NA,1956.6007127412427,NA,NA
Overall,75,98,ReRZV_2d,2024,1,N0,1,1,1,1
Overall,75,98,ReRZV_2d,2024,1,dYear_Life,1.98011491746513e-4,1.9661582125252153e-4,1.5630421487693448e-4,2.4934736693285056e-4
Overall,75,98,ReRZV_2d,2024,1,dYear_Immunised,4.153421671201101,4.144527721959346,3.6741707872249876,4.693447596123516
Overall,75,98,ReRZV_2d,2024,1,dRisk_HZ,-0.037935132680396874,-0.03776972883602766,-0.04325498391057715,-0.03329833075025742
Overall,75,98,ReRZV_2d,2024,1,dRisk_Hosp,-0.001530493959881395,-0.0015178186228526,-0.001967899379092515,-0.001172881992273122
Overall,75,98,ReRZV_2d,2024,1,dRisk_PHN,-0.0032133793861028985,-0.0031964010097286577,-0.0038123942283808244,-0.002709920731215067
Overall,75,98,ReRZV_2d,2024,1,dRisk_Death,-2.7777902118862788e-5,-2.756200296605388e-5,-3.6329797283217376e-5,-2.096077397827383e-5
Overall,75,98,ReRZV_2d,2024,1,dQ_Life,1.3743232375900582e-4,1.3643364208260067e-4,1.0871009925903507e-4,1.7219914437038847e-4
Overall,75,98,ReRZV_2d,2024,1,dQ_HZ,0.005341060498907327,0.005314666783565076,0.0044072076970301825,0.006393595185571891
Overall,75,98,ReRZV_2d,2024,1,dQ_HZ_Norm,0.0017300713256084576,0.0017211496357462572,0.001450622555472513,0.002058382983052202
Overall,75,98,ReRZV_2d,2024,1,dQ_All,0.005476378208088171,0.005448761292842441,0.004528963672086395,0.006555631513688897
Overall,75,98,ReRZV_2d,2024,1,dQ_HZ_d,0.004967478764870137,0.004942938068975045,0.004129490538923344,0.005905248692901569
Overall,75,98,ReRZV_2d,2024,1,dQ_HZ_Norm_d,0.001617187930333272,0.0016090041054024297,0.001364130833216685,0.0019132073714784687
Overall,75,98,ReRZV_2d,2024,1,dQ_Life_d,1.1388544987918258e-4,1.1316761031654465e-4,9.073758086635131e-5,1.4199197067559232e-4
Overall,75,98,ReRZV_2d,2024,1,dQ_All_d,0.005081364214749308,0.005059791630405819,0.004226942431052194,0.0060376224184688345
Overall,75,98,ReRZV_2d,2024,1,dC_Hosp,-6.336229040954204,-6.287815635140301,-8.261888478083339,-4.7905260582947315
Overall,75,98,ReRZV_2d,2024,1,dC_GP_NonPHN,-4.230808697719808,-4.216528017803648,-4.80966633639383,-3.71133247916413
Overall,75,98,ReRZV_2d,2024,1,dC_GP_PHN,-1.7612513760181039,-1.7529324496386662,-2.1114151782629706,-1.4638229582014493
Overall,75,98,ReRZV_2d,2024,1,dC_GP,-5.992060073737912,-5.959501314062817,-6.876334638202541,-5.234578678423968
Overall,75,98,ReRZV_2d,2024,1,dC_Med,-12.328289114692115,-12.260599650204092,-14.916534078613576,-10.192306087256629
Overall,75,98,ReRZV_2d,2024,1,dC_VacZVL,110,110,110,110
Overall,75,98,ReRZV_2d,2024,1,dC_VacRZV,13.741525794918278,13.741540037568953,13.740599052710742,13.742284738374245
Overall,75,98,ReRZV_2d,2024,1,dC_Vac,123.74152579491827,123.74154003756895,123.74059905271075,123.74228473837425
Overall,75,98,ReRZV_2d,2024,1,dC_All,111.41323668022616,111.48034686532375,108.82537600476242,113.54888946572562
Overall,75,98,ReRZV_2d,2024,1,dC_Hosp_d,-5.65891033901845,-5.626159360870712,-7.331496186231373,-4.276512254071013
Overall,75,98,ReRZV_2d,2024,1,dC_GP_NonPHN_d,-3.9571887435725497,-3.9436545078049985,-4.468776336146074,-3.493759442077457
Overall,75,98,ReRZV_2d,2024,1,dC_GP_PHN_d,-1.6421117177641205,-1.6326130019296579,-1.959846169856097,-1.3713493320459755
Overall,75,98,ReRZV_2d,2024,1,dC_GP_d,-5.599300461336671,-5.570849913683636,-6.377492548073317,-4.926362575683023
Overall,75,98,ReRZV_2d,2024,1,dC_Med_d,-11.258210800355121,-11.196246608371577,-13.54362490888614,-9.379803476941264
Overall,75,98,ReRZV_2d,2024,1,dC_VacZVL_d,110,110,110,110
Overall,75,98,ReRZV_2d,2024,1,dC_VacRZV_d,9.756992826772127,9.7570029395822,9.756334805442753,9.757531704766196
Overall,75,98,ReRZV_2d,2024,1,dC_Vac_d,119.75699282677213,119.75700293958221,119.75633480544276,119.7575317047662
Overall,75,98,ReRZV_2d,2024,1,dC_All_d,108.498782026417,108.56105152802273,106.21342309629479,110.37672469681927
Overall,75,98,ReRZV_2d,2024,1,dN_VacZVL,1,1,1,1
Overall,75,98,ReRZV_2d,2024,1,dN_VacRZV,0.16166500935197975,0.16166517691257593,0.16165410650247933,0.16167393809852051
Overall,75,98,ReRZV_2d,2024,1,dN_VacZVL_d,1,1,1,1
Overall,75,98,ReRZV_2d,2024,1,dN_VacRZV_d,0.11478815090320149,0.11478826987743765,0.11478040947579711,0.11479449064430818
Overall,75,98,ReRZV_2d,2024,1,ICER,21542.62932631314,21460.76610869101,17723.827325717677,26032.761527028655
Overall,75,98,ReRZV_2d,2024,1,Price0,85,85,84.99999999999999,85.00000000000001
Overall,75,98,ReRZV_2d,2024,1,Thres20,983.4239873226836,978.7661679569915,822.1504350975603,1163.415213525264
Overall,75,98,ReRZV_2d,2024,1,Thres30,1426.0969414129754,1420.2430756493807,1188.7758620886673,1687.2965544705603
Overall,75,98,ReRZV_2d,2024,1,Thres20_50,NA,978.7661679569915,NA,NA
Overall,75,98,ReRZV_2d,2024,1,Thres30_90,NA,1265.4206184266163,NA,NA
Overall,75,98,ReRZV_2d,2024,1,Thres,NA,978.7661679569915,NA,NA
Overall,75,99,ReRZV_1d,2024,1,N0,1,1,1,1
Overall,75,99,ReRZV_1d,2024,1,dYear_Life,1.957063184299166e-4,1.9420414201398728e-4,1.5389301506152364e-4,2.468143435203629e-4
Overall,75,99,ReRZV_1d,2024,1,dYear_Immunised,4.100365387597879,4.091471220797944,3.6198054209230204,4.6406129121896775
Overall,75,99,ReRZV_1d,2024,1,dRisk_HZ,-0.03748223558915426,-0.037304255824578685,-0.04281034384879687,-0.032820292319697235
Overall,75,99,ReRZV_1d,2024,1,dRisk_Hosp,-0.001478378883751992,-0.0014646763508814656,-0.001917820446560502,-0.0011162837266107065
Overall,75,99,ReRZV_1d,2024,1,dRisk_PHN,-0.003178489883979524,-0.0031569574420084456,-0.003774903894653363,-0.0026703658115949367
Overall,75,99,ReRZV_1d,2024,1,dRisk_Death,-2.6381065926102773e-5,-2.6162132768568625e-5,-3.4888894166005956e-5,-1.9708157527680477e-5
Overall,75,99,ReRZV_1d,2024,1,dQ_Life,1.3625629420354368e-4,1.3518872011353267e-4,1.0746444189582149e-4,1.7098479207149346e-4
Overall,75,99,ReRZV_1d,2024,1,dQ_HZ,0.005263398118516301,0.005234356571861647,0.00433661931571093,0.006310908103212852
Overall,75,99,ReRZV_1d,2024,1,dQ_HZ_Norm,0.0017099001655356257,0.0017010607072098802,0.0014320756027963574,0.002038726922296799
Overall,75,99,ReRZV_1d,2024,1,dQ_All,0.005398274432461301,0.0053683729633275945,0.004458108914115089,0.006466377180748538
Overall,75,99,ReRZV_1d,2024,1,dQ_HZ_d,0.004912344185680267,0.004887274829804874,0.0040832722488486056,0.005845668285528072
Overall,75,99,ReRZV_1d,2024,1,dQ_HZ_Norm_d,0.0016028678778201954,0.0015946687845454744,0.0013510098042466287,0.0018983563816259716
Overall,75,99,ReRZV_1d,2024,1,dQ_Life_d,1.1307036026835249e-4,1.1232892350676593e-4,8.988154146845062e-5,1.4119705678052873e-4
Overall,75,99,ReRZV_1d,2024,1,dQ_All_d,0.005025414545948647,0.005003580253674755,0.004172367646126541,0.005973817926767521
Overall,75,99,ReRZV_1d,2024,1,dC_Hosp,-6.075482859248403,-6.030965366813012,-8.008649001548623,-4.491855975938665
Overall,75,99,ReRZV_1d,2024,1,dC_GP_NonPHN,-4.183932007159421,-4.16918720420863,-4.767097330994061,-3.661159927206568
Overall,75,99,ReRZV_1d,2024,1,dC_GP_PHN,-1.7436467018050934,-1.73327590612585,-2.097475639186483,-1.4485713926316606
Overall,75,99,ReRZV_1d,2024,1,dC_GP,-5.927578708964514,-5.89471856042754,-6.8158549466537846,-5.172418401141298
Overall,75,99,ReRZV_1d,2024,1,dC_Med,-12.003061568212917,-11.929797383401443,-14.612797322167765,-9.864489605139237
Overall,75,99,ReRZV_1d,2024,1,dC_VacZVL,110,110,110,110
Overall,75,99,ReRZV_1d,2024,1,dC_VacRZV,4.956396376052527,4.956402667873297,4.956025512429911,4.956697603355851
Overall,75,99,ReRZV_1d,2024,1,dC_Vac,114.95639637605252,114.95640266787329,114.95602551242992,114.95669760335585
Overall,75,99,ReRZV_1d,2024,1,dC_All,102.95333480783961,103.02652283088516,100.34374930902021,105.09177897692508
Overall,75,99,ReRZV_1d,2024,1,dC_Hosp_d,-5.4738003305948215,-5.44060488491337,-7.14547120765,-4.072687412342178
Overall,75,99,ReRZV_1d,2024,1,dC_GP_NonPHN_d,-3.9239096934385365,-3.9111030044231887,-4.43394506125143,-3.459700058248935
Overall,75,99,ReRZV_1d,2024,1,dC_GP_PHN_d,-1.6296136417886604,-1.6194365244092397,-1.9468457589136563,-1.3594081248213445
Overall,75,99,ReRZV_1d,2024,1,dC_GP_d,-5.553523335227197,-5.526692382048368,-6.336889626258214,-4.879808923579072
Overall,75,99,ReRZV_1d,2024,1,dC_Med_d,-11.027323665822019,-10.959515007196138,-13.304147129481173,-9.152186216539326
Overall,75,99,ReRZV_1d,2024,1,dC_VacZVL_d,110,110,110,110
Overall,75,99,ReRZV_1d,2024,1,dC_VacRZV_d,3.467216947523306,3.467221348928269,3.4669575121311405,3.4674276692517356
Overall,75,99,ReRZV_1d,2024,1,dC_Vac_d,113.46721694752331,113.46722134892826,113.46695751213113,113.46742766925175
Overall,75,99,ReRZV_1d,2024,1,dC_All_d,102.43989328170129,102.5077108052018,100.16310150710805,104.31508292999435
Overall,75,99,ReRZV_1d,2024,1,dN_VacZVL,1,1,1,1
Overall,75,99,ReRZV_1d,2024,1,dN_VacRZV,0.058310545600617956,0.05831061962203878,0.05830618249917543,0.058314089451245305
Overall,75,99,ReRZV_1d,2024,1,dN_VacZVL_d,1,1,1,1
Overall,75,99,ReRZV_1d,2024,1,dN_VacRZV_d,0.04079078761792125,0.040790839399156106,0.04078773543683695,0.04079326669707924
Overall,75,99,ReRZV_1d,2024,1,ICER,20568.811983283176,20486.028056613573,16901.053490276725,24914.795147066805
Overall,75,99,ReRZV_1d,2024,1,Price0,85,85,84.99999999999999,85.00000000000001
Overall,75,99,ReRZV_1d,2024,1,Thres20,2734.33149991237,2722.1776683833905,2282.19596348305,3236.959658159242
Overall,75,99,ReRZV_1d,2024,1,Thres30,3966.32808184231,3947.089212398411,3301.912060330771,4703.462008344212
Overall,75,99,ReRZV_1d,2024,1,Thres20_50,NA,2722.1776683833905,NA,NA
Overall,75,99,ReRZV_1d,2024,1,Thres30_90,NA,3512.2571943557123,NA,NA
Overall,75,99,ReRZV_1d,2024,1,Thres,NA,2722.1776683833905,NA,NA
Overall,75,99,ReRZV_2d,2024,1,N0,1,1,1,1
Overall,75,99,ReRZV_2d,2024,1,dYear_Life,1.9574231194487002e-4,1.9424379898591582e-4,1.539155661459457e-4,2.4682982590817915e-4
Overall,75,99,ReRZV_2d,2024,1,dYear_Immunised,4.10263251084901,4.093647071664286,3.621358971000612,4.643814296387219
Overall,75,99,ReRZV_2d,2024,1,dRisk_HZ,-0.03750126480778306,-0.03731598308478384,-0.04281973511020567,-0.03283771487463912
Overall,75,99,ReRZV_2d,2024,1,dRisk_Hosp,-0.00148059278122039,-0.0014669023240328747,-0.0019216261992297157,-0.0011180225034225593
Overall,75,99,ReRZV_2d,2024,1,dRisk_PHN,-0.003179922645710162,-0.0031589640741827383,-0.003777631267292702,-0.002671153247018561
Overall,75,99,ReRZV_2d,2024,1,dRisk_Death,-2.6440695481019567e-5,-2.6201851527687584e-5,-3.49077019588304e-5,-1.976319875753882e-5
Overall,75,99,ReRZV_2d,2024,1,dQ_Life,1.3626776495551774e-4,1.3519820206475686e-4,1.0747061075924159e-4,1.7099825277342432e-4
Overall,75,99,ReRZV_2d,2024,1,dQ_HZ,0.005265411822536489,0.005236201387860972,0.004338710747792698,0.006316052588115376
Overall,75,99,ReRZV_2d,2024,1,dQ_HZ_Norm,0.00171041985243877,0.0017013641325839225,0.001432749765157654,0.0020389009659229165
Overall,75,99,ReRZV_2d,2024,1,dQ_All,0.0054002881364814785,0.005370157788804342,0.004459289811047462,0.0064688140916117735
Overall,75,99,ReRZV_2d,2024,1,dQ_HZ_d,0.0049137528600832715,0.004889007444601404,0.004083507002484809,0.005847573740797437
Overall,75,99,ReRZV_2d,2024,1,dQ_HZ_Norm_d,0.0016032314216333364,0.0015948512368800217,0.0013514210692589308,0.0018984423199449093
Overall,75,99,ReRZV_2d,2024,1,dQ_Life_d,1.1307826597753667e-4,1.1233882783123761e-4,8.989150846461236e-5,1.4120445246006418e-4
Overall,75,99,ReRZV_2d,2024,1,dQ_All_d,0.005026831126060785,0.005004690556394742,0.004176636003352696,0.005975537369236415
Overall,75,99,ReRZV_2d,2024,1,dC_Hosp,-6.082365670538951,-6.037575398271963,-8.015740419504779,-4.496723790859323
Overall,75,99,ReRZV_2d,2024,1,dC_GP_NonPHN,-4.1851331247238885,-4.170827032841635,-4.7694278251072495,-3.6620455563716408
Overall,75,99,ReRZV_2d,2024,1,dC_GP_PHN,-1.7440928024119964,-1.7336831427721244,-2.097863955167551,-1.4490296441069517
Overall,75,99,ReRZV_2d,2024,1,dC_GP,-5.929225927135884,-5.8974715515835054,-6.817557038888608,-5.1754114251396945
Overall,75,99,ReRZV_2d,2024,1,dC_Med,-12.011591597674835,-11.936758213689352,-14.622336404705024,-9.87232558934207
Overall,75,99,ReRZV_2d,2024,1,dC_VacZVL,110,110,110,110
Overall,75,99,ReRZV_2d,2024,1,dC_VacRZV,9.912792752105053,9.912805335746594,9.912051024859823,9.913395206711701
Overall,75,99,ReRZV_2d,2024,1,dC_Vac,119.91279275210505,119.91280533574658,119.91205102485982,119.9133952067117
Overall,75,99,ReRZV_2d,2024,1,dC_All,107.90120115443021,107.9759020145228,105.29075685767093,110.04021157478657
Overall,75,99,ReRZV_2d,2024,1,dC_Hosp_d,-5.478615159382223,-5.446776276832853,-7.151431305580053,-4.0766822692383675
Overall,75,99,ReRZV_2d,2024,1,dC_GP_NonPHN_d,-3.92474992792737,-3.911811946485411,-4.4350934509556055,-3.4604913820670995
Overall,75,99,ReRZV_2d,2024,1,dC_GP_PHN_d,-1.6299257087557069,-1.6195666633201133,-1.9470480344175436,-1.3596543637721994
Overall,75,99,ReRZV_2d,2024,1,dC_GP_d,-5.5546756366830765,-5.528594148361356,-6.338558746771609,-4.881458508724473
Overall,75,99,ReRZV_2d,2024,1,dC_Med_d,-11.0332907960653,-10.963853752724967,-13.307825678655231,-9.156307615501587
Overall,75,99,ReRZV_2d,2024,1,dC_VacZVL_d,110,110,110,110
Overall,75,99,ReRZV_2d,2024,1,dC_VacRZV_d,6.934433895046612,6.934442697856538,6.933915024262281,6.934855338503471
Overall,75,99,ReRZV_2d,2024,1,dC_Vac_d,116.93443389504661,116.93444269785654,116.93391502426228,116.93485533850347
Overall,75,99,ReRZV_2d,2024,1,dC_All_d,105.90114309898131,105.97078801410498,103.62666875626155,107.77823067756574
Overall,75,99,ReRZV_2d,2024,1,dN_VacZVL,1,1,1,1
Overall,75,99,ReRZV_2d,2024,1,dN_VacRZV,0.11662109120123591,0.11662123924407757,0.11661236499835086,0.11662817890249061
Overall,75,99,ReRZV_2d,2024,1,dN_VacZVL_d,1,1,1,1
Overall,75,99,ReRZV_2d,2024,1,dN_VacRZV_d,0.0815815752358425,0.08158167879831221,0.0815754708736739,0.08158653339415849
Overall,75,99,ReRZV_2d,2024,1,ICER,21257.3227147724,21174.415301374363,17472.03697819623,25736.859641611285
Overall,75,99,ReRZV_2d,2024,1,Price0,85,85,84.99999999999999,85.00000000000001
Overall,75,99,ReRZV_2d,2024,1,Thres20,1367.5861721707936,1361.325614838313,1141.7837876094554,1619.6456922925734
Overall,75,99,ReRZV_2d,2024,1,Thres30,1983.7581027128904,1974.587812557932,1651.4499366780033,2353.1306790787708
Overall,75,99,ReRZV_2d,2024,1,Thres20_50,NA,1361.325614838313,NA,NA
Overall,75,99,ReRZV_2d,2024,1,Thres30_90,NA,1756.5901343754063,NA,NA
Overall,75,99,ReRZV_2d,2024,1,Thres,NA,1361.325614838313,NA,NA
Overall,75,NA,Vac,2024,1,N0,1,1,1,1
Overall,75,NA,Vac,2024,1,dYear_Life,1.947831869565917e-4,1.932947268175056e-4,1.5290871854598543e-4,2.456744275184608e-4
Overall,75,NA,Vac,2024,1,dYear_Immunised,4.042293187600402,4.032627367740899,3.558660147232599,4.586326506095596
Overall,75,NA,Vac,2024,1,dRisk_HZ,-0.0369951967589882,-0.03680676564054243,-0.042325525803950825,-0.032319878768614
Overall,75,NA,Vac,2024,1,dRisk_Hosp,-0.0014218749071745348,-0.001407470853530162,-0.0018575260485007362,-0.0010622123046750266
Overall,75,NA,Vac,2024,1,dRisk_PHN,-0.0031416491985502668,-0.0031202680155736737,-0.003738146402767137,-0.0026296869694222872
Overall,75,NA,Vac,2024,1,dRisk_Death,-2.4851994458647404e-5,-2.456402438058577e-5,-3.332930409292194e-5,-1.8144661307458258e-5
Overall,75,NA,Vac,2024,1,dQ_Life,1.3596210198086478e-4,1.348875591657972e-4,1.071461791692041e-4,1.706914233805534e-4
Overall,75,NA,Vac,2024,1,dQ_HZ,0.005211835016297264,0.00518295431626422,0.004289301275534862,0.006260694744373618
Overall,75,NA,Vac,2024,1,dQ_HZ_Norm,0.0016965931560397642,0.0016869555850609424,0.0014185928711529232,0.0020238861742598135
Overall,75,NA,Vac,2024,1,dQ_All,0.005346711330242254,0.005319377509533929,0.00441330585154498,0.0064102214847600696
Overall,75,NA,Vac,2024,1,dQ_HZ_d,0.004876273531052133,0.004852506170735787,0.004046191870317277,0.005810404735424643
Overall,75,NA,Vac,2024,1,dQ_HZ_Norm_d,0.0015935590402405726,0.0015852219000136777,0.0013415735816220517,0.0018877308252653025
Overall,75,NA,Vac,2024,1,dQ_Life_d,1.128676012727352e-4,1.1213108868801669e-4,8.96724426448614e-5,1.4099800021099006e-4
Overall,75,NA,Vac,2024,1,dQ_All_d,0.004989141132324857,0.00496695700311367,0.004140234200381032,0.005936535152594579
Overall,75,NA,Vac,2024,1,dC_Hosp,-5.899553125813439,-5.851823129918209,-7.813073799399497,-4.320738156791652
Overall,75,NA,Vac,2024,1,dC_GP_NonPHN,-4.1532001411178605,-4.1379760437500055,-4.742949579736142,-3.6287143819850596
Overall,75,NA,Vac,2024,1,dC_GP_PHN,-1.7321842989414888,-1.7219023160192466,-2.088455504236625,-1.4365263838561109
Overall,75,NA,Vac,2024,1,dC_GP,-5.885384440059349,-5.854778607835693,-6.773401988429579,-5.1301089585232464
Overall,75,NA,Vac,2024,1,dC_Med,-11.784937565872788,-11.708026484395546,-14.420663297823218,-9.628266889983557
Overall,75,NA,Vac,2024,1,dC_VacZVL,110,110,110,110
Overall,75,NA,Vac,2024,1,dC_VacRZV,0,0,0,0
Overall,75,NA,Vac,2024,1,dC_Vac,110,110,110,110
Overall,75,NA,Vac,2024,1,dC_All,98.21506243412722,98.29197351560445,95.57933670217678,100.37173311001644
Overall,75,NA,Vac,2024,1,dC_Hosp_d,-5.350729755310287,-5.317888107656174,-7.03527180910583,-3.9602878266685493
Overall,75,NA,Vac,2024,1,dC_GP_NonPHN_d,-3.902411403414126,-3.8884325676612197,-4.416357112837681,-3.4374846012020637
Overall,75,NA,Vac,2024,1,dC_GP_PHN_d,-1.621595187562511,-1.6117259481176323,-1.9400943414241218,-1.351686178447525
Overall,75,NA,Vac,2024,1,dC_GP_d,-5.524006590976637,-5.497841592851706,-6.309053515608761,-4.849981332473399
Overall,75,NA,Vac,2024,1,dC_Med_d,-10.874736346286923,-10.80829161692202,-13.151002359992694,-8.972104604353799
Overall,75,NA,Vac,2024,1,dC_VacZVL_d,110,110,110,110
Overall,75,NA,Vac,2024,1,dC_VacRZV_d,0,0,0,0
Overall,75,NA,Vac,2024,1,dC_Vac_d,110,110,110,110
Overall,75,NA,Vac,2024,1,dC_All_d,99.12526365371308,99.19170838307798,96.8489976400073,101.02789539564621
Overall,75,NA,Vac,2024,1,dN_VacZVL,1,1,1,1
Overall,75,NA,Vac,2024,1,dN_VacRZV,0,0,0,0
Overall,75,NA,Vac,2024,1,dN_VacZVL_d,1,1,1,1
Overall,75,NA,Vac,2024,1,dN_VacRZV_d,0,0,0,0
Overall,75,NA,Vac,2024,1,ICER,20049.754505639212,19967.515076346084,16443.02924713169,24292.12773875869
Overall,75,NA,Vac,2024,1,Price0,NA,NA,NA,NA
Overall,75,NA,Vac,2024,1,Thres20,Inf,Inf,Inf,Inf
Overall,75,NA,Vac,2024,1,Thres30,Inf,Inf,Inf,Inf
Overall,75,NA,Vac,2024,1,Thres20_50,NA,Inf,NA,NA
Overall,75,NA,Vac,2024,1,Thres30_90,NA,Inf,NA,NA
Overall,75,NA,Vac,2024,1,Thres,NA,Inf,NA,NA
Second_80,70,80,ReRZV_1d,2024,0.8077861308578528,N0,0.8077861308578528,0.8077861308578528,0.8077861308578528,0.8077861308578528
Second_80,70,80,ReRZV_1d,2024,0.8077861308578528,dYear_Life,5.280999001672205e-4,5.289207142697276e-4,4.076076832045126e-4,6.489544050944394e-4
Second_80,70,80,ReRZV_1d,2024,0.8077861308578528,dYear_Immunised,6.503304741460947,6.552955032111356,5.175638406415756,7.480753924627359
Second_80,70,80,ReRZV_1d,2024,0.8077861308578528,dRisk_HZ,-0.07903931043541194,-0.07966288661443825,-0.0911182394378362,-0.06329087800999335
Second_80,70,80,ReRZV_1d,2024,0.8077861308578528,dRisk_Hosp,-0.0052626547134426134,-0.0052413718587788465,-0.0065707589105379,-0.004105293474687936
Second_80,70,80,ReRZV_1d,2024,0.8077861308578528,dRisk_PHN,-0.007130996223911267,-0.007162396654252641,-0.008490079241159501,-0.005613407995459692
Second_80,70,80,ReRZV_1d,2024,0.8077861308578528,dRisk_Death,-1.2430962902648928e-4,-1.243376588218578e-4,-1.5415640562690594e-4,-9.462959864098237e-5
Second_80,70,80,ReRZV_1d,2024,0.8077861308578528,dQ_Life,3.575335453675546e-4,3.5827716633180645e-4,2.7669997271538663e-4,4.391611447985522e-4
Second_80,70,80,ReRZV_1d,2024,0.8077861308578528,dQ_HZ,0.009223423890182554,0.009221165893674999,0.007088239088707647,0.011340117920985084
Second_80,70,80,ReRZV_1d,2024,0.8077861308578528,dQ_HZ_Norm,0.002738293532962208,0.002734294207750793,0.002101945425266596,0.0033560682246853535
Second_80,70,80,ReRZV_1d,2024,0.8077861308578528,dQ_All,0.009573576560520885,0.00958445977248093,0.007360983676636117,0.011744508092973865
Second_80,70,80,ReRZV_1d,2024,0.8077861308578528,dQ_HZ_d,0.008484720671009818,0.00848170356781695,0.0065236661504006425,0.01043019160286052
Second_80,70,80,ReRZV_1d,2024,0.8077861308578528,dQ_HZ_Norm_d,0.0025282365277842097,0.0025237851830526934,0.0019352199079890418,0.003097208807330787
Second_80,70,80,ReRZV_1d,2024,0.8077861308578528,dQ_Life_d,3.0257146648054756e-4,3.0340311267713904e-4,2.3412890836410337e-4,3.706330865546264e-4
Second_80,70,80,ReRZV_1d,2024,0.8077861308578528,dQ_All_d,0.00878729213749037,0.008793890273457023,0.006777498348911752,0.010767472143836934
Second_80,70,80,ReRZV_1d,2024,0.8077861308578528,dC_Hosp,-18.112228604911966,-18.04347304905212,-22.82768093038358,-13.906984709304902
Second_80,70,80,ReRZV_1d,2024,0.8077861308578528,dC_GP_NonPHN,-6.632933303389805,-6.682961264600596,-7.660207742515221,-5.308928010461047
Second_80,70,80,ReRZV_1d,2024,0.8077861308578528,dC_GP_PHN,-2.9633311972504286,-2.9782552528252833,-3.556237186256464,-2.309624674201106
Second_80,70,80,ReRZV_1d,2024,0.8077861308578528,dC_GP,-9.596264500640235,-9.670507660062833,-11.121323687650772,-7.703489890477688
Second_80,70,80,ReRZV_1d,2024,0.8077861308578528,dC_Med,-27.7084931055522,-27.763378297256942,-33.55850206063755,-21.988765190819613
Second_80,70,80,ReRZV_1d,2024,0.8077861308578528,dC_VacZVL,0,0,0,0
Second_80,70,80,ReRZV_1d,2024,0.8077861308578528,dC_VacRZV,85,85,84.99999999999999,85.00000000000001
Second_80,70,80,ReRZV_1d,2024,0.8077861308578528,dC_Vac,85,85,84.99999999999999,85.00000000000001
Second_80,70,80,ReRZV_1d,2024,0.8077861308578528,dC_All,57.2915068944478,57.236621702743065,51.44149793936247,63.01123480918039
Second_80,70,80,ReRZV_1d,2024,0.8077861308578528,dC_Hosp_d,-16.2868330248998,-16.23174281664598,-20.533193359650618,-12.46899808963526
Second_80,70,80,ReRZV_1d,2024,0.8077861308578528,dC_GP_NonPHN_d,-6.129150196599103,-6.180894474436278,-7.075057997636704,-4.9065566107588925
Second_80,70,80,ReRZV_1d,2024,0.8077861308578528,dC_GP_PHN_d,-2.743765811505898,-2.757330059738317,-3.2904102523798655,-2.133095222117841
Second_80,70,80,ReRZV_1d,2024,0.8077861308578528,dC_GP_d,-8.872916008105001,-8.938316507600177,-10.280112978227276,-7.116832267749475
Second_80,70,80,ReRZV_1d,2024,0.8077861308578528,dC_Med_d,-25.1597490330048,-25.214703329877587,-30.334328519467526,-19.947182401456967
Second_80,70,80,ReRZV_1d,2024,0.8077861308578528,dC_VacZVL_d,0,0,0,0
Second_80,70,80,ReRZV_1d,2024,0.8077861308578528,dC_VacRZV_d,85,85,84.99999999999999,85.00000000000001
Second_80,70,80,ReRZV_1d,2024,0.8077861308578528,dC_Vac_d,85,85,84.99999999999999,85.00000000000001
Second_80,70,80,ReRZV_1d,2024,0.8077861308578528,dC_All_d,59.8402509669952,59.78529667012242,54.66567148053247,65.05281759854303
Second_80,70,80,ReRZV_1d,2024,0.8077861308578528,dN_VacZVL,0,0,0,0
Second_80,70,80,ReRZV_1d,2024,0.8077861308578528,dN_VacRZV,1,1,1,1
Second_80,70,80,ReRZV_1d,2024,0.8077861308578528,dN_VacZVL_d,0,0,0,0
Second_80,70,80,ReRZV_1d,2024,0.8077861308578528,dN_VacRZV_d,1,1,1,1
Second_80,70,80,ReRZV_1d,2024,0.8077861308578528,ICER,6927.174168062719,6783.800175138108,5264.501393659587,9432.151372430753
Second_80,70,80,ReRZV_1d,2024,0.8077861308578528,Price0,85,85,84.99999999999999,85.00000000000001
Second_80,70,80,ReRZV_1d,2024,0.8077861308578528,Thres20,200.90559178281222,201.187395022767,156.89223028177224,242.9945469532888
Second_80,70,80,ReRZV_1d,2024,0.8077861308578528,Thres30,288.7785131577159,289.2176392826266,224.80915623075822,350.6512466940392
Second_80,70,80,ReRZV_1d,2024,0.8077861308578528,Thres20_50,NA,201.187395022767,NA,NA
Second_80,70,80,ReRZV_1d,2024,0.8077861308578528,Thres30_90,NA,247.11118178971407,NA,NA
Second_80,70,80,ReRZV_1d,2024,0.8077861308578528,Thres,NA,201.187395022767,NA,NA
Second_80,70,80,ReRZV_2d,2024,0.8077861308578528,N0,0.8077861308578528,0.8077861308578528,0.8077861308578528,0.8077861308578528
Second_80,70,80,ReRZV_2d,2024,0.8077861308578528,dYear_Life,5.511011075619943e-4,5.512087549721568e-4,4.4198628675617193e-4,6.675432072867369e-4
Second_80,70,80,ReRZV_2d,2024,0.8077861308578528,dYear_Immunised,6.789650808192944,6.810006245799379,5.753322214760176,7.648368063414797
Second_80,70,80,ReRZV_2d,2024,0.8077861308578528,dRisk_HZ,-0.08252040129341061,-0.08274899540317332,-0.09346602465409201,-0.06977377248724903
Second_80,70,80,ReRZV_2d,2024,0.8077861308578528,dRisk_Hosp,-0.0054915030219955625,-0.0054814042288161,-0.006794736915465565,-0.004346063512034379
Second_80,70,80,ReRZV_2d,2024,0.8077861308578528,dRisk_PHN,-0.00744475211754624,-0.007466338557620119,-0.008706685966630465,-0.006217760565781429
Second_80,70,80,ReRZV_2d,2024,0.8077861308578528,dRisk_Death,-1.296635915275302e-4,-1.2950530095936062e-4,-1.5992018145198655e-4,-1.0187014674039833e-4
Second_80,70,80,ReRZV_2d,2024,0.8077861308578528,dQ_Life,3.7312206442301313e-4,3.731627835481353e-4,2.9932857334820834e-4,4.5090605761723666e-4
Second_80,70,80,ReRZV_2d,2024,0.8077861308578528,dQ_HZ,0.00962876164982635,0.009593092996573599,0.0076571769979408046,0.011645410725253413
Second_80,70,80,ReRZV_2d,2024,0.8077861308578528,dQ_HZ_Norm,0.0028588809903524336,0.0028472382699159457,0.002292025102043785,0.003458569860691187
Second_80,70,80,ReRZV_2d,2024,0.8077861308578528,dQ_All,0.009994190763679467,0.009966104446101739,0.007989982690699263,0.012027483081585244
Second_80,70,80,ReRZV_2d,2024,0.8077861308578528,dQ_HZ_d,0.008858531928811354,0.008835101257511503,0.0070822356735689655,0.010688604212257875
Second_80,70,80,ReRZV_2d,2024,0.8077861308578528,dQ_HZ_Norm_d,0.0026398495072265816,0.0026297021837009115,0.0021266806277325245,0.0031920115990574476
Second_80,70,80,ReRZV_2d,2024,0.8077861308578528,dQ_Life_d,3.15784643792358e-4,3.1576785781196035e-4,2.539794157978155e-4,3.8080377790414825e-4
Second_80,70,80,ReRZV_2d,2024,0.8077861308578528,dQ_All_d,0.009174316572603713,0.009150200118020313,0.00735647173692856,0.011028996329191115
Second_80,70,80,ReRZV_2d,2024,0.8077861308578528,dC_Hosp,-18.898366112676474,-18.82922513282432,-23.562974831229628,-14.709455469398453
Second_80,70,80,ReRZV_2d,2024,0.8077861308578528,dC_GP_NonPHN,-6.9254192623274955,-6.938378659925819,-7.859444566235671,-5.856592009598135
Second_80,70,80,ReRZV_2d,2024,0.8077861308578528,dC_GP_PHN,-3.0937866303319024,-3.0929203213484877,-3.64147609961046,-2.538020282071649
Second_80,70,80,ReRZV_2d,2024,0.8077861308578528,dC_GP,-10.019205892659398,-10.05055863251731,-11.38714593247201,-8.485298976680342
Second_80,70,80,ReRZV_2d,2024,0.8077861308578528,dC_Med,-28.91757200533587,-28.927182212476335,-34.2950423156837,-23.67183204119741
Second_80,70,80,ReRZV_2d,2024,0.8077861308578528,dC_VacZVL,0,0,0,0
Second_80,70,80,ReRZV_2d,2024,0.8077861308578528,dC_VacRZV,170,170,169.99999999999997,170.00000000000003
Second_80,70,80,ReRZV_2d,2024,0.8077861308578528,dC_Vac,170,170,169.99999999999997,170.00000000000003
Second_80,70,80,ReRZV_2d,2024,0.8077861308578528,dC_All,141.08242799466413,141.07281778752366,135.7049576843163,146.3281679588026
Second_80,70,80,ReRZV_2d,2024,0.8077861308578528,dC_Hosp_d,-16.99553028973659,-16.92128193770302,-21.138312149673535,-13.295818942835288
Second_80,70,80,ReRZV_2d,2024,0.8077861308578528,dC_GP_NonPHN_d,-6.400084232908013,-6.4197004658993055,-7.257190339546444,-5.420788991512831
Second_80,70,80,ReRZV_2d,2024,0.8077861308578528,dC_GP_PHN_d,-2.864850595467908,-2.8670888833850428,-3.3715338167781326,-2.35512548232849
Second_80,70,80,ReRZV_2d,2024,0.8077861308578528,dC_GP_d,-9.264934828375921,-9.298442412412529,-10.52157918813882,-7.874374517240707
Second_80,70,80,ReRZV_2d,2024,0.8077861308578528,dC_Med_d,-26.26046511811251,-26.2753932374117,-31.09477754760608,-21.55484768161871
Second_80,70,80,ReRZV_2d,2024,0.8077861308578528,dC_VacZVL_d,0,0,0,0
Second_80,70,80,ReRZV_2d,2024,0.8077861308578528,dC_VacRZV_d,170,170,169.99999999999997,170.00000000000003
Second_80,70,80,ReRZV_2d,2024,0.8077861308578528,dC_Vac_d,170,170,169.99999999999997,170.00000000000003
Second_80,70,80,ReRZV_2d,2024,0.8077861308578528,dC_All_d,143.7395348818875,143.7246067625883,138.90522245239396,148.44515231838128
Second_80,70,80,ReRZV_2d,2024,0.8077861308578528,dN_VacZVL,0,0,0,0
Second_80,70,80,ReRZV_2d,2024,0.8077861308578528,dN_VacRZV,2,2,2,2
Second_80,70,80,ReRZV_2d,2024,0.8077861308578528,dN_VacZVL_d,0,0,0,0
Second_80,70,80,ReRZV_2d,2024,0.8077861308578528,dN_VacRZV_d,2,2,2,2
Second_80,70,80,ReRZV_2d,2024,0.8077861308578528,ICER,15845.898792478403,15696.741684064638,12794.34238203753,19971.117602507773
Second_80,70,80,ReRZV_2d,2024,0.8077861308578528,Price0,85,85,84.99999999999999,85.00000000000001
Second_80,70,80,ReRZV_2d,2024,0.8077861308578528,Thres20,104.87339828509339,104.70122303689915,85.10685416640433,124.7386359031426
Second_80,70,80,ReRZV_2d,2024,0.8077861308578528,Thres30,150.74498114811195,150.3863354789835,121.96542693989704,179.85487381341213
Second_80,70,80,ReRZV_2d,2024,0.8077861308578528,Thres20_50,NA,104.70122303689915,NA,NA
Second_80,70,80,ReRZV_2d,2024,0.8077861308578528,Thres30_90,NA,132.17396700405376,NA,NA
Second_80,70,80,ReRZV_2d,2024,0.8077861308578528,Thres,NA,104.70122303689915,NA,NA
Second_80,75,80,ReRZV_1d,2024,0.8863228055727066,N0,0.8863228055727066,0.8863228055727066,0.8863228055727066,0.8863228055727066
Second_80,75,80,ReRZV_1d,2024,0.8863228055727066,dYear_Life,4.720770798791802e-4,4.730674268999839e-4,3.5271689156914153e-4,5.867903765909639e-4
Second_80,75,80,ReRZV_1d,2024,0.8863228055727066,dYear_Immunised,5.72508004768074,5.778105002827616,4.382537493700138,6.695404204615949
Second_80,75,80,ReRZV_1d,2024,0.8863228055727066,dRisk_HZ,-0.0633575141106552,-0.0638519234828323,-0.07432687197030155,-0.04899964958265861
Second_80,75,80,ReRZV_1d,2024,0.8863228055727066,dRisk_Hosp,-0.004311048267554134,-0.0042983195317233365,-0.005449141668326125,-0.003274830123333517
Second_80,75,80,ReRZV_1d,2024,0.8863228055727066,dRisk_PHN,-0.005707780148529378,-0.005730376991639625,-0.006918742879760728,-0.004352320940704881
Second_80,75,80,ReRZV_1d,2024,0.8863228055727066,dRisk_Death,-1.0313358055859304e-4,-1.0331521327643268e-4,-1.299847799569438e-4,-7.686102806495636e-5
Second_80,75,80,ReRZV_1d,2024,0.8863228055727066,dQ_Life,3.1905843333715337e-4,3.1974892011373365e-4,2.3802027872420396e-4,3.963547101782248e-4
Second_80,75,80,ReRZV_1d,2024,0.8863228055727066,dQ_HZ,0.008134730413233598,0.008141755919568283,0.006086760980533148,0.010147245932328079
Second_80,75,80,ReRZV_1d,2024,0.8863228055727066,dQ_HZ_Norm,0.002406194279880837,0.002404073570872186,0.0017926872007186514,0.002986224276111945
Second_80,75,80,ReRZV_1d,2024,0.8863228055727066,dQ_All,0.008446852831412046,0.008459758604699288,0.006338006284659696,0.010523287102211731
Second_80,75,80,ReRZV_1d,2024,0.8863228055727066,dQ_HZ_d,0.007452436082892803,0.007467003044735644,0.005574779685023587,0.009291914729654044
Second_80,75,80,ReRZV_1d,2024,0.8863228055727066,dQ_HZ_Norm_d,0.002212597147889829,0.002213466988992473,0.0016491353387719102,0.0027402466254390985
Second_80,75,80,ReRZV_1d,2024,0.8863228055727066,dQ_Life_d,2.693312518615882e-4,2.70140631763344e-4,2.017113484769591e-4,3.343012667134599e-4
Second_80,75,80,ReRZV_1d,2024,0.8863228055727066,dQ_All_d,0.00772176733475439,0.007745348740870078,0.005787931325204347,0.009601981952191254
Second_80,75,80,ReRZV_1d,2024,0.8863228055727066,dC_Hosp,-16.326161629660124,-16.28841841832505,-20.831416095898238,-12.254280336269238
Second_80,75,80,ReRZV_1d,2024,0.8863228055727066,dC_GP_NonPHN,-5.823973505331994,-5.881144801034553,-6.857159207097734,-4.5141975370599905
Second_80,75,80,ReRZV_1d,2024,0.8863228055727066,dC_GP_PHN,-2.598043566683042,-2.6118603022179236,-3.1647436153093405,-1.9624722780365582
Second_80,75,80,ReRZV_1d,2024,0.8863228055727066,dC_GP,-8.422017072015036,-8.489741153320942,-9.909603734590046,-6.523800214775222
Second_80,75,80,ReRZV_1d,2024,0.8863228055727066,dC_Med,-24.748178701675158,-24.829486079652817,-30.320725652930598,-19.09742531767117
Second_80,75,80,ReRZV_1d,2024,0.8863228055727066,dC_VacZVL,0,0,0,0
Second_80,75,80,ReRZV_1d,2024,0.8863228055727066,dC_VacRZV,85,85,84.99999999999999,85.00000000000001
Second_80,75,80,ReRZV_1d,2024,0.8863228055727066,dC_Vac,85,85,84.99999999999999,85.00000000000001
Second_80,75,80,ReRZV_1d,2024,0.8863228055727066,dC_All,60.25182129832484,60.17051392034719,54.679274347069395,65.90257468232883
Second_80,75,80,ReRZV_1d,2024,0.8863228055727066,dC_Hosp_d,-14.622162360418951,-14.577330211598781,-18.612983208631363,-10.973419439931561
Second_80,75,80,ReRZV_1d,2024,0.8863228055727066,dC_GP_NonPHN_d,-5.3599355893832845,-5.416106611406406,-6.300051927489302,-4.155181387868574
Second_80,75,80,ReRZV_1d,2024,0.8863228055727066,dC_GP_PHN_d,-2.396231444085571,-2.4082504045939404,-2.9179392561168642,-1.8058696953901623
Second_80,75,80,ReRZV_1d,2024,0.8863228055727066,dC_GP_d,-7.756167033468856,-7.8230646951191005,-9.118598206976177,-5.998772776530959
Second_80,75,80,ReRZV_1d,2024,0.8863228055727066,dC_Med_d,-22.378329393887807,-22.452365966256366,-27.328631578564067,-17.260929408688142
Second_80,75,80,ReRZV_1d,2024,0.8863228055727066,dC_VacZVL_d,0,0,0,0
Second_80,75,80,ReRZV_1d,2024,0.8863228055727066,dC_VacRZV_d,85,85,84.99999999999999,85.00000000000001
Second_80,75,80,ReRZV_1d,2024,0.8863228055727066,dC_Vac_d,85,85,84.99999999999999,85.00000000000001
Second_80,75,80,ReRZV_1d,2024,0.8863228055727066,dC_All_d,62.62167060611219,62.54763403374364,57.67136842143593,67.73907059131186
Second_80,75,80,ReRZV_1d,2024,0.8863228055727066,dN_VacZVL,0,0,0,0
Second_80,75,80,ReRZV_1d,2024,0.8863228055727066,dN_VacRZV,1,1,1,1
Second_80,75,80,ReRZV_1d,2024,0.8863228055727066,dN_VacZVL_d,0,0,0,0
Second_80,75,80,ReRZV_1d,2024,0.8863228055727066,dN_VacRZV_d,1,1,1,1
Second_80,75,80,ReRZV_1d,2024,0.8863228055727066,ICER,8273.135175571468,8072.405894275383,6170.109416923408,11566.859908252964
Second_80,75,80,ReRZV_1d,2024,0.8863228055727066,Price0,85,85,84.99999999999999,85.00000000000001
Second_80,75,80,ReRZV_1d,2024,0.8863228055727066,Thres20,176.8136760889756,177.4770901788653,133.96781806354426,217.79644639855755
Second_80,75,80,ReRZV_1d,2024,0.8863228055727066,Thres30,254.03134943651952,254.67497781249378,191.97192524249104,314.5496596953148
Second_80,75,80,ReRZV_1d,2024,0.8863228055727066,Thres20_50,NA,177.4770901788653,NA,NA
Second_80,75,80,ReRZV_1d,2024,0.8863228055727066,Thres30_90,NA,214.72358546210157,NA,NA
Second_80,75,80,ReRZV_1d,2024,0.8863228055727066,Thres,NA,177.4770901788653,NA,NA
Second_80,75,80,ReRZV_2d,2024,0.8863228055727066,N0,0.8863228055727066,0.8863228055727066,0.8863228055727066,0.8863228055727066
Second_80,75,80,ReRZV_2d,2024,0.8863228055727066,dYear_Life,4.950783066055176e-4,4.951239728757948e-4,3.8957767965400094e-4,6.074098452024209e-4
Second_80,75,80,ReRZV_2d,2024,0.8863228055727066,dYear_Immunised,6.011426354408587,6.023574523404516,4.996050526286361,6.885455885410768
Second_80,75,80,ReRZV_2d,2024,0.8863228055727066,dRisk_HZ,-0.0665301470606777,-0.06665352588220638,-0.07639957543491958,-0.05533095007425287
Second_80,75,80,ReRZV_2d,2024,0.8863228055727066,dRisk_Hosp,-0.004519618430153867,-0.004509888486778012,-0.005649955925725115,-0.0035139853462630316
Second_80,75,80,ReRZV_2d,2024,0.8863228055727066,dRisk_PHN,-0.005993734272900122,-0.006005447793066556,-0.007098169624620673,-0.00491496213199115
Second_80,75,80,ReRZV_2d,2024,0.8863228055727066,dRisk_Death,-1.080131308063089e-4,-1.0781348538461269e-4,-1.349982578965463e-4,-8.334828084853336e-5
Second_80,75,80,ReRZV_2d,2024,0.8863228055727066,dQ_Life,3.3464696549434265e-4,3.348208266740576e-4,2.637841113124306e-4,4.1040058992376235e-4
Second_80,75,80,ReRZV_2d,2024,0.8863228055727066,dQ_HZ,0.008540068512606979,0.008514287056425634,0.006671200671225161,0.010461786409181472
Second_80,75,80,ReRZV_2d,2024,0.8863228055727066,dQ_HZ_Norm,0.0025267818383235747,0.0025135769290925815,0.0019951786918199015,0.0030848128360396036
Second_80,75,80,ReRZV_2d,2024,0.8863228055727066,dQ_All,0.0088674673871398,0.008841882780823637,0.006970105418418,0.010830124358578656
Second_80,75,80,ReRZV_2d,2024,0.8863228055727066,dQ_HZ_d,0.007826247654001578,0.007802353670408505,0.006134395072902333,0.009558640857374625
Second_80,75,80,ReRZV_2d,2024,0.8863228055727066,dQ_HZ_Norm_d,0.0023242102208643547,0.0023130532314841047,0.0018400546497236985,0.0028302275387935213
Second_80,75,80,ReRZV_2d,2024,0.8863228055727066,dQ_Life_d,2.825444402790151e-4,2.8248191886816597e-4,2.231873884446408e-4,3.4576401196955667e-4
Second_80,75,80,ReRZV_2d,2024,0.8863228055727066,dQ_All_d,0.008108792094280618,0.008088190305486735,0.0063794121450729355,0.00987271875491706
Second_80,75,80,ReRZV_2d,2024,0.8863228055727066,dC_Hosp,-17.11229979611211,-17.02828155729341,-21.505868875162104,-13.072185995379545
Second_80,75,80,ReRZV_2d,2024,0.8863228055727066,dC_GP_NonPHN,-6.116459709411452,-6.121671826254361,-7.044920425441247,-5.07580362728994
Second_80,75,80,ReRZV_2d,2024,0.8863228055727066,dC_GP_PHN,-2.7284991090614326,-2.7306068095503693,-3.2591684579455444,-2.2016589287275137
Second_80,75,80,ReRZV_2d,2024,0.8863228055727066,dC_GP,-8.844958818472884,-8.856570826763342,-10.177481563091487,-7.3674554789739775
Second_80,75,80,ReRZV_2d,2024,0.8863228055727066,dC_Med,-25.957258614584994,-25.975172353688794,-31.08238744829926,-20.860298693138727
Second_80,75,80,ReRZV_2d,2024,0.8863228055727066,dC_VacZVL,0,0,0,0
Second_80,75,80,ReRZV_2d,2024,0.8863228055727066,dC_VacRZV,170,170,169.99999999999997,170.00000000000003
Second_80,75,80,ReRZV_2d,2024,0.8863228055727066,dC_Vac,170,170,169.99999999999997,170.00000000000003
Second_80,75,80,ReRZV_2d,2024,0.8863228055727066,dC_All,144.042741385415,144.0248276463112,138.91761255170073,149.13970130686127
Second_80,75,80,ReRZV_2d,2024,0.8863228055727066,dC_Hosp_d,-15.33086021905995,-15.269347749741048,-19.268085323730244,-11.752726743641007
Second_80,75,80,ReRZV_2d,2024,0.8863228055727066,dC_GP_NonPHN_d,-5.630869852770819,-5.640643657060774,-6.477127860869194,-4.6785573694173745
Second_80,75,80,ReRZV_2d,2024,0.8863228055727066,dC_GP_PHN_d,-2.5173163294944407,-2.5190408336106507,-3.006823783359636,-2.040366880675905
Second_80,75,80,ReRZV_2d,2024,0.8863228055727066,dC_GP_d,-8.14818618226526,-8.15884349469949,-9.371391485310621,-6.805986838020461
Second_80,75,80,ReRZV_2d,2024,0.8863228055727066,dC_Med_d,-23.47904640132521,-23.480405892225683,-28.051723048253077,-18.970787336641653
Second_80,75,80,ReRZV_2d,2024,0.8863228055727066,dC_VacZVL_d,0,0,0,0
Second_80,75,80,ReRZV_2d,2024,0.8863228055727066,dC_VacRZV_d,170,170,169.99999999999997,170.00000000000003
Second_80,75,80,ReRZV_2d,2024,0.8863228055727066,dC_Vac_d,170,170,169.99999999999997,170.00000000000003
Second_80,75,80,ReRZV_2d,2024,0.8863228055727066,dC_All_d,146.5209535986748,146.5195941077743,141.94827695174692,151.02921266335835
Second_80,75,80,ReRZV_2d,2024,0.8863228055727066,dN_VacZVL,0,0,0,0
Second_80,75,80,ReRZV_2d,2024,0.8863228055727066,dN_VacRZV,2,2,2,2
Second_80,75,80,ReRZV_2d,2024,0.8863228055727066,dN_VacZVL_d,0,0,0,0
Second_80,75,80,ReRZV_2d,2024,0.8863228055727066,dN_VacRZV_d,2,2,2,2
Second_80,75,80,ReRZV_2d,2024,0.8863228055727066,ICER,18304.575737114807,18140.39825104724,14579.765340439046,23461.710152267195
Second_80,75,80,ReRZV_2d,2024,0.8863228055727066,Price0,85,85,84.99999999999999,85.00000000000001
Second_80,75,80,ReRZV_2d,2024,0.8863228055727066,Thres20,92.82744414346878,92.51734526583658,73.90931902367184,111.70126142401693
Second_80,75,80,ReRZV_2d,2024,0.8863228055727066,Thres30,133.3714046148719,132.9740661968046,105.81905388363633,160.9205935425332
Second_80,75,80,ReRZV_2d,2024,0.8863228055727066,Thres20_50,NA,92.51734526583658,NA,NA
Second_80,75,80,ReRZV_2d,2024,0.8863228055727066,Thres30_90,NA,115.77346158624997,NA,NA
Second_80,75,80,ReRZV_2d,2024,0.8863228055727066,Thres,NA,92.51734526583658,NA,NA
Second_81,70,81,ReRZV_1d,2024,0.7763482778040065,N0,0.7763482778040065,0.7763482778040065,0.7763482778040065,0.7763482778040065
Second_81,70,81,ReRZV_1d,2024,0.7763482778040065,dYear_Life,5.273248032961405e-4,5.28131403191881e-4,4.09132837816551e-4,6.47390284958511e-4
Second_81,70,81,ReRZV_1d,2024,0.7763482778040065,dYear_Immunised,6.204034564452994,6.25201802645134,4.964180663698981,7.097510976876171
Second_81,70,81,ReRZV_1d,2024,0.7763482778040065,dRisk_HZ,-0.07886959010490939,-0.07954348540833402,-0.0905707272139463,-0.06352446791156971
Second_81,70,81,ReRZV_1d,2024,0.7763482778040065,dRisk_Hosp,-0.005514191385827629,-0.0055012878485543384,-0.006898775742286512,-0.004285856470655504
Second_81,70,81,ReRZV_1d,2024,0.7763482778040065,dRisk_PHN,-0.007124848028291304,-0.00716984588870093,-0.008458641738565397,-0.005618031191647203
Second_81,70,81,ReRZV_1d,2024,0.7763482778040065,dRisk_Death,-1.3327905899162193e-4,-1.330590211268561e-4,-1.648312133424385e-4,-1.0232349706497344e-4
Second_81,70,81,ReRZV_1d,2024,0.7763482778040065,dQ_Life,3.5606375251656045e-4,3.565972526146076e-4,2.7689501739477056e-4,4.3699813722187077e-4
Second_81,70,81,ReRZV_1d,2024,0.7763482778040065,dQ_HZ,0.008860423823740624,0.0088626497293765,0.006802964249893841,0.010860318392283753
Second_81,70,81,ReRZV_1d,2024,0.7763482778040065,dQ_HZ_Norm,0.002606942558489994,0.0026021268883974743,0.002009736974531857,0.003189497570614307
Second_81,70,81,ReRZV_1d,2024,0.7763482778040065,dQ_All,0.009208733938397686,0.0092088071050831,0.0070919977516797185,0.011249876294086329
Second_81,70,81,ReRZV_1d,2024,0.7763482778040065,dQ_HZ_d,0.00819474229514576,0.008196457710736313,0.006290621507401553,0.010034380633090048
Second_81,70,81,ReRZV_1d,2024,0.7763482778040065,dQ_HZ_Norm_d,0.0024189485422514054,0.002417495279815041,0.0018594360046173145,0.0029528352041453833
Second_81,70,81,ReRZV_1d,2024,0.7763482778040065,dQ_Life_d,3.0438131462423584e-4,3.0481107017340316e-4,2.366157956863441e-4,3.7248416301134495e-4
Second_81,70,81,ReRZV_1d,2024,0.7763482778040065,dQ_All_d,0.008499123609769992,0.008505742585957833,0.006552303787146173,0.010396544036106854
Second_81,70,81,ReRZV_1d,2024,0.7763482778040065,dC_Hosp,-18.240342900804627,-18.181188279815498,-22.875107507397924,-13.908970577924554
Second_81,70,81,ReRZV_1d,2024,0.7763482778040065,dC_GP_NonPHN,-6.304196532611838,-6.363042087401758,-7.247652388244238,-5.073896571206468
Second_81,70,81,ReRZV_1d,2024,0.7763482778040065,dC_GP_PHN,-2.8209828569178352,-2.8351930608047162,-3.3868848623361445,-2.198864509007717
Second_81,70,81,ReRZV_1d,2024,0.7763482778040065,dC_GP,-9.125179389529674,-9.207746538098068,-10.537052609018046,-7.344408258033923
Second_81,70,81,ReRZV_1d,2024,0.7763482778040065,dC_Med,-27.3655222903343,-27.42049158950134,-32.98399053123578,-21.75670612773223
Second_81,70,81,ReRZV_1d,2024,0.7763482778040065,dC_VacZVL,0,0,0,0
Second_81,70,81,ReRZV_1d,2024,0.7763482778040065,dC_VacRZV,85,85,84.99999999999999,85.00000000000001
Second_81,70,81,ReRZV_1d,2024,0.7763482778040065,dC_Vac,85,85,84.99999999999999,85.00000000000001
Second_81,70,81,ReRZV_1d,2024,0.7763482778040065,dC_All,57.6344777096657,57.57950841049866,52.01600946876421,63.24329387226777
Second_81,70,81,ReRZV_1d,2024,0.7763482778040065,dC_Hosp_d,-16.541227045531684,-16.49361809597097,-20.753734725478424,-12.61011553872659
Second_81,70,81,ReRZV_1d,2024,0.7763482778040065,dC_GP_NonPHN_d,-5.854102520416397,-5.910141937599128,-6.721597116542689,-4.713884397685767
Second_81,70,81,ReRZV_1d,2024,0.7763482778040065,dC_GP_PHN_d,-2.625895568907902,-2.639967625210277,-3.157975914491094,-2.042103345488628
Second_81,70,81,ReRZV_1d,2024,0.7763482778040065,dC_GP_d,-8.4799980893243,-8.555734166355109,-9.792774308661688,-6.81138599962994
Second_81,70,81,ReRZV_1d,2024,0.7763482778040065,dC_Med_d,-25.021225134855985,-25.051528122956412,-30.12612223608311,-19.88444688650125
Second_81,70,81,ReRZV_1d,2024,0.7763482778040065,dC_VacZVL_d,0,0,0,0
Second_81,70,81,ReRZV_1d,2024,0.7763482778040065,dC_VacRZV_d,85,85,84.99999999999999,85.00000000000001
Second_81,70,81,ReRZV_1d,2024,0.7763482778040065,dC_Vac_d,85,85,84.99999999999999,85.00000000000001
Second_81,70,81,ReRZV_1d,2024,0.7763482778040065,dC_All_d,59.97877486514402,59.94847187704357,54.87387776391689,65.11555311349873
Second_81,70,81,ReRZV_1d,2024,0.7763482778040065,dN_VacZVL,0,0,0,0
Second_81,70,81,ReRZV_1d,2024,0.7763482778040065,dN_VacRZV,1,1,1,1
Second_81,70,81,ReRZV_1d,2024,0.7763482778040065,dN_VacZVL_d,0,0,0,0
Second_81,70,81,ReRZV_1d,2024,0.7763482778040065,dN_VacRZV_d,1,1,1,1
Second_81,70,81,ReRZV_1d,2024,0.7763482778040065,ICER,7175.614445067964,7024.485425516972,5465.884836201759,9789.762308222927
Second_81,70,81,ReRZV_1d,2024,0.7763482778040065,Price0,85,85,84.99999999999999,85.00000000000001
Second_81,70,81,ReRZV_1d,2024,0.7763482778040065,Thres20,195.00369733025582,195.31363774216913,152.29007577156315,235.3277790792538
Second_81,70,81,ReRZV_1d,2024,0.7763482778040065,Thres30,279.99493342795574,280.325921539594,218.40441948536127,339.0977737121639
Second_81,70,81,ReRZV_1d,2024,0.7763482778040065,Thres20_50,NA,195.31363774216913,NA,NA
Second_81,70,81,ReRZV_1d,2024,0.7763482778040065,Thres30_90,NA,240.28559351965194,NA,NA
Second_81,70,81,ReRZV_1d,2024,0.7763482778040065,Thres,NA,195.31363774216913,NA,NA
Second_81,70,81,ReRZV_2d,2024,0.7763482778040065,N0,0.7763482778040065,0.7763482778040065,0.7763482778040065,0.7763482778040065
Second_81,70,81,ReRZV_2d,2024,0.7763482778040065,dYear_Life,5.500166068204298e-4,5.495336664903161e-4,4.438652869584661e-4,6.654988195368151e-4
Second_81,70,81,ReRZV_2d,2024,0.7763482778040065,dYear_Immunised,6.473040039728048,6.495232252347134,5.52498215664852,7.2527754531981286
Second_81,70,81,ReRZV_2d,2024,0.7763482778040065,dRisk_HZ,-0.08229056939401175,-0.08254626267197823,-0.0925392201861159,-0.07013743372770011
Second_81,70,81,ReRZV_2d,2024,0.7763482778040065,dRisk_Hosp,-0.005751083288755772,-0.005745712423042287,-0.007112639905321565,-0.00457860868368892
Second_81,70,81,ReRZV_2d,2024,0.7763482778040065,dRisk_PHN,-0.007433522825712286,-0.007461622301143155,-0.008670843095964302,-0.006184353086100444
Second_81,70,81,ReRZV_2d,2024,0.7763482778040065,dRisk_Death,-1.3896388988159086e-4,-1.3885713105880323e-4,-1.7056917536352703e-4,-1.1019258869583193e-4
Second_81,70,81,ReRZV_2d,2024,0.7763482778040065,dQ_Life,3.713986917762371e-4,3.7098555861543863e-4,2.9972356303043635e-4,4.4848833679677063e-4
Second_81,70,81,ReRZV_2d,2024,0.7763482778040065,dQ_HZ,0.009244066549753587,0.00921329629585348,0.0073975759608272025,0.011158126883198321
Second_81,70,81,ReRZV_2d,2024,0.7763482778040065,dQ_HZ_Norm,0.0027199895503948247,0.0027110950680167833,0.002184342451854106,0.0032823855816206124
Second_81,70,81,ReRZV_2d,2024,0.7763482778040065,dQ_All,0.009607385957789018,0.009577801456592473,0.007707687657908231,0.011533380531052415
Second_81,70,81,ReRZV_2d,2024,0.7763482778040065,dQ_HZ_d,0.008550247600541414,0.008529133254206615,0.006874095987842093,0.010307489460991791
Second_81,70,81,ReRZV_2d,2024,0.7763482778040065,dQ_HZ_Norm_d,0.002524043199500733,0.00251591982938296,0.002030761763028509,0.0030429762007428626
Second_81,70,81,ReRZV_2d,2024,0.7763482778040065,dQ_Life_d,3.1750641953072603e-4,3.173290518635952e-4,2.5618155738818006e-4,3.8264080366067285e-4
Second_81,70,81,ReRZV_2d,2024,0.7763482778040065,dQ_All_d,0.008867754020072127,0.008842415317390023,0.007136491359433636,0.010629409295809035
Second_81,70,81,ReRZV_2d,2024,0.7763482778040065,dC_Hosp,-19.02284013697789,-18.95218993696527,-23.64332866123451,-14.879538601311205
Second_81,70,81,ReRZV_2d,2024,0.7763482778040065,dC_GP_NonPHN,-6.577925514746942,-6.597885435610712,-7.429447789382035,-5.600317099660133
Second_81,70,81,ReRZV_2d,2024,0.7763482778040065,dC_GP_PHN,-2.943242105324975,-2.945527406353179,-3.4707200410018793,-2.4191848920742256
Second_81,70,81,ReRZV_2d,2024,0.7763482778040065,dC_GP,-9.521167620071918,-9.545092988678434,-10.775107260991247,-8.102367896220695
Second_81,70,81,ReRZV_2d,2024,0.7763482778040065,dC_Med,-28.54400775704981,-28.54450904659134,-33.81611275728468,-23.432298511381763
Second_81,70,81,ReRZV_2d,2024,0.7763482778040065,dC_VacZVL,0,0,0,0
Second_81,70,81,ReRZV_2d,2024,0.7763482778040065,dC_VacRZV,170,170,169.99999999999997,170.00000000000003
Second_81,70,81,ReRZV_2d,2024,0.7763482778040065,dC_Vac,170,170,169.99999999999997,170.00000000000003
Second_81,70,81,ReRZV_2d,2024,0.7763482778040065,dC_All,141.4559922429502,141.45549095340866,136.18388724271537,146.56770148861818
Second_81,70,81,ReRZV_2d,2024,0.7763482778040065,dC_Hosp_d,-17.25221815877385,-17.195259264222265,-21.36652933669134,-13.547468936025334
Second_81,70,81,ReRZV_2d,2024,0.7763482778040065,dC_GP_NonPHN_d,-6.108768052584709,-6.127190277987854,-6.890200205324007,-5.209502886113982
Second_81,70,81,ReRZV_2d,2024,0.7763482778040065,dC_GP_PHN_d,-2.7399144270063394,-2.7426648291853373,-3.2225328401370135,-2.2554891309514
Second_81,70,81,ReRZV_2d,2024,0.7763482778040065,dC_GP_d,-8.848682479591048,-8.878596620388294,-9.987904003920779,-7.549316355661398
Second_81,70,81,ReRZV_2d,2024,0.7763482778040065,dC_Med_d,-26.100900638364898,-26.113867385228435,-30.905950704157934,-21.448890310749434
Second_81,70,81,ReRZV_2d,2024,0.7763482778040065,dC_VacZVL_d,0,0,0,0
Second_81,70,81,ReRZV_2d,2024,0.7763482778040065,dC_VacRZV_d,170,170,169.99999999999997,170.00000000000003
Second_81,70,81,ReRZV_2d,2024,0.7763482778040065,dC_Vac_d,170,170,169.99999999999997,170.00000000000003
Second_81,70,81,ReRZV_2d,2024,0.7763482778040065,dC_All_d,143.8990993616351,143.88613261477155,139.09404929584207,148.55110968925055
Second_81,70,81,ReRZV_2d,2024,0.7763482778040065,dN_VacZVL,0,0,0,0
Second_81,70,81,ReRZV_2d,2024,0.7763482778040065,dN_VacRZV,2,2,2,2
Second_81,70,81,ReRZV_2d,2024,0.7763482778040065,dN_VacZVL_d,0,0,0,0
Second_81,70,81,ReRZV_2d,2024,0.7763482778040065,dN_VacRZV_d,2,2,2,2
Second_81,70,81,ReRZV_2d,2024,0.7763482778040065,ICER,16406.799618717807,16251.555834429328,13278.902177472539,20564.06462553296
Second_81,70,81,ReRZV_2d,2024,0.7763482778040065,Price0,85,85,84.99999999999999,85.00000000000001
Second_81,70,81,ReRZV_2d,2024,0.7763482778040065,Thres20,101.72799051990371,101.59528001773465,83.01425943172106,120.6407322261907
Second_81,70,81,ReRZV_2d,2024,0.7763482778040065,Thres30,146.06676062026435,145.88369787971203,118.55531959625958,173.90954838323398
Second_81,70,81,ReRZV_2d,2024,0.7763482778040065,Thres20_50,NA,101.59528001773465,NA,NA
Second_81,70,81,ReRZV_2d,2024,0.7763482778040065,Thres30_90,NA,128.2048906273175,NA,NA
Second_81,70,81,ReRZV_2d,2024,0.7763482778040065,Thres,NA,101.59528001773465,NA,NA
Second_81,75,81,ReRZV_1d,2024,0.8518291377865308,N0,0.8518291377865308,0.8518291377865308,0.8518291377865308,0.8518291377865308
Second_81,75,81,ReRZV_1d,2024,0.8518291377865308,dYear_Life,4.7673083447133575e-4,4.7746155698003695e-4,3.5905891544797436e-4,5.915377179643651e-4
Second_81,75,81,ReRZV_1d,2024,0.8518291377865308,dYear_Immunised,5.552197522922751,5.597875801877045,4.296892952960281,6.4470446001683035
Second_81,75,81,ReRZV_1d,2024,0.8518291377865308,dRisk_HZ,-0.0642638421304592,-0.06476147702712107,-0.07499595073142515,-0.050195326248221324
Second_81,75,81,ReRZV_1d,2024,0.8518291377865308,dRisk_Hosp,-0.004566771338569507,-0.004556050368172026,-0.00579281658683163,-0.003484641639988555
Second_81,75,81,ReRZV_1d,2024,0.8518291377865308,dRisk_PHN,-0.005795462536754449,-0.005829770553703767,-0.007005260561188513,-0.004443950386346668
Second_81,75,81,ReRZV_1d,2024,0.8518291377865308,dRisk_Death,-1.1144184873139658e-4,-1.1143135789179224e-4,-1.3964449333455942e-4,-8.381552795875104e-5
Second_81,75,81,ReRZV_1d,2024,0.8518291377865308,dQ_Life,3.2144989417470305e-4,3.218707757460206e-4,2.4250418858919794e-4,3.984218768408168e-4
Second_81,75,81,ReRZV_1d,2024,0.8518291377865308,dQ_HZ,0.007938234994499931,0.007940482850137391,0.005963644634294368,0.009866519007335055
Second_81,75,81,ReRZV_1d,2024,0.8518291377865308,dQ_HZ_Norm,0.0023290632648692825,0.002330256214322541,0.0017465936437447616,0.002880170981157884
Second_81,75,81,ReRZV_1d,2024,0.8518291377865308,dQ_All,0.008252371928216406,0.008261942538557441,0.0062153361549224795,0.010233357018778791
Second_81,75,81,ReRZV_1d,2024,0.8518291377865308,dQ_HZ_d,0.007318295033675389,0.007322528913983058,0.0054821556419078835,0.009091321190985345
Second_81,75,81,ReRZV_1d,2024,0.8518291377865308,dQ_HZ_Norm_d,0.0021542846070163302,0.0021548159713189784,0.0016130711654750271,0.0026590443359516265
Second_81,75,81,ReRZV_1d,2024,0.8518291377865308,dQ_Life_d,2.742525883694921e-4,2.746028238007167e-4,2.0691566247168513e-4,3.390275486311323e-4
Second_81,75,81,ReRZV_1d,2024,0.8518291377865308,dQ_All_d,0.007592547622044883,0.007603269032253586,0.005715167683852507,0.009409394856522616
Second_81,75,81,ReRZV_1d,2024,0.8518291377865308,dC_Hosp,-16.61172294986973,-16.57454099113003,-21.11994045044757,-12.435328195740617
Second_81,75,81,ReRZV_1d,2024,0.8518291377865308,dC_GP_NonPHN,-5.628695919057794,-5.688110484908199,-6.587565244523813,-4.397935065672435
Second_81,75,81,ReRZV_1d,2024,0.8518291377865308,dC_GP_PHN,-2.5142221600166312,-2.528356055185217,-3.0609261874475537,-1.8989391699357705
Second_81,75,81,ReRZV_1d,2024,0.8518291377865308,dC_GP,-8.142918079074425,-8.197738485589344,-9.54286380331495,-6.365014908850033
Second_81,75,81,ReRZV_1d,2024,0.8518291377865308,dC_Med,-24.754641028944153,-24.814446253939003,-30.299323886310756,-19.227604669232555
Second_81,75,81,ReRZV_1d,2024,0.8518291377865308,dC_VacZVL,0,0,0,0
Second_81,75,81,ReRZV_1d,2024,0.8518291377865308,dC_VacRZV,85,85,84.99999999999999,85.00000000000001
Second_81,75,81,ReRZV_1d,2024,0.8518291377865308,dC_Vac,85,85,84.99999999999999,85.00000000000001
Second_81,75,81,ReRZV_1d,2024,0.8518291377865308,dC_All,60.24535897105584,60.18555374606099,54.70067611368925,65.77239533076745
Second_81,75,81,ReRZV_1d,2024,0.8518291377865308,dC_Hosp_d,-15.016386874864825,-14.988959143370845,-19.103084482926995,-11.209181614734476
Second_81,75,81,ReRZV_1d,2024,0.8518291377865308,dC_GP_NonPHN_d,-5.21044495460579,-5.267513363977866,-6.086801563843345,-4.062609719038765
Second_81,75,81,ReRZV_1d,2024,0.8518291377865308,dC_GP_PHN_d,-2.33328296966276,-2.344065607645421,-2.83719658627183,-1.7634027578098377
Second_81,75,81,ReRZV_1d,2024,0.8518291377865308,dC_GP_d,-7.543727924268549,-7.603488961354418,-8.837354068216603,-5.885548271837182
Second_81,75,81,ReRZV_1d,2024,0.8518291377865308,dC_Med_d,-22.560114799133373,-22.607530979167933,-27.574852921168958,-17.549600395306296
Second_81,75,81,ReRZV_1d,2024,0.8518291377865308,dC_VacZVL_d,0,0,0,0
Second_81,75,81,ReRZV_1d,2024,0.8518291377865308,dC_VacRZV_d,85,85,84.99999999999999,85.00000000000001
Second_81,75,81,ReRZV_1d,2024,0.8518291377865308,dC_Vac_d,85,85,84.99999999999999,85.00000000000001
Second_81,75,81,ReRZV_1d,2024,0.8518291377865308,dC_All_d,62.43988520086663,62.392469020832074,57.42514707883103,67.4503996046937
Second_81,75,81,ReRZV_1d,2024,0.8518291377865308,dN_VacZVL,0,0,0,0
Second_81,75,81,ReRZV_1d,2024,0.8518291377865308,dN_VacRZV,1,1,1,1
Second_81,75,81,ReRZV_1d,2024,0.8518291377865308,dN_VacZVL_d,0,0,0,0
Second_81,75,81,ReRZV_1d,2024,0.8518291377865308,dN_VacRZV_d,1,1,1,1
Second_81,75,81,ReRZV_1d,2024,0.8518291377865308,ICER,8383.563832638065,8187.5800040733675,6293.322809918804,11653.921160112004
Second_81,75,81,ReRZV_1d,2024,0.8518291377865308,Price0,85,85,84.99999999999999,85.00000000000001
Second_81,75,81,ReRZV_1d,2024,0.8518291377865308,Thres20,174.41106724003103,174.984250378654,132.8630889812575,214.00360094296306
Second_81,75,81,ReRZV_1d,2024,0.8518291377865308,Thres30,250.33654346047987,251.05085150607044,190.06225826166104,308.1801126459077
Second_81,75,81,ReRZV_1d,2024,0.8518291377865308,Thres20_50,NA,174.984250378654,NA,NA
Second_81,75,81,ReRZV_1d,2024,0.8518291377865308,Thres30_90,NA,212.2290504438433,NA,NA
Second_81,75,81,ReRZV_1d,2024,0.8518291377865308,Thres,NA,174.984250378654,NA,NA
Second_81,75,81,ReRZV_2d,2024,0.8518291377865308,N0,0.8518291377865308,0.8518291377865308,0.8518291377865308,0.8518291377865308
Second_81,75,81,ReRZV_2d,2024,0.8518291377865308,dYear_Life,4.994226578363223e-4,4.996755907713926e-4,3.944905350626184e-4,6.085432749381621e-4
Second_81,75,81,ReRZV_2d,2024,0.8518291377865308,dYear_Immunised,5.821203232688802,5.834213277545178,4.857276852078775,6.614377185190276
Second_81,75,81,ReRZV_2d,2024,0.8518291377865308,dRisk_HZ,-0.0673816873570288,-0.06757825505117726,-0.07676425297737159,-0.05638649184400868
Second_81,75,81,ReRZV_2d,2024,0.8518291377865308,dRisk_Hosp,-0.00478267217548178,-0.0047733175326153555,-0.005966164482200353,-0.003752762836630339
Second_81,75,81,ReRZV_2d,2024,0.8518291377865308,dRisk_PHN,-0.006076785562686034,-0.006098118988881495,-0.007188568419058886,-0.00498273486025868
Second_81,75,81,ReRZV_2d,2024,0.8518291377865308,dRisk_Death,-1.1662294491715911e-4,-1.1650953366602723e-4,-1.4471260833176638e-4,-9.097459318307872e-5
Second_81,75,81,ReRZV_2d,2024,0.8518291377865308,dQ_Life,3.367848468427345e-4,3.3686848692173567e-4,2.6651486916339217e-4,4.095177828277151e-4
Second_81,75,81,ReRZV_2d,2024,0.8518291377865308,dQ_HZ,0.008321878054948176,0.008289139051739544,0.006524050429518401,0.010154502107532203
Second_81,75,81,ReRZV_2d,2024,0.8518291377865308,dQ_HZ_Norm,0.0024421103553040383,0.002432787892290081,0.0019326926133404509,0.0029700642457905738
Second_81,75,81,ReRZV_2d,2024,0.8518291377865308,dQ_All,0.008651024295166752,0.00863029886319248,0.0068096742142674,0.01051272034807584
Second_81,75,81,ReRZV_2d,2024,0.8518291377865308,dQ_HZ_d,0.007673800648979714,0.007649243822168205,0.006036760255883904,0.00935435275125849
Second_81,75,81,ReRZV_2d,2024,0.8518291377865308,dQ_HZ_Norm_d,0.0022593793558649505,0.002251051239527866,0.0017942654522987102,0.002744675706840541
Second_81,75,81,ReRZV_2d,2024,0.8518291377865308,dQ_Life_d,2.8737770475231045e-4,2.873639963933822e-4,2.276059944020068e-4,3.485720800317943e-4
Second_81,75,81,ReRZV_2d,2024,0.8518291377865308,dQ_All_d,0.007961178353732022,0.007941244186308729,0.006281302894675986,0.00966287073660154
Second_81,75,81,ReRZV_2d,2024,0.8518291377865308,dC_Hosp,-17.394220867912242,-17.37076454754039,-21.788512337913474,-13.396126265508475
Second_81,75,81,ReRZV_2d,2024,0.8518291377865308,dC_GP_NonPHN,-5.9024251398088685,-5.911442210110069,-6.757258894302179,-4.939597290540966
Second_81,75,81,ReRZV_2d,2024,0.8518291377865308,dC_GP_PHN,-2.63648151497132,-2.6410549612291288,-3.1329866802460042,-2.142329867319125
Second_81,75,81,ReRZV_2d,2024,0.8518291377865308,dC_GP,-8.538906654780188,-8.556752768170107,-9.798690267762662,-7.163118904798106
Second_81,75,81,ReRZV_2d,2024,0.8518291377865308,dC_Med,-25.93312752269243,-25.940734052780023,-31.114380732775146,-20.947305770808686
Second_81,75,81,ReRZV_2d,2024,0.8518291377865308,dC_VacZVL,0,0,0,0
Second_81,75,81,ReRZV_2d,2024,0.8518291377865308,dC_VacRZV,170,170,169.99999999999997,170.00000000000003
Second_81,75,81,ReRZV_2d,2024,0.8518291377865308,dC_Vac,170,170,169.99999999999997,170.00000000000003
Second_81,75,81,ReRZV_2d,2024,0.8518291377865308,dC_All,144.06687247730758,144.05926594721998,138.88561926722485,149.0526942291913
Second_81,75,81,ReRZV_2d,2024,0.8518291377865308,dC_Hosp_d,-15.72737860766478,-15.684146627085257,-19.686397600317616,-12.141618773484282
Second_81,75,81,ReRZV_2d,2024,0.8518291377865308,dC_GP_NonPHN_d,-5.465110708772704,-5.475865075171729,-6.247507746740661,-4.580325259987363
Second_81,75,81,ReRZV_2d,2024,0.8518291377865308,dC_GP_PHN_d,-2.4473019271290717,-2.4521361858523942,-2.902942950967839,-1.9947834963517879
Second_81,75,81,ReRZV_2d,2024,0.8518291377865308,dC_GP_d,-7.9124126359017755,-7.936026120522473,-9.060945192552348,-6.630987507403889
Second_81,75,81,ReRZV_2d,2024,0.8518291377865308,dC_Med_d,-23.639791243566556,-23.663573784012357,-28.349205019312123,-19.13600938603462
Second_81,75,81,ReRZV_2d,2024,0.8518291377865308,dC_VacZVL_d,0,0,0,0
Second_81,75,81,ReRZV_2d,2024,0.8518291377865308,dC_VacRZV_d,170,170,169.99999999999997,170.00000000000003
Second_81,75,81,ReRZV_2d,2024,0.8518291377865308,dC_Vac_d,170,170,169.99999999999997,170.00000000000003
Second_81,75,81,ReRZV_2d,2024,0.8518291377865308,dC_All_d,146.36020875643345,146.33642621598764,141.65079498068792,150.86399061396537
Second_81,75,81,ReRZV_2d,2024,0.8518291377865308,dN_VacZVL,0,0,0,0
Second_81,75,81,ReRZV_2d,2024,0.8518291377865308,dN_VacRZV,2,2,2,2
Second_81,75,81,ReRZV_2d,2024,0.8518291377865308,dN_VacZVL_d,0,0,0,0
Second_81,75,81,ReRZV_2d,2024,0.8518291377865308,dN_VacRZV_d,2,2,2,2
Second_81,75,81,ReRZV_2d,2024,0.8518291377865308,ICER,18614.787681259793,18420.296100394098,14864.437708244788,23799.296226267918
Second_81,75,81,ReRZV_2d,2024,0.8518291377865308,Price0,85,85,84.99999999999999,85.00000000000001
Second_81,75,81,ReRZV_2d,2024,0.8518291377865308,Thres20,91.43167915910351,91.26958743864029,73.08947074358275,109.72147673720694
Second_81,75,81,ReRZV_2d,2024,0.8518291377865308,Thres30,131.2375709277636,130.91462507253448,104.6482547612907,158.3451149658427
Second_81,75,81,ReRZV_2d,2024,0.8518291377865308,Thres20_50,NA,91.26958743864029,NA,NA
Second_81,75,81,ReRZV_2d,2024,0.8518291377865308,Thres30_90,NA,113.95309950677495,NA,NA
Second_81,75,81,ReRZV_2d,2024,0.8518291377865308,Thres,NA,91.26958743864029,NA,NA
Second_82,70,82,ReRZV_1d,2024,0.7424130916630741,N0,0.7424130916630741,0.7424130916630741,0.7424130916630741,0.7424130916630741
Second_82,70,82,ReRZV_1d,2024,0.7424130916630741,dYear_Life,5.23724106018716e-4,5.242505282015032e-4,4.0748684671555e-4,6.425964674120005e-4
Second_82,70,82,ReRZV_1d,2024,0.7424130916630741,dYear_Immunised,5.893541549280387,5.944214917148318,4.723924749104065,6.707251494908704
Second_82,70,82,ReRZV_1d,2024,0.7424130916630741,dRisk_HZ,-0.07871755887326073,-0.07934786581381514,-0.09002913186654848,-0.06340474777416404
Second_82,70,82,ReRZV_1d,2024,0.7424130916630741,dRisk_Hosp,-0.00578029838621282,-0.005778392995032288,-0.007219228149233721,-0.004476829104156908
Second_82,70,82,ReRZV_1d,2024,0.7424130916630741,dRisk_PHN,-0.0070942818796758235,-0.007135874815447396,-0.008455473681373758,-0.005613318881109694
Second_82,70,82,ReRZV_1d,2024,0.7424130916630741,dRisk_Death,-1.4331787119089924e-4,-1.4322433116097626e-4,-1.7690984556620323e-4,-1.1040339592937772e-4
Second_82,70,82,ReRZV_1d,2024,0.7424130916630741,dQ_Life,3.525967238067992e-4,3.5308070925286995e-4,2.738595302947868e-4,4.319208601433615e-4
Second_82,70,82,ReRZV_1d,2024,0.7424130916630741,dQ_HZ,0.008466243841689461,0.008467805637917505,0.006493937044406065,0.010364650973812088
Second_82,70,82,ReRZV_1d,2024,0.7424130916630741,dQ_HZ_Norm,0.0024683975696517214,0.002467030546248224,0.001907718576828713,0.003010589768747368
Second_82,70,82,ReRZV_1d,2024,0.7424130916630741,dQ_All,0.008810679215990576,0.008816579483252755,0.006799522441761795,0.010752406330236152
Second_82,70,82,ReRZV_1d,2024,0.7424130916630741,dQ_HZ_d,0.007870091503408368,0.007878641607456445,0.0060590294125315945,0.009641301831041213
Second_82,70,82,ReRZV_1d,2024,0.7424130916630741,dQ_HZ_Norm_d,0.0023011923347515412,0.002301656279026792,0.0017787953483715813,0.0028062496217076357
Second_82,70,82,ReRZV_1d,2024,0.7424130916630741,dQ_Life_d,3.0437872201923016e-4,3.0483762631273217e-4,2.3609020994371107e-4,3.727648096684e-4
Second_82,70,82,ReRZV_1d,2024,0.7424130916630741,dQ_All_d,0.008174470225427638,0.008174987471820034,0.006320139826833184,0.009978106909695476
Second_82,70,82,ReRZV_1d,2024,0.7424130916630741,dC_Hosp,-18.27854948823544,-18.213816389024622,-22.874926991792613,-13.936531062262087
Second_82,70,82,ReRZV_1d,2024,0.7424130916630741,dC_GP_NonPHN,-5.959404516199845,-6.016814578960506,-6.825120331527981,-4.817215845821111
Second_82,70,82,ReRZV_1d,2024,0.7424130916630741,dC_GP_PHN,-2.659994660153066,-2.6711457109758294,-3.1889390346694757,-2.071293289478129
Second_82,70,82,ReRZV_1d,2024,0.7424130916630741,dC_GP,-8.61939917635291,-8.69702443271612,-9.90185856865528,-6.933743112379556
Second_82,70,82,ReRZV_1d,2024,0.7424130916630741,dC_Med,-26.897948664588352,-26.939346719288775,-32.35694878188238,-21.272595445229687
Second_82,70,82,ReRZV_1d,2024,0.7424130916630741,dC_VacZVL,0,0,0,0
Second_82,70,82,ReRZV_1d,2024,0.7424130916630741,dC_VacRZV,85,85,85,85
Second_82,70,82,ReRZV_1d,2024,0.7424130916630741,dC_Vac,85,85,85,85
Second_82,70,82,ReRZV_1d,2024,0.7424130916630741,dC_All,58.10205133541165,58.06065328071123,52.64305121811764,63.7274045547703
Second_82,70,82,ReRZV_1d,2024,0.7424130916630741,dC_Hosp_d,-16.7074293033643,-16.644053743638487,-20.92719752813211,-12.745786746806543
Second_82,70,82,ReRZV_1d,2024,0.7424130916630741,dC_GP_NonPHN_d,-5.559824441939823,-5.6175365080626385,-6.358345212123725,-4.482164209944338
Second_82,70,82,ReRZV_1d,2024,0.7424130916630741,dC_GP_PHN_d,-2.4879372612865653,-2.4980508399570347,-2.984907333696554,-1.9382188277648926
Second_82,70,82,ReRZV_1d,2024,0.7424130916630741,dC_GP_d,-8.047761703226389,-8.117075699796905,-9.247136037394343,-6.462042550259231
Second_82,70,82,ReRZV_1d,2024,0.7424130916630741,dC_Med_d,-24.75519100659069,-24.786510917512054,-29.72722381889041,-19.557419833758185
Second_82,70,82,ReRZV_1d,2024,0.7424130916630741,dC_VacZVL_d,0,0,0,0
Second_82,70,82,ReRZV_1d,2024,0.7424130916630741,dC_VacRZV_d,85,85,85,85
Second_82,70,82,ReRZV_1d,2024,0.7424130916630741,dC_Vac_d,85,85,85,85
Second_82,70,82,ReRZV_1d,2024,0.7424130916630741,dC_All_d,60.24480899340931,60.21348908248795,55.2727761811096,65.44258016624183
Second_82,70,82,ReRZV_1d,2024,0.7424130916630741,dN_VacZVL,0,0,0,0
Second_82,70,82,ReRZV_1d,2024,0.7424130916630741,dN_VacRZV,1,1,1,1
Second_82,70,82,ReRZV_1d,2024,0.7424130916630741,dN_VacZVL_d,0,0,0,0
Second_82,70,82,ReRZV_1d,2024,0.7424130916630741,dN_VacRZV_d,1,1,1,1
Second_82,70,82,ReRZV_1d,2024,0.7424130916630741,ICER,7490.680756593411,7336.763148197702,5737.990251994218,10178.330489158916
Second_82,70,82,ReRZV_1d,2024,0.7424130916630741,Price0,85,85,85,85
Second_82,70,82,ReRZV_1d,2024,0.7424130916630741,Thres20,188.24459551514343,188.59183549025,147.01271803981118,226.68861898636462
Second_82,70,82,ReRZV_1d,2024,0.7424130916630741,Thres30,269.9892977694198,270.288411544072,210.03911553441358,326.7276498367618
Second_82,70,82,ReRZV_1d,2024,0.7424130916630741,Thres20_50,NA,188.59183549025,NA,NA
Second_82,70,82,ReRZV_1d,2024,0.7424130916630741,Thres30_90,NA,232.1642123896589,NA,NA
Second_82,70,82,ReRZV_1d,2024,0.7424130916630741,Thres,NA,188.59183549025,NA,NA
Second_82,70,82,ReRZV_2d,2024,0.7424130916630741,N0,0.7424130916630741,0.7424130916630741,0.7424130916630741,0.7424130916630741
Second_82,70,82,ReRZV_2d,2024,0.7424130916630741,dYear_Life,5.46009721072183e-4,5.451285779057172e-4,4.409528079543603e-4,6.593715078182411e-4
Second_82,70,82,ReRZV_2d,2024,0.7424130916630741,dYear_Immunised,6.145610554499469,6.169013633678862,5.2687401785104875,6.85397748299392
Second_82,70,82,ReRZV_2d,2024,0.7424130916630741,dRisk_HZ,-0.08208535358768874,-0.08237431084865142,-0.09187299996108975,-0.0701925602636156
Second_82,70,82,ReRZV_2d,2024,0.7424130916630741,dRisk_Hosp,-0.006025852457223237,-0.0060068559455102016,-0.007433686272489065,-0.0047688935114970615
Second_82,70,82,ReRZV_2d,2024,0.7424130916630741,dRisk_PHN,-0.007397385241308244,-0.0074109369924371445,-0.008627063081263356,-0.006155368289554179
Second_82,70,82,ReRZV_2d,2024,0.7424130916630741,dRisk_Death,-1.493745884506124e-4,-1.4935589131706965e-4,-1.8261860479739772e-4,-1.1885614504999438e-4
Second_82,70,82,ReRZV_2d,2024,0.7424130916630741,dQ_Life,3.6761047112436444e-4,3.669599009697547e-4,2.9745654634673915e-4,4.43249204854623e-4
Second_82,70,82,ReRZV_2d,2024,0.7424130916630741,dQ_HZ,0.00882793609765761,0.008807030065240714,0.007102208517941203,0.010649637594022713
Second_82,70,82,ReRZV_2d,2024,0.7424130916630741,dQ_HZ_Norm,0.0025739657014669432,0.0025674288852437256,0.0020766569197141083,0.003100709932972608
Second_82,70,82,ReRZV_2d,2024,0.7424130916630741,dQ_All,0.009187044690392294,0.009166316020384056,0.007418444880513432,0.011023027034945097
Second_82,70,82,ReRZV_2d,2024,0.7424130916630741,dQ_HZ_d,0.008206807861193472,0.008193218992293957,0.006605857114183581,0.009874742711899372
Second_82,70,82,ReRZV_2d,2024,0.7424130916630741,dQ_HZ_Norm_d,0.002399751694071173,0.002393552421486614,0.0019369096162788115,0.002888625616901144
Second_82,70,82,ReRZV_2d,2024,0.7424130916630741,dQ_Life_d,3.1735131391399615e-4,3.168993938544166e-4,2.565889391563711e-4,3.818934877742821e-4
Second_82,70,82,ReRZV_2d,2024,0.7424130916630741,dQ_All_d,0.008524159175107467,0.008507086027081372,0.006899164252051629,0.010217829857615282
Second_82,70,82,ReRZV_2d,2024,0.7424130916630741,dC_Hosp,-19.054204986145237,-18.96497451135863,-23.702802832821593,-14.906718421894704
Second_82,70,82,ReRZV_2d,2024,0.7424130916630741,dC_GP_NonPHN,-6.214591902777196,-6.222933999761343,-6.979518498921592,-5.306925459903495
Second_82,70,82,ReRZV_2d,2024,0.7424130916630741,dC_GP_PHN,-2.7736654174712205,-2.782617771687807,-3.261621217060739,-2.2894390474070536
Second_82,70,82,ReRZV_2d,2024,0.7424130916630741,dC_GP,-8.988257320248417,-9.022641470065237,-10.116678258851975,-7.685352401095133
Second_82,70,82,ReRZV_2d,2024,0.7424130916630741,dC_Med,-28.042462306393652,-27.977182991602874,-33.256368880733135,-23.067129004949834
Second_82,70,82,ReRZV_2d,2024,0.7424130916630741,dC_VacZVL,0,0,0,0
Second_82,70,82,ReRZV_2d,2024,0.7424130916630741,dC_VacRZV,170,170,170,170
Second_82,70,82,ReRZV_2d,2024,0.7424130916630741,dC_Vac,170,170,170,170
Second_82,70,82,ReRZV_2d,2024,0.7424130916630741,dC_All,141.95753769360635,142.0228170083971,136.74363111926687,146.93287099505017
Second_82,70,82,ReRZV_2d,2024,0.7424130916630741,dC_Hosp_d,-17.417466228591362,-17.329282014345594,-21.713556090087575,-13.600192576646542
Second_82,70,82,ReRZV_2d,2024,0.7424130916630741,dC_GP_NonPHN_d,-5.7982421458808435,-5.811586819222127,-6.500833033144511,-4.95721402183215
Second_82,70,82,ReRZV_2d,2024,0.7424130916630741,dC_GP_PHN_d,-2.5944092397164176,-2.5992264355544465,-3.0466220841700955,-2.1407996286532596
Second_82,70,82,ReRZV_2d,2024,0.7424130916630741,dC_GP_d,-8.392651385597262,-8.427138523768091,-9.432677504328408,-7.19167658609222
Second_82,70,82,ReRZV_2d,2024,0.7424130916630741,dC_Med_d,-25.810117614188623,-25.768603972005895,-30.60658385513294,-21.26270224217645
Second_82,70,82,ReRZV_2d,2024,0.7424130916630741,dC_VacZVL_d,0,0,0,0
Second_82,70,82,ReRZV_2d,2024,0.7424130916630741,dC_VacRZV_d,170,170,170,170
Second_82,70,82,ReRZV_2d,2024,0.7424130916630741,dC_Vac_d,170,170,170,170
Second_82,70,82,ReRZV_2d,2024,0.7424130916630741,dC_All_d,144.1898823858114,144.2313960279941,139.39341614486707,148.73729775782354
Second_82,70,82,ReRZV_2d,2024,0.7424130916630741,dN_VacZVL,0,0,0,0
Second_82,70,82,ReRZV_2d,2024,0.7424130916630741,dN_VacRZV,2,2,2,2
Second_82,70,82,ReRZV_2d,2024,0.7424130916630741,dN_VacZVL_d,0,0,0,0
Second_82,70,82,ReRZV_2d,2024,0.7424130916630741,dN_VacRZV_d,2,2,2,2
Second_82,70,82,ReRZV_2d,2024,0.7424130916630741,ICER,17097.78804913564,16931.27970689701,13938.981499492216,21425.831797031402
Second_82,70,82,ReRZV_2d,2024,0.7424130916630741,Price0,85,85,85,85
Second_82,70,82,ReRZV_2d,2024,0.7424130916630741,Thres20,98.14665055816897,98.06832981436209,80.12435605541475,116.14977632794687
Second_82,70,82,ReRZV_2d,2024,0.7424130916630741,Thres30,140.7674464337063,140.67786144959166,114.9754513334194,167.2375734802312
Second_82,70,82,ReRZV_2d,2024,0.7424130916630741,Thres20_50,NA,98.06832981436209,NA,NA
Second_82,70,82,ReRZV_2d,2024,0.7424130916630741,Thres30_90,NA,123.87697227574363,NA,NA
Second_82,70,82,ReRZV_2d,2024,0.7424130916630741,Thres,NA,98.06832981436209,NA,NA
Second_82,75,82,ReRZV_1d,2024,0.8145952994669025,N0,0.8145952994669025,0.8145952994669025,0.8145952994669025,0.8145952994669025
Second_82,75,82,ReRZV_1d,2024,0.8145952994669025,dYear_Life,4.7828842955473905e-4,4.783952738796452e-4,3.637462705936765e-4,5.932546368988609e-4
Second_82,75,82,ReRZV_1d,2024,0.8145952994669025,dYear_Immunised,5.3488125561501505,5.392249988325966,4.194411648534614,6.183894216313482
Second_82,75,82,ReRZV_1d,2024,0.8145952994669025,dRisk_HZ,-0.06504724863359368,-0.06561880077899207,-0.07545155826739096,-0.051341594056505305
Second_82,75,82,ReRZV_1d,2024,0.8145952994669025,dRisk_Hosp,-0.004834867385314649,-0.004829299617273318,-0.006147548795797336,-0.0036799183273604355
Second_82,75,82,ReRZV_1d,2024,0.8145952994669025,dRisk_PHN,-0.005852765573514601,-0.005885773687820908,-0.00709010374961384,-0.004495091217214705
Second_82,75,82,ReRZV_1d,2024,0.8145952994669025,dRisk_Death,-1.2071040673453573e-4,-1.2043224167809089e-4,-1.5075382275002132e-4,-9.133075726916844e-5
Second_82,75,82,ReRZV_1d,2024,0.8145952994669025,dQ_Life,3.2163619206329087e-4,3.2177229966379064e-4,2.446089567921278e-4,3.9861779296354594e-4
Second_82,75,82,ReRZV_1d,2024,0.8145952994669025,dQ_HZ,0.007688474190156437,0.00768559077892219,0.005788755792779463,0.009533036348041125
Second_82,75,82,ReRZV_1d,2024,0.8145952994669025,dQ_HZ_Norm,0.002236845439563493,0.0022376567396233237,0.0016811582584366595,0.0027609287153754656
Second_82,75,82,ReRZV_1d,2024,0.8145952994669025,dQ_All,0.008002385678193584,0.008005568888198068,0.006034860815795185,0.009897422999055841
Second_82,75,82,ReRZV_1d,2024,0.8145952994669025,dQ_HZ_d,0.007129205982401325,0.0071336737953921195,0.005385360116648852,0.008836553065183068
Second_82,75,82,ReRZV_1d,2024,0.8145952994669025,dQ_HZ_Norm_d,0.002080193863671884,0.002083458904224224,0.0015626200290922835,0.0025615424014999435
Second_82,75,82,ReRZV_1d,2024,0.8145952994669025,dQ_Life_d,2.772295976226457e-4,2.774474671151757e-4,2.1068942172190614e-4,3.432925597515754e-4
Second_82,75,82,ReRZV_1d,2024,0.8145952994669025,dQ_All_d,0.00740643558002398,0.00741430472665636,0.005602746308796659,0.009157957502079164
Second_82,75,82,ReRZV_1d,2024,0.8145952994669025,dC_Hosp,-16.80369881221759,-16.75522060087176,-21.28978478057366,-12.60129430754335
Second_82,75,82,ReRZV_1d,2024,0.8145952994669025,dC_GP_NonPHN,-5.39756521010942,-5.4613367119791665,-6.286448396216852,-4.252716566593669
Second_82,75,82,ReRZV_1d,2024,0.8145952994669025,dC_GP_PHN,-2.405129409924282,-2.414869599823466,-2.931161976103053,-1.8281299388669279
Second_82,75,82,ReRZV_1d,2024,0.8145952994669025,dC_GP,-7.802694620033702,-7.867551083908658,-9.112387908257244,-6.115322042728268
Second_82,75,82,ReRZV_1d,2024,0.8145952994669025,dC_Med,-24.606393432251295,-24.67040690891905,-30.073240185932114,-19.127641602060145
Second_82,75,82,ReRZV_1d,2024,0.8145952994669025,dC_VacZVL,0,0,0,0
Second_82,75,82,ReRZV_1d,2024,0.8145952994669025,dC_VacRZV,85,85,84.99999999999999,85.00000000000001
Second_82,75,82,ReRZV_1d,2024,0.8145952994669025,dC_Vac,85,85,84.99999999999999,85.00000000000001
Second_82,75,82,ReRZV_1d,2024,0.8145952994669025,dC_All,60.393606567748705,60.32959309108094,54.92675981406789,65.87235839793985
Second_82,75,82,ReRZV_1d,2024,0.8145952994669025,dC_Hosp_d,-15.320609314682505,-15.287558339582208,-19.374286341335658,-11.504666308133455
Second_82,75,82,ReRZV_1d,2024,0.8145952994669025,dC_GP_NonPHN_d,-5.023356137412906,-5.077791710291152,-5.850584765123629,-3.946093726039557
Second_82,75,82,ReRZV_1d,2024,0.8145952994669025,dC_GP_PHN_d,-2.2442659844412116,-2.2541799928672983,-2.7281573306667406,-1.7033865148004141
Second_82,75,82,ReRZV_1d,2024,0.8145952994669025,dC_GP_d,-7.267622121854117,-7.322380965901276,-8.479358964372302,-5.701179367372896
Second_82,75,82,ReRZV_1d,2024,0.8145952994669025,dC_Med_d,-22.58823143653662,-22.646422691797348,-27.507316274390202,-17.52528311397942
Second_82,75,82,ReRZV_1d,2024,0.8145952994669025,dC_VacZVL_d,0,0,0,0
Second_82,75,82,ReRZV_1d,2024,0.8145952994669025,dC_VacRZV_d,85,85,84.99999999999999,85.00000000000001
Second_82,75,82,ReRZV_1d,2024,0.8145952994669025,dC_Vac_d,85,85,84.99999999999999,85.00000000000001
Second_82,75,82,ReRZV_1d,2024,0.8145952994669025,dC_All_d,62.411768563463376,62.353577308202645,57.4926837256098,67.47471688602057
Second_82,75,82,ReRZV_1d,2024,0.8145952994669025,dN_VacZVL,0,0,0,0
Second_82,75,82,ReRZV_1d,2024,0.8145952994669025,dN_VacRZV,1,1,1,1
Second_82,75,82,ReRZV_1d,2024,0.8145952994669025,dN_VacZVL_d,0,0,0,0
Second_82,75,82,ReRZV_1d,2024,0.8145952994669025,dN_VacRZV_d,1,1,1,1
Second_82,75,82,ReRZV_1d,2024,0.8145952994669025,ICER,8584.986764334186,8400.529058107313,6494.38983166601,11870.124498999443
Second_82,75,82,ReRZV_1d,2024,0.8145952994669025,Price0,85,85,84.99999999999999,85.00000000000001
Second_82,75,82,ReRZV_1d,2024,0.8145952994669025,Thres20,170.71694303701622,171.1882345755193,130.39641081728894,208.58737194957953
Second_82,75,82,ReRZV_1d,2024,0.8145952994669025,Thres30,244.781298837256,245.42495033401607,186.86464900439714,299.5949421556695
Second_82,75,82,ReRZV_1d,2024,0.8145952994669025,Thres20_50,NA,171.1882345755193,NA,NA
Second_82,75,82,ReRZV_1d,2024,0.8145952994669025,Thres30_90,NA,207.8502313378888,NA,NA
Second_82,75,82,ReRZV_1d,2024,0.8145952994669025,Thres,NA,171.1882345755193,NA,NA
Second_82,75,82,ReRZV_2d,2024,0.8145952994669025,N0,0.8145952994669025,0.8145952994669025,0.8145952994669025,0.8145952994669025
Second_82,75,82,ReRZV_2d,2024,0.8145952994669025,dYear_Life,5.005740649131954e-4,5.000146051030185e-4,3.976459401321068e-4,6.076395037905097e-4
Second_82,75,82,ReRZV_2d,2024,0.8145952994669025,dYear_Immunised,5.60088179025821,5.6149159665178505,4.715213974589108,6.323469525575548
Second_82,75,82,ReRZV_2d,2024,0.8145952994669025,dRisk_HZ,-0.06811661931269748,-0.06838114524053368,-0.07723029133117049,-0.057313209195772895
Second_82,75,82,ReRZV_2d,2024,0.8145952994669025,dRisk_Hosp,-0.005058662638087028,-0.005039952378075503,-0.00630631448577899,-0.003958038659397979
Second_82,75,82,ReRZV_2d,2024,0.8145952994669025,dRisk_PHN,-0.006129010609885571,-0.006139789299742167,-0.007254716023110076,-0.005027623674654841
Second_82,75,82,ReRZV_2d,2024,0.8145952994669025,dRisk_Death,-1.262304314978603e-4,-1.260133888748959e-4,-1.5558976627572829e-4,-9.93958357174917e-5
Second_82,75,82,ReRZV_2d,2024,0.8145952994669025,dQ_Life,3.3664995306034414e-4,3.361537803221907e-4,2.680587930789841e-4,4.0870128115554945e-4
Second_82,75,82,ReRZV_2d,2024,0.8145952994669025,dQ_HZ,0.00805016677457802,0.008031400321820219,0.006384599709527865,0.009803870186542756
Second_82,75,82,ReRZV_2d,2024,0.8145952994669025,dQ_HZ_Norm,0.002342413667225187,0.0023348778446589547,0.0018610066455428172,0.0028486539191638
Second_82,75,82,ReRZV_2d,2024,0.8145952994669025,dQ_All,0.008378751494418028,0.008359372215617469,0.006658796538780367,0.010170745208949627
Second_82,75,82,ReRZV_2d,2024,0.8145952994669025,dQ_HZ_d,0.0074659226459606026,0.007451255308975918,0.0059465930644570794,0.009082682385189582
Second_82,75,82,ReRZV_2d,2024,0.8145952994669025,dQ_HZ_Norm_d,0.0021787533124750773,0.0021705265917401546,0.0017340042039151737,0.002647464082175526
Second_82,75,82,ReRZV_2d,2024,0.8145952994669025,dQ_Life_d,2.902022013372176e-4,2.8970554329729514e-4,2.3162644556618849e-4,3.516432131761382e-4
Second_82,75,82,ReRZV_2d,2024,0.8145952994669025,dQ_All_d,0.0077561248472978045,0.007737210933485823,0.006196972453295725,0.00939984444372302
Second_82,75,82,ReRZV_2d,2024,0.8145952994669025,dC_Hosp,-17.579355014167355,-17.500492427341037,-21.978557693567932,-13.538720635747106
Second_82,75,82,ReRZV_2d,2024,0.8145952994669025,dC_GP_NonPHN,-5.6527528284179525,-5.666020212643006,-6.424583155069021,-4.750444144019228
Second_82,75,82,ReRZV_2d,2024,0.8145952994669025,dC_GP_PHN,-2.518800270433889,-2.524457076076133,-3.002601509950473,-2.045070875268406
Second_82,75,82,ReRZV_2d,2024,0.8145952994669025,dC_GP,-8.171553098851842,-8.200920532093178,-9.32562362286001,-6.854852204001173
Second_82,75,82,ReRZV_2d,2024,0.8145952994669025,dC_Med,-25.750908113019197,-25.701409103747896,-30.91777456646332,-20.89725750647848
Second_82,75,82,ReRZV_2d,2024,0.8145952994669025,dC_VacZVL,0,0,0,0
Second_82,75,82,ReRZV_2d,2024,0.8145952994669025,dC_VacRZV,170,170,169.99999999999997,170.00000000000003
Second_82,75,82,ReRZV_2d,2024,0.8145952994669025,dC_Vac,170,170,169.99999999999997,170.00000000000003
Second_82,75,82,ReRZV_2d,2024,0.8145952994669025,dC_All,144.2490918869808,144.2985908962521,139.0822254335367,149.1027424935215
Second_82,75,82,ReRZV_2d,2024,0.8145952994669025,dC_Hosp_d,-16.030646884383305,-15.962799017831543,-20.06411558556779,-12.415838482365725
Second_82,75,82,ReRZV_2d,2024,0.8145952994669025,dC_GP_NonPHN_d,-5.261774057857621,-5.27690306263537,-5.971481707139839,-4.431263396361644
Second_82,75,82,ReRZV_2d,2024,0.8145952994669025,dC_GP_PHN_d,-2.350738059528607,-2.355096457519411,-2.7967023797151658,-1.9146012036185995
Second_82,75,82,ReRZV_2d,2024,0.8145952994669025,dC_GP_d,-7.6125121173862285,-7.641313370353238,-8.667556331377932,-6.399410676980931
Second_82,75,82,ReRZV_2d,2024,0.8145952994669025,dC_Med_d,-23.643159001769533,-23.582364061628237,-28.340423184858835,-19.225784115914625
Second_82,75,82,ReRZV_2d,2024,0.8145952994669025,dC_VacZVL_d,0,0,0,0
Second_82,75,82,ReRZV_2d,2024,0.8145952994669025,dC_VacRZV_d,170,170,169.99999999999997,170.00000000000003
Second_82,75,82,ReRZV_2d,2024,0.8145952994669025,dC_Vac_d,170,170,169.99999999999997,170.00000000000003
Second_82,75,82,ReRZV_2d,2024,0.8145952994669025,dC_All_d,146.35684099823047,146.41763593837177,141.65957681514115,150.77421588408538
Second_82,75,82,ReRZV_2d,2024,0.8145952994669025,dN_VacZVL,0,0,0,0
Second_82,75,82,ReRZV_2d,2024,0.8145952994669025,dN_VacRZV,2,2,2,2
Second_82,75,82,ReRZV_2d,2024,0.8145952994669025,dN_VacZVL_d,0,0,0,0
Second_82,75,82,ReRZV_2d,2024,0.8145952994669025,dN_VacRZV_d,2,2,2,2
Second_82,75,82,ReRZV_2d,2024,0.8145952994669025,ICER,19098.812121575844,18909.8679847898,15328.371899403239,24239.849685102396
Second_82,75,82,ReRZV_2d,2024,0.8145952994669025,Price0,85,85,84.99999999999999,85.00000000000001
Second_82,75,82,ReRZV_2d,2024,0.8145952994669025,Thres20,89.3828279738628,89.19115021578808,71.90120706527624,106.97858712991682
Second_82,75,82,ReRZV_2d,2024,0.8145952994669025,Thres30,128.16345221035183,127.96898087199776,102.82833795711193,153.82832619486567
Second_82,75,82,ReRZV_2d,2024,0.8145952994669025,Thres20_50,NA,89.19115021578808,NA,NA
Second_82,75,82,ReRZV_2d,2024,0.8145952994669025,Thres30_90,NA,111.71330654760798,NA,NA
Second_82,75,82,ReRZV_2d,2024,0.8145952994669025,Thres,NA,89.19115021578808,NA,NA
Second_83,70,83,ReRZV_1d,2024,0.7059016341159987,N0,0.7059016341159987,0.7059016341159987,0.7059016341159987,0.7059016341159987
Second_83,70,83,ReRZV_1d,2024,0.7059016341159987,dYear_Life,5.169546244106825e-4,5.177665551485341e-4,4.0085474959121627e-4,6.342964659131139e-4
Second_83,70,83,ReRZV_1d,2024,0.7059016341159987,dYear_Immunised,5.57590094879316,5.624979104671668,4.479769399399201,6.316799180709943
Second_83,70,83,ReRZV_1d,2024,0.7059016341159987,dRisk_HZ,-0.07867045166252865,-0.07933961804429407,-0.08964493256409284,-0.06353297544211262
Second_83,70,83,ReRZV_1d,2024,0.7059016341159987,dRisk_Hosp,-0.006070082435626856,-0.006063741641421887,-0.007604588015815105,-0.004716344403340663
Second_83,70,83,ReRZV_1d,2024,0.7059016341159987,dRisk_PHN,-0.0070653708464319814,-0.007090488025355031,-0.008422637454139592,-0.005591443856381018
Second_83,70,83,ReRZV_1d,2024,0.7059016341159987,dRisk_Death,-1.5460724089549408e-4,-1.5445559543219737e-4,-1.9052406004041404e-4,-1.194406260835688e-4
Second_83,70,83,ReRZV_1d,2024,0.7059016341159987,dQ_Life,3.4691233014816884e-4,3.47429996841849e-4,2.687716848369953e-4,4.253225735626751e-4
Second_83,70,83,ReRZV_1d,2024,0.7059016341159987,dQ_HZ,0.008047563143268736,0.008044058979699904,0.006192896135042659,0.00986588259613135
Second_83,70,83,ReRZV_1d,2024,0.7059016341159987,dQ_HZ_Norm,0.0023249646147834153,0.0023250631772712815,0.0017979686250704082,0.002835716590314045
Second_83,70,83,ReRZV_1d,2024,0.7059016341159987,dQ_All,0.008385867509286016,0.008385687570312626,0.006489978586864589,0.01023927081489924
Second_83,70,83,ReRZV_1d,2024,0.7059016341159987,dQ_HZ_d,0.007517023001980687,0.007521764904072462,0.005796612887465209,0.009199360110165955
Second_83,70,83,ReRZV_1d,2024,0.7059016341159987,dQ_HZ_Norm_d,0.0021771733756554374,0.002176558361571071,0.001686018959370846,0.002655118863307621
Second_83,70,83,ReRZV_1d,2024,0.7059016341159987,dQ_Life_d,3.023234058085269e-4,3.029788783815741e-4,2.3411535840771696e-4,3.704874199661908e-4
Second_83,70,83,ReRZV_1d,2024,0.7059016341159987,dQ_All_d,0.007819346407789207,0.007820326178940143,0.006059303273959583,0.009541010209668516
Second_83,70,83,ReRZV_1d,2024,0.7059016341159987,dC_Hosp,-18.231723643693186,-18.235676620071786,-23.011732632481312,-13.886025219297201
Second_83,70,83,ReRZV_1d,2024,0.7059016341159987,dC_GP_NonPHN,-5.6022266120296225,-5.657970339534777,-6.388894316516665,-4.5256797596716325
Second_83,70,83,ReRZV_1d,2024,0.7059016341159987,dC_GP_PHN,-2.4912480274302857,-2.5028415558519805,-2.989671292224798,-1.9372131893019446
Second_83,70,83,ReRZV_1d,2024,0.7059016341159987,dC_GP,-8.093474639459908,-8.173904105528628,-9.284149336525767,-6.517892944890665
Second_83,70,83,ReRZV_1d,2024,0.7059016341159987,dC_Med,-26.325198283153096,-26.378213801698596,-31.626097919546392,-20.859464436436788
Second_83,70,83,ReRZV_1d,2024,0.7059016341159987,dC_VacZVL,0,0,0,0
Second_83,70,83,ReRZV_1d,2024,0.7059016341159987,dC_VacRZV,85,85,85,85
Second_83,70,83,ReRZV_1d,2024,0.7059016341159987,dC_Vac,85,85,85,85
Second_83,70,83,ReRZV_1d,2024,0.7059016341159987,dC_All,58.67480171684691,58.62178619830141,53.373902080453604,64.1405355635632
Second_83,70,83,ReRZV_1d,2024,0.7059016341159987,dC_Hosp_d,-16.78922945701094,-16.798608548966502,-21.15183006480676,-12.790753694540776
Second_83,70,83,ReRZV_1d,2024,0.7059016341159987,dC_GP_NonPHN_d,-5.249732178647055,-5.302692218575154,-5.977633003743579,-4.2383848774466895
Second_83,70,83,ReRZV_1d,2024,0.7059016341159987,dC_GP_PHN_d,-2.340633711089633,-2.353167440966192,-2.8115996711866083,-1.821061946550262
Second_83,70,83,ReRZV_1d,2024,0.7059016341159987,dC_GP_d,-7.590365889736688,-7.657492140977292,-8.704563597193575,-6.106150079299246
Second_83,70,83,ReRZV_1d,2024,0.7059016341159987,dC_Med_d,-24.379595346747628,-24.410364133790512,-29.269903240228686,-19.341919598096634
Second_83,70,83,ReRZV_1d,2024,0.7059016341159987,dC_VacZVL_d,0,0,0,0
Second_83,70,83,ReRZV_1d,2024,0.7059016341159987,dC_VacRZV_d,85,85,85,85
Second_83,70,83,ReRZV_1d,2024,0.7059016341159987,dC_Vac_d,85,85,85,85
Second_83,70,83,ReRZV_1d,2024,0.7059016341159987,dC_All_d,60.62040465325237,60.58963586620949,55.73009675977133,65.65808040190335
Second_83,70,83,ReRZV_1d,2024,0.7059016341159987,dN_VacZVL,0,0,0,0
Second_83,70,83,ReRZV_1d,2024,0.7059016341159987,dN_VacRZV,1,1,1,1
Second_83,70,83,ReRZV_1d,2024,0.7059016341159987,dN_VacZVL_d,0,0,0,0
Second_83,70,83,ReRZV_1d,2024,0.7059016341159987,dN_VacRZV_d,1,1,1,1
Second_83,70,83,ReRZV_1d,2024,0.7059016341159987,ICER,7877.3160013143115,7703.630117684661,6057.787126430241,10664.462580642083
Second_83,70,83,ReRZV_1d,2024,0.7059016341159987,Price0,85,85,85,85
Second_83,70,83,ReRZV_1d,2024,0.7059016341159987,Thres20,180.76652350253175,181.31003757199193,141.37616908996847,217.6738265126993
Second_83,70,83,ReRZV_1d,2024,0.7059016341159987,Thres30,258.9599875804238,259.2833358454807,202.69264976275437,312.827058269453
Second_83,70,83,ReRZV_1d,2024,0.7059016341159987,Thres20_50,NA,181.31003757199193,NA,NA
Second_83,70,83,ReRZV_1d,2024,0.7059016341159987,Thres30_90,NA,222.46246796688027,NA,NA
Second_83,70,83,ReRZV_1d,2024,0.7059016341159987,Thres,NA,181.31003757199193,NA,NA
Second_83,70,83,ReRZV_2d,2024,0.7059016341159987,N0,0.7059016341159987,0.7059016341159987,0.7059016341159987,0.7059016341159987
Second_83,70,83,ReRZV_2d,2024,0.7059016341159987,dYear_Life,5.387244791567423e-4,5.377755157270933e-4,4.353854957037536e-4,6.47686558684066e-4
Second_83,70,83,ReRZV_2d,2024,0.7059016341159987,dYear_Immunised,5.811485946442824,5.834804582104166,5.014517420935193,6.452313492874365
Second_83,70,83,ReRZV_2d,2024,0.7059016341159987,dRisk_HZ,-0.08199509434205979,-0.08235329963639637,-0.09127641839185378,-0.07067332724862437
Second_83,70,83,ReRZV_2d,2024,0.7059016341159987,dRisk_Hosp,-0.006325336220568176,-0.0063142947426035895,-0.007808491727392446,-0.005035906833139461
Second_83,70,83,ReRZV_2d,2024,0.7059016341159987,dRisk_PHN,-0.007363390090357632,-0.007373387060679254,-0.008605916450857192,-0.006127957998972551
Second_83,70,83,ReRZV_2d,2024,0.7059016341159987,dRisk_Death,-1.6108377484290145e-4,-1.608927955827588e-4,-1.9602200879514735e-4,-1.28539558759077e-4
Second_83,70,83,ReRZV_2d,2024,0.7059016341159987,dQ_Life,3.615290534005291e-4,3.609027855150356e-4,2.924530606545608e-4,4.3446966235293096e-4
Second_83,70,83,ReRZV_2d,2024,0.7059016341159987,dQ_HZ,0.008387258741968667,0.00836751280828904,0.0067539205243096504,0.010090418405739068
Second_83,70,83,ReRZV_2d,2024,0.7059016341159987,dQ_HZ_Norm,0.002423175526087077,0.002415841444492751,0.0019545783522064847,0.0029161640098871056
Second_83,70,83,ReRZV_2d,2024,0.7059016341159987,dQ_All,0.008739822961059926,0.008721619443719577,0.007084430628552446,0.010459623974677633
Second_83,70,83,ReRZV_2d,2024,0.7059016341159987,dQ_HZ_d,0.007834672583891448,0.007815867494522018,0.006298221109916439,0.00941854213513603
Second_83,70,83,ReRZV_2d,2024,0.7059016341159987,dQ_HZ_Norm_d,0.0022692408698637575,0.0022624722582821103,0.0018364309803783987,0.002726859806228403
Second_83,70,83,ReRZV_2d,2024,0.7059016341159987,dQ_Life_d,3.1507021447868604e-4,3.146830793501593e-4,2.553667854306094e-4,3.7814151752833087e-4
Second_83,70,83,ReRZV_2d,2024,0.7059016341159987,dQ_All_d,0.008149742798370139,0.008128505042151606,0.0066031311216401024,0.009749462722937792
Second_83,70,83,ReRZV_2d,2024,0.7059016341159987,dC_Hosp,-18.997760885812035,-18.978305014674856,-23.644851635056344,-14.880816680065248
Second_83,70,83,ReRZV_2d,2024,0.7059016341159987,dC_GP_NonPHN,-5.839162559290616,-5.852782576717461,-6.529681567240858,-5.027467014285414
Second_83,70,83,ReRZV_2d,2024,0.7059016341159987,dC_GP_PHN,-2.596332039175682,-2.5988690470618265,-3.063351568868996,-2.14242385044468
Second_83,70,83,ReRZV_2d,2024,0.7059016341159987,dC_GP,-8.435494598466297,-8.467787639602447,-9.46524536475297,-7.265460971390543
Second_83,70,83,ReRZV_2d,2024,0.7059016341159987,dC_Med,-27.433255484278334,-27.40297871358402,-32.4200167491379,-22.628008748895805
Second_83,70,83,ReRZV_2d,2024,0.7059016341159987,dC_VacZVL,0,0,0,0
Second_83,70,83,ReRZV_2d,2024,0.7059016341159987,dC_VacRZV,170,170,170,170
Second_83,70,83,ReRZV_2d,2024,0.7059016341159987,dC_Vac,170,170,170,170
Second_83,70,83,ReRZV_2d,2024,0.7059016341159987,dC_All,142.56674451572167,142.597021286416,137.57998325086209,147.3719912511042
Second_83,70,83,ReRZV_2d,2024,0.7059016341159987,dC_Hosp_d,-17.49545390320047,-17.446585335266136,-21.819378644405226,-13.735051562904
Second_83,70,83,ReRZV_2d,2024,0.7059016341159987,dC_GP_NonPHN_d,-5.471998275013173,-5.485692471546648,-6.1119483722521615,-4.718879070275464
Second_83,70,83,ReRZV_2d,2024,0.7059016341159987,dC_GP_PHN_d,-2.4394706423046055,-2.4429779793302604,-2.8732696975509593,-2.0140102870754513
Second_83,70,83,ReRZV_2d,2024,0.7059016341159987,dC_GP_d,-7.911468917317778,-7.935139739586887,-8.870675798999464,-6.814483015324615
Second_83,70,83,ReRZV_2d,2024,0.7059016341159987,dC_Med_d,-25.406922820518247,-25.417211322429708,-30.02341764845453,-20.974333854637944
Second_83,70,83,ReRZV_2d,2024,0.7059016341159987,dC_VacZVL_d,0,0,0,0
Second_83,70,83,ReRZV_2d,2024,0.7059016341159987,dC_VacRZV_d,170,170,170,170
Second_83,70,83,ReRZV_2d,2024,0.7059016341159987,dC_Vac_d,170,170,170,170
Second_83,70,83,ReRZV_2d,2024,0.7059016341159987,dC_All_d,144.59307717948175,144.58278867757028,139.9765823515455,149.02566614536204
Second_83,70,83,ReRZV_2d,2024,0.7059016341159987,dN_VacZVL,0,0,0,0
Second_83,70,83,ReRZV_2d,2024,0.7059016341159987,dN_VacRZV,2,2,2,2
Second_83,70,83,ReRZV_2d,2024,0.7059016341159987,dN_VacZVL_d,0,0,0,0
Second_83,70,83,ReRZV_2d,2024,0.7059016341159987,dN_VacRZV_d,2,2,2,2
Second_83,70,83,ReRZV_2d,2024,0.7059016341159987,ICER,17929.949708670374,17748.038257315493,14593.747808780257,22230.12764505136
Second_83,70,83,ReRZV_2d,2024,0.7059016341159987,Price0,85,85,85,85
Second_83,70,83,ReRZV_2d,2024,0.7059016341159987,Thres20,94.20088939396052,94.14197693064591,77.48020673999358,110.97152909943273
Second_83,70,83,ReRZV_2d,2024,0.7059016341159987,Thres30,134.9496033858112,134.78509736138693,110.49362939874474,159.40700811420803
Second_83,70,83,ReRZV_2d,2024,0.7059016341159987,Thres20_50,NA,94.14197693064591,NA,NA
Second_83,70,83,ReRZV_2d,2024,0.7059016341159987,Thres30_90,NA,119.0374526571349,NA,NA
Second_83,70,83,ReRZV_2d,2024,0.7059016341159987,Thres,NA,94.14197693064591,NA,NA
Second_83,75,83,ReRZV_1d,2024,0.774534668401281,N0,0.774534668401281,0.774534668401281,0.774534668401281,0.774534668401281
Second_83,75,83,ReRZV_1d,2024,0.774534668401281,dYear_Life,4.7641258974382014e-4,4.774803258110839e-4,3.629255680028603e-4,5.898775212292476e-4
Second_83,75,83,ReRZV_1d,2024,0.774534668401281,dYear_Immunised,5.121747398770713,5.1599200356069215,4.0276893948707295,5.8878469304987435
Second_83,75,83,ReRZV_1d,2024,0.774534668401281,dRisk_HZ,-0.06580027157752538,-0.06640196457610609,-0.07615709184428915,-0.05220530155911776
Second_83,75,83,ReRZV_1d,2024,0.774534668401281,dRisk_Hosp,-0.005122700012614777,-0.005121607999601944,-0.006473533760592118,-0.003917995742090546
Second_83,75,83,ReRZV_1d,2024,0.774534668401281,dRisk_PHN,-0.005900576058972796,-0.00591707417831952,-0.007138855131514901,-0.004555289154879985
Second_83,75,83,ReRZV_1d,2024,0.774534668401281,dRisk_Death,-1.3110314929337262e-4,-1.310889685881703e-4,-1.632968944364527e-4,-9.984654116390681e-5
Second_83,75,83,ReRZV_1d,2024,0.774534668401281,dQ_Life,3.1940233465849714e-4,3.2004511785064957e-4,2.4330196898784718e-4,3.9526803454557386e-4
Second_83,75,83,ReRZV_1d,2024,0.774534668401281,dQ_HZ,0.007394347792605312,0.007400087331167693,0.005625100966891486,0.009155133433115815
Second_83,75,83,ReRZV_1d,2024,0.774534668401281,dQ_HZ_Norm,0.0021327840158309277,0.0021365032799502796,0.0016173840053834844,0.0026281458906956207
Second_83,75,83,ReRZV_1d,2024,0.774534668401281,dQ_All,0.007705574873501261,0.007705617697685265,0.005868679637914032,0.00951565599094578
Second_83,75,83,ReRZV_1d,2024,0.774534668401281,dQ_HZ_d,0.006893383943892376,0.00689669568801773,0.005244396124475163,0.008521323067329738
Second_83,75,83,ReRZV_1d,2024,0.774534668401281,dQ_HZ_Norm_d,0.001993376297494028,0.001997501551255011,0.0015116397660461323,0.0024561128789170462
Second_83,75,83,ReRZV_1d,2024,0.774534668401281,dQ_Life_d,2.780223788000392e-4,2.787120302405195e-4,2.1177534463354472e-4,3.439044826729785e-4
Second_83,75,83,ReRZV_1d,2024,0.774534668401281,dQ_All_d,0.00717140632269241,0.00717298564351776,0.005473166837433977,0.008844392765385001
Second_83,75,83,ReRZV_1d,2024,0.774534668401281,dC_Hosp,-16.903707562480836,-16.888638939487716,-21.444446654619874,-12.695661439930063
Second_83,75,83,ReRZV_1d,2024,0.774534668401281,dC_GP_NonPHN,-5.136982511725813,-5.187733515554683,-5.959205992830775,-4.05718540495657
Second_83,75,83,ReRZV_1d,2024,0.774534668401281,dC_GP_PHN,-2.280730356852139,-2.2907447607338236,-2.772191504690211,-1.7331580300812568
Second_83,75,83,ReRZV_1d,2024,0.774534668401281,dC_GP,-7.4177128685779525,-7.481016377129414,-8.634877092858913,-5.8461793441307535
Second_83,75,83,ReRZV_1d,2024,0.774534668401281,dC_Med,-24.32142043105879,-24.376774062275626,-29.59467894250719,-18.911351514635772
Second_83,75,83,ReRZV_1d,2024,0.774534668401281,dC_VacZVL,0,0,0,0
Second_83,75,83,ReRZV_1d,2024,0.774534668401281,dC_VacRZV,85,85,84.99999999999999,85.00000000000001
Second_83,75,83,ReRZV_1d,2024,0.774534668401281,dC_Vac,85,85,84.99999999999999,85.00000000000001
Second_83,75,83,ReRZV_1d,2024,0.774534668401281,dC_All,60.67857956894121,60.623225937724385,55.40532105749279,66.08864848536422
Second_83,75,83,ReRZV_1d,2024,0.774534668401281,dC_Hosp_d,-15.535267826907992,-15.516155771065378,-19.70967761035214,-11.679767349346772
Second_83,75,83,ReRZV_1d,2024,0.774534668401281,dC_GP_NonPHN_d,-4.804593435302114,-4.849534557163691,-5.575167954272172,-3.794356510875485
Second_83,75,83,ReRZV_1d,2024,0.774534668401281,dC_GP_PHN_d,-2.13890804441376,-2.1484950694847873,-2.5972496514130325,-1.6247304914707739
Second_83,75,83,ReRZV_1d,2024,0.774534668401281,dC_GP_d,-6.9435014797158745,-7.0009362436810685,-8.094136389894437,-5.468088352467927
Second_83,75,83,ReRZV_1d,2024,0.774534668401281,dC_Med_d,-22.478769306623864,-22.523781756802578,-27.384799887799524,-17.506432254468546
Second_83,75,83,ReRZV_1d,2024,0.774534668401281,dC_VacZVL_d,0,0,0,0
Second_83,75,83,ReRZV_1d,2024,0.774534668401281,dC_VacRZV_d,85,85,84.99999999999999,85.00000000000001
Second_83,75,83,ReRZV_1d,2024,0.774534668401281,dC_Vac_d,85,85,84.99999999999999,85.00000000000001
Second_83,75,83,ReRZV_1d,2024,0.774534668401281,dC_All_d,62.52123069337613,62.47621824319742,57.61520011220046,67.49356774553146
Second_83,75,83,ReRZV_1d,2024,0.774534668401281,dN_VacZVL,0,0,0,0
Second_83,75,83,ReRZV_1d,2024,0.774534668401281,dN_VacRZV,1,1,1,1
Second_83,75,83,ReRZV_1d,2024,0.774534668401281,dN_VacZVL_d,0,0,0,0
Second_83,75,83,ReRZV_1d,2024,0.774534668401281,dN_VacRZV_d,1,1,1,1
Second_83,75,83,ReRZV_1d,2024,0.774534668401281,ICER,8877.444147705428,8666.74855336431,6738.967429112245,12261.272274385048
Second_83,75,83,ReRZV_1d,2024,0.774534668401281,Price0,85,85,84.99999999999999,85.00000000000001
Second_83,75,83,ReRZV_1d,2024,0.774534668401281,Thres20,165.90689576047205,166.2499459979377,127.33721678468372,202.25927159616413
Second_83,75,83,ReRZV_1d,2024,0.774534668401281,Thres30,237.62095898739616,238.00956183650095,181.75241359374516,291.1801830259825
Second_83,75,83,ReRZV_1d,2024,0.774534668401281,Thres20_50,NA,166.2499459979377,NA,NA
Second_83,75,83,ReRZV_1d,2024,0.774534668401281,Thres30_90,NA,202.07233009601862,NA,NA
Second_83,75,83,ReRZV_1d,2024,0.774534668401281,Thres,NA,166.2499459979377,NA,NA
Second_83,75,83,ReRZV_2d,2024,0.774534668401281,N0,0.774534668401281,0.774534668401281,0.774534668401281,0.774534668401281
Second_83,75,83,ReRZV_2d,2024,0.774534668401281,dYear_Life,4.981824651938126e-4,4.968714826880298e-4,3.9678170961034116e-4,6.049182466731796e-4
Second_83,75,83,ReRZV_2d,2024,0.774534668401281,dYear_Immunised,5.357332619619148,5.375984059850515,4.540019118044205,6.023525612304482
Second_83,75,83,ReRZV_2d,2024,0.774534668401281,dRisk_HZ,-0.06883031121901183,-0.069111230768847,-0.07761607197789404,-0.058333550649423596
Second_83,75,83,ReRZV_2d,2024,0.774534668401281,dRisk_Hosp,-0.0053553352656782295,-0.005340947291112728,-0.006680590346662171,-0.004226245986122505
Second_83,75,83,ReRZV_2d,2024,0.774534668401281,dRisk_PHN,-0.0061721872402721945,-0.006182293069594787,-0.007316495237305597,-0.005056837406762398
Second_83,75,83,ReRZV_2d,2024,0.774534668401281,dRisk_Death,-1.3700578494581716e-4,-1.3676674302712648e-4,-1.6804014966957507e-4,-1.0812811782252157e-4
Second_83,75,83,ReRZV_2d,2024,0.774534668401281,dQ_Life,3.340190718118521e-4,3.3313916315717753e-4,2.6699144136093684e-4,4.051375834795158e-4
Second_83,75,83,ReRZV_2d,2024,0.774534668401281,dQ_HZ,0.007734043713188151,0.007718845447611812,0.006173668326045909,0.00938944384565356
Second_83,75,83,ReRZV_2d,2024,0.774534668401281,dQ_HZ_Norm,0.002230995020171079,0.002223063658605204,0.0017774828769458319,0.0027066865099381115
Second_83,75,83,ReRZV_2d,2024,0.774534668401281,dQ_All,0.008059530660719738,0.008044272561135232,0.006454943803952944,0.009742968567395567
Second_83,75,83,ReRZV_2d,2024,0.774534668401281,dQ_HZ_d,0.007211033826798218,0.0071986447644287405,0.00574677336288877,0.008744294790257531
Second_83,75,83,ReRZV_2d,2024,0.774534668401281,dQ_HZ_Norm_d,0.0020854438789197956,0.0020771541441886184,0.0016632953117792088,0.0025300664045167943
Second_83,75,83,ReRZV_2d,2024,0.774534668401281,dQ_Life_d,2.907691995928604e-4,2.899071408638955e-4,2.3209501789819395e-4,3.5216872360489826e-4
Second_83,75,83,ReRZV_2d,2024,0.774534668401281,dQ_All_d,0.007501803026391089,0.00749177121588929,0.006017230574497392,0.009059866454351353
Second_83,75,83,ReRZV_2d,2024,0.774534668401281,dC_Hosp,-17.669745530128882,-17.627487269661515,-22.195502864382625,-13.663081757843164
Second_83,75,83,ReRZV_2d,2024,0.774534668401281,dC_GP_NonPHN,-5.37391868348585,-5.390498366169989,-6.07638466278312,-4.551763686555896
Second_83,75,83,ReRZV_2d,2024,0.774534668401281,dC_GP_PHN,-2.3858144681423967,-2.386533922816948,-2.8458213804556967,-1.9444541118251215
Second_83,75,83,ReRZV_2d,2024,0.774534668401281,dC_GP,-7.759733151628247,-7.780923247956021,-8.81857904371418,-6.58591584049386
Second_83,75,83,ReRZV_2d,2024,0.774534668401281,dC_Med,-25.42947868175713,-25.366120236767472,-30.45830496594489,-20.771411299497046
Second_83,75,83,ReRZV_2d,2024,0.774534668401281,dC_VacZVL,0,0,0,0
Second_83,75,83,ReRZV_2d,2024,0.774534668401281,dC_VacRZV,170,170,169.99999999999997,170.00000000000003
Second_83,75,83,ReRZV_2d,2024,0.774534668401281,dC_Vac,170,170,169.99999999999997,170.00000000000003
Second_83,75,83,ReRZV_2d,2024,0.774534668401281,dC_All,144.57052131824287,144.63387976323253,139.5416950340551,149.22858870050294
Second_83,75,83,ReRZV_2d,2024,0.774534668401281,dC_Hosp_d,-16.241492941976116,-16.214195731865132,-20.361534646592354,-12.58226923377911
Second_83,75,83,ReRZV_2d,2024,0.774534668401281,dC_GP_NonPHN_d,-5.02685974226881,-5.043135531340818,-5.6727754824283645,-4.269254698152702
Second_83,75,83,ReRZV_2d,2024,0.774534668401281,dC_GP_PHN_d,-2.237745069257284,-2.2382884092401074,-2.6620718919035413,-1.8248720226426443
Second_83,75,83,ReRZV_2d,2024,0.774534668401281,dC_GP_d,-7.264604811526094,-7.286356324559561,-8.239804264814072,-6.159116728314446
Second_83,75,83,ReRZV_2d,2024,0.774534668401281,dC_Med_d,-23.506097753502207,-23.44790665225424,-28.094450566873384,-19.17766112222286
Second_83,75,83,ReRZV_2d,2024,0.774534668401281,dC_VacZVL_d,0,0,0,0
Second_83,75,83,ReRZV_2d,2024,0.774534668401281,dC_VacRZV_d,170,170,169.99999999999997,170.00000000000003
Second_83,75,83,ReRZV_2d,2024,0.774534668401281,dC_Vac_d,170,170,169.99999999999997,170.00000000000003
Second_83,75,83,ReRZV_2d,2024,0.774534668401281,dC_All_d,146.49390224649778,146.55209334774577,141.90554943312662,150.8223388777771
Second_83,75,83,ReRZV_2d,2024,0.774534668401281,dN_VacZVL,0,0,0,0
Second_83,75,83,ReRZV_2d,2024,0.774534668401281,dN_VacRZV,2,2,2,2
Second_83,75,83,ReRZV_2d,2024,0.774534668401281,dN_VacZVL_d,0,0,0,0
Second_83,75,83,ReRZV_2d,2024,0.774534668401281,dN_VacRZV_d,2,2,2,2
Second_83,75,83,ReRZV_2d,2024,0.774534668401281,ICER,19758.997400596556,19566.32269973346,15917.417729071338,24952.584203970295
Second_83,75,83,ReRZV_2d,2024,0.774534668401281,Price0,85,85,84.99999999999999,85.00000000000001
Second_83,75,83,ReRZV_2d,2024,0.774534668401281,Thres20,86.771079140662,86.63167310870611,70.4020834362344,103.51803438490067
Second_83,75,83,ReRZV_2d,2024,0.774534668401281,Thres30,124.28009427261745,124.1330012260419,100.21813614350125,148.81160024812826
Second_83,75,83,ReRZV_2d,2024,0.774534668401281,Thres20_50,NA,86.63167310870611,NA,NA
Second_83,75,83,ReRZV_2d,2024,0.774534668401281,Thres30_90,NA,108.66530771961268,NA,NA
Second_83,75,83,ReRZV_2d,2024,0.774534668401281,Thres,NA,86.63167310870611,NA,NA
Second_84,70,84,ReRZV_1d,2024,0.6667188262423928,N0,0.6667188262423928,0.6667188262423928,0.6667188262423928,0.6667188262423928
Second_84,70,84,ReRZV_1d,2024,0.6667188262423928,dYear_Life,5.066540524572786e-4,5.074798856313776e-4,3.9190920629175757e-4,6.206987039020669e-4
Second_84,70,84,ReRZV_1d,2024,0.6667188262423928,dYear_Immunised,5.255458595841285,5.302553506177345,4.223810605861641,5.929255836459144
Second_84,70,84,ReRZV_1d,2024,0.6667188262423928,dRisk_HZ,-0.07884881725580968,-0.0795737891288942,-0.08939752710876121,-0.06352768099585161
Second_84,70,84,ReRZV_1d,2024,0.6667188262423928,dRisk_Hosp,-0.006383425703786075,-0.0063739726119495365,-0.008008888986627808,-0.004928843489989232
Second_84,70,84,ReRZV_1d,2024,0.6667188262423928,dRisk_PHN,-0.0070371118610733285,-0.007066249613687806,-0.008451162613022232,-0.005521419055192245
Second_84,70,84,ReRZV_1d,2024,0.6667188262423928,dRisk_Death,-1.6734516891811607e-4,-1.6702176716003837e-4,-2.0569531775022892e-4,-1.293727617447076e-4
Second_84,70,84,ReRZV_1d,2024,0.6667188262423928,dQ_Life,3.3878113253928453e-4,3.395254793163812e-4,2.6179721576888136e-4,4.1491472521771087e-4
Second_84,70,84,ReRZV_1d,2024,0.6667188262423928,dQ_HZ,0.007613563246441883,0.007606000268889995,0.005848388480518237,0.009333959348391627
Second_84,70,84,ReRZV_1d,2024,0.6667188262423928,dQ_HZ_Norm,0.0021796206711632233,0.0021825864278290077,0.0016865169794735462,0.002658782433372266
Second_84,70,84,ReRZV_1d,2024,0.6667188262423928,dQ_All,0.007943246281182929,0.007939048202885584,0.00613938720322699,0.009686502723819724
Second_84,70,84,ReRZV_1d,2024,0.6667188262423928,dQ_HZ_d,0.007144374350807558,0.0071340225150929755,0.0055095268743681845,0.008760485622653134
Second_84,70,84,ReRZV_1d,2024,0.6667188262423928,dQ_HZ_Norm_d,0.002049796845853827,0.002054193376787113,0.0015846639051088167,0.002497501381182973
Second_84,70,84,ReRZV_1d,2024,0.6667188262423928,dQ_Life_d,2.979609718529771e-4,2.9864157636500335e-4,2.3003208870726584e-4,3.648604766367923e-4
Second_84,70,84,ReRZV_1d,2024,0.6667188262423928,dQ_All_d,0.0074423353226605385,0.007439685973109249,0.005753528402987082,0.009070390656374301
Second_84,70,84,ReRZV_1d,2024,0.6667188262423928,dC_Hosp,-18.0771082813073,-18.02230412708476,-22.92466968123972,-13.820329084169778
Second_84,70,84,ReRZV_1d,2024,0.6667188262423928,dC_GP_NonPHN,-5.241766379247153,-5.289415880770751,-5.954811808550866,-4.236871948098561
Second_84,70,84,ReRZV_1d,2024,0.6667188262423928,dC_GP_PHN,-2.3149967494095134,-2.3227924300908525,-2.810441095318043,-1.7951954925524347
Second_84,70,84,ReRZV_1d,2024,0.6667188262423928,dC_GP,-7.556763128656667,-7.618391067221587,-8.652404704871467,-6.089979183341694
Second_84,70,84,ReRZV_1d,2024,0.6667188262423928,dC_Med,-25.633871409963966,-25.653143633457123,-30.97435351289404,-20.350623222664954
Second_84,70,84,ReRZV_1d,2024,0.6667188262423928,dC_VacZVL,0,0,0,0
Second_84,70,84,ReRZV_1d,2024,0.6667188262423928,dC_VacRZV,85,85,85,85
Second_84,70,84,ReRZV_1d,2024,0.6667188262423928,dC_Vac,85,85,85,85
Second_84,70,84,ReRZV_1d,2024,0.6667188262423928,dC_All,59.366128590036034,59.34685636654288,54.02564648710597,64.64937677733505
Second_84,70,84,ReRZV_1d,2024,0.6667188262423928,dC_Hosp_d,-16.76233726971893,-16.721789121076977,-21.293119251870678,-12.794560764702148
Second_84,70,84,ReRZV_1d,2024,0.6667188262423928,dC_GP_NonPHN_d,-4.932773438866791,-4.9788411951860585,-5.600352255689417,-3.979781153335657
Second_84,70,84,ReRZV_1d,2024,0.6667188262423928,dC_GP_PHN_d,-2.1840862942555463,-2.1933515638140717,-2.652155868471564,-1.6951318100279125
Second_84,70,84,ReRZV_1d,2024,0.6667188262423928,dC_GP_d,-7.116859733122337,-7.172674747809321,-8.133010316243654,-5.7387488497724775
Second_84,70,84,ReRZV_1d,2024,0.6667188262423928,dC_Med_d,-23.879197002841266,-23.89926332202386,-28.82158586709884,-18.95029230999402
Second_84,70,84,ReRZV_1d,2024,0.6667188262423928,dC_VacZVL_d,0,0,0,0
Second_84,70,84,ReRZV_1d,2024,0.6667188262423928,dC_VacRZV_d,85,85,85,85
Second_84,70,84,ReRZV_1d,2024,0.6667188262423928,dC_Vac_d,85,85,85,85
Second_84,70,84,ReRZV_1d,2024,0.6667188262423928,dC_All_d,61.120802997158734,61.100736677976144,56.17841413290115,66.04970769000599
Second_84,70,84,ReRZV_1d,2024,0.6667188262423928,dN_VacZVL,0,0,0,0
Second_84,70,84,ReRZV_1d,2024,0.6667188262423928,dN_VacRZV,1,1,1,1
Second_84,70,84,ReRZV_1d,2024,0.6667188262423928,dN_VacZVL_d,0,0,0,0
Second_84,70,84,ReRZV_1d,2024,0.6667188262423928,dN_VacRZV_d,1,1,1,1
Second_84,70,84,ReRZV_1d,2024,0.6667188262423928,ICER,8342.196286393133,8166.4990578298675,6424.140945887222,11267.42637653009
Second_84,70,84,ReRZV_1d,2024,0.6667188262423928,Price0,85,85,85,85
Second_84,70,84,ReRZV_1d,2024,0.6667188262423928,Thres20,172.72590345605204,173.10353122834994,135.91459755527487,207.90039282427753
Second_84,70,84,ReRZV_1d,2024,0.6667188262423928,Thres30,247.14925668265744,247.60041774750914,193.88549244041772,298.8756289087505
Second_84,70,84,ReRZV_1d,2024,0.6667188262423928,Thres20_50,NA,173.10353122834994,NA,NA
Second_84,70,84,ReRZV_1d,2024,0.6667188262423928,Thres30_90,NA,212.89349982504265,NA,NA
Second_84,70,84,ReRZV_1d,2024,0.6667188262423928,Thres,NA,173.10353122834994,NA,NA
Second_84,70,84,ReRZV_2d,2024,0.6667188262423928,N0,0.6667188262423928,0.6667188262423928,0.6667188262423928,0.6667188262423928
Second_84,70,84,ReRZV_2d,2024,0.6667188262423928,dYear_Life,5.277851214484226e-4,5.272968139134534e-4,4.280026112833763e-4,6.339739588623328e-4
Second_84,70,84,ReRZV_2d,2024,0.6667188262423928,dYear_Immunised,5.475086299441106,5.497194449664544,4.753891452523862,6.051763069693291
Second_84,70,84,ReRZV_2d,2024,0.6667188262423928,dRisk_HZ,-0.08214471967550226,-0.08246146030232525,-0.09118708299253359,-0.07112138933710367
Second_84,70,84,ReRZV_2d,2024,0.6667188262423928,dRisk_Hosp,-0.006649464893982343,-0.006621732822433415,-0.008252350022575792,-0.0052959192617133746
Second_84,70,84,ReRZV_2d,2024,0.6667188262423928,dRisk_PHN,-0.007330624380029642,-0.007333830293582876,-0.008651608632143622,-0.006072472371910036
Second_84,70,84,ReRZV_2d,2024,0.6667188262423928,dRisk_Death,-1.7429691992515073e-4,-1.7398268342722908e-4,-2.109703001847586e-4,-1.3982589188429916e-4
Second_84,70,84,ReRZV_2d,2024,0.6667188262423928,dQ_Life,3.5291646175538495e-4,3.5261016905658313e-4,2.859949931577708e-4,4.232416427618872e-4
Second_84,70,84,ReRZV_2d,2024,0.6667188262423928,dQ_HZ,0.007931500359115908,0.007913210159873882,0.006352697547636896,0.00953857885296416
Second_84,70,84,ReRZV_2d,2024,0.6667188262423928,dQ_HZ_Norm,0.002270684228049239,0.0022620091805684254,0.0018283103804390295,0.0027321516795555854
Second_84,70,84,ReRZV_2d,2024,0.6667188262423928,dQ_All,0.008274943882540466,0.008263457790059173,0.006659862536755569,0.009911552585146512
Second_84,70,84,ReRZV_2d,2024,0.6667188262423928,dQ_HZ_d,0.007442961725345195,0.007427352705002999,0.005984949560139741,0.008932865825910132
Second_84,70,84,ReRZV_2d,2024,0.6667188262423928,dQ_HZ_Norm_d,0.002135505247863738,0.002127976264579461,0.0017217784929492667,0.00256827030841363
Second_84,70,84,ReRZV_2d,2024,0.6667188262423928,dQ_Life_d,3.1039939666969345e-4,3.101940579159461e-4,0.00025179199752241793,3.7193461265266187e-4
Second_84,70,84,ReRZV_2d,2024,0.6667188262423928,dQ_All_d,0.007753361122014906,0.00773908203035031,0.006254974056599141,0.009292231434439585
Second_84,70,84,ReRZV_2d,2024,0.6667188262423928,dC_Hosp,-18.830011673145346,-18.77451893344245,-23.54622380902582,-14.838401820376678
Second_84,70,84,ReRZV_2d,2024,0.6667188262423928,dC_GP_NonPHN,-5.461013290059633,-5.4763872032148155,-6.083498252156554,-4.72525827026485
Second_84,70,84,ReRZV_2d,2024,0.6667188262423928,dC_GP_PHN,-2.4115397953411266,-2.414905292109167,-2.8760531894019676,-1.9723346009342726
Second_84,70,84,ReRZV_2d,2024,0.6667188262423928,dC_GP,-7.872553085400759,-7.898082536240906,-8.782823944426775,-6.80061143325158
Second_84,70,84,ReRZV_2d,2024,0.6667188262423928,dC_Med,-26.702564758546107,-26.672161018759944,-31.664896084365814,-22.016196493661056
Second_84,70,84,ReRZV_2d,2024,0.6667188262423928,dC_VacZVL,0,0,0,0
Second_84,70,84,ReRZV_2d,2024,0.6667188262423928,dC_VacRZV,170,170,170,170
Second_84,70,84,ReRZV_2d,2024,0.6667188262423928,dC_Vac,170,170,170,170
Second_84,70,84,ReRZV_2d,2024,0.6667188262423928,dC_All,143.29743524145388,143.32783898124006,138.33510391563416,147.98380350633894
Second_84,70,84,ReRZV_2d,2024,0.6667188262423928,dC_Hosp_d,-17.46110150975658,-17.408621808610526,-21.854418436552066,-13.752793465055541
Second_84,70,84,ReRZV_2d,2024,0.6667188262423928,dC_GP_NonPHN_d,-5.139259808171063,-5.15731503287715,-5.72206683654287,-4.45410647104643
Second_84,70,84,ReRZV_2d,2024,0.6667188262423928,dC_GP_PHN_d,-2.275242736196585,-2.275735981197767,-2.7073061628409474,-1.8638340025966444
Second_84,70,84,ReRZV_2d,2024,0.6667188262423928,dC_GP_d,-7.414502544367648,-7.441898086044336,-8.268991674493217,-6.406553217647565
Second_84,70,84,ReRZV_2d,2024,0.6667188262423928,dC_Med_d,-24.875604054124228,-24.84264035157976,-29.515784964795255,-20.540473559969378
Second_84,70,84,ReRZV_2d,2024,0.6667188262423928,dC_VacZVL_d,0,0,0,0
Second_84,70,84,ReRZV_2d,2024,0.6667188262423928,dC_VacRZV_d,170,170,170,170
Second_84,70,84,ReRZV_2d,2024,0.6667188262423928,dC_Vac_d,170,170,170,170
Second_84,70,84,ReRZV_2d,2024,0.6667188262423928,dC_All_d,145.12439594587576,145.15735964842025,140.48421503520476,149.4595264400306
Second_84,70,84,ReRZV_2d,2024,0.6667188262423928,dN_VacZVL,0,0,0,0
Second_84,70,84,ReRZV_2d,2024,0.6667188262423928,dN_VacRZV,2,2,2,2
Second_84,70,84,ReRZV_2d,2024,0.6667188262423928,dN_VacZVL_d,0,0,0,0
Second_84,70,84,ReRZV_2d,2024,0.6667188262423928,dN_VacRZV_d,2,2,2,2
Second_84,70,84,ReRZV_2d,2024,0.6667188262423928,ICER,18912.619852983975,18719.41232400888,15459.093497917653,23515.04082984392
Second_84,70,84,ReRZV_2d,2024,0.6667188262423928,Price0,85,85,85,85
Second_84,70,84,ReRZV_2d,2024,0.6667188262423928,Thres20,89.97141324721117,89.98715360613328,73.95635237657395,105.77167972963116
Second_84,70,84,ReRZV_2d,2024,0.6667188262423928,Thres30,128.73821885728572,128.77235063726323,105.09142698323993,152.03575403045383
Second_84,70,84,ReRZV_2d,2024,0.6667188262423928,Thres20_50,NA,89.98715360613328,NA,NA
Second_84,70,84,ReRZV_2d,2024,0.6667188262423928,Thres30_90,NA,113.82815210217461,NA,NA
Second_84,70,84,ReRZV_2d,2024,0.6667188262423928,Thres,NA,89.98715360613328,NA,NA
Second_84,75,84,ReRZV_1d,2024,0.7315429113052911,N0,0.7315429113052911,0.7315429113052911,0.7315429113052911,0.7315429113052911
Second_84,75,84,ReRZV_1d,2024,0.7315429113052911,dYear_Life,4.707467625894656e-4,4.7202440026484626e-4,3.5786904136426344e-4,5.816367597620562e-4
Second_84,75,84,ReRZV_1d,2024,0.7315429113052911,dYear_Immunised,4.877667220959234,4.9142407519195155,3.8580955126843146,5.583217638027717
Second_84,75,84,ReRZV_1d,2024,0.7315429113052911,dRisk_HZ,-0.06664324545870365,-0.06720278929786384,-0.07670380945344119,-0.0529358994158053
Second_84,75,84,ReRZV_1d,2024,0.7315429113052911,dRisk_Hosp,-0.0054308418273798864,-0.005420776878376405,-0.00689604587165782,-0.004134912535260219
Second_84,75,84,ReRZV_1d,2024,0.7315429113052911,dRisk_PHN,-0.005940102699452135,-0.00596965551340793,-0.007208513997918863,-0.004556932981835198
Second_84,75,84,ReRZV_1d,2024,0.7315429113052911,dRisk_Death,-1.4280060646843987e-4,-1.427909766069036e-4,-1.7733366895509358e-4,-1.086901062044616e-4
Second_84,75,84,ReRZV_1d,2024,0.7315429113052911,dQ_Life,3.1452393458048346e-4,3.152515537734703e-4,2.387417288256137e-4,3.883570960778677e-4
Second_84,75,84,ReRZV_1d,2024,0.7315429113052911,dQ_HZ,0.007066968648740021,0.0070652112582350116,0.005342219377088686,0.008753523530169779
Second_84,75,84,ReRZV_1d,2024,0.7315429113052911,dQ_HZ_Norm,0.002020656312228373,0.002022557346857439,0.0015375363990963423,0.0024883392685526493
Second_84,75,84,ReRZV_1d,2024,0.7315429113052911,dQ_All,0.007372823294764563,0.007375496777458971,0.005612541161023229,0.009085078429765102
Second_84,75,84,ReRZV_1d,2024,0.7315429113052911,dQ_HZ_d,0.006621365726635686,0.006622237887014504,0.005017200821585257,0.00819849390280312
Second_84,75,84,ReRZV_1d,2024,0.7315429113052911,dQ_HZ_Norm_d,0.0018974575746780094,0.001899494772274353,0.0014437392630647018,0.0023370460740215174
Second_84,75,84,ReRZV_1d,2024,0.7315429113052911,dQ_Life_d,2.7637700846517806e-4,2.769216986514777e-4,2.1019744188085346e-4,3.408417031809321e-4
Second_84,75,84,ReRZV_1d,2024,0.7315429113052911,dQ_All_d,0.006897742735100863,0.006899734320665522,0.005254611183153432,0.008503549863185144
Second_84,75,84,ReRZV_1d,2024,0.7315429113052911,dC_Hosp,-16.89073764791682,-16.843731831974367,-21.499772267000704,-12.724330441588897
Second_84,75,84,ReRZV_1d,2024,0.7315429113052911,dC_GP_NonPHN,-4.857778481488678,-4.9050782730313145,-5.605904958365598,-3.85643207284657
Second_84,75,84,ReRZV_1d,2024,0.7315429113052911,dC_GP_PHN,-2.142499420073355,-2.1538381830261013,-2.6301068513591415,-1.632930944905374
Second_84,75,84,ReRZV_1d,2024,0.7315429113052911,dC_GP,-7.000277901562033,-7.058081571322181,-8.123686038105367,-5.5396899536518855
Second_84,75,84,ReRZV_1d,2024,0.7315429113052911,dC_Med,-23.89101554947885,-23.941112176594455,-29.102662791235062,-18.603310988480022
Second_84,75,84,ReRZV_1d,2024,0.7315429113052911,dC_VacZVL,0,0,0,0
Second_84,75,84,ReRZV_1d,2024,0.7315429113052911,dC_VacRZV,85,85,85,85
Second_84,75,84,ReRZV_1d,2024,0.7315429113052911,dC_Vac,85,85,85,85
Second_84,75,84,ReRZV_1d,2024,0.7315429113052911,dC_All,61.10898445052115,61.05888782340555,55.89733720876493,66.39668901151997
Second_84,75,84,ReRZV_1d,2024,0.7315429113052911,dC_Hosp_d,-15.637755704043053,-15.597157982901514,-19.909897613618725,-11.79689042474523
Second_84,75,84,ReRZV_1d,2024,0.7315429113052911,dC_GP_NonPHN_d,-4.564632427181883,-4.611414856153493,-5.263260445939476,-3.616577554046231
Second_84,75,84,ReRZV_1d,2024,0.7315429113052911,dC_GP_PHN_d,-2.018450037084608,-2.02828813581539,-2.473543532662079,-1.5343418078910027
Second_84,75,84,ReRZV_1d,2024,0.7315429113052911,dC_GP_d,-6.583082464266491,-6.638593355311558,-7.642172174700359,-5.201633047756993
Second_84,75,84,ReRZV_1d,2024,0.7315429113052911,dC_Med_d,-22.220838168309545,-22.269953943930844,-27.079762632789908,-17.321710489233215
Second_84,75,84,ReRZV_1d,2024,0.7315429113052911,dC_VacZVL_d,0,0,0,0
Second_84,75,84,ReRZV_1d,2024,0.7315429113052911,dC_VacRZV_d,85,85,85,85
Second_84,75,84,ReRZV_1d,2024,0.7315429113052911,dC_Vac_d,85,85,85,85
Second_84,75,84,ReRZV_1d,2024,0.7315429113052911,dC_All_d,62.77916183169046,62.73004605606917,57.920237367210085,67.67828951076677
Second_84,75,84,ReRZV_1d,2024,0.7315429113052911,dN_VacZVL,0,0,0,0
Second_84,75,84,ReRZV_1d,2024,0.7315429113052911,dN_VacRZV,1,1,1,1
Second_84,75,84,ReRZV_1d,2024,0.7315429113052911,dN_VacZVL_d,0,0,0,0
Second_84,75,84,ReRZV_1d,2024,0.7315429113052911,dN_VacRZV_d,1,1,1,1
Second_84,75,84,ReRZV_1d,2024,0.7315429113052911,ICER,9263.321677230864,9057.213269126067,7056.778212216515,12770.940757773522
Second_84,75,84,ReRZV_1d,2024,0.7315429113052911,Price0,85,85,85,85
Second_84,75,84,ReRZV_1d,2024,0.7315429113052911,Thres20,160.1756928703268,160.39022159051603,123.17561192802984,195.18335137534123
Second_84,75,84,ReRZV_1d,2024,0.7315429113052911,Thres30,229.15312022133543,229.57871110737932,176.37620432893456,279.9689156904307
Second_84,75,84,ReRZV_1d,2024,0.7315429113052911,Thres20_50,NA,160.39022159051603,NA,NA
Second_84,75,84,ReRZV_1d,2024,0.7315429113052911,Thres30_90,NA,195.10204646057082,NA,NA
Second_84,75,84,ReRZV_1d,2024,0.7315429113052911,Thres,NA,160.39022159051603,NA,NA
Second_84,75,84,ReRZV_2d,2024,0.7315429113052911,N0,0.7315429113052911,0.7315429113052911,0.7315429113052911,0.7315429113052911
Second_84,75,84,ReRZV_2d,2024,0.7315429113052911,dYear_Life,4.918778525930466e-4,4.909945767290708e-4,3.934278207011335e-4,5.958266224931883e-4
Second_84,75,84,ReRZV_2d,2024,0.7315429113052911,dYear_Immunised,5.097295142019243,5.119443621913048,4.363991119856953,5.700776287422272
Second_84,75,84,ReRZV_2d,2024,0.7315429113052911,dRisk_HZ,-0.06964708872408293,-0.06994455772339173,-0.0782381380006281,-0.05933934015911325
Second_84,75,84,ReRZV_2d,2024,0.7315429113052911,dRisk_Hosp,-0.005673306540278056,-0.005657957670027193,-0.007083360080954596,-0.0044864002717106884
Second_84,75,84,ReRZV_2d,2024,0.7315429113052911,dRisk_PHN,-0.006207606252278446,-0.006216350444341377,-0.007396172620643652,-0.00506812777705474
Second_84,75,84,ReRZV_2d,2024,0.7315429113052911,dRisk_Death,-1.4913634325152553e-4,-1.4878862368402458e-4,-1.8246642445241478e-4,-1.1793593379898638e-4
Second_84,75,84,ReRZV_2d,2024,0.7315429113052911,dQ_Life,3.2865927785254606e-4,3.281507830372887e-4,2.6322913494151014e-4,3.9777460384296173e-4
Second_84,75,84,ReRZV_2d,2024,0.7315429113052911,dQ_HZ,0.007384906076277881,0.007367987942525603,0.005848305209480972,0.008945813945535402
Second_84,75,84,ReRZV_2d,2024,0.7315429113052911,dQ_HZ_Norm,0.002111719959267513,0.002102699565656758,0.0016853448391413327,0.002565034393990516
Second_84,75,84,ReRZV_2d,2024,0.7315429113052911,dQ_All,0.007704521224669133,0.007690111157196476,0.006154188076611464,0.009290429272856579
Second_84,75,84,ReRZV_2d,2024,0.7315429113052911,dQ_HZ_d,0.006919953396876673,0.006906486972332386,0.00546581263348584,0.008367992828713155
Second_84,75,84,ReRZV_2d,2024,0.7315429113052911,dQ_HZ_Norm_d,0.001983166061540179,0.0019747632907966776,0.001586127705902975,0.0024063212843833666
Second_84,75,84,ReRZV_2d,2024,0.7315429113052911,dQ_Life_d,2.8881544565043164e-4,2.882258515670065e-4,2.318146762411534e-4,3.4921791568598643e-4
Second_84,75,84,ReRZV_2d,2024,0.7315429113052911,dQ_All_d,0.007208768842527114,0.007195594353078077,0.005748274275162881,0.008686188063158027
Second_84,75,84,ReRZV_2d,2024,0.7315429113052911,dC_Hosp,-17.64364178505572,-17.594262109815787,-22.23964098788015,-13.73752120866394
Second_84,75,84,ReRZV_2d,2024,0.7315429113052911,dC_GP_NonPHN,-5.077025609406686,-5.094345648653917,-5.725511698134255,-4.328730755734224
Second_84,75,84,ReRZV_2d,2024,0.7315429113052911,dC_GP_PHN,-2.2390425615833323,-2.2420660591883395,-2.6926622786651024,-1.8136685094213216
Second_84,75,84,ReRZV_2d,2024,0.7315429113052911,dC_GP,-7.316068170990018,-7.33014432763888,-8.268945334010265,-6.234928544821878
Second_84,75,84,ReRZV_2d,2024,0.7315429113052911,dC_Med,-24.95970995604574,-24.96012353640778,-29.940897156637185,-20.356984381811376
Second_84,75,84,ReRZV_2d,2024,0.7315429113052911,dC_VacZVL,0,0,0,0
Second_84,75,84,ReRZV_2d,2024,0.7315429113052911,dC_VacRZV,170,170,170,170
Second_84,75,84,ReRZV_2d,2024,0.7315429113052911,dC_Vac,170,170,170,170
Second_84,75,84,ReRZV_2d,2024,0.7315429113052911,dC_All,145.04029004395426,145.03987646359224,140.0591028433628,149.64301561818863
Second_84,75,84,ReRZV_2d,2024,0.7315429113052911,dC_Hosp_d,-16.336520635794965,-16.274902162471385,-20.54396962531124,-12.753905257623
Second_84,75,84,ReRZV_2d,2024,0.7315429113052911,dC_GP_NonPHN_d,-4.771119000957236,-4.788534337815435,-5.3762798861118135,-4.070767727099799
Second_84,75,84,ReRZV_2d,2024,0.7315429113052911,dC_GP_PHN_d,-2.109606569272232,-2.1122282158872814,-2.5371637483948364,-1.7113873240602981
Second_84,75,84,ReRZV_2d,2024,0.7315429113052911,dC_GP_d,-6.880725570229468,-6.898057968282735,-7.771771197490499,-5.870694621980601
Second_84,75,84,ReRZV_2d,2024,0.7315429113052911,dC_Med_d,-23.217246206024434,-23.20626336207734,-27.83008772917013,-18.956978072159625
Second_84,75,84,ReRZV_2d,2024,0.7315429113052911,dC_VacZVL_d,0,0,0,0
Second_84,75,84,ReRZV_2d,2024,0.7315429113052911,dC_VacRZV_d,170,170,170,170
Second_84,75,84,ReRZV_2d,2024,0.7315429113052911,dC_Vac_d,170,170,170,170
Second_84,75,84,ReRZV_2d,2024,0.7315429113052911,dC_All_d,146.78275379397556,146.79373663792268,142.16991227082988,151.04302192784039
Second_84,75,84,ReRZV_2d,2024,0.7315429113052911,dN_VacZVL,0,0,0,0
Second_84,75,84,ReRZV_2d,2024,0.7315429113052911,dN_VacRZV,2,2,2,2
Second_84,75,84,ReRZV_2d,2024,0.7315429113052911,dN_VacZVL_d,0,0,0,0
Second_84,75,84,ReRZV_2d,2024,0.7315429113052911,dN_VacRZV_d,2,2,2,2
Second_84,75,84,ReRZV_2d,2024,0.7315429113052911,ICER,20597.27306340128,20392.296550610103,16607.50667772598,25991.996847611437
Second_84,75,84,ReRZV_2d,2024,0.7315429113052911,Price0,85,85,85,85
Second_84,75,84,ReRZV_2d,2024,0.7315429113052911,Thres20,83.69631152828336,83.5983284021959,67.84753267778954,99.67940360451924
Second_84,75,84,ReRZV_2d,2024,0.7315429113052911,Thres30,119.74015574091892,119.5249363377951,96.55190161518789,143.07508123705526
Second_84,75,84,ReRZV_2d,2024,0.7315429113052911,Thres20_50,NA,83.5983284021959,NA,NA
Second_84,75,84,ReRZV_2d,2024,0.7315429113052911,Thres30_90,NA,105.03094031777552,NA,NA
Second_84,75,84,ReRZV_2d,2024,0.7315429113052911,Thres,NA,83.5983284021959,NA,NA
Second_85,70,85,ReRZV_1d,2024,0.6249134990564751,N0,0.6249134990564751,0.6249134990564751,0.6249134990564751,0.6249134990564751
Second_85,70,85,ReRZV_1d,2024,0.6249134990564751,dYear_Life,4.922997980961139e-4,4.925811132216149e-4,3.8111256714759833e-4,6.033460181386899e-4
Second_85,70,85,ReRZV_1d,2024,0.6249134990564751,dYear_Immunised,4.935682166887944,4.9820778226974705,3.972513289883403,5.543842555609457
Second_85,70,85,ReRZV_1d,2024,0.6249134990564751,dRisk_HZ,-0.0794051192605257,-0.08019323795581594,-0.08987978847021598,-0.06428751166998267
Second_85,70,85,ReRZV_1d,2024,0.6249134990564751,dRisk_Hosp,-0.006746237626274243,-0.006719809749659073,-0.008502759907296044,-0.005193060143872612
Second_85,70,85,ReRZV_1d,2024,0.6249134990564751,dRisk_PHN,-0.007033135148398954,-0.007066385255978823,-0.008481004577656522,-0.005505896317539434
Second_85,70,85,ReRZV_1d,2024,0.6249134990564751,dRisk_Death,-1.8170844272156244e-4,-1.8158005554164329e-4,-2.231632334227582e-4,-1.405849014625921e-4
Second_85,70,85,ReRZV_1d,2024,0.6249134990564751,dQ_Life,3.2787030416474885e-4,3.282096255017721e-4,2.537296199422454e-4,4.0177648988708046e-4
Second_85,70,85,ReRZV_1d,2024,0.6249134990564751,dQ_HZ,0.007174286180024524,0.0071671619275152235,0.005551018187970106,0.008798632037964485
Second_85,70,85,ReRZV_1d,2024,0.6249134990564751,dQ_HZ_Norm,0.002035458661250681,0.002036028986826536,0.0015738511287306904,0.0024788778043042803
Second_85,70,85,ReRZV_1d,2024,0.6249134990564751,dQ_All,0.007492521807044383,0.007492927483279076,0.005844886924731788,0.009128444114333991
Second_85,70,85,ReRZV_1d,2024,0.6249134990564751,dQ_HZ_d,0.006762063613042611,0.006761404172070702,0.005249145910220879,0.008281900727316561
Second_85,70,85,ReRZV_1d,2024,0.6249134990564751,dQ_HZ_Norm_d,0.0019221499764813781,0.0019245457609960328,0.001483840513255056,0.0023388666792279935
Second_85,70,85,ReRZV_1d,2024,0.6249134990564751,dQ_Life_d,2.909386397542921e-4,2.9135299353751906e-4,2.2496856709276156e-4,3.5662768999423534e-4
Second_85,70,85,ReRZV_1d,2024,0.6249134990564751,dQ_All_d,0.007053002252796899,0.007057803457949582,0.005507124754473698,0.008584921490566189
Second_85,70,85,ReRZV_1d,2024,0.6249134990564751,dC_Hosp,-17.857211161917746,-17.78358960800116,-22.812481920452885,-13.56832943347913
Second_85,70,85,ReRZV_1d,2024,0.6249134990564751,dC_GP_NonPHN,-4.883823093466116,-4.926854302158129,-5.536102720567437,-3.9438921192105645
Second_85,70,85,ReRZV_1d,2024,0.6249134990564751,dC_GP_PHN,-2.139032142693218,-2.1430332312652416,-2.6066215141257314,-1.6473116573207494
Second_85,70,85,ReRZV_1d,2024,0.6249134990564751,dC_GP,-7.022855236159334,-7.084815738244378,-8.003910847652966,-5.666577948507337
Second_85,70,85,ReRZV_1d,2024,0.6249134990564751,dC_Med,-24.88006639807708,-24.87331693902155,-30.16356573903409,-19.77004904512125
Second_85,70,85,ReRZV_1d,2024,0.6249134990564751,dC_VacZVL,0,0,0,0
Second_85,70,85,ReRZV_1d,2024,0.6249134990564751,dC_VacRZV,85,85,85,85
Second_85,70,85,ReRZV_1d,2024,0.6249134990564751,dC_Vac,85,85,85,85
Second_85,70,85,ReRZV_1d,2024,0.6249134990564751,dC_All,60.11993360192292,60.12668306097845,54.83643426096591,65.22995095487875
Second_85,70,85,ReRZV_1d,2024,0.6249134990564751,dC_Hosp_d,-16.668562447398834,-16.58621760612968,-21.292583903069115,-12.686341180514528
Second_85,70,85,ReRZV_1d,2024,0.6249134990564751,dC_GP_NonPHN_d,-4.614726886751453,-4.656609718268836,-5.232111475193426,-3.719942481932088
Second_85,70,85,ReRZV_1d,2024,0.6249134990564751,dC_GP_PHN_d,-2.0260631046125073,-2.0317782469419234,-2.470025633990193,-1.5631469560190934
Second_85,70,85,ReRZV_1d,2024,0.6249134990564751,dC_GP_d,-6.64078999136396,-6.702459251859175,-7.57300239115885,-5.352937924330856
Second_85,70,85,ReRZV_1d,2024,0.6249134990564751,dC_Med_d,-23.309352438762794,-23.316922769945776,-28.35599395555848,-18.508319262250254
Second_85,70,85,ReRZV_1d,2024,0.6249134990564751,dC_VacZVL_d,0,0,0,0
Second_85,70,85,ReRZV_1d,2024,0.6249134990564751,dC_VacRZV_d,85,85,85,85
Second_85,70,85,ReRZV_1d,2024,0.6249134990564751,dC_Vac_d,85,85,85,85
Second_85,70,85,ReRZV_1d,2024,0.6249134990564751,dC_All_d,61.690647561237206,61.68307723005421,56.64400604444152,66.49168073774972
Second_85,70,85,ReRZV_1d,2024,0.6249134990564751,dN_VacZVL,0,0,0,0
Second_85,70,85,ReRZV_1d,2024,0.6249134990564751,dN_VacRZV,1,1,1,1
Second_85,70,85,ReRZV_1d,2024,0.6249134990564751,dN_VacZVL_d,0,0,0,0
Second_85,70,85,ReRZV_1d,2024,0.6249134990564751,dN_VacRZV_d,1,1,1,1
Second_85,70,85,ReRZV_1d,2024,0.6249134990564751,ICER,8882.549987708933,8703.581515570488,6848.0037117653665,11892.73357314749
Second_85,70,85,ReRZV_1d,2024,0.6249134990564751,Price0,85,85,85,85
Second_85,70,85,ReRZV_1d,2024,0.6249134990564751,Thres20,164.36939749470076,164.813342367525,129.88466559354725,197.46688713959924
Second_85,70,85,ReRZV_1d,2024,0.6249134990564751,Thres30,234.89942002266974,235.19272976381666,184.9515483657741,283.6893946303232
Second_85,70,85,ReRZV_1d,2024,0.6249134990564751,Thres20_50,NA,164.813342367525,NA,NA
Second_85,70,85,ReRZV_1d,2024,0.6249134990564751,Thres30_90,NA,202.74001060463664,NA,NA
Second_85,70,85,ReRZV_1d,2024,0.6249134990564751,Thres,NA,164.813342367525,NA,NA
Second_85,70,85,ReRZV_2d,2024,0.6249134990564751,N0,0.6249134990564751,0.6249134990564751,0.6249134990564751,0.6249134990564751
Second_85,70,85,ReRZV_2d,2024,0.6249134990564751,dYear_Life,5.126490798461809e-4,5.119610242348888e-4,4.1579401257775143e-4,6.15270864212662e-4
Second_85,70,85,ReRZV_2d,2024,0.6249134990564751,dYear_Immunised,5.139928718477644,5.1660032387026185,4.4845155297758446,5.660658068854413
Second_85,70,85,ReRZV_2d,2024,0.6249134990564751,dRisk_HZ,-0.08269173515716594,-0.08303421728309526,-0.09134123901320317,-0.0720672215917735
Second_85,70,85,ReRZV_2d,2024,0.6249134990564751,dRisk_Hosp,-0.007024930076675071,-0.007007789974359061,-0.008706492757732,-0.0055985075477565
Second_85,70,85,ReRZV_2d,2024,0.6249134990564751,dRisk_PHN,-0.0073235749137715075,-0.007332693294390938,-0.008688504683088589,-0.00603514242385191
Second_85,70,85,ReRZV_2d,2024,0.6249134990564751,dRisk_Death,-1.891972701453577e-4,-1.8867340365817333e-4,-2.289456114831838e-4,-1.5243395453389544e-4
Second_85,70,85,ReRZV_2d,2024,0.6249134990564751,dQ_Life,3.4142710719865934e-4,3.4099602695243604e-4,2.769259995266653e-4,4.0961242794516743e-4
Second_85,70,85,ReRZV_2d,2024,0.6249134990564751,dQ_HZ,0.0074709793596322285,0.007458674947263802,0.006023418817896998,0.00898546521880875
Second_85,70,85,ReRZV_2d,2024,0.6249134990564751,dQ_HZ_Norm,0.0021196629276314287,0.002110107315227163,0.0017077233939418327,0.002552247131972056
Second_85,70,85,ReRZV_2d,2024,0.6249134990564751,dQ_All,0.007802377250579686,0.007792354419971007,0.006324641328343239,0.009335050316264646
Second_85,70,85,ReRZV_2d,2024,0.6249134990564751,dQ_HZ_d,0.007041875018987238,0.007034939782349363,0.005692322820188039,0.008444955032177612
Second_85,70,85,ReRZV_2d,2024,0.6249134990564751,dQ_HZ_Norm_d,0.002001713437427339,0.0019921596628550073,0.0016135165918633666,0.0024091890435087283
Second_85,70,85,ReRZV_2d,2024,0.6249134990564751,dQ_Life_d,3.0297275001658176e-4,3.025349860614632e-4,2.4546657901931954e-4,3.628446505999315e-4
Second_85,70,85,ReRZV_2d,2024,0.6249134990564751,dQ_All_d,0.007344847769003814,0.007338616451422101,0.005958716898541547,0.008790774661149216
Second_85,70,85,ReRZV_2d,2024,0.6249134990564751,dC_Hosp,-18.594540837690765,-18.553291224561338,-23.44891944229857,-14.683971168602062
Second_85,70,85,ReRZV_2d,2024,0.6249134990564751,dC_GP_NonPHN,-5.086077883821512,-5.104793267355669,-5.64740894293542,-4.4227317471401815
Second_85,70,85,ReRZV_2d,2024,0.6249134990564751,dC_GP_PHN,-2.2273443324622395,-2.2283545535532028,-2.65244708490334,-1.808046518005101
Second_85,70,85,ReRZV_2d,2024,0.6249134990564751,dC_GP,-7.313422216283752,-7.342208934596504,-8.171629900039342,-6.330817865692282
Second_85,70,85,ReRZV_2d,2024,0.6249134990564751,dC_Med,-25.907963053974516,-25.856757107151793,-30.93387068890454,-21.390425121928406
Second_85,70,85,ReRZV_2d,2024,0.6249134990564751,dC_VacZVL,0,0,0,0
Second_85,70,85,ReRZV_2d,2024,0.6249134990564751,dC_VacRZV,170,170,170,170
Second_85,70,85,ReRZV_2d,2024,0.6249134990564751,dC_Vac,170,170,170,170
Second_85,70,85,ReRZV_2d,2024,0.6249134990564751,dC_All,144.09203694602547,144.1432428928482,139.06612931109547,148.6095748780716
Second_85,70,85,ReRZV_2d,2024,0.6249134990564751,dC_Hosp_d,-17.35726903142772,-17.28601780065049,-21.869507314520863,-13.664124009482222
Second_85,70,85,ReRZV_2d,2024,0.6249134990564751,dC_GP_NonPHN_d,-4.8059475246387855,-4.824609577893291,-5.332285797890539,-4.185988125856877
Second_85,70,85,ReRZV_2d,2024,0.6249134990564751,dC_GP_PHN_d,-2.1097612374313464,-2.109701075942863,-2.507005748596116,-1.7162366816795986
Second_85,70,85,ReRZV_2d,2024,0.6249134990564751,dC_GP_d,-6.915708762070131,-6.944769309106697,-7.713482433375531,-5.984574780272142
Second_85,70,85,ReRZV_2d,2024,0.6249134990564751,dC_Med_d,-24.27297779349785,-24.235413324826283,-28.972575245206517,-20.017131106523152
Second_85,70,85,ReRZV_2d,2024,0.6249134990564751,dC_VacZVL_d,0,0,0,0
Second_85,70,85,ReRZV_2d,2024,0.6249134990564751,dC_VacRZV_d,170,170,170,170
Second_85,70,85,ReRZV_2d,2024,0.6249134990564751,dC_Vac_d,170,170,170,170
Second_85,70,85,ReRZV_2d,2024,0.6249134990564751,dC_All_d,145.72702220650214,145.76458667517372,141.0274247547935,149.98286889347685
Second_85,70,85,ReRZV_2d,2024,0.6249134990564751,dN_VacZVL,0,0,0,0
Second_85,70,85,ReRZV_2d,2024,0.6249134990564751,dN_VacRZV,2,2,2,2
Second_85,70,85,ReRZV_2d,2024,0.6249134990564751,dN_VacZVL_d,0,0,0,0
Second_85,70,85,ReRZV_2d,2024,0.6249134990564751,dN_VacRZV_d,2,2,2,2
Second_85,70,85,ReRZV_2d,2024,0.6249134990564751,ICER,20044.786696340314,19831.052792355626,16466.188805259964,24883.714000138116
Second_85,70,85,ReRZV_2d,2024,0.6249134990564751,Price0,85,85,85,85
Second_85,70,85,ReRZV_2d,2024,0.6249134990564751,Thres20,85.58496658678706,85.61903388056989,70.52804015943525,100.56770897268635
Second_85,70,85,ReRZV_2d,2024,0.6249134990564751,Thres30,122.30920543180612,122.36132805994659,100.17425086294641,144.29844292753145
Second_85,70,85,ReRZV_2d,2024,0.6249134990564751,Thres20_50,NA,85.61903388056989,NA,NA
Second_85,70,85,ReRZV_2d,2024,0.6249134990564751,Thres30_90,NA,108.32999153880934,NA,NA
Second_85,70,85,ReRZV_2d,2024,0.6249134990564751,Thres,NA,85.61903388056989,NA,NA
Second_85,75,85,ReRZV_1d,2024,0.6856735957691706,N0,0.6856735957691706,0.6856735957691706,0.6856735957691706,0.6856735957691706
Second_85,75,85,ReRZV_1d,2024,0.6856735957691706,dYear_Life,4.607844492365571e-4,4.613853480563784e-4,3.4953025542464207e-4,5.712232973058667e-4
Second_85,75,85,ReRZV_1d,2024,0.6856735957691706,dYear_Immunised,4.622096678264262,4.659914684238602,3.673536724332317,5.270207216513516
Second_85,75,85,ReRZV_1d,2024,0.6856735957691706,dRisk_HZ,-0.067723293806797,-0.06834185698232788,-0.07769540258611334,-0.05388186453475662
Second_85,75,85,ReRZV_1d,2024,0.6856735957691706,dRisk_Hosp,-0.005780853853250081,-0.005757456590400998,-0.007318173863671724,-0.004426233674189399
Second_85,75,85,ReRZV_1d,2024,0.6856735957691706,dRisk_PHN,-0.005991939863630137,-0.006015938137597456,-0.007338087345212414,-0.004597743358029873
Second_85,75,85,ReRZV_1d,2024,0.6856735957691706,dRisk_Death,-1.559676529234059e-4,-1.558458491059198e-4,-1.933490271515386e-4,-1.1901429190812973e-4
Second_85,75,85,ReRZV_1d,2024,0.6856735957691706,dQ_Life,3.066802352254354e-4,3.0711202252556394e-4,2.324790160011476e-4,3.8016621417057914e-4
Second_85,75,85,ReRZV_1d,2024,0.6856735957691706,dQ_HZ,0.006718098820947617,0.006721163447103717,0.005144102179502899,0.008295395522530565
Second_85,75,85,ReRZV_1d,2024,0.6856735957691706,dQ_HZ_Norm,0.0019042641952710007,0.0019067865641280387,0.0014513273244134539,0.002342044942046658
Second_85,75,85,ReRZV_1d,2024,0.6856735957691706,dQ_All,0.007015569127802821,0.007026465142343379,0.005377382533438146,0.008635290194597923
Second_85,75,85,ReRZV_1d,2024,0.6856735957691706,dQ_HZ_d,0.006324575365802282,0.006331104128283407,0.004832439732791261,0.007811630295840794
Second_85,75,85,ReRZV_1d,2024,0.6856735957691706,dQ_HZ_Norm_d,0.0017961620862419825,0.0017993956085835317,0.0013671628066982708,0.0022038149191373046
Second_85,75,85,ReRZV_1d,2024,0.6856735957691706,dQ_Life_d,2.7194769559463287e-4,2.724681105485291e-4,2.0607401303376677e-4,3.36622541956292e-4
Second_85,75,85,ReRZV_1d,2024,0.6856735957691706,dQ_All_d,0.006596523061396913,0.00660690349224595,0.00505916430289992,0.0081083929227346
Second_85,75,85,ReRZV_1d,2024,0.6856735957691706,dC_Hosp,-16.80108769474728,-16.72892101694026,-21.559785335919646,-12.574204098787924
Second_85,75,85,ReRZV_1d,2024,0.6856735957691706,dC_GP_NonPHN,-4.567760789530659,-4.609554746424058,-5.255053649281095,-3.6228004395555122
Second_85,75,85,ReRZV_1d,2024,0.6856735957691706,dC_GP_PHN,-1.9983297894011378,-2.0022653649877125,-2.4583781411049626,-1.5185879928721564
Second_85,75,85,ReRZV_1d,2024,0.6856735957691706,dC_GP,-6.566090578931798,-6.6256632137131835,-7.5795158789010335,-5.197431722008867
Second_85,75,85,ReRZV_1d,2024,0.6856735957691706,dC_Med,-23.367178273679077,-23.403621642458802,-28.706937958374528,-18.24461415706287
Second_85,75,85,ReRZV_1d,2024,0.6856735957691706,dC_VacZVL,0,0,0,0
Second_85,75,85,ReRZV_1d,2024,0.6856735957691706,dC_VacRZV,85,85,85,85
Second_85,75,85,ReRZV_1d,2024,0.6856735957691706,dC_Vac,85,85,85,85
Second_85,75,85,ReRZV_1d,2024,0.6856735957691706,dC_All,61.63282172632093,61.5963783575412,56.29306204162546,66.75538584293713
Second_85,75,85,ReRZV_1d,2024,0.6856735957691706,dC_Hosp_d,-15.663510412671457,-15.59452994936661,-20.160303120414014,-11.754305340371115
Second_85,75,85,ReRZV_1d,2024,0.6856735957691706,dC_GP_NonPHN_d,-4.311084681693691,-4.351572815101811,-4.957721935235238,-3.4221227597087855
Second_85,75,85,ReRZV_1d,2024,0.6856735957691706,dC_GP_PHN_d,-1.8906802567325465,-1.896202584587259,-2.3183609941263836,-1.4352044553913266
Second_85,75,85,ReRZV_1d,2024,0.6856735957691706,dC_GP_d,-6.201764938426237,-6.260841714801111,-7.161721787318357,-4.895452928602462
Second_85,75,85,ReRZV_1d,2024,0.6856735957691706,dC_Med_d,-21.865275351097694,-21.89214617228243,-26.862688193837023,-17.026487150964222
Second_85,75,85,ReRZV_1d,2024,0.6856735957691706,dC_VacZVL_d,0,0,0,0
Second_85,75,85,ReRZV_1d,2024,0.6856735957691706,dC_VacRZV_d,85,85,85,85
Second_85,75,85,ReRZV_1d,2024,0.6856735957691706,dC_Vac_d,85,85,85,85
Second_85,75,85,ReRZV_1d,2024,0.6856735957691706,dC_All_d,63.134724648902306,63.10785382771756,58.137311806162984,67.97351284903577
Second_85,75,85,ReRZV_1d,2024,0.6856735957691706,dN_VacZVL,0,0,0,0
Second_85,75,85,ReRZV_1d,2024,0.6856735957691706,dN_VacRZV,1,1,1,1
Second_85,75,85,ReRZV_1d,2024,0.6856735957691706,dN_VacZVL_d,0,0,0,0
Second_85,75,85,ReRZV_1d,2024,0.6856735957691706,dN_VacRZV_d,1,1,1,1
Second_85,75,85,ReRZV_1d,2024,0.6856735957691706,ICER,9737.179126931953,9521.88746411197,7424.452624237702,13342.275621664887
Second_85,75,85,ReRZV_1d,2024,0.6856735957691706,Price0,85,85,85,85
Second_85,75,85,ReRZV_1d,2024,0.6856735957691706,Thres20,153.79573657903595,154.15311036862778,119.24979713887114,186.86499808697937
Second_85,75,85,ReRZV_1d,2024,0.6856735957691706,Thres30,219.76096719300506,219.98352734816103,169.7697697985971,267.6111281991523
Second_85,75,85,ReRZV_1d,2024,0.6856735957691706,Thres20_50,NA,154.15311036862778,NA,NA
Second_85,75,85,ReRZV_1d,2024,0.6856735957691706,Thres30_90,NA,187.73866117903697,NA,NA
Second_85,75,85,ReRZV_1d,2024,0.6856735957691706,Thres,NA,154.15311036862778,NA,NA
Second_85,75,85,ReRZV_2d,2024,0.6856735957691706,N0,0.6856735957691706,0.6856735957691706,0.6856735957691706,0.6856735957691706
Second_85,75,85,ReRZV_2d,2024,0.6856735957691706,dYear_Life,4.81133752184574e-4,4.798388807461129e-4,3.848783702217881e-4,5.815620773421813e-4
Second_85,75,85,ReRZV_2d,2024,0.6856735957691706,dYear_Immunised,4.826343441590838,4.851710617710975,4.1369271914188905,5.37479406507611
Second_85,75,85,ReRZV_2d,2024,0.6856735957691706,dRisk_HZ,-0.07071867048812108,-0.07104967958662092,-0.07898507729467254,-0.06055492212555532
Second_85,75,85,ReRZV_2d,2024,0.6856735957691706,dRisk_Hosp,-0.006034850334060933,-0.006020195514105944,-0.007524709152851092,-0.0047765654574809325
Second_85,75,85,ReRZV_2d,2024,0.6856735957691706,dRisk_PHN,-0.006256642685831975,-0.006267038675128369,-0.0074744362733967645,-0.005098268913893602
Second_85,75,85,ReRZV_2d,2024,0.6856735957691706,dRisk_Death,-1.6279286748965138e-4,-1.623054443873742e-4,-1.9815668023809622e-4,-1.2935175823900678e-4
Second_85,75,85,ReRZV_2d,2024,0.6856735957691706,dQ_Life,3.202370523814891e-4,3.195009014060803e-4,2.5670943880720724e-4,3.8692512951393515e-4
Second_85,75,85,ReRZV_2d,2024,0.6856735957691706,dQ_HZ,0.007014792308203255,0.007005710886556157,0.005591955382401143,0.008485893247926202
Second_85,75,85,ReRZV_2d,2024,0.6856735957691706,dQ_HZ_Norm,0.0019884685489285317,0.0019784066795416983,0.001585897238594577,0.0024106637459230837
Second_85,75,85,ReRZV_2d,2024,0.6856735957691706,dQ_All,0.007325424892697186,0.007314401241474923,0.005850839100931763,0.008827088232024247
Second_85,75,85,ReRZV_2d,2024,0.6856735957691706,dQ_HZ_d,0.006604387061891431,0.0065947077708366575,0.005256225043811727,0.00799849392023975
Second_85,75,85,ReRZV_2d,2024,0.6856735957691706,dQ_HZ_Norm_d,0.001875725629655217,0.0018656560600290497,0.0014984529933729277,0.002269851904018418
Second_85,75,85,ReRZV_2d,2024,0.6856735957691706,dQ_Life_d,2.8398181839279997e-4,2.8338292476161477e-4,2.2800200473013126e-4,3.4292307168176786e-4
Second_85,75,85,ReRZV_2d,2024,0.6856735957691706,dQ_All_d,0.0068883688802842385,0.006880206231355506,0.005489826832020552,0.00829178097690063
Second_85,75,85,ReRZV_2d,2024,0.6856735957691706,dC_Hosp,-17.53841813468579,-17.48884013107262,-22.17081916017031,-13.700261692875841
Second_85,75,85,ReRZV_2d,2024,0.6856735957691706,dC_GP_NonPHN,-4.770015789572593,-4.793388761895228,-5.355403248462423,-4.081086783104786
Second_85,75,85,ReRZV_2d,2024,0.6856735957691706,dC_GP_PHN,-2.0866420707312012,-2.084322231573808,-2.506507623069494,-1.6861325555835414
Second_85,75,85,ReRZV_2d,2024,0.6856735957691706,dC_GP,-6.856657860303795,-6.877061324742065,-7.726183410672966,-5.86776409739119
Second_85,75,85,ReRZV_2d,2024,0.6856735957691706,dC_Med,-24.395075994989586,-24.33872657835689,-29.388669558968978,-19.931021391017484
Second_85,75,85,ReRZV_2d,2024,0.6856735957691706,dC_VacZVL,0,0,0,0
Second_85,75,85,ReRZV_2d,2024,0.6856735957691706,dC_VacRZV,170,170,170,170
Second_85,75,85,ReRZV_2d,2024,0.6856735957691706,dC_Vac,170,170,170,170
Second_85,75,85,ReRZV_2d,2024,0.6856735957691706,dC_All,145.60492400501042,145.6612734216431,140.611330441031,150.06897860898252
Second_85,75,85,ReRZV_2d,2024,0.6856735957691706,dC_Hosp_d,-16.352217710479103,-16.29855947603076,-20.724380771780968,-12.794494322923661
Second_85,75,85,ReRZV_2d,2024,0.6856735957691706,dC_GP_NonPHN_d,-4.502305517828879,-4.524732006855572,-5.055533720732484,-3.8514549001380893
Second_85,75,85,ReRZV_2d,2024,0.6856735957691706,dC_GP_PHN_d,-1.9743784763304006,-1.971828880012795,-2.375108030414352,-1.5999474461947532
Second_85,75,85,ReRZV_2d,2024,0.6856735957691706,dC_GP_d,-6.47668399415928,-6.495624775100817,-7.284299902735911,-5.538994825019161
Second_85,75,85,ReRZV_2d,2024,0.6856735957691706,dC_Med_d,-22.828901704638383,-22.77995275298484,-27.48504764303638,-18.648543515056467
Second_85,75,85,ReRZV_2d,2024,0.6856735957691706,dC_VacZVL_d,0,0,0,0
Second_85,75,85,ReRZV_2d,2024,0.6856735957691706,dC_VacRZV_d,170,170,170,170
Second_85,75,85,ReRZV_2d,2024,0.6856735957691706,dC_Vac_d,170,170,170,170
Second_85,75,85,ReRZV_2d,2024,0.6856735957691706,dC_All_d,147.17109829536162,147.22004724701515,142.51495235696362,151.35145648494353
Second_85,75,85,ReRZV_2d,2024,0.6856735957691706,dN_VacZVL,0,0,0,0
Second_85,75,85,ReRZV_2d,2024,0.6856735957691706,dN_VacRZV,2,2,2,2
Second_85,75,85,ReRZV_2d,2024,0.6856735957691706,dN_VacZVL_d,0,0,0,0
Second_85,75,85,ReRZV_2d,2024,0.6856735957691706,dN_VacRZV_d,2,2,2,2
Second_85,75,85,ReRZV_2d,2024,0.6856735957691706,ICER,21607.62760453605,21357.38611162286,17477.480673579856,27154.78798495963
Second_85,75,85,ReRZV_2d,2024,0.6856735957691706,Price0,85,85,85,85
Second_85,75,85,ReRZV_2d,2024,0.6856735957691706,Thres20,80.29813965516158,80.34777433483526,65.24993848308394,95.4036821244885
Second_85,75,85,ReRZV_2d,2024,0.6856735957691706,Thres30,114.73998405658277,114.71448342484848,92.86844738077863,136.564281718328
Second_85,75,85,ReRZV_2d,2024,0.6856735957691706,Thres20_50,NA,80.34777433483526,NA,NA
Second_85,75,85,ReRZV_2d,2024,0.6856735957691706,Thres30_90,NA,100.70368926806313,NA,NA
Second_85,75,85,ReRZV_2d,2024,0.6856735957691706,Thres,NA,80.34777433483526,NA,NA
Second_86,70,86,ReRZV_1d,2024,0.5806286900737984,N0,0.5806286900737984,0.5806286900737984,0.5806286900737984,0.5806286900737984
Second_86,70,86,ReRZV_1d,2024,0.5806286900737984,dYear_Life,4.7321144843820716e-4,4.737911827695832e-4,3.6637958875732264e-4,5.81313118636184e-4
Second_86,70,86,ReRZV_1d,2024,0.5806286900737984,dYear_Immunised,4.619747211821239,4.663289660659845,3.7258112015593237,5.170854781718242
Second_86,70,86,ReRZV_1d,2024,0.5806286900737984,dRisk_HZ,-0.08038517346539363,-0.0811901676732398,-0.0907548382801197,-0.06501849956184837
Second_86,70,86,ReRZV_1d,2024,0.5806286900737984,dRisk_Hosp,-0.007144196460542839,-0.007114723114777466,-0.009028708445359208,-0.00551907010839196
Second_86,70,86,ReRZV_1d,2024,0.5806286900737984,dRisk_PHN,-0.007059406170979404,-0.0070842625529603616,-0.008592935762718964,-0.005512733581776121
Second_86,70,86,ReRZV_1d,2024,0.5806286900737984,dRisk_Death,-1.977874466621819e-4,-1.9734477667037804e-4,-2.4281911453093505e-4,-1.528195161102274e-4
Second_86,70,86,ReRZV_1d,2024,0.5806286900737984,dQ_Life,3.13747113604782e-4,3.141587030348362e-4,2.4280064857835725e-4,3.8526726045871163e-4
Second_86,70,86,ReRZV_1d,2024,0.5806286900737984,dQ_HZ,0.006729159412123435,0.006724219342739635,0.005198427609996025,0.008244531007154967
Second_86,70,86,ReRZV_1d,2024,0.5806286900737984,dQ_HZ_Norm,0.0018922950422341808,0.0018927199166585687,0.0014611928187116545,0.0023080370583107215
Second_86,70,86,ReRZV_1d,2024,0.5806286900737984,dQ_All,0.007032688252331216,0.007029651070102152,0.005480887688744653,0.008588985287861096
Second_86,70,86,ReRZV_1d,2024,0.5806286900737984,dQ_HZ_d,0.006369404938907002,0.006361087390163013,0.004927471414201296,0.0078072085373975175
Second_86,70,86,ReRZV_1d,2024,0.5806286900737984,dQ_HZ_Norm_d,0.0017940464157302299,0.0017957046458031293,0.001385081526716166,0.0021875534641940036
Second_86,70,86,ReRZV_1d,2024,0.5806286900737984,dQ_Life_d,2.808039046565231e-4,2.813138146607639e-4,2.1724916433974147e-4,3.446865229217957e-4
Second_86,70,86,ReRZV_1d,2024,0.5806286900737984,dQ_All_d,0.006650208843563527,0.006649002695069624,0.005187011129110278,0.008119351730010787
Second_86,70,86,ReRZV_1d,2024,0.5806286900737984,dC_Hosp,-17.506178766864853,-17.393824570469757,-22.200451055468452,-13.370883584097491
Second_86,70,86,ReRZV_1d,2024,0.5806286900737984,dC_GP_NonPHN,-4.529357904320176,-4.56851573716399,-5.12615030358705,-3.674003076356288
Second_86,70,86,ReRZV_1d,2024,0.5806286900737984,dC_GP_PHN,-1.9652733692916438,-1.9685688741996465,-2.3992498571880736,-1.5062605261809998
Second_86,70,86,ReRZV_1d,2024,0.5806286900737984,dC_GP,-6.49463127361182,-6.557267535814125,-7.38139851291559,-5.264169730410616
Second_86,70,86,ReRZV_1d,2024,0.5806286900737984,dC_Med,-24.000810040476672,-23.95228532371448,-29.102617065109897,-18.995248392761543
Second_86,70,86,ReRZV_1d,2024,0.5806286900737984,dC_VacZVL,0,0,0,0
Second_86,70,86,ReRZV_1d,2024,0.5806286900737984,dC_VacRZV,85,85,85,85
Second_86,70,86,ReRZV_1d,2024,0.5806286900737984,dC_Vac,85,85,85,85
Second_86,70,86,ReRZV_1d,2024,0.5806286900737984,dC_All,60.99918995952333,61.04771467628552,55.8973829348901,66.00475160723845
Second_86,70,86,ReRZV_1d,2024,0.5806286900737984,dC_Hosp_d,-16.44049734391619,-16.318647405679073,-20.909018645874077,-12.47668314202649
Second_86,70,86,ReRZV_1d,2024,0.5806286900737984,dC_GP_NonPHN_d,-4.296559060445959,-4.333792960626383,-4.8608567572199055,-3.4815672608910506
Second_86,70,86,ReRZV_1d,2024,0.5806286900737984,dC_GP_PHN_d,-1.8684912225624333,-1.8725369030370551,-2.277028529789036,-1.4366167999778152
Second_86,70,86,ReRZV_1d,2024,0.5806286900737984,dC_GP_d,-6.165050283008392,-6.228534227480857,-7.006653425542843,-4.998847546027126
Second_86,70,86,ReRZV_1d,2024,0.5806286900737984,dC_Med_d,-22.605547626924583,-22.586492256215458,-27.39077133028571,-17.901495799501408
Second_86,70,86,ReRZV_1d,2024,0.5806286900737984,dC_VacZVL_d,0,0,0,0
Second_86,70,86,ReRZV_1d,2024,0.5806286900737984,dC_VacRZV_d,85,85,85,85
Second_86,70,86,ReRZV_1d,2024,0.5806286900737984,dC_Vac_d,85,85,85,85
Second_86,70,86,ReRZV_1d,2024,0.5806286900737984,dC_All_d,62.39445237307542,62.41350774378455,57.609228669714305,67.09850420049858
Second_86,70,86,ReRZV_1d,2024,0.5806286900737984,dN_VacZVL,0,0,0,0
Second_86,70,86,ReRZV_1d,2024,0.5806286900737984,dN_VacRZV,1,1,1,1
Second_86,70,86,ReRZV_1d,2024,0.5806286900737984,dN_VacZVL_d,0,0,0,0
Second_86,70,86,ReRZV_1d,2024,0.5806286900737984,dN_VacRZV_d,1,1,1,1
Second_86,70,86,ReRZV_1d,2024,0.5806286900737984,ICER,9526.918777247176,9341.59566826884,7346.425766447868,12689.56017628657
Second_86,70,86,ReRZV_1d,2024,0.5806286900737984,Price0,85,85,85,85
Second_86,70,86,ReRZV_1d,2024,0.5806286900737984,Thres20,155.6097244981951,155.9040710453176,123.06076534826501,186.90703616863945
Second_86,70,86,ReRZV_1d,2024,0.5806286900737984,Thres30,222.11181293383038,222.39013544467508,174.81998668101917,267.6869362243287
Second_86,70,86,ReRZV_1d,2024,0.5806286900737984,Thres20_50,NA,155.9040710453176,NA,NA
Second_86,70,86,ReRZV_1d,2024,0.5806286900737984,Thres30_90,NA,191.4760053663943,NA,NA
Second_86,70,86,ReRZV_1d,2024,0.5806286900737984,Thres,NA,155.9040710453176,NA,NA
Second_86,70,86,ReRZV_2d,2024,0.5806286900737984,N0,0.5806286900737984,0.5806286900737984,0.5806286900737984,0.5806286900737984
Second_86,70,86,ReRZV_2d,2024,0.5806286900737984,dYear_Life,4.926097884239278e-4,4.909796361162915e-4,3.9920091752731264e-4,5.913993111938733e-4
Second_86,70,86,ReRZV_2d,2024,0.5806286900737984,dYear_Immunised,4.8092371724251315,4.835030880905249,4.206596893914977,5.273438562470045
Second_86,70,86,ReRZV_2d,2024,0.5806286900737984,dRisk_HZ,-0.08368285680004119,-0.08413110480122624,-0.092089718234069,-0.0731755594399945
Second_86,70,86,ReRZV_2d,2024,0.5806286900737984,dRisk_Hosp,-0.007436903219970175,-0.007398715160570084,-0.009208363814528032,-0.005910693345697868
Second_86,70,86,ReRZV_2d,2024,0.5806286900737984,dRisk_PHN,-0.007348281396692318,-0.007352293206671571,-0.008755387995592709,-0.006017282508821563
Second_86,70,86,ReRZV_2d,2024,0.5806286900737984,dRisk_Death,-2.058780522382933e-4,-2.050761560902783e-4,-2.4853485936503396e-4,-1.6639281633884525e-4
Second_86,70,86,ReRZV_2d,2024,0.5806286900737984,dQ_Life,3.2661157792310735e-4,3.2544416500444125e-4,2.6449882404829716e-4,3.9215373780980957e-4
Second_86,70,86,ReRZV_2d,2024,0.5806286900737984,dQ_HZ,0.007005004981305933,0.006991316118536378,0.005645390086782877,0.008430448284860583
Second_86,70,86,ReRZV_2d,2024,0.5806286900737984,dQ_HZ_Norm,0.001969879623415459,0.0019624082643694752,0.001589989259056435,0.0023801690932546563
Second_86,70,86,ReRZV_2d,2024,0.5806286900737984,dQ_All,0.007320982316863351,0.007305124029861225,0.005936700997524422,0.008765768816365914
Second_86,70,86,ReRZV_2d,2024,0.5806286900737984,dQ_HZ_d,0.006630612775499765,0.006617177972178586,0.0053522417376364135,0.007979913012029376
Second_86,70,86,ReRZV_2d,2024,0.5806286900737984,dQ_HZ_Norm_d,0.0018676333483419075,0.0018604155274706009,0.0015100982978875164,0.00225514438832672
Second_86,70,86,ReRZV_2d,2024,0.5806286900737984,dQ_Life_d,2.923205345011067e-4,2.911659785951678e-4,2.3682638272561147e-4,3.5060553417443497e-4
Second_86,70,86,ReRZV_2d,2024,0.5806286900737984,dQ_All_d,0.0069229333100008835,0.006909487868704785,0.005613549461966543,0.00829243657762451
Second_86,70,86,ReRZV_2d,2024,0.5806286900737984,dC_Hosp,-18.223129471818243,-18.137831186834774,-22.874014167839587,-14.322679424572334
Second_86,70,86,ReRZV_2d,2024,0.5806286900737984,dC_GP_NonPHN,-4.7152612126088975,-4.7315897795251765,-5.226018679924389,-4.114415296344003
Second_86,70,86,ReRZV_2d,2024,0.5806286900737984,dC_GP_PHN,-2.045669464368553,-2.0425862551857707,-2.455845938221991,-1.6451883431324268
Second_86,70,86,ReRZV_2d,2024,0.5806286900737984,dC_GP,-6.76093067697745,-6.785378258379555,-7.516159802820493,-5.864479522341262
Second_86,70,86,ReRZV_2d,2024,0.5806286900737984,dC_Med,-24.98406014879569,-24.877344161610253,-29.866036751582527,-20.644308737031565
Second_86,70,86,ReRZV_2d,2024,0.5806286900737984,dC_VacZVL,0,0,0,0
Second_86,70,86,ReRZV_2d,2024,0.5806286900737984,dC_VacRZV,170,170,170,170
Second_86,70,86,ReRZV_2d,2024,0.5806286900737984,dC_Vac,170,170,170,170
Second_86,70,86,ReRZV_2d,2024,0.5806286900737984,dC_All,145.0159398512043,145.12265583838973,140.1339632484175,149.35569126296843
Second_86,70,86,ReRZV_2d,2024,0.5806286900737984,dC_Hosp_d,-17.114127323727047,-17.04536775230138,-21.468056405508317,-13.434254448368263
Second_86,70,86,ReRZV_2d,2024,0.5806286900737984,dC_GP_NonPHN_d,-4.4729790090569566,-4.4892058986897885,-4.956331077843203,-3.9021792662743615
Second_86,70,86,ReRZV_2d,2024,0.5806286900737984,dC_GP_PHN_d,-1.9449614140172868,-1.9427070176337025,-2.3340430051561247,-1.5666534998940806
Second_86,70,86,ReRZV_2d,2024,0.5806286900737984,dC_GP_d,-6.417940423074244,-6.438117392454513,-7.130787673792553,-5.56693025187862
Second_86,70,86,ReRZV_2d,2024,0.5806286900737984,dC_Med_d,-23.53206774680129,-23.444309615449736,-28.017907082165927,-19.41030674672966
Second_86,70,86,ReRZV_2d,2024,0.5806286900737984,dC_VacZVL_d,0,0,0,0
Second_86,70,86,ReRZV_2d,2024,0.5806286900737984,dC_VacRZV_d,170,170,170,170
Second_86,70,86,ReRZV_2d,2024,0.5806286900737984,dC_Vac_d,170,170,170,170
Second_86,70,86,ReRZV_2d,2024,0.5806286900737984,dC_All_d,146.4679322531987,146.55569038455025,141.98209291783408,150.58969325327035
Second_86,70,86,ReRZV_2d,2024,0.5806286900737984,dN_VacZVL,0,0,0,0
Second_86,70,86,ReRZV_2d,2024,0.5806286900737984,dN_VacRZV,2,2,2,2
Second_86,70,86,ReRZV_2d,2024,0.5806286900737984,dN_VacZVL_d,0,0,0,0
Second_86,70,86,ReRZV_2d,2024,0.5806286900737984,dN_VacRZV_d,2,2,2,2
Second_86,70,86,ReRZV_2d,2024,0.5806286900737984,ICER,21373.965812705774,21176.804720210977,17535.63930316648,26446.268994545844
Second_86,70,86,ReRZV_2d,2024,0.5806286900737984,Price0,85,85,85,85
Second_86,70,86,ReRZV_2d,2024,0.5806286900737984,Thres20,80.99536697340949,80.96030487260717,66.68324880461064,95.15681418789707
Second_86,70,86,ReRZV_2d,2024,0.5806286900737984,Thres30,115.6100335234139,115.5393102161278,94.88813968971326,136.38671444249377
Second_86,70,86,ReRZV_2d,2024,0.5806286900737984,Thres20_50,NA,80.96030487260717,NA,NA
Second_86,70,86,ReRZV_2d,2024,0.5806286900737984,Thres30_90,NA,102.27139431618062,NA,NA
Second_86,70,86,ReRZV_2d,2024,0.5806286900737984,Thres,NA,80.96030487260717,NA,NA
Second_86,75,86,ReRZV_1d,2024,0.6370836548829839,N0,0.6370836548829839,0.6370836548829839,0.6370836548829839,0.6370836548829839
Second_86,75,86,ReRZV_1d,2024,0.6370836548829839,dYear_Life,4.4586758530478117e-4,4.4620066266373715e-4,3.379411612834172e-4,5.511819716770295e-4
Second_86,75,86,ReRZV_1d,2024,0.6370836548829839,dYear_Immunised,4.359990413051486,4.400969442917255,3.46218051829001,4.949335794357399
Second_86,75,86,ReRZV_1d,2024,0.6370836548829839,dRisk_HZ,-0.0691012828198392,-0.06982908723120693,-0.07902362675526474,-0.055218700173433284
Second_86,75,86,ReRZV_1d,2024,0.6370836548829839,dRisk_Hosp,-0.006162064944589775,-0.0061366727764706145,-0.007794361681108772,-0.0047212500412445995
Second_86,75,86,ReRZV_1d,2024,0.6370836548829839,dRisk_PHN,-0.006063008368210272,-0.006079731332569935,-0.007423685734137366,-0.004675155843374393
Second_86,75,86,ReRZV_1d,2024,0.6370836548829839,dRisk_Death,-1.7069686765851914e-4,-1.7052828033468253e-4,-2.1153609154702914e-4,-1.299622216225824e-4
Second_86,75,86,ReRZV_1d,2024,0.6370836548829839,dQ_Life,2.9545471430886543e-4,2.958130519587289e-4,2.238693285605961e-4,3.652389103539592e-4
Second_86,75,86,ReRZV_1d,2024,0.6370836548829839,dQ_HZ,0.006349869388935093,0.006341076197356671,0.0048505283741314825,0.007840288188898677
Second_86,75,86,ReRZV_1d,2024,0.6370836548829839,dQ_HZ_Norm,0.001784392843713771,0.0017821626250722825,0.0013558704375483631,0.0021947440996731003
Second_86,75,86,ReRZV_1d,2024,0.6370836548829839,dQ_All,0.0066355260249596395,0.006639742421974295,0.005092206754573345,0.008157460393386154
Second_86,75,86,ReRZV_1d,2024,0.6370836548829839,dQ_HZ_d,0.006004853336846401,0.005998951513594067,0.0045837786029261154,0.007403790259151875
Second_86,75,86,ReRZV_1d,2024,0.6370836548829839,dQ_HZ_Norm_d,0.0016902135848183948,0.0016893917876056675,0.0012816946016020688,0.0020769911143971244
Second_86,75,86,ReRZV_1d,2024,0.6370836548829839,dQ_Life_d,2.642930948028566e-4,2.6454912151435304e-4,2.0018794387048662e-4,3.267072621605098e-4
Second_86,75,86,ReRZV_1d,2024,0.6370836548829839,dQ_All_d,0.00626914643164926,0.006275280116142272,0.004814871752937083,0.007701201483971702
Second_86,75,86,ReRZV_1d,2024,0.6370836548829839,dC_Hosp,-16.575516263870604,-16.485724662004607,-21.140039548165976,-12.453366474901173
Second_86,75,86,ReRZV_1d,2024,0.6370836548829839,dC_GP_NonPHN,-4.270121070110642,-4.31085792049831,-4.908328649852298,-3.3932744777218833
Second_86,75,86,ReRZV_1d,2024,0.6370836548829839,dC_GP_PHN,-1.8510561585166951,-1.8570153559797946,-2.2854880433122946,-1.40003378954083
Second_86,75,86,ReRZV_1d,2024,0.6370836548829839,dC_GP,-6.121177228627337,-6.178498802483618,-7.040765538382212,-4.855263430483255
Second_86,75,86,ReRZV_1d,2024,0.6370836548829839,dC_Med,-22.696693492497943,-22.668253824893426,-27.82905724845576,-17.735842993984242
Second_86,75,86,ReRZV_1d,2024,0.6370836548829839,dC_VacZVL,0,0,0,0
Second_86,75,86,ReRZV_1d,2024,0.6370836548829839,dC_VacRZV,85,85,85,85
Second_86,75,86,ReRZV_1d,2024,0.6370836548829839,dC_Vac,85,85,85,85
Second_86,75,86,ReRZV_1d,2024,0.6370836548829839,dC_All,62.30330650750206,62.33174617510657,57.170942751544246,67.26415700601574
Second_86,75,86,ReRZV_1d,2024,0.6370836548829839,dC_Hosp_d,-15.551667799715672,-15.473503584334555,-19.882192298784563,-11.649110003039219
Second_86,75,86,ReRZV_1d,2024,0.6370836548829839,dC_GP_NonPHN_d,-4.047001953695695,-4.0861710721875095,-4.650407102784138,-3.2102024804527525
Second_86,75,86,ReRZV_1d,2024,0.6370836548829839,dC_GP_PHN_d,-1.7583720186597966,-1.7628658917462514,-2.1687127276627804,-1.3290030840049127
Second_86,75,86,ReRZV_1d,2024,0.6370836548829839,dC_GP_d,-5.805373972355492,-5.864136920070739,-6.673817272794212,-4.602332011842734
Second_86,75,86,ReRZV_1d,2024,0.6370836548829839,dC_Med_d,-21.357041772071163,-21.33253834011238,-26.253376339918844,-16.659481433475825
Second_86,75,86,ReRZV_1d,2024,0.6370836548829839,dC_VacZVL_d,0,0,0,0
Second_86,75,86,ReRZV_1d,2024,0.6370836548829839,dC_VacRZV_d,85,85,85,85
Second_86,75,86,ReRZV_1d,2024,0.6370836548829839,dC_Vac_d,85,85,85,85
Second_86,75,86,ReRZV_1d,2024,0.6370836548829839,dC_All_d,63.64295822792884,63.66746165988762,58.746623660081156,68.34051856652417
Second_86,75,86,ReRZV_1d,2024,0.6370836548829839,dN_VacZVL,0,0,0,0
Second_86,75,86,ReRZV_1d,2024,0.6370836548829839,dN_VacRZV,1,1,1,1
Second_86,75,86,ReRZV_1d,2024,0.6370836548829839,dN_VacZVL_d,0,0,0,0
Second_86,75,86,ReRZV_1d,2024,0.6370836548829839,dN_VacRZV_d,1,1,1,1
Second_86,75,86,ReRZV_1d,2024,0.6370836548829839,ICER,10325.421736263139,10099.833811828621,7871.182019001566,13973.85967736741
Second_86,75,86,ReRZV_1d,2024,0.6370836548829839,Price0,85,85,85,85
Second_86,75,86,ReRZV_1d,2024,0.6370836548829839,Thres20,146.73997040505637,147.09007702811908,114.2247338786341,177.58860376925654
Second_86,75,86,ReRZV_1d,2024,0.6370836548829839,Thres30,209.43143472154898,209.73617536497824,162.47704113336349,254.54841020182118
Second_86,75,86,ReRZV_1d,2024,0.6370836548829839,Thres20_50,NA,147.09007702811908,NA,NA
Second_86,75,86,ReRZV_1d,2024,0.6370836548829839,Thres30_90,NA,178.93258832343227,NA,NA
Second_86,75,86,ReRZV_1d,2024,0.6370836548829839,Thres,NA,147.09007702811908,NA,NA
Second_86,75,86,ReRZV_2d,2024,0.6370836548829839,N0,0.6370836548829839,0.6370836548829839,0.6370836548829839,0.6370836548829839
Second_86,75,86,ReRZV_2d,2024,0.6370836548829839,dYear_Life,4.6526594650198044e-4,4.641815550660512e-4,3.7242917733845465e-4,5.612665981189867e-4
Second_86,75,86,ReRZV_2d,2024,0.6370836548829839,dYear_Immunised,4.549480579728453,4.57708003381765,3.904824235970865,5.041714772333241
Second_86,75,86,ReRZV_2d,2024,0.6370836548829839,dRisk_HZ,-0.07210674309595712,-0.07253582325538646,-0.08029797113851331,-0.06223532047601197
Second_86,75,86,ReRZV_2d,2024,0.6370836548829839,dRisk_Hosp,-0.006428833598080605,-0.006401245394361573,-0.008018485225782399,-0.005061563201859943
Second_86,75,86,ReRZV_2d,2024,0.6370836548829839,dRisk_PHN,-0.006326285017377572,-0.006329146508426486,-0.007599809443798,-0.0051372678258946435
Second_86,75,86,ReRZV_2d,2024,0.6370836548829839,dRisk_Death,-1.780705269011151e-4,-1.7769336694995518e-4,-2.167315858007725e-4,-1.419950394614193e-4
Second_86,75,86,ReRZV_2d,2024,0.6370836548829839,dQ_Life,3.083191926940415e-4,3.0763427190427946e-4,2.469960908817975e-4,3.7163366825880215e-4
Second_86,75,86,ReRZV_2d,2024,0.6370836548829839,dQ_HZ,0.006625715258192851,0.006609358561390888,0.005274912008915442,0.008023079880484495
Second_86,75,86,ReRZV_2d,2024,0.6370836548829839,dQ_HZ_Norm,0.0018619775092512541,0.0018518035409075015,0.0014869273712884593,0.002257361690856356
Second_86,75,86,ReRZV_2d,2024,0.6370836548829839,dQ_All,0.0069238204031789865,0.006908572937667086,0.005547979510226494,0.008340646907286718
Second_86,75,86,ReRZV_2d,2024,0.6370836548829839,dQ_HZ_d,0.006266061457592443,0.006254070135431267,0.004985718023079256,0.007584923143906021
Second_86,75,86,ReRZV_2d,2024,0.6370836548829839,dQ_HZ_Norm_d,0.001763800597440322,0.0017560911693916589,0.0014111400582095316,0.002136887533428202
Second_86,75,86,ReRZV_2d,2024,0.6370836548829839,dQ_Life_d,2.7580973724040356e-4,2.7518171494014484e-4,2.2111872877140048e-4,3.324523367457725e-4
Second_86,75,86,ReRZV_2d,2024,0.6370836548829839,dQ_All_d,0.006541871194832851,0.006530117675649693,0.005241757935009616,0.007879604138983936
Second_86,75,86,ReRZV_2d,2024,0.6370836548829839,dC_Hosp,-17.292467748202647,-17.21431568728552,-21.730895264856148,-13.499910534800225
Second_86,75,86,ReRZV_2d,2024,0.6370836548829839,dC_GP_NonPHN,-4.456024580587942,-4.474044805291608,-5.000063607165991,-3.8324730075314752
Second_86,75,86,ReRZV_2d,2024,0.6370836548829839,dC_GP_PHN,-1.9314523410442401,-1.929152461323384,-2.326774968343853,-1.5445621567518133
Second_86,75,86,ReRZV_2d,2024,0.6370836548829839,dC_GP,-6.3874769216321825,-6.408146533106736,-7.168096819304358,-5.4750692639364305
Second_86,75,86,ReRZV_2d,2024,0.6370836548829839,dC_Med,-23.67994466983483,-23.586522999800707,-28.548642103764553,-19.37930870067861
Second_86,75,86,ReRZV_2d,2024,0.6370836548829839,dC_VacZVL,0,0,0,0
Second_86,75,86,ReRZV_2d,2024,0.6370836548829839,dC_VacRZV,170,170,170,170
Second_86,75,86,ReRZV_2d,2024,0.6370836548829839,dC_Vac,170,170,170,170
Second_86,75,86,ReRZV_2d,2024,0.6370836548829839,dC_All,146.32005533016516,146.4134770001993,141.45135789623544,150.62069129932138
Second_86,75,86,ReRZV_2d,2024,0.6370836548829839,dC_Hosp_d,-16.225298511813236,-16.129672228911218,-20.379860382942265,-12.642530026124284
Second_86,75,86,ReRZV_2d,2024,0.6370836548829839,dC_GP_NonPHN_d,-4.223422094182133,-4.242937396070484,-4.737761443519766,-3.630974236893574
Second_86,75,86,ReRZV_2d,2024,0.6370836548829839,dC_GP_PHN_d,-1.8348422932967297,-1.8332307819704043,-2.2111611157436197,-1.4668537962146944
Second_86,75,86,ReRZV_2d,2024,0.6370836548829839,dC_GP_d,-6.058264387478863,-6.077258709235657,-6.79437309451706,-5.186116249544759
Second_86,75,86,ReRZV_2d,2024,0.6370836548829839,dC_Med_d,-22.283562899292097,-22.18963962150297,-26.879155011026278,-18.244491188555624
Second_86,75,86,ReRZV_2d,2024,0.6370836548829839,dC_VacZVL_d,0,0,0,0
Second_86,75,86,ReRZV_2d,2024,0.6370836548829839,dC_VacRZV_d,170,170,170,170
Second_86,75,86,ReRZV_2d,2024,0.6370836548829839,dC_Vac_d,170,170,170,170
Second_86,75,86,ReRZV_2d,2024,0.6370836548829839,dC_All_d,147.7164371007079,147.81036037849702,143.12084498897372,151.75550881144437
Second_86,75,86,ReRZV_2d,2024,0.6370836548829839,dN_VacZVL,0,0,0,0
Second_86,75,86,ReRZV_2d,2024,0.6370836548829839,dN_VacRZV,2,2,2,2
Second_86,75,86,ReRZV_2d,2024,0.6370836548829839,dN_VacZVL_d,0,0,0,0
Second_86,75,86,ReRZV_2d,2024,0.6370836548829839,dN_VacRZV_d,2,2,2,2
Second_86,75,86,ReRZV_2d,2024,0.6370836548829839,ICER,22834.04755291439,22573.887552339776,18489.79891123441,28535.856515433632
Second_86,75,86,ReRZV_2d,2024,0.6370836548829839,Price0,85,85,85,85
Second_86,75,86,ReRZV_2d,2024,0.6370836548829839,Thres20,76.56049339797455,76.58903280741103,62.70075511867302,90.9067262744168
Second_86,75,86,ReRZV_2d,2024,0.6370836548829839,Thres30,109.26984937213881,109.25562512814625,88.82278941923646,130.0920439441706
Second_86,75,86,ReRZV_2d,2024,0.6370836548829839,Thres20_50,NA,76.58903280741103,NA,NA
Second_86,75,86,ReRZV_2d,2024,0.6370836548829839,Thres30_90,NA,96.13528267933457,NA,NA
Second_86,75,86,ReRZV_2d,2024,0.6370836548829839,Thres,NA,76.58903280741103,NA,NA
Second_87,70,87,ReRZV_1d,2024,0.5342025618181757,N0,0.5342025618181757,0.5342025618181757,0.5342025618181757,0.5342025618181757
Second_87,70,87,ReRZV_1d,2024,0.5342025618181757,dYear_Life,4.4839530077085416e-4,4.4876639387315297e-4,3.4609542328779374e-4,5.521320666300985e-4
Second_87,70,87,ReRZV_1d,2024,0.5342025618181757,dYear_Immunised,4.3097874414675,4.351106680373478,3.4812158658961714,4.806226616352721
Second_87,70,87,ReRZV_1d,2024,0.5342025618181757,dRisk_HZ,-0.08193524261631753,-0.08278131333603161,-0.0921845316565929,-0.06662819740994563
Second_87,70,87,ReRZV_1d,2024,0.5342025618181757,dRisk_Hosp,-0.007601039488122078,-0.007589855187237291,-0.009608949151863338,-0.005847512024887458
Second_87,70,87,ReRZV_1d,2024,0.5342025618181757,dRisk_PHN,-0.007124815297237213,-0.00714052821073945,-0.008720903387604924,-0.0055183873655343775
Second_87,70,87,ReRZV_1d,2024,0.5342025618181757,dRisk_Death,-2.1546972283577638e-4,-2.1473252200833074e-4,-2.651845685155416e-4,-1.6681051616598914e-4
Second_87,70,87,ReRZV_1d,2024,0.5342025618181757,dQ_Life,2.957776132445881e-4,2.9607321658249217e-4,2.2808263174703037e-4,3.64217560939491e-4
Second_87,70,87,ReRZV_1d,2024,0.5342025618181757,dQ_HZ,0.006284299183038806,0.006273645292326424,0.004861839620137132,0.00771277399867346
Second_87,70,87,ReRZV_1d,2024,0.5342025618181757,dQ_HZ_Norm,0.0017518354191550687,0.0017507749680528602,0.001358097225205474,0.0021434990340097582
Second_87,70,87,ReRZV_1d,2024,0.5342025618181757,dQ_All,0.006569233962472093,0.006567352826271449,0.005105874782835926,0.00801030570077738
Second_87,70,87,ReRZV_1d,2024,0.5342025618181757,dQ_HZ_d,0.005972567597494949,0.005964569112443564,0.004623694993596183,0.007338941708211954
Second_87,70,87,ReRZV_1d,2024,0.5342025618181757,dQ_HZ_Norm_d,0.0016672350247886921,0.0016662890269204548,0.0012935361150555233,0.002041655974984373
Second_87,70,87,ReRZV_1d,2024,0.5342025618181757,dQ_Life_d,2.669078156800799e-4,2.6717380425632885e-4,2.0567358191438297e-4,3.28890785976135e-4
Second_87,70,87,ReRZV_1d,2024,0.5342025618181757,dQ_All_d,0.006239475413175004,0.006239799605453885,0.00484793238632268,0.007613055156396149
Second_87,70,87,ReRZV_1d,2024,0.5342025618181757,dC_Hosp,-17.051847185095166,-16.961962419681193,-21.690671981958452,-12.962398309163802
Second_87,70,87,ReRZV_1d,2024,0.5342025618181757,dC_GP_NonPHN,-4.18230760873379,-4.2215626612212684,-4.727825142000018,-3.40165987369904
Second_87,70,87,ReRZV_1d,2024,0.5342025618181757,dC_GP_PHN,-1.7952582100865362,-1.7964042219223928,-2.2235509065210937,-1.3680257525454136
Second_87,70,87,ReRZV_1d,2024,0.5342025618181757,dC_GP,-5.9775658188203264,-6.0256269828432565,-6.795593408111604,-4.845351961707915
Second_87,70,87,ReRZV_1d,2024,0.5342025618181757,dC_Med,-23.02941300391549,-22.967579475783932,-27.971433494460292,-18.14896877591983
Second_87,70,87,ReRZV_1d,2024,0.5342025618181757,dC_VacZVL,0,0,0,0
Second_87,70,87,ReRZV_1d,2024,0.5342025618181757,dC_VacRZV,85,85,85,85
Second_87,70,87,ReRZV_1d,2024,0.5342025618181757,dC_Vac,85,85,85,85
Second_87,70,87,ReRZV_1d,2024,0.5342025618181757,dC_All,61.970586996084506,62.032420524216064,57.02856650553969,66.85103122408016
Second_87,70,87,ReRZV_1d,2024,0.5342025618181757,dC_Hosp_d,-16.105058046630496,-16.026644078504457,-20.495494379478163,-12.224757015641606
Second_87,70,87,ReRZV_1d,2024,0.5342025618181757,dC_GP_NonPHN_d,-3.9823197074230476,-4.02065939208391,-4.501998479318492,-3.2322065939386886
Second_87,70,87,ReRZV_1d,2024,0.5342025618181757,dC_GP_PHN_d,-1.7129582140402673,-1.7122844702673157,-2.114784686491067,-1.308008373813023
Second_87,70,87,ReRZV_1d,2024,0.5342025618181757,dC_GP_d,-5.695277921463315,-5.741433260978771,-6.471367821411763,-4.609168508789364
Second_87,70,87,ReRZV_1d,2024,0.5342025618181757,dC_Med_d,-21.800335968093812,-21.759361352633583,-26.508517362435363,-17.162276404074035
Second_87,70,87,ReRZV_1d,2024,0.5342025618181757,dC_VacZVL_d,0,0,0,0
Second_87,70,87,ReRZV_1d,2024,0.5342025618181757,dC_VacRZV_d,85,85,85,85
Second_87,70,87,ReRZV_1d,2024,0.5342025618181757,dC_Vac_d,85,85,85,85
Second_87,70,87,ReRZV_1d,2024,0.5342025618181757,dC_All_d,63.19966403190619,63.240638647366424,58.491482637564644,67.83772359592597
Second_87,70,87,ReRZV_1d,2024,0.5342025618181757,dN_VacZVL,0,0,0,0
Second_87,70,87,ReRZV_1d,2024,0.5342025618181757,dN_VacRZV,1,1,1,1
Second_87,70,87,ReRZV_1d,2024,0.5342025618181757,dN_VacZVL_d,0,0,0,0
Second_87,70,87,ReRZV_1d,2024,0.5342025618181757,dN_VacRZV_d,1,1,1,1
Second_87,70,87,ReRZV_1d,2024,0.5342025618181757,ICER,10284.38308979872,10092.356785173919,7957.86192860747,13682.37121169736
Second_87,70,87,ReRZV_1d,2024,0.5342025618181757,Price0,85,85,85,85
Second_87,70,87,ReRZV_1d,2024,0.5342025618181757,Thres20,146.5898442315939,146.93415416778228,116.16129526866702,176.46299402148708
Second_87,70,87,ReRZV_1d,2024,0.5342025618181757,Thres30,208.98459836334393,209.1293512768433,164.64892475058673,252.44611678164475
Second_87,70,87,ReRZV_1d,2024,0.5342025618181757,Thres20_50,NA,146.93415416778228,NA,NA
Second_87,70,87,ReRZV_1d,2024,0.5342025618181757,Thres30_90,NA,180.27631041292122,NA,NA
Second_87,70,87,ReRZV_1d,2024,0.5342025618181757,Thres,NA,146.93415416778228,NA,NA
Second_87,70,87,ReRZV_2d,2024,0.5342025618181757,N0,0.5342025618181757,0.5342025618181757,0.5342025618181757,0.5342025618181757
Second_87,70,87,ReRZV_2d,2024,0.5342025618181757,dYear_Life,4.666350543658121e-4,4.647861030985575e-4,3.766057776360564e-4,5.616343149867955e-4
Second_87,70,87,ReRZV_2d,2024,0.5342025618181757,dYear_Immunised,4.485160845704482,4.509629819748506,3.922920014877315,4.900633920717492
Second_87,70,87,ReRZV_2d,2024,0.5342025618181757,dRisk_HZ,-0.08526926548445868,-0.08567454011701989,-0.09357871616482501,-0.07489419083575108
Second_87,70,87,ReRZV_2d,2024,0.5342025618181757,dRisk_Hosp,-0.007909951677049814,-0.007883061147222717,-0.00981208237734103,-0.0062792232495485776
Second_87,70,87,ReRZV_2d,2024,0.5342025618181757,dRisk_PHN,-0.007413934944758018,-0.00742149243185421,-0.008909543450534583,-0.006001811722592466
Second_87,70,87,ReRZV_2d,2024,0.5342025618181757,dRisk_Death,-2.2422144751077416e-4,-2.2317860175104278e-4,-2.7148707794472343e-4,-1.80854325560126e-4
Second_87,70,87,ReRZV_2d,2024,0.5342025618181757,dQ_Life,3.078113121165319e-4,3.068055212566567e-4,2.482324546939455e-4,3.7038929267446094e-4
Second_87,70,87,ReRZV_2d,2024,0.5342025618181757,dQ_HZ,0.006539838615253159,0.00651872863484242,0.005273910332619349,0.007882669897344858
Second_87,70,87,ReRZV_2d,2024,0.5342025618181757,dQ_HZ_Norm,0.0018230777983324962,0.0018180088433989035,0.0014776031271708143,0.0022057766218946916
Second_87,70,87,ReRZV_2d,2024,0.5342025618181757,dQ_All,0.006836368226101177,0.006815004859663433,0.005546339263095245,0.008190651657704748
Second_87,70,87,ReRZV_2d,2024,0.5342025618181757,dQ_HZ_d,0.006215499094156062,0.006195880838884379,0.005018875606344228,0.007484568510355317
Second_87,70,87,ReRZV_2d,2024,0.5342025618181757,dQ_HZ_Norm_d,0.0017350558647224522,0.00173008659421569,0.0014069340691998172,0.002099941783655084
Second_87,70,87,ReRZV_2d,2024,0.5342025618181757,dQ_Life_d,2.777688264696904e-4,2.7690341810184845e-4,2.2411733014645973e-4,3.3413781603675393e-4
Second_87,70,87,ReRZV_2d,2024,0.5342025618181757,dQ_All_d,0.006493267920625748,0.0064748392397161614,0.005267464572944182,0.0077715324305679566
Second_87,70,87,ReRZV_2d,2024,0.5342025618181757,dC_Hosp,-17.744653461819578,-17.657695578349095,-22.286375433205574,-13.924441961479012
Second_87,70,87,ReRZV_2d,2024,0.5342025618181757,dC_GP_NonPHN,-4.352576022493175,-4.371520665385784,-4.806960649497542,-3.8123881199957625
Second_87,70,87,ReRZV_2d,2024,0.5342025618181757,dC_GP_PHN,-1.8680865434352836,-1.8647143504368815,-2.2735023888593267,-1.5011822812228155
Second_87,70,87,ReRZV_2d,2024,0.5342025618181757,dC_GP,-6.220662565928459,-6.237254694128953,-6.907979859285443,-5.39392528152292
Second_87,70,87,ReRZV_2d,2024,0.5342025618181757,dC_Med,-23.965316027748038,-23.89023292647412,-28.68601765712905,-19.778392618137982
Second_87,70,87,ReRZV_2d,2024,0.5342025618181757,dC_VacZVL,0,0,0,0
Second_87,70,87,ReRZV_2d,2024,0.5342025618181757,dC_VacRZV,170,170,170,170
Second_87,70,87,ReRZV_2d,2024,0.5342025618181757,dC_Vac,170,170,170,170
Second_87,70,87,ReRZV_2d,2024,0.5342025618181757,dC_All,146.03468397225197,146.10976707352586,141.31398234287093,150.22160738186201
Second_87,70,87,ReRZV_2d,2024,0.5342025618181757,dC_Hosp_d,-16.759600367331576,-16.68127776543853,-21.052689070246387,-13.149655119243747
Second_87,70,87,ReRZV_2d,2024,0.5342025618181757,dC_GP_NonPHN_d,-4.144490467706301,-4.164597313314292,-4.579425480131587,-3.626800560272538
Second_87,70,87,ReRZV_2d,2024,0.5342025618181757,dC_GP_PHN_d,-1.782469229431326,-1.7786844066188177,-2.168781554958488,-1.4344058946493448
Second_87,70,87,ReRZV_2d,2024,0.5342025618181757,dC_GP_d,-5.926959697137627,-5.942714703759208,-6.573913920062375,-5.138590197046366
Second_87,70,87,ReRZV_2d,2024,0.5342025618181757,dC_Med_d,-22.6865600644692,-22.61150039060052,-27.154951305774762,-18.678529861678523
Second_87,70,87,ReRZV_2d,2024,0.5342025618181757,dC_VacZVL_d,0,0,0,0
Second_87,70,87,ReRZV_2d,2024,0.5342025618181757,dC_VacRZV_d,170,170,170,170
Second_87,70,87,ReRZV_2d,2024,0.5342025618181757,dC_Vac_d,170,170,170,170
Second_87,70,87,ReRZV_2d,2024,0.5342025618181757,dC_All_d,147.3134399355308,147.3884996093995,142.84504869422526,151.32147013832153
Second_87,70,87,ReRZV_2d,2024,0.5342025618181757,dN_VacZVL,0,0,0,0
Second_87,70,87,ReRZV_2d,2024,0.5342025618181757,dN_VacRZV,2,2,2,2
Second_87,70,87,ReRZV_2d,2024,0.5342025618181757,dN_VacZVL_d,0,0,0,0
Second_87,70,87,ReRZV_2d,2024,0.5342025618181757,dN_VacRZV_d,2,2,2,2
Second_87,70,87,ReRZV_2d,2024,0.5342025618181757,ICER,22920.091092569604,22720.59944127058,18776.944071431008,28251.90455678565
Second_87,70,87,ReRZV_2d,2024,0.5342025618181757,Price0,85,85,85,85
Second_87,70,87,ReRZV_2d,2024,0.5342025618181757,Thres20,76.27595923849208,76.19433609315175,63.35042494915708,89.69467405524993
Second_87,70,87,ReRZV_2d,2024,0.5342025618181757,Thres30,108.74229884162082,108.56780283167548,89.60056780176367,128.5236970757159
Second_87,70,87,ReRZV_2d,2024,0.5342025618181757,Thres20_50,NA,76.19433609315175,NA,NA
Second_87,70,87,ReRZV_2d,2024,0.5342025618181757,Thres30_90,NA,96.08952619610136,NA,NA
Second_87,70,87,ReRZV_2d,2024,0.5342025618181757,Thres,NA,76.19433609315175,NA,NA
Second_87,75,87,ReRZV_1d,2024,0.5861441185841801,N0,0.5861441185841801,0.5861441185841801,0.5861441185841801,0.5861441185841801
Second_87,75,87,ReRZV_1d,2024,0.5861441185841801,dYear_Life,4.2503733261015775e-4,4.251589852942633e-4,3.232303882545208e-4,5.265358489668155e-4
Second_87,75,87,ReRZV_1d,2024,0.5861441185841801,dYear_Immunised,4.0950607045567375,4.135966618664338,3.2478033665030774,4.632435260133281
Second_87,75,87,ReRZV_1d,2024,0.5861441185841801,dRisk_HZ,-0.07091886403292638,-0.07164699081597749,-0.08081115690441956,-0.05657411718595952
Second_87,75,87,ReRZV_1d,2024,0.5861441185841801,dRisk_Hosp,-0.006594667876015365,-0.006582529438922485,-0.00834896472528567,-0.005019435696037187
Second_87,75,87,ReRZV_1d,2024,0.5861441185841801,dRisk_PHN,-0.006162416308702763,-0.006181543277480979,-0.007619089326220055,-0.004706764523931093
Second_87,75,87,ReRZV_1d,2024,0.5861441185841801,dRisk_Death,-1.8690649831573766e-4,-1.8672922363081033e-4,-2.31530012305728e-4,-1.4259956236889164e-4
Second_87,75,87,ReRZV_1d,2024,0.5861441185841801,dQ_Life,2.802378816115127e-4,2.803182402967932e-4,2.1298115483765534e-4,3.4695146948855623e-4
Second_87,75,87,ReRZV_1d,2024,0.5861441185841801,dQ_HZ,0.005969997377203412,0.005962837706953692,0.004566995866914765,0.00735025899436698
Second_87,75,87,ReRZV_1d,2024,0.5861441185841801,dQ_HZ_Norm,0.001663356221672264,0.0016620573548682413,0.0012705889747757426,0.002042521688578357
Second_87,75,87,ReRZV_1d,2024,0.5861441185841801,dQ_All,0.006239806945075079,0.0062384999196627424,0.004805904229282557,0.007655957298892225
Second_87,75,87,ReRZV_1d,2024,0.5861441185841801,dQ_HZ_d,0.005669811393396395,0.0056652188316329505,0.0043302079863605306,0.00698315749647389
Second_87,75,87,ReRZV_1d,2024,0.5861441185841801,dQ_HZ_Norm_d,0.0015819181576069612,0.0015821925569033035,0.0012096224862690583,0.001943632420657792
Second_87,75,87,ReRZV_1d,2024,0.5861441185841801,dQ_Life_d,2.5278353377828386e-4,2.5301068461979707e-4,1.9205845077082057e-4,3.12933818063931e-4
Second_87,75,87,ReRZV_1d,2024,0.5861441185841801,dQ_All_d,0.005922594927174672,0.005922629163060765,0.004562781005790192,0.007263930375122548
Second_87,75,87,ReRZV_1d,2024,0.5861441185841801,dC_Hosp,-16.237637782749715,-16.183819996127575,-20.780607186656685,-12.170483461474253
Second_87,75,87,ReRZV_1d,2024,0.5861441185841801,dC_GP_NonPHN,-3.9703606820994133,-4.009848238552747,-4.54710353466261,-3.168015081288618
Second_87,75,87,ReRZV_1d,2024,0.5861441185841801,dC_GP_PHN,-1.7030029046034474,-1.7035072388568577,-2.1212779812677915,-1.2806934626784316
Second_87,75,87,ReRZV_1d,2024,0.5861441185841801,dC_GP,-5.673363586702861,-5.725590505856392,-6.515411802271715,-4.530121175193384
Second_87,75,87,ReRZV_1d,2024,0.5861441185841801,dC_Med,-21.911001369452574,-21.867308656942136,-26.719381091928202,-17.035353182929715
Second_87,75,87,ReRZV_1d,2024,0.5861441185841801,dC_VacZVL,0,0,0,0
Second_87,75,87,ReRZV_1d,2024,0.5861441185841801,dC_VacRZV,85,85,85,85
Second_87,75,87,ReRZV_1d,2024,0.5861441185841801,dC_Vac,85,85,85,85
Second_87,75,87,ReRZV_1d,2024,0.5861441185841801,dC_All,63.08899863054742,63.132691343057864,58.2806189080718,67.96464681707029
Second_87,75,87,ReRZV_1d,2024,0.5861441185841801,dC_Hosp_d,-15.32478769942686,-15.274755530981718,-19.601860090719146,-11.45015833295736
Second_87,75,87,ReRZV_1d,2024,0.5861441185841801,dC_GP_NonPHN_d,-3.7778727071821216,-3.813952944184984,-4.3247870929457015,-3.0114011040274296
Second_87,75,87,ReRZV_1d,2024,0.5861441185841801,dC_GP_PHN_d,-1.6238401893137704,-1.623838771297664,-2.015576579719388,-1.2244741645555426
Second_87,75,87,ReRZV_1d,2024,0.5861441185841801,dC_GP_d,-5.401712896495892,-5.455617804954882,-6.200980424959643,-4.307325900180404
Second_87,75,87,ReRZV_1d,2024,0.5861441185841801,dC_Med_d,-20.72650059592275,-20.693298667746234,-25.34045529066973,-16.095078166310575
Second_87,75,87,ReRZV_1d,2024,0.5861441185841801,dC_VacZVL_d,0,0,0,0
Second_87,75,87,ReRZV_1d,2024,0.5861441185841801,dC_VacRZV_d,85,85,85,85
Second_87,75,87,ReRZV_1d,2024,0.5861441185841801,dC_Vac_d,85,85,85,85
Second_87,75,87,ReRZV_1d,2024,0.5861441185841801,dC_All_d,64.27349940407724,64.30670133225377,59.65954470933026,68.90492183368941
Second_87,75,87,ReRZV_1d,2024,0.5861441185841801,dN_VacZVL,0,0,0,0
Second_87,75,87,ReRZV_1d,2024,0.5861441185841801,dN_VacRZV,1,1,1,1
Second_87,75,87,ReRZV_1d,2024,0.5861441185841801,dN_VacZVL_d,0,0,0,0
Second_87,75,87,ReRZV_1d,2024,0.5861441185841801,dN_VacRZV_d,1,1,1,1
Second_87,75,87,ReRZV_1d,2024,0.5861441185841801,ICER,11035.469247820212,10812.532176171173,8432.785461926303,14907.506204522811
Second_87,75,87,ReRZV_1d,2024,0.5861441185841801,Price0,85,85,85,85
Second_87,75,87,ReRZV_1d,2024,0.5861441185841801,Thres20,139.1783991394162,139.41041375858592,108.98094403185107,168.70310190985177
Second_87,75,87,ReRZV_1d,2024,0.5861441185841801,Thres30,198.4043484111629,198.74918861021143,154.52988104165814,241.28853862971036
Second_87,75,87,ReRZV_1d,2024,0.5861441185841801,Thres20_50,NA,139.41041375858592,NA,NA
Second_87,75,87,ReRZV_1d,2024,0.5861441185841801,Thres30_90,NA,169.53106491594997,NA,NA
Second_87,75,87,ReRZV_1d,2024,0.5861441185841801,Thres,NA,139.41041375858592,NA,NA
Second_87,75,87,ReRZV_2d,2024,0.5861441185841801,N0,0.5861441185841801,0.5861441185841801,0.5861441185841801,0.5861441185841801
Second_87,75,87,ReRZV_2d,2024,0.5861441185841801,dYear_Life,4.4327710718841174e-4,4.420871220676279e-4,3.541744605703104e-4,5.35357304715308e-4
Second_87,75,87,ReRZV_2d,2024,0.5861441185841801,dYear_Immunised,4.270434309312289,4.297077850930677,3.6959738884976017,4.710836932355827
Second_87,75,87,ReRZV_2d,2024,0.5861441185841801,dRisk_HZ,-0.07395744032263075,-0.0743486364168619,-0.08203772674340733,-0.06410183403867223
Second_87,75,87,ReRZV_2d,2024,0.5861441185841801,dRisk_Hosp,-0.0068762056138831785,-0.006849801963782841,-0.008568267432206471,-0.00541095906411354
Second_87,75,87,ReRZV_2d,2024,0.5861441185841801,dRisk_PHN,-0.006425915433635333,-0.006433318575339252,-0.0077510898589272445,-0.005158976966311917
Second_87,75,87,ReRZV_2d,2024,0.5861441185841801,dRisk_Death,-1.9488268309072215e-4,-1.9422951415193817e-4,-2.3635581183195056e-4,-1.5572781719860583e-4
Second_87,75,87,ReRZV_2d,2024,0.5861441185841801,dQ_Life,0.00029227159432717226,2.915431001450196e-4,2.3360656492515876e-4,3.528370447539412e-4
Second_87,75,87,ReRZV_2d,2024,0.5861441185841801,dQ_HZ,0.006225537101696607,0.006204693697519533,0.004974308706045639,0.007542734436866385
Second_87,75,87,ReRZV_2d,2024,0.5861441185841801,dQ_HZ_Norm,0.0017345986822848293,0.0017266119418499959,0.0013935068036813858,0.0021076057820174124
Second_87,75,87,ReRZV_2d,2024,0.5861441185841801,dQ_All,0.006506941514321814,0.006485943177716319,0.005217171495983852,0.007839990770598859
Second_87,75,87,ReRZV_2d,2024,0.5861441185841801,dQ_HZ_d,0.005912743167916803,0.005894770481577445,0.004717651439248118,0.00716429182553773
Second_87,75,87,ReRZV_2d,2024,0.5861441185841801,dQ_HZ_Norm_d,0.0016497390750653152,0.0016423624547522186,0.0013274848179785587,0.002004339878931734
Second_87,75,87,ReRZV_2d,2024,0.5861441185841801,dQ_Life_d,2.6364455706251965e-4,2.62932776643149e-4,2.1089927039177357e-4,3.1825075732754314e-4
Second_87,75,87,ReRZV_2d,2024,0.5861441185841801,dQ_All_d,0.006176387724979308,0.006157556372677262,0.0049525454553478515,0.007443823047230256
Second_87,75,87,ReRZV_2d,2024,0.5861441185841801,dC_Hosp,-16.930444851270455,-16.83433960263953,-21.358882104447435,-13.167818680067832
Second_87,75,87,ReRZV_2d,2024,0.5861441185841801,dC_GP_NonPHN,-4.140629290553764,-4.163184221540152,-4.6343717298008915,-3.574711232674745
Second_87,75,87,ReRZV_2d,2024,0.5861441185841801,dC_GP_PHN,-1.775831321239336,-1.772216380841078,-2.165374923383962,-1.4130445645496816
Second_87,75,87,ReRZV_2d,2024,0.5861441185841801,dC_GP,-5.9164606117931,-5.93075728672843,-6.626438121910568,-5.0797195339767685
Second_87,75,87,ReRZV_2d,2024,0.5861441185841801,dC_Med,-22.846905463063553,-22.787170954818187,-27.51760162746804,-18.67061024225706
Second_87,75,87,ReRZV_2d,2024,0.5861441185841801,dC_VacZVL,0,0,0,0
Second_87,75,87,ReRZV_2d,2024,0.5861441185841801,dC_VacRZV,170,170,170,170
Second_87,75,87,ReRZV_2d,2024,0.5861441185841801,dC_Vac,170,170,170,170
Second_87,75,87,ReRZV_2d,2024,0.5861441185841801,dC_All,147.15309453693644,147.21282904518182,142.48239837253195,151.32938975774292
Second_87,75,87,ReRZV_2d,2024,0.5861441185841801,dC_Hosp_d,-15.979330768194393,-15.892961636662609,-20.207924083936543,-12.418616079506414
Second_87,75,87,ReRZV_2d,2024,0.5861441185841801,dC_GP_NonPHN_d,-3.9400436529018,-3.9613194782616974,-4.404370641573716,-3.3964753232161216
Second_87,75,87,ReRZV_2d,2024,0.5861441185841801,dC_GP_PHN_d,-1.6933512841995704,-1.6891406347270812,-2.0632695563506003,-1.3483993008764066
Second_87,75,87,ReRZV_2d,2024,0.5861441185841801,dC_GP_d,-5.633394937101371,-5.647153047032926,-6.308533691946083,-4.831786396022056
Second_87,75,87,ReRZV_2d,2024,0.5861441185841801,dC_Med_d,-21.612725705295762,-21.540195173813807,-26.012366394880836,-17.66000253456568
Second_87,75,87,ReRZV_2d,2024,0.5861441185841801,dC_VacZVL_d,0,0,0,0
Second_87,75,87,ReRZV_2d,2024,0.5861441185841801,dC_VacRZV_d,170,170,170,170
Second_87,75,87,ReRZV_2d,2024,0.5861441185841801,dC_Vac_d,170,170,170,170
Second_87,75,87,ReRZV_2d,2024,0.5861441185841801,dC_All_d,148.38727429470424,148.4598048261862,143.98763360511916,152.3399974654343
Second_87,75,87,ReRZV_2d,2024,0.5861441185841801,dN_VacZVL,0,0,0,0
Second_87,75,87,ReRZV_2d,2024,0.5861441185841801,dN_VacRZV,2,2,2,2
Second_87,75,87,ReRZV_2d,2024,0.5861441185841801,dN_VacZVL_d,0,0,0,0
Second_87,75,87,ReRZV_2d,2024,0.5861441185841801,dN_VacRZV_d,2,2,2,2
Second_87,75,87,ReRZV_2d,2024,0.5861441185841801,ICER,24293.341526019376,24034.2021332022,19740.752034630535,30218.2865084658
Second_87,75,87,ReRZV_2d,2024,0.5861441185841801,Price0,85,85,85,85
Second_87,75,87,ReRZV_2d,2024,0.5861441185841801,Thres20,72.57024010244096,72.56161861788382,59.397899614805375,85.95002185095353
Second_87,75,87,ReRZV_2d,2024,0.5861441185841801,Thres30,103.4521787273375,103.34873795049131,84.45894524201441,123.1089948568992
Second_87,75,87,ReRZV_2d,2024,0.5861441185841801,Thres20_50,NA,72.56161861788382,NA,NA
Second_87,75,87,ReRZV_2d,2024,0.5861441185841801,Thres30_90,NA,90.94174738234354,NA,NA
Second_87,75,87,ReRZV_2d,2024,0.5861441185841801,Thres,NA,72.56161861788382,NA,NA
Second_88,70,88,ReRZV_1d,2024,0.48607204870814474,N0,0.48607204870814474,0.48607204870814474,0.48607204870814474,0.48607204870814474
Second_88,70,88,ReRZV_1d,2024,0.48607204870814474,dYear_Life,4.1653241308782914e-4,4.1650910261490314e-4,3.2043541156253274e-4,5.136599075730622e-4
Second_88,70,88,ReRZV_1d,2024,0.48607204870814474,dYear_Immunised,4.007779205309884,4.0484336500235045,3.248248565907976,4.453614573675637
Second_88,70,88,ReRZV_1d,2024,0.48607204870814474,dRisk_HZ,-0.08422279826598449,-0.08508886719322686,-0.09470824502065014,-0.06865980486978361
Second_88,70,88,ReRZV_1d,2024,0.48607204870814474,dRisk_Hosp,-0.008133627821403219,-0.00810047001868841,-0.010319431833474496,-0.006158287141550511
Second_88,70,88,ReRZV_1d,2024,0.48607204870814474,dRisk_PHN,-0.007257495644043379,-0.007252540824440857,-0.008959112974833042,-0.005571843868994617
Second_88,70,88,ReRZV_1d,2024,0.48607204870814474,dRisk_Death,-2.3419568578986048e-4,-2.338205167409923e-4,-2.889632818874091e-4,-1.8099287678287636e-4
Second_88,70,88,ReRZV_1d,2024,0.48607204870814474,dQ_Life,2.7312273826814594e-4,2.7297095135506616e-4,2.0988309629319782e-4,3.3680792280114025e-4
Second_88,70,88,ReRZV_1d,2024,0.48607204870814474,dQ_HZ,0.0058449199328540705,0.005839133526562297,0.004496869534646943,0.007148344623185772
Second_88,70,88,ReRZV_1d,2024,0.48607204870814474,dQ_HZ_Norm,0.0016156293423120304,0.0016139913536893106,0.0012509557071018638,0.001979663403172372
Second_88,70,88,ReRZV_1d,2024,0.48607204870814474,dQ_All,0.006106550272591931,0.0061067901197928275,0.0047259132864643375,0.007422812316009651
Second_88,70,88,ReRZV_1d,2024,0.48607204870814474,dQ_HZ_d,0.005576897566872566,0.005573489517030589,0.004293015552837313,0.006823410308268208
Second_88,70,88,ReRZV_1d,2024,0.48607204870814474,dQ_HZ_Norm_d,0.0015433316343468298,0.0015409309408974847,0.0011937408231631082,0.0018897422981821706
Second_88,70,88,ReRZV_1d,2024,0.48607204870814474,dQ_Life_d,2.4839211477555457e-4,2.484167395200536e-4,1.907409567354124e-4,3.063117616802349e-4
Second_88,70,88,ReRZV_1d,2024,0.48607204870814474,dQ_All_d,0.00582528968164812,0.0058254673036839694,0.004513534765048234,0.00708488344811935
Second_88,70,88,ReRZV_1d,2024,0.48607204870814474,dC_Hosp,-16.500473970694745,-16.460555828639627,-20.99090460626005,-12.330553633054228
Second_88,70,88,ReRZV_1d,2024,0.48607204870814474,dC_GP_NonPHN,-3.845749569463465,-3.8821402729549126,-4.335212355358492,-3.1308487431762315
Second_88,70,88,ReRZV_1d,2024,0.48607204870814474,dC_GP_PHN,-1.63455717154224,-1.6315960319547433,-2.0511311684899156,-1.242980599740858
Second_88,70,88,ReRZV_1d,2024,0.48607204870814474,dC_GP,-5.480306741005705,-5.522961791428125,-6.210681481474411,-4.436314182618433
Second_88,70,88,ReRZV_1d,2024,0.48607204870814474,dC_Med,-21.98078071170045,-21.988654572194253,-26.786730586893405,-17.216789237637443
Second_88,70,88,ReRZV_1d,2024,0.48607204870814474,dC_VacZVL,0,0,0,0
Second_88,70,88,ReRZV_1d,2024,0.48607204870814474,dC_VacRZV,85,85,85,85
Second_88,70,88,ReRZV_1d,2024,0.48607204870814474,dC_Vac,85,85,85,85
Second_88,70,88,ReRZV_1d,2024,0.48607204870814474,dC_All,63.019219288299546,63.01134542780575,58.213269413106595,67.78321076236254
Second_88,70,88,ReRZV_1d,2024,0.48607204870814474,dC_Hosp_d,-15.667724452311365,-15.620431782024676,-19.949342275034834,-11.672522287041696
Second_88,70,88,ReRZV_1d,2024,0.48607204870814474,dC_GP_NonPHN_d,-3.6752438051044307,-3.7088024447010275,-4.1463303152671696,-2.988705072426028
Second_88,70,88,ReRZV_1d,2024,0.48607204870814474,dC_GP_PHN_d,-1.565163766381289,-1.5629410450355115,-1.961823158148272,-1.1937142958371671
Second_88,70,88,ReRZV_1d,2024,0.48607204870814474,dC_GP_d,-5.2404075714857195,-5.2810862881691465,-5.936563782755384,-4.2397454618883845
Second_88,70,88,ReRZV_1d,2024,0.48607204870814474,dC_Med_d,-20.908132023797084,-20.916351606141255,-25.47151080521195,-16.327519521223195
Second_88,70,88,ReRZV_1d,2024,0.48607204870814474,dC_VacZVL_d,0,0,0,0
Second_88,70,88,ReRZV_1d,2024,0.48607204870814474,dC_VacRZV_d,85,85,85,85
Second_88,70,88,ReRZV_1d,2024,0.48607204870814474,dC_Vac_d,85,85,85,85
Second_88,70,88,ReRZV_1d,2024,0.48607204870814474,dC_All_d,64.09186797620292,64.08364839385874,59.528489194788044,68.67248047877679
Second_88,70,88,ReRZV_1d,2024,0.48607204870814474,dN_VacZVL,0,0,0,0
Second_88,70,88,ReRZV_1d,2024,0.48607204870814474,dN_VacRZV,1,1,1,1
Second_88,70,88,ReRZV_1d,2024,0.48607204870814474,dN_VacZVL_d,0,0,0,0
Second_88,70,88,ReRZV_1d,2024,0.48607204870814474,dN_VacRZV_d,1,1,1,1
Second_88,70,88,ReRZV_1d,2024,0.48607204870814474,ICER,11170.589331271416,10952.284667893873,8667.305586615912,14920.798043191331
Second_88,70,88,ReRZV_1d,2024,0.48607204870814474,Price0,85,85,85,85
Second_88,70,88,ReRZV_1d,2024,0.48607204870814474,Thres20,137.4139256567595,137.65840536982535,108.35830257520725,164.64049266391692
Second_88,70,88,ReRZV_1d,2024,0.48607204870814474,Thres30,195.66682247324067,196.04826175085148,154.04714374393444,235.2147741083666
Second_88,70,88,ReRZV_1d,2024,0.48607204870814474,Thres20_50,NA,137.65840536982535,NA,NA
Second_88,70,88,ReRZV_1d,2024,0.48607204870814474,Thres30_90,NA,168.25051669876098,NA,NA
Second_88,70,88,ReRZV_1d,2024,0.48607204870814474,Thres,NA,137.65840536982535,NA,NA
Second_88,70,88,ReRZV_2d,2024,0.48607204870814474,N0,0.48607204870814474,0.48607204870814474,0.48607204870814474,0.48607204870814474
Second_88,70,88,ReRZV_2d,2024,0.48607204870814474,dYear_Life,4.333550021863647e-4,4.319081242430563e-4,3.495389081480612e-4,5.234634749935708e-4
Second_88,70,88,ReRZV_2d,2024,0.48607204870814474,dYear_Immunised,4.1696944071967135,4.192708915678931,3.662241908428752,4.540316679062438
Second_88,70,88,ReRZV_2d,2024,0.48607204870814474,dRisk_HZ,-0.0876251231864861,-0.08805799612905767,-0.09614550022247917,-0.07720552152864821
Second_88,70,88,ReRZV_2d,2024,0.48607204870814474,dRisk_Hosp,-0.008461651572307407,-0.008444346464749243,-0.01058290472940367,-0.006644407766468472
Second_88,70,88,ReRZV_2d,2024,0.48607204870814474,dRisk_PHN,-0.00754977922398823,-0.007549770193001462,-0.009173140554410469,-0.00606779522544675
Second_88,70,88,ReRZV_2d,2024,0.48607204870814474,dRisk_Death,-2.4364472875690516e-4,-2.4247102333315883e-4,-2.9460323871654745e-4,-1.9663996802318448e-4
Second_88,70,88,ReRZV_2d,2024,0.48607204870814474,dQ_Life,2.841547857584514e-4,2.8326834547740573e-4,2.2923644989513597e-4,3.4320544016786024e-4
Second_88,70,88,ReRZV_2d,2024,0.48607204870814474,dQ_HZ,0.006080894151643095,0.006056491551664173,0.004903578539093606,0.007337760763707545
Second_88,70,88,ReRZV_2d,2024,0.48607204870814474,dQ_HZ_Norm,0.0016808557572163484,0.0016760096665665643,0.0013575182756125094,0.0020314456615236117
Second_88,70,88,ReRZV_2d,2024,0.48607204870814474,dQ_All,0.006353093956872569,0.006330928603912189,0.005163701560883233,0.0076106671050706134
Second_88,70,88,ReRZV_2d,2024,0.48607204870814474,dQ_HZ_d,0.005802092027071045,0.005780544578414202,0.004682430753350336,0.006995328144912452
Second_88,70,88,ReRZV_2d,2024,0.48607204870814474,dQ_HZ_Norm_d,0.001605650430450887,0.0016009656821167726,0.0012971840343118126,0.0019410348104930428
Second_88,70,88,ReRZV_2d,2024,0.48607204870814474,dQ_Life_d,2.5842637431855236e-4,2.575587218150067e-4,2.0854267453459843e-4,3.122121889082515e-4
Second_88,70,88,ReRZV_2d,2024,0.48607204870814474,dQ_All_d,0.00606051840138959,0.0060370184769243,0.004927798593427245,0.007262731828608111
Second_88,70,88,ReRZV_2d,2024,0.48607204870814474,dC_Hosp,-17.16582397912551,-17.128072929969477,-21.599888170953555,-13.296101917362462
Second_88,70,88,ReRZV_2d,2024,0.48607204870814474,dC_GP_NonPHN,-4.001194029143302,-4.016698590186371,-4.40809354769528,-3.5093075184515956
Second_88,70,88,ReRZV_2d,2024,0.48607204870814474,dC_GP_PHN,-1.7003694981113016,-1.6932873188827404,-2.084211835876312,-1.3527012129522087
Second_88,70,88,ReRZV_2d,2024,0.48607204870814474,dC_GP,-5.701563527254604,-5.716019511377724,-6.33058004725381,-4.951001302605909
Second_88,70,88,ReRZV_2d,2024,0.48607204870814474,dC_Med,-22.867387506380112,-22.84855616263434,-27.52672638689545,-18.70405422930476
Second_88,70,88,ReRZV_2d,2024,0.48607204870814474,dC_VacZVL,0,0,0,0
Second_88,70,88,ReRZV_2d,2024,0.48607204870814474,dC_VacRZV,170,170,170,170
Second_88,70,88,ReRZV_2d,2024,0.48607204870814474,dC_Vac,170,170,170,170
Second_88,70,88,ReRZV_2d,2024,0.48607204870814474,dC_All,147.1326124936199,147.15144383736566,142.47327361310457,151.29594577069525
Second_88,70,88,ReRZV_2d,2024,0.48607204870814474,dC_Hosp_d,-16.299597781248515,-16.252786701324858,-20.520254149753722,-12.606659354688716
Second_88,70,88,ReRZV_2d,2024,0.48607204870814474,dC_GP_NonPHN_d,-3.8238230831354723,-3.8390807183688773,-4.21085011471141,-3.350216107224808
Second_88,70,88,ReRZV_2d,2024,0.48607204870814474,dC_GP_PHN_d,-1.6281955012301443,-1.621482895264781,-1.99236974237858,-1.2972071266412577
Second_88,70,88,ReRZV_2d,2024,0.48607204870814474,dC_GP_d,-5.452018584365616,-5.466759128261721,-6.0518516358734455,-4.736902683559751
Second_88,70,88,ReRZV_2d,2024,0.48607204870814474,dC_Med_d,-21.751616365614133,-21.73409933794253,-26.157193194344657,-17.787076410137622
Second_88,70,88,ReRZV_2d,2024,0.48607204870814474,dC_VacZVL_d,0,0,0,0
Second_88,70,88,ReRZV_2d,2024,0.48607204870814474,dC_VacRZV_d,170,170,170,170
Second_88,70,88,ReRZV_2d,2024,0.48607204870814474,dC_Vac_d,170,170,170,170
Second_88,70,88,ReRZV_2d,2024,0.48607204870814474,dC_All_d,148.24838363438587,148.26590066205745,143.84280680565533,152.21292358986236
Second_88,70,88,ReRZV_2d,2024,0.48607204870814474,dN_VacZVL,0,0,0,0
Second_88,70,88,ReRZV_2d,2024,0.48607204870814474,dN_VacRZV,2,2,2,2
Second_88,70,88,ReRZV_2d,2024,0.48607204870814474,dN_VacZVL_d,0,0,0,0
Second_88,70,88,ReRZV_2d,2024,0.48607204870814474,dN_VacRZV_d,2,2,2,2
Second_88,70,88,ReRZV_2d,2024,0.48607204870814474,ICER,24713.751415415514,24534.925966721465,20248.399708530706,30421.558775286132
Second_88,70,88,ReRZV_2d,2024,0.48607204870814474,Price0,85,85,85,85
Second_88,70,88,ReRZV_2d,2024,0.48607204870814474,Thres20,71.48099219670296,71.33915976798262,59.22665456191438,84.1081007805466
Second_88,70,88,ReRZV_2d,2024,0.48607204870814474,Thres30,101.7835842036509,101.52755249100402,83.95021192443261,120.12325469962036
Second_88,70,88,ReRZV_2d,2024,0.48607204870814474,Thres20_50,NA,71.33915976798262,NA,NA
Second_88,70,88,ReRZV_2d,2024,0.48607204870814474,Thres30_90,NA,89.8219269053744,NA,NA
Second_88,70,88,ReRZV_2d,2024,0.48607204870814474,Thres,NA,71.33915976798262,NA,NA
Second_88,75,88,ReRZV_1d,2024,0.5333343930409623,N0,0.5333343930409623,0.5333343930409623,0.5333343930409623,0.5333343930409623
Second_88,75,88,ReRZV_1d,2024,0.5333343930409623,dYear_Life,3.9701710571060883e-4,3.9710080929877156e-4,3.016886046693571e-4,4.929822287966777e-4
Second_88,75,88,ReRZV_1d,2024,0.5333343930409623,dYear_Immunised,3.8306294650119272,3.874910586549514,3.045735360313808,4.313267235308094
Second_88,75,88,ReRZV_1d,2024,0.5333343930409623,dRisk_HZ,-0.07333668031992614,-0.07405008395383551,-0.08343501040287304,-0.058717424937971496
Second_88,75,88,ReRZV_1d,2024,0.5333343930409623,dRisk_Hosp,-0.007093936846817724,-0.007077763180148012,-0.0090342868430924,-0.005338330333067125
Second_88,75,88,ReRZV_1d,2024,0.5333343930409623,dRisk_PHN,-0.0063155142334708585,-0.006318045514259289,-0.007870777622263297,-0.004790124148049624
Second_88,75,88,ReRZV_1d,2024,0.5333343930409623,dRisk_Death,-2.041255193066464e-4,-2.0424161493576743e-4,-2.531529413034322e-4,-1.5557557609742695e-4
Second_88,75,88,ReRZV_1d,2024,0.5333343930409623,dQ_Life,2.6021984827528526e-4,2.604448282026901e-4,1.975008940516588e-4,3.2315489526811114e-4
Second_88,75,88,ReRZV_1d,2024,0.5333343930409623,dQ_HZ,0.005585242107837356,0.005576537680167217,0.004272966236433561,0.006866882545503389
Second_88,75,88,ReRZV_1d,2024,0.5333343930409623,dQ_HZ_Norm,0.0015432572686560344,0.00153981829381722,0.0011744454970536457,0.0019025116630183604
Second_88,75,88,ReRZV_1d,2024,0.5333343930409623,dQ_All,0.005834376298896917,0.005830941262899452,0.00449892646539184,0.007155647493266841
Second_88,75,88,ReRZV_1d,2024,0.5333343930409623,dQ_HZ_d,0.005326204240154719,0.005322253090326884,0.004076679115331805,0.006545940566633046
Second_88,75,88,ReRZV_1d,2024,0.5333343930409623,dQ_HZ_Norm_d,0.0014734017072428878,0.0014714308013873143,0.001121927258762043,0.0018173018524412915
Second_88,75,88,ReRZV_1d,2024,0.5333343930409623,dQ_Life_d,2.3658524156148095e-4,2.3675533271365378e-4,1.7942611838048564e-4,2.937397333789985e-4
Second_88,75,88,ReRZV_1d,2024,0.5333343930409623,dQ_All_d,0.005562789481716199,0.005563021980173048,0.004295910838797148,0.006824688680287208
Second_88,75,88,ReRZV_1d,2024,0.5333343930409623,dC_Hosp,-15.793301425146742,-15.731019779324317,-20.214816746057185,-11.645311516674486
Second_88,75,88,ReRZV_1d,2024,0.5333343930409623,dC_GP_NonPHN,-3.67298238572507,-3.7061909858397906,-4.188358919270191,-2.9338463677482496
Second_88,75,88,ReRZV_1d,2024,0.5333343930409623,dC_GP_PHN,-1.560122628383338,-1.5590707658637126,-1.9714789936267645,-1.1712382845728009
Second_88,75,88,ReRZV_1d,2024,0.5333343930409623,dC_GP,-5.233105014108408,-5.270647094383779,-5.998535244638415,-4.172729393831433
Second_88,75,88,ReRZV_1d,2024,0.5333343930409623,dC_Med,-21.02640643925515,-21.033781911211584,-25.7650555448527,-16.182796544764198
Second_88,75,88,ReRZV_1d,2024,0.5333343930409623,dC_VacZVL,0,0,0,0
Second_88,75,88,ReRZV_1d,2024,0.5333343930409623,dC_VacRZV,85,85,85,85
Second_88,75,88,ReRZV_1d,2024,0.5333343930409623,dC_Vac,85,85,85,85
Second_88,75,88,ReRZV_1d,2024,0.5333343930409623,dC_All,63.97359356074485,63.96621808878841,59.2349444551473,68.8172034552358
Second_88,75,88,ReRZV_1d,2024,0.5333343930409623,dC_Hosp_d,-14.987805000845016,-14.929655818652598,-19.24183156598633,-11.033358082290457
Second_88,75,88,ReRZV_1d,2024,0.5333343930409623,dC_GP_NonPHN_d,-3.5082516318340127,-3.539926155275415,-3.999195805400337,-2.8041416654638356
Second_88,75,88,ReRZV_1d,2024,0.5333343930409623,dC_GP_PHN_d,-1.4931124855164397,-1.4921501437647082,-1.8786705974011317,-1.119734687489398
Second_88,75,88,ReRZV_1d,2024,0.5333343930409623,dC_GP_d,-5.001364117350453,-5.0385357994120366,-5.727212401183128,-3.9853327486273997
Second_88,75,88,ReRZV_1d,2024,0.5333343930409623,dC_Med_d,-19.989169118195466,-20.005948093638935,-24.54837064282512,-15.333798296800417
Second_88,75,88,ReRZV_1d,2024,0.5333343930409623,dC_VacZVL_d,0,0,0,0
Second_88,75,88,ReRZV_1d,2024,0.5333343930409623,dC_VacRZV_d,85,85,85,85
Second_88,75,88,ReRZV_1d,2024,0.5333343930409623,dC_Vac_d,85,85,85,85
Second_88,75,88,ReRZV_1d,2024,0.5333343930409623,dC_All_d,65.01083088180454,64.99405190636108,60.45162935717487,69.66620170319958
Second_88,75,88,ReRZV_1d,2024,0.5333343930409623,dN_VacZVL,0,0,0,0
Second_88,75,88,ReRZV_1d,2024,0.5333343930409623,dN_VacRZV,1,1,1,1
Second_88,75,88,ReRZV_1d,2024,0.5333343930409623,dN_VacZVL_d,0,0,0,0
Second_88,75,88,ReRZV_1d,2024,0.5333343930409623,dN_VacRZV_d,1,1,1,1
Second_88,75,88,ReRZV_1d,2024,0.5333343930409623,ICER,11881.822110603858,11640.893090757174,9112.657043948597,16023.586748170317
Second_88,75,88,ReRZV_1d,2024,0.5333343930409623,Price0,85,85,85,85
Second_88,75,88,ReRZV_1d,2024,0.5333343930409623,Thres20,131.24495875251947,131.4745203558964,102.26859653169232,158.64876420716655
Second_88,75,88,ReRZV_1d,2024,0.5333343930409623,Thres30,186.87285356968144,187.28158437904284,145.7060465056772,226.78418190860023
Second_88,75,88,ReRZV_1d,2024,0.5333343930409623,Thres20_50,NA,131.4745203558964,NA,NA
Second_88,75,88,ReRZV_1d,2024,0.5333343930409623,Thres30_90,NA,159.5074685027106,NA,NA
Second_88,75,88,ReRZV_1d,2024,0.5333343930409623,Thres,NA,131.4745203558964,NA,NA
Second_88,75,88,ReRZV_2d,2024,0.5333343930409623,N0,0.5333343930409623,0.5333343930409623,0.5333343930409623,0.5333343930409623
Second_88,75,88,ReRZV_2d,2024,0.5333343930409623,dYear_Life,4.13839715216878e-4,4.130985298023245e-4,3.3122079746695257e-4,5.018005656174559e-4
Second_88,75,88,ReRZV_2d,2024,0.5333343930409623,dYear_Immunised,3.992544861981066,4.017414878157831,3.4607925843962617,4.389248426282614
Second_88,75,88,ReRZV_2d,2024,0.5333343930409623,dRisk_HZ,-0.07643750248632164,-0.07681776445757987,-0.08459582845512409,-0.06640623865494177
Second_88,75,88,ReRZV_2d,2024,0.5333343930409623,dRisk_Hosp,-0.007392892221983616,-0.007371566018890012,-0.009252982691803666,-0.005761391091446243
Second_88,75,88,ReRZV_2d,2024,0.5333343930409623,dRisk_PHN,-0.006581896612458943,-0.006573568754132935,-0.008045199986064766,-0.005231403268798219
Second_88,75,88,ReRZV_2d,2024,0.5333343930409623,dRisk_Death,-2.1273721914640172e-4,-2.1181723223455992e-4,-2.574734877575018e-4,-1.7012381265155678e-4
Second_88,75,88,ReRZV_2d,2024,0.5333343930409623,dQ_Life,2.712519091487098e-4,2.707036989692478e-4,2.175888260842035e-4,3.288483898676141e-4
Second_88,75,88,ReRZV_2d,2024,0.5333343930409623,dQ_HZ,0.00582121661104896,0.005800223874694787,0.004647109773881228,0.007068020691225795
Second_88,75,88,ReRZV_2d,2024,0.5333343930409623,dQ_HZ_Norm,0.0016084837621212118,0.0016002696748719533,0.001286473405063673,0.001951317238734209
Second_88,75,88,ReRZV_2d,2024,0.5333343930409623,dQ_All,0.006080920280422111,0.006060925128371368,0.004883200521888214,0.007344053362951742
Second_88,75,88,ReRZV_2d,2024,0.5333343930409623,dQ_HZ_d,0.005551398971783437,0.00553024522049729,0.004431558242513501,0.00673869486507423
Second_88,75,88,ReRZV_2d,2024,0.5333343930409623,dQ_HZ_Norm_d,0.0015357205784061552,0.0015285095185053224,0.001229025326123795,0.0018611429579399397
Second_88,75,88,ReRZV_2d,2024,0.5333343930409623,dQ_Life_d,2.4661951327715684e-4,2.461343039802265e-4,1.9775076050038525e-4,2.988042148607362e-4
Second_88,75,88,ReRZV_2d,2024,0.5333343930409623,dQ_All_d,0.0057980184850605875,0.005778990103004521,0.004657510556757483,0.007004089495826511
Second_88,75,88,ReRZV_2d,2024,0.5333343930409623,dC_Hosp,-16.45865223477521,-16.426741475698,-20.788772933448083,-12.652860437650299
Second_88,75,88,ReRZV_2d,2024,0.5333343930409623,dC_GP_NonPHN,-3.828427032701366,-3.8457431665991315,-4.265513403346218,-3.318070868508848
Second_88,75,88,ReRZV_2d,2024,0.5333343930409623,dC_GP_PHN,-1.6259350342673395,-1.618210545132223,-2.0036337131712294,-1.2835396167290487
Second_88,75,88,ReRZV_2d,2024,0.5333343930409623,dC_GP,-5.454362066968706,-5.466321956574881,-6.1048228907115245,-4.6775977910192
Second_88,75,88,ReRZV_2d,2024,0.5333343930409623,dC_Med,-21.913014301743917,-21.909676677661313,-26.52344396818566,-17.748174933203508
Second_88,75,88,ReRZV_2d,2024,0.5333343930409623,dC_VacZVL,0,0,0,0
Second_88,75,88,ReRZV_2d,2024,0.5333343930409623,dC_VacRZV,170,170,170,170
Second_88,75,88,ReRZV_2d,2024,0.5333343930409623,dC_Vac,170,170,170,170
Second_88,75,88,ReRZV_2d,2024,0.5333343930409623,dC_All,148.0869856982561,148.0903233223387,143.4765560318143,152.25182506679647
Second_88,75,88,ReRZV_2d,2024,0.5333343930409623,dC_Hosp_d,-15.619679090665098,-15.591345379935568,-19.78504055520566,-11.980189971428603
Second_88,75,88,ReRZV_2d,2024,0.5333343930409623,dC_GP_NonPHN_d,-3.65683108889022,-3.6741077548577445,-4.075262704463101,-3.1612786833679016
Second_88,75,88,ReRZV_2d,2024,0.5333343930409623,dC_GP_PHN_d,-1.5561442963302863,-1.549397144460686,-1.9140526327492118,-1.2306760144094318
Second_88,75,88,ReRZV_2d,2024,0.5333343930409623,dC_GP_d,-5.212975385220506,-5.224934290887882,-5.8335104800547875,-4.464414478599801
Second_88,75,88,ReRZV_2d,2024,0.5333343930409623,dC_Med_d,-20.832654475885604,-20.820686393744257,-25.194446069907162,-16.838408064586986
Second_88,75,88,ReRZV_2d,2024,0.5333343930409623,dC_VacZVL_d,0,0,0,0
Second_88,75,88,ReRZV_2d,2024,0.5333343930409623,dC_VacRZV_d,170,170,170,170
Second_88,75,88,ReRZV_2d,2024,0.5333343930409623,dC_Vac_d,170,170,170,170
Second_88,75,88,ReRZV_2d,2024,0.5333343930409623,dC_All_d,149.16734552411438,149.17931360625573,144.8055539300928,153.16159193541307
Second_88,75,88,ReRZV_2d,2024,0.5333343930409623,dN_VacZVL,0,0,0,0
Second_88,75,88,ReRZV_2d,2024,0.5333343930409623,dN_VacRZV,2,2,2,2
Second_88,75,88,ReRZV_2d,2024,0.5333343930409623,dN_VacZVL_d,0,0,0,0
Second_88,75,88,ReRZV_2d,2024,0.5333343930409623,dN_VacRZV_d,2,2,2,2
Second_88,75,88,ReRZV_2d,2024,0.5333343930409623,ICER,26014.013136369227,25748.670044020735,21114.306208442693,32348.888251469023
Second_88,75,88,ReRZV_2d,2024,0.5333343930409623,Price0,85,85,85,85
Second_88,75,88,ReRZV_2d,2024,0.5333343930409623,Thres20,68.39651208854868,68.35200621013959,56.089886667054145,81.17318094741786
Second_88,75,88,ReRZV_2d,2024,0.5333343930409623,Thres30,97.38660451385161,97.29616076623677,79.49988099065719,115.82370906512662
Second_88,75,88,ReRZV_2d,2024,0.5333343930409623,Thres20_50,NA,68.35200621013959,NA,NA
Second_88,75,88,ReRZV_2d,2024,0.5333343930409623,Thres30_90,NA,85.368551430615355,NA,NA
Second_88,75,88,ReRZV_2d,2024,0.5333343930409623,Thres,NA,68.35200621013959,NA,NA
Second_89,70,89,ReRZV_1d,2024,0.43687895333608423,N0,0.43687895333608423,0.43687895333608423,0.43687895333608423,0.43687895333608423
Second_89,70,89,ReRZV_1d,2024,0.43687895333608423,dYear_Life,3.7572133190412303e-4,3.7537108916289e-4,2.8908819079199517e-4,4.6485547068194044e-4
Second_89,70,89,ReRZV_1d,2024,0.43687895333608423,dYear_Immunised,3.7145521637942336,3.756506074990092,3.0204675409817154,4.122201379100232
Second_89,70,89,ReRZV_1d,2024,0.43687895333608423,dRisk_HZ,-0.08740321204238763,-0.08823509080063136,-0.09808565300294142,-0.07138731294284748
Second_89,70,89,ReRZV_1d,2024,0.43687895333608423,dRisk_Hosp,-0.008778187496456435,-0.00874633237631253,-0.011151121641871766,-0.006556846271170808
Second_89,70,89,ReRZV_1d,2024,0.43687895333608423,dRisk_PHN,-0.00743909202996543,-0.007425671067810801,-0.009269714895815665,-0.005659371957565924
Second_89,70,89,ReRZV_1d,2024,0.43687895333608423,dRisk_Death,-2.5248199650692785e-4,-2.523437218207431e-4,-3.116651052437008e-4,-1.9419506220886434e-4
Second_89,70,89,ReRZV_1d,2024,0.43687895333608423,dQ_Life,2.445737133513938e-4,2.443897329516599e-4,1.880276503721091e-4,3.026305142430601e-4
Second_89,70,89,ReRZV_1d,2024,0.43687895333608423,dQ_HZ,0.0054118019109097755,0.0054030096434229576,0.004160851862823777,0.006624125268753674
Second_89,70,89,ReRZV_1d,2024,0.43687895333608423,dQ_HZ_Norm,0.0014837269029189008,0.0014816077338108313,0.0011426883119731051,0.0018170050478983194
Second_89,70,89,ReRZV_1d,2024,0.43687895333608423,dQ_All,0.005644245806866728,0.005639365924883846,0.004366292803028469,0.006883428926871911
Second_89,70,89,ReRZV_1d,2024,0.43687895333608423,dQ_HZ_d,0.005183395443975216,0.005173163598041389,0.003988844119122511,0.0063441218271297365
Second_89,70,89,ReRZV_1d,2024,0.43687895333608423,dQ_HZ_Norm_d,0.0014224742435856555,0.0014206561217606415,0.0010937230931158753,0.0017422013851436599
Second_89,70,89,ReRZV_1d,2024,0.43687895333608423,dQ_Life_d,2.240268050538716e-4,2.2388905341488667e-4,1.721087817566835e-4,2.771685806651666e-4
Second_89,70,89,ReRZV_1d,2024,0.43687895333608423,dQ_All_d,0.005407422249029089,0.005401928530950751,0.004188057740142541,0.006593053632988086
Second_89,70,89,ReRZV_1d,2024,0.43687895333608423,dC_Hosp,-15.88006359685064,-15.79053350179813,-20.34193506861024,-11.89063968955684
Second_89,70,89,ReRZV_1d,2024,0.43687895333608423,dC_GP_NonPHN,-3.5208769707232666,-3.549437799839524,-3.9637415767530926,-2.8775714370328513
Second_89,70,89,ReRZV_1d,2024,0.43687895333608423,dC_GP_PHN,-1.4764154439298784,-1.4700525563265523,-1.8572389718821438,-1.103147727828899
Second_89,70,89,ReRZV_1d,2024,0.43687895333608423,dC_GP,-4.9972924146531454,-5.036347507319076,-5.676910776114136,-4.061574766725211
Second_89,70,89,ReRZV_1d,2024,0.43687895333608423,dC_Med,-20.877356011503785,-20.874813043920874,-25.60896730715912,-16.227951574717203
Second_89,70,89,ReRZV_1d,2024,0.43687895333608423,dC_VacZVL,0,0,0,0
Second_89,70,89,ReRZV_1d,2024,0.43687895333608423,dC_VacRZV,85,85,84.99999999999999,85.00000000000001
Second_89,70,89,ReRZV_1d,2024,0.43687895333608423,dC_Vac,85,85,84.99999999999999,85.00000000000001
Second_89,70,89,ReRZV_1d,2024,0.43687895333608423,dC_All,64.12264398849622,64.12518695607912,59.39103269284088,68.77204842528279
Second_89,70,89,ReRZV_1d,2024,0.43687895333608423,dC_Hosp_d,-15.156424254845017,-15.075371082839316,-19.40370090359288,-11.340149011749975
Second_89,70,89,ReRZV_1d,2024,0.43687895333608423,dC_GP_NonPHN_d,-3.3767464050811142,-3.4038052619025017,-3.799870900793011,-2.758304282047207
Second_89,70,89,ReRZV_1d,2024,0.43687895333608423,dC_GP_PHN_d,-1.418404544104442,-1.4131135537706498,-1.7823799762363033,-1.059969410335961
Second_89,70,89,ReRZV_1d,2024,0.43687895333608423,dC_GP_d,-4.795150949185556,-4.8312537322761315,-5.4473568307073075,-3.8954375000214556
Second_89,70,89,ReRZV_1d,2024,0.43687895333608423,dC_Med_d,-19.951575204030572,-19.94001134219777,-24.52232187014375,-15.509103579405584
Second_89,70,89,ReRZV_1d,2024,0.43687895333608423,dC_VacZVL_d,0,0,0,0
Second_89,70,89,ReRZV_1d,2024,0.43687895333608423,dC_VacRZV_d,85,85,84.99999999999999,85.00000000000001
Second_89,70,89,ReRZV_1d,2024,0.43687895333608423,dC_Vac_d,85,85,84.99999999999999,85.00000000000001
Second_89,70,89,ReRZV_1d,2024,0.43687895333608423,dC_All_d,65.04842479596942,65.05998865780222,60.47767812985625,69.49089642059441
Second_89,70,89,ReRZV_1d,2024,0.43687895333608423,dN_VacZVL,0,0,0,0
Second_89,70,89,ReRZV_1d,2024,0.43687895333608423,dN_VacRZV,1,1,1,1
Second_89,70,89,ReRZV_1d,2024,0.43687895333608423,dN_VacZVL_d,0,0,0,0
Second_89,70,89,ReRZV_1d,2024,0.43687895333608423,dN_VacRZV_d,1,1,1,1
Second_89,70,89,ReRZV_1d,2024,0.43687895333608423,ICER,12212.777674271381,12015.648650884612,9495.471403328687,16230.318244455886
Second_89,70,89,ReRZV_1d,2024,0.43687895333608423,Price0,85,85,84.99999999999999,85.00000000000001
Second_89,70,89,ReRZV_1d,2024,0.43687895333608423,Thres20,128.10002018461236,128.28080384762418,101.01673795453725,153.88601077028065
Second_89,70,89,ReRZV_1d,2024,0.43687895333608423,Thres30,182.17424267490327,182.46057684729487,143.51006099498875,219.029920624076
Second_89,70,89,ReRZV_1d,2024,0.43687895333608423,Thres20_50,NA,128.28080384762418,NA,NA
Second_89,70,89,ReRZV_1d,2024,0.43687895333608423,Thres30_90,NA,157.1062298510361,NA,NA
Second_89,70,89,ReRZV_1d,2024,0.43687895333608423,Thres,NA,128.28080384762418,NA,NA
Second_89,70,89,ReRZV_2d,2024,0.43687895333608423,N0,0.43687895333608423,0.43687895333608423,0.43687895333608423,0.43687895333608423
Second_89,70,89,ReRZV_2d,2024,0.43687895333608423,dYear_Life,3.9079476722882786e-4,3.891595750945756e-4,3.1499635678133316e-4,4.7317377167234524e-4
Second_89,70,89,ReRZV_2d,2024,0.43687895333608423,dYear_Immunised,3.8636475591728625,3.885603402401565,3.3991277859539806,4.186757652238643
Second_89,70,89,ReRZV_2d,2024,0.43687895333608423,dRisk_HZ,-0.09091097255464987,-0.09133040638084944,-0.0994485833882302,-0.07992651842546108
Second_89,70,89,ReRZV_2d,2024,0.43687895333608423,dRisk_Hosp,-0.009130185615924094,-0.009091136559741869,-0.011399379946494384,-0.007089612669855669
Second_89,70,89,ReRZV_2d,2024,0.43687895333608423,dRisk_PHN,-0.007736675420654608,-0.007707068797363369,-0.009508892598781186,-0.006098450522763161
Second_89,70,89,ReRZV_2d,2024,0.43687895333608423,dRisk_Death,-2.626050564133694e-4,-2.6145605645446065e-4,-3.188255067502435e-4,-2.1212121122179712e-4
Second_89,70,89,ReRZV_2d,2024,0.43687895333608423,dQ_Life,2.543864974214177e-4,2.532914260998772e-4,2.0476898768659888e-4,3.082312419422818e-4
Second_89,70,89,ReRZV_2d,2024,0.43687895333608423,dQ_HZ,0.0056288675173634325,0.0056081685615594215,0.004533644135954261,0.0067964747530951325
Second_89,70,89,ReRZV_2d,2024,0.43687895333608423,dQ_HZ_Norm,0.0015432366134860002,0.0015369896734528296,0.0012445002021976232,0.0018687506770807074
Second_89,70,89,ReRZV_2d,2024,0.43687895333608423,dQ_All,0.005870638568265344,0.005858488878125793,0.0047801231033249144,0.007042989974899734
Second_89,70,89,ReRZV_2d,2024,0.43687895333608423,dQ_HZ_d,0.005391322356335211,0.005370332760729136,0.004344732918173588,0.006507087272263495
Second_89,70,89,ReRZV_2d,2024,0.43687895333608423,dQ_HZ_Norm_d,0.0014795333708189984,0.0014732593732871275,0.0011933718682851611,0.0017905686919096058
Second_89,70,89,ReRZV_2d,2024,0.43687895333608423,dQ_Life_d,2.3301583568826177e-4,2.320628920697573e-4,1.8742033045351881e-4,2.8245395417178374e-4
Second_89,70,89,ReRZV_2d,2024,0.43687895333608423,dQ_All_d,0.005624338192023475,0.005610966840405844,0.004583140086042896,0.0067371672428278235
Second_89,70,89,ReRZV_2d,2024,0.43687895333608423,dC_Hosp,-16.516784625833157,-16.44911608634849,-20.810321024255956,-12.701214009359393
Second_89,70,89,ReRZV_2d,2024,0.43687895333608423,dC_GP_NonPHN,-3.662248460531338,-3.672186942368107,-4.025726935101125,-3.208720253549476
Second_89,70,89,ReRZV_2d,2024,0.43687895333608423,dC_GP_PHN,-1.5354551033202013,-1.5264983143051944,-1.9101332517032958,-1.1931161434658726
Second_89,70,89,ReRZV_2d,2024,0.43687895333608423,dC_GP,-5.197703563851539,-5.207749200655254,-5.764157520222169,-4.519549614276623
Second_89,70,89,ReRZV_2d,2024,0.43687895333608423,dC_Med,-21.714488189684698,-21.658671887002725,-26.161751544532365,-17.70771104608771
Second_89,70,89,ReRZV_2d,2024,0.43687895333608423,dC_VacZVL,0,0,0,0
Second_89,70,89,ReRZV_2d,2024,0.43687895333608423,dC_VacRZV,170,170,169.99999999999997,170.00000000000003
Second_89,70,89,ReRZV_2d,2024,0.43687895333608423,dC_Vac,170,170,169.99999999999997,170.00000000000003
Second_89,70,89,ReRZV_2d,2024,0.43687895333608423,dC_All,148.2855118103153,148.34132811299727,143.8382484554676,152.29228895391222
Second_89,70,89,ReRZV_2d,2024,0.43687895333608423,dC_Hosp_d,-15.764205183522096,-15.697291564461224,-19.87041417985502,-12.060632799209841
Second_89,70,89,ReRZV_2d,2024,0.43687895333608423,dC_GP_NonPHN_d,-3.512344822206949,-3.523728799444779,-3.8596755530824063,-3.0828117121540677
Second_89,70,89,ReRZV_2d,2024,0.43687895333608423,dC_GP_PHN_d,-1.4751325148138987,-1.466350762875031,-1.8305322877513444,-1.1478264570737613
Second_89,70,89,ReRZV_2d,2024,0.43687895333608423,dC_GP_d,-4.987477337020847,-4.995442035170503,-5.533072657581944,-4.340974985126887
Second_89,70,89,ReRZV_2d,2024,0.43687895333608423,dC_Med_d,-20.751682520542943,-20.697366367499143,-25.03529411826902,-16.94360353091402
Second_89,70,89,ReRZV_2d,2024,0.43687895333608423,dC_VacZVL_d,0,0,0,0
Second_89,70,89,ReRZV_2d,2024,0.43687895333608423,dC_VacRZV_d,170,170,169.99999999999997,170.00000000000003
Second_89,70,89,ReRZV_2d,2024,0.43687895333608423,dC_Vac_d,170,170,169.99999999999997,170.00000000000003
Second_89,70,89,ReRZV_2d,2024,0.43687895333608423,dC_All_d,149.24831747945706,149.30263363250089,144.96470588173096,153.05639646908597
Second_89,70,89,ReRZV_2d,2024,0.43687895333608423,dN_VacZVL,0,0,0,0
Second_89,70,89,ReRZV_2d,2024,0.43687895333608423,dN_VacRZV,2,2,2,2
Second_89,70,89,ReRZV_2d,2024,0.43687895333608423,dN_VacZVL_d,0,0,0,0
Second_89,70,89,ReRZV_2d,2024,0.43687895333608423,dN_VacRZV_d,2,2,2,2
Second_89,70,89,ReRZV_2d,2024,0.43687895333608423,ICER,26811.40239508364,26599.413570867942,21904.0658118166,33068.77583803804
Second_89,70,89,ReRZV_2d,2024,0.43687895333608423,Price0,85,85,84.99999999999999,85.00000000000001
Second_89,70,89,ReRZV_2d,2024,0.43687895333608423,Thres20,66.61922318050621,66.48638298539447,55.186880949113956,78.5971242748279
Second_89,70,89,ReRZV_2d,2024,0.43687895333608423,Thres30,94.74091414062359,94.5294825829734,77.92230116100521,112.05287250474676
Second_89,70,89,ReRZV_2d,2024,0.43687895333608423,Thres20_50,NA,66.48638298539447,NA,NA
Second_89,70,89,ReRZV_2d,2024,0.43687895333608423,Thres30_90,NA,83.56218244638134,NA,NA
Second_89,70,89,ReRZV_2d,2024,0.43687895333608423,Thres,NA,66.48638298539447,NA,NA
Second_89,75,89,ReRZV_1d,2024,0.47935867364110624,N0,0.47935867364110624,0.47935867364110624,0.47935867364110624,0.47935867364110624
Second_89,75,89,ReRZV_1d,2024,0.47935867364110624,dYear_Life,3.5996356167284613e-4,3.6008533823901243e-4,2.7252904017276066e-4,4.471922530642211e-4
Second_89,75,89,ReRZV_1d,2024,0.47935867364110624,dYear_Immunised,3.56871520875452,3.612548309112425,2.848333559327467,4.006802114719409
Second_89,75,89,ReRZV_1d,2024,0.47935867364110624,dRisk_HZ,-0.07650566373856284,-0.07719865998813168,-0.0866708750810221,-0.06150086874459363
Second_89,75,89,ReRZV_1d,2024,0.47935867364110624,dRisk_Hosp,-0.007691782059959914,-0.0076523895520655486,-0.009862588213769055,-0.005698484173849212
Second_89,75,89,ReRZV_1d,2024,0.47935867364110624,dRisk_PHN,-0.006508460212769555,-0.006498671583990555,-0.008154851214762721,-0.004895429454908144
Second_89,75,89,ReRZV_1d,2024,0.47935867364110624,dRisk_Death,-2.2107291414419743e-4,-2.2100031779550178e-4,-2.7464725681009987e-4,-1.6831953172910874e-4
Second_89,75,89,ReRZV_1d,2024,0.47935867364110624,dQ_Life,2.3423108618802848e-4,2.3429293106316888e-4,1.772762144336361e-4,2.9101241440784663e-4
Second_89,75,89,ReRZV_1d,2024,0.47935867364110624,dQ_HZ,0.005197995005577124,0.005193495581104584,0.003958523217941125,0.006399426195599924
Second_89,75,89,ReRZV_1d,2024,0.47935867364110624,dQ_HZ_Norm,0.0014247058801329128,0.001422292688437432,0.0010828941703746688,0.001754603856649681
Second_89,75,89,ReRZV_1d,2024,0.47935867364110624,dQ_All,0.005420491480233335,0.005417189889394052,0.004153895062945313,0.00664285963966661
Second_89,75,89,ReRZV_1d,2024,0.47935867364110624,dQ_HZ_d,0.004976527990059209,0.004974020144533461,0.0037870028031784814,0.006133409934920428
Second_89,75,89,ReRZV_1d,2024,0.47935867364110624,dQ_HZ_Norm_d,0.001365325918493352,0.0013632957913730565,0.0010362852130350974,0.0016811022373537875
Second_89,75,89,ReRZV_1d,2024,0.47935867364110624,dQ_Life_d,2.145031474114404e-4,2.1461553701892833e-4,1.6240873147001998e-4,2.665806185632054e-4
Second_89,75,89,ReRZV_1d,2024,0.47935867364110624,dQ_All_d,0.005191031137470656,0.005188727598339179,0.003974919935362155,0.006354250002281522
Second_89,75,89,ReRZV_1d,2024,0.47935867364110624,dC_Hosp,-15.268707829379837,-15.204956735772654,-19.642258082512704,-11.28304755439435
Second_89,75,89,ReRZV_1d,2024,0.47935867364110624,dC_GP_NonPHN,-3.3804907004114777,-3.4140700638913133,-3.8427895848855895,-2.7138454000626515
Second_89,75,89,ReRZV_1d,2024,0.47935867364110624,dC_GP_PHN,-1.4168528020424402,-1.4124756723061347,-1.7939309539276627,-1.0421843776742976
Second_89,75,89,ReRZV_1d,2024,0.47935867364110624,dC_GP,-4.797343502453918,-4.832188865657736,-5.51808177199479,-3.8304220788076604
Second_89,75,89,ReRZV_1d,2024,0.47935867364110624,dC_Med,-20.066051331833755,-20.042113928002614,-24.81954341474027,-15.39540886057364
Second_89,75,89,ReRZV_1d,2024,0.47935867364110624,dC_VacZVL,0,0,0,0
Second_89,75,89,ReRZV_1d,2024,0.47935867364110624,dC_VacRZV,85,85,85,85
Second_89,75,89,ReRZV_1d,2024,0.47935867364110624,dC_Vac,85,85,85,85
Second_89,75,89,ReRZV_1d,2024,0.47935867364110624,dC_All,64.93394866816625,64.95788607199738,60.180456585259726,69.60459113942636
Second_89,75,89,ReRZV_1d,2024,0.47935867364110624,dC_Hosp_d,-14.566676205242048,-14.482767923311417,-18.809183210303154,-10.756418711171246
Second_89,75,89,ReRZV_1d,2024,0.47935867364110624,dC_GP_NonPHN_d,-3.24077628841951,-3.271617864790999,-3.683276748405649,-2.599891016408992
Second_89,75,89,ReRZV_1d,2024,0.47935867364110624,dC_GP_PHN_d,-1.3606399728164809,-1.3574249485343794,-1.724746658681666,-1.000146022381308
Second_89,75,89,ReRZV_1d,2024,0.47935867364110624,dC_GP_d,-4.601416261235991,-4.639339913673938,-5.287680814422992,-3.681294444766965
Second_89,75,89,ReRZV_1d,2024,0.47935867364110624,dC_Med_d,-19.16809246647804,-19.155173503937625,-23.742376122373123,-14.702202115674668
Second_89,75,89,ReRZV_1d,2024,0.47935867364110624,dC_VacZVL_d,0,0,0,0
Second_89,75,89,ReRZV_1d,2024,0.47935867364110624,dC_VacRZV_d,85,85,85,85
Second_89,75,89,ReRZV_1d,2024,0.47935867364110624,dC_Vac_d,85,85,85,85
Second_89,75,89,ReRZV_1d,2024,0.47935867364110624,dC_All_d,65.83190753352196,65.84482649606235,61.25762387762688,70.29779788432535
Second_89,75,89,ReRZV_1d,2024,0.47935867364110624,dN_VacZVL,0,0,0,0
Second_89,75,89,ReRZV_1d,2024,0.47935867364110624,dN_VacRZV,1,1,1,1
Second_89,75,89,ReRZV_1d,2024,0.47935867364110624,dN_VacZVL_d,0,0,0,0
Second_89,75,89,ReRZV_1d,2024,0.47935867364110624,dN_VacRZV_d,1,1,1,1
Second_89,75,89,ReRZV_1d,2024,0.47935867364110624,ICER,12891.256199642276,12641.835661144632,9905.700323563395,17187.806070340128
Second_89,75,89,ReRZV_1d,2024,0.47935867364110624,Price0,85,85,85,85
Second_89,75,89,ReRZV_1d,2024,0.47935867364110624,Thres20,122.98871521589116,123.1642236522882,96.507376222369615,148.51841623083706
Second_89,75,89,ReRZV_1d,2024,0.47935867364110624,Thres30,174.8990265905977,175.0353536948088,136.3052583449392,211.87260798228206
Second_89,75,89,ReRZV_1d,2024,0.47935867364110624,Thres20_50,NA,123.1642236522882,NA,NA
Second_89,75,89,ReRZV_1d,2024,0.47935867364110624,Thres30_90,NA,149.53527076245612,NA,NA
Second_89,75,89,ReRZV_1d,2024,0.47935867364110624,Thres,NA,123.1642236522882,NA,NA
Second_89,75,89,ReRZV_2d,2024,0.47935867364110624,N0,0.47935867364110624,0.47935867364110624,0.47935867364110624,0.47935867364110624
Second_89,75,89,ReRZV_2d,2024,0.47935867364110624,dYear_Life,3.7503701632827624e-4,3.7416604152452383e-4,2.992969119900796e-4,4.550586995749526e-4
Second_89,75,89,ReRZV_2d,2024,0.47935867364110624,dYear_Immunised,3.717810793901011,3.7420029580541554,3.2249101863284038,4.07319078075544
Second_89,75,89,ReRZV_2d,2024,0.47935867364110624,dRisk_HZ,-0.07970257429128025,-0.08004071954460497,-0.08808944970444581,-0.06948237278112826
Second_89,75,89,ReRZV_2d,2024,0.47935867364110624,dRisk_Hosp,-0.008012586887691709,-0.00797924099553689,-0.010075702372955513,-0.0062160457365358305
Second_89,75,89,ReRZV_2d,2024,0.47935867364110624,dRisk_PHN,-0.006779672423921292,-0.0067565741440971366,-0.008373670738347693,-0.005297617867440502
Second_89,75,89,ReRZV_2d,2024,0.47935867364110624,dRisk_Death,-2.3029889056724206e-4,-2.293619200082485e-4,-2.7888417000162933e-4,-1.8385976943171076e-4
Second_89,75,89,ReRZV_2d,2024,0.47935867364110624,dQ_Life,2.4404388284234528e-4,2.435528538515567e-4,1.9475093203012695e-4,2.960306220275552e-4
Second_89,75,89,ReRZV_2d,2024,0.47935867364110624,dQ_HZ,0.005415060888432647,0.005395294829837747,0.004330671660339224,0.006572273815295499
Second_89,75,89,ReRZV_2d,2024,0.47935867364110624,dQ_HZ_Norm,0.001484215666412701,0.0014775219703106243,0.0011890271142020608,0.001803239937354014
Second_89,75,89,ReRZV_2d,2024,0.47935867364110624,dQ_All,0.005646884529995368,0.005629863596101993,0.004538362046188159,0.006809884058005319
Second_89,75,89,ReRZV_2d,2024,0.47935867364110624,dQ_HZ_d,0.00518445516718452,0.005165476302433063,0.004143335244082727,0.006291179090500524
Second_89,75,89,ReRZV_2d,2024,0.47935867364110624,dQ_HZ_Norm_d,0.0014223851183218293,0.0014163050685566843,0.001140501758774221,0.001727709600040482
Second_89,75,89,ReRZV_2d,2024,0.47935867364110624,dQ_Life_d,2.234921895737286e-4,2.229862398284956e-4,1.781833732421005e-4,2.711691014621002e-4
Second_89,75,89,ReRZV_2d,2024,0.47935867364110624,dQ_All_d,0.00540794735675825,0.005393058424255898,0.004353002468839127,0.006520323882379578
Second_89,75,89,ReRZV_2d,2024,0.47935867364110624,dC_Hosp,-15.90542966830108,-15.841908773059291,-20.140380688754973,-12.18722818226088
Second_89,75,89,ReRZV_2d,2024,0.47935867364110624,dC_GP_NonPHN,-3.5218623701626077,-3.5363080504388247,-3.9076443730671064,-3.0544678085367174
Second_89,75,89,ReRZV_2d,2024,0.47935867364110624,dC_GP_PHN,-1.4758925366028746,-1.4690434169951252,-1.8437545160546822,-1.144057527189465
Second_89,75,89,ReRZV_2d,2024,0.47935867364110624,dC_GP,-4.997754906765482,-5.010757422733471,-5.595353692491044,-4.297156285683069
Second_89,75,89,ReRZV_2d,2024,0.47935867364110624,dC_Med,-20.90318457506656,-20.85352770166702,-25.43281049815143,-16.913013317376773
Second_89,75,89,ReRZV_2d,2024,0.47935867364110624,dC_VacZVL,0,0,0,0
Second_89,75,89,ReRZV_2d,2024,0.47935867364110624,dC_VacRZV,170,170,170,170
Second_89,75,89,ReRZV_2d,2024,0.47935867364110624,dC_Vac,170,170,170,170
Second_89,75,89,ReRZV_2d,2024,0.47935867364110624,dC_All,149.09681542493342,149.14647229833298,144.5671895018486,153.0869866826232
Second_89,75,89,ReRZV_2d,2024,0.47935867364110624,dC_Hosp_d,-15.174457907040596,-15.11860870803784,-19.198233051337393,-11.60430451561535
Second_89,75,89,ReRZV_2d,2024,0.47935867364110624,dC_GP_NonPHN_d,-3.376374878140635,-3.389699889115782,-3.745656357146876,-2.9307647176944887
Second_89,75,89,ReRZV_2d,2024,0.47935867364110624,dC_GP_PHN_d,-1.4173680157536666,-1.4106336043454104,-1.770719239009335,-1.1001459279428012
Second_89,75,89,ReRZV_2d,2024,0.47935867364110624,dC_GP_d,-4.793742893894302,-4.807093233721092,-5.366403624202948,-4.118955775495053
Second_89,75,89,ReRZV_2d,2024,0.47935867364110624,dC_Med_d,-19.9682008009349,-19.917916167775005,-24.302490230774016,-16.160992827238015
Second_89,75,89,ReRZV_2d,2024,0.47935867364110624,dC_VacZVL_d,0,0,0,0
Second_89,75,89,ReRZV_2d,2024,0.47935867364110624,dC_VacRZV_d,170,170,170,170
Second_89,75,89,ReRZV_2d,2024,0.47935867364110624,dC_Vac_d,170,170,170,170
Second_89,75,89,ReRZV_2d,2024,0.47935867364110624,dC_All_d,150.0317991990651,150.08208383222498,145.69750976922597,153.83900717276197
Second_89,75,89,ReRZV_2d,2024,0.47935867364110624,dN_VacZVL,0,0,0,0
Second_89,75,89,ReRZV_2d,2024,0.47935867364110624,dN_VacRZV,2,2,2,2
Second_89,75,89,ReRZV_2d,2024,0.47935867364110624,dN_VacZVL_d,0,0,0,0
Second_89,75,89,ReRZV_2d,2024,0.47935867364110624,dN_VacRZV_d,2,2,2,2
Second_89,75,89,ReRZV_2d,2024,0.47935867364110624,ICER,28051.536629217186,27797.409941544334,22827.508076822258,34978.76911328096
Second_89,75,89,ReRZV_2d,2024,0.47935867364110624,Price0,85,85,85,85
Second_89,75,89,ReRZV_2d,2024,0.47935867364110624,Thres20,64.06357396804995,63.99309809571295,52.508166835779335,76.0398864046453
Second_89,75,89,ReRZV_2d,2024,0.47935867364110624,Thres30,91.10331075184119,90.95905975827998,74.13701296594914,108.44982518467769
Second_89,75,89,ReRZV_2d,2024,0.47935867364110624,Thres20_50,NA,63.99309809571295,NA,NA
Second_89,75,89,ReRZV_2d,2024,0.47935867364110624,Thres30_90,NA,79.95294765110985,NA,NA
Second_89,75,89,ReRZV_2d,2024,0.47935867364110624,Thres,NA,63.99309809571295,NA,NA
Second_90,70,90,ReRZV_1d,2024,0.3873420089460723,N0,0.3873420089460723,0.3873420089460723,0.3873420089460723,0.3873420089460723
Second_90,70,90,ReRZV_1d,2024,0.3873420089460723,dYear_Life,3.2335148497365313e-4,3.2304124881949445e-4,2.491443985557605e-4,3.994469902360894e-4
Second_90,70,90,ReRZV_1d,2024,0.3873420089460723,dYear_Immunised,3.4307424227431382,3.4759738600441796,2.798288628714957,3.798301578166851
Second_90,70,90,ReRZV_1d,2024,0.3873420089460723,dRisk_HZ,-0.09171019918801288,-0.09264854916486413,-0.10251954979378414,-0.07476537520078813
Second_90,70,90,ReRZV_1d,2024,0.3873420089460723,dRisk_Hosp,-0.009496253993874833,-0.009435342805779276,-0.012040709912898333,-0.0070736820711958925
Second_90,70,90,ReRZV_1d,2024,0.3873420089460723,dRisk_PHN,-0.007700568429183422,-0.007677038755401556,-0.00973873953328892,-0.0057609221461102
Second_90,70,90,ReRZV_1d,2024,0.3873420089460723,dRisk_Death,-2.6703643372510424e-4,-2.670302337286674e-4,-3.3025811558627747e-4,-2.0619345602534942e-4
Second_90,70,90,ReRZV_1d,2024,0.3873420089460723,dQ_Life,2.0847772937078931e-4,2.0842780665415627e-4,1.6044446839188852e-4,2.574778962074366e-4
Second_90,70,90,ReRZV_1d,2024,0.3873420089460723,dQ_HZ,0.004987394791106198,0.004980461978481231,0.0038381216063975076,0.006127346415783225
Second_90,70,90,ReRZV_1d,2024,0.3873420089460723,dQ_HZ_Norm,0.0013566330413903327,0.0013556687407305357,0.0010455530464767151,0.0016637318050442597
Second_90,70,90,ReRZV_1d,2024,0.3873420089460723,dQ_All,0.005183189483669758,0.005185729376407348,0.004016398905567833,0.006348033680078191
Second_90,70,90,ReRZV_1d,2024,0.3873420089460723,dQ_HZ_d,0.004794769512167112,0.004788744992443653,0.0036961846989230335,0.005894787435141338
Second_90,70,90,ReRZV_1d,2024,0.3873420089460723,dQ_HZ_Norm_d,0.0013052633761253024,0.001304142436914503,0.0010063942621919015,0.0016023043437207844
Second_90,70,90,ReRZV_1d,2024,0.3873420089460723,dQ_Life_d,1.9212184598045495e-4,1.9215823567835194e-4,1.4777343478070913e-4,2.3724955447651142e-4
Second_90,70,90,ReRZV_1d,2024,0.3873420089460723,dQ_All_d,0.004986891358147557,0.004987676658256528,0.0038633185656322066,0.0061063749770393395
Second_90,70,90,ReRZV_1d,2024,0.3873420089460723,dC_Hosp,-15.083601454613927,-15.024395082736483,-19.354130025536996,-11.095884941345798
Second_90,70,90,ReRZV_1d,2024,0.3873420089460723,dC_GP_NonPHN,-3.2109662701709696,-3.2440694452439605,-3.6104334844650237,-2.608810465501208
Second_90,70,90,ReRZV_1d,2024,0.3873420089460723,dC_GP_PHN,-1.3268010793110245,-1.3213687620198145,-1.7003208182859308,-0.9799888049951034
Second_90,70,90,ReRZV_1d,2024,0.3873420089460723,dC_GP,-4.537767349481994,-4.571791685517741,-5.164016731077419,-3.676776285180879
Second_90,70,90,ReRZV_1d,2024,0.3873420089460723,dC_Med,-19.621368804095923,-19.611334545025763,-24.016459246483016,-15.26426295489802
Second_90,70,90,ReRZV_1d,2024,0.3873420089460723,dC_VacZVL,0,0,0,0
Second_90,70,90,ReRZV_1d,2024,0.3873420089460723,dC_VacRZV,85,85,84.99999999999999,85.00000000000001
Second_90,70,90,ReRZV_1d,2024,0.3873420089460723,dC_Vac,85,85,84.99999999999999,85.00000000000001
Second_90,70,90,ReRZV_1d,2024,0.3873420089460723,dC_All,65.37863119590408,65.38866545497424,60.983540753516984,69.73573704510198
Second_90,70,90,ReRZV_1d,2024,0.3873420089460723,dC_Hosp_d,-14.462587284812948,-14.406102130115514,-18.59043635567512,-10.622406663668654
Second_90,70,90,ReRZV_1d,2024,0.3873420089460723,dC_GP_NonPHN_d,-3.09037349995252,-3.1230926175667584,-3.4723388443322873,-2.5064569835329715
Second_90,70,90,ReRZV_1d,2024,0.3873420089460723,dC_GP_PHN_d,-1.2787773953996366,-1.275584496940005,-1.6347109799065929,-0.9478374593925079
Second_90,70,90,ReRZV_1d,2024,0.3873420089460723,dC_GP_d,-4.369150895352157,-4.401900504050449,-4.974584401003943,-3.538831012929018
Second_90,70,90,ReRZV_1d,2024,0.3873420089460723,dC_Med_d,-18.831738180165104,-18.812705999702096,-23.115885708446136,-14.613948367919512
Second_90,70,90,ReRZV_1d,2024,0.3873420089460723,dC_VacZVL_d,0,0,0,0
Second_90,70,90,ReRZV_1d,2024,0.3873420089460723,dC_VacRZV_d,85,85,84.99999999999999,85.00000000000001
Second_90,70,90,ReRZV_1d,2024,0.3873420089460723,dC_Vac_d,85,85,84.99999999999999,85.00000000000001
Second_90,70,90,ReRZV_1d,2024,0.3873420089460723,dC_All_d,66.1682618198349,66.1872940002979,61.88411429155386,70.3860516320805
Second_90,70,90,ReRZV_1d,2024,0.3873420089460723,dN_VacZVL,0,0,0,0
Second_90,70,90,ReRZV_1d,2024,0.3873420089460723,dN_VacRZV,1,1,1,1
Second_90,70,90,ReRZV_1d,2024,0.3873420089460723,dN_VacZVL_d,0,0,0,0
Second_90,70,90,ReRZV_1d,2024,0.3873420089460723,dN_VacRZV_d,1,1,1,1
Second_90,70,90,ReRZV_1d,2024,0.3873420089460723,ICER,13472.706729831463,13229.491056933639,10527.272387556975,17776.43536247886
Second_90,70,90,ReRZV_1d,2024,0.3873420089460723,Price0,85,85,84.99999999999999,85.00000000000001
Second_90,70,90,ReRZV_1d,2024,0.3873420089460723,Thres20,118.56956534311624,118.63068949647077,93.50646104117861,142.5279676150074
Second_90,70,90,ReRZV_1d,2024,0.3873420089460723,Thres30,168.4384789245918,168.42957718943796,131.90351349487582,203.43516288387247
Second_90,70,90,ReRZV_1d,2024,0.3873420089460723,Thres20_50,NA,118.63068949647077,NA,NA
Second_90,70,90,ReRZV_1d,2024,0.3873420089460723,Thres30_90,NA,144.75130510067774,NA,NA
Second_90,70,90,ReRZV_1d,2024,0.3873420089460723,Thres,NA,118.63068949647077,NA,NA
Second_90,70,90,ReRZV_2d,2024,0.3873420089460723,N0,0.3873420089460723,0.3873420089460723,0.3873420089460723,0.3873420089460723
Second_90,70,90,ReRZV_2d,2024,0.3873420089460723,dYear_Life,3.3624339775646493e-4,3.3486972587484743e-4,2.7122501070806e-4,4.078512113004841e-4
Second_90,70,90,ReRZV_2d,2024,0.3873420089460723,dYear_Immunised,3.5676363074957593,3.5884649675574076,3.1406020275036015,3.853561217791425
Second_90,70,90,ReRZV_2d,2024,0.3873420089460723,dRisk_HZ,-0.09536859635740697,-0.09584185799171141,-0.1039712635463751,-0.08391261700884031
Second_90,70,90,ReRZV_2d,2024,0.3873420089460723,dRisk_Hosp,-0.009874531288077939,-0.009825536652707738,-0.012367164356699293,-0.007678740516954553
Second_90,70,90,ReRZV_2d,2024,0.3873420089460723,dRisk_PHN,-0.008006768890763755,-0.007988565102099235,-0.009982811405175259,-0.0061721436537650635
Second_90,70,90,ReRZV_2d,2024,0.3873420089460723,dRisk_Death,-2.7768007219886585e-4,-2.765480814640762e-4,-3.367791969939768e-4,-2.2479741847667432e-4
Second_90,70,90,ReRZV_2d,2024,0.3873420089460723,dQ_Life,2.1679003803852487e-4,2.159135002336854e-4,1.7485305345007993e-4,2.631404871243107e-4
Second_90,70,90,ReRZV_2d,2024,0.3873420089460723,dQ_HZ,0.005186234563179423,0.005166099031055806,0.004164148079538159,0.0062498862085242045
Second_90,70,90,ReRZV_2d,2024,0.3873420089460723,dQ_HZ_Norm,0.0014107157499281093,0.0014052969827665458,0.0011293296941304323,0.0017091546547820888
Second_90,70,90,ReRZV_2d,2024,0.3873420089460723,dQ_All,0.005389836394343575,0.005371827611818417,0.004348744201629722,0.006459460303689974
Second_90,70,90,ReRZV_2d,2024,0.3873420089460723,dQ_HZ_d,0.0049859394488753666,0.004965639758708236,0.0040057901418890825,0.006005473029547388
Second_90,70,90,ReRZV_2d,2024,0.3873420089460723,dQ_HZ_Norm_d,0.0013573008133614393,0.001352136188668883,0.0010867444808622822,0.0016447935968793945
Second_90,70,90,ReRZV_2d,2024,0.3873420089460723,dQ_Life_d,1.9978230851294584e-4,1.9895964789796853e-4,1.6109613530465176e-4,2.4257508017951412e-4
Second_90,70,90,ReRZV_2d,2024,0.3873420089460723,dQ_All_d,0.005185721757388312,0.005170493607632963,0.004183620252475579,0.00621658475028988
Second_90,70,90,ReRZV_2d,2024,0.3873420089460723,dC_Hosp,-15.6844279232769,-15.611277822595856,-19.74277272244845,-11.947930175818714
Second_90,70,90,ReRZV_2d,2024,0.3873420089460723,dC_GP_NonPHN,-3.339120157662757,-3.3529422276048466,-3.6704438639220403,-2.925602612138591
Second_90,70,90,ReRZV_2d,2024,0.3873420089460723,dC_GP_PHN,-1.3795433892578677,-1.3706124220913694,-1.735432786053612,-1.0459451082677125
Second_90,70,90,ReRZV_2d,2024,0.3873420089460723,dC_GP,-4.718663546920625,-4.7329970855136345,-5.259271983761808,-4.102478760197136
Second_90,70,90,ReRZV_2d,2024,0.3873420089460723,dC_Med,-20.403091470197523,-20.3382241820079,-24.469341601785498,-16.442955474728098
Second_90,70,90,ReRZV_2d,2024,0.3873420089460723,dC_VacZVL,0,0,0,0
Second_90,70,90,ReRZV_2d,2024,0.3873420089460723,dC_VacRZV,170,170,169.99999999999997,170.00000000000003
Second_90,70,90,ReRZV_2d,2024,0.3873420089460723,dC_Vac,170,170,169.99999999999997,170.00000000000003
Second_90,70,90,ReRZV_2d,2024,0.3873420089460723,dC_All,149.59690852980248,149.66177581799212,145.53065839821454,153.5570445252719
Second_90,70,90,ReRZV_2d,2024,0.3873420089460723,dC_Hosp_d,-15.038693195764038,-14.958320214150651,-18.990691867975002,-11.457390842245406
Second_90,70,90,ReRZV_2d,2024,0.3873420089460723,dC_GP_NonPHN_d,-3.2137203855514604,-3.227028668427465,-3.5321653940596534,-2.8148553572033523
Second_90,70,90,ReRZV_2d,2024,0.3873420089460723,dC_GP_PHN_d,-1.3296161358896017,-1.3208252616424443,-1.6699635791196275,-1.0119179126878426
Second_90,70,90,ReRZV_2d,2024,0.3873420089460723,dC_GP_d,-4.543336521441062,-4.5568832200254725,-5.063330054473594,-3.955934264896662
Second_90,70,90,ReRZV_2d,2024,0.3873420089460723,dC_Med_d,-19.5820297172051,-19.528578136154877,-23.524505075056414,-15.758413105945317
Second_90,70,90,ReRZV_2d,2024,0.3873420089460723,dC_VacZVL_d,0,0,0,0
Second_90,70,90,ReRZV_2d,2024,0.3873420089460723,dC_VacRZV_d,170,170,169.99999999999997,170.00000000000003
Second_90,70,90,ReRZV_2d,2024,0.3873420089460723,dC_Vac_d,170,170,169.99999999999997,170.00000000000003
Second_90,70,90,ReRZV_2d,2024,0.3873420089460723,dC_All_d,150.4179702827949,150.47142186384514,146.4754949249436,154.2415868940547
Second_90,70,90,ReRZV_2d,2024,0.3873420089460723,dN_VacZVL,0,0,0,0
Second_90,70,90,ReRZV_2d,2024,0.3873420089460723,dN_VacRZV,2,2,2,2
Second_90,70,90,ReRZV_2d,2024,0.3873420089460723,dN_VacZVL_d,0,0,0,0
Second_90,70,90,ReRZV_2d,2024,0.3873420089460723,dN_VacRZV_d,2,2,2,2
Second_90,70,90,ReRZV_2d,2024,0.3873420089460723,ICER,29313.688685050543,29081.422656284834,23933.27547000298,36169.12068465772
Second_90,70,90,ReRZV_2d,2024,0.3873420089460723,Price0,85,85,84.99999999999999,85.00000000000001
Second_90,70,90,ReRZV_2d,2024,0.3873420089460723,Thres20,61.64823243248567,61.53197186024277,51.11701503300952,72.76863112900745
Second_90,70,90,ReRZV_2d,2024,0.3873420089460723,Thres30,87.57684121942724,87.3596450290377,72.08669444557772,103.77306996412061
Second_90,70,90,ReRZV_2d,2024,0.3873420089460723,Thres20_50,NA,61.53197186024277,NA,NA
Second_90,70,90,ReRZV_2d,2024,0.3873420089460723,Thres30_90,NA,77.15556261476368,NA,NA
Second_90,70,90,ReRZV_2d,2024,0.3873420089460723,Thres,NA,61.53197186024277,NA,NA
Second_90,75,90,ReRZV_1d,2024,0.4250055689576408,N0,0.4250055689576408,0.4250055689576408,0.4250055689576408,0.4250055689576408
Second_90,75,90,ReRZV_1d,2024,0.4250055689576408,dYear_Life,3.11338646249661e-4,3.115703092099706e-4,2.3603879184028905e-4,3.865318009315342e-4
Second_90,75,90,ReRZV_1d,2024,0.4250055689576408,dYear_Immunised,3.31095851270167,3.3545861634195244,2.6530775995356346,3.701973680653258
Second_90,75,90,ReRZV_1d,2024,0.4250055689576408,dRisk_HZ,-0.0806443505678631,-0.081545787600704,-0.09112792080835176,-0.06485637710089008
Second_90,75,90,ReRZV_1d,2024,0.4250055689576408,dRisk_Hosp,-0.008356251099432785,-0.008314914357574503,-0.010648017203732355,-0.006178647053501941
Second_90,75,90,ReRZV_1d,2024,0.4250055689576408,dRisk_PHN,-0.006769006969399927,-0.00675009634453535,-0.008617602801158643,-0.005000540099761852
Second_90,75,90,ReRZV_1d,2024,0.4250055689576408,dRisk_Death,-2.3487385328134093e-4,-2.346699640089702e-4,-2.9143464740764266e-4,-1.7890120323718237e-4
Second_90,75,90,ReRZV_1d,2024,0.4250055689576408,dQ_Life,2.0066697046471912e-4,2.008821322524849e-4,1.519772054152875e-4,2.4915131600232205e-4
Second_90,75,90,ReRZV_1d,2024,0.4250055689576408,dQ_HZ,0.004811949778271697,0.004803673049875003,0.0036646696651418723,0.005949563520991341
Second_90,75,90,ReRZV_1d,2024,0.4250055689576408,dQ_HZ_Norm,0.0013086398351641396,0.001307584444840442,9.941125366187185e-4,0.0016104265502805246
Second_90,75,90,ReRZV_1d,2024,0.4250055689576408,dQ_All,0.0050003110244028455,0.004994507884115688,0.0038285626132010682,0.006166083593819332
Second_90,75,90,ReRZV_1d,2024,0.4250055689576408,dQ_HZ_d,0.004624637567880128,0.00461763399164048,0.0035198639439525453,0.005717016256669939
Second_90,75,90,ReRZV_1d,2024,0.4250055689576408,dQ_HZ_Norm_d,0.0012586942592956027,0.001257657620409968,9.566233848828398e-4,0.001550978007713662
Second_90,75,90,ReRZV_1d,2024,0.4250055689576408,dQ_Life_d,1.8489203877826188e-4,1.8506836722822817e-4,1.4001875476068855e-4,2.2957597716233963e-4
Second_90,75,90,ReRZV_1d,2024,0.4250055689576408,dQ_All_d,0.004809529606658396,0.004804884713867047,0.0036802993764335438,0.005929488379088135
Second_90,75,90,ReRZV_1d,2024,0.4250055689576408,dC_Hosp,-14.563114447078572,-14.505493771841092,-18.74636090790948,-10.626027541119752
Second_90,75,90,ReRZV_1d,2024,0.4250055689576408,dC_GP_NonPHN,-3.097145000759624,-3.127787590923526,-3.516957016698139,-2.4881662333201153
Second_90,75,90,ReRZV_1d,2024,0.4250055689576408,dC_GP_PHN,-1.279312296032257,-1.2755721522527854,-1.6478737101090135,-0.9333824164030443
Second_90,75,90,ReRZV_1d,2024,0.4250055689576408,dC_GP,-4.376457296791881,-4.41312346496627,-5.021761626539334,-3.4896869188211195
Second_90,75,90,ReRZV_1d,2024,0.4250055689576408,dC_Med,-18.939571743870452,-18.931568808510466,-23.289946616138835,-14.534942089486885
Second_90,75,90,ReRZV_1d,2024,0.4250055689576408,dC_VacZVL,0,0,0,0
Second_90,75,90,ReRZV_1d,2024,0.4250055689576408,dC_VacRZV,85,85,84.99999999999999,85.00000000000001
Second_90,75,90,ReRZV_1d,2024,0.4250055689576408,dC_Vac,85,85,84.99999999999999,85.00000000000001
Second_90,75,90,ReRZV_1d,2024,0.4250055689576408,dC_All,66.06042825612954,66.06843119148954,61.71005338386117,70.46505791051311
Second_90,75,90,ReRZV_1d,2024,0.4250055689576408,dC_Hosp_d,-13.959030945727221,-13.897629320381997,-17.983705540148925,-10.193997174671093
Second_90,75,90,ReRZV_1d,2024,0.4250055689576408,dC_GP_NonPHN_d,-2.97990081406471,-3.0101818860520027,-3.3826291404592403,-2.3896167870465947
Second_90,75,90,ReRZV_1d,2024,0.4250055689576408,dC_GP_PHN_d,-1.2326348280310675,-1.2296906261841407,-1.5865449554550468,-0.9021737267272958
Second_90,75,90,ReRZV_1d,2024,0.4250055689576408,dC_GP_d,-4.212535642095777,-4.248680497110858,-4.825253651825301,-3.3571240283910524
Second_90,75,90,ReRZV_1d,2024,0.4250055689576408,dC_Med_d,-18.171566587822998,-18.164406548448103,-22.40054710367349,-13.95702157721127
Second_90,75,90,ReRZV_1d,2024,0.4250055689576408,dC_VacZVL_d,0,0,0,0
Second_90,75,90,ReRZV_1d,2024,0.4250055689576408,dC_VacRZV_d,85,85,84.99999999999999,85.00000000000001
Second_90,75,90,ReRZV_1d,2024,0.4250055689576408,dC_Vac_d,85,85,84.99999999999999,85.00000000000001
Second_90,75,90,ReRZV_1d,2024,0.4250055689576408,dC_All_d,66.828433412177,66.83559345155189,62.59945289632651,71.04297842278874
Second_90,75,90,ReRZV_1d,2024,0.4250055689576408,dN_VacZVL,0,0,0,0
Second_90,75,90,ReRZV_1d,2024,0.4250055689576408,dN_VacRZV,1,1,1,1
Second_90,75,90,ReRZV_1d,2024,0.4250055689576408,dN_VacZVL_d,0,0,0,0
Second_90,75,90,ReRZV_1d,2024,0.4250055689576408,dN_VacRZV_d,1,1,1,1
Second_90,75,90,ReRZV_1d,2024,0.4250055689576408,ICER,14124.729378114125,13861.422053982456,10956.326997128508,18773.806524605967
Second_90,75,90,ReRZV_1d,2024,0.4250055689576408,Price0,85,85,84.99999999999999,85.00000000000001
Second_90,75,90,ReRZV_1d,2024,0.4250055689576408,Thres20,114.36215872099092,114.53246433749307,89.56634661066946,137.97852020519412
Second_90,75,90,ReRZV_1d,2024,0.4250055689576408,Thres30,162.45745478757487,162.5243161861384,126.27046647471269,197.0253444293546
Second_90,75,90,ReRZV_1d,2024,0.4250055689576408,Thres20_50,NA,114.53246433749307,NA,NA
Second_90,75,90,ReRZV_1d,2024,0.4250055689576408,Thres30_90,NA,138.990314570658,NA,NA
Second_90,75,90,ReRZV_1d,2024,0.4250055689576408,Thres,NA,114.53246433749307,NA,NA
Second_90,75,90,ReRZV_2d,2024,0.4250055689576408,N0,0.4250055689576408,0.4250055689576408,0.4250055689576408,0.4250055689576408
Second_90,75,90,ReRZV_2d,2024,0.4250055689576408,dYear_Life,3.242305765563592e-4,3.234392902712736e-4,2.588798295516533e-4,3.934389286942547e-4
Second_90,75,90,ReRZV_2d,2024,0.4250055689576408,dYear_Immunised,3.447852582021525,3.4702774601680995,2.9988027874752388,3.7637845962886574
Second_90,75,90,ReRZV_2d,2024,0.4250055689576408,dRisk_HZ,-0.08397854444577765,-0.08446137549789587,-0.09248722903063959,-0.07322142676630244
Second_90,75,90,ReRZV_2d,2024,0.4250055689576408,dRisk_Hosp,-0.008701005861394037,-0.008658279156153645,-0.01086648700041865,-0.0067053550489094916
Second_90,75,90,ReRZV_2d,2024,0.4250055689576408,dRisk_PHN,-0.007048072270368164,-0.007037963763800585,-0.00883028100981099,-0.005398429039101981
Second_90,75,90,ReRZV_2d,2024,0.4250055689576408,dRisk_Death,-2.44574263293835e-4,-2.4381163399397724e-4,-0.00029604204693090713,-1.9566541343681463e-4
Second_90,75,90,ReRZV_2d,2024,0.4250055689576408,dQ_Life,2.0897929043133478e-4,2.08466059618135e-4,1.6680623940274015e-4,2.536877532077199e-4
Second_90,75,90,ReRZV_2d,2024,0.4250055689576408,dQ_HZ,0.0050107898185608206,0.004993976910969891,0.0039786588115828135,0.006067411564202821
Second_90,75,90,ReRZV_2d,2024,0.4250055689576408,dQ_HZ_Norm,0.001362722616584091,0.0013571997433791203,0.001088127402302031,0.0016578275297642702
Second_90,75,90,ReRZV_2d,2024,0.4250055689576408,dQ_All,0.005206958213904809,0.005193947467672561,0.004179201700835914,0.006284818684986643
Second_90,75,90,ReRZV_2d,2024,0.4250055689576408,dQ_HZ_d,0.004815807762458198,0.0047993622829481854,0.003829817252467704,0.00583176047905167
Second_90,75,90,ReRZV_2d,2024,0.4250055689576408,dQ_HZ_Norm_d,0.0013107317666578371,0.0013054165562771279,0.0010466498358271711,0.0015948802955584255
Second_90,75,90,ReRZV_2d,2024,0.4250055689576408,dQ_Life_d,1.9255251172360974e-4,1.92002965573569e-4,1.536737754683551e-4,2.337921411946432e-4
Second_90,75,90,ReRZV_2d,2024,0.4250055689576408,dQ_All_d,0.005008360274181814,0.00499570540345545,0.0040235815753612405,0.006044172493893984
Second_90,75,90,ReRZV_2d,2024,0.4250055689576408,dC_Hosp,-15.1639417254545,-15.101985907410537,-19.13726594622547,-11.46348117487429
Second_90,75,90,ReRZV_2d,2024,0.4250055689576408,dC_GP_NonPHN,-3.2252990610324788,-3.241023100038172,-3.573875607189145,-2.793454743454413
Second_90,75,90,ReRZV_2d,2024,0.4250055689576408,dC_GP_PHN,-1.3320546771151929,-1.3233079421007745,-1.6811717598256317,-1.004945844478679
Second_90,75,90,ReRZV_2d,2024,0.4250055689576408,dC_GP,-4.557353738147672,-4.570540281210738,-5.109291787546633,-3.9062201033871182
Second_90,75,90,ReRZV_2d,2024,0.4250055689576408,dC_Med,-19.72129546360217,-19.66201887759701,-23.778372321710677,-15.79446124898642
Second_90,75,90,ReRZV_2d,2024,0.4250055689576408,dC_VacZVL,0,0,0,0
Second_90,75,90,ReRZV_2d,2024,0.4250055689576408,dC_VacRZV,170,170,169.99999999999997,170.00000000000003
Second_90,75,90,ReRZV_2d,2024,0.4250055689576408,dC_Vac,170,170,169.99999999999997,170.00000000000003
Second_90,75,90,ReRZV_2d,2024,0.4250055689576408,dC_All,150.27870453639784,150.337981122403,146.22162767828937,154.20553875101353
Second_90,75,90,ReRZV_2d,2024,0.4250055689576408,dC_Hosp_d,-14.535137633078707,-14.473576186827973,-18.351118117135773,-11.008844298211475
Second_90,75,90,ReRZV_2d,2024,0.4250055689576408,dC_GP_NonPHN_d,-3.1032478659637714,-3.117498671648843,-3.4363639413676457,-2.6861871445478056
Second_90,75,90,ReRZV_2d,2024,0.4250055689576408,dC_GP_PHN_d,-1.2834736370902444,-1.2750793511909455,-1.619235846346283,-0.9709727062033505
Second_90,75,90,ReRZV_2d,2024,0.4250055689576408,dC_GP_d,-4.386721503054016,-4.40222601776529,-4.916601698445108,-3.756914764898462
Second_90,75,90,ReRZV_2d,2024,0.4250055689576408,dC_Med_d,-18.92185913613272,-18.856871890019377,-22.86054372057047,-15.156459088129694
Second_90,75,90,ReRZV_2d,2024,0.4250055689576408,dC_VacZVL_d,0,0,0,0
Second_90,75,90,ReRZV_2d,2024,0.4250055689576408,dC_VacRZV_d,170,170,169.99999999999997,170.00000000000003
Second_90,75,90,ReRZV_2d,2024,0.4250055689576408,dC_Vac_d,170,170,169.99999999999997,170.00000000000003
Second_90,75,90,ReRZV_2d,2024,0.4250055689576408,dC_All_d,151.07814086386728,151.1431281099806,147.13945627942957,154.84354091187026
Second_90,75,90,ReRZV_2d,2024,0.4250055689576408,dN_VacZVL,0,0,0,0
Second_90,75,90,ReRZV_2d,2024,0.4250055689576408,dN_VacRZV,2,2,2,2
Second_90,75,90,ReRZV_2d,2024,0.4250055689576408,dN_VacZVL_d,0,0,0,0
Second_90,75,90,ReRZV_2d,2024,0.4250055689576408,dN_VacRZV_d,2,2,2,2
Second_90,75,90,ReRZV_2d,2024,0.4250055689576408,ICER,30505.409760152066,30268.122755486576,24696.882634801506,38027.25742030972
Second_90,75,90,ReRZV_2d,2024,0.4250055689576408,Price0,85,85,84.99999999999999,85.00000000000001
Second_90,75,90,ReRZV_2d,2024,0.4250055689576408,Thres20,59.5445323098845,59.42454049611679,48.91666040948149,70.85054839166368
Second_90,75,90,ReRZV_2d,2024,0.4250055689576408,Thres30,84.58633368079357,84.33687564549501,68.94818992585859,100.86526506111569
Second_90,75,90,ReRZV_2d,2024,0.4250055689576408,Thres20_50,NA,59.42454049611679,NA,NA
Second_90,75,90,ReRZV_2d,2024,0.4250055689576408,Thres30_90,NA,74.12970890667964,NA,NA
Second_90,75,90,ReRZV_2d,2024,0.4250055689576408,Thres,NA,59.42454049611679,NA,NA
Second_91,70,91,ReRZV_1d,2024,0.3382516826021863,N0,0.3382516826021863,0.3382516826021863,0.3382516826021863,0.3382516826021863
Second_91,70,91,ReRZV_1d,2024,0.3382516826021863,dYear_Life,2.758823331374711e-4,2.756978213653206e-4,2.1226031646075325e-4,3.401510506828506e-4
Second_91,70,91,ReRZV_1d,2024,0.3382516826021863,dYear_Immunised,3.1566883457647203,3.2000476706936705,2.5737461631833503,3.481002143931208
Second_91,70,91,ReRZV_1d,2024,0.3382516826021863,dRisk_HZ,-0.09747697022692141,-0.09845436664958276,-0.10869433586576017,-0.07979984473709768
Second_91,70,91,ReRZV_1d,2024,0.3382516826021863,dRisk_Hosp,-0.010406399621057057,-0.010367002879875353,-0.0131796414040378,-0.00767124751356695
Second_91,70,91,ReRZV_1d,2024,0.3382516826021863,dRisk_PHN,-0.008094489053769095,-0.008052547090866422,-0.010430758498952404,-0.005896582799260773
Second_91,70,91,ReRZV_1d,2024,0.3382516826021863,dRisk_Death,-2.861050758937118e-4,-2.861610709441075e-4,-3.5332257942145785e-4,-2.2177677494565365e-4
Second_91,70,91,ReRZV_1d,2024,0.3382516826021863,dQ_Life,1.758885363469536e-4,1.7585871716536158e-4,1.3532625403006086e-4,2.16804185410047e-4
Second_91,70,91,ReRZV_1d,2024,0.3382516826021863,dQ_HZ,0.004574441414376438,0.004565212533933202,0.003518269199841299,0.005627266162388109
Second_91,70,91,ReRZV_1d,2024,0.3382516826021863,dQ_HZ_Norm,0.0012349596524909763,0.0012353131879764999,9.482659726135072e-4,0.0015132131861866605
Second_91,70,91,ReRZV_1d,2024,0.3382516826021863,dQ_All,0.004737012901949344,0.004731078086955829,0.003647642225693474,0.005802162711267589
Second_91,70,91,ReRZV_1d,2024,0.3382516826021863,dQ_HZ_d,0.004414079742352384,0.004406498811177996,0.003394534419949427,0.005426653965186512
Second_91,70,91,ReRZV_1d,2024,0.3382516826021863,dQ_HZ_Norm_d,0.0011924200571804227,0.001192289090317748,9.158069937086846e-4,0.001462201171003334
Second_91,70,91,ReRZV_1d,2024,0.3382516826021863,dQ_Life_d,1.6308329396337178e-4,1.630054315048617e-4,1.2547362351972017e-4,2.0096924459446443e-4
Second_91,70,91,ReRZV_1d,2024,0.3382516826021863,dQ_All_d,0.00457716303631576,0.004572143524077879,0.0035273070308372173,0.005602643113749575
Second_91,70,91,ReRZV_1d,2024,0.3382516826021863,dC_Hosp,-14.259664790310609,-14.224203216465849,-18.238823177479865,-10.448476039555777
Second_91,70,91,ReRZV_1d,2024,0.3382516826021863,dC_GP_NonPHN,-2.913273209925964,-2.9426700047723857,-3.269770478399913,-2.3778360279771635
Second_91,70,91,ReRZV_1d,2024,0.3382516826021863,dC_GP_PHN,-1.1894885803193864,-1.1861511142562626,-1.5492083277338071,-0.8576416378455151
Second_91,70,91,ReRZV_1d,2024,0.3382516826021863,dC_GP,-4.10276179024535,-4.14109714974892,-4.699227540272507,-3.32374024990187
Second_91,70,91,ReRZV_1d,2024,0.3382516826021863,dC_Med,-18.362426580555958,-18.358448351525556,-22.456380443787133,-14.140148383548802
Second_91,70,91,ReRZV_1d,2024,0.3382516826021863,dC_VacZVL,0,0,0,0
Second_91,70,91,ReRZV_1d,2024,0.3382516826021863,dC_VacRZV,85,85,85,85
Second_91,70,91,ReRZV_1d,2024,0.3382516826021863,dC_Vac,85,85,85,85
Second_91,70,91,ReRZV_1d,2024,0.3382516826021863,dC_All,66.63757341944404,66.64155164847443,62.543619556212874,70.8598516164512
Second_91,70,91,ReRZV_1d,2024,0.3382516826021863,dC_Hosp_d,-13.735363008834515,-13.708477093094858,-17.592879554117985,-10.05308527433833
Second_91,70,91,ReRZV_1d,2024,0.3382516826021863,dC_GP_NonPHN_d,-2.8136230097662107,-2.8433637089186963,-3.1568590007243342,-2.2927730189177864
Second_91,70,91,ReRZV_1d,2024,0.3382516826021863,dC_GP_PHN_d,-1.1502428113553125,-1.1460071269770973,-1.497813894359676,-0.8298490681840759
Second_91,70,91,ReRZV_1d,2024,0.3382516826021863,dC_GP_d,-3.963865821121523,-4.000355084198318,-4.541729810804422,-3.2084716863126066
Second_91,70,91,ReRZV_1d,2024,0.3382516826021863,dC_Med_d,-17.699228829956038,-17.68922617956833,-21.680921581055138,-13.640330191434806
Second_91,70,91,ReRZV_1d,2024,0.3382516826021863,dC_VacZVL_d,0,0,0,0
Second_91,70,91,ReRZV_1d,2024,0.3382516826021863,dC_VacRZV_d,85,85,85,85
Second_91,70,91,ReRZV_1d,2024,0.3382516826021863,dC_Vac_d,85,85,85,85
Second_91,70,91,ReRZV_1d,2024,0.3382516826021863,dC_All_d,67.30077117004396,67.31077382043166,63.31907841894487,71.35966980856519
Second_91,70,91,ReRZV_1d,2024,0.3382516826021863,dN_VacZVL,0,0,0,0
Second_91,70,91,ReRZV_1d,2024,0.3382516826021863,dN_VacRZV,1,1,1,1
Second_91,70,91,ReRZV_1d,2024,0.3382516826021863,dN_VacZVL_d,0,0,0,0
Second_91,70,91,ReRZV_1d,2024,0.3382516826021863,dN_VacRZV_d,1,1,1,1
Second_91,70,91,ReRZV_1d,2024,0.3382516826021863,ICER,14930.956413573685,14682.781056015683,11625.35729597748,19636.742885453317
Second_91,70,91,ReRZV_1d,2024,0.3382516826021863,Price0,85,85,85,85
Second_91,70,91,ReRZV_1d,2024,0.3382516826021863,Thres20,109.24248955627124,109.3603540354202,86.32265221032799,131.52012031380343
Second_91,70,91,ReRZV_1d,2024,0.3382516826021863,Thres30,155.01411991942885,155.1502970646656,121.58152884349276,187.50624654245948
Second_91,70,91,ReRZV_1d,2024,0.3382516826021863,Thres20_50,NA,109.3603540354202,NA,NA
Second_91,70,91,ReRZV_1d,2024,0.3382516826021863,Thres30_90,NA,133.73434594110788,NA,NA
Second_91,70,91,ReRZV_1d,2024,0.3382516826021863,Thres,NA,109.3603540354202,NA,NA
Second_91,70,91,ReRZV_2d,2024,0.3382516826021863,N0,0.3382516826021863,0.3382516826021863,0.3382516826021863,0.3382516826021863
Second_91,70,91,ReRZV_2d,2024,0.3382516826021863,dYear_Life,2.8682010215934893e-4,2.8573247545158107e-4,2.30937127375627e-4,3.481495337366289e-4
Second_91,70,91,ReRZV_2d,2024,0.3382516826021863,dYear_Immunised,3.2819741614823807,3.301767465172702,2.89271454203435,3.5344624596126093
Second_91,70,91,ReRZV_2d,2024,0.3382516826021863,dRisk_HZ,-0.10134450943729448,-0.101891870351699,-0.11038436223955389,-0.08956423905026151
Second_91,70,91,ReRZV_2d,2024,0.3382516826021863,dRisk_Hosp,-0.010819010838806127,-0.01077763327423887,-0.013505142296008762,-0.008313430166537718
Second_91,70,91,ReRZV_2d,2024,0.3382516826021863,dRisk_PHN,-0.008414353394146142,-0.00836884837497395,-0.010690982665083355,-0.006334758566452074
Second_91,70,91,ReRZV_2d,2024,0.3382516826021863,dRisk_Death,-2.974478537286407e-4,-2.962714870818283e-4,-3.603015452888064e-4,-2.408714818272574e-4
Second_91,70,91,ReRZV_2d,2024,0.3382516826021863,dQ_Life,1.8286197479236828e-4,1.8213785349526358e-4,1.4748366070991802e-4,2.2195062681643754e-4
Second_91,70,91,ReRZV_2d,2024,0.3382516826021863,dQ_HZ,0.004755828424322966,0.004737085539060786,0.0038121747357253216,0.0057443627583317
Second_91,70,91,ReRZV_2d,2024,0.3382516826021863,dQ_HZ_Norm,0.0012839268077678185,0.001280739168085539,0.0010284081228307416,0.0015583735085292392
Second_91,70,91,ReRZV_2d,2024,0.3382516826021863,dQ_All,0.0049248454871116745,0.004906607671697593,0.003952238233987548,0.005916257507969606
Second_91,70,91,ReRZV_2d,2024,0.3382516826021863,dQ_HZ_d,0.004589110365999613,0.004571075395281413,0.003675837144194139,0.005543825810412056
Second_91,70,91,ReRZV_2d,2024,0.3382516826021863,dQ_HZ_Norm_d,0.0012397011485133051,0.001236538783293629,9.929896412282388e-4,0.0015038867183846472
Second_91,70,91,ReRZV_2d,2024,0.3382516826021863,dQ_Life_d,1.6954914217192515e-4,1.6889754013395763e-4,1.3671993445790728e-4,2.0577433722149035e-4
Second_91,70,91,ReRZV_2d,2024,0.3382516826021863,dQ_All_d,0.004758659508171543,0.004742380246921419,0.003817854023385882,0.005712991031353689
Second_91,70,91,ReRZV_2d,2024,0.3382516826021863,dC_Hosp,-14.825031903042284,-14.770363489703854,-18.696452998493502,-11.201014964207518
Second_91,70,91,ReRZV_2d,2024,0.3382516826021863,dC_GP_NonPHN,-3.0289164991123454,-3.045286355605649,-3.3180025373170636,-2.6561089569892453
Second_91,70,91,ReRZV_2d,2024,0.3382516826021863,dC_GP_PHN,-1.2364748238928922,-1.2284344026139478,-1.5913423827589306,-0.9127754305789628
Second_91,70,91,ReRZV_2d,2024,0.3382516826021863,dC_GP,-4.265391323005238,-4.283021389504807,-4.7721286696990886,-3.7058315881441906
Second_91,70,91,ReRZV_2d,2024,0.3382516826021863,dC_Med,-19.09042322604752,-19.016411765573697,-23.029934184973698,-15.285317940594862
Second_91,70,91,ReRZV_2d,2024,0.3382516826021863,dC_VacZVL,0,0,0,0
Second_91,70,91,ReRZV_2d,2024,0.3382516826021863,dC_VacRZV,170,170,170,170
Second_91,70,91,ReRZV_2d,2024,0.3382516826021863,dC_Vac,170,170,170,170
Second_91,70,91,ReRZV_2d,2024,0.3382516826021863,dC_All,150.90957677395247,150.9835882344263,146.97006581502632,154.71468205940516
Second_91,70,91,ReRZV_2d,2024,0.3382516826021863,dC_Hosp_d,-14.279954795943747,-14.225949575937582,-18.029672305171786,-10.774611344239371
Second_91,70,91,ReRZV_2d,2024,0.3382516826021863,dC_GP_NonPHN_d,-2.925311916454014,-2.9405374102440454,-3.204717191038447,-2.5657069916559383
Second_91,70,91,ReRZV_2d,2024,0.3382516826021863,dC_GP_PHN_d,-1.195680903551498,-1.18858409836297,-1.5378034359156556,-0.8841623615882749
Second_91,70,91,ReRZV_2d,2024,0.3382516826021863,dC_GP_d,-4.120992820005512,-4.137888062372625,-4.6067050559578,-3.5828458117734727
Second_91,70,91,ReRZV_2d,2024,0.3382516826021863,dC_Med_d,-18.40094761594926,-18.318655256686696,-22.217714666900157,-14.693860503278138
Second_91,70,91,ReRZV_2d,2024,0.3382516826021863,dC_VacZVL_d,0,0,0,0
Second_91,70,91,ReRZV_2d,2024,0.3382516826021863,dC_VacRZV_d,170,170,170,170
Second_91,70,91,ReRZV_2d,2024,0.3382516826021863,dC_Vac_d,170,170,170,170
Second_91,70,91,ReRZV_2d,2024,0.3382516826021863,dC_All_d,151.59905238405074,151.68134474331333,147.78228533309982,155.30613949672187
Second_91,70,91,ReRZV_2d,2024,0.3382516826021863,dN_VacZVL,0,0,0,0
Second_91,70,91,ReRZV_2d,2024,0.3382516826021863,dN_VacRZV,2,2,2,2
Second_91,70,91,ReRZV_2d,2024,0.3382516826021863,dN_VacZVL_d,0,0,0,0
Second_91,70,91,ReRZV_2d,2024,0.3382516826021863,dN_VacRZV_d,2,2,2,2
Second_91,70,91,ReRZV_2d,2024,0.3382516826021863,ICER,32200.993289684367,31947.929173394085,26271.145702139525,39804.73921516155
Second_91,70,91,ReRZV_2d,2024,0.3382516826021863,Price0,85,85,85,85
Second_91,70,91,ReRZV_2d,2024,0.3382516826021863,Thres20,56.78706888969006,56.653317359267426,46.93535429037884,67.20041024325346
Second_91,70,91,ReRZV_2d,2024,0.3382516826021863,Thres30,80.58036643054778,80.33754221130576,66.1180892352527,95.71631872698603
Second_91,70,91,ReRZV_2d,2024,0.3382516826021863,Thres20_50,NA,56.653317359267426,NA,NA
Second_91,70,91,ReRZV_2d,2024,0.3382516826021863,Thres30_90,NA,70.91743176258754,NA,NA
Second_91,70,91,ReRZV_2d,2024,0.3382516826021863,Thres,NA,56.653317359267426,NA,NA
Second_91,75,91,ReRZV_1d,2024,0.3711423993657439,N0,0.3711423993657439,0.3711423993657439,0.3711423993657439,0.3711423993657439
Second_91,75,91,ReRZV_1d,2024,0.3711423993657439,dYear_Life,2.667855373998829e-4,2.6692569701434056e-4,2.0267501997616786e-4,3.3042207129601014e-4
Second_91,75,91,ReRZV_1d,2024,0.3711423993657439,dYear_Immunised,3.058548894133101,3.1005934989488995,2.462080086098007,3.4081465081274835
Second_91,75,91,ReRZV_1d,2024,0.3711423993657439,dRisk_HZ,-0.08605963021976765,-0.08705432517977113,-0.09670101222361949,-0.06965597566664025
Second_91,75,91,ReRZV_1d,2024,0.3711423993657439,dRisk_Hosp,-0.009191266693065414,-0.009174369163691753,-0.011756104174524426,-0.006750234257456783
Second_91,75,91,ReRZV_1d,2024,0.3711423993657439,dRisk_PHN,-0.007144382199888286,-0.007124460121801792,-0.009265055703590997,-0.005163895215652764
Second_91,75,91,ReRZV_1d,2024,0.3711423993657439,dRisk_Death,-2.526427560969454e-4,-2.5253458250054314e-4,-3.1299682747493125e-4,-1.9293583627952567e-4
Second_91,75,91,ReRZV_1d,2024,0.3711423993657439,dQ_Life,1.7003829195858574e-4,1.701576800732488e-4,1.2906892216845846e-4,2.1057801042373862e-4
Second_91,75,91,ReRZV_1d,2024,0.3711423993657439,dQ_HZ,0.0044309338133637945,0.004426290224311048,0.003376279608112127,0.005497104613522504
Second_91,75,91,ReRZV_1d,2024,0.3711423993657439,dQ_HZ_Norm,0.0011960394255960845,0.001194863646768096,9.087996306319337e-4,0.0014721792556159786
Second_91,75,91,ReRZV_1d,2024,0.3711423993657439,dQ_All,0.004588017555540331,0.004581763013763077,0.003503119942793982,0.005665960356894523
Second_91,75,91,ReRZV_1d,2024,0.3711423993657439,dQ_HZ_d,0.004274595294256868,0.004268927786737845,0.003253123324238527,0.005299063586830248
Second_91,75,91,ReRZV_1d,2024,0.3711423993657439,dQ_HZ_Norm_d,0.0011545713491913179,0.0011529888490585866,8.764622800925508e-4,0.001420911791820004
Second_91,75,91,ReRZV_1d,2024,0.3711423993657439,dQ_Life_d,1.576392805198403e-4,1.577597081843442e-4,1.1961971141936563e-4,1.9523370527521681e-4
Second_91,75,91,ReRZV_1d,2024,0.3711423993657439,dQ_All_d,0.00443223457477671,0.0044262311901680906,0.0033827518730575406,0.005471728556708723
Second_91,75,91,ReRZV_1d,2024,0.3711423993657439,dC_Hosp,-13.817935554438089,-13.782159797494664,-17.72425553534577,-10.066791010823964
Second_91,75,91,ReRZV_1d,2024,0.3711423993657439,dC_GP_NonPHN,-2.8213271726264564,-2.848799514257938,-3.194135843295277,-2.26824620104403
Second_91,75,91,ReRZV_1d,2024,0.3711423993657439,dC_GP_PHN,-1.151626392739803,-1.1458111703896083,-1.5077573007684002,-0.8210598610957937
Second_91,75,91,ReRZV_1d,2024,0.3711423993657439,dC_GP,-3.9729535653662595,-4.011943173735218,-4.57466492602273,-3.177935292261544
Second_91,75,91,ReRZV_1d,2024,0.3711423993657439,dC_Med,-17.790889119804348,-17.77681873325467,-21.84521944738772,-13.560355728010443
Second_91,75,91,ReRZV_1d,2024,0.3711423993657439,dC_VacZVL,0,0,0,0
Second_91,75,91,ReRZV_1d,2024,0.3711423993657439,dC_VacRZV,85,85,85,85
Second_91,75,91,ReRZV_1d,2024,0.3711423993657439,dC_Vac,85,85,85,85
Second_91,75,91,ReRZV_1d,2024,0.3711423993657439,dC_All,67.20911088019565,67.22318126674533,63.15478055261228,71.43964427198955
Second_91,75,91,ReRZV_1d,2024,0.3711423993657439,dC_Hosp_d,-13.306687600011495,-13.259883099892974,-17.06911370192186,-9.683764940789246
Second_91,75,91,ReRZV_1d,2024,0.3711423993657439,dC_GP_NonPHN_d,-2.7241900828598764,-2.7508015111720514,-3.0845510050969054,-2.186311801894926
Second_91,75,91,ReRZV_1d,2024,0.3711423993657439,dC_GP_PHN_d,-1.1133774940382652,-1.1075392819016452,-1.4552034602799742,-0.7957105627848609
Second_91,75,91,ReRZV_1d,2024,0.3711423993657439,dC_GP_d,-3.8375675768981417,-3.8755262834311397,-4.415961499961223,-3.066846629028313
Second_91,75,91,ReRZV_1d,2024,0.3711423993657439,dC_Med_d,-17.14425517690964,-17.135614450344676,-21.070825080764607,-13.05057516286587
Second_91,75,91,ReRZV_1d,2024,0.3711423993657439,dC_VacZVL_d,0,0,0,0
Second_91,75,91,ReRZV_1d,2024,0.3711423993657439,dC_VacRZV_d,85,85,85,85
Second_91,75,91,ReRZV_1d,2024,0.3711423993657439,dC_Vac_d,85,85,85,85
Second_91,75,91,ReRZV_1d,2024,0.3711423993657439,dC_All_d,67.85574482309036,67.86438554965534,63.9291749192354,71.94942483713412
Second_91,75,91,ReRZV_1d,2024,0.3711423993657439,dN_VacZVL,0,0,0,0
Second_91,75,91,ReRZV_1d,2024,0.3711423993657439,dN_VacRZV,1,1,1,1
Second_91,75,91,ReRZV_1d,2024,0.3711423993657439,dN_VacZVL_d,0,0,0,0
Second_91,75,91,ReRZV_1d,2024,0.3711423993657439,dN_VacRZV_d,1,1,1,1
Second_91,75,91,ReRZV_1d,2024,0.3711423993657439,ICER,15561.9690327022,15273.643510152746,12014.93894183604,20738.020262260732
Second_91,75,91,ReRZV_1d,2024,0.3711423993657439,Price0,85,85,85,85
Second_91,75,91,ReRZV_1d,2024,0.3711423993657439,Thres20,105.78894667244384,105.89011143132191,82.4813356599658,128.2896665912639
Second_91,75,91,ReRZV_1d,2024,0.3711423993657439,Thres30,150.11129242021093,150.27294943767896,116.42238119612487,182.52039329100768
Second_91,75,91,ReRZV_1d,2024,0.3711423993657439,Thres20_50,NA,105.89011143132191,NA,NA
Second_91,75,91,ReRZV_1d,2024,0.3711423993657439,Thres30_90,NA,128.60354390960967,NA,NA
Second_91,75,91,ReRZV_1d,2024,0.3711423993657439,Thres,NA,105.89011143132191,NA,NA
Second_91,75,91,ReRZV_2d,2024,0.3711423993657439,N0,0.3711423993657439,0.3711423993657439,0.3711423993657439,0.3711423993657439
Second_91,75,91,ReRZV_2d,2024,0.3711423993657439,dYear_Life,2.777233196360482e-4,2.769107305657651e-4,2.2209513133255278e-4,3.3718190840896614e-4
Second_91,75,91,ReRZV_2d,2024,0.3711423993657439,dYear_Immunised,3.183834859986891,3.205076866463134,2.766107839647387,3.4602080067989753
Second_91,75,91,ReRZV_2d,2024,0.3711423993657439,dRisk_HZ,-0.0895844274405345,-0.09007863028524145,-0.09835174792899981,-0.07821702991318427
Second_91,75,91,ReRZV_2d,2024,0.3711423993657439,dRisk_Hosp,-0.009567312235981566,-0.009528405313485942,-0.012001338370644783,-0.0073288495612270745
Second_91,75,91,ReRZV_2d,2024,0.3711423993657439,dRisk_PHN,-0.0074359001077366465,-0.007409646879213752,-0.009499657335421569,-0.005529882491059303
Second_91,75,91,ReRZV_2d,2024,0.3711423993657439,dRisk_Death,-2.6298033439576656e-4,-2.6227410365210036e-4,-3.189975522749499e-4,-2.111312342347948e-4
Second_91,75,91,ReRZV_2d,2024,0.3711423993657439,dQ_Life,1.7701173882885707e-4,1.7644224544718657e-4,1.4145450319165374e-4,2.1508780680258078e-4
Second_91,75,91,ReRZV_2d,2024,0.3711423993657439,dQ_HZ,0.004612321040814692,0.0045958437107616705,0.003684088046453949,0.005600038596325076
Second_91,75,91,ReRZV_2d,2024,0.3711423993657439,dQ_HZ_Norm,0.0012450066395265904,0.0012414473652872713,9.95103318608671e-4,0.0015130800479900674
Second_91,75,91,ReRZV_2d,2024,0.3711423993657439,dQ_All,0.0047758503659941845,0.004757763014706826,0.003825478324738076,0.005767428849746681
Second_91,75,91,ReRZV_2d,2024,0.3711423993657439,dQ_HZ_d,0.004449626127786879,0.004433781562012896,0.003553495179960208,0.005400930038782068
Second_91,75,91,ReRZV_2d,2024,0.3711423993657439,dQ_HZ_Norm_d,0.0012018524971585296,0.0011979825471947281,9.600381746700437e-4,0.0014630127867030288
Second_91,75,91,ReRZV_2d,2024,0.3711423993657439,dQ_Life_d,1.6410513654001278e-4,1.6360707863789008e-4,1.311395718614094e-4,1.994540394052106e-4
Second_91,75,91,ReRZV_2d,2024,0.3711423993657439,dQ_All_d,0.0046137312643268966,0.00459909271390963,0.0036952922217697503,0.005573885356820904
Second_91,75,91,ReRZV_2d,2024,0.3711423993657439,dC_Hosp,-14.383303344572381,-14.37084658912556,-18.169887219045435,-10.801660165468002
Second_91,75,91,ReRZV_2d,2024,0.3711423993657439,dC_GP_NonPHN,-2.9369706003944147,-2.9527352411175007,-3.247668869413453,-2.5499713769345127
Second_91,75,91,ReRZV_2d,2024,0.3711423993657439,dC_GP_PHN,-1.198612692662763,-1.1917765407070693,-1.5493225486870765,-0.8832434679397302
Second_91,75,91,ReRZV_2d,2024,0.3711423993657439,dC_GP,-4.135583293057178,-4.157019030536295,-4.650419055963678,-3.566147857189269
Second_91,75,91,ReRZV_2d,2024,0.3711423993657439,dC_Med,-18.51888663762956,-18.467598539042474,-22.379755027009153,-14.684055094957186
Second_91,75,91,ReRZV_2d,2024,0.3711423993657439,dC_VacZVL,0,0,0,0
Second_91,75,91,ReRZV_2d,2024,0.3711423993657439,dC_VacRZV,170,170,170,170
Second_91,75,91,ReRZV_2d,2024,0.3711423993657439,dC_Vac,170,170,170,170
Second_91,75,91,ReRZV_2d,2024,0.3711423993657439,dC_All,151.48111336237045,151.53240146095754,147.6202449729908,155.3159449050428
Second_91,75,91,ReRZV_2d,2024,0.3711423993657439,dC_Hosp_d,-13.851280039644005,-13.819732809071187,-17.496586760953075,-10.374320820011942
Second_91,75,91,ReRZV_2d,2024,0.3711423993657439,dC_GP_NonPHN_d,-2.8358791233905043,-2.850779126074991,-3.135244447402047,-2.4594104311563645
Second_91,75,91,ReRZV_2d,2024,0.3711423993657439,dC_GP_PHN_d,-1.15881564072838,-1.1531260878405043,-1.4918958743058226,-0.8544859658345674
Second_91,75,91,ReRZV_2d,2024,0.3711423993657439,dC_GP_d,-3.9946947641188846,-4.014417036336049,-4.487626841752319,-3.4424960079788147
Second_91,75,91,ReRZV_2d,2024,0.3711423993657439,dC_Med_d,-17.84597480376289,-17.798427185587983,-21.560848158313835,-14.15357750523611
Second_91,75,91,ReRZV_2d,2024,0.3711423993657439,dC_VacZVL_d,0,0,0,0
Second_91,75,91,ReRZV_2d,2024,0.3711423993657439,dC_VacRZV_d,170,170,170,170
Second_91,75,91,ReRZV_2d,2024,0.3711423993657439,dC_Vac_d,170,170,170,170
Second_91,75,91,ReRZV_2d,2024,0.3711423993657439,dC_All_d,152.15402519623711,152.20157281441203,148.43915184168617,155.8464224947639
Second_91,75,91,ReRZV_2d,2024,0.3711423993657439,dN_VacZVL,0,0,0,0
Second_91,75,91,ReRZV_2d,2024,0.3711423993657439,dN_VacRZV,2,2,2,2
Second_91,75,91,ReRZV_2d,2024,0.3711423993657439,dN_VacZVL_d,0,0,0,0
Second_91,75,91,ReRZV_2d,2024,0.3711423993657439,dN_VacRZV_d,2,2,2,2
Second_91,75,91,ReRZV_2d,2024,0.3711423993657439,ICER,33354.15214093874,33048.4969928682,26997.606121184144,41536.23047794036
Second_91,75,91,ReRZV_2d,2024,0.3711423993657439,Price0,85,85,85,85
Second_91,75,91,ReRZV_2d,2024,0.3711423993657439,Thres20,55.060300045150406,54.99217709105007,45.11979132153705,65.54236678372152
Second_91,75,91,ReRZV_2d,2024,0.3711423993657439,Thres30,78.12895636678489,77.96698136375022,63.670294893894116,93.37925279581799
Second_91,75,91,ReRZV_2d,2024,0.3711423993657439,Thres20_50,NA,54.99217709105007,NA,NA
Second_91,75,91,ReRZV_2d,2024,0.3711423993657439,Thres30_90,NA,68.44881027983985,NA,NA
Second_91,75,91,ReRZV_2d,2024,0.3711423993657439,Thres,NA,54.99217709105007,NA,NA
Second_92,70,92,ReRZV_1d,2024,0.29049078508758003,N0,0.29049078508758003,0.29049078508758003,0.29049078508758003,0.29049078508758003
Second_92,70,92,ReRZV_1d,2024,0.29049078508758003,dYear_Life,2.3279220423543225e-4,2.3255846488586305e-4,1.7949811031489916e-4,2.8682951442468476e-4
Second_92,70,92,ReRZV_1d,2024,0.29049078508758003,dYear_Immunised,2.891735138702015,2.9308457293769745,2.355200889855784,3.1820753261956187
Second_92,70,92,ReRZV_1d,2024,0.29049078508758003,dRisk_HZ,-0.1050291470610218,-0.1062614305993182,-0.11712935385435558,-0.08623603415592761
Second_92,70,92,ReRZV_1d,2024,0.29049078508758003,dRisk_Hosp,-0.011480164379638513,-0.011492536852506481,-0.014758622852973543,-0.00849220328220005
Second_92,70,92,ReRZV_1d,2024,0.29049078508758003,dRisk_PHN,-0.008595265704941853,-0.008515243621884907,-0.011400798991196443,-0.006040265317666182
Second_92,70,92,ReRZV_1d,2024,0.29049078508758003,dRisk_Death,-3.109051556353319e-4,-3.107669778416991e-4,-3.83182216924601e-4,-2.4053576547783092e-4
Second_92,70,92,ReRZV_1d,2024,0.29049078508758003,dQ_Life,1.4642340844525566e-4,1.4636112128655205e-4,1.127425367817178e-4,1.8045956707343625e-4
Second_92,70,92,ReRZV_1d,2024,0.29049078508758003,dQ_HZ,0.004169177488383405,0.004165831548117985,0.003190351889933396,0.005154740278771473
Second_92,70,92,ReRZV_1d,2024,0.29049078508758003,dQ_HZ_Norm,0.001117492679537207,0.0011154625512789572,8.592992263449094e-4,0.0013776446403651968
Second_92,70,92,ReRZV_1d,2024,0.29049078508758003,dQ_All,0.004301577803510074,0.004300508182958237,0.0033044273241082255,0.005292995427573972
Second_92,70,92,ReRZV_1d,2024,0.29049078508758003,dQ_HZ_d,0.004037885946094928,0.0040347109619300724,0.003089108405204386,0.00498888962783311
Second_92,70,92,ReRZV_1d,2024,0.29049078508758003,dQ_HZ_Norm_d,0.00108283785555942,0.0010809243511929068,8.328676914045196e-4,0.0013351042881633143
Second_92,70,92,ReRZV_1d,2024,0.29049078508758003,dQ_Life_d,1.3661130462695175e-4,1.365687914612215e-4,1.0514321270666927e-4,1.683537843827811e-4
Second_92,70,92,ReRZV_1d,2024,0.29049078508758003,dQ_All_d,0.004174497250721886,0.004174879080813026,0.0032039142172175118,0.0051345892713793445
Second_92,70,92,ReRZV_1d,2024,0.29049078508758003,dC_Hosp,-13.30370893843632,-13.283379888678873,-17.298531766453614,-9.619113919383558
Second_92,70,92,ReRZV_1d,2024,0.29049078508758003,dC_GP_NonPHN,-2.629116107598847,-2.654030222829337,-2.965813357283351,-2.1453302841165116
Second_92,70,92,ReRZV_1d,2024,0.29049078508758003,dC_GP_PHN,-1.0567370005934125,-1.0490213880143888,-1.4090502705109647,-0.7341650220768116
Second_92,70,92,ReRZV_1d,2024,0.29049078508758003,dC_GP,-3.6858531081922594,-3.71480230100524,-4.239349545617339,-2.9812734551615505
Second_92,70,92,ReRZV_1d,2024,0.29049078508758003,dC_Med,-16.989562046628578,-17.032029505529874,-21.04009905453858,-13.014537293343903
Second_92,70,92,ReRZV_1d,2024,0.29049078508758003,dC_VacZVL,0,0,0,0
Second_92,70,92,ReRZV_1d,2024,0.29049078508758003,dC_VacRZV,85,85,85,85
Second_92,70,92,ReRZV_1d,2024,0.29049078508758003,dC_Vac,85,85,85,85
Second_92,70,92,ReRZV_1d,2024,0.29049078508758003,dC_All,68.01043795337142,67.96797049447014,63.959900945461406,71.98546270665608
Second_92,70,92,ReRZV_1d,2024,0.29049078508758003,dC_Hosp_d,-12.869553770001259,-12.849667284912337,-16.783598925449454,-9.288269631341954
Second_92,70,92,ReRZV_1d,2024,0.29049078508758003,dC_GP_NonPHN_d,-2.5481077989907863,-2.5726117510026154,-2.873536101918805,-2.076430876486674
Second_92,70,92,ReRZV_1d,2024,0.29049078508758003,dC_GP_PHN_d,-1.0251509508732606,-1.0176834195578213,-1.3685747006897362,-0.7123799095247052
Second_92,70,92,ReRZV_1d,2024,0.29049078508758003,dC_GP_d,-3.573258749864047,-3.601539573137952,-4.111820682481102,-2.890948127243531
Second_92,70,92,ReRZV_1d,2024,0.29049078508758003,dC_Med_d,-16.442812519865306,-16.486051442021008,-20.348654437810172,-12.624916286720131
Second_92,70,92,ReRZV_1d,2024,0.29049078508758003,dC_VacZVL_d,0,0,0,0
Second_92,70,92,ReRZV_1d,2024,0.29049078508758003,dC_VacRZV_d,85,85,85,85
Second_92,70,92,ReRZV_1d,2024,0.29049078508758003,dC_Vac_d,85,85,85,85
Second_92,70,92,ReRZV_1d,2024,0.29049078508758003,dC_All_d,68.5571874801347,68.51394855797899,64.65134556218983,72.37508371327986
Second_92,70,92,ReRZV_1d,2024,0.29049078508758003,dN_VacZVL,0,0,0,0
Second_92,70,92,ReRZV_1d,2024,0.29049078508758003,dN_VacRZV,1,1,1,1
Second_92,70,92,ReRZV_1d,2024,0.29049078508758003,dN_VacZVL_d,0,0,0,0
Second_92,70,92,ReRZV_1d,2024,0.29049078508758003,dN_VacRZV_d,1,1,1,1
Second_92,70,92,ReRZV_1d,2024,0.29049078508758003,ICER,16680.546322195885,16421.999181779007,12980.206379461713,22043.471195246442
Second_92,70,92,ReRZV_1d,2024,0.29049078508758003,Price0,85,85,85,85
Second_92,70,92,ReRZV_1d,2024,0.29049078508758003,Thres20,99.93275753430302,99.93400977016279,78.43647472980368,120.70618039118548
Second_92,70,92,ReRZV_1d,2024,0.29049078508758003,Thres30,141.67773004152187,141.7257759969105,110.34999079788727,171.90883502204866
Second_92,70,92,ReRZV_1d,2024,0.29049078508758003,Thres20_50,NA,99.93400977016279,NA,NA
Second_92,70,92,ReRZV_1d,2024,0.29049078508758003,Thres30_90,NA,122.12905941965761,NA,NA
Second_92,70,92,ReRZV_1d,2024,0.29049078508758003,Thres,NA,99.93400977016279,NA,NA
Second_92,70,92,ReRZV_2d,2024,0.29049078508758003,N0,0.29049078508758003,0.29049078508758003,0.29049078508758003,0.29049078508758003
Second_92,70,92,ReRZV_2d,2024,0.29049078508758003,dYear_Life,2.4197485936162835e-4,2.409910982904876e-4,1.95437886476093e-4,2.935756460827229e-4
Second_92,70,92,ReRZV_2d,2024,0.29049078508758003,dYear_Immunised,3.0059473438482662,3.0247135048976626,2.6489685543118697,3.2265407737596465
Second_92,70,92,ReRZV_2d,2024,0.29049078508758003,dRisk_HZ,-0.10917530222319795,-0.1096762935951267,-0.1189622257395166,-0.09679798884908572
Second_92,70,92,ReRZV_2d,2024,0.29049078508758003,dRisk_Hosp,-0.011932930581432025,-0.011874378940570633,-0.015250987983635911,-0.009079089563496952
Second_92,70,92,ReRZV_2d,2024,0.29049078508758003,dRisk_PHN,-0.00893298750069853,-0.00886641299729913,-0.011680232470334406,-0.006503547459541542
Second_92,70,92,ReRZV_2d,2024,0.29049078508758003,dRisk_Death,-3.2317122962368766e-4,-3.218666951849317e-4,-3.9172518200671324e-4,-2.615904139147094e-4
Second_92,70,92,ReRZV_2d,2024,0.29049078508758003,dQ_Life,1.521990623246023e-4,1.516649412712026e-4,1.2307164153017305e-4,1.8461454331240756e-4
Second_92,70,92,ReRZV_2d,2024,0.29049078508758003,dQ_HZ,0.004333657865713178,0.004318448477663668,0.0034680508439232666,0.005263736945287213
Second_92,70,92,ReRZV_2d,2024,0.29049078508758003,dQ_HZ_Norm,0.001161577045347847,0.0011592764857871068,9.289438411308327e-4,0.001413716189748803
Second_92,70,92,ReRZV_2d,2024,0.29049078508758003,dQ_All,0.004471280514881027,0.004457999890986913,0.0036119697888353517,0.005403570284494663
Second_92,70,92,ReRZV_2d,2024,0.29049078508758003,dQ_HZ_d,0.004197183876187174,0.004183660462139466,0.0033603913187309734,0.005096926945297311
Second_92,70,92,ReRZV_2d,2024,0.29049078508758003,dQ_HZ_Norm_d,0.0011255543723371236,0.0011238102907238094,8.993142682399735e-4,0.0013698336187624486
Second_92,70,92,ReRZV_2d,2024,0.29049078508758003,dQ_Life_d,1.419999273589932e-4,1.4153956377130326e-4,1.1481542412468751e-4,1.7223107143110933e-4
Second_92,70,92,ReRZV_2d,2024,0.29049078508758003,dQ_All_d,0.004339183803546173,0.004325822918635134,0.00351137832274381,0.0052406779894421515
Second_92,70,92,ReRZV_2d,2024,0.29049078508758003,dC_Hosp,-13.828372091949099,-13.77172383672394,-17.766591971916192,-10.378098092464095
Second_92,70,92,ReRZV_2d,2024,0.29049078508758003,dC_GP_NonPHN,-2.7329582210162084,-2.7430587759397085,-3.0003661023958594,-2.40143879788
Second_92,70,92,ReRZV_2d,2024,0.29049078508758003,dC_GP_PHN,-1.098242806533796,-1.0904707305441321,-1.4430367765652015,-0.7878690524474888
Second_92,70,92,ReRZV_2d,2024,0.29049078508758003,dC_GP,-3.8312010275500046,-3.8437832349109358,-4.296366536786407,-3.325895938659131
Second_92,70,92,ReRZV_2d,2024,0.29049078508758003,dC_Med,-17.659573119499104,-17.636380179317698,-21.590850922973683,-14.02973544302928
Second_92,70,92,ReRZV_2d,2024,0.29049078508758003,dC_VacZVL,0,0,0,0
Second_92,70,92,ReRZV_2d,2024,0.29049078508758003,dC_VacRZV,170,170,170,170
Second_92,70,92,ReRZV_2d,2024,0.29049078508758003,dC_Vac,170,170,170,170
Second_92,70,92,ReRZV_2d,2024,0.29049078508758003,dC_All,152.3404268805009,152.3636198206823,148.40914907702629,155.9702645569707
Second_92,70,92,ReRZV_2d,2024,0.29049078508758003,dC_Hosp_d,-13.377085267475936,-13.329007382770175,-17.175440237617927,-10.020710436881183
Second_92,70,92,ReRZV_2d,2024,0.29049078508758003,dC_GP_NonPHN_d,-2.6487486246157883,-2.659605227600551,-2.907573638187711,-2.3261127706476974
Second_92,70,92,ReRZV_2d,2024,0.29049078508758003,dC_GP_PHN_d,-1.0654161403888838,-1.0584256275825772,-1.398845863012343,-0.7655845299712436
Second_92,70,92,ReRZV_2d,2024,0.29049078508758003,dC_GP_d,-3.714164765004672,-3.726719865874381,-4.162002361585934,-3.228556827793657
Second_92,70,92,ReRZV_2d,2024,0.29049078508758003,dC_Med_d,-17.091250032480605,-17.07472818561924,-20.913130908979568,-13.573884968592166
Second_92,70,92,ReRZV_2d,2024,0.29049078508758003,dC_VacZVL_d,0,0,0,0
Second_92,70,92,ReRZV_2d,2024,0.29049078508758003,dC_VacRZV_d,170,170,170,170
Second_92,70,92,ReRZV_2d,2024,0.29049078508758003,dC_Vac_d,170,170,170,170
Second_92,70,92,ReRZV_2d,2024,0.29049078508758003,dC_All_d,152.90874996751938,152.92527181438078,149.08686909102045,156.42611503140785
Second_92,70,92,ReRZV_2d,2024,0.29049078508758003,dN_VacZVL,0,0,0,0
Second_92,70,92,ReRZV_2d,2024,0.29049078508758003,dN_VacRZV,2,2,2,2
Second_92,70,92,ReRZV_2d,2024,0.29049078508758003,dN_VacZVL_d,0,0,0,0
Second_92,70,92,ReRZV_2d,2024,0.29049078508758003,dN_VacRZV_d,2,2,2,2
Second_92,70,92,ReRZV_2d,2024,0.29049078508758003,ICER,35629.087745587836,35294.43644109581,28984.017309038012,43672.5337034009
Second_92,70,92,ReRZV_2d,2024,0.29049078508758003,Price0,85,85,85,85
Second_92,70,92,ReRZV_2d,2024,0.29049078508758003,Thres20,51.93746305170203,51.915596720677904,43.065821852257095,61.51206728183873
Second_92,70,92,ReRZV_2d,2024,0.29049078508758003,Thres30,73.6333820694329,73.51594894279145,60.746974990991205,87.64904584168362
Second_92,70,92,ReRZV_2d,2024,0.29049078508758003,Thres20_50,NA,51.915596720677904,NA,NA
Second_92,70,92,ReRZV_2d,2024,0.29049078508758003,Thres30_90,NA,64.7389301309313,NA,NA
Second_92,70,92,ReRZV_2d,2024,0.29049078508758003,Thres,NA,51.915596720677904,NA,NA
Second_92,75,92,ReRZV_1d,2024,0.31873773738955025,N0,0.31873773738955025,0.31873773738955025,0.31873773738955025,0.31873773738955025
Second_92,75,92,ReRZV_1d,2024,0.31873773738955025,dYear_Life,2.2596560007869445e-4,2.2600602244054476e-4,1.721319957266853e-4,2.7945881193196964e-4
Second_92,75,92,ReRZV_1d,2024,0.31873773738955025,dYear_Immunised,2.811573508642508,2.849676799800586,2.2695507905742236,3.1236911731268258
Second_92,75,92,ReRZV_1d,2024,0.31873773738955025,dRisk_HZ,-0.09305418041084206,-0.09409460623476781,-0.10444968871317786,-0.07548699296300716
Second_92,75,92,ReRZV_1d,2024,0.31873773738955025,dRisk_Hosp,-0.010173673636372723,-0.010176040248508085,-0.013058215541216446,-0.007472841698352291
Second_92,75,92,ReRZV_1d,2024,0.31873773738955025,dRisk_PHN,-0.007613835729884212,-0.007553368540394211,-0.010131688918457608,-0.0053118545795060555
Second_92,75,92,ReRZV_1d,2024,0.31873773738955025,dRisk_Death,-2.754962122253024e-4,-2.7551898782648867e-4,-3.413116098928738e-4,-2.1092959204749133e-4
Second_92,75,92,ReRZV_1d,2024,0.31873773738955025,dQ_Life,1.4209062805195603e-4,1.4211009602248655e-4,1.0815198151413788e-4,1.7570855267442245e-4
Second_92,75,92,ReRZV_1d,2024,0.31873773738955025,dQ_HZ,0.004052367502718698,0.004043993704238574,0.0030678741408349084,0.005039071681422137
Second_92,75,92,ReRZV_1d,2024,0.31873773738955025,dQ_HZ_Norm,0.001086068875267743,0.0010845581653767772,8.271211790096129e-4,0.0013377415572151392
Second_92,75,92,ReRZV_1d,2024,0.31873773738955025,dQ_All,0.004180784997063803,0.004177612924874057,0.0031791240342934177,0.0051790027728476715
Second_92,75,92,ReRZV_1d,2024,0.31873773738955025,dQ_HZ_d,0.003924078960614306,0.003915910895569806,0.0029697204738623425,0.0048749195154828675
Second_92,75,92,ReRZV_1d,2024,0.31873773738955025,dQ_HZ_Norm_d,0.001052209171464281,0.001050756425411767,8.008550295651056e-4,0.00129650126380985
Second_92,75,92,ReRZV_1d,2024,0.31873773738955025,dQ_Life_d,1.3255717497386227e-4,1.3256933820403625e-4,1.0086525347511388e-4,1.6392682757193159e-4
Second_92,75,92,ReRZV_1d,2024,0.31873773738955025,dQ_All_d,0.004056636135588173,0.004055133360662468,0.0030847931759628027,0.005027492986158098
Second_92,75,92,ReRZV_1d,2024,0.31873773738955025,dC_Hosp,-12.934049007170696,-12.932497663176362,-16.854837218508212,-9.332127890318091
Second_92,75,92,ReRZV_1d,2024,0.31873773738955025,dC_GP_NonPHN,-2.555102180703692,-2.580435748615,-2.899129627294695,-2.0605276324049924
Second_92,75,92,ReRZV_1d,2024,0.31873773738955025,dC_GP_PHN,-1.026804772118976,-1.0203563476164907,-1.3757965661919578,-0.7094830324534145
Second_92,75,92,ReRZV_1d,2024,0.31873773738955025,dC_GP,-3.581906952822668,-3.614448120915671,-4.141277151073065,-2.873092033199793
Second_92,75,92,ReRZV_1d,2024,0.31873773738955025,dC_Med,-16.515955959993367,-16.562106404184632,-20.546191315139275,-12.527639910042595
Second_92,75,92,ReRZV_1d,2024,0.31873773738955025,dC_VacZVL,0,0,0,0
Second_92,75,92,ReRZV_1d,2024,0.31873773738955025,dC_VacRZV,85,85,85,85
Second_92,75,92,ReRZV_1d,2024,0.31873773738955025,dC_Vac,85,85,85,85
Second_92,75,92,ReRZV_1d,2024,0.31873773738955025,dC_All,68.48404404000664,68.43789359581538,64.45380868486073,72.4723600899574
Second_92,75,92,ReRZV_1d,2024,0.31873773738955025,dC_Hosp_d,-12.509777867309944,-12.510882298414275,-16.348533670611285,-8.986656933686094
Second_92,75,92,ReRZV_1d,2024,0.31873773738955025,dC_GP_NonPHN_d,-2.475954023218381,-2.501205492997309,-2.8098042352647226,-1.996193171328358
Second_92,75,92,ReRZV_1d,2024,0.31873773738955025,dC_GP_PHN_d,-0.9959479848609578,-0.989944980613689,-1.3347981545194458,-0.6891270241084815
Second_92,75,92,ReRZV_1d,2024,0.31873773738955025,dC_GP_d,-3.471902008079339,-3.503096032614881,-4.014276915849851,-2.7823130991414207
Second_92,75,92,ReRZV_1d,2024,0.31873773738955025,dC_Med_d,-15.981679875389284,-16.016509012418965,-19.87494806295242,-12.108808779371646
Second_92,75,92,ReRZV_1d,2024,0.31873773738955025,dC_VacZVL_d,0,0,0,0
Second_92,75,92,ReRZV_1d,2024,0.31873773738955025,dC_VacRZV_d,85,85,85,85
Second_92,75,92,ReRZV_1d,2024,0.31873773738955025,dC_Vac_d,85,85,85,85
Second_92,75,92,ReRZV_1d,2024,0.31873773738955025,dC_All_d,69.01832012461071,68.98349098758104,65.12505193704759,72.89119122062836
Second_92,75,92,ReRZV_1d,2024,0.31873773738955025,dN_VacZVL,0,0,0,0
Second_92,75,92,ReRZV_1d,2024,0.31873773738955025,dN_VacRZV,1,1,1,1
Second_92,75,92,ReRZV_1d,2024,0.31873773738955025,dN_VacZVL_d,0,0,0,0
Second_92,75,92,ReRZV_1d,2024,0.31873773738955025,dN_VacRZV_d,1,1,1,1
Second_92,75,92,ReRZV_1d,2024,0.31873773738955025,ICER,17296.23013161701,17005.039687126096,13373.657276502707,23067.51135263524
Second_92,75,92,ReRZV_1d,2024,0.31873773738955025,Price0,85,85,85,85
Second_92,75,92,ReRZV_1d,2024,0.31873773738955025,Thres20,97.11440258715275,97.09727197660806,75.5383559919359,118.02472254672185
Second_92,75,92,ReRZV_1d,2024,0.31873773738955025,Thres30,137.6807639430345,137.69572211213887,106.38514858012144,167.97282569900128
Second_92,75,92,ReRZV_1d,2024,0.31873773738955025,Thres20_50,NA,97.09727197660806,NA,NA
Second_92,75,92,ReRZV_1d,2024,0.31873773738955025,Thres30_90,NA,118.08780957272873,NA,NA
Second_92,75,92,ReRZV_1d,2024,0.31873773738955025,Thres,NA,97.09727197660806,NA,NA
Second_92,75,92,ReRZV_2d,2024,0.31873773738955025,N0,0.31873773738955025,0.31873773738955025,0.31873773738955025,0.31873773738955025
Second_92,75,92,ReRZV_2d,2024,0.31873773738955025,dYear_Life,2.3514826509545602e-4,2.3441584281943043e-4,1.8814865444765684e-4,2.8586589903095184e-4
Second_92,75,92,ReRZV_2d,2024,0.31873773738955025,dYear_Immunised,2.925785835812473,2.94419835463195,2.557551827047071,3.1704833033654207
Second_92,75,92,ReRZV_2d,2024,0.31873773738955025,dRisk_HZ,-0.09683289806386365,-0.09732846589752356,-0.1060754514805731,-0.08479998306598881
Second_92,75,92,ReRZV_2d,2024,0.31873773738955025,dRisk_Hosp,-0.010586315127165704,-0.010547107655013883,-0.013535876148650566,-0.008007347007565573
Second_92,75,92,ReRZV_2d,2024,0.31873773738955025,dRisk_PHN,-0.007921628194114879,-0.007862557637130771,-0.010354025171996977,-0.005727807600970941
Second_92,75,92,ReRZV_2d,2024,0.31873773738955025,dRisk_Death,-2.866752504567891e-4,-2.8571601581518265e-4,-3.475631121796891e-4,-2.3060507508172569e-4
Second_92,75,92,ReRZV_2d,2024,0.31873773738955025,dQ_Life,1.4786628815222416e-4,1.4739747687498038e-4,1.1835134737497439e-4,1.7985040357520256e-4
Second_92,75,92,ReRZV_2d,2024,0.31873773738955025,dQ_HZ,0.004216848055908831,0.004200133247216626,0.0033429696958232704,0.005141793121587506
Second_92,75,92,ReRZV_2d,2024,0.31873773738955025,dQ_HZ_Norm,0.0011301532881561997,0.0011271886402517274,8.984579104731502e-4,0.0013816670519380754
Second_92,75,92,ReRZV_2d,2024,0.31873773738955025,dQ_All,0.004350487889920082,0.004336697375643874,0.0034765658929688144,0.005276981625763081
Second_92,75,92,ReRZV_2d,2024,0.31873773738955025,dQ_HZ_d,0.0040833770610265085,0.004068513250632891,0.0032398169255436326,0.004977819947298284
Second_92,75,92,ReRZV_2d,2024,0.31873773738955025,dQ_HZ_Norm_d,0.001094925733859327,0.0010919148915072463,8.70673985695861e-4,0.0013378244309281233
Second_92,75,92,ReRZV_2d,2024,0.31873773738955025,dQ_Life_d,1.3794580350996152e-4,1.3754588598789528e-4,1.1048600034467356e-4,1.6781575080167252e-4
Second_92,75,92,ReRZV_2d,2024,0.31873773738955025,dQ_All_d,0.0042213228645364715,0.004207924084694021,0.0033727002745032207,0.0051172108125561964
Second_92,75,92,ReRZV_2d,2024,0.31873773738955025,dC_Hosp,-13.458712720956177,-13.438254958123046,-17.22994762484641,-10.001474867186543
Second_92,75,92,ReRZV_2d,2024,0.31873773738955025,dC_GP_NonPHN,-2.6589444050753728,-2.669365260378351,-2.9426171066309057,-2.315987072201202
Second_92,75,92,ReRZV_2d,2024,0.31873773738955025,dC_GP_PHN,-1.0683106224337298,-1.0607474552856504,-1.4117824659082976,-0.7666516833685301
Second_92,75,92,ReRZV_2d,2024,0.31873773738955025,dC_GP,-3.7272550275091025,-3.7403808814589246,-4.203041404847363,-3.2083482201109716
Second_92,75,92,ReRZV_2d,2024,0.31873773738955025,dC_Med,-17.18596774846528,-17.17781925409421,-21.002861377894344,-13.558711223520122
Second_92,75,92,ReRZV_2d,2024,0.31873773738955025,dC_VacZVL,0,0,0,0
Second_92,75,92,ReRZV_2d,2024,0.31873773738955025,dC_VacRZV,170,170,170,170
Second_92,75,92,ReRZV_2d,2024,0.31873773738955025,dC_Vac,170,170,170,170
Second_92,75,92,ReRZV_2d,2024,0.31873773738955025,dC_All,152.8140322515347,152.8221807459058,148.99713862210564,156.4412887764799
Second_92,75,92,ReRZV_2d,2024,0.31873773738955025,dC_Hosp_d,-13.017309906768242,-12.995237977612977,-16.7223405625813,-9.662236587248824
Second_92,75,92,ReRZV_2d,2024,0.31873773738955025,dC_GP_NonPHN_d,-2.5765949563775057,-2.5869192693185727,-2.852191176355779,-2.2440276940883503
Second_92,75,92,ReRZV_2d,2024,0.31873773738955025,dC_GP_PHN_d,-1.0362132174251946,-1.028192222861628,-1.3687631221763,-0.7429723989925964
Second_92,75,92,ReRZV_2d,2024,0.31873773738955025,dC_GP_d,-3.6128081738027005,-3.6242051601017744,-4.073402134157234,-3.109146511189547
Second_92,75,92,ReRZV_2d,2024,0.31873773738955025,dC_Med_d,-16.63011808057094,-16.62231926805289,-20.317035552478362,-13.107404112258044
Second_92,75,92,ReRZV_2d,2024,0.31873773738955025,dC_VacZVL_d,0,0,0,0
Second_92,75,92,ReRZV_2d,2024,0.31873773738955025,dC_VacRZV_d,170,170,170,170
Second_92,75,92,ReRZV_2d,2024,0.31873773738955025,dC_Vac_d,170,170,170,170
Second_92,75,92,ReRZV_2d,2024,0.31873773738955025,dC_All_d,153.36988191942905,153.3776807319471,149.68296444752167,156.89259588774198
Second_92,75,92,ReRZV_2d,2024,0.31873773738955025,dN_VacZVL,0,0,0,0
Second_92,75,92,ReRZV_2d,2024,0.31873773738955025,dN_VacRZV,2,2,2,2
Second_92,75,92,ReRZV_2d,2024,0.31873773738955025,dN_VacZVL_d,0,0,0,0
Second_92,75,92,ReRZV_2d,2024,0.31873773738955025,dN_VacRZV_d,2,2,2,2
Second_92,75,92,ReRZV_2d,2024,0.31873773738955025,ICER,36754.223420374525,36366.06614300462,29754.38808527108,45550.186600230256
Second_92,75,92,ReRZV_2d,2024,0.31873773738955025,Price0,85,85,85,85
Second_92,75,92,ReRZV_2d,2024,0.31873773738955025,Thres20,50.52828768565019,50.47601477300049,41.62709029268363,60.08054913935504
Second_92,75,92,ReRZV_2d,2024,0.31873773738955025,Thres30,71.63490200833255,71.54095658931604,58.54349373761984,85.63909099473376
Second_92,75,92,ReRZV_2d,2024,0.31873773738955025,Thres20_50,NA,50.47601477300049,NA,NA
Second_92,75,92,ReRZV_2d,2024,0.31873773738955025,Thres30_90,NA,62.724017660679486,NA,NA
Second_92,75,92,ReRZV_2d,2024,0.31873773738955025,Thres,NA,50.47601477300049,NA,NA
Second_93,70,93,ReRZV_1d,2024,0.2448841509154721,N0,0.2448841509154721,0.2448841509154721,0.2448841509154721,0.2448841509154721
Second_93,70,93,ReRZV_1d,2024,0.2448841509154721,dYear_Life,1.9359654962093726e-4,1.936035449293061e-4,1.4904371966377875e-4,2.3809483589923807e-4
Second_93,70,93,ReRZV_1d,2024,0.2448841509154721,dYear_Immunised,2.6352855808945392,2.6713301674088736,2.144812672924705,2.8975086477307523
Second_93,70,93,ReRZV_1d,2024,0.2448841509154721,dRisk_HZ,-0.1148739436567491,-0.11617907250051376,-0.12787329653759877,-0.09389027722411727
Second_93,70,93,ReRZV_1d,2024,0.2448841509154721,dRisk_Hosp,-0.012801109720145844,-0.012725795741517434,-0.016707968324185883,-0.009464255555051595
Second_93,70,93,ReRZV_1d,2024,0.2448841509154721,dRisk_PHN,-0.00929094469887745,-0.009171263531954748,-0.012652048247127623,-0.00636049572482388
Second_93,70,93,ReRZV_1d,2024,0.2448841509154721,dRisk_Death,-3.430260980149261e-4,-3.427289853305145e-4,-4.222291385752369e-4,-2.6510174138885705e-4
Second_93,70,93,ReRZV_1d,2024,0.2448841509154721,dQ_Life,1.1973194583803659e-4,1.1975419881515075e-4,9.210619600030301e-5,1.472129372033202e-4
Second_93,70,93,ReRZV_1d,2024,0.2448841509154721,dQ_HZ,0.003770643585136073,0.0037688863444088074,0.002879009916026959,0.004665598393669216
Second_93,70,93,ReRZV_1d,2024,0.2448841509154721,dQ_HZ_Norm,0.00100382004680672,0.001000466006191619,7.730806760648683e-4,0.001241701997008579
Second_93,70,93,ReRZV_1d,2024,0.2448841509154721,dQ_All,0.0038755990310990877,0.0038737776407881917,0.0029661348827580915,0.004770497515061155
Second_93,70,93,ReRZV_1d,2024,0.2448841509154721,dQ_HZ_d,0.003665541384093043,0.003663240581963816,0.002800267573844742,0.004537815037263783
Second_93,70,93,ReRZV_1d,2024,0.2448841509154721,dQ_HZ_Norm_d,9.762065907969548e-4,9.730052722250607e-4,7.514249407189169e-4,0.0012069179387588721
Second_93,70,93,ReRZV_1d,2024,0.2448841509154721,dQ_Life_d,1.1242570670590581e-4,1.1245853242476838e-4,8.649934850843748e-5,1.382207711049455e-4
Second_93,70,93,ReRZV_1d,2024,0.2448841509154721,dQ_All_d,0.0037779670907989427,0.003776002388276116,0.002890497492733457,0.0046465376319060284
Second_93,70,93,ReRZV_1d,2024,0.2448841509154721,dC_Hosp,-12.267361778693743,-12.169850680807272,-16.240486195332657,-8.890620351578395
Second_93,70,93,ReRZV_1d,2024,0.2448841509154721,dC_GP_NonPHN,-2.3550519093813373,-2.3779146881154136,-2.647987891635019,-1.9181299323803798
Second_93,70,93,ReRZV_1d,2024,0.2448841509154721,dC_GP_PHN,-0.9348503646639136,-0.9262900757288123,-1.2775139819553905,-0.635279853353599
Second_93,70,93,ReRZV_1d,2024,0.2448841509154721,dC_GP,-3.289902274045251,-3.3120444409918184,-3.7864374714889397,-2.652531005886007
Second_93,70,93,ReRZV_1d,2024,0.2448841509154721,dC_Med,-15.557264052738995,-15.480993042498708,-19.560210918122202,-11.8787441690768
Second_93,70,93,ReRZV_1d,2024,0.2448841509154721,dC_VacZVL,0,0,0,0
Second_93,70,93,ReRZV_1d,2024,0.2448841509154721,dC_VacRZV,85,85,85,85
Second_93,70,93,ReRZV_1d,2024,0.2448841509154721,dC_Vac,85,85,85,85
Second_93,70,93,ReRZV_1d,2024,0.2448841509154721,dC_All,69.442735947261,69.51900695750128,65.4397890818778,73.1212558309232
Second_93,70,93,ReRZV_1d,2024,0.2448841509154721,dC_Hosp_d,-11.916799903466234,-11.82761510813416,-15.797969198076109,-8.620610114094497
Second_93,70,93,ReRZV_1d,2024,0.2448841509154721,dC_GP_NonPHN_d,-2.2906325063651107,-2.3123527650257127,-2.577212707293038,-1.866194450386298
Second_93,70,93,ReRZV_1d,2024,0.2448841509154721,dC_GP_PHN_d,-0.9099803073545562,-0.901347932321527,-1.241569201507527,-0.61820262937232
Second_93,70,93,ReRZV_1d,2024,0.2448841509154721,dC_GP_d,-3.2006128137196668,-3.2238239100925843,-3.687579955185102,-2.5798432043978763
Second_93,70,93,ReRZV_1d,2024,0.2448841509154721,dC_Med_d,-15.117412717185902,-15.056793461333873,-19.07184617147425,-11.536140165779987
Second_93,70,93,ReRZV_1d,2024,0.2448841509154721,dC_VacZVL_d,0,0,0,0
Second_93,70,93,ReRZV_1d,2024,0.2448841509154721,dC_VacRZV_d,85,85,85,85
Second_93,70,93,ReRZV_1d,2024,0.2448841509154721,dC_Vac_d,85,85,85,85
Second_93,70,93,ReRZV_1d,2024,0.2448841509154721,dC_All_d,69.8825872828141,69.94320653866612,65.92815382852574,73.46385983422002
Second_93,70,93,ReRZV_1d,2024,0.2448841509154721,dN_VacZVL,0,0,0,0
Second_93,70,93,ReRZV_1d,2024,0.2448841509154721,dN_VacRZV,1,1,1,1
Second_93,70,93,ReRZV_1d,2024,0.2448841509154721,dN_VacZVL_d,0,0,0,0
Second_93,70,93,ReRZV_1d,2024,0.2448841509154721,dN_VacRZV_d,1,1,1,1
Second_93,70,93,ReRZV_1d,2024,0.2448841509154721,ICER,18788.207041051704,18484.074436056304,14704.650200360922,24682.181203599503
Second_93,70,93,ReRZV_1d,2024,0.2448841509154721,Price0,85,85,85,85
Second_93,70,93,ReRZV_1d,2024,0.2448841509154721,Thres20,90.67675453316475,90.67036524666463,71.32668974458547,109.62720771697748
Second_93,70,93,ReRZV_1d,2024,0.2448841509154721,Thres30,128.45642544115418,128.4339992124531,100.54637462991474,156.07387549069117
Second_93,70,93,ReRZV_1d,2024,0.2448841509154721,Thres20_50,NA,90.67036524666463,NA,NA
Second_93,70,93,ReRZV_1d,2024,0.2448841509154721,Thres30_90,NA,110.62782737695318,NA,NA
Second_93,70,93,ReRZV_1d,2024,0.2448841509154721,Thres,NA,90.67036524666463,NA,NA
Second_93,70,93,ReRZV_2d,2024,0.2448841509154721,N0,0.2448841509154721,0.2448841509154721,0.2448841509154721,0.2448841509154721
Second_93,70,93,ReRZV_2d,2024,0.2448841509154721,dYear_Life,2.0119797909578266e-4,2.005939210595798e-4,1.6271856284777285e-4,2.438868657386622e-4
Second_93,70,93,ReRZV_2d,2024,0.2448841509154721,dYear_Immunised,2.7389073026501314,2.7564310165041315,2.4146210393164345,2.929758485157722
Second_93,70,93,ReRZV_2d,2024,0.2448841509154721,dRisk_HZ,-0.11938905949842793,-0.1199321050143041,-0.12981267674535502,-0.10564026968458616
Second_93,70,93,ReRZV_2d,2024,0.2448841509154721,dRisk_Hosp,-0.013304439377550067,-0.013188521469960787,-0.017212971075922137,-0.01005359805585686
Second_93,70,93,ReRZV_2d,2024,0.2448841509154721,dRisk_PHN,-0.009654270839472508,-0.009550155888039737,-0.012955267633793524,-0.006838702405540563
Second_93,70,93,ReRZV_2d,2024,0.2448841509154721,dRisk_Death,-3.564993960803364e-4,-3.5502336530483195e-4,-4.317274646583491e-4,-2.884702046473107e-4
Second_93,70,93,ReRZV_2d,2024,0.2448841509154721,dQ_Life,1.2443289413317454e-4,1.2410671755862007e-4,1.0057364839826679e-4,1.5079877376731016e-4
Second_93,70,93,ReRZV_2d,2024,0.2448841509154721,dQ_HZ,0.003918747096304809,0.0039040977616784647,0.0031522827782825835,0.004764267778897097
Second_93,70,93,ReRZV_2d,2024,0.2448841509154721,dQ_HZ_Norm,0.0010432465589167866,0.0010407215867853374,8.332725365135043e-4,0.001272004216167024
Second_93,70,93,ReRZV_2d,2024,0.2448841509154721,dQ_All,0.00402782295363287,0.0040144779606901175,0.003254899535851971,0.004887620318371598
Second_93,70,93,ReRZV_2d,2024,0.2448841509154721,dQ_HZ_d,0.0038095124995597284,0.0037950706951601224,0.003063014461277024,0.004632736756718422
Second_93,70,93,ReRZV_2d,2024,0.2448841509154721,dQ_HZ_Norm_d,0.0010145474443976148,0.0010119168403801425,8.104681692734848e-4,0.001237020678885758
Second_93,70,93,ReRZV_2d,2024,0.2448841509154721,dQ_Life_d,1.1683976631521202e-4,1.165587583995036e-4,9.440923564678339e-5,1.4158862971835545e-4
Second_93,70,93,ReRZV_2d,2024,0.2448841509154721,dQ_All_d,0.003926352265874944,0.003913221274101733,0.003172910191044733,0.00476188703802388
Second_93,70,93,ReRZV_2d,2024,0.2448841509154721,dC_Hosp,-12.749628562582568,-12.641037443399165,-16.616069392093834,-9.524050319004816
Second_93,70,93,ReRZV_2d,2024,0.2448841509154721,dC_GP_NonPHN,-2.44764897732955,-2.4572696780131613,-2.686265721394872,-2.1614019605550547
Second_93,70,93,ReRZV_2d,2024,0.2448841509154721,dC_GP_PHN,-0.9713892123503095,-0.961702458517318,-1.3061501469836694,-0.685587544561738
Second_93,70,93,ReRZV_2d,2024,0.2448841509154721,dC_GP,-3.4190381896798594,-3.4277587247219716,-3.855759357226424,-2.9679458038420754
Second_93,70,93,ReRZV_2d,2024,0.2448841509154721,dC_Med,-16.16866675226243,-16.07476184073127,-20.027883101295647,-12.782560316958428
Second_93,70,93,ReRZV_2d,2024,0.2448841509154721,dC_VacZVL,0,0,0,0
Second_93,70,93,ReRZV_2d,2024,0.2448841509154721,dC_VacRZV,170,170,170,170
Second_93,70,93,ReRZV_2d,2024,0.2448841509154721,dC_Vac,170,170,170,170
Second_93,70,93,ReRZV_2d,2024,0.2448841509154721,dC_All,153.83133324773758,153.9252381592687,149.97211689870437,157.21743968304156
Second_93,70,93,ReRZV_2d,2024,0.2448841509154721,dC_Hosp_d,-12.385297020649388,-12.27033706855519,-16.199661879722935,-9.253476045175235
Second_93,70,93,ReRZV_2d,2024,0.2448841509154721,dC_GP_NonPHN_d,-2.380693602669529,-2.3910544518528534,-2.612900665276452,-2.1018271439218226
Second_93,70,93,ReRZV_2d,2024,0.2448841509154721,dC_GP_PHN_d,-0.9455461308783637,-0.9358713349400181,-1.26902211220765,-0.6675611889744416
Second_93,70,93,ReRZV_2d,2024,0.2448841509154721,dC_GP_d,-3.326239733547893,-3.333892744982972,-3.7499525904078705,-2.887980571296117
Second_93,70,93,ReRZV_2d,2024,0.2448841509154721,dC_Med_d,-15.71153675419728,-15.618137706559232,-19.517626685374655,-12.429376909117378
Second_93,70,93,ReRZV_2d,2024,0.2448841509154721,dC_VacZVL_d,0,0,0,0
Second_93,70,93,ReRZV_2d,2024,0.2448841509154721,dC_VacRZV_d,170,170,170,170
Second_93,70,93,ReRZV_2d,2024,0.2448841509154721,dC_Vac_d,170,170,170,170
Second_93,70,93,ReRZV_2d,2024,0.2448841509154721,dC_All_d,154.28846324580272,154.38186229344075,150.48237331462536,157.5706230908826
Second_93,70,93,ReRZV_2d,2024,0.2448841509154721,dN_VacZVL,0,0,0,0
Second_93,70,93,ReRZV_2d,2024,0.2448841509154721,dN_VacRZV,2,2,2,2
Second_93,70,93,ReRZV_2d,2024,0.2448841509154721,dN_VacZVL_d,0,0,0,0
Second_93,70,93,ReRZV_2d,2024,0.2448841509154721,dN_VacRZV_d,2,2,2,2
Second_93,70,93,ReRZV_2d,2024,0.2448841509154721,ICER,39735.915579048466,39353.5609367372,32256.113063954916,48743.50278534476
Second_93,70,93,ReRZV_2d,2024,0.2448841509154721,Price0,85,85,85,85
Second_93,70,93,ReRZV_2d,2024,0.2448841509154721,Thres20,47.11929103584808,47.052997166063186,39.15886967717752,55.86030569855126
Second_93,70,93,ReRZV_2d,2024,0.2448841509154721,Thres30,66.75105236522279,66.62792806246676,55.21496300259177,79.53889133429259
Second_93,70,93,ReRZV_2d,2024,0.2448841509154721,Thres20_50,NA,47.052997166063186,NA,NA
Second_93,70,93,ReRZV_2d,2024,0.2448841509154721,Thres30_90,NA,58.81333333222787,NA,NA
Second_93,70,93,ReRZV_2d,2024,0.2448841509154721,Thres,NA,47.052997166063186,NA,NA
Second_93,75,93,ReRZV_1d,2024,0.2686966587680832,N0,0.2686966587680832,0.2686966587680832,0.2686966587680832,0.2686966587680832
Second_93,75,93,ReRZV_1d,2024,0.2686966587680832,dYear_Life,1.8853675302627317e-4,1.886094377144093e-4,1.4372501375148463e-4,2.3277976155093116e-4
Second_93,75,93,ReRZV_1d,2024,0.2686966587680832,dYear_Immunised,2.5700467640557516,2.606329997164225,2.0817674372398507,2.847607670642831
Second_93,75,93,ReRZV_1d,2024,0.2686966587680832,dRisk_HZ,-0.10209029268579084,-0.10324833129550437,-0.11442853320223918,-0.08300882550640314
Second_93,75,93,ReRZV_1d,2024,0.2686966587680832,dRisk_Hosp,-0.011377954577711073,-0.01132162555598359,-0.014863489488532434,-0.008352673258860301
Second_93,75,93,ReRZV_1d,2024,0.2686966587680832,dRisk_PHN,-0.008255893687926863,-0.008131875596160087,-0.01134293171584858,-0.005609011066438827
Second_93,75,93,ReRZV_1d,2024,0.2686966587680832,dRisk_Death,-3.048854055068855e-4,-3.0479665268185325e-4,-3.7704076004906756e-4,-2.3386520431869403e-4
Second_93,75,93,ReRZV_1d,2024,0.2686966587680832,dQ_Life,1.1657295356101968e-4,1.1658227089906469e-4,8.874082851267187e-5,1.4394829079862235e-4
Second_93,75,93,ReRZV_1d,2024,0.2686966587680832,dQ_HZ,0.003676089912819667,0.003676444842336358,0.002787446157717511,0.004562001924612394
Second_93,75,93,ReRZV_1d,2024,0.2686966587680832,dQ_HZ_Norm,9.785759537669085e-4,9.760666171568113e-4,7.46901608580812e-4,0.001212195171682514
Second_93,75,93,ReRZV_1d,2024,0.2686966587680832,dQ_All,0.0037782250709981844,0.003779666844922534,0.0028770268766016706,0.004670120726895764
Second_93,75,93,ReRZV_1d,2024,0.2686966587680832,dQ_HZ_d,0.0035731853063927,0.0035725317905399654,0.002709408709711522,0.004433884506539573
Second_93,75,93,ReRZV_1d,2024,0.2686966587680832,dQ_HZ_Norm_d,9.51541236952675e-4,9.486979609688946e-4,7.258522965271431e-4,0.001178426183699559
Second_93,75,93,ReRZV_1d,2024,0.2686966587680832,dQ_Life_d,1.0945289285109912e-4,1.0945664413105938e-4,8.329490369228782e-5,1.3516059145232928e-4
Second_93,75,93,ReRZV_1d,2024,0.2686966587680832,dQ_All_d,0.0036826381992438014,0.0036829147355951462,0.0028054235129591973,0.004551662077122264
Second_93,75,93,ReRZV_1d,2024,0.2686966587680832,dC_Hosp,-11.961221965355737,-11.865136374529209,-15.842350193655726,-8.582651576128088
Second_93,75,93,ReRZV_1d,2024,0.2686966587680832,dC_GP_NonPHN,-2.2957826918748565,-2.3184150194763697,-2.595418460392019,-1.860206003369531
Second_93,75,93,ReRZV_1d,2024,0.2686966587680832,dC_GP_PHN,-0.9112117430694485,-0.902338107934519,-1.2522003546170593,-0.6168336653760913
Second_93,75,93,ReRZV_1d,2024,0.2686966587680832,dC_GP,-3.2069944349443054,-3.232868110842017,-3.7110058018274117,-2.5637722112779087
Second_93,75,93,ReRZV_1d,2024,0.2686966587680832,dC_Med,-15.168216400300041,-15.112951169434226,-19.171666020677165,-11.50072794824036
Second_93,75,93,ReRZV_1d,2024,0.2686966587680832,dC_VacZVL,0,0,0,0
Second_93,75,93,ReRZV_1d,2024,0.2686966587680832,dC_VacRZV,85,85,85,85
Second_93,75,93,ReRZV_1d,2024,0.2686966587680832,dC_Vac,85,85,85,85
Second_93,75,93,ReRZV_1d,2024,0.2686966587680832,dC_All,69.83178359969996,69.88704883056579,65.82833397932284,73.49927205175963
Second_93,75,93,ReRZV_1d,2024,0.2686966587680832,dC_Hosp_d,-11.61796931273268,-11.52756535628531,-15.434018418666051,-8.323000531650864
Second_93,75,93,ReRZV_1d,2024,0.2686966587680832,dC_GP_NonPHN_d,-2.2327140500471945,-2.2542346556789745,-2.5230400430187663,-1.8089043954212538
Second_93,75,93,ReRZV_1d,2024,0.2686966587680832,dC_GP_PHN_d,-0.8868652076618642,-0.8785323703340886,-1.2171103688100549,-0.600713220372746
Second_93,75,93,ReRZV_1d,2024,0.2686966587680832,dC_GP_d,-3.119579257709059,-3.1442106790383777,-3.6119398515442187,-2.490533695720979
Second_93,75,93,ReRZV_1d,2024,0.2686966587680832,dC_Med_d,-14.737548570441739,-14.687037316000938,-18.649279904357506,-11.153231960580017
Second_93,75,93,ReRZV_1d,2024,0.2686966587680832,dC_VacZVL_d,0,0,0,0
Second_93,75,93,ReRZV_1d,2024,0.2686966587680832,dC_VacRZV_d,85,85,85,85
Second_93,75,93,ReRZV_1d,2024,0.2686966587680832,dC_Vac_d,85,85,85,85
Second_93,75,93,ReRZV_1d,2024,0.2686966587680832,dC_All_d,70.26245142955827,70.31296268399906,66.35072009564249,73.84676803941997
Second_93,75,93,ReRZV_1d,2024,0.2686966587680832,dN_VacZVL,0,0,0,0
Second_93,75,93,ReRZV_1d,2024,0.2686966587680832,dN_VacRZV,1,1,1,1
Second_93,75,93,ReRZV_1d,2024,0.2686966587680832,dN_VacZVL_d,0,0,0,0
Second_93,75,93,ReRZV_1d,2024,0.2686966587680832,dN_VacRZV_d,1,1,1,1
Second_93,75,93,ReRZV_1d,2024,0.2686966587680832,ICER,19394.758426203894,19035.409623862586,15095.474112603533,25555.928192081104
Second_93,75,93,ReRZV_1d,2024,0.2686966587680832,Price0,85,85,85,85
Second_93,75,93,ReRZV_1d,2024,0.2686966587680832,Thres20,88.39031255531776,88.5917187340078,68.8623705655577,107.11222057392801
Second_93,75,93,ReRZV_1d,2024,0.2686966587680832,Thres30,125.21669454775578,125.28687052971173,97.47743946897741,152.76183342297773
Second_93,75,93,ReRZV_1d,2024,0.2686966587680832,Thres20_50,NA,88.5917187340078,NA,NA
Second_93,75,93,ReRZV_1d,2024,0.2686966587680832,Thres30_90,NA,107.4524942585264,NA,NA
Second_93,75,93,ReRZV_1d,2024,0.2686966587680832,Thres,NA,88.5917187340078,NA,NA
Second_93,75,93,ReRZV_2d,2024,0.2686966587680832,N0,0.2686966587680832,0.2686966587680832,0.2686966587680832,0.2686966587680832
Second_93,75,93,ReRZV_2d,2024,0.2686966587680832,dYear_Life,1.961381898228071e-4,1.9549874093285988e-4,1.5745970743234072e-4,2.386475958332877e-4
Second_93,75,93,ReRZV_2d,2024,0.2686966587680832,dYear_Immunised,2.673668584815872,2.6906952464750535,2.3436837858367023,2.8885090889582896
Second_93,75,93,ReRZV_2d,2024,0.2686966587680832,dRisk_HZ,-0.10620526886289046,-0.10664464094143354,-0.11611709246432694,-0.09322589706944756
Second_93,75,93,ReRZV_2d,2024,0.2686966587680832,dRisk_Hosp,-0.011836678036497978,-0.011739040726461593,-0.015286181764165416,-0.008877912679096964
Second_93,75,93,ReRZV_2d,2024,0.2686966587680832,dRisk_PHN,-0.008587021054190801,-0.008497772430428128,-0.011561393054988111,-0.006087119918377531
Second_93,75,93,ReRZV_2d,2024,0.2686966587680832,dRisk_Death,-3.1716466878819734e-4,-3.158596933766189e-4,-3.847628897735597e-4,-2.549746365369536e-4
Second_93,75,93,ReRZV_2d,2024,0.2686966587680832,dQ_Life,1.2127390638411855e-4,1.209190708993825e-4,9.73278705302627e-5,1.4751934309755434e-4
Second_93,75,93,ReRZV_2d,2024,0.2686966587680832,dQ_HZ,0.0038241935656132364,0.0038128240056144068,0.003051520440301525,0.004667107475856697
Second_93,75,93,ReRZV_2d,2024,0.2686966587680832,dQ_HZ_Norm,0.0010180025035293363,0.0010144239520859513,8.098638506088241e-4,0.0012446932982620484
Second_93,75,93,ReRZV_2d,2024,0.2686966587680832,dQ_All,0.0039304491391256,0.003918563996797471,0.003151528779606582,0.004776138783822899
Second_93,75,93,ReRZV_2d,2024,0.2686966587680832,dQ_HZ_d,0.003717156559533433,0.0037052356403192467,0.002968171982504828,0.0045362490193353935
Second_93,75,93,ReRZV_2d,2024,0.2686966587680832,dQ_HZ_Norm_d,9.898821271691813e-4,9.864319459983485e-4,7.88293622484046e-4,0.0012096142737455938
Second_93,75,93,ReRZV_2d,2024,0.2686966587680832,dQ_Life_d,1.1386695671204144e-4,1.1352914270668812e-4,9.140616548595733e-5,1.3849573737092127e-4
Second_93,75,93,ReRZV_2d,2024,0.2686966587680832,dQ_All_d,0.0038310235162454746,0.0038187441419605473,0.00307584075556593,0.004653264225898381
Second_93,75,93,ReRZV_2d,2024,0.2686966587680832,dC_Hosp,-12.44348920986941,-12.341407557779311,-16.235408751314015,-9.228633344492382
Second_93,75,93,ReRZV_2d,2024,0.2686966587680832,dC_GP_NonPHN,-2.3883798483036673,-2.399570034454875,-2.636489414713812,-2.0850560158537137
Second_93,75,93,ReRZV_2d,2024,0.2686966587680832,dC_GP_PHN,-0.947750625695646,-0.9367793578205637,-1.2785885291409926,-0.6659253175637789
Second_93,75,93,ReRZV_2d,2024,0.2686966587680832,dC_GP,-3.3361304739993134,-3.342668628308446,-3.776140570427208,-2.8787242805420687
Second_93,75,93,ReRZV_2d,2024,0.2686966587680832,dC_Med,-15.779619683868725,-15.702622793005364,-19.634892010247167,-12.399856943546734
Second_93,75,93,ReRZV_2d,2024,0.2686966587680832,dC_VacZVL,0,0,0,0
Second_93,75,93,ReRZV_2d,2024,0.2686966587680832,dC_VacRZV,170,170,170,170
Second_93,75,93,ReRZV_2d,2024,0.2686966587680832,dC_Vac,170,170,170,170
Second_93,75,93,ReRZV_2d,2024,0.2686966587680832,dC_All,154.22038031613127,154.29737720699464,150.36510798975286,157.60014305645328
Second_93,75,93,ReRZV_2d,2024,0.2686966587680832,dC_Hosp_d,-12.086466877398296,-11.966061583787054,-15.824712527109877,-8.939866630921337
Second_93,75,93,ReRZV_2d,2024,0.2686966587680832,dC_GP_NonPHN_d,-2.32277523240939,-2.3333787166877755,-2.5640281981667403,-2.0264609223505627
Second_93,75,93,ReRZV_2d,2024,0.2686966587680832,dC_GP_PHN_d,-0.9224310651956079,-0.9115725974667259,-1.242842804529042,-0.6491512275581551
Second_93,75,93,ReRZV_2d,2024,0.2686966587680832,dC_GP_d,-3.2452062976049976,-3.251221295903664,-3.6727872801918275,-2.8003505595696527
Second_93,75,93,ReRZV_2d,2024,0.2686966587680832,dC_Med_d,-15.331673175003294,-15.251064725418754,-19.109226892800283,-12.026769142435352
Second_93,75,93,ReRZV_2d,2024,0.2686966587680832,dC_VacZVL_d,0,0,0,0
Second_93,75,93,ReRZV_2d,2024,0.2686966587680832,dC_VacRZV_d,170,170,170,170
Second_93,75,93,ReRZV_2d,2024,0.2686966587680832,dC_Vac_d,170,170,170,170
Second_93,75,93,ReRZV_2d,2024,0.2686966587680832,dC_All_d,154.6683268249967,154.74893527458124,150.89077310719975,157.97323085756463
Second_93,75,93,ReRZV_2d,2024,0.2686966587680832,dN_VacZVL,0,0,0,0
Second_93,75,93,ReRZV_2d,2024,0.2686966587680832,dN_VacRZV,2,2,2,2
Second_93,75,93,ReRZV_2d,2024,0.2686966587680832,dN_VacZVL_d,0,0,0,0
Second_93,75,93,ReRZV_2d,2024,0.2686966587680832,dN_VacRZV_d,2,2,2,2
Second_93,75,93,ReRZV_2d,2024,0.2686966587680832,ICER,40844.37038239569,40448.98675317869,33098.548988569426,50382.82795481659
Second_93,75,93,ReRZV_2d,2024,0.2686966587680832,Price0,85,85,85,85
Second_93,75,93,ReRZV_2d,2024,0.2686966587680832,Thres20,45.97607174995639,45.932314737455286,37.93543035169165,54.68133110610725
Second_93,75,93,ReRZV_2d,2024,0.2686966587680832,Thres30,65.13118933118376,65.06541533522469,53.43924063901228,77.84611173155629
Second_93,75,93,ReRZV_2d,2024,0.2686966587680832,Thres20_50,NA,45.932314737455286,NA,NA
Second_93,75,93,ReRZV_2d,2024,0.2686966587680832,Thres30_90,NA,57.13465414658772,NA,NA
Second_93,75,93,ReRZV_2d,2024,0.2686966587680832,Thres,NA,45.932314737455286,NA,NA
Second_94,70,94,ReRZV_1d,2024,0.20227143474147455,N0,0.20227143474147455,0.20227143474147455,0.20227143474147455,0.20227143474147455
Second_94,70,94,ReRZV_1d,2024,0.20227143474147455,dYear_Life,1.5774459103885623e-4,1.577582239969394e-4,1.2121669919241086e-4,1.935405694861641e-4
Second_94,70,94,ReRZV_1d,2024,0.20227143474147455,dYear_Immunised,2.3852368930136443,2.420894949892422,1.9428450864261393,2.6188357250661243
Second_94,70,94,ReRZV_1d,2024,0.20227143474147455,dRisk_HZ,-0.12770422727159186,-0.12910425099651357,-0.14226497660494578,-0.10503666822158098
Second_94,70,94,ReRZV_1d,2024,0.20227143474147455,dRisk_Hosp,-0.014448127450451183,-0.01433467566559783,-0.019057840749597495,-0.010372808242925052
Second_94,70,94,ReRZV_1d,2024,0.20227143474147455,dRisk_PHN,-0.010193481639458046,-0.010026780774074874,-0.014131800863500622,-0.0067647991189350885
Second_94,70,94,ReRZV_1d,2024,0.20227143474147455,dRisk_Death,-3.8439070186142876e-4,-3.8434590240360114e-4,-4.730286312040329e-4,-2.9733817537803747e-4
Second_94,70,94,ReRZV_1d,2024,0.20227143474147455,dQ_Life,9.543673865295288e-5,9.542390383452957e-5,7.339490078981796e-5,1.1705675875569411e-4
Second_94,70,94,ReRZV_1d,2024,0.20227143474147455,dQ_HZ,0.0033772671241535366,0.0033798768706910895,0.0025798930797516694,0.004166166748034903
Second_94,70,94,ReRZV_1d,2024,0.20227143474147455,dQ_HZ_Norm,8.934664081076033e-4,8.911939534434995e-4,6.764362014892128e-4,0.0011048762443697515
Second_94,70,94,ReRZV_1d,2024,0.20227143474147455,dQ_All,0.003457191116291731,0.003465265823012916,0.0026475107847122987,0.004250124432136733
Second_94,70,94,ReRZV_1d,2024,0.20227143474147455,dQ_HZ_d,0.0032958488805021648,0.003299966814232599,0.0025168601621326095,0.004062704396567279
Second_94,70,94,ReRZV_1d,2024,0.20227143474147455,dQ_HZ_Norm_d,8.721681803057172e-4,8.699173024931493e-4,6.610501148087579e-4,0.0010776584623317185
Second_94,70,94,ReRZV_1d,2024,0.20227143474147455,dQ_Life_d,9.021035235911764e-5,9.019099705640264e-5,6.936589711256182e-5,1.1064101999117877e-4
Second_94,70,94,ReRZV_1d,2024,0.20227143474147455,dQ_All_d,0.003386059232861282,0.003393053678944614,0.0025926082931991435,0.004164448125318544
Second_94,70,94,ReRZV_1d,2024,0.20227143474147455,dC_Hosp,-11.155642236542109,-11.070465415209073,-14.840096394653138,-7.849567113732934
Second_94,70,94,ReRZV_1d,2024,0.20227143474147455,dC_GP_NonPHN,-2.090574422677475,-2.10980255941565,-2.35651102441885,-1.7062141495146657
Second_94,70,94,ReRZV_1d,2024,0.20227143474147455,dC_GP_PHN,-0.8183839602893115,-0.8088224609273091,-1.1309186215926565,-0.5450237658442313
Second_94,70,94,ReRZV_1d,2024,0.20227143474147455,dC_GP,-2.9089583829667864,-2.927244794428751,-3.356935308925487,-2.332346286642982
Second_94,70,94,ReRZV_1d,2024,0.20227143474147455,dC_Med,-14.064600619508896,-14.016926319193065,-17.877072564770117,-10.527400032229078
Second_94,70,94,ReRZV_1d,2024,0.20227143474147455,dC_VacZVL,0,0,0,0
Second_94,70,94,ReRZV_1d,2024,0.20227143474147455,dC_VacRZV,85,85,84.99999999999999,85.00000000000001
Second_94,70,94,ReRZV_1d,2024,0.20227143474147455,dC_Vac,85,85,84.99999999999999,85.00000000000001
Second_94,70,94,ReRZV_1d,2024,0.20227143474147455,dC_All,70.9353993804911,70.98307368080694,67.1229274352299,74.47259996777093
Second_94,70,94,ReRZV_1d,2024,0.20227143474147455,dC_Hosp_d,-10.882448745393209,-10.798968778878042,-14.481116392152762,-7.627606245491335
Second_94,70,94,ReRZV_1d,2024,0.20227143474147455,dC_GP_NonPHN_d,-2.0409818079687128,-2.0602569397476804,-2.2997526571797646,-1.6647183097473863
Second_94,70,94,ReRZV_1d,2024,0.20227143474147455,dC_GP_PHN_d,-0.7994064803255159,-0.7907066594788037,-1.1034360600081563,-0.5336725394243542
Second_94,70,94,ReRZV_1d,2024,0.20227143474147455,dC_GP_d,-2.840388288294229,-2.858007543404395,-3.2780572531318395,-2.276383990510822
Second_94,70,94,ReRZV_1d,2024,0.20227143474147455,dC_Med_d,-13.722837033687437,-13.676137729952675,-17.43765115942502,-10.271835848830419
Second_94,70,94,ReRZV_1d,2024,0.20227143474147455,dC_VacZVL_d,0,0,0,0
Second_94,70,94,ReRZV_1d,2024,0.20227143474147455,dC_VacRZV_d,85,85,84.99999999999999,85.00000000000001
Second_94,70,94,ReRZV_1d,2024,0.20227143474147455,dC_Vac_d,85,85,84.99999999999999,85.00000000000001
Second_94,70,94,ReRZV_1d,2024,0.20227143474147455,dC_All_d,71.27716296631256,71.32386227004733,67.56234884057498,74.72816415116958
Second_94,70,94,ReRZV_1d,2024,0.20227143474147455,dN_VacZVL,0,0,0,0
Second_94,70,94,ReRZV_1d,2024,0.20227143474147455,dN_VacRZV,1,1,1,1
Second_94,70,94,ReRZV_1d,2024,0.20227143474147455,dN_VacZVL_d,0,0,0,0
Second_94,70,94,ReRZV_1d,2024,0.20227143474147455,dN_VacRZV_d,1,1,1,1
Second_94,70,94,ReRZV_1d,2024,0.20227143474147455,ICER,21383.993442557225,21005.599393164324,16771.342184154215,28094.473166950615
Second_94,70,94,ReRZV_1d,2024,0.20227143474147455,Price0,85,85,84.99999999999999,85.00000000000001
Second_94,70,94,ReRZV_1d,2024,0.20227143474147455,Thres20,81.44402169091308,81.54461262892241,64.05430200682706,98.41940927592756
Second_94,70,94,ReRZV_1d,2024,0.20227143474147455,Thres30,115.3046140195259,115.5246314392935,89.95445168819103,140.1325432496421
Second_94,70,94,ReRZV_1d,2024,0.20227143474147455,Thres20_50,NA,81.54461262892241,NA,NA
Second_94,70,94,ReRZV_1d,2024,0.20227143474147455,Thres30_90,NA,99.04881088023512,NA,NA
Second_94,70,94,ReRZV_1d,2024,0.20227143474147455,Thres,NA,81.54461262892241,NA,NA
Second_94,70,94,ReRZV_2d,2024,0.20227143474147455,N0,0.20227143474147455,0.20227143474147455,0.20227143474147455,0.20227143474147455
Second_94,70,94,ReRZV_2d,2024,0.20227143474147455,dYear_Life,1.6391233126516244e-4,1.635031008356288e-4,1.323522432738299e-4,1.9846800379838358e-4
Second_94,70,94,ReRZV_2d,2024,0.20227143474147455,dYear_Immunised,2.478645398462809,2.4946994346509563,2.1883965513226853,2.645616165352775
Second_94,70,94,ReRZV_2d,2024,0.20227143474147455,dRisk_HZ,-0.13270477429251212,-0.13344422243649035,-0.14444413339133563,-0.11754481516467997
Second_94,70,94,ReRZV_2d,2024,0.20227143474147455,dRisk_Hosp,-0.015012645597542213,-0.014905316841552376,-0.019499916096032077,-0.011099275669652266
Second_94,70,94,ReRZV_2d,2024,0.20227143474147455,dRisk_PHN,-0.010590275200148833,-0.010424418998300669,-0.014474979560425443,-0.0072847274915220795
Second_94,70,94,ReRZV_2d,2024,0.20227143474147455,dRisk_Death,-3.994273629945383e-4,-3.982086536121047e-4,-4.8412695555026156e-4,-3.230638907805285e-4
Second_94,70,94,ReRZV_2d,2024,0.20227143474147455,dQ_Life,9.916797241947492e-5,9.893927165790484e-5,7.996559464138971e-5,1.2006170721815496e-4
Second_94,70,94,ReRZV_2d,2024,0.20227143474147455,dQ_HZ,0.003509414482214971,0.003496684659405832,0.002801835359119201,0.004283780225272178
Second_94,70,94,ReRZV_2d,2024,0.20227143474147455,dQ_HZ_Norm,9.284256481484546e-4,9.259186863885215e-4,7.36927311142178e-4,0.0011335045120028314
Second_94,70,94,ReRZV_2d,2024,0.20227143474147455,dQ_All,0.0035924627363044773,0.0035818265994666558,0.0028818811649130227,0.004366073776162141
Second_94,70,94,ReRZV_2d,2024,0.20227143474147455,dQ_HZ_d,0.003424807400246325,0.0034118381320928926,0.002733135333421169,0.004177701845458556
Second_94,70,94,ReRZV_2d,2024,0.20227143474147455,dQ_HZ_Norm_d,9.062932754905998e-4,9.04022496422028e-4,7.195802331962869e-4,0.0011064233929134705
Second_94,70,94,ReRZV_2d,2024,0.20227143474147455,dQ_Life_d,9.373721914725088e-5,9.35275946228176e-5,7.557079469854224e-5,1.134821594628655e-4
Second_94,70,94,ReRZV_2d,2024,0.20227143474147455,dQ_All_d,0.0035185446193935774,0.0035079164072150683,0.0028241326144083307,0.00427001744821445
Second_94,70,94,ReRZV_2d,2024,0.20227143474147455,dC_Hosp,-11.591347543779102,-11.524479742450813,-15.256149981101498,-8.48195092617637
Second_94,70,94,ReRZV_2d,2024,0.20227143474147455,dC_GP_NonPHN,-2.1724927671423595,-2.1816097458953596,-2.3895522469492807,-1.909042641757869
Second_94,70,94,ReRZV_2d,2024,0.20227143474147455,dC_GP_PHN,-0.8502352107606941,-0.843090254868543,-1.1611962956001285,-0.5802671352702753
Second_94,70,94,ReRZV_2d,2024,0.20227143474147455,dC_GP,-3.022727977903054,-3.028368055700864,-3.404416203666545,-2.6210163779797044
Second_94,70,94,ReRZV_2d,2024,0.20227143474147455,dC_Med,-14.614075521682157,-14.553482911261296,-18.289472873103204,-11.380219755322546
Second_94,70,94,ReRZV_2d,2024,0.20227143474147455,dC_VacZVL,0,0,0,0
Second_94,70,94,ReRZV_2d,2024,0.20227143474147455,dC_VacRZV,170,170,169.99999999999997,170.00000000000003
Second_94,70,94,ReRZV_2d,2024,0.20227143474147455,dC_Vac,170,170,169.99999999999997,170.00000000000003
Second_94,70,94,ReRZV_2d,2024,0.20227143474147455,dC_All,155.38592447831783,155.4465170887387,151.7105271268968,158.6197802446774
Second_94,70,94,ReRZV_2d,2024,0.20227143474147455,dC_Hosp_d,-11.307459420965653,-11.23358796976007,-14.881062452124747,-8.249279917003793
Second_94,70,94,ReRZV_2d,2024,0.20227143474147455,dC_GP_NonPHN_d,-2.1209555737616963,-2.1301839299671483,-2.3332902702465197,-1.8639036882798696
Second_94,70,94,ReRZV_2d,2024,0.20227143474147455,dC_GP_PHN_d,-0.8305178781682357,-0.8236540121851214,-1.1324320510646888,-0.5671102924464632
Second_94,70,94,ReRZV_2d,2024,0.20227143474147455,dC_GP_d,-2.951473451929932,-2.957828433171609,-3.3232566699827726,-2.5591438905466832
Second_94,70,94,ReRZV_2d,2024,0.20227143474147455,dC_Med_d,-14.258932872895585,-14.187826871603564,-17.870643079321567,-11.092623893450586
Second_94,70,94,ReRZV_2d,2024,0.20227143474147455,dC_VacZVL_d,0,0,0,0
Second_94,70,94,ReRZV_2d,2024,0.20227143474147455,dC_VacRZV_d,170,170,169.99999999999997,170.00000000000003
Second_94,70,94,ReRZV_2d,2024,0.20227143474147455,dC_Vac_d,170,170,169.99999999999997,170.00000000000003
Second_94,70,94,ReRZV_2d,2024,0.20227143474147455,dC_All_d,155.7410671271044,155.81217312839647,152.12935692067848,158.90737610654938
Second_94,70,94,ReRZV_2d,2024,0.20227143474147455,dN_VacZVL,0,0,0,0
Second_94,70,94,ReRZV_2d,2024,0.20227143474147455,dN_VacRZV,2,2,2,2
Second_94,70,94,ReRZV_2d,2024,0.20227143474147455,dN_VacZVL_d,0,0,0,0
Second_94,70,94,ReRZV_2d,2024,0.20227143474147455,dN_VacRZV_d,2,2,2,2
Second_94,70,94,ReRZV_2d,2024,0.20227143474147455,ICER,44768.79784945949,44302.33984475335,36301.92789698163,55342.40368890417
Second_94,70,94,ReRZV_2d,2024,0.20227143474147455,Price0,85,85,84.99999999999999,85.00000000000001
Second_94,70,94,ReRZV_2d,2024,0.20227143474147455,Thres20,42.31491263038357,42.248628079674546,35.03396024586427,50.20101261148449
Second_94,70,94,ReRZV_2d,2024,0.20227143474147455,Thres30,59.907635727351455,59.8258226378187,49.148034011638714,71.49157317674445
Second_94,70,94,ReRZV_2d,2024,0.20227143474147455,Thres20_50,NA,42.248628079674546,NA,NA
Second_94,70,94,ReRZV_2d,2024,0.20227143474147455,Thres30_90,NA,52.654079106266444,NA,NA
Second_94,70,94,ReRZV_2d,2024,0.20227143474147455,Thres,NA,42.248628079674546,NA,NA
Second_94,75,94,ReRZV_1d,2024,0.2219404979883499,N0,0.2219404979883499,0.2219404979883499,0.2219404979883499,0.2219404979883499
Second_94,75,94,ReRZV_1d,2024,0.2219404979883499,dYear_Life,1.5406176615045134e-4,1.541967725529626e-4,1.1757144375385092e-4,1.9006698444299768e-4
Second_94,75,94,ReRZV_1d,2024,0.2219404979883499,dYear_Immunised,2.33240789390058,2.3671169990727625,1.891208034260373,2.5745598077466174
Second_94,75,94,ReRZV_1d,2024,0.2219404979883499,dRisk_HZ,-0.11379961314529383,-0.11508100137741326,-0.12759249568721392,-0.0921707088398311
Second_94,75,94,ReRZV_1d,2024,0.2219404979883499,dRisk_Hosp,-0.012875874258475545,-0.012773440602683643,-0.016981657873166914,-0.009208366423452217
Second_94,75,94,ReRZV_1d,2024,0.2219404979883499,dRisk_PHN,-0.009082814179936413,-0.008925251110517573,-0.01266077754319937,-0.006039547399789729
Second_94,75,94,ReRZV_1d,2024,0.2219404979883499,dRisk_Death,-3.425637980977447e-4,-3.427250766244868e-4,-4.2268391180345075e-4,-2.626794914457008e-4
Second_94,75,94,ReRZV_1d,2024,0.2219404979883499,dQ_Life,9.318637512006832e-5,9.320946139976575e-5,7.103165915604541e-5,1.1500730889482507e-4
Second_94,75,94,ReRZV_1d,2024,0.2219404979883499,dQ_HZ,0.00330130441031377,0.003302525118920297,0.0025069246809079405,0.0040871718451774616
Second_94,75,94,ReRZV_1d,2024,0.2219404979883499,dQ_HZ_Norm,8.73325633700605e-4,8.71981682615749e-4,6.57092038877676e-4,0.0010816257899362014
Second_94,75,94,ReRZV_1d,2024,0.2219404979883499,dQ_All,0.003379305192082797,0.0033802595365288067,0.0025719942510634055,0.004166431285333311
Second_94,75,94,ReRZV_1d,2024,0.2219404979883499,dQ_HZ_d,0.0032214473387580426,0.003222894044678102,0.002446268058455593,0.003987418391026284
Second_94,75,94,ReRZV_1d,2024,0.2219404979883499,dQ_HZ_Norm_d,8.524365038033558e-4,8.510881260404863e-4,6.411785008748092e-4,0.0010564035982873247
Second_94,75,94,ReRZV_1d,2024,0.2219404979883499,dQ_Life_d,8.807978096081404e-5,8.808612776980453e-5,6.713377102418617e-5,1.0871108174598305e-4
Second_94,75,94,ReRZV_1d,2024,0.2219404979883499,dQ_All_d,0.0033095271197188603,0.0033116614604110648,0.002521533158132068,0.004080174939186868
Second_94,75,94,ReRZV_1d,2024,0.2219404979883499,dC_Hosp,-10.905492947006495,-10.83984428203451,-14.526502745320952,-7.6246052850023265
Second_94,75,94,ReRZV_1d,2024,0.2219404979883499,dC_GP_NonPHN,-2.043425152532281,-2.0627078026755803,-2.3157681658452054,-1.6530475017613828
Second_94,75,94,ReRZV_1d,2024,0.2219404979883499,dC_GP_PHN,-0.7998695238356036,-0.7895369740069313,-1.1097038138800306,-0.5319833048096329
Second_94,75,94,ReRZV_1d,2024,0.2219404979883499,dC_GP,-2.8432946763678846,-2.8628033805816253,-3.2988164790924746,-2.2645484328278873
Second_94,75,94,ReRZV_1d,2024,0.2219404979883499,dC_Med,-13.74878762337438,-13.721195938270746,-17.520503524961253,-10.277351072731715
Second_94,75,94,ReRZV_1d,2024,0.2219404979883499,dC_VacZVL,0,0,0,0
Second_94,75,94,ReRZV_1d,2024,0.2219404979883499,dC_VacRZV,85,85,84.99999999999999,85.00000000000001
Second_94,75,94,ReRZV_1d,2024,0.2219404979883499,dC_Vac,85,85,84.99999999999999,85.00000000000001
Second_94,75,94,ReRZV_1d,2024,0.2219404979883499,dC_All,71.25121237662562,71.27880406172926,67.47949647503874,74.7226489272683
Second_94,75,94,ReRZV_1d,2024,0.2219404979883499,dC_Hosp_d,-10.63752948401875,-10.572577965424482,-14.167125295023622,-7.414712940902796
Second_94,75,94,ReRZV_1d,2024,0.2219404979883499,dC_GP_NonPHN_d,-1.9947852420033714,-2.0132739777107576,-2.2617679871088385,-1.6140704745657422
Second_94,75,94,ReRZV_1d,2024,0.2219404979883499,dC_GP_PHN_d,-0.7812576804016518,-0.7710165240269509,-1.0825761915491279,-0.5203343810981766
Second_94,75,94,ReRZV_1d,2024,0.2219404979883499,dC_GP_d,-2.7760429224050234,-2.7954252819225127,-3.221347350016695,-2.208991218268316
Second_94,75,94,ReRZV_1d,2024,0.2219404979883499,dC_Med_d,-13.413572406423773,-13.371087594336375,-17.125781290152474,-10.014178443880283
Second_94,75,94,ReRZV_1d,2024,0.2219404979883499,dC_VacZVL_d,0,0,0,0
Second_94,75,94,ReRZV_1d,2024,0.2219404979883499,dC_VacRZV_d,85,85,84.99999999999999,85.00000000000001
Second_94,75,94,ReRZV_1d,2024,0.2219404979883499,dC_Vac_d,85,85,84.99999999999999,85.00000000000001
Second_94,75,94,ReRZV_1d,2024,0.2219404979883499,dC_All_d,71.58642759357623,71.62891240566363,67.87421870984753,74.98582155611973
Second_94,75,94,ReRZV_1d,2024,0.2219404979883499,dN_VacZVL,0,0,0,0
Second_94,75,94,ReRZV_1d,2024,0.2219404979883499,dN_VacRZV,1,1,1,1
Second_94,75,94,ReRZV_1d,2024,0.2219404979883499,dN_VacZVL_d,0,0,0,0
Second_94,75,94,ReRZV_1d,2024,0.2219404979883499,dN_VacRZV_d,1,1,1,1
Second_94,75,94,ReRZV_1d,2024,0.2219404979883499,ICER,21989.313262543634,21609.081074569214,17146.912545527324,29114.810015210533
Second_94,75,94,ReRZV_1d,2024,0.2219404979883499,Price0,85,85,84.99999999999999,85.00000000000001
Second_94,75,94,ReRZV_1d,2024,0.2219404979883499,Thres20,79.60411480080097,79.6666068560983,62.10140892916705,96.55078014705353
Second_94,75,94,ReRZV_1d,2024,0.2219404979883499,Thres30,112.69938599798958,112.77611666365365,87.26860968675908,137.18494063802123
Second_94,75,94,ReRZV_1d,2024,0.2219404979883499,Thres20_50,NA,79.6666068560983,NA,NA
Second_94,75,94,ReRZV_1d,2024,0.2219404979883499,Thres30_90,NA,96.55915621104833,NA,NA
Second_94,75,94,ReRZV_1d,2024,0.2219404979883499,Thres,NA,79.6666068560983,NA,NA
Second_94,75,94,ReRZV_2d,2024,0.2219404979883499,N0,0.2219404979883499,0.2219404979883499,0.2219404979883499,0.2219404979883499
Second_94,75,94,ReRZV_2d,2024,0.2219404979883499,dYear_Life,1.6022951170644695e-4,1.5983128963632085e-4,1.289192131860957e-4,1.9461380159664098e-4
Second_94,75,94,ReRZV_2d,2024,0.2219404979883499,dYear_Immunised,2.4258164794177657,2.4419694880143354,2.117282303463086,2.610758634774523
Second_94,75,94,ReRZV_2d,2024,0.2219404979883499,dRisk_HZ,-0.11835699615090806,-0.11903951435044494,-0.12976250317284097,-0.10412251920808561
Second_94,75,94,ReRZV_2d,2024,0.2219404979883499,dRisk_Hosp,-0.013390363056709565,-0.013291178505778893,-0.017374830383047678,-0.009826305407923867
Second_94,75,94,ReRZV_2d,2024,0.2219404979883499,dRisk_PHN,-0.009444442665034738,-0.009310548725461183,-0.012984856976557093,-0.006460168931754672
Second_94,75,94,ReRZV_2d,2024,0.2219404979883499,dRisk_Death,-3.562678624005822e-4,-3.549252738987935e-4,-4.326104890325999e-4,-2.868959196611544e-4
Second_94,75,94,ReRZV_2d,2024,0.2219404979883499,dQ_Life,9.691761211083254e-5,9.670086743305531e-5,7.79167104064505e-5,1.1778963724963848e-4
Second_94,75,94,ReRZV_2d,2024,0.2219404979883499,dQ_HZ,0.003433451881733088,0.0034244007292336945,0.0027184275440019245,0.0041947328509974085
Second_94,75,94,ReRZV_2d,2024,0.2219404979883499,dQ_HZ_Norm,9.08284903687516e-4,9.065014736254265e-4,7.182394026257952e-4,0.001114137018559904
Second_94,75,94,ReRZV_2d,2024,0.2219404979883499,dQ_All,0.003514576928153176,0.0035077277814169637,0.0027993699577372627,0.004274843444391063
Second_94,75,94,ReRZV_2d,2024,0.2219404979883499,dQ_HZ_d,0.003350405969124813,0.0033424808373639517,0.0026524660882856145,0.004091074857130482
Second_94,75,94,ReRZV_2d,2024,0.2219404979883499,dQ_HZ_Norm_d,8.865616282198618e-4,8.846388355086294e-4,7.012297723565777e-4,0.0010871720468141348
Second_94,75,94,ReRZV_2d,2024,0.2219404979883499,dQ_Life_d,9.160665079659435e-5,9.141086256590483e-5,7.364134321148013e-5,1.1134569979131842e-4
Second_94,75,94,ReRZV_2d,2024,0.2219404979883499,dQ_All_d,0.0034420126199214093,0.0034361179126384755,0.002744398513388208,0.004185759922549639
Second_94,75,94,ReRZV_2d,2024,0.2219404979883499,dC_Hosp,-11.341198627586692,-11.284957708676092,-15.009985059817678,-8.260398878864603
Second_94,75,94,ReRZV_2d,2024,0.2219404979883499,dC_GP_NonPHN,-2.1253435672111447,-2.13511456296908,-2.351265023013279,-1.8571305359498582
Second_94,75,94,ReRZV_2d,2024,0.2219404979883499,dC_GP_PHN,-0.8317208016153003,-0.8247844808576457,-1.1420494694976613,-0.5639261365678959
Second_94,75,94,ReRZV_2d,2024,0.2219404979883499,dC_GP,-2.9570643688264453,-2.96268645821442,-3.3484934567582996,-2.5524611096780627
Second_94,75,94,ReRZV_2d,2024,0.2219404979883499,dC_Med,-14.298262996413138,-14.24552105349486,-17.919304886526678,-11.073622531812422
Second_94,75,94,ReRZV_2d,2024,0.2219404979883499,dC_VacZVL,0,0,0,0
Second_94,75,94,ReRZV_2d,2024,0.2219404979883499,dC_VacRZV,170,170,169.99999999999997,170.00000000000003
Second_94,75,94,ReRZV_2d,2024,0.2219404979883499,dC_Vac,170,170,169.99999999999997,170.00000000000003
Second_94,75,94,ReRZV_2d,2024,0.2219404979883499,dC_All,155.70173700358686,155.75447894650517,152.08069511347333,158.9263774681876
Second_94,75,94,ReRZV_2d,2024,0.2219404979883499,dC_Hosp_d,-11.06254052378074,-10.994782171264912,-14.61326547778721,-8.028042602960426
Second_94,75,94,ReRZV_2d,2024,0.2219404979883499,dC_GP_NonPHN_d,-2.0747590763435912,-2.0840003317450853,-2.2967802981894954,-1.8136085741304138
Second_94,75,94,ReRZV_2d,2024,0.2219404979883499,dC_GP_PHN_d,-0.8123691049181422,-0.8065697431946308,-1.1154827966266465,-0.5510895345501187
Second_94,75,94,ReRZV_2d,2024,0.2219404979883499,dC_GP_d,-2.8871281812617333,-2.8925537160600934,-3.269739883297621,-2.491454153448791
Second_94,75,94,ReRZV_2d,2024,0.2219404979883499,dC_Med_d,-13.949668705042473,-13.893719067601712,-17.516764792167205,-10.800739140941582
Second_94,75,94,ReRZV_2d,2024,0.2219404979883499,dC_VacZVL_d,0,0,0,0
Second_94,75,94,ReRZV_2d,2024,0.2219404979883499,dC_VacRZV_d,170,170,169.99999999999997,170.00000000000003
Second_94,75,94,ReRZV_2d,2024,0.2219404979883499,dC_Vac_d,170,170,169.99999999999997,170.00000000000003
Second_94,75,94,ReRZV_2d,2024,0.2219404979883499,dC_All_d,156.05033129495752,156.1062809323983,152.48323520783282,159.19926085905843
Second_94,75,94,ReRZV_2d,2024,0.2219404979883499,dN_VacZVL,0,0,0,0
Second_94,75,94,ReRZV_2d,2024,0.2219404979883499,dN_VacRZV,2,2,2,2
Second_94,75,94,ReRZV_2d,2024,0.2219404979883499,dN_VacZVL_d,0,0,0,0
Second_94,75,94,ReRZV_2d,2024,0.2219404979883499,dN_VacRZV_d,2,2,2,2
Second_94,75,94,ReRZV_2d,2024,0.2219404979883499,ICER,45875.06780298308,45438.56592565647,37117.52460268462,56691.81558512271
Second_94,75,94,ReRZV_2d,2024,0.2219404979883499,Price0,85,85,84.99999999999999,85.00000000000001
Second_94,75,94,ReRZV_2d,2024,0.2219404979883499,Thres20,41.39496055173533,41.326527798816656,34.042757468836655,49.18355703671389
Second_94,75,94,ReRZV_2d,2024,0.2219404979883499,Thres30,58.60502365134237,58.50194041025031,47.901694434357005,70.00496727503521
Second_94,75,94,ReRZV_2d,2024,0.2219404979883499,Thres20_50,NA,41.326527798816656,NA,NA
Second_94,75,94,ReRZV_2d,2024,0.2219404979883499,Thres30_90,NA,51.387540241758416,NA,NA
Second_94,75,94,ReRZV_2d,2024,0.2219404979883499,Thres,NA,41.326527798816656,NA,NA
Second_95,70,95,ReRZV_1d,2024,0.16337919320846672,N0,0.16337919320846672,0.16337919320846672,0.16337919320846672,0.16337919320846672
Second_95,70,95,ReRZV_1d,2024,0.16337919320846672,dYear_Life,1.2470509915357646e-4,1.2460724617806222e-4,9.596025775002783e-5,1.526948538955016e-4
Second_95,70,95,ReRZV_1d,2024,0.16337919320846672,dYear_Immunised,2.138237418921423,2.168326372431819,1.7423732691367884,2.3435292407427513
Second_95,70,95,ReRZV_1d,2024,0.16337919320846672,dRisk_HZ,-0.14406418255830103,-0.1457053210052176,-0.16087431090186166,-0.11751831424567945
Second_95,70,95,ReRZV_1d,2024,0.16337919320846672,dRisk_Hosp,-0.01645614070856176,-0.01628692816946197,-0.02214424242344992,-0.01178329776153636
Second_95,70,95,ReRZV_1d,2024,0.16337919320846672,dRisk_PHN,-0.011379566821895112,-0.011195638299241664,-0.016196264231024157,-0.007276928587928742
Second_95,70,95,ReRZV_1d,2024,0.16337919320846672,dRisk_Death,-4.371940908730578e-4,-4.3728340947271247e-4,-5.377386846215435e-4,-3.376468123726759e-4
Second_95,70,95,ReRZV_1d,2024,0.16337919320846672,dQ_Life,7.320060990767348e-5,7.316137153611863e-5,5.6241441385537534e-5,8.963959349923297e-5
Second_95,70,95,ReRZV_1d,2024,0.16337919320846672,dQ_HZ,0.002977125050794196,0.00298291020901659,0.0022540605871612276,0.0036942027214341066
Second_95,70,95,ReRZV_1d,2024,0.16337919320846672,dQ_HZ_Norm,7.829436539124884e-4,7.812051064411585e-4,5.922629748708768e-4,9.702566280161212e-4
Second_95,70,95,ReRZV_1d,2024,0.16337919320846672,dQ_All,0.0030342311858897416,0.0030405318131700603,0.0023055869759187435,0.0037564626218671935
Second_95,70,95,ReRZV_1d,2024,0.16337919320846672,dQ_HZ_d,0.0029171549046132133,0.0029230864550458396,0.0022088763848536305,0.0036191382195432495
Second_95,70,95,ReRZV_1d,2024,0.16337919320846672,dQ_HZ_Norm_d,7.673187138828271e-4,7.657168965961372e-4,5.804164661844485e-4,9.508036390096459e-4
Second_95,70,95,ReRZV_1d,2024,0.16337919320846672,dQ_Life_d,6.967580876836371e-5,6.963984484518676e-5,5.3525003217589586e-5,8.532407991791134e-5
Second_95,70,95,ReRZV_1d,2024,0.16337919320846672,dQ_All_d,0.00298683071338157,0.0029929889371017255,0.0022715206354848366,0.0036948859598569975
Second_95,70,95,ReRZV_1d,2024,0.16337919320846672,dC_Hosp,-9.929109852258325,-9.837500077239358,-13.569523339284693,-6.991775379222825
Second_95,70,95,ReRZV_1d,2024,0.16337919320846672,dC_GP_NonPHN,-1.8274049512207662,-1.8455751707840615,-2.0617159564687757,-1.4793994129247803
Second_95,70,95,ReRZV_1d,2024,0.16337919320846672,dC_GP_PHN,-0.7076904471443118,-0.6984523628259423,-1.0154209674131958,-0.4526053558351588
Second_95,70,95,ReRZV_1d,2024,0.16337919320846672,dC_GP,-2.535095398365078,-2.549511814187233,-2.940853798649117,-2.031253347985696
Second_95,70,95,ReRZV_1d,2024,0.16337919320846672,dC_Med,-12.464205250623403,-12.409495505350876,-16.150682011091007,-9.278727276572848
Second_95,70,95,ReRZV_1d,2024,0.16337919320846672,dC_VacZVL,0,0,0,0
Second_95,70,95,ReRZV_1d,2024,0.16337919320846672,dC_VacRZV,85,85,85,85
Second_95,70,95,ReRZV_1d,2024,0.16337919320846672,dC_Vac,85,85,85,85
Second_95,70,95,ReRZV_1d,2024,0.16337919320846672,dC_All,72.53579474937659,72.59050449464914,68.849317988909,75.72127272342715
Second_95,70,95,ReRZV_1d,2024,0.16337919320846672,dC_Hosp_d,-9.726984319895374,-9.647040712897514,-13.307061420714676,-6.832044337020217
Second_95,70,95,ReRZV_1d,2024,0.16337919320846672,dC_GP_NonPHN_d,-1.7910881667868133,-1.8087727419009956,-2.021319143962853,-1.4486963568048727
Second_95,70,95,ReRZV_1d,2024,0.16337919320846672,dC_GP_PHN_d,-0.6939186709469626,-0.6849507591573227,-0.9958487111365468,-0.4438218521404801
Second_95,70,95,ReRZV_1d,2024,0.16337919320846672,dC_GP_d,-2.485006837733776,-2.499495597860532,-2.880441491789125,-1.9895175818361657
Second_95,70,95,ReRZV_1d,2024,0.16337919320846672,dC_Med_d,-12.21199115762915,-12.152412359628261,-15.842930127785731,-9.094089141021469
Second_95,70,95,ReRZV_1d,2024,0.16337919320846672,dC_VacZVL_d,0,0,0,0
Second_95,70,95,ReRZV_1d,2024,0.16337919320846672,dC_VacRZV_d,85,85,85,85
Second_95,70,95,ReRZV_1d,2024,0.16337919320846672,dC_Vac_d,85,85,85,85
Second_95,70,95,ReRZV_1d,2024,0.16337919320846672,dC_All_d,72.78800884237086,72.84758764037174,69.15706987221427,75.90591085897853
Second_95,70,95,ReRZV_1d,2024,0.16337919320846672,dN_VacZVL,0,0,0,0
Second_95,70,95,ReRZV_1d,2024,0.16337919320846672,dN_VacRZV,1,1,1,1
Second_95,70,95,ReRZV_1d,2024,0.16337919320846672,dN_VacZVL_d,0,0,0,0
Second_95,70,95,ReRZV_1d,2024,0.16337919320846672,dN_VacRZV_d,1,1,1,1
Second_95,70,95,ReRZV_1d,2024,0.16337919320846672,ICER,24766.62548532779,24307.29735880116,19297.137640890407,32839.61033647763
Second_95,70,95,ReRZV_1d,2024,0.16337919320846672,Price0,85,85,85,85
Second_95,70,95,ReRZV_1d,2024,0.16337919320846672,Thres20,71.94860542526055,72.06865492217591,55.9929386385742,87.58257935201662
Second_95,70,95,ReRZV_1d,2024,0.16337919320846672,Thres30,101.81691255907626,102.06087842187216,78.69523792026243,124.51111118416281
Second_95,70,95,ReRZV_1d,2024,0.16337919320846672,Thres20_50,NA,72.06865492217591,NA,NA
Second_95,70,95,ReRZV_1d,2024,0.16337919320846672,Thres30_90,NA,87.11290016421394,NA,NA
Second_95,70,95,ReRZV_1d,2024,0.16337919320846672,Thres,NA,72.06865492217591,NA,NA
Second_95,70,95,ReRZV_2d,2024,0.16337919320846672,N0,0.16337919320846672,0.16337919320846672,0.16337919320846672,0.16337919320846672
Second_95,70,95,ReRZV_2d,2024,0.16337919320846672,dYear_Life,1.29562251338997e-4,1.2927202738207623e-4,1.0450053659742724e-4,1.568990406087926e-4
Second_95,70,95,ReRZV_2d,2024,0.16337919320846672,dYear_Immunised,2.221659996465503,2.2373718641748654,1.9650196203130845,2.364258052218316
Second_95,70,95,ReRZV_2d,2024,0.16337919320846672,dRisk_HZ,-0.14968235939453525,-0.15044717469916477,-0.16283054235275787,-0.13183947563945064
Second_95,70,95,ReRZV_2d,2024,0.16337919320846672,dRisk_Hosp,-0.017096803112232425,-0.016894132415398277,-0.02266466236094677,-0.012639570820675225
Second_95,70,95,ReRZV_2d,2024,0.16337919320846672,dRisk_PHN,-0.01182073542569976,-0.011669934565814681,-0.01662907701169035,-0.007805340991078721
Second_95,70,95,ReRZV_2d,2024,0.16337919320846672,dRisk_Death,-4.5423236581613384e-4,-4.5288559966156594e-4,-5.502941852918001e-4,-3.6720701423564764e-4
Second_95,70,95,ReRZV_2d,2024,0.16337919320846672,dQ_Life,7.605140225332712e-5,7.59178480696911e-5,6.127200527224157e-5,9.207960645178659e-5
Second_95,70,95,ReRZV_2d,2024,0.16337919320846672,dQ_HZ,0.0030931287418325707,0.0030761936666254836,0.0024533091907035487,0.003790180109442397
Second_95,70,95,ReRZV_2d,2024,0.16337919320846672,dQ_HZ_Norm,8.134507095921396e-4,8.109322151151847e-4,6.46204048883972e-4,9.932123619756654e-4
Second_95,70,95,ReRZV_2d,2024,0.16337919320846672,dQ_All,0.0031524583848646405,0.0031360023894738617,0.002510152657253187,0.0038424852668777153
Second_95,70,95,ReRZV_2d,2024,0.16337919320846672,dQ_HZ_d,0.003030817936176205,0.003014574449646387,0.0024037677037351875,0.0037146890131095327
Second_95,70,95,ReRZV_2d,2024,0.16337919320846672,dQ_HZ_Norm_d,7.972159306732023e-4,7.94797136862085e-4,6.333698207642162e-4,9.736930126741875e-4
Second_95,70,95,ReRZV_2d,2024,0.16337919320846672,dQ_Life_d,7.238930233414332e-5,7.226941017334513e-5,5.83179662349983e-5,8.764252409027737e-5
Second_95,70,95,ReRZV_2d,2024,0.16337919320846672,dQ_All_d,0.0031032072385103492,0.003087934487516154,0.002472461341849898,0.0037841238666123564
Second_95,70,95,ReRZV_2d,2024,0.16337919320846672,dC_Hosp,-10.315441728469748,-10.195979888140057,-13.928405815034075,-7.445873699331411
Second_95,70,95,ReRZV_2d,2024,0.16337919320846672,dC_GP_NonPHN,-1.8987093221178093,-1.904009507014269,-2.0911729000117547,-1.6567627908149445
Second_95,70,95,ReRZV_2d,2024,0.16337919320846672,dC_GP_PHN,-0.7351183076407006,-0.7298738884877476,-1.0432636158742123,-0.4826762447367999
Second_95,70,95,ReRZV_2d,2024,0.16337919320846672,dC_GP,-2.63382762975851,-2.634491258859832,-2.9900624384900563,-2.271693717393831
Second_95,70,95,ReRZV_2d,2024,0.16337919320846672,dC_Med,-12.949269358228257,-12.870213655977494,-16.579178893343283,-10.072626718339054
Second_95,70,95,ReRZV_2d,2024,0.16337919320846672,dC_VacZVL,0,0,0,0
Second_95,70,95,ReRZV_2d,2024,0.16337919320846672,dC_VacRZV,170,170,170,170
Second_95,70,95,ReRZV_2d,2024,0.16337919320846672,dC_Vac,170,170,170,170
Second_95,70,95,ReRZV_2d,2024,0.16337919320846672,dC_All,157.05073064177174,157.1297863440225,153.42082110665672,159.92737328166095
Second_95,70,95,ReRZV_2d,2024,0.16337919320846672,dC_Hosp_d,-10.105425766623402,-9.987997889158379,-13.638875684086257,-7.289720501007207
Second_95,70,95,ReRZV_2d,2024,0.16337919320846672,dC_GP_NonPHN_d,-1.8609736653550504,-1.8658103341734462,-2.0496541654976776,-1.6231478269405535
Second_95,70,95,ReRZV_2d,2024,0.16337919320846672,dC_GP_PHN_d,-0.7208111457492075,-0.715115160451782,-1.0225005403841536,-0.47392698952772605
Second_95,70,95,ReRZV_2d,2024,0.16337919320846672,dC_GP_d,-2.581784811104258,-2.582378811544083,-2.9328680757502683,-2.226841190375793
Second_95,70,95,ReRZV_2d,2024,0.16337919320846672,dC_Med_d,-12.68721057772766,-12.608271521955297,-16.266382177884147,-9.881631545496443
Second_95,70,95,ReRZV_2d,2024,0.16337919320846672,dC_VacZVL_d,0,0,0,0
Second_95,70,95,ReRZV_2d,2024,0.16337919320846672,dC_VacRZV_d,170,170,170,170
Second_95,70,95,ReRZV_2d,2024,0.16337919320846672,dC_Vac_d,170,170,170,170
Second_95,70,95,ReRZV_2d,2024,0.16337919320846672,dC_All_d,157.31278942227235,157.39172847804468,153.73361782211586,160.11836845450355
Second_95,70,95,ReRZV_2d,2024,0.16337919320846672,dN_VacZVL,0,0,0,0
Second_95,70,95,ReRZV_2d,2024,0.16337919320846672,dN_VacRZV,2,2,2,2
Second_95,70,95,ReRZV_2d,2024,0.16337919320846672,dN_VacZVL_d,0,0,0,0
Second_95,70,95,ReRZV_2d,2024,0.16337919320846672,dN_VacRZV_d,2,2,2,2
Second_95,70,95,ReRZV_2d,2024,0.16337919320846672,ICER,51295.76446515723,50796.128867067666,41393.84965247246,63924.4508043161
Second_95,70,95,ReRZV_2d,2024,0.16337919320846672,Price0,85,85,85,85
Second_95,70,95,ReRZV_2d,2024,0.16337919320846672,Thres20,37.375677673967324,37.299423358503944,30.67517688270547,44.62047158846091
Second_95,70,95,ReRZV_2d,2024,0.16337919320846672,Thres30,52.89171386651907,52.798911317419794,43.12659564283921,63.54627050317291
Second_95,70,95,ReRZV_2d,2024,0.16337919320846672,Thres20_50,NA,37.299423358503944,NA,NA
Second_95,70,95,ReRZV_2d,2024,0.16337919320846672,Thres30_90,NA,46.542017770255434,NA,NA
Second_95,70,95,ReRZV_2d,2024,0.16337919320846672,Thres,NA,37.299423358503944,NA,NA
Second_95,75,95,ReRZV_1d,2024,0.1792664914201349,N0,0.1792664914201349,0.1792664914201349,0.1792664914201349,0.1792664914201349
Second_95,75,95,ReRZV_1d,2024,0.1792664914201349,dYear_Life,1.2209790982218145e-4,1.2211409110167692e-4,9.342122875083164e-5,1.5042334942722978e-4
Second_95,75,95,ReRZV_1d,2024,0.1792664914201349,dYear_Immunised,2.095773559908019,2.125958774020777,1.7007721671384113,2.3103165723504437
Second_95,75,95,ReRZV_1d,2024,0.1792664914201349,dRisk_HZ,-0.1286819378480008,-0.1302576038042974,-0.1443360089520204,-0.10378952231156828
Second_95,75,95,ReRZV_1d,2024,0.1792664914201349,dRisk_Hosp,-0.014699515570388639,-0.014563810853337241,-0.01985298955519571,-0.010392105712718964
Second_95,75,95,ReRZV_1d,2024,0.1792664914201349,dRisk_PHN,-0.01016381716655733,-0.010002755353308955,-0.014441885621857777,-0.006488728030188948
Second_95,75,95,ReRZV_1d,2024,0.1792664914201349,dRisk_Death,-3.9053314140430074e-4,-3.9039932590796873e-4,-4.816339451504087e-4,-2.9930665473545644e-4
Second_95,75,95,ReRZV_1d,2024,0.1792664914201349,dQ_Life,7.165422017466664e-5,7.164010953284445e-5,5.476650674108085e-5,8.83082979759579e-5
Second_95,75,95,ReRZV_1d,2024,0.1792664914201349,dQ_HZ,0.002916895452428358,0.002924656321922483,0.002193556515835527,0.003623372422799062
Second_95,75,95,ReRZV_1d,2024,0.1792664914201349,dQ_HZ_Norm,7.670777799531035e-4,7.661924163788279e-4,5.759965617989747e-4,9.515121323603569e-4
Second_95,75,95,ReRZV_1d,2024,0.1792664914201349,dQ_All,0.0029727679592276846,0.0029813134158900192,0.0022371822173172617,0.0036791731995969392
Second_95,75,95,ReRZV_1d,2024,0.1792664914201349,dQ_HZ_d,0.002857983760609523,0.002865590531044933,0.0021491723361834916,0.0035507142691759636
Second_95,75,95,ReRZV_1d,2024,0.1792664914201349,dQ_HZ_Norm_d,7.517289581059974e-4,7.51013363129698e-4,5.647182741515116e-4,9.326317237225354e-4
Second_95,75,95,ReRZV_1d,2024,0.1792664914201349,dQ_Life_d,6.820226843855355e-5,6.819040096894179e-5,5.212084864080462e-5,8.405698413578649e-5
Second_95,75,95,ReRZV_1d,2024,0.1792664914201349,dQ_All_d,0.002926186029048074,0.0029345207865568517,0.0022023615241408825,0.0036194780019410152
Second_95,75,95,ReRZV_1d,2024,0.1792664914201349,dC_Hosp,-9.728557495686541,-9.657899066142397,-13.307386052968987,-6.841642334458174
Second_95,75,95,ReRZV_1d,2024,0.1792664914201349,dC_GP_NonPHN,-1.7903680486051012,-1.8074356934109004,-2.032635975936134,-1.434952150470891
Second_95,75,95,ReRZV_1d,2024,0.1792664914201349,dC_GP_PHN,-0.6933098353228457,-0.684251223653537,-1.0007232742359238,-0.44063366625699446
Second_95,75,95,ReRZV_1d,2024,0.1792664914201349,dC_GP,-2.483677883927947,-2.501131842858778,-2.888815431654469,-1.9747757984965848
Second_95,75,95,ReRZV_1d,2024,0.1792664914201349,dC_Med,-12.212235379614487,-12.173007759422013,-15.850633098308776,-9.034614991993996
Second_95,75,95,ReRZV_1d,2024,0.1792664914201349,dC_VacZVL,0,0,0,0
Second_95,75,95,ReRZV_1d,2024,0.1792664914201349,dC_VacRZV,85,85,85,85
Second_95,75,95,ReRZV_1d,2024,0.1792664914201349,dC_Vac,85,85,85,85
Second_95,75,95,ReRZV_1d,2024,0.1792664914201349,dC_All,72.78776462038552,72.82699224057798,69.14936690169121,75.96538500800601
Second_95,75,95,ReRZV_1d,2024,0.1792664914201349,dC_Hosp_d,-9.52999616540875,-9.457742643013143,-13.023900345488368,-6.673232272505084
Second_95,75,95,ReRZV_1d,2024,0.1792664914201349,dC_GP_NonPHN_d,-1.754692957583525,-1.7716299824465258,-1.9915712441903382,-1.4065367420395116
Second_95,75,95,ReRZV_1d,2024,0.1792664914201349,dC_GP_PHN_d,-0.6797818389773425,-0.6709664444872374,-0.9805971974992653,-0.4322225997747536
Second_95,75,95,ReRZV_1d,2024,0.1792664914201349,dC_GP_d,-2.4344747965608673,-2.452151944967305,-2.8317526390846153,-1.935341252396446
Second_95,75,95,ReRZV_1d,2024,0.1792664914201349,dC_Med_d,-11.964470961969617,-11.92196614609776,-15.542214302920595,-8.846950298488137
Second_95,75,95,ReRZV_1d,2024,0.1792664914201349,dC_VacZVL_d,0,0,0,0
Second_95,75,95,ReRZV_1d,2024,0.1792664914201349,dC_VacRZV_d,85,85,85,85
Second_95,75,95,ReRZV_1d,2024,0.1792664914201349,dC_Vac_d,85,85,85,85
Second_95,75,95,ReRZV_1d,2024,0.1792664914201349,dC_All_d,73.03552903803038,73.07803385390224,69.45778569707942,76.15304970151185
Second_95,75,95,ReRZV_1d,2024,0.1792664914201349,dN_VacZVL,0,0,0,0
Second_95,75,95,ReRZV_1d,2024,0.1792664914201349,dN_VacRZV,1,1,1,1
Second_95,75,95,ReRZV_1d,2024,0.1792664914201349,dN_VacZVL_d,0,0,0,0
Second_95,75,95,ReRZV_1d,2024,0.1792664914201349,dN_VacRZV_d,1,1,1,1
Second_95,75,95,ReRZV_1d,2024,0.1792664914201349,ICER,25382.480682412417,24895.9143366618,19697.115386195404,33570.03287104763
Second_95,75,95,ReRZV_1d,2024,0.1792664914201349,Price0,85,85,85,85
Second_95,75,95,ReRZV_1d,2024,0.1792664914201349,Thres20,70.4881915429311,70.56182110617004,54.67506792980127,86.09306169704243
Second_95,75,95,ReRZV_1d,2024,0.1792664914201349,Thres30,99.75005183341185,100.04322671377159,76.8644121875482,122.4233759498809
Second_95,75,95,ReRZV_1d,2024,0.1792664914201349,Thres20_50,NA,70.56182110617004,NA,NA
Second_95,75,95,ReRZV_1d,2024,0.1792664914201349,Thres30_90,NA,85.01586411602655,NA,NA
Second_95,75,95,ReRZV_1d,2024,0.1792664914201349,Thres,NA,70.56182110617004,NA,NA
Second_95,75,95,ReRZV_2d,2024,0.1792664914201349,N0,0.1792664914201349,0.1792664914201349,0.1792664914201349,0.1792664914201349
Second_95,75,95,ReRZV_2d,2024,0.1792664914201349,dYear_Life,1.2695506578576583e-4,1.26655490425484e-4,1.0209651365418611e-4,1.5410727917152136e-4
Second_95,75,95,ReRZV_2d,2024,0.1792664914201349,dYear_Immunised,2.179196201822737,2.195736306505035,1.90648197801146,2.3376248952560696
Second_95,75,95,ReRZV_2d,2024,0.1792664914201349,dRisk_HZ,-0.13380221000881257,-0.13455377087004208,-0.1461521404614835,-0.11703732819008668
Second_95,75,95,ReRZV_2d,2024,0.1792664914201349,dRisk_Hosp,-0.015283399987242704,-0.015098556032483583,-0.020358784672499075,-0.01124340794009072
Second_95,75,95,ReRZV_2d,2024,0.1792664914201349,dRisk_PHN,-0.010565887696666831,-0.010413116146120435,-0.014903631885506002,-0.006967908204437778
Second_95,75,95,ReRZV_2d,2024,0.1792664914201349,dRisk_Death,-4.060614167019939e-4,-4.045576107980267e-4,-4.928570516078014e-4,-3.271704457558356e-4
Second_95,75,95,ReRZV_2d,2024,0.1792664914201349,dQ_Life,7.45050147378321e-5,7.43574752150789e-5,5.9833674227900284e-5,9.045615936073224e-5
Second_95,75,95,ReRZV_2d,2024,0.1792664914201349,dQ_HZ,0.0030328992330373567,0.00302325027315845,0.002399920930519774,0.003712430522538734
Second_95,75,95,ReRZV_2d,2024,0.1792664914201349,dQ_HZ_Norm,7.97584859152516e-4,7.950566519950794e-4,6.301478804316822e-4,9.780227078367413e-4
Second_95,75,95,ReRZV_2d,2024,0.1792664914201349,dQ_All,0.0030909952495027813,0.0030806323891935873,0.002453152444279769,0.0037721832213430057
Second_95,75,95,ReRZV_2d,2024,0.1792664914201349,dQ_HZ_d,0.0029716468799356223,0.0029620427447576885,0.0023507890838963597,0.0036383146690931287
Second_95,75,95,ReRZV_2d,2024,0.1792664914201349,dQ_HZ_Norm_d,7.816261979459505e-4,7.789875048274073e-4,6.170603940214284e-4,9.58175153479049e-4
Second_95,75,95,ReRZV_2d,2024,0.1792664914201349,dQ_Life_d,7.091576411504581e-5,7.077856610935559e-5,5.694330882983232e-5,8.610001710865448e-5
Second_95,75,95,ReRZV_2d,2024,0.1792664914201349,dQ_All_d,0.003042562644050672,0.003033170466854649,0.0024161628386682554,0.0037116639522206184
Second_95,75,95,ReRZV_2d,2024,0.1792664914201349,dC_Hosp,-10.114889669596119,-9.99307886757718,-13.648408223830124,-7.3099485258253445
Second_95,75,95,ReRZV_2d,2024,0.1792664914201349,dC_GP_NonPHN,-1.8616724745151403,-1.8681278895265272,-2.0634179213327015,-1.6104958192205072
Second_95,75,95,ReRZV_2d,2024,0.1792664914201349,dC_GP_PHN,-0.7207377169945027,-0.7135281920821727,-1.0251073558908583,-0.4719145826313842
Second_95,75,95,ReRZV_2d,2024,0.1792664914201349,dC_GP,-2.582410191509643,-2.5889889018714647,-2.9454773742226346,-2.2083811303199505
Second_95,75,95,ReRZV_2d,2024,0.1792664914201349,dC_Med,-12.69729986110576,-12.616273850680663,-16.24866747700765,-9.807885088343294
Second_95,75,95,ReRZV_2d,2024,0.1792664914201349,dC_VacZVL,0,0,0,0
Second_95,75,95,ReRZV_2d,2024,0.1792664914201349,dC_VacRZV,170,170,170,170
Second_95,75,95,ReRZV_2d,2024,0.1792664914201349,dC_Vac,170,170,170,170
Second_95,75,95,ReRZV_2d,2024,0.1792664914201349,dC_All,157.30270013889424,157.38372614931933,153.75133252299233,160.19211491165672
Second_95,75,95,ReRZV_2d,2024,0.1792664914201349,dC_Hosp_d,-9.908437903756395,-9.793749571745316,-13.399890313606042,-7.150652026883528
Second_95,75,95,ReRZV_2d,2024,0.1792664914201349,dC_GP_NonPHN_d,-1.8245785100699818,-1.8309334509491442,-2.0222099766546,-1.577874620106121
Second_95,75,95,ReRZV_2d,2024,0.1792664914201349,dC_GP_PHN_d,-0.7066743345413324,-0.7001024537240299,-1.005335881315738,-0.4624446124123847
Second_95,75,95,ReRZV_2d,2024,0.1792664914201349,dC_GP_d,-2.531252844611314,-2.537434875255028,-2.888184828404607,-2.163659729765234
Second_95,75,95,ReRZV_2d,2024,0.1792664914201349,dC_Med_d,-12.439690748367708,-12.351378157327893,-15.929553871086645,-9.608255644340963
Second_95,75,95,ReRZV_2d,2024,0.1792664914201349,dC_VacZVL_d,0,0,0,0
Second_95,75,95,ReRZV_2d,2024,0.1792664914201349,dC_VacRZV_d,170,170,170,170
Second_95,75,95,ReRZV_2d,2024,0.1792664914201349,dC_Vac_d,170,170,170,170
Second_95,75,95,ReRZV_2d,2024,0.1792664914201349,dC_All_d,157.5603092516323,157.64862184267213,154.07044612891335,160.39174435565906
Second_95,75,95,ReRZV_2d,2024,0.1792664914201349,dN_VacZVL,0,0,0,0
Second_95,75,95,ReRZV_2d,2024,0.1792664914201349,dN_VacRZV,2,2,2,2
Second_95,75,95,ReRZV_2d,2024,0.1792664914201349,dN_VacZVL_d,0,0,0,0
Second_95,75,95,ReRZV_2d,2024,0.1792664914201349,dN_VacRZV_d,2,2,2,2
Second_95,75,95,ReRZV_2d,2024,0.1792664914201349,ICER,52421.31524340643,51879.28598276476,42241.516995592916,65457.724060965294
Second_95,75,95,ReRZV_2d,2024,0.1792664914201349,Price0,85,85,85,85
Second_95,75,95,ReRZV_2d,2024,0.1792664914201349,Thres20,36.64547181469058,36.57780336996638,29.926766783862938,43.800961185473824
Second_95,75,95,ReRZV_2d,2024,0.1792664914201349,Thres30,51.85828503494394,51.77462095407565,42.04903061807584,62.5409139507583
Second_95,75,95,ReRZV_2d,2024,0.1792664914201349,Thres20_50,NA,36.57780336996638,NA,NA
Second_95,75,95,ReRZV_2d,2024,0.1792664914201349,Thres30_90,NA,45.562254016480196,NA,NA
Second_95,75,95,ReRZV_2d,2024,0.1792664914201349,Thres,NA,36.57780336996638,NA,NA
Second_96,70,96,ReRZV_1d,2024,0.12877276638450205,N0,0.12877276638450205,0.12877276638450205,0.12877276638450205,0.12877276638450205
Second_96,70,96,ReRZV_1d,2024,0.12877276638450205,dYear_Life,9.403193794479419e-5,9.399346408529285e-5,7.200410868284251e-5,1.1512215300025538e-4
Second_96,70,96,ReRZV_1d,2024,0.12877276638450205,dYear_Immunised,1.8889480503521223,1.9153964636784155,1.5345002240870442,2.0685413092272937
Second_96,70,96,ReRZV_1d,2024,0.12877276638450205,dRisk_HZ,-0.16426705456406135,-0.16635357119624578,-0.18276322283934393,-0.1335964325670707
Second_96,70,96,ReRZV_1d,2024,0.12877276638450205,dRisk_Hosp,-0.018920658724733874,-0.01873404823834575,-0.0257434308648404,-0.01338526166109831
Second_96,70,96,ReRZV_1d,2024,0.12877276638450205,dRisk_PHN,-0.012812563645254774,-0.012585807856748744,-0.01853674248535043,-0.008063214429982727
Second_96,70,96,ReRZV_1d,2024,0.12877276638450205,dRisk_Death,-5.031930955064357e-4,-5.030522075761552e-4,-6.179503285222048e-4,-3.881383821899207e-4
Second_96,70,96,ReRZV_1d,2024,0.12877276638450205,dQ_Life,5.279169144821344e-5,5.277249021073025e-5,4.041030644249931e-5,6.465023385086242e-5
Second_96,70,96,ReRZV_1d,2024,0.12877276638450205,dQ_HZ,0.002554806615496857,0.002552626604282204,0.0019160595717054622,0.0031993883108017737
Second_96,70,96,ReRZV_1d,2024,0.12877276638450205,dQ_HZ_Norm,6.681491259426643e-4,6.66587729106929e-4,5.027854482270758e-4,8.324840981163026e-4
Second_96,70,96,ReRZV_1d,2024,0.12877276638450205,dQ_All,0.002591354932377444,0.0025904337232141076,0.0019454619161955807,0.0032410043613585104
Second_96,70,96,ReRZV_1d,2024,0.12877276638450205,dQ_HZ_d,0.002514153657972758,0.0025122935932265513,0.0018851753124321336,0.003147953247251861
Second_96,70,96,ReRZV_1d,2024,0.12877276638450205,dQ_HZ_Norm_d,6.575950417546198e-4,6.56094184761198e-4,4.94709931117536e-4,8.197692301421574e-4
Second_96,70,96,ReRZV_1d,2024,0.12877276638450205,dQ_Life_d,5.062255835230906e-5,5.0605604507553926e-5,3.8749068383243205e-5,6.199487103464837e-5
Second_96,70,96,ReRZV_1d,2024,0.12877276638450205,dQ_All_d,0.0025647762163250733,0.002564243052874611,0.0019263691582932436,0.0032058523454207015
Second_96,70,96,ReRZV_1d,2024,0.12877276638450205,dC_Hosp,-8.593768729195068,-8.494864628660778,-11.911294910376178,-5.9260953559351925
Second_96,70,96,ReRZV_1d,2024,0.12877276638450205,dC_GP_NonPHN,-1.5556042052042949,-1.5735209977389673,-1.7568335236893153,-1.255606464274397
Second_96,70,96,ReRZV_1d,2024,0.12877276638450205,dC_GP_PHN,-0.5947785808165706,-0.58578764047584575,-0.8695858824921613,-0.37243151234717636
Second_96,70,96,ReRZV_1d,2024,0.12877276638450205,dC_GP,-2.1503827860208657,-2.160793143620987,-2.51447997283626,-1.7115720396662581
Second_96,70,96,ReRZV_1d,2024,0.12877276638450205,dC_Med,-10.744151515215933,-10.672431606052157,-14.045003941668256,-7.86614476384964
Second_96,70,96,ReRZV_1d,2024,0.12877276638450205,dC_VacZVL,0,0,0,0
Second_96,70,96,ReRZV_1d,2024,0.12877276638450205,dC_VacRZV,85,85,85,85
Second_96,70,96,ReRZV_1d,2024,0.12877276638450205,dC_Vac,85,85,85,85
Second_96,70,96,ReRZV_1d,2024,0.12877276638450205,dC_All,74.25584848478407,74.32756839394784,70.95499605833174,77.13385523615035
Second_96,70,96,ReRZV_1d,2024,0.12877276638450205,dC_Hosp_d,-8.456499302398893,-8.361461351003097,-11.726897371639247,-5.835343020329656
Second_96,70,96,ReRZV_1d,2024,0.12877276638450205,dC_GP_NonPHN_d,-1.53111356726436,-1.5485010206098173,-1.7292831262062354,-1.2355617846916156
Second_96,70,96,ReRZV_1d,2024,0.12877276638450205,dC_GP_PHN_d,-0.5855643582709213,-0.5764898581058617,-0.8561876113850377,-0.36646789489745213
Second_96,70,96,ReRZV_1d,2024,0.12877276638450205,dC_GP_d,-2.1166779255352814,-2.1271918449905995,-2.4753215332399545,-1.683984358704945
Second_96,70,96,ReRZV_1d,2024,0.12877276638450205,dC_Med_d,-10.573177227934176,-10.50728243160277,-13.86568626545824,-7.733207377633078
Second_96,70,96,ReRZV_1d,2024,0.12877276638450205,dC_VacZVL_d,0,0,0,0
Second_96,70,96,ReRZV_1d,2024,0.12877276638450205,dC_VacRZV_d,85,85,85,85
Second_96,70,96,ReRZV_1d,2024,0.12877276638450205,dC_Vac_d,85,85,85,85
Second_96,70,96,ReRZV_1d,2024,0.12877276638450205,dC_All_d,74.42682277206582,74.49271756839724,71.13431373454176,77.2667926223669
Second_96,70,96,ReRZV_1d,2024,0.12877276638450205,dN_VacZVL,0,0,0,0
Second_96,70,96,ReRZV_1d,2024,0.12877276638450205,dN_VacRZV,1,1,1,1
Second_96,70,96,ReRZV_1d,2024,0.12877276638450205,dN_VacZVL_d,0,0,0,0
Second_96,70,96,ReRZV_1d,2024,0.12877276638450205,dN_VacRZV_d,1,1,1,1
Second_96,70,96,ReRZV_1d,2024,0.12877276638450205,ICER,29504.80415478136,28943.058357254733,22950.37995063379,39302.409833950456
Second_96,70,96,ReRZV_1d,2024,0.12877276638450205,Price0,85,85,85,85
Second_96,70,96,ReRZV_1d,2024,0.12877276638450205,Thres20,61.868701554435646,61.942738297423006,47.41056072772308,75.61397182183579
Second_96,70,96,ReRZV_1d,2024,0.12877276638450205,Thres30,87.51646371768638,87.73079159504148,66.87582423393643,107.58042840567462
Second_96,70,96,ReRZV_1d,2024,0.12877276638450205,Thres20_50,NA,61.942738297423006,NA,NA
Second_96,70,96,ReRZV_1d,2024,0.12877276638450205,Thres30_90,NA,74.79058185773862,NA,NA
Second_96,70,96,ReRZV_1d,2024,0.12877276638450205,Thres,NA,61.942738297423006,NA,NA
Second_96,70,96,ReRZV_2d,2024,0.12877276638450205,N0,0.12877276638450205,0.12877276638450205,0.12877276638450205,0.12877276638450205
Second_96,70,96,ReRZV_2d,2024,0.12877276638450205,dYear_Life,9.768139800754451e-5,9.748127127095439e-5,7.865851941549668e-5,1.1822672672711985e-4
Second_96,70,96,ReRZV_2d,2024,0.12877276638450205,dYear_Immunised,1.9623892968799812,1.9775986135359056,1.7364847228770017,2.0853503931869355
Second_96,70,96,ReRZV_2d,2024,0.12877276638450205,dRisk_HZ,-0.1706527652359359,-0.1715714386159745,-0.18584442326286268,-0.1502307628980195
Second_96,70,96,ReRZV_2d,2024,0.12877276638450205,dRisk_Hosp,-0.019654770046862457,-0.019388691618784717,-0.0262006058890044,-0.014356213816970855
Second_96,70,96,ReRZV_2d,2024,0.12877276638450205,dRisk_PHN,-0.01330869350452474,-0.01311238513552293,-0.01905470064366598,-0.008526911198394674
Second_96,70,96,ReRZV_2d,2024,0.12877276638450205,dRisk_Death,-5.227355195130348e-4,-5.213028463311447e-4,-6.33067602655776e-4,-4.2277744540747386e-4
Second_96,70,96,ReRZV_2d,2024,0.12877276638450205,dQ_Life,5.484031259505558e-5,5.473939950121146e-5,4.410131803997907e-5,6.637177400479818e-5
Second_96,70,96,ReRZV_2d,2024,0.12877276638450205,dQ_HZ,0.0026540323286594015,0.002645119515533958,0.0021019847667349163,0.0032550273442316026
Second_96,70,96,ReRZV_2d,2024,0.12877276638450205,dQ_HZ_Norm,6.940988791464776e-4,6.922715002005498e-4,5.505148058853081e-4,8.491120093827411e-4
Second_96,70,96,ReRZV_2d,2024,0.12877276638450205,dQ_All,0.00269199852640489,0.0026842361619484572,0.00213615175097917,0.003291733277868823
Second_96,70,96,ReRZV_2d,2024,0.12877276638450205,dQ_HZ_d,0.002611798076277367,0.00260310703721752,0.0020690758431596472,0.0032046927368804775
Second_96,70,96,ReRZV_2d,2024,0.12877276638450205,dQ_HZ_Norm_d,6.831342621566492e-4,6.814784986758466e-4,5.417840486139722e-4,8.35772644698717e-4
Second_96,70,96,ReRZV_2d,2024,0.12877276638450205,dQ_Life_d,5.258699034681637e-5,5.249161682703467e-5,4.22859022121704e-5,6.364681128765502e-5
Second_96,70,96,ReRZV_2d,2024,0.12877276638450205,dQ_All_d,0.0026643850666241854,0.0026587962487421525,0.002113438728950606,0.003255679970454699
Second_96,70,96,ReRZV_2d,2024,0.12877276638450205,dC_Hosp,-8.926916563154604,-8.806917722790823,-12.114257420393747,-6.368266434531897
Second_96,70,96,ReRZV_2d,2024,0.12877276638450205,dC_GP_NonPHN,-1.6160977458202723,-1.6238736265286156,-1.7824480773293438,-1.4075561447316487
Second_96,70,96,ReRZV_2d,2024,0.12877276638450205,dC_GP_PHN,-0.6178052606664391,-0.6083673393914554,-0.8941448148344806,-0.39437252584216814
Second_96,70,96,ReRZV_2d,2024,0.12877276638450205,dC_GP,-2.2339030064867114,-2.2340022176087944,-2.5590388997090883,-1.9142965701077805
Second_96,70,96,ReRZV_2d,2024,0.12877276638450205,dC_Med,-11.160819569641315,-11.047321348500379,-14.317414838523664,-8.5430706236477
Second_96,70,96,ReRZV_2d,2024,0.12877276638450205,dC_VacZVL,0,0,0,0
Second_96,70,96,ReRZV_2d,2024,0.12877276638450205,dC_VacRZV,170,170,170,170
Second_96,70,96,ReRZV_2d,2024,0.12877276638450205,dC_Vac,170,170,170,170
Second_96,70,96,ReRZV_2d,2024,0.12877276638450205,dC_All,158.83918043035868,158.95267865149964,155.68258516147634,161.4569293763523
Second_96,70,96,ReRZV_2d,2024,0.12877276638450205,dC_Hosp_d,-8.78429659453896,-8.659546126133968,-11.940937911102397,-6.267304792637484
Second_96,70,96,ReRZV_2d,2024,0.12877276638450205,dC_GP_NonPHN_d,-1.5906537281516395,-1.5980142258035455,-1.7543763124864598,-1.3850904438023073
Second_96,70,96,ReRZV_2d,2024,0.12877276638450205,dC_GP_PHN_d,-0.608234292185786,-0.5989219809892807,-0.8807561170980842,-0.3890521115424954
Second_96,70,96,ReRZV_2d,2024,0.12877276638450205,dC_GP_d,-2.1988880203374253,-2.1984540505551093,-2.518089732723114,-1.8836364573865647
Second_96,70,96,ReRZV_2d,2024,0.12877276638450205,dC_Med_d,-10.983184614876386,-10.870708555980125,-14.098746060209619,-8.406568237022405
Second_96,70,96,ReRZV_2d,2024,0.12877276638450205,dC_VacZVL_d,0,0,0,0
Second_96,70,96,ReRZV_2d,2024,0.12877276638450205,dC_VacRZV_d,170,170,170,170
Second_96,70,96,ReRZV_2d,2024,0.12877276638450205,dC_Vac_d,170,170,170,170
Second_96,70,96,ReRZV_2d,2024,0.12877276638450205,dC_All_d,159.0168153851236,159.12929144401986,155.90125393979037,161.5934317629776
Second_96,70,96,ReRZV_2d,2024,0.12877276638450205,dN_VacZVL,0,0,0,0
Second_96,70,96,ReRZV_2d,2024,0.12877276638450205,dN_VacRZV,2,2,2,2
Second_96,70,96,ReRZV_2d,2024,0.12877276638450205,dN_VacZVL_d,0,0,0,0
Second_96,70,96,ReRZV_2d,2024,0.12877276638450205,dN_VacRZV_d,2,2,2,2
Second_96,70,96,ReRZV_2d,2024,0.12877276638450205,ICER,60423.241065596325,59791.130467230316,48701.903652442394,75537.59645645205
Second_96,70,96,ReRZV_2d,2024,0.12877276638450205,Price0,85,85,85,85
Second_96,70,96,ReRZV_2d,2024,0.12877276638450205,Thres20,32.13544297368005,32.07820646204762,26.139079969457455,38.33189015644179
Second_96,70,96,ReRZV_2d,2024,0.12877276638450205,Thres30,45.45736830680097,45.4200929212662,36.84160537095959,54.59783573957514
Second_96,70,96,ReRZV_2d,2024,0.12877276638450205,Thres20_50,NA,32.07820646204762,NA,NA
Second_96,70,96,ReRZV_2d,2024,0.12877276638450205,Thres30_90,NA,39.78864777407303,NA,NA
Second_96,70,96,ReRZV_2d,2024,0.12877276638450205,Thres,NA,32.07820646204762,NA,NA
Second_96,75,96,ReRZV_1d,2024,0.1412949792554639,N0,0.1412949792554639,0.1412949792554639,0.1412949792554639,0.1412949792554639
Second_96,75,96,ReRZV_1d,2024,0.1412949792554639,dYear_Life,9.2266708530929e-5,9.22506812174429e-5,7.062005176925979e-5,1.1349460253732577e-4
Second_96,75,96,ReRZV_1d,2024,0.1412949792554639,dYear_Immunised,1.8552194229662262,1.8826836653614856,1.5063758390407198,2.0427501181825782
Second_96,75,96,ReRZV_1d,2024,0.1412949792554639,dRisk_HZ,-0.14703052749033674,-0.14881807168509836,-0.16448361844655499,-0.11880048768446969
Second_96,75,96,ReRZV_1d,2024,0.1412949792554639,dRisk_Hosp,-0.01693554695382053,-0.016779460283664522,-0.02304045528126864,-0.011929246434880546
Second_96,75,96,ReRZV_1d,2024,0.1412949792554639,dRisk_PHN,-0.011467617561503498,-0.011264416497226802,-0.016618332224662066,-0.007205687199019778
Second_96,75,96,ReRZV_1d,2024,0.1412949792554639,dRisk_Death,-4.50406631160644e-4,-4.5045623522146005e-4,-5.54909488705808e-4,-3.4492069578967633e-4
Second_96,75,96,ReRZV_1d,2024,0.1412949792554639,dQ_Life,5.178996064450392e-5,5.1779430722947685e-5,3.965640410435893e-5,6.370784034007878e-5
Second_96,75,96,ReRZV_1d,2024,0.1412949792554639,dQ_HZ,0.0025081555294726664,0.002509780615033445,0.0018693064395221154,0.0031398574450846334
Second_96,75,96,ReRZV_1d,2024,0.1412949792554639,dQ_HZ_Norm,6.55933936272007e-4,6.541102954819544e-4,4.895362671207796e-4,8.19577923969272e-4
Second_96,75,96,ReRZV_1d,2024,0.1412949792554639,dQ_All,0.002543993351244984,0.0025467455519817667,0.0019022770983598103,0.0031795105975990575
Second_96,75,96,ReRZV_1d,2024,0.1412949792554639,dQ_HZ_d,0.002468165919306891,0.002470175816895801,0.0018391817386833912,0.003091219795568241
Second_96,75,96,ReRZV_1d,2024,0.1412949792554639,dQ_HZ_Norm_d,6.455522186243098e-4,6.436390545022898e-4,4.816378258276746e-4,8.066367932378745e-4
Second_96,75,96,ReRZV_1d,2024,0.1412949792554639,dQ_Life_d,4.966135207453213e-5,4.9653258159053603e-5,3.8027446134537096e-5,6.108990205958692e-5
Second_96,75,96,ReRZV_1d,2024,0.1412949792554639,dQ_All_d,0.002517827271381422,0.0025213325824313794,0.001884986032955962,0.003142629469581546
Second_96,75,96,ReRZV_1d,2024,0.1412949792554639,dC_Hosp,-8.436993765646434,-8.343821380982435,-11.725443028425364,-5.797429149496892
Second_96,75,96,ReRZV_1d,2024,0.1412949792554639,dC_GP_NonPHN,-1.5271669715009892,-1.5444973058188074,-1.7360818349665477,-1.2261830588293723
Second_96,75,96,ReRZV_1d,2024,0.1412949792554639,dC_GP_PHN,-0.5838886645534428,-0.5755210253036672,-0.8576064946779012,-0.363389330173072
Second_96,75,96,ReRZV_1d,2024,0.1412949792554639,dC_GP,-2.111055636054432,-2.1208883852124742,-2.4757534495107687,-1.664129373459177
Second_96,75,96,ReRZV_1d,2024,0.1412949792554639,dC_Med,-10.548049401700865,-10.48012711618501,-13.79862567777967,-7.654654497932295
Second_96,75,96,ReRZV_1d,2024,0.1412949792554639,dC_VacZVL,0,0,0,0
Second_96,75,96,ReRZV_1d,2024,0.1412949792554639,dC_VacRZV,85,85,85,85
Second_96,75,96,ReRZV_1d,2024,0.1412949792554639,dC_Vac,85,85,85,85
Second_96,75,96,ReRZV_1d,2024,0.1412949792554639,dC_All,74.45195059829913,74.519872883815,71.20137432222033,77.3453455020677
Second_96,75,96,ReRZV_1d,2024,0.1412949792554639,dC_Hosp_d,-8.301962815434218,-8.210046072082978,-11.527749821091462,-5.694370239191235
Second_96,75,96,ReRZV_1d,2024,0.1412949792554639,dC_GP_NonPHN_d,-1.5030761696750148,-1.5201295507685015,-1.7089874247559096,-1.2059815313628144
Second_96,75,96,ReRZV_1d,2024,0.1412949792554639,dC_GP_PHN_d,-0.5748250412107186,-0.5665043304448905,-0.8440898670673531,-0.3584872588829027
Second_96,75,96,ReRZV_1d,2024,0.1412949792554639,dC_GP_d,-2.0779012108857335,-2.0881858594840157,-2.437257103227509,-1.6369187558846854
Second_96,75,96,ReRZV_1d,2024,0.1412949792554639,dC_Med_d,-10.37986402631995,-10.320825201887573,-13.592443697430081,-7.52823077157588
Second_96,75,96,ReRZV_1d,2024,0.1412949792554639,dC_VacZVL_d,0,0,0,0
Second_96,75,96,ReRZV_1d,2024,0.1412949792554639,dC_VacRZV_d,85,85,85,85
Second_96,75,96,ReRZV_1d,2024,0.1412949792554639,dC_Vac_d,85,85,85,85
Second_96,75,96,ReRZV_1d,2024,0.1412949792554639,dC_All_d,74.62013597368005,74.67917479811243,71.40755630256992,77.47176922842412
Second_96,75,96,ReRZV_1d,2024,0.1412949792554639,dN_VacZVL,0,0,0,0
Second_96,75,96,ReRZV_1d,2024,0.1412949792554639,dN_VacRZV,1,1,1,1
Second_96,75,96,ReRZV_1d,2024,0.1412949792554639,dN_VacZVL_d,0,0,0,0
Second_96,75,96,ReRZV_1d,2024,0.1412949792554639,dN_VacRZV_d,1,1,1,1
Second_96,75,96,ReRZV_1d,2024,0.1412949792554639,ICER,30150.674640665005,29578.391651417034,23372.111836031403,40345.88922750507
Second_96,75,96,ReRZV_1d,2024,0.1412949792554639,Price0,85,85,85,85
Second_96,75,96,ReRZV_1d,2024,0.1412949792554639,Thres20,60.73640945394839,60.73470851794653,46.416957400815825,74.52135792989536
Second_96,75,96,ReRZV_1d,2024,0.1412949792554639,Thres30,85.9146821677626,86.06335060641342,65.48685980711599,105.73028134940685
Second_96,75,96,ReRZV_1d,2024,0.1412949792554639,Thres20_50,NA,60.73470851794653,NA,NA
Second_96,75,96,ReRZV_1d,2024,0.1412949792554639,Thres30_90,NA,73.22171665687964,NA,NA
Second_96,75,96,ReRZV_1d,2024,0.1412949792554639,Thres,NA,60.73470851794653,NA,NA
Second_96,75,96,ReRZV_2d,2024,0.1412949792554639,N0,0.1412949792554639,0.1412949792554639,0.1412949792554639,0.1412949792554639
Second_96,75,96,ReRZV_2d,2024,0.1412949792554639,dYear_Life,9.591617115741107e-5,9.574006398158927e-5,7.708170270223268e-5,1.1650391461716557e-4
Second_96,75,96,ReRZV_2d,2024,0.1412949792554639,dYear_Immunised,1.9286607206738247,1.9439254994610833,1.6937471456422208,2.0645026320234137
Second_96,75,96,ReRZV_2d,2024,0.1412949792554639,dRisk_HZ,-0.1528503071582446,-0.15366783804745884,-0.16719104151724065,-0.13383571749278683
Second_96,75,96,ReRZV_2d,2024,0.1412949792554639,dRisk_Hosp,-0.017604597966307926,-0.017366015102549866,-0.023529377891181293,-0.012830534355391292
Second_96,75,96,ReRZV_2d,2024,0.1412949792554639,dRisk_PHN,-0.011919778117024557,-0.011732745854448164,-0.01709258837869488,-0.007616763430353352
Second_96,75,96,ReRZV_2d,2024,0.1412949792554639,dRisk_Death,-4.682171140225308e-4,-4.668756233217394e-4,-5.687557797869957e-4,-3.7769308689984953e-4
Second_96,75,96,ReRZV_2d,2024,0.1412949792554639,dQ_Life,5.383858323049482e-5,5.37556003214634e-5,4.322191844739978e-5,6.537481702428822e-5
Second_96,75,96,ReRZV_2d,2024,0.1412949792554639,dQ_HZ,0.0026073813118381944,0.0026011546942584732,0.002056628572551824,0.0032061187245838937
Second_96,75,96,ReRZV_2d,2024,0.1412949792554639,dQ_HZ_Norm,6.818837075443175e-4,6.79932217704692e-4,5.383282765883541e-4,8.378661139366641e-4
Second_96,75,96,ReRZV_2d,2024,0.1412949792554639,dQ_All,0.0026446370154714696,0.002639922665832297,0.0020868398937110753,0.0032460240383932054
Second_96,75,96,ReRZV_2d,2024,0.1412949792554639,dQ_HZ_d,0.002565810405711556,0.002560360886470184,0.0020232224120278514,0.003155603590344779
Second_96,75,96,ReRZV_2d,2024,0.1412949792554639,dQ_HZ_Norm_d,6.710914568089782e-4,6.692907972480737e-4,5.297353433662479e-4,8.241290468728728e-4
Second_96,75,96,ReRZV_2d,2024,0.1412949792554639,dQ_Life_d,5.162578544904669e-5,5.1550370871331034e-5,4.144085749678849e-5,6.268669119949144e-5
Second_96,75,96,ReRZV_2d,2024,0.1412949792554639,dQ_All_d,0.0026174361911606003,0.002613637066505993,0.0020663023903830344,0.00320969076040298
Second_96,75,96,ReRZV_2d,2024,0.1412949792554639,dC_Hosp,-8.770141831466237,-8.654488625997121,-11.910549802002945,-6.247020304452861
Second_96,75,96,ReRZV_2d,2024,0.1412949792554639,dC_GP_NonPHN,-1.58766055426823,-1.59456461752234,-1.7636596485440712,-1.3681238428553326
Second_96,75,96,ReRZV_2d,2024,0.1412949792554639,dC_GP_PHN,-0.606915360466354,-0.5985352703564615,-0.8783491851288516,-0.38841671256001403
Second_96,75,96,ReRZV_2d,2024,0.1412949792554639,dC_GP,-2.194575914734584,-2.195111586794976,-2.5242137320977296,-1.8687222848926277
Second_96,75,96,ReRZV_2d,2024,0.1412949792554639,dC_Med,-10.96471774620082,-10.857848075075065,-14.079493649353815,-8.339279797835546
Second_96,75,96,ReRZV_2d,2024,0.1412949792554639,dC_VacZVL,0,0,0,0
Second_96,75,96,ReRZV_2d,2024,0.1412949792554639,dC_VacRZV,170,170,170,170
Second_96,75,96,ReRZV_2d,2024,0.1412949792554639,dC_Vac,170,170,170,170
Second_96,75,96,ReRZV_2d,2024,0.1412949792554639,dC_All,159.03528225379918,159.14215192492495,155.92050635064618,161.66072020216447
Second_96,75,96,ReRZV_2d,2024,0.1412949792554639,dC_Hosp_d,-8.629760335713135,-8.513258715866852,-11.718720451563057,-6.140435777538561
Second_96,75,96,ReRZV_2d,2024,0.1412949792554639,dC_GP_NonPHN_d,-1.562616372049178,-1.5694085577301555,-1.7361769437759784,-1.3466145180130917
Second_96,75,96,ReRZV_2d,2024,0.1412949792554639,dC_GP_PHN_d,-0.5974949909396585,-0.5894193005101289,-0.8650314864119175,-0.38277310349526544
Second_96,75,96,ReRZV_2d,2024,0.1412949792554639,dC_GP_d,-2.1601113629888364,-2.1603427309742567,-2.4849929944261904,-1.8394547824197418
Second_96,75,96,ReRZV_2d,2024,0.1412949792554639,dC_Med_d,-10.78987169870197,-10.684271404421835,-13.868327653208402,-8.204746837280755
Second_96,75,96,ReRZV_2d,2024,0.1412949792554639,dC_VacZVL_d,0,0,0,0
Second_96,75,96,ReRZV_2d,2024,0.1412949792554639,dC_VacRZV_d,170,170,170,170
Second_96,75,96,ReRZV_2d,2024,0.1412949792554639,dC_Vac_d,170,170,170,170
Second_96,75,96,ReRZV_2d,2024,0.1412949792554639,dC_All_d,159.21012830129803,159.31572859557815,156.13167234679162,161.79525316271923
Second_96,75,96,ReRZV_2d,2024,0.1412949792554639,dN_VacZVL,0,0,0,0
Second_96,75,96,ReRZV_2d,2024,0.1412949792554639,dN_VacRZV,2,2,2,2
Second_96,75,96,ReRZV_2d,2024,0.1412949792554639,dN_VacZVL_d,0,0,0,0
Second_96,75,96,ReRZV_2d,2024,0.1412949792554639,dN_VacRZV_d,2,2,2,2
Second_96,75,96,ReRZV_2d,2024,0.1412949792554639,ICER,61603.691488204575,60864.15789031991,49505.9971104838,77608.10063808557
Second_96,75,96,ReRZV_2d,2024,0.1412949792554639,Price0,85,85,85,85
Second_96,75,96,ReRZV_2d,2024,0.1412949792554639,Thres20,31.56929776095699,31.521184444905877,25.555829566258662,37.8252132990222
Second_96,75,96,ReRZV_2d,2024,0.1412949792554639,Thres30,44.65647871675999,44.59612612736615,35.91470196384703,53.739176149321736
Second_96,75,96,ReRZV_2d,2024,0.1412949792554639,Thres20_50,NA,31.521184444905877,NA,NA
Second_96,75,96,ReRZV_2d,2024,0.1412949792554639,Thres30_90,NA,39.00384796798153,NA,NA
Second_96,75,96,ReRZV_2d,2024,0.1412949792554639,Thres,NA,31.521184444905877,NA,NA
Second_97,70,97,ReRZV_1d,2024,0.0988399060017881,N0,0.0988399060017881,0.0988399060017881,0.0988399060017881,0.0988399060017881
Second_97,70,97,ReRZV_1d,2024,0.0988399060017881,dYear_Life,6.541435980576284e-5,6.541894916558885e-5,5.018199027944178e-5,8.001295705081587e-5
Second_97,70,97,ReRZV_1d,2024,0.0988399060017881,dYear_Immunised,1.628153328262312,1.6524304495668969,1.3232248142635081,1.7812440039291682
Second_97,70,97,ReRZV_1d,2024,0.0988399060017881,dRisk_HZ,-0.18848175992518496,-0.19093895975975045,-0.21061964060744337,-0.1520839043715162
Second_97,70,97,ReRZV_1d,2024,0.0988399060017881,dRisk_Hosp,-0.021729336731172912,-0.021513811093782594,-0.029566397395506146,-0.014969387105971066
Second_97,70,97,ReRZV_1d,2024,0.0988399060017881,dRisk_PHN,-0.014525055484816111,-0.01420298176972189,-0.021630431739724065,-0.008959941107128831
Second_97,70,97,ReRZV_1d,2024,0.0988399060017881,dRisk_Death,-5.819217518602709e-4,-5.817093211877391e-4,-7.127490646662934e-4,-4.4704859201955525e-4
Second_97,70,97,ReRZV_1d,2024,0.0988399060017881,dQ_Life,3.416504672889843e-5,3.417377311403937e-5,2.616922128968977e-5,4.177237123066794e-5
Second_97,70,97,ReRZV_1d,2024,0.0988399060017881,dQ_HZ,0.002095947797787785,0.0020978701935236905,0.0015633632777961955,0.0026353167005978458
Second_97,70,97,ReRZV_1d,2024,0.0988399060017881,dQ_HZ_Norm,5.454173191583283e-4,5.445208878009117e-4,4.097097701377155e-4,6.796232900752086e-4
Second_97,70,97,ReRZV_1d,2024,0.0988399060017881,dQ_All,0.002114717075607133,0.0021164809091173816,0.0015782989819411283,0.0026542496167429046
Second_97,70,97,ReRZV_1d,2024,0.0988399060017881,dQ_HZ_d,0.0020724117186866416,0.002074136652380374,0.0015450453981647005,0.0026060370845839742
Second_97,70,97,ReRZV_1d,2024,0.0988399060017881,dQ_HZ_Norm_d,5.393264021857536e-4,5.384387703071443e-4,4.0528413426434845e-4,6.72192421085773e-4
Second_97,70,97,ReRZV_1d,2024,0.0988399060017881,dQ_Life_d,3.302265919233977e-5,3.303125115144216e-5,2.5292981691426986e-5,4.037511418517179e-5
Second_97,70,97,ReRZV_1d,2024,0.0988399060017881,dQ_All_d,0.002105434377878982,0.0021066781232425133,0.0015719652111664036,0.0026392943209152257
Second_97,70,97,ReRZV_1d,2024,0.0988399060017881,dC_Hosp,-7.05860222050763,-6.983200186811704,-9.844140276231359,-4.722207708981874
Second_97,70,97,ReRZV_1d,2024,0.0988399060017881,dC_GP_NonPHN,-1.2675704598877875,-1.2797775242841567,-1.438950847275595,-1.0152803740936345
Second_97,70,97,ReRZV_1d,2024,0.0988399060017881,dC_GP_PHN,-0.47886903370865197,-0.4706120264415643,-0.7162840886336626,-0.2903545834139062
Second_97,70,97,ReRZV_1d,2024,0.0988399060017881,dC_GP,-1.7464394935964394,-1.7562961153439614,-2.049548881644529,-1.3773072184814672
Second_97,70,97,ReRZV_1d,2024,0.0988399060017881,dC_Med,-8.80504171410407,-8.75669847144457,-11.612576472266113,-6.31254696674164
Second_97,70,97,ReRZV_1d,2024,0.0988399060017881,dC_VacZVL,0,0,0,0
Second_97,70,97,ReRZV_1d,2024,0.0988399060017881,dC_VacRZV,85,85,84.99999999999999,85.00000000000001
Second_97,70,97,ReRZV_1d,2024,0.0988399060017881,dC_Vac,85,85,84.99999999999999,85.00000000000001
Second_97,70,97,ReRZV_1d,2024,0.0988399060017881,dC_All,76.19495828589594,76.24330152855543,73.38742352773389,78.68745303325835
Second_97,70,97,ReRZV_1d,2024,0.0988399060017881,dC_Hosp_d,-6.978852150862997,-6.90444397296574,-9.72959476102852,-4.661687053083717
Second_97,70,97,ReRZV_1d,2024,0.0988399060017881,dC_GP_NonPHN_d,-1.2534659817517317,-1.26559202410625,-1.4227233843394003,-1.003901745485376
Second_97,70,97,ReRZV_1d,2024,0.0988399060017881,dC_GP_PHN_d,-0.47359177497387733,-0.4654092289430894,-0.7091490982058853,-0.28709254526209116
Second_97,70,97,ReRZV_1d,2024,0.0988399060017881,dC_GP_d,-1.7270577567256091,-1.7371220006150512,-2.02752855081497,-1.36143546047491
Second_97,70,97,ReRZV_1d,2024,0.0988399060017881,dC_Med_d,-8.705909907588605,-8.664813576167724,-11.49075928533835,-6.2398007328172245
Second_97,70,97,ReRZV_1d,2024,0.0988399060017881,dC_VacZVL_d,0,0,0,0
Second_97,70,97,ReRZV_1d,2024,0.0988399060017881,dC_VacRZV_d,85,85,84.99999999999999,85.00000000000001
Second_97,70,97,ReRZV_1d,2024,0.0988399060017881,dC_Vac_d,85,85,84.99999999999999,85.00000000000001
Second_97,70,97,ReRZV_1d,2024,0.0988399060017881,dC_All_d,76.2940900924114,76.33518642383228,73.50924071466164,78.76019926718277
Second_97,70,97,ReRZV_1d,2024,0.0988399060017881,dN_VacZVL,0,0,0,0
Second_97,70,97,ReRZV_1d,2024,0.0988399060017881,dN_VacRZV,1,1,1,1
Second_97,70,97,ReRZV_1d,2024,0.0988399060017881,dN_VacZVL_d,0,0,0,0
Second_97,70,97,ReRZV_1d,2024,0.0988399060017881,dN_VacRZV_d,1,1,1,1
Second_97,70,97,ReRZV_1d,2024,0.0988399060017881,ICER,36858.0166146326,36193.832579782196,28741.574119238296,48907.540071857984
Second_97,70,97,ReRZV_1d,2024,0.0988399060017881,Price0,85,85,84.99999999999999,85.00000000000001
Second_97,70,97,ReRZV_1d,2024,0.0988399060017881,Thres20,50.81459746516824,50.83773890692667,38.94894038234753,62.12739481794475
Second_97,70,97,ReRZV_1d,2024,0.0988399060017881,Thres30,71.86894124395806,71.95974647052938,54.90806939394247,88.30255218549989
Second_97,70,97,ReRZV_1d,2024,0.0988399060017881,Thres20_50,NA,50.83773890692667,NA,NA
Second_97,70,97,ReRZV_1d,2024,0.0988399060017881,Thres30_90,NA,61.043842589036366,NA,NA
Second_97,70,97,ReRZV_1d,2024,0.0988399060017881,Thres,NA,50.83773890692667,NA,NA
Second_97,70,97,ReRZV_2d,2024,0.0988399060017881,N0,0.0988399060017881,0.0988399060017881,0.0988399060017881,0.0988399060017881
Second_97,70,97,ReRZV_2d,2024,0.0988399060017881,dYear_Life,6.794477392885062e-5,6.786214251227047e-5,5.459468609482326e-5,8.223603122101764e-5
Second_97,70,97,ReRZV_2d,2024,0.0988399060017881,dYear_Immunised,1.6912498699154592,1.706989593773224,1.4947389378199554,1.7926841178922623
Second_97,70,97,ReRZV_2d,2024,0.0988399060017881,dRisk_HZ,-0.1957864827560128,-0.19698908119807282,-0.21337217743203796,-0.17225767155155206
Second_97,70,97,ReRZV_2d,2024,0.0988399060017881,dRisk_Hosp,-0.02257333346642497,-0.02236699390627194,-0.03057818784180035,-0.016019565816569308
Second_97,70,97,ReRZV_2d,2024,0.0988399060017881,dRisk_PHN,-0.015085324178872287,-0.014821421181129397,-0.022070995042535724,-0.009388637110868582
Second_97,70,97,ReRZV_2d,2024,0.0988399060017881,dRisk_Death,-6.044485111687345e-4,-6.030378946259192e-4,-7.307469412257929e-4,-4.879235045489391e-4
Second_97,70,97,ReRZV_2d,2024,0.0988399060017881,dQ_Life,3.548645335496299e-5,3.5446963543515625e-5,2.850700879815928e-5,4.297531924425356e-5
Second_97,70,97,ReRZV_2d,2024,0.0988399060017881,dQ_HZ,0.0021770932641426736,0.002167052685626842,0.0017194566513822139,0.0026894567319971784
Second_97,70,97,ReRZV_2d,2024,0.0988399060017881,dQ_HZ_Norm,5.665344735929877e-4,5.632894043327442e-4,4.5046838918231787e-4,6.974639211286148e-4
Second_97,70,97,ReRZV_2d,2024,0.0988399060017881,dQ_All,0.0021965882363128857,0.0021864508623786107,0.0017363154392963176,0.0027095069694180024
Second_97,70,97,ReRZV_2d,2024,0.0988399060017881,dQ_HZ_d,0.0021526447369731444,0.002142637213900573,0.0017000873719798422,0.0026582800235973843
Second_97,70,97,ReRZV_2d,2024,0.0988399060017881,dQ_HZ_Norm_d,5.602074237127783e-4,5.570647389395209e-4,4.4551073145220006e-4,6.893897908941198e-4
Second_97,70,97,ReRZV_2d,2024,0.0988399060017881,dQ_Life_d,3.4299876059032167e-05,3.42615482827601e-5,2.755360707995571e-5,4.153905181729501e-5
Second_97,70,97,ReRZV_2d,2024,0.0988399060017881,dQ_All_d,0.0021869446130321785,0.002177734808743276,0.0017300962145701526,0.00269529816887078
Second_97,70,97,ReRZV_2d,2024,0.0988399060017881,dC_Hosp,-7.332543810182354,-7.237558010137402,-10.130584366424106,-5.0797449838040825
Second_97,70,97,ReRZV_2d,2024,0.0988399060017881,dC_GP_NonPHN,-1.3166832396932362,-1.319943532125516,-1.461242929361216,-1.1344299992758582
Second_97,70,97,ReRZV_2d,2024,0.0988399060017881,dC_GP_PHN,-0.4973250409312921,-0.48963326147573694,-0.7409548537896221,-0.3094261637737061
Second_97,70,97,ReRZV_2d,2024,0.0988399060017881,dC_GP,-1.8140082806245281,-1.8133078676699619,-2.0792180516845953,-1.5407628536058526
Second_97,70,97,ReRZV_2d,2024,0.0988399060017881,dC_Med,-9.146552090806882,-9.06900006736645,-11.937483188649013,-6.83409443055921
Second_97,70,97,ReRZV_2d,2024,0.0988399060017881,dC_VacZVL,0,0,0,0
Second_97,70,97,ReRZV_2d,2024,0.0988399060017881,dC_VacRZV,170,170,169.99999999999997,170.00000000000003
Second_97,70,97,ReRZV_2d,2024,0.0988399060017881,dC_Vac,170,170,169.99999999999997,170.00000000000003
Second_97,70,97,ReRZV_2d,2024,0.0988399060017881,dC_All,160.8534479091931,160.93099993263357,158.062516811351,163.16590556944078
Second_97,70,97,ReRZV_2d,2024,0.0988399060017881,dC_Hosp_d,-7.249697028024723,-7.156267381159003,-10.030955691306076,-5.018919478958456
Second_97,70,97,ReRZV_2d,2024,0.0988399060017881,dC_GP_NonPHN_d,-1.302031485919854,-1.3052871524029483,-1.4447758893643587,-1.1218865017301496
Second_97,70,97,ReRZV_2d,2024,0.0988399060017881,dC_GP_PHN_d,-0.4918441657810038,-0.48410617313371485,-0.7323724681783519,-0.30568112221204397
Second_97,70,97,ReRZV_2d,2024,0.0988399060017881,dC_GP_d,-1.7938756517008578,-1.7930792168520688,-2.0553791500694425,-1.522334030685249
Second_97,70,97,ReRZV_2d,2024,0.0988399060017881,dC_Med_d,-9.043572679725582,-8.967536641315078,-11.801683174866394,-6.756405112596444
Second_97,70,97,ReRZV_2d,2024,0.0988399060017881,dC_VacZVL_d,0,0,0,0
Second_97,70,97,ReRZV_2d,2024,0.0988399060017881,dC_VacRZV_d,170,170,169.99999999999997,170.00000000000003
Second_97,70,97,ReRZV_2d,2024,0.0988399060017881,dC_Vac_d,170,170,169.99999999999997,170.00000000000003
Second_97,70,97,ReRZV_2d,2024,0.0988399060017881,dC_All_d,160.95642732027443,161.0324633586849,158.19831682513362,163.2435948874035
Second_97,70,97,ReRZV_2d,2024,0.0988399060017881,dN_VacZVL,0,0,0,0
Second_97,70,97,ReRZV_2d,2024,0.0988399060017881,dN_VacRZV,2,2,2,2
Second_97,70,97,ReRZV_2d,2024,0.0988399060017881,dN_VacZVL_d,0,0,0,0
Second_97,70,97,ReRZV_2d,2024,0.0988399060017881,dN_VacRZV_d,2,2,2,2
Second_97,70,97,ReRZV_2d,2024,0.0988399060017881,ICER,74549.01239367091,73805.21176930066,59823.47413622844,93381.7374997975
Second_97,70,97,ReRZV_2d,2024,0.0988399060017881,Price0,85,85,84.99999999999999,85.00000000000001
Second_97,70,97,ReRZV_2d,2024,0.0988399060017881,Thres20,26.391232470184576,26.324392143865907,21.317809457059795,31.751649575176653
Second_97,70,97,ReRZV_2d,2024,0.0988399060017881,Thres30,37.32595553534547,37.17913140112275,30.02284764508601,45.0182941149218
Second_97,70,97,ReRZV_2d,2024,0.0988399060017881,Thres20_50,NA,26.324392143865907,NA,NA
Second_97,70,97,ReRZV_2d,2024,0.0988399060017881,Thres30_90,NA,32.572280206011904,NA,NA
Second_97,70,97,ReRZV_2d,2024,0.0988399060017881,Thres,NA,26.324392143865907,NA,NA
Second_97,75,97,ReRZV_1d,2024,0.1084514413609801,N0,0.1084514413609801,0.1084514413609801,0.1084514413609801,0.1084514413609801
Second_97,75,97,ReRZV_1d,2024,0.1084514413609801,dYear_Life,6.430846523988996e-5,6.427157927627665e-5,4.923472229601913e-5,7.900735612425953e-5
Second_97,75,97,ReRZV_1d,2024,0.1084514413609801,dYear_Immunised,1.6019245335762662,1.6261180222856346,1.300252550951976,1.7620607485957913
Second_97,75,97,ReRZV_1d,2024,0.1084514413609801,dRisk_HZ,-0.16900597418304605,-0.17130864391973452,-0.18962676978893692,-0.13614430874621872
Second_97,75,97,ReRZV_1d,2024,0.1084514413609801,dRisk_Hosp,-0.019484078356336417,-0.019295237771380445,-0.02661018462673286,-0.013416795014524216
Second_97,75,97,ReRZV_1d,2024,0.1084514413609801,dRisk_PHN,-0.013023787999682374,-0.01274714292842187,-0.019304460900066763,-0.007958914322291994
Second_97,75,97,ReRZV_1d,2024,0.1084514413609801,dRisk_Death,-5.218021893839296e-4,-5.215455006809382e-4,-6.411523911310816e-4,-3.992308558425416e-4
Second_97,75,97,ReRZV_1d,2024,0.1084514413609801,dQ_Life,3.358130692444384e-5,3.3557784213563686e-5,2.570278669346502e-5,4.1262247621460506e-5
Second_97,75,97,ReRZV_1d,2024,0.1084514413609801,dQ_HZ,0.0020612448915845183,0.0020598427631222456,0.0015251087884724053,0.0026012299486855386
Second_97,75,97,ReRZV_1d,2024,0.1084514413609801,dQ_HZ_Norm,5.363787616760056e-4,5.351849533343909e-4,4.01242735184235e-4,6.720234549319461e-4
Second_97,75,97,ReRZV_1d,2024,0.1084514413609801,dQ_All,0.0020796853108448255,0.0020786730845159997,0.0015399144390621207,0.002620042829660735
Second_97,75,97,ReRZV_1d,2024,0.1084514413609801,dQ_HZ_d,0.0020380655104433897,0.002036678964870496,0.0015079622755464269,0.002571279617810891
Second_97,75,97,ReRZV_1d,2024,0.1084514413609801,dQ_HZ_Norm_d,5.30380211895519e-4,5.293362111525603e-4,3.966027267619148e-4,6.64280318614626e-4
Second_97,75,97,ReRZV_1d,2024,0.1084514413609801,dQ_Life_d,3.245825539632989e-5,3.2436408888479566e-5,2.4841862597221633e-5,3.988247690953433e-5
Second_97,75,97,ReRZV_1d,2024,0.1084514413609801,dQ_All_d,0.0020705237658397192,0.002069642803935009,0.00153259815985377,0.0026056510141343435
Second_97,75,97,ReRZV_1d,2024,0.1084514413609801,dC_Hosp,-6.941746780659529,-6.877123523950808,-9.734919763571964,-4.624699459305997
Second_97,75,97,ReRZV_1d,2024,0.1084514413609801,dC_GP_NonPHN,-1.246572268571952,-1.2590714973209187,-1.4214980077607922,-0.9935326068106505
Second_97,75,97,ReRZV_1d,2024,0.1084514413609801,dC_GP_PHN,-0.470929575365563,-0.46234917942711373,-0.7053316163088699,-0.2831501219717438
Second_97,75,97,ReRZV_1d,2024,0.1084514413609801,dC_GP,-1.7175018439375151,-1.7271712773432724,-2.0268132211380436,-1.350507234834179
Second_97,75,97,ReRZV_1d,2024,0.1084514413609801,dC_Med,-8.659248624597044,-8.614912917104574,-11.458846398463725,-6.210211715748385
Second_97,75,97,ReRZV_1d,2024,0.1084514413609801,dC_VacZVL,0,0,0,0
Second_97,75,97,ReRZV_1d,2024,0.1084514413609801,dC_VacRZV,85,85,84.99999999999999,85.00000000000001
Second_97,75,97,ReRZV_1d,2024,0.1084514413609801,dC_Vac,85,85,84.99999999999999,85.00000000000001
Second_97,75,97,ReRZV_1d,2024,0.1084514413609801,dC_All,76.34075137540296,76.38508708289541,73.54115360153627,78.78978828425161
Second_97,75,97,ReRZV_1d,2024,0.1084514413609801,dC_Hosp_d,-6.863204145415235,-6.799738986097006,-9.623548563823121,-4.578051709119361
Second_97,75,97,ReRZV_1d,2024,0.1084514413609801,dC_GP_NonPHN_d,-1.2326815795146913,-1.2449778916767031,-1.4062510932440109,-0.9823059019830026
Second_97,75,97,ReRZV_1d,2024,0.1084514413609801,dC_GP_PHN_d,-0.4657323841582483,-0.45750974671610245,-0.6976886231445845,-0.2797771477654828
Second_97,75,97,ReRZV_1d,2024,0.1084514413609801,dC_GP_d,-1.6984139636729394,-1.7082141367227952,-2.003571333419079,-1.3353364153961136
Second_97,75,97,ReRZV_1d,2024,0.1084514413609801,dC_Med_d,-8.561618109088174,-8.521548666114075,-11.315482752846831,-6.13699856384577
Second_97,75,97,ReRZV_1d,2024,0.1084514413609801,dC_VacZVL_d,0,0,0,0
Second_97,75,97,ReRZV_1d,2024,0.1084514413609801,dC_VacRZV_d,85,85,84.99999999999999,85.00000000000001
Second_97,75,97,ReRZV_1d,2024,0.1084514413609801,dC_Vac_d,85,85,84.99999999999999,85.00000000000001
Second_97,75,97,ReRZV_1d,2024,0.1084514413609801,dC_All_d,76.43838189091183,76.47845133388593,73.68451724715317,78.86300143615425
Second_97,75,97,ReRZV_1d,2024,0.1084514413609801,dN_VacZVL,0,0,0,0
Second_97,75,97,ReRZV_1d,2024,0.1084514413609801,dN_VacRZV,1,1,1,1
Second_97,75,97,ReRZV_1d,2024,0.1084514413609801,dN_VacZVL_d,0,0,0,0
Second_97,75,97,ReRZV_1d,2024,0.1084514413609801,dN_VacRZV_d,1,1,1,1
Second_97,75,97,ReRZV_1d,2024,0.1084514413609801,ICER,37569.90592888542,36925.60286374585,29080.47352958226,50024.28771434699
Second_97,75,97,ReRZV_1d,2024,0.1084514413609801,Price0,85,85,84.99999999999999,85.00000000000001
Second_97,75,97,ReRZV_1d,2024,0.1084514413609801,Thres20,49.972093425882555,49.96093432168694,38.19323693196916,61.214622396256814
Second_97,75,97,ReRZV_1d,2024,0.1084514413609801,Thres30,70.67733108427974,70.69260840371089,53.85755714782054,87.4138762591794
Second_97,75,97,ReRZV_1d,2024,0.1084514413609801,Thres20_50,NA,49.96093432168694,NA,NA
Second_97,75,97,ReRZV_1d,2024,0.1084514413609801,Thres30_90,NA,59.78065557262918,NA,NA
Second_97,75,97,ReRZV_1d,2024,0.1084514413609801,Thres,NA,49.96093432168694,NA,NA
Second_97,75,97,ReRZV_2d,2024,0.1084514413609801,N0,0.1084514413609801,0.1084514413609801,0.1084514413609801,0.1084514413609801
Second_97,75,97,ReRZV_2d,2024,0.1084514413609801,dYear_Life,6.683888097493787e-5,6.67401594803722e-5,5.3626265337738195e-5,8.106230138328023e-5
Second_97,75,97,ReRZV_2d,2024,0.1084514413609801,dYear_Immunised,1.6650211151034655,1.6794523754002428,1.468722141674825,1.7769036166911825
Second_97,75,97,ReRZV_2d,2024,0.1084514413609801,dRisk_HZ,-0.1756633142933664,-0.17667461154821446,-0.19213873977474988,-0.153675435306113
Second_97,75,97,ReRZV_2d,2024,0.1084514413609801,dRisk_Hosp,-0.02025327570234571,-0.02011578402213348,-0.02742857942232155,-0.014363936999615783
Second_97,75,97,ReRZV_2d,2024,0.1084514413609801,dRisk_PHN,-0.013534402755360478,-0.01330736701228009,-0.01978673441941275,-0.008434985868147027
Second_97,75,97,ReRZV_2d,2024,0.1084514413609801,dRisk_Death,-5.42332507350214e-4,-5.412469028964193e-4,-6.571760678611843e-4,-4.3735599595351026e-4
Second_97,75,97,ReRZV_2d,2024,0.1084514413609801,dQ_Life,3.490271439229364e-5,3.485360291955576e-5,2.797954173834678e-5,4.241103437974529e-5
Second_97,75,97,ReRZV_2d,2024,0.1084514413609801,dQ_HZ,0.0021423904092677335,0.0021365261987865906,0.0016899148034235333,0.0026487534186507536
Second_97,75,97,ReRZV_2d,2024,0.1084514413609801,dQ_HZ_Norm,5.574959294453671e-4,5.549136890141101e-4,4.4169314883930725e-4,6.868869379034636e-4
Second_97,75,97,ReRZV_2d,2024,0.1084514413609801,dQ_All,0.0021615565233412,0.0021553872675482023,0.0017047519865771648,0.0026668200088732644
Second_97,75,97,ReRZV_2d,2024,0.1084514413609801,dQ_HZ_d,0.002118298579481098,0.0021122465269811106,0.0016704718304145765,0.002618258502807884
Second_97,75,97,ReRZV_2d,2024,0.1084514413609801,dQ_HZ_Norm_d,5.512612466081589e-4,5.48767801637096e-4,4.3678112324235433e-4,6.791290558722143e-4
Second_97,75,97,ReRZV_2d,2024,0.1084514413609801,dQ_Life_d,3.373547307665928e-5,3.368835718310263e-5,2.7043299557987717e-5,4.099623184663413e-5
Second_97,75,97,ReRZV_2d,2024,0.1084514413609801,dQ_All_d,0.0021520340525577556,0.002146113705419756,0.0016986807655207487,0.0026524079005351103
Second_97,75,97,ReRZV_2d,2024,0.1084514413609801,dC_Hosp,-7.215688543249543,-7.122882521681431,-9.959321482068573,-4.962343667453584
Second_97,75,97,ReRZV_2d,2024,0.1084514413609801,dC_GP_NonPHN,-1.295685079411906,-1.2998470533099453,-1.441406388590416,-1.1115232939644462
Second_97,75,97,ReRZV_2d,2024,0.1084514413609801,dC_GP_PHN,-0.4893855942693768,-0.48195474041875364,-0.7294617010572955,-0.30397831826780464
Second_97,75,97,ReRZV_2d,2024,0.1084514413609801,dC_GP,-1.7850706736812827,-1.7842723524175166,-2.0518931654141497,-1.5098927898857282
Second_97,75,97,ReRZV_2d,2024,0.1084514413609801,dC_Med,-9.000759216930826,-8.925521660871368,-11.760929771553027,-6.702889299783189
Second_97,75,97,ReRZV_2d,2024,0.1084514413609801,dC_VacZVL,0,0,0,0
Second_97,75,97,ReRZV_2d,2024,0.1084514413609801,dC_VacRZV,170,170,169.99999999999997,170.00000000000003
Second_97,75,97,ReRZV_2d,2024,0.1084514413609801,dC_Vac,170,170,169.99999999999997,170.00000000000003
Second_97,75,97,ReRZV_2d,2024,0.1084514413609801,dC_All,160.99924078306918,161.07447833912863,158.23907022844696,163.29711070021682
Second_97,75,97,ReRZV_2d,2024,0.1084514413609801,dC_Hosp_d,-7.134049193541216,-7.035903334732849,-9.86035497411098,-4.902830582071598
Second_97,75,97,ReRZV_2d,2024,0.1084514413609801,dC_GP_NonPHN_d,-1.2812471143714619,-1.2856248360995473,-1.425576808962776,-1.0990808556382163
Second_97,75,97,ReRZV_2d,2024,0.1084514413609801,dC_GP_PHN_d,-0.4839847865176261,-0.4762982186561845,-0.7208410174908964,-0.30094306158636924
Second_97,75,97,ReRZV_2d,2024,0.1084514413609801,dC_GP_d,-1.765231900889088,-1.7644092081877272,-2.0290018665083283,-1.491373818692701
Second_97,75,97,ReRZV_2d,2024,0.1084514413609801,dC_Med_d,-8.899281094430304,-8.824167084935626,-11.624035526516248,-6.624527855854002
Second_97,75,97,ReRZV_2d,2024,0.1084514413609801,dC_VacZVL_d,0,0,0,0
Second_97,75,97,ReRZV_2d,2024,0.1084514413609801,dC_VacRZV_d,170,170,169.99999999999997,170.00000000000003
Second_97,75,97,ReRZV_2d,2024,0.1084514413609801,dC_Vac_d,170,170,169.99999999999997,170.00000000000003
Second_97,75,97,ReRZV_2d,2024,0.1084514413609801,dC_All_d,161.1007189055697,161.17583291506438,158.37596447348372,163.37547214414602
Second_97,75,97,ReRZV_2d,2024,0.1084514413609801,dN_VacZVL,0,0,0,0
Second_97,75,97,ReRZV_2d,2024,0.1084514413609801,dN_VacRZV,2,2,2,2
Second_97,75,97,ReRZV_2d,2024,0.1084514413609801,dN_VacZVL_d,0,0,0,0
Second_97,75,97,ReRZV_2d,2024,0.1084514413609801,dN_VacRZV_d,2,2,2,2
Second_97,75,97,ReRZV_2d,2024,0.1084514413609801,ICER,75850.18579988922,75079.62842739956,60558.46421182055,95309.26682990346
Second_97,75,97,ReRZV_2d,2024,0.1084514413609801,Price0,85,85,84.99999999999999,85.00000000000001
Second_97,75,97,ReRZV_2d,2024,0.1084514413609801,Thres20,25.969981072792706,25.92647015351553,20.845352437900274,31.328991936642208
Second_97,75,97,ReRZV_2d,2024,0.1084514413609801,Thres30,36.73015133558148,36.6165237331621,29.44184243737362,44.54510240454413
Second_97,75,97,ReRZV_2d,2024,0.1084514413609801,Thres20_50,NA,25.92647015351553,NA,NA
Second_97,75,97,ReRZV_2d,2024,0.1084514413609801,Thres30_90,NA,31.988310592346924,NA,NA
Second_97,75,97,ReRZV_2d,2024,0.1084514413609801,Thres,NA,25.92647015351553,NA,NA
Second_98,70,98,ReRZV_1d,2024,0.07366865818145592,N0,0.07366865818145592,0.07366865818145592,0.07366865818145592,0.07366865818145592
Second_98,70,98,ReRZV_1d,2024,0.07366865818145592,dYear_Life,3.9029316486726266e-5,3.9043035658338124e-5,2.9848731409060026e-5,4.775067716651462e-5
Second_98,70,98,ReRZV_1d,2024,0.07366865818145592,dYear_Immunised,1.3425287849609042,1.3626891116742295,1.0916096180828334,1.4665571899043996
Second_98,70,98,ReRZV_1d,2024,0.07366865818145592,dRisk_HZ,-0.21367773601364767,-0.21637303546674802,-0.23967877507823115,-0.172737146485318
Second_98,70,98,ReRZV_1d,2024,0.07366865818145592,dRisk_Hosp,-0.024690617451885784,-0.02428544961631501,-0.03511811068220699,-0.016222489884213508
Second_98,70,98,ReRZV_1d,2024,0.07366865818145592,dRisk_PHN,-0.016310473900705735,-0.015903925868663776,-0.024717982622088273,-0.009633646242230348
Second_98,70,98,ReRZV_1d,2024,0.07366865818145592,dRisk_Death,-6.651778923221156e-4,-6.649468885450902e-4,-8.125289248220287e-4,-5.113377374220391e-4
Second_98,70,98,ReRZV_1d,2024,0.07366865818145592,dQ_Life,1.77770476194839e-5,1.7781932838012555e-5,1.3593918088629746e-5,2.176614899712735e-5
Second_98,70,98,ReRZV_1d,2024,0.07366865818145592,dQ_HZ,0.001561978685870269,0.0015583983323595567,0.0011676261435635798,0.0019623394191254934
Second_98,70,98,ReRZV_1d,2024,0.07366865818145592,dQ_HZ_Norm,4.0466175395263015e-4,4.032212244892187e-4,3.027431395879778e-4,5.074855240225859e-4
Second_98,70,98,ReRZV_1d,2024,0.07366865818145592,dQ_All,0.0015673175037244518,0.0015639014250705982,0.0011718221641466512,0.0019677791504612214
Second_98,70,98,ReRZV_1d,2024,0.07366865818145592,dQ_HZ_d,0.0015526311151103393,0.0015489872817344517,0.001160558801528034,0.00195090680333273
Second_98,70,98,ReRZV_1d,2024,0.07366865818145592,dQ_HZ_Norm_d,4.0224935228125146e-4,4.008450049038068e-4,3.009293359529473e-4,5.046395478738936e-4
Second_98,70,98,ReRZV_1d,2024,0.07366865818145592,dQ_Life_d,1.7333232922221046e-5,1.7338322203934654e-5,1.325452181997135e-5,2.1222522322403233e-5
Second_98,70,98,ReRZV_1d,2024,0.07366865818145592,dQ_All_d,0.0015699643480325588,0.001566360705944448,0.001174811888700842,0.001968558823089999
Second_98,70,98,ReRZV_1d,2024,0.07366865818145592,dC_Hosp,-5.277833827010371,-5.201413975647042,-7.710158838968195,-3.317696200456351
Second_98,70,98,ReRZV_1d,2024,0.07366865818145592,dC_GP_NonPHN,-0.9380413608559381,-0.9466288638686251,-1.0766879469361053,-0.745779538959569
Second_98,70,98,ReRZV_1d,2024,0.07366865818145592,dC_GP_PHN,-0.35141734962336585,-0.3428115120975752,-0.5460596749750246,-0.20765547270615536
Second_98,70,98,ReRZV_1d,2024,0.07366865818145592,dC_GP,-1.289458710479304,-1.2949709463580477,-1.5264355482512626,-1.0248222864336336
Second_98,70,98,ReRZV_1d,2024,0.07366865818145592,dC_Med,-6.567292537489674,-6.4829964220850735,-9.020254556224764,-4.475469287052357
Second_98,70,98,ReRZV_1d,2024,0.07366865818145592,dC_VacZVL,0,0,0,0
Second_98,70,98,ReRZV_1d,2024,0.07366865818145592,dC_VacRZV,85,85,85,85
Second_98,70,98,ReRZV_1d,2024,0.07366865818145592,dC_Vac,85,85,85,85
Second_98,70,98,ReRZV_1d,2024,0.07366865818145592,dC_All,78.43270746251032,78.51700357791493,75.97974544377523,80.52453071294765
Second_98,70,98,ReRZV_1d,2024,0.07366865818145592,dC_Hosp_d,-5.245940780897111,-5.168771728024198,-7.665742201402572,-3.298945811340571
Second_98,70,98,ReRZV_1d,2024,0.07366865818145592,dC_GP_NonPHN_d,-0.9324700139303368,-0.9410222885116191,-1.0704490610889221,-0.7415164197216954
Second_98,70,98,ReRZV_1d,2024,0.07366865818145592,dC_GP_PHN_d,-0.34933937770466456,-0.34046386461713773,-0.5431076750129762,-0.20658345173536405
Second_98,70,98,ReRZV_1d,2024,0.07366865818145592,dC_GP_d,-1.2818093916350015,-1.2874288855920155,-1.5173408092078176,-1.019062005509759
Second_98,70,98,ReRZV_1d,2024,0.07366865818145592,dC_Med_d,-6.527750172532112,-6.444234496333669,-8.965318724396615,-4.445265777459083
Second_98,70,98,ReRZV_1d,2024,0.07366865818145592,dC_VacZVL_d,0,0,0,0
Second_98,70,98,ReRZV_1d,2024,0.07366865818145592,dC_VacRZV_d,85,85,85,85
Second_98,70,98,ReRZV_1d,2024,0.07366865818145592,dC_Vac_d,85,85,85,85
Second_98,70,98,ReRZV_1d,2024,0.07366865818145592,dC_All_d,78.47224982746789,78.55576550366634,76.03468127560339,80.5547342225409
Second_98,70,98,ReRZV_1d,2024,0.07366865818145592,dN_VacZVL,0,0,0,0
Second_98,70,98,ReRZV_1d,2024,0.07366865818145592,dN_VacRZV,1,1,1,1
Second_98,70,98,ReRZV_1d,2024,0.07366865818145592,dN_VacZVL_d,0,0,0,0
Second_98,70,98,ReRZV_1d,2024,0.07366865818145592,dN_VacRZV_d,1,1,1,1
Second_98,70,98,ReRZV_1d,2024,0.07366865818145592,ICER,50878.5894254218,50033.30479784167,39523.79268476684,68042.9205476702
Second_98,70,98,ReRZV_1d,2024,0.07366865818145592,Price0,85,85,85,85
Second_98,70,98,ReRZV_1d,2024,0.07366865818145592,Thres20,37.92703713318329,37.9842028606688,28.764820766787786,46.876552684681904
Second_98,70,98,ReRZV_1d,2024,0.07366865818145592,Thres30,53.626680613508874,53.63796268678297,40.55166843608268,66.40496357737086
Second_98,70,98,ReRZV_1d,2024,0.07366865818145592,Thres20_50,NA,37.9842028606688,NA,NA
Second_98,70,98,ReRZV_1d,2024,0.07366865818145592,Thres30_90,NA,45.297756249133656,NA,NA
Second_98,70,98,ReRZV_1d,2024,0.07366865818145592,Thres,NA,37.9842028606688,NA,NA
Second_98,70,98,ReRZV_2d,2024,0.07366865818145592,N0,0.07366865818145592,0.07366865818145592,0.07366865818145592,0.07366865818145592
Second_98,70,98,ReRZV_2d,2024,0.07366865818145592,dYear_Life,4.053441791402082e-5,4.0483194574172175e-5,3.260060972107229e-5,4.90361074261077e-5
Second_98,70,98,ReRZV_2d,2024,0.07366865818145592,dYear_Immunised,1.3943967539443307,1.4069053976121957,1.2328476070406138,1.475132515434403
Second_98,70,98,ReRZV_2d,2024,0.07366865818145592,dRisk_HZ,-0.2219327857553598,-0.22320531206761657,-0.24240063719072732,-0.19406606483353048
Second_98,70,98,ReRZV_2d,2024,0.07366865818145592,dRisk_Hosp,-0.025646231595785763,-0.025216096359187385,-0.03612101508161148,-0.017260344147754188
Second_98,70,98,ReRZV_2d,2024,0.07366865818145592,dRisk_PHN,-0.016937136765039024,-0.016584884703088484,-0.025695693646064752,-0.010185238184236719
Second_98,70,98,ReRZV_2d,2024,0.07366865818145592,dRisk_Death,-6.908485825553052e-4,-6.894118110219098e-4,-8.363546705416052e-4,-5.564739280073776e-4
Second_98,70,98,ReRZV_2d,2024,0.07366865818145592,dQ_Life,1.846249625022592e-5,1.8439516415041064e-5,1.4846843284299803e-5,2.232988012765037e-5
Second_98,70,98,ReRZV_2d,2024,0.07366865818145592,dQ_HZ,0.0016222505475595212,0.0016161140515858381,0.0012792528226346948,0.002004484572774822
Second_98,70,98,ReRZV_2d,2024,0.07366865818145592,dQ_HZ_Norm,4.2027674363018187e-4,4.1866306054916453e-4,3.2899903100484074e-4,5.213131784409413e-4
Second_98,70,98,ReRZV_2d,2024,0.07366865818145592,dQ_All,0.0016277951541616208,0.0016221339710220046,0.0012842322040744556,0.0020103810365611264
Second_98,70,98,ReRZV_2d,2024,0.07366865818145592,dQ_HZ_d,0.0016125415138330181,0.0016064903653868132,0.0012718006971901745,0.001992671936401206
Second_98,70,98,ReRZV_2d,2024,0.07366865818145592,dQ_HZ_Norm_d,4.177710571999657e-4,4.1606356888406707e-4,3.269951755639197e-4,5.180919489164485e-4
Second_98,70,98,ReRZV_2d,2024,0.07366865818145592,dQ_Life_d,1.8001567957734008e-5,1.797903671502777e-5,1.4476114984586385e-5,2.1772349737836928e-5
Second_98,70,98,ReRZV_2d,2024,0.07366865818145592,dQ_All_d,0.0016305430817907516,0.001624926524191972,0.0012876485360979227,0.00201173766923907
Second_98,70,98,ReRZV_2d,2024,0.07366865818145592,dC_Hosp,-5.481802022241579,-5.393441847943843,-7.9441115169543846,-3.5611133980732337
Second_98,70,98,ReRZV_2d,2024,0.07366865818145592,dC_GP_NonPHN,-0.9742711165573267,-0.9771678681220797,-1.0919303695431093,-0.8358265998601602
Second_98,70,98,ReRZV_2d,2024,0.07366865818145592,dC_GP_PHN,-0.3649064604917901,-0.3567350860859215,-0.5622331435643204,-0.2200917593537054
Second_98,70,98,ReRZV_2d,2024,0.07366865818145592,dC_GP,-1.3391775770491168,-1.3382603816508822,-1.5553187962392139,-1.135678064014034
Second_98,70,98,ReRZV_2d,2024,0.07366865818145592,dC_Med,-6.8209795992906965,-6.731526778757422,-9.265543880154334,-4.868312027777478
Second_98,70,98,ReRZV_2d,2024,0.07366865818145592,dC_VacZVL,0,0,0,0
Second_98,70,98,ReRZV_2d,2024,0.07366865818145592,dC_VacRZV,170,170,170,170
Second_98,70,98,ReRZV_2d,2024,0.07366865818145592,dC_Vac,170,170,170,170
Second_98,70,98,ReRZV_2d,2024,0.07366865818145592,dC_All,163.1790204007093,163.26847322124257,160.73445611984567,165.1316879722225
Second_98,70,98,ReRZV_2d,2024,0.07366865818145592,dC_Hosp_d,-5.448673497474235,-5.357456488644085,-7.890998764387321,-3.5353926279671883
Second_98,70,98,ReRZV_2d,2024,0.07366865818145592,dC_GP_NonPHN_d,-0.9684841651207423,-0.9715188829474559,-1.085324064570766,-0.8305865087142502
Second_98,70,98,ReRZV_2d,2024,0.07366865818145592,dC_GP_PHN_d,-0.36274841329188434,-0.3546070261461862,-0.5583172468115692,-0.2187263199613496
Second_98,70,98,ReRZV_2d,2024,0.07366865818145592,dC_GP_d,-1.3312325784126267,-1.330448643240123,-1.5460587325467445,-1.1290729538115472
Second_98,70,98,ReRZV_2d,2024,0.07366865818145592,dC_Med_d,-6.779906075886862,-6.693418830032336,-9.195580466392387,-4.838327971002867
Second_98,70,98,ReRZV_2d,2024,0.07366865818145592,dC_VacZVL_d,0,0,0,0
Second_98,70,98,ReRZV_2d,2024,0.07366865818145592,dC_VacRZV_d,170,170,170,170
Second_98,70,98,ReRZV_2d,2024,0.07366865818145592,dC_Vac_d,170,170,170,170
Second_98,70,98,ReRZV_2d,2024,0.07366865818145592,dC_All_d,163.22009392411314,163.30658116996767,160.80441953360764,165.16167202899715
Second_98,70,98,ReRZV_2d,2024,0.07366865818145592,dN_VacZVL,0,0,0,0
Second_98,70,98,ReRZV_2d,2024,0.07366865818145592,dN_VacRZV,2,2,2,2
Second_98,70,98,ReRZV_2d,2024,0.07366865818145592,dN_VacZVL_d,0,0,0,0
Second_98,70,98,ReRZV_2d,2024,0.07366865818145592,dN_VacRZV_d,2,2,2,2
Second_98,70,98,ReRZV_2d,2024,0.07366865818145592,ICER,101472.00345797841,100423.41974012624,81092.89573451845,127143.62858492957
Second_98,70,98,ReRZV_2d,2024,0.07366865818145592,Price0,85,85,85,85
Second_98,70,98,ReRZV_2d,2024,0.07366865818145592,Thres20,19.695383855850945,19.679682277500493,15.798675953436547,23.943670401576423
Second_98,70,98,ReRZV_2d,2024,0.07366865818145592,Thres30,27.848099264804706,27.806236220566607,22.328979221278928,33.8908805240078
Second_98,70,98,ReRZV_2d,2024,0.07366865818145592,Thres20_50,NA,19.679682277500493,NA,NA
Second_98,70,98,ReRZV_2d,2024,0.07366865818145592,Thres30_90,NA,24.04881641899339,NA,NA
Second_98,70,98,ReRZV_2d,2024,0.07366865818145592,Thres,NA,19.679682277500493,NA,NA
Second_98,75,98,ReRZV_1d,2024,0.08083250467598987,N0,0.08083250467598987,0.08083250467598987,0.08083250467598987,0.08083250467598987
Second_98,75,98,ReRZV_1d,2024,0.08083250467598987,dYear_Life,3.843321377392402e-5,3.842058670777654e-5,2.9274393061185506e-5,4.720453780861091e-5
Second_98,75,98,ReRZV_1d,2024,0.08083250467598987,dYear_Immunised,1.322931782498943,1.3436736940520073,1.0742319805365579,1.454896581971323
Second_98,75,98,ReRZV_1d,2024,0.08083250467598987,dRisk_HZ,-0.19189498383182244,-0.19429357589857837,-0.21603212010006706,-0.1540114895187055
Second_98,75,98,ReRZV_1d,2024,0.08083250467598987,dRisk_Hosp,-0.022173871906439383,-0.021842532367842026,-0.031602745900165576,-0.014594190927550633
Second_98,75,98,ReRZV_1d,2024,0.08083250467598987,dRisk_PHN,-0.014647271411483483,-0.014283659426894501,-0.022210517566595,-0.008669889411650877
Second_98,75,98,ReRZV_1d,2024,0.08083250467598987,dRisk_Death,-5.973735348162989e-4,-5.971159922665632e-4,-7.32807226294195e-4,-4.566608520249459e-4
Second_98,75,98,ReRZV_1d,2024,0.08083250467598987,dQ_Life,1.750310068002045e-5,1.749246540068947e-5,1.3312261217055934e-5,2.152329790675979e-5
Second_98,75,98,ReRZV_1d,2024,0.08083250467598987,dQ_HZ,0.001538410600946725,0.0015341641806424645,0.0011448377215483732,0.0019413731208148492
Second_98,75,98,ReRZV_1d,2024,0.08083250467598987,dQ_HZ_Norm,3.9855220505437055e-4,3.970260855133902e-4,2.9581640214217824e-4,5.001227451301043e-4
Second_98,75,98,ReRZV_1d,2024,0.08083250467598987,dQ_All,0.0015436654434820886,0.0015397024831290027,0.0011496223243218215,0.001947115922298091
Second_98,75,98,ReRZV_1d,2024,0.08083250467598987,dQ_HZ_d,0.0015291952848041103,0.0015248590497717184,0.0011380693404164357,0.0019291679678723917
Second_98,75,98,ReRZV_1d,2024,0.08083250467598987,dQ_HZ_Norm_d,3.961739521578887e-4,3.9467685847720653e-4,2.9404275436209504e-4,4.970722147659666e-4
Second_98,75,98,ReRZV_1d,2024,0.08083250467598987,dQ_Life_d,1.7066100432477797e-5,1.7055689595030742e-5,1.2979692349073311e-5,2.09863454637681e-5
Second_98,75,98,ReRZV_1d,2024,0.08083250467598987,dQ_All_d,0.0015462613852365874,0.001542271034779376,0.0011553765931912323,0.0019471355840429358
Second_98,75,98,ReRZV_1d,2024,0.08083250467598987,dC_Hosp,-5.198262899824449,-5.110063235367608,-7.613929099654232,-3.253519161298338
Second_98,75,98,ReRZV_1d,2024,0.08083250467598987,dC_GP_NonPHN,-0.9238861478121309,-0.9323150092818251,-1.0639177831469808,-0.7316897456609587
Second_98,75,98,ReRZV_1d,2024,0.08083250467598987,dC_GP_PHN,-0.3461072970240103,-0.3373754597388531,-0.5364491545682527,-0.203947202169467
Second_98,75,98,ReRZV_1d,2024,0.08083250467598987,dC_GP,-1.2699934448361412,-1.2767756096837672,-1.5110377248936178,-1.0027880915417546
Second_98,75,98,ReRZV_1d,2024,0.08083250467598987,dC_Med,-6.468256344660591,-6.370314576606935,-8.906730005936472,-4.370289334402317
Second_98,75,98,ReRZV_1d,2024,0.08083250467598987,dC_VacZVL,0,0,0,0
Second_98,75,98,ReRZV_1d,2024,0.08083250467598987,dC_VacRZV,85,85,85,85
Second_98,75,98,ReRZV_1d,2024,0.08083250467598987,dC_Vac,85,85,85,85
Second_98,75,98,ReRZV_1d,2024,0.08083250467598987,dC_All,78.53174365533941,78.62968542339306,76.09326999406352,80.62971066559767
Second_98,75,98,ReRZV_1d,2024,0.08083250467598987,dC_Hosp_d,-5.16682065722959,-5.082167864032247,-7.568608249009605,-3.228922176247797
Second_98,75,98,ReRZV_1d,2024,0.08083250467598987,dC_GP_NonPHN_d,-0.9183936254052831,-0.9266879513859072,-1.0576495831041828,-0.7271909422746032
Second_98,75,98,ReRZV_1d,2024,0.08083250467598987,dC_GP_PHN_d,-0.3440587157925639,-0.33529080223324614,-0.5334541422411678,-0.20289246235081443
Second_98,75,98,ReRZV_1d,2024,0.08083250467598987,dC_GP_d,-1.262452341197847,-1.2689047952873467,-1.5018830976237176,-0.9965725838683808
Second_98,75,98,ReRZV_1d,2024,0.08083250467598987,dC_Med_d,-6.429272998427437,-6.336339531785258,-8.850012545622386,-4.3429479359321705
Second_98,75,98,ReRZV_1d,2024,0.08083250467598987,dC_VacZVL_d,0,0,0,0
Second_98,75,98,ReRZV_1d,2024,0.08083250467598987,dC_VacRZV_d,85,85,85,85
Second_98,75,98,ReRZV_1d,2024,0.08083250467598987,dC_Vac_d,85,85,85,85
Second_98,75,98,ReRZV_1d,2024,0.08083250467598987,dC_All_d,78.57072700157256,78.66366046821474,76.14998745437762,80.65705206406783
Second_98,75,98,ReRZV_1d,2024,0.08083250467598987,dN_VacZVL,0,0,0,0
Second_98,75,98,ReRZV_1d,2024,0.08083250467598987,dN_VacRZV,1,1,1,1
Second_98,75,98,ReRZV_1d,2024,0.08083250467598987,dN_VacZVL_d,0,0,0,0
Second_98,75,98,ReRZV_1d,2024,0.08083250467598987,dN_VacRZV_d,1,1,1,1
Second_98,75,98,ReRZV_1d,2024,0.08083250467598987,ICER,51747.84941588764,50866.75114362834,39992.84597315729,69542.19748909477
Second_98,75,98,ReRZV_1d,2024,0.08083250467598987,Price0,85,85,85,85
Second_98,75,98,ReRZV_1d,2024,0.08083250467598987,Thres20,37.35450070315919,37.39205551483878,28.179492236918705,46.1402459962701
Second_98,75,98,ReRZV_1d,2024,0.08083250467598987,Thres30,52.81711455552506,52.853758249148115,39.67485958821253,65.55890043396163
Second_98,75,98,ReRZV_1d,2024,0.08083250467598987,Thres20_50,NA,37.39205551483878,NA,NA
Second_98,75,98,ReRZV_1d,2024,0.08083250467598987,Thres30_90,NA,44.508057470307236,NA,NA
Second_98,75,98,ReRZV_1d,2024,0.08083250467598987,Thres,NA,37.39205551483878,NA,NA
Second_98,75,98,ReRZV_2d,2024,0.08083250467598987,N0,0.08083250467598987,0.08083250467598987,0.08083250467598987,0.08083250467598987
Second_98,75,98,ReRZV_2d,2024,0.08083250467598987,dYear_Life,3.993831607461278e-5,3.989307858234058e-5,3.201677138532943e-5,4.855628116408744e-5
Second_98,75,98,ReRZV_2d,2024,0.08083250467598987,dYear_Immunised,1.3747997813410504,1.3871314907455172,1.2103341406759138,1.4637908514594324
Second_98,75,98,ReRZV_2d,2024,0.08083250467598987,dRisk_HZ,-0.19941842315317979,-0.2005189554004004,-0.218418421796662,-0.1734604570922179
Second_98,75,98,ReRZV_2d,2024,0.08083250467598987,dRisk_Hosp,-0.023044793996443,-0.0226383410137019,-0.03251240590229693,-0.01544191714106163
Second_98,75,98,ReRZV_2d,2024,0.08083250467598987,dRisk_PHN,-0.015218395775322127,-0.014932032042654579,-0.02309309618404084,-0.009097890397714331
Second_98,75,98,ReRZV_2d,2024,0.08083250467598987,dRisk_Death,-6.207691369028276e-4,-6.199554699553205e-4,-7.52328411102037e-4,-4.989086065533083e-4
Second_98,75,98,ReRZV_2d,2024,0.08083250467598987,dQ_Life,1.8188549708520873e-5,1.8168996163587863e-05,1.4571739946306857e-5,2.2108392956342534e-5
Second_98,75,98,ReRZV_2d,2024,0.08083250467598987,dQ_HZ,0.0015986824973678402,0.0015938355354113214,0.0012579857174832398,0.001980842908246483
Second_98,75,98,ReRZV_2d,2024,0.08083250467598987,dQ_HZ_Norm,4.141672037135581e-4,4.1231144142726405e-4,3.2270612020410976e-4,5.123634333744899e-4
Second_98,75,98,ReRZV_2d,2024,0.08083250467598987,dQ_All,0.0016041431287705387,0.0015991956605233264,0.0012626770454053431,0.0019868504634517094
Second_98,75,98,ReRZV_2d,2024,0.08083250467598987,dQ_HZ_d,0.0015891057180504532,0.001584228731270098,0.0012506756061376324,0.0019692828433028197
Second_98,75,98,ReRZV_2d,2024,0.08083250467598987,dQ_HZ_Norm_d,4.1169566600460694e-4,4.098813674192627e-4,3.2085514834741995e-4,5.093540955819522e-4
Second_98,75,98,ReRZV_2d,2024,0.08083250467598987,dQ_Life_d,1.773443585581989e-5,1.7715303058080573e-5,1.4208036268097209e-5,2.1556362215179547e-5
Second_98,75,98,ReRZV_2d,2024,0.08083250467598987,dQ_All_d,0.0016068401539062697,0.0016013423284621051,0.0012689873039831556,0.0019878879378758467
Second_98,75,98,ReRZV_2d,2024,0.08083250467598987,dC_Hosp,-5.40223121208999,-5.311729644329171,-7.855186263880969,-3.4840531492417623
Second_98,75,98,ReRZV_2d,2024,0.08083250467598987,dC_GP_NonPHN,-0.9601159243718705,-0.9622716046658126,-1.0778371188964362,-0.8179313357082441
Second_98,75,98,ReRZV_2d,2024,0.08083250467598987,dC_GP_PHN,-0.3595964156808694,-0.3510765838954627,-0.5538588123726906,-0.2167953783236203
Second_98,75,98,ReRZV_2d,2024,0.08083250467598987,dC_GP,-1.31971234005274,-1.3184096699994006,-1.5377864022979015,-1.1127255293946579
Second_98,75,98,ReRZV_2d,2024,0.08083250467598987,dC_Med,-6.721943552142729,-6.637630218044085,-9.146780538293076,-4.772419605214297
Second_98,75,98,ReRZV_2d,2024,0.08083250467598987,dC_VacZVL,0,0,0,0
Second_98,75,98,ReRZV_2d,2024,0.08083250467598987,dC_VacRZV,170,170,170,170
Second_98,75,98,ReRZV_2d,2024,0.08083250467598987,dC_Vac,170,170,170,170
Second_98,75,98,ReRZV_2d,2024,0.08083250467598987,dC_All,163.27805644785727,163.36236978195592,160.85321946170694,165.22758039478572
Second_98,75,98,ReRZV_2d,2024,0.08083250467598987,dC_Hosp_d,-5.3695534901318585,-5.279285390205195,-7.804342143810276,-3.4569359636457597
Second_98,75,98,ReRZV_2d,2024,0.08083250467598987,dC_GP_NonPHN_d,-0.9544077973299598,-0.9567125462654786,-1.071310966915898,-0.8129426249573923
Second_98,75,98,ReRZV_2d,2024,0.08083250467598987,dC_GP_PHN_d,-0.35746775912211487,-0.34908573374858565,-0.5506630157524973,-0.2155432783739198
Second_98,75,98,ReRZV_2d,2024,0.08083250467598987,dC_GP_d,-1.3118755564520748,-1.3102668539202131,-1.5288749707039382,-1.106039711575903
Second_98,75,98,ReRZV_2d,2024,0.08083250467598987,dC_Med_d,-6.681429046583934,-6.603742380027352,-9.088868134268827,-4.745369521321511
Second_98,75,98,ReRZV_2d,2024,0.08083250467598987,dC_VacZVL_d,0,0,0,0
Second_98,75,98,ReRZV_2d,2024,0.08083250467598987,dC_VacRZV_d,170,170,170,170
Second_98,75,98,ReRZV_2d,2024,0.08083250467598987,dC_Vac_d,170,170,170,170
Second_98,75,98,ReRZV_2d,2024,0.08083250467598987,dC_All_d,163.31857095341607,163.39625761997263,160.91113186573114,165.2546304786785
Second_98,75,98,ReRZV_2d,2024,0.08083250467598987,dN_VacZVL,0,0,0,0
Second_98,75,98,ReRZV_2d,2024,0.08083250467598987,dN_VacRZV,2,2,2,2
Second_98,75,98,ReRZV_2d,2024,0.08083250467598987,dN_VacZVL_d,0,0,0,0
Second_98,75,98,ReRZV_2d,2024,0.08083250467598987,dN_VacRZV_d,2,2,2,2
Second_98,75,98,ReRZV_2d,2024,0.08083250467598987,ICER,103060.7350037219,102032.02822571309,81727.7432399149,129053.40566779213
Second_98,75,98,ReRZV_2d,2024,0.08083250467598987,Price0,85,85,85,85
Second_98,75,98,ReRZV_2d,2024,0.08083250467598987,Thres20,19.409116062354663,19.382549425126705,15.486743582616429,23.64379813437225
Second_98,75,98,ReRZV_2d,2024,0.08083250467598987,Thres30,27.443316831886012,27.34751560933846,21.86351840473894,33.475171673343
Second_98,75,98,ReRZV_2d,2024,0.08083250467598987,Thres20_50,NA,19.382549425126705,NA,NA
Second_98,75,98,ReRZV_2d,2024,0.08083250467598987,Thres30_90,NA,23.664707857508194,NA,NA
Second_98,75,98,ReRZV_2d,2024,0.08083250467598987,Thres,NA,19.382549425126705,NA,NA
Second_99,70,99,ReRZV_1d,2024,0.05314269579638175,N0,0.05314269579638175,0.05314269579638175,0.05314269579638175,0.05314269579638175
Second_99,70,99,ReRZV_1d,2024,0.05314269579638175,dYear_Life,1.605360468226109e-5,1.6055753865424907e-5,1.2294004467708089e-5,1.9685610314782235e-5
Second_99,70,99,ReRZV_1d,2024,0.05314269579638175,dYear_Immunised,1.0093359468563685,1.0243282358154304,0.8182285026599665,1.1028475434647778
Second_99,70,99,ReRZV_1d,2024,0.05314269579638175,dRisk_HZ,-0.2289111127565949,-0.23140829361417659,-0.2580069280670895,-0.1846086464002738
Second_99,70,99,ReRZV_1d,2024,0.05314269579638175,dRisk_Hosp,-0.026556709922016697,-0.026044107044178765,-0.03916457625264869,-0.016651630038245144
Second_99,70,99,ReRZV_1d,2024,0.05314269579638175,dRisk_PHN,-0.01731556766411813,-0.01685732687668827,-0.026880467983097022,-0.009904117538654986
Second_99,70,99,ReRZV_1d,2024,0.05314269579638175,dRisk_Death,-7.186760974309352e-4,-7.185915330503059e-4,-8.768567660638862e-4,-5.507557703537589e-4
Second_99,70,99,ReRZV_1d,2024,0.05314269579638175,dQ_Life,5.1161137722489705e-6,5.116798694174018e-6,3.917969005576006e-6,6.2735954969873975e-6
Second_99,70,99,ReRZV_1d,2024,0.05314269579638175,dQ_HZ,8.96690880429313e-4,8.946513645510103e-4,6.636418342766504e-4,0.0011297050688133044
Second_99,70,99,ReRZV_1d,2024,0.05314269579638175,dQ_HZ_Norm,2.3141270863911512e-4,2.2998406171587774e-4,1.7173128388803407e-4,2.930149601547796e-4
Second_99,70,99,ReRZV_1d,2024,0.05314269579638175,dQ_All,8.96690880429312e-4,8.946513645510172e-4,6.636418342766763e-4,0.0011297050688133191
Second_99,70,99,ReRZV_1d,2024,0.05314269579638175,dQ_HZ_d,8.96690880429313e-4,8.946513645510103e-4,6.636418342766504e-4,0.0011297050688133044
Second_99,70,99,ReRZV_1d,2024,0.05314269579638175,dQ_HZ_Norm_d,2.3141270863911512e-4,2.2998406171587774e-4,1.7173128388803407e-4,2.930149601547796e-4
Second_99,70,99,ReRZV_1d,2024,0.05314269579638175,dQ_Life_d,5.040506179557598e-6,5.041180979359257e-6,3.860067985754904e-6,6.180882263161333e-6
Second_99,70,99,ReRZV_1d,2024,0.05314269579638175,dQ_All_d,9.017313866088693e-4,8.996327612842153e-4,6.679150952502698e-4,0.001135415446267274
Second_99,70,99,ReRZV_1d,2024,0.05314269579638175,dC_Hosp,-3.0594059796816473,-2.9851041122366544,-4.928450869127959,-1.692293051912251
Second_99,70,99,ReRZV_1d,2024,0.05314269579638175,dC_GP_NonPHN,-0.5344322367776865,-0.5391591349747435,-0.6245534606886128,-0.42320435132503076
Second_99,70,99,ReRZV_1d,2024,0.05314269579638175,dC_GP_PHN,-0.19933215930108805,-0.1920688397719825,-0.31952095076087106,-0.11070573642740816
Second_99,70,99,ReRZV_1d,2024,0.05314269579638175,dC_GP,-0.7337643960787745,-0.7345837452719095,-0.8870605500803954,-0.5740595629819257
Second_99,70,99,ReRZV_1d,2024,0.05314269579638175,dC_Med,-3.793170375760422,-3.724505255449829,-5.659802351276473,-2.361265797037042
Second_99,70,99,ReRZV_1d,2024,0.05314269579638175,dC_VacZVL,0,0,0,0
Second_99,70,99,ReRZV_1d,2024,0.05314269579638175,dC_VacRZV,85,85,84.99999999999999,85.00000000000001
Second_99,70,99,ReRZV_1d,2024,0.05314269579638175,dC_Vac,85,85,84.99999999999999,85.00000000000001
Second_99,70,99,ReRZV_1d,2024,0.05314269579638175,dC_All,81.20682962423957,81.27549474455017,79.34019764872353,82.63873420296297
Second_99,70,99,ReRZV_1d,2024,0.05314269579638175,dC_Hosp_d,-3.0594059796816473,-2.9851041122366544,-4.928450869127959,-1.692293051912251
Second_99,70,99,ReRZV_1d,2024,0.05314269579638175,dC_GP_NonPHN_d,-0.5344322367776865,-0.5391591349747435,-0.6245534606886128,-0.42320435132503076
Second_99,70,99,ReRZV_1d,2024,0.05314269579638175,dC_GP_PHN_d,-0.19933215930108805,-0.1920688397719825,-0.31952095076087106,-0.11070573642740816
Second_99,70,99,ReRZV_1d,2024,0.05314269579638175,dC_GP_d,-0.7337643960787745,-0.7345837452719095,-0.8870605500803954,-0.5740595629819257
Second_99,70,99,ReRZV_1d,2024,0.05314269579638175,dC_Med_d,-3.793170375760422,-3.724505255449829,-5.659802351276473,-2.361265797037042
Second_99,70,99,ReRZV_1d,2024,0.05314269579638175,dC_VacZVL_d,0,0,0,0
Second_99,70,99,ReRZV_1d,2024,0.05314269579638175,dC_VacRZV_d,85,85,84.99999999999999,85.00000000000001
Second_99,70,99,ReRZV_1d,2024,0.05314269579638175,dC_Vac_d,85,85,84.99999999999999,85.00000000000001
Second_99,70,99,ReRZV_1d,2024,0.05314269579638175,dC_All_d,81.20682962423957,81.27549474455017,79.34019764872353,82.63873420296297
Second_99,70,99,ReRZV_1d,2024,0.05314269579638175,dN_VacZVL,0,0,0,0
Second_99,70,99,ReRZV_1d,2024,0.05314269579638175,dN_VacRZV,1,1,1,1
Second_99,70,99,ReRZV_1d,2024,0.05314269579638175,dN_VacZVL_d,0,0,0,0
Second_99,70,99,ReRZV_1d,2024,0.05314269579638175,dN_VacRZV_d,1,1,1,1
Second_99,70,99,ReRZV_1d,2024,0.05314269579638175,ICER,91736.84125955729,90309.38228101748,70973.64583920994,122095.14947984718
Second_99,70,99,ReRZV_1d,2024,0.05314269579638175,Price0,85,85,84.99999999999999,85.00000000000001
Second_99,70,99,ReRZV_1d,2024,0.05314269579638175,Thres20,21.827798107937806,21.837212622218132,16.579160350627653,27.104169626481095
Second_99,70,99,ReRZV_1d,2024,0.05314269579638175,Thres30,30.8451119740265,30.803455593915828,23.322858123027427,38.47248067025271
Second_99,70,99,ReRZV_1d,2024,0.05314269579638175,Thres20_50,NA,21.837212622218132,NA,NA
Second_99,70,99,ReRZV_1d,2024,0.05314269579638175,Thres30_90,NA,25.829097994421062,NA,NA
Second_99,70,99,ReRZV_1d,2024,0.05314269579638175,Thres,NA,21.837212622218132,NA,NA
Second_99,70,99,ReRZV_2d,2024,0.05314269579638175,N0,0.05314269579638175,0.05314269579638175,0.05314269579638175,0.05314269579638175
Second_99,70,99,ReRZV_2d,2024,0.05314269579638175,dYear_Life,1.6670878560880172e-5,1.6652445915926026e-5,1.341699856735723e-5,2.0174737190721428e-5
Second_99,70,99,ReRZV_2d,2024,0.05314269579638175,dYear_Immunised,1.0482160541553582,1.058526587732473,0.9251823232703769,1.1083044187013724
Second_99,70,99,ReRZV_2d,2024,0.05314269579638175,dRisk_HZ,-0.23773593310286215,-0.2388792963479096,-0.2619837996603162,-0.2074137229521687
Second_99,70,99,ReRZV_2d,2024,0.05314269579638175,dRisk_Hosp,-0.027583407541733693,-0.02701252373858586,-0.0398721228161956,-0.01765390369499089
Second_99,70,99,ReRZV_2d,2024,0.05314269579638175,dRisk_PHN,-0.01798001245765461,-0.017558036463769647,-0.02740965365836801,-0.01057723886941661
Second_99,70,99,ReRZV_2d,2024,0.05314269579638175,dRisk_Death,-7.463295503805752e-4,-7.449270327863806e-4,-9.029004999297906e-4,-6.011030331114448e-4
Second_99,70,99,ReRZV_2d,2024,0.05314269579638175,dQ_Life,5.312832419193557e-6,5.306958130488943e-6,4.275855330382649e-6,6.429475051513208e-6
Second_99,70,99,ReRZV_2d,2024,0.05314269579638175,dQ_HZ,9.312249660756042e-4,9.27510859681268e-4,7.216013874423593e-4,0.0011515337544477347
Second_99,70,99,ReRZV_2d,2024,0.05314269579638175,dQ_HZ_Norm,2.4032509511155546e-4,2.3874036621275612e-4,1.8798068499899568e-4,3.001189882302618e-4
Second_99,70,99,ReRZV_2d,2024,0.05314269579638175,dQ_All,9.312249660756035e-4,9.27510859681261e-4,7.21601387442382e-4,0.0011515337544477646
Second_99,70,99,ReRZV_2d,2024,0.05314269579638175,dQ_HZ_d,9.312249660756042e-4,9.27510859681268e-4,7.216013874423593e-4,0.0011515337544477347
Second_99,70,99,ReRZV_2d,2024,0.05314269579638175,dQ_HZ_Norm_d,2.4032509511155546e-4,2.3874036621275612e-4,1.8798068499899568e-4,3.001189882302618e-4
Second_99,70,99,ReRZV_2d,2024,0.05314269579638175,dQ_Life_d,5.234317654377538e-6,5.22853017784413e-6,4.212665350237683e-6,6.33445817899751e-6
Second_99,70,99,ReRZV_2d,2024,0.05314269579638175,dQ_All_d,9.364592837299813e-4,9.325686255529375e-4,7.26284066092608e-4,0.0011565320594064134
Second_99,70,99,ReRZV_2d,2024,0.05314269579638175,dC_Hosp,-3.1774430028543637,-3.1085334120213233,-5.082268733350365,-1.7896888985668742
Second_99,70,99,ReRZV_2d,2024,0.05314269579638175,dC_GP_NonPHN,-0.5550308410519889,-0.5569352550871284,-0.6317993530011945,-0.47005173188094146
Second_99,70,99,ReRZV_2d,2024,0.05314269579638175,dC_GP_PHN,-0.20698257569303105,-0.2002252560459809,-0.3310697696513171,-0.11837391735902913
Second_99,70,99,ReRZV_2d,2024,0.05314269579638175,dC_GP,-0.7620134167450199,-0.7578072999292758,-0.9070100362548018,-0.6321429352004775
Second_99,70,99,ReRZV_2d,2024,0.05314269579638175,dC_Med,-3.9394564195993835,-3.8604580510916247,-5.822767377771449,-2.548874628477694
Second_99,70,99,ReRZV_2d,2024,0.05314269579638175,dC_VacZVL,0,0,0,0
Second_99,70,99,ReRZV_2d,2024,0.05314269579638175,dC_VacRZV,170,170,169.99999999999997,170.00000000000003
Second_99,70,99,ReRZV_2d,2024,0.05314269579638175,dC_Vac,170,170,169.99999999999997,170.00000000000003
Second_99,70,99,ReRZV_2d,2024,0.05314269579638175,dC_All,166.0605435804006,166.1395419489084,164.17723262222853,167.4511253715223
Second_99,70,99,ReRZV_2d,2024,0.05314269579638175,dC_Hosp_d,-3.1774430028543637,-3.1085334120213233,-5.082268733350365,-1.7896888985668742
Second_99,70,99,ReRZV_2d,2024,0.05314269579638175,dC_GP_NonPHN_d,-0.5550308410519889,-0.5569352550871284,-0.6317993530011945,-0.47005173188094146
Second_99,70,99,ReRZV_2d,2024,0.05314269579638175,dC_GP_PHN_d,-0.20698257569303105,-0.2002252560459809,-0.3310697696513171,-0.11837391735902913
Second_99,70,99,ReRZV_2d,2024,0.05314269579638175,dC_GP_d,-0.7620134167450199,-0.7578072999292758,-0.9070100362548018,-0.6321429352004775
Second_99,70,99,ReRZV_2d,2024,0.05314269579638175,dC_Med_d,-3.9394564195993835,-3.8604580510916247,-5.822767377771449,-2.548874628477694
Second_99,70,99,ReRZV_2d,2024,0.05314269579638175,dC_VacZVL_d,0,0,0,0
Second_99,70,99,ReRZV_2d,2024,0.05314269579638175,dC_VacRZV_d,170,170,169.99999999999997,170.00000000000003
Second_99,70,99,ReRZV_2d,2024,0.05314269579638175,dC_Vac_d,170,170,169.99999999999997,170.00000000000003
Second_99,70,99,ReRZV_2d,2024,0.05314269579638175,dC_All_d,166.0605435804006,166.1395419489084,164.17723262222853,167.4511253715223
Second_99,70,99,ReRZV_2d,2024,0.05314269579638175,dN_VacZVL,0,0,0,0
Second_99,70,99,ReRZV_2d,2024,0.05314269579638175,dN_VacRZV,2,2,2,2
Second_99,70,99,ReRZV_2d,2024,0.05314269579638175,dN_VacZVL_d,0,0,0,0
Second_99,70,99,ReRZV_2d,2024,0.05314269579638175,dN_VacRZV_d,2,2,2,2
Second_99,70,99,ReRZV_2d,2024,0.05314269579638175,ICER,179922.44212494747,178074.3382095481,143429.63709268885,229013.82548531718
Second_99,70,99,ReRZV_2d,2024,0.05314269579638175,Price0,85,85,84.99999999999999,85.00000000000001
Second_99,70,99,ReRZV_2d,2024,0.05314269579638175,Thres20,11.334321047099504,11.299348464155734,9.024521645186644,13.819768026719341
Second_99,70,99,ReRZV_2d,2024,0.05314269579638175,Thres30,16.016617465749412,15.959751367746932,12.652989663866467,19.59136305487774
Second_99,70,99,ReRZV_2d,2024,0.05314269579638175,Thres20_50,NA,11.299348464155734,NA,NA
Second_99,70,99,ReRZV_2d,2024,0.05314269579638175,Thres30_90,NA,13.731236053818598,NA,NA
Second_99,70,99,ReRZV_2d,2024,0.05314269579638175,Thres,NA,11.299348464155734,NA,NA
Second_99,75,99,ReRZV_1d,2024,0.058310545600617956,N0,0.058310545600617956,0.058310545600617956,0.058310545600617956,0.058310545600617956
Second_99,75,99,ReRZV_1d,2024,0.058310545600617956,dYear_Life,1.5831346535344875e-5,1.582532768412866e-5,1.2049666578208366e-5,1.9447724096802614e-5
Second_99,75,99,ReRZV_1d,2024,0.058310545600617956,dYear_Immunised,0.9959127594834177,1.009399557358565,0.806946823512115,1.0937529746228345
Second_99,75,99,ReRZV_1d,2024,0.058310545600617956,dRisk_HZ,-0.20584767056147935,-0.20815410475729068,-0.23285570900159935,-0.16532873818526342
Second_99,75,99,ReRZV_1d,2024,0.058310545600617956,dRisk_Hosp,-0.023881487458368086,-0.023428902660025196,-0.035056880210727684,-0.01488482228315065
Second_99,75,99,ReRZV_1d,2024,0.058310545600617956,dRisk_PHN,-0.015570764640552109,-0.015185696793870879,-0.024237491075145574,-0.008885204899873619
Second_99,75,99,ReRZV_1d,2024,0.058310545600617956,dRisk_Death,-6.462683670190253e-4,-6.463031950651238e-4,-7.921824413716382e-4,-4.925334875217392e-4
Second_99,75,99,ReRZV_1d,2024,0.058310545600617956,dQ_Life,5.045282454989998e-6,5.0433643108038e-6,3.840101108208652e-6,6.1977836789887005e-6
Second_99,75,99,ReRZV_1d,2024,0.058310545600617956,dQ_HZ,8.842845370597361e-4,8.822919791335268e-4,6.526793357349596e-4,0.0011171853393950836
Second_99,75,99,ReRZV_1d,2024,0.058310545600617956,dQ_HZ_Norm,2.2820933155759884e-4,2.2715059298775766e-4,1.6943642842992622e-4,2.8991835859820453e-4
Second_99,75,99,ReRZV_1d,2024,0.058310545600617956,dQ_All,8.842845370597371e-4,8.822919791335174e-4,6.526793357349099e-4,0.0011171853393951736
Second_99,75,99,ReRZV_1d,2024,0.058310545600617956,dQ_HZ_d,8.842845370597361e-4,8.822919791335268e-4,6.526793357349596e-4,0.0011171853393950836
Second_99,75,99,ReRZV_1d,2024,0.058310545600617956,dQ_HZ_Norm_d,2.2820933155759884e-4,2.2715059298775766e-4,1.6943642842992622e-4,2.8991835859820453e-4
Second_99,75,99,ReRZV_1d,2024,0.058310545600617956,dQ_Life_d,4.970721630532213e-6,4.968831833389823e-6,3.783350845560672e-6,6.1061908168874786e-6
Second_99,75,99,ReRZV_1d,2024,0.058310545600617956,dQ_All_d,8.89255258690268e-4,8.871398633115375e-4,6.569705147286065e-4,0.001123202912669773
Second_99,75,99,ReRZV_1d,2024,0.058310545600617956,dC_Hosp,-3.0171176772082173,-2.9391148253838115,-4.871009029349833,-1.6590209752218124
Second_99,75,99,ReRZV_1d,2024,0.058310545600617956,dC_GP_NonPHN,-0.5270379841894066,-0.5317601997483473,-0.6153783729039854,-0.4133160984723303
Second_99,75,99,ReRZV_1d,2024,0.058310545600617956,dC_GP_PHN,-0.19657512175104178,-0.18948155815052858,-0.3155237569888224,-0.10876143751601623
Second_99,75,99,ReRZV_1d,2024,0.058310545600617956,dC_GP,-0.7236131059404484,-0.7251196681601301,-0.878235340771548,-0.559473402041253
Second_99,75,99,ReRZV_1d,2024,0.058310545600617956,dC_Med,-3.7407307831486656,-3.6667910495320766,-5.596094301743146,-2.3119739973623648
Second_99,75,99,ReRZV_1d,2024,0.058310545600617956,dC_VacZVL,0,0,0,0
Second_99,75,99,ReRZV_1d,2024,0.058310545600617956,dC_VacRZV,85,85,84.99999999999999,85.00000000000001
Second_99,75,99,ReRZV_1d,2024,0.058310545600617956,dC_Vac,85,85,84.99999999999999,85.00000000000001
Second_99,75,99,ReRZV_1d,2024,0.058310545600617956,dC_All,81.25926921685134,81.33320895046793,79.40390569825686,82.68802600263764
Second_99,75,99,ReRZV_1d,2024,0.058310545600617956,dC_Hosp_d,-3.0171176772082173,-2.9391148253838115,-4.871009029349833,-1.6590209752218124
Second_99,75,99,ReRZV_1d,2024,0.058310545600617956,dC_GP_NonPHN_d,-0.5270379841894066,-0.5317601997483473,-0.6153783729039854,-0.4133160984723303
Second_99,75,99,ReRZV_1d,2024,0.058310545600617956,dC_GP_PHN_d,-0.19657512175104178,-0.18948155815052858,-0.3155237569888224,-0.10876143751601623
Second_99,75,99,ReRZV_1d,2024,0.058310545600617956,dC_GP_d,-0.7236131059404484,-0.7251196681601301,-0.878235340771548,-0.559473402041253
Second_99,75,99,ReRZV_1d,2024,0.058310545600617956,dC_Med_d,-3.7407307831486656,-3.6667910495320766,-5.596094301743146,-2.3119739973623648
Second_99,75,99,ReRZV_1d,2024,0.058310545600617956,dC_VacZVL_d,0,0,0,0
Second_99,75,99,ReRZV_1d,2024,0.058310545600617956,dC_VacRZV_d,85,85,84.99999999999999,85.00000000000001
Second_99,75,99,ReRZV_1d,2024,0.058310545600617956,dC_Vac_d,85,85,84.99999999999999,85.00000000000001
Second_99,75,99,ReRZV_1d,2024,0.058310545600617956,dC_All_d,81.25926921685134,81.33320895046793,79.40390569825686,82.68802600263764
Second_99,75,99,ReRZV_1d,2024,0.058310545600617956,dN_VacZVL,0,0,0,0
Second_99,75,99,ReRZV_1d,2024,0.058310545600617956,dN_VacRZV,1,1,1,1
Second_99,75,99,ReRZV_1d,2024,0.058310545600617956,dN_VacZVL_d,0,0,0,0
Second_99,75,99,ReRZV_1d,2024,0.058310545600617956,dN_VacRZV_d,1,1,1,1
Second_99,75,99,ReRZV_1d,2024,0.058310545600617956,ICER,93124.78118046086,91656.3402364825,72001.54886177789,124854.82051651199
Second_99,75,99,ReRZV_1d,2024,0.058310545600617956,Price0,85,85,84.99999999999999,85.00000000000001
Second_99,75,99,ReRZV_1d,2024,0.058310545600617956,Thres20,21.525835956954026,21.540621298597046,16.277452202402994,26.829247116340863
Second_99,75,99,ReRZV_1d,2024,0.058310545600617956,Thres30,30.418388543856707,30.397138610014828,22.922219613657823,38.01827756427588
Second_99,75,99,ReRZV_1d,2024,0.058310545600617956,Thres20_50,NA,21.540621298597046,NA,NA
Second_99,75,99,ReRZV_1d,2024,0.058310545600617956,Thres30_90,NA,25.440404687715816,NA,NA
Second_99,75,99,ReRZV_1d,2024,0.058310545600617956,Thres,NA,21.540621298597046,NA,NA
Second_99,75,99,ReRZV_2d,2024,0.058310545600617956,N0,0.058310545600617956,0.058310545600617956,0.058310545600617956,0.058310545600617956
Second_99,75,99,ReRZV_2d,2024,0.058310545600617956,dYear_Life,1.6448620741738195e-5,1.6429253521367082e-5,1.3188548633841535e-5,1.995732173917211e-5
Second_99,75,99,ReRZV_2d,2024,0.058310545600617956,dYear_Immunised,1.0347928872635217,1.044309977348612,0.9122324527995188,1.099128093894935
Second_99,75,99,ReRZV_2d,2024,0.058310545600617956,dRisk_HZ,-0.21389037948272785,-0.2147254922006696,-0.236491941224633,-0.18616253491534274
Second_99,75,99,ReRZV_2d,2024,0.058310545600617956,dRisk_Hosp,-0.02481719264464777,-0.024291103537713153,-0.035900117951061634,-0.015863921420064767
Second_99,75,99,ReRZV_2d,2024,0.058310545600617956,dRisk_PHN,-0.016176322135008143,-0.015785124837430782,-0.024750986083429308,-0.0094950143054684
Second_99,75,99,ReRZV_2d,2024,0.058310545600617956,dRisk_Death,-6.71470993052999e-4,-6.709476310239472e-4,-8.151356133202778e-4,-5.390523059155848e-4
Second_99,75,99,ReRZV_2d,2024,0.058310545600617956,dQ_Life,5.242001206390889e-6,5.2358290784041556e-6,4.2030507563794675e-6,6.360187050009779e-6
Second_99,75,99,ReRZV_2d,2024,0.058310545600617956,dQ_HZ,9.188186409079067e-4,9.154208659796555e-4,7.107302621070154e-4,0.001137949935616832
Second_99,75,99,ReRZV_2d,2024,0.058310545600617956,dQ_HZ_Norm,2.371217227185666e-4,2.3545276661602065e-4,1.843348735629066e-4,2.966498763497239e-4
Second_99,75,99,ReRZV_2d,2024,0.058310545600617956,dQ_All,9.188186409079057e-4,9.154208659796297e-4,7.107302621069367e-4,0.0011379499356167454
Second_99,75,99,ReRZV_2d,2024,0.058310545600617956,dQ_HZ_d,9.188186409079067e-4,9.154208659796555e-4,7.107302621070154e-4,0.001137949935616832
Second_99,75,99,ReRZV_2d,2024,0.058310545600617956,dQ_HZ_Norm_d,2.371217227185666e-4,2.3545276661602065e-4,1.843348735629066e-4,2.966498763497239e-4
Second_99,75,99,ReRZV_2d,2024,0.058310545600617956,dQ_Life_d,5.164533208263778e-6,5.15845229391452e-6,4.140936705759065e-6,6.26619413802607e-6
Second_99,75,99,ReRZV_2d,2024,0.058310545600617956,dQ_All_d,9.239831741161699e-4,9.206254363974702e-4,7.153192855945575e-4,0.00114313436455529
Second_99,75,99,ReRZV_2d,2024,0.058310545600617956,dC_Hosp,-3.135154762374159,-3.064278056718707,-5.033922359784348,-1.7570721359808217
Second_99,75,99,ReRZV_2d,2024,0.058310545600617956,dC_GP_NonPHN,-0.5476365993109046,-0.5493094206983684,-0.6248262390038913,-0.46153959556794333
Second_99,75,99,ReRZV_2d,2024,0.058310545600617956,dC_GP_PHN,-0.2042255421742112,-0.19731720675676176,-0.32627753213810706,-0.11582843288412666
Second_99,75,99,ReRZV_2d,2024,0.058310545600617956,dC_GP,-0.7518621414851158,-0.7487332796122177,-0.8946109166983501,-0.6185282742170701
Second_99,75,99,ReRZV_2d,2024,0.058310545600617956,dC_Med,-3.8870169038592746,-3.8068896698090553,-5.737139166362196,-2.5044012854156916
Second_99,75,99,ReRZV_2d,2024,0.058310545600617956,dC_VacZVL,0,0,0,0
Second_99,75,99,ReRZV_2d,2024,0.058310545600617956,dC_VacRZV,170,170,169.99999999999997,170.00000000000003
Second_99,75,99,ReRZV_2d,2024,0.058310545600617956,dC_Vac,170,170,169.99999999999997,170.00000000000003
Second_99,75,99,ReRZV_2d,2024,0.058310545600617956,dC_All,166.11298309614074,166.19311033019093,164.26286083363777,167.4955987145843
Second_99,75,99,ReRZV_2d,2024,0.058310545600617956,dC_Hosp_d,-3.135154762374159,-3.064278056718707,-5.033922359784348,-1.7570721359808217
Second_99,75,99,ReRZV_2d,2024,0.058310545600617956,dC_GP_NonPHN_d,-0.5476365993109046,-0.5493094206983684,-0.6248262390038913,-0.46153959556794333
Second_99,75,99,ReRZV_2d,2024,0.058310545600617956,dC_GP_PHN_d,-0.2042255421742112,-0.19731720675676176,-0.32627753213810706,-0.11582843288412666
Second_99,75,99,ReRZV_2d,2024,0.058310545600617956,dC_GP_d,-0.7518621414851158,-0.7487332796122177,-0.8946109166983501,-0.6185282742170701
Second_99,75,99,ReRZV_2d,2024,0.058310545600617956,dC_Med_d,-3.8870169038592746,-3.8068896698090553,-5.737139166362196,-2.5044012854156916
Second_99,75,99,ReRZV_2d,2024,0.058310545600617956,dC_VacZVL_d,0,0,0,0
Second_99,75,99,ReRZV_2d,2024,0.058310545600617956,dC_VacRZV_d,170,170,169.99999999999997,170.00000000000003
Second_99,75,99,ReRZV_2d,2024,0.058310545600617956,dC_Vac_d,170,170,169.99999999999997,170.00000000000003
Second_99,75,99,ReRZV_2d,2024,0.058310545600617956,dC_All_d,166.11298309614074,166.19311033019093,164.26286083363777,167.4955987145843
Second_99,75,99,ReRZV_2d,2024,0.058310545600617956,dN_VacZVL,0,0,0,0
Second_99,75,99,ReRZV_2d,2024,0.058310545600617956,dN_VacRZV,2,2,2,2
Second_99,75,99,ReRZV_2d,2024,0.058310545600617956,dN_VacZVL_d,0,0,0,0
Second_99,75,99,ReRZV_2d,2024,0.058310545600617956,dN_VacRZV_d,2,2,2,2
Second_99,75,99,ReRZV_2d,2024,0.058310545600617956,ICER,182459.2081865462,180523.62097347656,144979.37710235195,232629.71654000616
Second_99,75,99,ReRZV_2d,2024,0.058310545600617956,Price0,85,85,84.99999999999999,85.00000000000001
Second_99,75,99,ReRZV_2d,2024,0.058310545600617956,Thres20,11.183340193091336,11.145284711518299,8.864498934910717,13.678398891374414
Second_99,75,99,ReRZV_2d,2024,0.058310545600617956,Thres30,15.803256063672187,15.745055824926638,12.503272681508703,19.411878185623472
Second_99,75,99,ReRZV_2d,2024,0.058310545600617956,Thres20_50,NA,11.145284711518299,NA,NA
Second_99,75,99,ReRZV_2d,2024,0.058310545600617956,Thres30_90,NA,13.512172693102146,NA,NA
Second_99,75,99,ReRZV_2d,2024,0.058310545600617956,Thres,NA,11.145284711518299,NA,NA
