Scenario,Age0,Arm,Year0,N0,Index,A,M,L,U
Vac_50,50,RZV_1d,2024,1,dYear_Life,4.0605672506571365e-4,4.033654273136733e-4,2.1901184808506002e-4,6.15125813394712e-4
Vac_50,50,RZV_1d,2024,1,dYear_Immunised,21.66774834446963,21.747042787378906,16.458078519374745,26.654662769623876
Vac_50,50,RZV_1d,2024,1,dRisk_HZ,-0.14097597125312536,-0.14137414782561222,-0.18167719332301213,-0.09936472630560132
Vac_50,50,RZV_1d,2024,1,dRisk_Hosp,-0.0031349128572194266,-0.003103070346688854,-0.004720559233928931,-0.0017158082350888673
Vac_50,50,RZV_1d,2024,1,dRisk_PHN,-0.008079995998391041,-0.008100303767125715,-0.011035356306287953,-0.0051696058684010315
Vac_50,50,RZV_1d,2024,1,dRisk_Death,-5.419189941265891e-5,-5.359432044841737e-5,-8.60240504976599e-5,-2.6523108364655658e-5
Vac_50,50,RZV_1d,2024,1,dQ_Life,2.8389902285308824e-4,2.819983964226225e-4,1.538980763582387e-4,4.281587252330075e-4
Vac_50,50,RZV_1d,2024,1,dQ_HZ,0.017794950366579042,0.01782044358899661,0.012157994649497076,0.023466231821538574
Vac_50,50,RZV_1d,2024,1,dQ_HZ_Norm,0.006998279889422931,0.006970404320802074,0.004992743614275862,0.009073509498475251
Vac_50,50,RZV_1d,2024,1,dQ_All,0.018075428831972468,0.018118631203657642,0.012308738865776724,0.02388434907737995
Vac_50,50,RZV_1d,2024,1,dQ_HZ_d,0.013401267024040346,0.013442864342586784,0.009483986873654668,0.017281595410949337
Vac_50,50,RZV_1d,2024,1,dQ_HZ_Norm_d,0.00544380174781458,0.00543106774436117,0.00401818023016535,0.006877047234663826
Vac_50,50,RZV_1d,2024,1,dQ_Life_d,1.656013559440872e-4,1.642041640881331e-4,9.12809641127943e-5,2.4694991617622006e-4
Vac_50,50,RZV_1d,2024,1,dQ_All_d,0.013566868379984548,0.013609256676520687,0.009575066162287626,0.017516513078916773
Vac_50,50,RZV_1d,2024,1,dC_Hosp,-12.701896020490581,-12.577361843606667,-19.51402894647931,-6.727761354177016
Vac_50,50,RZV_1d,2024,1,dC_GP_NonPHN,-16.58749704945257,-16.621364939167506,-21.17427083196185,-11.80101359421777
Vac_50,50,RZV_1d,2024,1,dC_GP_PHN,-4.498673890538338,-4.507474736518613,-6.120472207889664,-2.879643541730898
Vac_50,50,RZV_1d,2024,1,dC_GP,-21.086170939990907,-21.099521213918734,-27.295318124460724,-14.75169883340954
Vac_50,50,RZV_1d,2024,1,dC_Med,-33.78806696048149,-33.71066902997828,-46.63003571118313,-21.551429248153536
Vac_50,50,RZV_1d,2024,1,dC_VacZVL,0,0,0,0
Vac_50,50,RZV_1d,2024,1,dC_VacRZV,85,85,85,85
Vac_50,50,RZV_1d,2024,1,dC_Vac,85,85,85,85
Vac_50,50,RZV_1d,2024,1,dC_All,51.21193303951851,51.28933097002173,38.369964288816874,63.44857075184646
Vac_50,50,RZV_1d,2024,1,dC_Hosp_d,-8.094606504096173,-8.006487506743579,-12.213036036987516,-4.4381686666469244
Vac_50,50,RZV_1d,2024,1,dC_GP_NonPHN_d,-12.84285118299853,-12.89570725006421,-15.993424708683149,-9.479465549142336
Vac_50,50,RZV_1d,2024,1,dC_GP_PHN_d,-3.2467218541627445,-3.2570344268479827,-4.320848726223424,-2.155000809776626
Vac_50,50,RZV_1d,2024,1,dC_GP_d,-16.089573037161273,-16.148383633574806,-20.30129415486677,-11.679833748939831
Vac_50,50,RZV_1d,2024,1,dC_Med_d,-24.18417954125745,-24.199712020956667,-32.35749068228866,-16.199842475514753
Vac_50,50,RZV_1d,2024,1,dC_VacZVL_d,0,0,0,0
Vac_50,50,RZV_1d,2024,1,dC_VacRZV_d,85,85,85,85
Vac_50,50,RZV_1d,2024,1,dC_Vac_d,85,85,85,85
Vac_50,50,RZV_1d,2024,1,dC_All_d,60.81582045874255,60.80028797904333,52.64250931771134,68.80015752448526
Vac_50,50,RZV_1d,2024,1,dN_VacZVL,0,0,0,0
Vac_50,50,RZV_1d,2024,1,dN_VacRZV,1,1,1,1
Vac_50,50,RZV_1d,2024,1,dN_VacZVL_d,0,0,0,0
Vac_50,50,RZV_1d,2024,1,dN_VacRZV_d,1,1,1,1
Vac_50,50,RZV_1d,2024,1,ICER,4638.712342306019,4466.90334812111,3028.004984626347,7109.4973558506645
Vac_50,50,RZV_1d,2024,1,Price0,85,85,85,85
Vac_50,50,RZV_1d,2024,1,Thres20,295.5215471409484,296.26900586990223,208.0087933217631,382.6017448588058
Vac_50,50,RZV_1d,2024,1,Thres30,431.19023094079387,432.44988301010596,303.4201592505986,557.9426726662746
Vac_50,50,RZV_1d,2024,1,Thres20_50,NA,296.26900586990223,NA,NA
Vac_50,50,RZV_1d,2024,1,Thres30_90,NA,349.1000021611981,NA,NA
Vac_50,50,RZV_1d,2024,1,Thres,NA,296.26900586990223,NA,NA
Vac_50,50,RZV_2d,2024,1,dYear_Life,4.200171722602661e-4,4.167558462917498e-4,2.2469943924683378e-4,6.480308482315067e-4
Vac_50,50,RZV_2d,2024,1,dYear_Immunised,22.375982412079743,22.409743330276953,16.682801198862446,27.933396520721686
Vac_50,50,RZV_2d,2024,1,dRisk_HZ,-0.14563695274742572,-0.1461273514348104,-0.18944536159746922,-0.10147544199714563
Vac_50,50,RZV_2d,2024,1,dRisk_Hosp,-0.0032427812272328516,-0.003204641479712821,-0.004969922473960307,-0.0017358222497016204
Vac_50,50,RZV_2d,2024,1,dRisk_PHN,-0.008351090889961894,-0.00837283899747495,-0.01161004349433323,-0.0052448489781575704
Vac_50,50,RZV_2d,2024,1,dRisk_Death,-5.608400735051914e-5,-5.542986822987433e-5,-9.122377057465167e-5,-2.7081637276170925e-5
Vac_50,50,RZV_2d,2024,1,dQ_Life,2.936460919902721e-4,2.912779424200096e-4,1.5850256196241473e-4,4.5118028257933317e-4
Vac_50,50,RZV_2d,2024,1,dQ_HZ,0.01838603385638783,0.018361892669238097,0.012338033769466156,0.024708829555934946
Vac_50,50,RZV_2d,2024,1,dQ_HZ_Norm,0.007228781857992181,0.0071941010060327035,0.005106915691608458,0.009483288693615085
Vac_50,50,RZV_2d,2024,1,dQ_All,0.018676137708446436,0.01864954776951855,0.012498741455141448,0.025145489393349683
Vac_50,50,RZV_2d,2024,1,dQ_HZ_d,0.013843375899982056,0.013842226329562364,0.009662688971848694,0.018135492890210405
Vac_50,50,RZV_2d,2024,1,dQ_HZ_Norm_d,0.005621938028620537,0.005602490546193242,0.004102365543741508,0.0071911261532761
Vac_50,50,RZV_2d,2024,1,dQ_Life_d,1.7126942531938205e-4,1.698566209764607e-4,9.349036829711111e-5,2.5970349286099644e-4
Vac_50,50,RZV_2d,2024,1,dQ_All_d,0.014014645325301533,0.014009769907877612,0.00976313254772885,0.018371119164765127
Vac_50,50,RZV_2d,2024,1,dC_Hosp,-13.141118530425903,-13.019884352880833,-20.753787416446716,-6.80584178323612
Vac_50,50,RZV_2d,2024,1,dC_GP_NonPHN,-17.134966523911224,-17.1723856142467,-22.152467611829277,-12.078417508096614
Vac_50,50,RZV_2d,2024,1,dC_GP_PHN,-4.649364666205681,-4.64193370926536,-6.444859401637879,-2.9322647873831094
Vac_50,50,RZV_2d,2024,1,dC_GP,-21.784331190116905,-21.84892423799785,-28.436984072677927,-14.979343379832443
Vac_50,50,RZV_2d,2024,1,dC_Med,-34.92544972054281,-34.91839107416914,-48.878140325909904,-21.829429395212223
Vac_50,50,RZV_2d,2024,1,dC_VacZVL,0,0,0,0
Vac_50,50,RZV_2d,2024,1,dC_VacRZV,170,170,170,170
Vac_50,50,RZV_2d,2024,1,dC_Vac,170,170,170,170
Vac_50,50,RZV_2d,2024,1,dC_All,135.07455027945718,135.08160892583086,121.1218596740901,148.17057060478777
Vac_50,50,RZV_2d,2024,1,dC_Hosp_d,-8.373059774685359,-8.30243375688821,-12.902531496428873,-4.491564149899904
Vac_50,50,RZV_2d,2024,1,dC_GP_NonPHN_d,-13.264000848645695,-13.299609977883998,-16.74039671027432,-9.675767171929369
Vac_50,50,RZV_2d,2024,1,dC_GP_PHN_d,-3.354819297818467,-3.3532672713651186,-4.553250898028014,-2.2022990431201794
Vac_50,50,RZV_2d,2024,1,dC_GP_d,-16.618820146464163,-16.66489314305015,-21.16631116975794,-11.877872595882202
Vac_50,50,RZV_2d,2024,1,dC_Med_d,-24.991879921149522,-25.015661409609976,-33.928688766301605,-16.425561053138026
Vac_50,50,RZV_2d,2024,1,dC_VacZVL_d,0,0,0,0
Vac_50,50,RZV_2d,2024,1,dC_VacRZV_d,170,170,170,170
Vac_50,50,RZV_2d,2024,1,dC_Vac_d,170,170,170,170
Vac_50,50,RZV_2d,2024,1,dC_All_d,145.00812007885048,144.98433859039,136.0713112336984,153.574438946862
Vac_50,50,RZV_2d,2024,1,dN_VacZVL,0,0,0,0
Vac_50,50,RZV_2d,2024,1,dN_VacRZV,2,2,2,2
Vac_50,50,RZV_2d,2024,1,dN_VacZVL_d,0,0,0,0
Vac_50,50,RZV_2d,2024,1,dN_VacRZV_d,2,2,2,2
Vac_50,50,RZV_2d,2024,1,ICER,10669.029137875277,10351.482482161526,7416.341943910134,15681.277121108953
Vac_50,50,RZV_2d,2024,1,Price0,85,85,85,85
Vac_50,50,RZV_2d,2024,1,Thres20,152.64239321359008,152.72727579885515,106.14620112368478,200.30791554490216
Vac_50,50,RZV_2d,2024,1,Thres30,222.71561984009776,222.71026665710423,154.87374397580518,292.0498806226526
Vac_50,50,RZV_2d,2024,1,Thres20_50,NA,152.72727579885515,NA,NA
Vac_50,50,RZV_2d,2024,1,Thres30_90,NA,178.76428036558235,NA,NA
Vac_50,50,RZV_2d,2024,1,Thres,NA,152.72727579885515,NA,NA
Vac_51,51,RZV_1d,2024,1,dYear_Life,4.1438979578801847e-4,4.117976448547722e-4,2.2839825641778335e-4,6.210977090431056e-4
Vac_51,51,RZV_1d,2024,1,dYear_Immunised,21.255200481825835,21.31890492473312,16.248003448488475,26.06124356937671
Vac_51,51,RZV_1d,2024,1,dRisk_HZ,-0.1410314748586187,-0.14144652490452342,-0.18015154832897362,-0.10054111598565504
Vac_51,51,RZV_1d,2024,1,dRisk_Hosp,-0.0031999203416262527,-0.003169217904792067,-0.004778634521027661,-0.0017838577321607884
Vac_51,51,RZV_1d,2024,1,dRisk_PHN,-0.008179538720086397,-0.008199548761218277,-0.011052594601379962,-0.005314002875424882
Vac_51,51,RZV_1d,2024,1,dRisk_Death,-5.5564540868720686e-5,-5.507172361678406e-5,-8.733715135684724e-5,-2.7793684539142936e-5
Vac_51,51,RZV_1d,2024,1,dQ_Life,2.8967576377952577e-4,2.879128326362945e-4,1.607833070996989e-4,4.3210381846288105e-4
Vac_51,51,RZV_1d,2024,1,dQ_HZ,0.017870166537854722,0.017917077177571777,0.012356846233006764,0.02342571296002407
Vac_51,51,RZV_1d,2024,1,dQ_HZ_Norm,0.0069766437566799126,0.006947436843986998,0.005016596432542905,0.008990492210806902
Vac_51,51,RZV_1d,2024,1,dQ_All,0.01815634763127194,0.018207633500045617,0.01251387787022935,0.023844040532829954
Vac_51,51,RZV_1d,2024,1,dQ_HZ_d,0.013576807675319142,0.013631333535078324,0.009717080921594045,0.01737449850828493
Vac_51,51,RZV_1d,2024,1,dQ_HZ_Norm_d,0.005467285287926666,0.00545149061216715,0.004077420585417291,0.006871051281719262
Vac_51,51,RZV_1d,2024,1,dQ_Life_d,1.713983119929363e-4,1.7008311654898023e-4,9.64525761414592e-5,2.5250624523796004e-4
Vac_51,51,RZV_1d,2024,1,dQ_All_d,0.013748205987312126,0.013796089127900757,0.009816505789646256,0.017615367300691884
Vac_51,51,RZV_1d,2024,1,dC_Hosp,-12.955432277897463,-12.831364236378175,-19.621781019844782,-6.994326045441315
Vac_51,51,RZV_1d,2024,1,dC_GP_NonPHN,-16.56785269310838,-16.618977326672564,-20.99498956719334,-11.931304114397236
Vac_51,51,RZV_1d,2024,1,dC_GP_PHN,-4.5502693351034535,-4.563478752618494,-6.1307937612846555,-2.955398086447561
Vac_51,51,RZV_1d,2024,1,dC_GP,-21.118122028211836,-21.154620265086315,-27.10765968631715,-14.94928184769442
Vac_51,51,RZV_1d,2024,1,dC_Med,-34.0735543061093,-34.02788472621769,-46.60516998609777,-22.02349157091819
Vac_51,51,RZV_1d,2024,1,dC_VacZVL,0,0,0,0
Vac_51,51,RZV_1d,2024,1,dC_VacRZV,85,85,85,85
Vac_51,51,RZV_1d,2024,1,dC_Vac,85,85,85,85
Vac_51,51,RZV_1d,2024,1,dC_All,50.9264456938907,50.97211527378231,38.39483001390222,62.97650842908181
Vac_51,51,RZV_1d,2024,1,dC_Hosp_d,-8.369357180373838,-8.287080510960749,-12.49165218565162,-4.683519993191573
Vac_51,51,RZV_1d,2024,1,dC_GP_NonPHN_d,-12.928360477593579,-12.984871035480989,-15.998125736580713,-9.639300857999093
Vac_51,51,RZV_1d,2024,1,dC_GP_PHN_d,-3.3189178208234864,-3.330515005668251,-4.3728608771722826,-2.231159548698431
Vac_51,51,RZV_1d,2024,1,dC_GP_d,-16.247278298417065,-16.31787008684288,-20.383756590936912,-11.901105172628606
Vac_51,51,RZV_1d,2024,1,dC_Med_d,-24.6166354787909,-24.638713908423036,-32.743214464376,-16.692121582308932
Vac_51,51,RZV_1d,2024,1,dC_VacZVL_d,0,0,0,0
Vac_51,51,RZV_1d,2024,1,dC_VacRZV_d,85,85,85,85
Vac_51,51,RZV_1d,2024,1,dC_Vac_d,85,85,85,85
Vac_51,51,RZV_1d,2024,1,dC_All_d,60.383364521209096,60.36128609157696,52.256785535624,68.30787841769107
Vac_51,51,RZV_1d,2024,1,dN_VacZVL,0,0,0,0
Vac_51,51,RZV_1d,2024,1,dN_VacRZV,1,1,1,1
Vac_51,51,RZV_1d,2024,1,dN_VacZVL_d,0,0,0,0
Vac_51,51,RZV_1d,2024,1,dN_VacRZV_d,1,1,1,1
Vac_51,51,RZV_1d,2024,1,ICER,4537.560556515797,4374.726184324774,2981.6989774250196,6899.38623052562
Vac_51,51,RZV_1d,2024,1,Price0,85,85,85,85
Vac_51,51,RZV_1d,2024,1,Thres20,299.58075522503344,300.7192529083798,212.92647795494753,384.7094665163352
Vac_51,51,RZV_1d,2024,1,Thres30,437.06281509815466,438.96054830754724,311.0846612132918,561.1390991782177
Vac_51,51,RZV_1d,2024,1,Thres20_50,NA,300.7192529083798,NA,NA
Vac_51,51,RZV_1d,2024,1,Thres30_90,NA,355.5450747048569,NA,NA
Vac_51,51,RZV_1d,2024,1,Thres,NA,300.7192529083798,NA,NA
Vac_51,51,RZV_2d,2024,1,dYear_Life,4.2858972475757183e-4,4.257426815108545e-4,2.3428116213874972e-4,6.526804737232438e-4
Vac_51,51,RZV_2d,2024,1,dYear_Immunised,21.949134979921087,21.992027877681146,16.467437463058328,27.286008381365225
Vac_51,51,RZV_2d,2024,1,dRisk_HZ,-0.1456849313046606,-0.14624001248762003,-0.1881747739372242,-0.10262894276248617
Vac_51,51,RZV_2d,2024,1,dRisk_Hosp,-0.0033097006504092196,-0.0032701058539418614,-0.005018089034571855,-0.0018086624092815374
Vac_51,51,RZV_2d,2024,1,dRisk_PHN,-0.008453270918404247,-0.008468918806165739,-0.011614500311816064,-0.005405538111310439
Vac_51,51,RZV_2d,2024,1,dRisk_Death,-5.749832168175004e-5,-5.6845138127146e-5,-9.2399665370388e-5,-2.8267192809984486e-5
Vac_51,51,RZV_2d,2024,1,dQ_Life,2.995884887854352e-4,2.9758760572207166e-4,1.649096559034113e-4,4.547460543883552e-4
Vac_51,51,RZV_2d,2024,1,dQ_HZ,0.018462408618946484,0.018434835437827486,0.012520126965310163,0.024577670513799034
Vac_51,51,RZV_2d,2024,1,dQ_HZ_Norm,0.007205991675766476,0.007175408607235022,0.0051369511255739955,0.00938416105553243
Vac_51,51,RZV_2d,2024,1,dQ_All,0.018758378542769107,0.018726445248585577,0.012690630566393413,0.02501390069145781
Vac_51,51,RZV_2d,2024,1,dQ_HZ_d,0.014023818277407804,0.014003521677944495,0.009878549122783091,0.018222321557966353
Vac_51,51,RZV_2d,2024,1,dQ_HZ_Norm_d,0.005645894430004495,0.005629354985466321,0.0041508653606348355,0.0071806439372891885
Vac_51,51,RZV_2d,2024,1,dQ_Life_d,1.7724582676654954e-4,1.760141410080962e-4,9.904455374512012e-5,2.651355508787922e-4
Vac_51,51,RZV_2d,2024,1,dQ_All_d,0.01420106410417438,0.01418767940509369,0.009970143184356938,0.018485060713776133
Vac_51,51,RZV_2d,2024,1,dC_Hosp,-13.40196392453843,-13.286308314845801,-20.942779248904728,-7.088170322511728
Vac_51,51,RZV_2d,2024,1,dC_GP_NonPHN,-17.113565851742074,-17.1551635067916,-21.930958706937655,-12.194242933873257
Vac_51,51,RZV_2d,2024,1,dC_GP_PHN,-4.7022933972755565,-4.700569788431357,-6.457820408714805,-3.016374861097387
Vac_51,51,RZV_2d,2024,1,dC_GP,-21.81585924901763,-21.89572852899888,-28.262562548600012,-15.17506687752841
Vac_51,51,RZV_2d,2024,1,dC_Med,-35.21782317355606,-35.22764258135104,-48.8434631297797,-22.31296375757611
Vac_51,51,RZV_2d,2024,1,dC_VacZVL,0,0,0,0
Vac_51,51,RZV_2d,2024,1,dC_VacRZV,170,170,170,170
Vac_51,51,RZV_2d,2024,1,dC_Vac,170,170,170,170
Vac_51,51,RZV_2d,2024,1,dC_All,134.78217682644393,134.77235741864897,121.1565368702203,147.6870362424239
Vac_51,51,RZV_2d,2024,1,dC_Hosp_d,-8.656359099224057,-8.578052028542958,-13.211574388364761,-4.736012909001581
Vac_51,51,RZV_2d,2024,1,dC_GP_NonPHN_d,-13.351566910656825,-13.386407747460208,-16.733900368185285,-9.829984357115562
Vac_51,51,RZV_2d,2024,1,dC_GP_PHN_d,-3.4291632761632913,-3.428270665347101,-4.613731123358726,-2.277019146448879
Vac_51,51,RZV_2d,2024,1,dC_GP_d,-16.780730186820115,-16.830045353443406,-21.23366431553964,-12.126821055349343
Vac_51,51,RZV_2d,2024,1,dC_Med_d,-25.437089286044174,-25.46448930665464,-34.30299351909802,-16.894235658831704
Vac_51,51,RZV_2d,2024,1,dC_VacZVL_d,0,0,0,0
Vac_51,51,RZV_2d,2024,1,dC_VacRZV_d,170,170,170,170
Vac_51,51,RZV_2d,2024,1,dC_Vac_d,170,170,170,170
Vac_51,51,RZV_2d,2024,1,dC_All_d,144.56291071395583,144.53551069334537,135.697006480902,153.10576434116828
Vac_51,51,RZV_2d,2024,1,dN_VacZVL,0,0,0,0
Vac_51,51,RZV_2d,2024,1,dN_VacRZV,2,2,2,2
Vac_51,51,RZV_2d,2024,1,dN_VacZVL_d,0,0,0,0
Vac_51,51,RZV_2d,2024,1,dN_VacRZV_d,2,2,2,2
Vac_51,51,RZV_2d,2024,1,ICER,10479.834003820313,10169.954087316959,7374.701087603305,15268.822354899516
Vac_51,51,RZV_2d,2024,1,Price0,85,85,85,85
Vac_51,51,RZV_2d,2024,1,Thres20,154.7291856847659,154.7032827006278,108.58433755828669,201.32686435906098
Vac_51,51,RZV_2d,2024,1,Thres30,225.73450620563779,225.6829313173466,158.44413668903977,293.56807239955987
Vac_51,51,RZV_2d,2024,1,Thres20_50,NA,154.7032827006278,NA,NA
Vac_51,51,RZV_2d,2024,1,Thres30_90,NA,182.0104790892724,NA,NA
Vac_51,51,RZV_2d,2024,1,Thres,NA,154.7032827006278,NA,NA
Vac_52,52,RZV_1d,2024,1,dYear_Life,4.228950273624523e-4,4.2094070700038344e-4,2.3786863843051618e-4,6.270537843039214e-4
Vac_52,52,RZV_1d,2024,1,dYear_Immunised,20.830215812947685,20.888253821880497,16.02875586588344,25.451712877039796
Vac_52,52,RZV_1d,2024,1,dRisk_HZ,-0.14086446372356518,-0.14120466103969317,-0.17857514155703208,-0.1014079608474351
Vac_52,52,RZV_1d,2024,1,dRisk_Hosp,-0.003258954480214843,-0.003228437957457287,-0.004808032959452381,-0.0018515199090177593
Vac_52,52,RZV_1d,2024,1,dRisk_PHN,-0.00827308775089042,-0.008290928629608934,-0.011066879933151107,-0.00546366746118646
Vac_52,52,RZV_1d,2024,1,dRisk_Death,-5.6783231622639025e-05,-5.629712595324647e-5,-8.833859415893498e-5,-2.9129974494381313e-5
Vac_52,52,RZV_1d,2024,1,dQ_Life,2.9556404228592824e-4,2.939961344008424e-4,1.6708241341421016e-4,4.3590754092655e-4
Vac_52,52,RZV_1d,2024,1,dQ_HZ,0.017927581247436944,0.01797746903382476,0.012519294539989652,0.023302867472108166
Vac_52,52,RZV_1d,2024,1,dQ_HZ_Norm,0.006946456841926091,0.00692101916436508,0.005042987279159894,0.008900179660854072
Vac_52,52,RZV_1d,2024,1,dQ_All,0.018219574008693142,0.018270143393493754,0.01272441815842713,0.023705557023116337
Vac_52,52,RZV_1d,2024,1,dQ_HZ_d,0.01373812447742693,0.013780491357822007,0.009923368954329386,0.01742578136278541
Vac_52,52,RZV_1d,2024,1,dQ_HZ_Norm_d,0.005483109266350541,0.005471737213958204,0.004120534994336105,0.006851394230963279
Vac_52,52,RZV_1d,2024,1,dQ_Life_d,1.773828193179874e-4,1.7624968286433784e-4,1.0188507930299905e-4,2.5812011326209466e-4
Vac_52,52,RZV_1d,2024,1,dQ_All_d,0.013915507296745091,0.013966144797390001,0.010032998589261944,0.017676429769652023
Vac_52,52,RZV_1d,2024,1,dC_Hosp,-13.21446784787996,-13.092656827121946,-19.802159154782586,-7.274663870435497
Vac_52,52,RZV_1d,2024,1,dC_GP_NonPHN,-16.527606278723855,-16.58110050943482,-20.77114383873902,-12.020107766455284
Vac_52,52,RZV_1d,2024,1,dC_GP_PHN,-4.600900191747731,-4.618612892608705,-6.133284200186841,-3.0257120478383217
Vac_52,52,RZV_1d,2024,1,dC_GP,-21.128506470471585,-21.189997434523953,-26.913809783913944,-15.123243660039623
Vac_52,52,RZV_1d,2024,1,dC_Med,-34.342974318351544,-34.324151112238006,-46.572504191419505,-22.456818438308296
Vac_52,52,RZV_1d,2024,1,dC_VacZVL,0,0,0,0
Vac_52,52,RZV_1d,2024,1,dC_VacRZV,85,85,85,85
Vac_52,52,RZV_1d,2024,1,dC_Vac,85,85,85,85
Vac_52,52,RZV_1d,2024,1,dC_All,50.657025681648456,50.675848887761994,38.42749580858049,62.54318156169171
Vac_52,52,RZV_1d,2024,1,dC_Hosp_d,-8.653028152032956,-8.584474189366613,-12.803659217829512,-4.936688403218842
Vac_52,52,RZV_1d,2024,1,dC_GP_NonPHN_d,-12.9957600866217,-13.047543699329339,-15.985436126878328,-9.78323180412104
Vac_52,52,RZV_1d,2024,1,dC_GP_PHN_d,-3.391364168911919,-3.402581781218621,-4.422723250013568,-2.309246042569328
Vac_52,52,RZV_1d,2024,1,dC_GP_d,-16.38712425553362,-16.452534930713348,-20.460800995635203,-12.12139118361971
Vac_52,52,RZV_1d,2024,1,dC_Med_d,-25.040152407566577,-25.07615976021166,-33.09046925332996,-17.120204021423216
Vac_52,52,RZV_1d,2024,1,dC_VacZVL_d,0,0,0,0
Vac_52,52,RZV_1d,2024,1,dC_VacRZV_d,85,85,85,85
Vac_52,52,RZV_1d,2024,1,dC_Vac_d,85,85,85,85
Vac_52,52,RZV_1d,2024,1,dC_All_d,59.95984759243343,59.92384023978834,51.909530746670036,67.8797959785768
Vac_52,52,RZV_1d,2024,1,dN_VacZVL,0,0,0,0
Vac_52,52,RZV_1d,2024,1,dN_VacRZV,1,1,1,1
Vac_52,52,RZV_1d,2024,1,dN_VacZVL_d,0,0,0,0
Vac_52,52,RZV_1d,2024,1,dN_VacRZV_d,1,1,1,1
Vac_52,52,RZV_1d,2024,1,ICER,4444.7936290152375,4287.790324982659,2942.3482305747098,6713.177552005599
Vac_52,52,RZV_1d,2024,1,Price0,85,85,85,85
Vac_52,52,RZV_1d,2024,1,Thres20,303.35029834246836,305.0433746512811,218.21191457833206,386.83561533673293
Vac_52,52,RZV_1d,2024,1,Thres30,442.50537130991927,444.7346572058053,318.80564598120975,563.7724516410944
Vac_52,52,RZV_1d,2024,1,Thres20_50,NA,305.0433746512811,NA,NA
Vac_52,52,RZV_1d,2024,1,Thres30_90,NA,362.095929944056,NA,NA
Vac_52,52,RZV_1d,2024,1,Thres,NA,305.0433746512811,NA,NA
Vac_52,52,RZV_2d,2024,1,dYear_Life,4.3733879136430076e-4,4.351642228055397e-4,2.446222960742261e-4,6.583206372750894e-4
Vac_52,52,RZV_2d,2024,1,dYear_Immunised,21.50944680831066,21.558020294808163,16.242750013925136,26.62306168045233
Vac_52,52,RZV_2d,2024,1,dRisk_HZ,-0.14550310936460553,-0.1460685507626182,-0.18621385903619547,-0.10369579002365477
Vac_52,52,RZV_2d,2024,1,dRisk_Hosp,-0.0033704140474286187,-0.003335150823741133,-0.00505118568080385,-0.0018733934103154814
Vac_52,52,RZV_2d,2024,1,dRisk_PHN,-0.008549200032080167,-0.008562927083375192,-0.011635050366845572,-0.005545959368598827
Vac_52,52,RZV_2d,2024,1,dRisk_Death,-5.8752683813569085e-5,-5.81218469164623e-5,-9.32964303594177e-5,-2.9542696963890124e-5
Vac_52,52,RZV_2d,2024,1,dQ_Life,3.0564519036972194e-4,3.04111207238833e-4,1.714149327524339e-4,4.579612177868064e-4
Vac_52,52,RZV_2d,2024,1,dQ_HZ,0.018520418092942095,0.0185100456143149,0.012711072908594438,0.02445139310818697
Vac_52,52,RZV_2d,2024,1,dQ_HZ_Norm,0.007174386448104782,0.00714797100992454,0.005158659699581227,0.009290858011762203
Vac_52,52,RZV_2d,2024,1,dQ_All,0.018822365824334837,0.018806838525106784,0.012881820889591555,0.02489019422184055
Vac_52,52,RZV_2d,2024,1,dQ_HZ_d,0.0141895739657768,0.014175575207043219,0.010099438068928717,0.01830276048829686
Vac_52,52,RZV_2d,2024,1,dQ_HZ_Norm_d,0.0056619493332345,0.005646307232706607,0.004181665358465128,0.007161376019491821
Vac_52,52,RZV_2d,2024,1,dQ_Life_d,1.8341505213405185e-4,1.8205030986884196e-4,1.0436070458288426e-4,2.7123471046710537e-4
Vac_52,52,RZV_2d,2024,1,dQ_All_d,0.014372989017910946,0.014355765758649497,0.010204485909314175,0.018558821310735496
Vac_52,52,RZV_2d,2024,1,dC_Hosp,-13.668453229584106,-13.553762072589922,-21.07640436067915,-7.361065177528782
Vac_52,52,RZV_2d,2024,1,dC_GP_NonPHN,-17.07092674177329,-17.123907757432235,-21.71178882467424,-12.276456748185472
Vac_52,52,RZV_2d,2024,1,dC_GP_PHN,-4.754201526380071,-4.751550741475098,-6.455672875734134,-3.0874729497314535
Vac_52,52,RZV_2d,2024,1,dC_GP,-21.825128268153364,-21.91959640091418,-28.07649124635491,-15.36909589394902
Vac_52,52,RZV_2d,2024,1,dC_Med,-35.49358149773747,-35.53125945059835,-48.78320871454441,-22.798561124612203
Vac_52,52,RZV_2d,2024,1,dC_VacZVL,0,0,0,0
Vac_52,52,RZV_2d,2024,1,dC_VacRZV,170,170,170,170
Vac_52,52,RZV_2d,2024,1,dC_Vac,170,170,170,170
Vac_52,52,RZV_2d,2024,1,dC_All,134.50641850226253,134.46874054940167,121.2167912854556,147.2014388753878
Vac_52,52,RZV_2d,2024,1,dC_Hosp_d,-8.948834343603112,-8.888676305577173,-13.504968400533496,-4.995703722747852
Vac_52,52,RZV_2d,2024,1,dC_GP_NonPHN_d,-13.420452123944573,-13.46280741958638,-16.71654908311146,-9.99177959631901
Vac_52,52,RZV_2d,2024,1,dC_GP_PHN_d,-3.5037378643238632,-3.505996062680305,-4.661249342297995,-2.3510055479339536
Vac_52,52,RZV_2d,2024,1,dC_GP_d,-16.924189988268438,-16.972867490563022,-21.295070586003387,-12.361530896756545
Vac_52,52,RZV_2d,2024,1,dC_Med_d,-25.873024331871548,-25.914370955203246,-34.60640622472805,-17.380613085057277
Vac_52,52,RZV_2d,2024,1,dC_VacZVL_d,0,0,0,0
Vac_52,52,RZV_2d,2024,1,dC_VacRZV_d,170,170,170,170
Vac_52,52,RZV_2d,2024,1,dC_Vac_d,170,170,170,170
Vac_52,52,RZV_2d,2024,1,dC_All_d,144.12697566812844,144.08562904479675,135.39359377527194,152.6193869149427
Vac_52,52,RZV_2d,2024,1,dN_VacZVL,0,0,0,0
Vac_52,52,RZV_2d,2024,1,dN_VacRZV,2,2,2,2
Vac_52,52,RZV_2d,2024,1,dN_VacZVL_d,0,0,0,0
Vac_52,52,RZV_2d,2024,1,dN_VacRZV_d,2,2,2,2
Vac_52,52,RZV_2d,2024,1,ICER,10307.860718377915,10031.8707440122,7329.483599692016,14908.698842533
Vac_52,52,RZV_2d,2024,1,Price0,85,85,85,85
Vac_52,52,RZV_2d,2024,1,Thres20,156.66640234504524,156.5875892914001,110.91116607246309,202.35112601112925
Vac_52,52,RZV_2d,2024,1,Thres30,228.53134743459995,228.32654283410795,161.96694858291258,295.26405990035425
Vac_52,52,RZV_2d,2024,1,Thres20_50,NA,156.5875892914001,NA,NA
Vac_52,52,RZV_2d,2024,1,Thres30_90,NA,185.2575728003361,NA,NA
Vac_52,52,RZV_2d,2024,1,Thres,NA,156.5875892914001,NA,NA
Vac_53,53,RZV_1d,2024,1,dYear_Life,4.3156844021631713e-4,4.301673834987696e-4,2.479263450156921e-4,6.315265886263965e-4
Vac_53,53,RZV_1d,2024,1,dYear_Immunised,20.400080361541104,20.469796508587564,15.797781827721042,24.823954283450238
Vac_53,53,RZV_1d,2024,1,dRisk_HZ,-0.14054003589258682,-0.14092824388534192,-0.17680307549099689,-0.1023218498356513
Vac_53,53,RZV_1d,2024,1,dRisk_Hosp,-0.003318677299643108,-0.003289794784521843,-0.00484063077705389,-0.0019216570829903932
Vac_53,53,RZV_1d,2024,1,dRisk_PHN,-0.008364704202466523,-0.008384343282599594,-0.011078753485503613,-0.005622258178128038
Vac_53,53,RZV_1d,2024,1,dRisk_Death,-5.804039069354519e-5,-5.763398635453227e-5,-8.927329612246484e-5,-3.047092619754533e-5
Vac_53,53,RZV_1d,2024,1,dQ_Life,3.015598913312463e-4,3.004840065656822e-4,1.7419773184830232e-4,4.3921484461355564e-4
Vac_53,53,RZV_1d,2024,1,dQ_HZ,0.017967321509063994,0.01800794796608911,0.012669640898469798,0.023164516467863557
Vac_53,53,RZV_1d,2024,1,dQ_HZ_Norm,0.0069081035243692525,0.006882339050367864,0.005055215215839579,0.008793340523356051
Vac_53,53,RZV_1d,2024,1,dQ_All,0.018265230866295508,0.018320268999007183,0.012847000964354472,0.023584024404782685
Vac_53,53,RZV_1d,2024,1,dQ_HZ_d,0.01388519565067749,0.013920403897967636,0.010116117139080597,0.01750746002859443
Vac_53,53,RZV_1d,2024,1,dQ_HZ_Norm_d,0.005491567157914532,0.005479509560457855,0.004159842706171954,0.00685147170866462
Vac_53,53,RZV_1d,2024,1,dQ_Life_d,1.835557788791391e-4,1.826930075594646e-4,1.0756532931868179e-4,2.647012203157217e-4
Vac_53,53,RZV_1d,2024,1,dQ_All_d,0.014068751429556482,0.014101626466947792,0.010232566753802708,0.017781971654954896
Vac_53,53,RZV_1d,2024,1,dC_Hosp,-13.478366216668347,-13.373988219997642,-19.987923125835763,-7.578498016087358
Vac_53,53,RZV_1d,2024,1,dC_GP_NonPHN,-16.467451898984525,-16.52928411077733,-20.563895628006808,-12.08384514908359
Vac_53,53,RZV_1d,2024,1,dC_GP_PHN,-4.650340833309917,-4.661244836400988,-6.141278806050173,-3.0969346506246973
Vac_53,53,RZV_1d,2024,1,dC_GP,-21.117792732294443,-21.191720248977877,-26.70364589443544,-15.261380007921874
Vac_53,53,RZV_1d,2024,1,dC_Med,-34.59615894896279,-34.59254589067909,-46.5057384817897,-22.953654447651644
Vac_53,53,RZV_1d,2024,1,dC_VacZVL,0,0,0,0
Vac_53,53,RZV_1d,2024,1,dC_VacRZV,85,85,85,85
Vac_53,53,RZV_1d,2024,1,dC_Vac,85,85,85,85
Vac_53,53,RZV_1d,2024,1,dC_All,50.40384105103721,50.40745410932091,38.49426151821031,62.04634555234836
Vac_53,53,RZV_1d,2024,1,dC_Hosp_d,-8.945115806585319,-8.885320252804123,-13.089754522075069,-5.196899145519329
Vac_53,53,RZV_1d,2024,1,dC_GP_NonPHN_d,-13.045533458314127,-13.100638039209112,-15.957199612710037,-9.88735146515177
Vac_53,53,RZV_1d,2024,1,dC_GP_PHN_d,-3.4638538088163418,-3.4753422215315792,-4.487490749929128,-2.387274828991091
Vac_53,53,RZV_1d,2024,1,dC_GP_d,-16.50938726713047,-16.5848295804633,-20.458230896900112,-12.327218947786939
Vac_53,53,RZV_1d,2024,1,dC_Med_d,-25.454503073715788,-25.493295895780307,-33.42193406814673,-17.589417373947033
Vac_53,53,RZV_1d,2024,1,dC_VacZVL_d,0,0,0,0
Vac_53,53,RZV_1d,2024,1,dC_VacRZV_d,85,85,85,85
Vac_53,53,RZV_1d,2024,1,dC_Vac_d,85,85,85,85
Vac_53,53,RZV_1d,2024,1,dC_All_d,59.545496926284216,59.50670410421969,51.578065931853274,67.41058262605299
Vac_53,53,RZV_1d,2024,1,dN_VacZVL,0,0,0,0
Vac_53,53,RZV_1d,2024,1,dN_VacRZV,1,1,1,1
Vac_53,53,RZV_1d,2024,1,dN_VacZVL_d,0,0,0,0
Vac_53,53,RZV_1d,2024,1,dN_VacRZV_d,1,1,1,1
Vac_53,53,RZV_1d,2024,1,ICER,4359.674626779784,4212.559808663417,2911.061520989138,6535.261590837879
Vac_53,53,RZV_1d,2024,1,Price0,85,85,85,85
Vac_53,53,RZV_1d,2024,1,Thres20,306.82953166484543,308.21781376215563,223.29605828191723,388.27799549519494
Vac_53,53,RZV_1d,2024,1,Thres30,447.51704596041026,449.37162170664146,325.6392676134865,565.8270872270776
Vac_53,53,RZV_1d,2024,1,Thres20_50,NA,308.21781376215563,NA,NA
Vac_53,53,RZV_1d,2024,1,Thres30_90,NA,367.9833662778082,NA,NA
Vac_53,53,RZV_1d,2024,1,Thres,NA,308.21781376215563,NA,NA
Vac_53,53,RZV_2d,2024,1,dYear_Life,4.4626024432183975e-4,4.44572287610967e-4,2.54331830026544e-4,6.637345127050053e-4
Vac_53,53,RZV_2d,2024,1,dYear_Immunised,21.064473153242588,21.10800902592142,16.010985084310096,25.958462350503353
Vac_53,53,RZV_2d,2024,1,dRisk_HZ,-0.1451589474760656,-0.14575943963212812,-0.18464413809369074,-0.10452945328008473
Vac_53,53,RZV_2d,2024,1,dRisk_Hosp,-0.0034318321416776133,-0.0034043148403052697,-0.005089183557401408,-0.0019458319010430653
Vac_53,53,RZV_2d,2024,1,dRisk_PHN,-0.008643135761296255,-0.008668094936490584,-0.011629949355404597,-0.005696729585109846
Vac_53,53,RZV_2d,2024,1,dRisk_Death,-6.0046581709069546e-5,-5.949063531619939e-5,-9.419943110881194e-5,-3.087944505602032e-5
Vac_53,53,RZV_2d,2024,1,dQ_Life,3.1181209006496147e-4,3.103068846215251e-4,1.7815279851003397e-4,4.6155943658705563e-4
Vac_53,53,RZV_2d,2024,1,dQ_HZ,0.018560192119807174,0.01854187757919264,0.012902518298922814,0.02425778988611183
Vac_53,53,RZV_2d,2024,1,dQ_HZ_Norm,0.0071343623153478685,0.007112878406420696,0.005165840917751224,0.009188327680638068
Vac_53,53,RZV_2d,2024,1,dQ_All,0.01886822513896267,0.018861614174323194,0.013085614851971615,0.024716045293520495
Vac_53,53,RZV_2d,2024,1,dQ_HZ_d,0.01434061854402311,0.014349137668458113,0.010286911553932672,0.018333666056161137
Vac_53,53,RZV_2d,2024,1,dQ_HZ_Norm_d,0.005670404918377818,0.0056544060774612655,0.004218182463094563,0.007143153675526097
Vac_53,53,RZV_2d,2024,1,dQ_Life_d,1.8977799936473617e-4,1.8838024965184275e-4,1.0972969652165432e-4,2.773378826883998e-4
Vac_53,53,RZV_2d,2024,1,dQ_All_d,0.014530396543387765,0.014528598882815658,0.010418943956531557,0.018591653025621997
Vac_53,53,RZV_2d,2024,1,dC_Hosp,-13.939931175212527,-13.842044020324899,-21.23710466214194,-7.667859982377144
Vac_53,53,RZV_2d,2024,1,dC_GP_NonPHN,-17.0077576722924,-17.06317913800482,-21.47359529919221,-12.368882992723467
Vac_53,53,RZV_2d,2024,1,dC_GP_PHN,-4.804882143990558,-4.807283267979755,-6.462667777056332,-3.1645745419124762
Vac_53,53,RZV_2d,2024,1,dC_GP,-21.812639816282957,-21.91093239453981,-27.839791390538817,-15.554139219215006
Vac_53,53,RZV_2d,2024,1,dC_Med,-35.75257099149548,-35.78255792486744,-48.630738816404396,-23.261757991576278
Vac_53,53,RZV_2d,2024,1,dC_VacZVL,0,0,0,0
Vac_53,53,RZV_2d,2024,1,dC_VacRZV,170,170,170,170
Vac_53,53,RZV_2d,2024,1,dC_Vac,170,170,170,170
Vac_53,53,RZV_2d,2024,1,dC_All,134.24742900850453,134.21744207513257,121.36926118359561,146.73824200842373
Vac_53,53,RZV_2d,2024,1,dC_Hosp_d,-9.249966668426335,-9.190739171802138,-13.807432792052854,-5.267212942101282
Vac_53,53,RZV_2d,2024,1,dC_GP_NonPHN_d,-13.471147108940466,-13.51996689989075,-16.67964070039426,-10.104130700131375
Vac_53,53,RZV_2d,2024,1,dC_GP_PHN_d,-3.5783550957148265,-3.587279919184467,-4.7194411070296605,-2.429444884554738
Vac_53,53,RZV_2d,2024,1,dC_GP_d,-17.049502204655294,-17.10263667086627,-21.305085174598812,-12.549528375495353
Vac_53,53,RZV_2d,2024,1,dC_Med_d,-26.29946887308163,-26.331915721777428,-34.91679575085092,-17.86647803817919
Vac_53,53,RZV_2d,2024,1,dC_VacZVL_d,0,0,0,0
Vac_53,53,RZV_2d,2024,1,dC_VacRZV_d,170,170,170,170
Vac_53,53,RZV_2d,2024,1,dC_Vac_d,170,170,170,170
Vac_53,53,RZV_2d,2024,1,dC_All_d,143.70053112691838,143.66808427822258,135.08320424914908,152.13352196182083
Vac_53,53,RZV_2d,2024,1,dN_VacZVL,0,0,0,0
Vac_53,53,RZV_2d,2024,1,dN_VacRZV,2,2,2,2
Vac_53,53,RZV_2d,2024,1,dN_VacZVL_d,0,0,0,0
Vac_53,53,RZV_2d,2024,1,dN_VacRZV_d,2,2,2,2
Vac_53,53,RZV_2d,2024,1,ICER,10151.642048933549,9900.83392161657,7285.360700753278,14600.392988903242
Vac_53,53,RZV_2d,2024,1,Price0,85,85,85,85
Vac_53,53,RZV_2d,2024,1,Thres20,158.45369987041846,158.31185930913767,113.14750227991738,203.07249528015458
Vac_53,53,RZV_2d,2024,1,Thres30,231.10568258735728,231.00334379527516,165.26868644878397,296.20397729079707
Vac_53,53,RZV_2d,2024,1,Thres20_50,NA,158.31185930913767,NA,NA
Vac_53,53,RZV_2d,2024,1,Thres30_90,NA,188.35144799954045,NA,NA
Vac_53,53,RZV_2d,2024,1,Thres,NA,158.31185930913767,NA,NA
Vac_54,54,RZV_1d,2024,1,dYear_Life,4.404045302940709e-4,4.392899410561313e-4,2.583101846483693e-4,6.366797986412817e-4
Vac_54,54,RZV_1d,2024,1,dYear_Immunised,19.964847785588663,20.0431303839806,15.537888630722362,24.149169008534514
Vac_54,54,RZV_1d,2024,1,dRisk_HZ,-0.14004208698815646,-0.14056268296668736,-0.17512286968997778,-0.10298177506830303
Vac_54,54,RZV_1d,2024,1,dRisk_Hosp,-0.0033793169195652575,-0.0033505849461486197,-0.0048725729563702455,-0.001988978018108857
Vac_54,54,RZV_1d,2024,1,dRisk_PHN,-0.00845243717195039,-0.008467637248757152,-0.011092203667155512,-0.00577678461105913
Vac_54,54,RZV_1d,2024,1,dRisk_Death,-5.933769376672978e-5,-5.892220126086588e-5,-9.005334932365164e-5,-3.175973097051719e-5
Vac_54,54,RZV_1d,2024,1,dQ_Life,3.076581529485836e-4,3.070488748804223e-4,1.812754736054245e-4,4.426140511020193e-4
Vac_54,54,RZV_1d,2024,1,dQ_HZ,0.017987274005677414,0.01802809603912197,0.012775836491298162,0.02299554353604979
Vac_54,54,RZV_1d,2024,1,dQ_HZ_Norm,0.006860847590634315,0.006841546798391258,0.005064942546398308,0.008683628794779642
Vac_54,54,RZV_1d,2024,1,dQ_All,0.018291199570287468,0.018336337609214937,0.012972888414376183,0.023431171477251666
Vac_54,54,RZV_1d,2024,1,dQ_HZ_d,0.014015721129843107,0.014049909610988414,0.010264343230842746,0.017569091048662132
Vac_54,54,RZV_1d,2024,1,dQ_HZ_Norm_d,0.005491817302735043,0.0054847121295739125,0.00417702194798017,0.006812557536669907
Vac_54,54,RZV_1d,2024,1,dQ_Life_d,1.8991709338370556e-4,1.892617246426198e-4,1.1339366062328438e-4,2.711392217699782e-4
Vac_54,54,RZV_1d,2024,1,dQ_All_d,0.014205638223226867,0.01424568800666215,0.010386528732983269,0.017827335927771415
Vac_54,54,RZV_1d,2024,1,dC_Hosp,-13.74780322483093,-13.664058354796655,-20.170047772485912,-7.899561621781164
Vac_54,54,RZV_1d,2024,1,dC_GP_NonPHN,-16.38554575463845,-16.45667865666797,-20.33446575417221,-12.136167546105938
Vac_54,54,RZV_1d,2024,1,dC_GP_PHN,-4.697466922584413,-4.711622894997093,-6.131594859838462,-3.180594741541999
Vac_54,54,RZV_1d,2024,1,dC_GP,-21.08301267722286,-21.168911599226732,-26.502258894015622,-15.386234861158364
Vac_54,54,RZV_1d,2024,1,dC_Med,-34.83081590205379,-34.857609202388275,-46.47548863020059,-23.404078533571017
Vac_54,54,RZV_1d,2024,1,dC_VacZVL,0,0,0,0
Vac_54,54,RZV_1d,2024,1,dC_VacRZV,85,85,85,85
Vac_54,54,RZV_1d,2024,1,dC_Vac,85,85,85,85
Vac_54,54,RZV_1d,2024,1,dC_All,50.16918409794621,50.14239079761174,38.52451136979942,61.59592146642898
Vac_54,54,RZV_1d,2024,1,dC_Hosp_d,-9.246438666883419,-9.182156051564188,-13.412426951651701,-5.479572388826884
Vac_54,54,RZV_1d,2024,1,dC_GP_NonPHN_d,-13.07559050612924,-13.146323125653321,-15.920303944560255,-9.987843548466902
Vac_54,54,RZV_1d,2024,1,dC_GP_PHN_d,-3.535264358062113,-3.5451015575072455,-4.539284682921204,-2.477388456506915
Vac_54,54,RZV_1d,2024,1,dC_GP_d,-16.610854864191353,-16.688804345073606,-20.475801740757156,-12.504566941529177
Vac_54,54,RZV_1d,2024,1,dC_Med_d,-25.857293531074774,-25.895013818546992,-33.712842974415345,-18.04758914796042
Vac_54,54,RZV_1d,2024,1,dC_VacZVL_d,0,0,0,0
Vac_54,54,RZV_1d,2024,1,dC_VacRZV_d,85,85,85,85
Vac_54,54,RZV_1d,2024,1,dC_Vac_d,85,85,85,85
Vac_54,54,RZV_1d,2024,1,dC_All_d,59.142706468925226,59.104986181453,51.28715702558465,66.95241085203958
Vac_54,54,RZV_1d,2024,1,dN_VacZVL,0,0,0,0
Vac_54,54,RZV_1d,2024,1,dN_VacRZV,1,1,1,1
Vac_54,54,RZV_1d,2024,1,dN_VacZVL_d,0,0,0,0
Vac_54,54,RZV_1d,2024,1,dN_VacRZV_d,1,1,1,1
Vac_54,54,RZV_1d,2024,1,ICER,4282.414240466098,4145.2698243391515,2891.610607413313,6370.932473516405
Vac_54,54,RZV_1d,2024,1,Price0,85,85,85,85
Vac_54,54,RZV_1d,2024,1,Thres20,309.97005799561214,310.68301800140307,227.3505398167991,389.7913849841219
Vac_54,54,RZV_1d,2024,1,Thres30,452.02644022788076,453.0568945312683,331.39576236279333,568.1562348475196
Vac_54,54,RZV_1d,2024,1,Thres20_50,NA,310.68301800140307,NA,NA
Vac_54,54,RZV_1d,2024,1,Thres30_90,NA,373.7481032834489,NA,NA
Vac_54,54,RZV_1d,2024,1,Thres,NA,310.68301800140307,NA,NA
Vac_54,54,RZV_2d,2024,1,dYear_Life,4.5534838532665665e-4,4.540919652775699e-4,2.64393293286691e-4,6.68757083625948e-4
Vac_54,54,RZV_2d,2024,1,dYear_Immunised,20.614270302455427,20.654834555933235,15.77201061677895,25.277097728689238
Vac_54,54,RZV_2d,2024,1,dRisk_HZ,-0.1446356474492266,-0.1452036690263665,-0.18247554125409302,-0.1053067129226452
Vac_54,54,RZV_2d,2024,1,dRisk_Hosp,-0.0034941854458692577,-0.003466577536373863,-0.005126064011259399,-0.002020981883761072
Vac_54,54,RZV_2d,2024,1,dRisk_PHN,-0.008733040868698999,-0.00876694882917003,-0.011622891957668679,-0.005856065529265101
Vac_54,54,RZV_2d,2024,1,dRisk_Death,-6.138173891684484e-5,-6.0867115664900094e-5,-9.5178792581138e-5,-3.228244469696038e-5
Vac_54,54,RZV_2d,2024,1,dQ_Life,3.180838543114177e-4,3.167991928680891e-4,1.8513276205460729e-4,4.6475706825859213e-4
Vac_54,54,RZV_2d,2024,1,dQ_HZ,0.01857953124347801,0.018557524134191,0.013050558889769175,0.024083956386027044
Vac_54,54,RZV_2d,2024,1,dQ_HZ_Norm,0.007085149034619988,0.00707187867276375,0.0051671650455888075,0.009078532483457887
Vac_54,54,RZV_2d,2024,1,dQ_All,0.018893751533525915,0.01888005908041457,0.013269722648765647,0.02455199198617324
Vac_54,54,RZV_2d,2024,1,dQ_HZ_d,0.014474558840822192,0.014476736505581381,0.010477997641279194,0.018366197100078453
Vac_54,54,RZV_2d,2024,1,dQ_HZ_Norm_d,0.005670381823229901,0.0056554594270837874,0.004238951494288547,0.007120632663244129
Vac_54,54,RZV_2d,2024,1,dQ_Life_d,1.9633453685352365e-4,1.9515873265874006e-4,1.1533107140211385e-4,2.839825406138807e-4
Vac_54,54,RZV_2d,2024,1,dQ_All_d,0.014670893377675805,0.014672022228159776,0.010605854151412863,0.01865528346521916
Vac_54,54,RZV_2d,2024,1,dC_Hosp,-14.217082244466932,-14.129906696354444,-21.407525248608824,-7.966439408435725
Vac_54,54,RZV_2d,2024,1,dC_GP_NonPHN,-16.92213675893552,-16.97727682653164,-21.252710192518506,-12.423757915203318
Vac_54,54,RZV_2d,2024,1,dC_GP_PHN,-4.853161455516286,-4.85761333724859,-6.466203238900747,-3.2336935391990944
Vac_54,54,RZV_2d,2024,1,dC_GP,-21.775298214451805,-21.8669404645397,-27.600005906936115,-15.691298695889024
Vac_54,54,RZV_2d,2024,1,dC_Med,-35.99238045891874,-36.013152176079544,-48.56085134565779,-23.70465704079158
Vac_54,54,RZV_2d,2024,1,dC_VacZVL,0,0,0,0
Vac_54,54,RZV_2d,2024,1,dC_VacRZV,170,170,170,170
Vac_54,54,RZV_2d,2024,1,dC_Vac,170,170,170,170
Vac_54,54,RZV_2d,2024,1,dC_All,134.00761954108125,133.98684782392047,121.4391486543422,146.2953429592084
Vac_54,54,RZV_2d,2024,1,dC_Hosp_d,-9.56058685168866,-9.507284878411536,-14.106886053033747,-5.551231093882913
Vac_54,54,RZV_2d,2024,1,dC_GP_NonPHN_d,-13.501475061761477,-13.54441917145886,-16.62274319404123,-10.21318278123443
Vac_54,54,RZV_2d,2024,1,dC_GP_PHN_d,-3.6518427968126344,-3.661597332794072,-4.787416533905278,-2.509850773647687
Vac_54,54,RZV_2d,2024,1,dC_GP_d,-17.15331785857411,-17.218258111868398,-21.305722048650228,-12.756978214478345
Vac_54,54,RZV_2d,2024,1,dC_Med_d,-26.71390471026277,-26.760269298702724,-35.21609754159848,-18.340829117625404
Vac_54,54,RZV_2d,2024,1,dC_VacZVL_d,0,0,0,0
Vac_54,54,RZV_2d,2024,1,dC_VacRZV_d,170,170,170,170
Vac_54,54,RZV_2d,2024,1,dC_Vac_d,170,170,170,170
Vac_54,54,RZV_2d,2024,1,dC_All_d,143.28609528973723,143.23973070129728,134.78390245840154,151.65917088237458
Vac_54,54,RZV_2d,2024,1,dN_VacZVL,0,0,0,0
Vac_54,54,RZV_2d,2024,1,dN_VacRZV,2,2,2,2
Vac_54,54,RZV_2d,2024,1,dN_VacZVL_d,0,0,0,0
Vac_54,54,RZV_2d,2024,1,dN_VacRZV_d,2,2,2,2
Vac_54,54,RZV_2d,2024,1,ICER,10011.6965270598,9775.559489668072,7261.864114794714,14268.314659097605
Vac_54,54,RZV_2d,2024,1,Price0,85,85,85,85
Vac_54,54,RZV_2d,2024,1,Thres20,160.06588613188944,160.21121856778674,115.45323772745178,203.7347588930354
Vac_54,54,RZV_2d,2024,1,Thres30,233.42035302026846,233.65347816469932,168.49001503262204,296.91497059665744
Vac_54,54,RZV_2d,2024,1,Thres20_50,NA,160.21121856778674,NA,NA
Vac_54,54,RZV_2d,2024,1,Thres30_90,NA,191.39135046511876,NA,NA
Vac_54,54,RZV_2d,2024,1,Thres,NA,160.21121856778674,NA,NA
Vac_55,55,RZV_1d,2024,1,dYear_Life,4.4940242751407135e-4,4.4863195376798615e-4,2.691816636219535e-4,6.42518792882285e-4
Vac_55,55,RZV_1d,2024,1,dYear_Immunised,19.524867640052033,19.60702329449814,15.268627592899929,23.502610757664563
Vac_55,55,RZV_1d,2024,1,dRisk_HZ,-0.13937032861567955,-0.13998856777819224,-0.17313308275388045,-0.10348735463102197
Vac_55,55,RZV_1d,2024,1,dRisk_Hosp,-0.0034408423459380074,-0.003413791160437712,-0.00490651698379337,-0.0020596745057126207
Vac_55,55,RZV_1d,2024,1,dRisk_PHN,-0.008537847085100834,-0.008555564553879846,-0.01111989107981691,-0.00591677982227812
Vac_55,55,RZV_1d,2024,1,dRisk_Death,-6.0677764004191544e-5,-6.0315724597641994e-5,-9.092851933318508e-5,-3.3107175744333494e-5
Vac_55,55,RZV_1d,2024,1,dQ_Life,3.138567709577895e-4,3.13593765641329e-4,1.8889155435433124e-4,4.4590800767352323e-4
Vac_55,55,RZV_1d,2024,1,dQ_HZ,0.017986996235297564,0.018034808402795737,0.012896750780233062,0.022809765847865846
Vac_55,55,RZV_1d,2024,1,dQ_HZ_Norm,0.006804836152168237,0.006790849548192901,0.005078114304598142,0.008564230877473215
Vac_55,55,RZV_1d,2024,1,dQ_All,0.018297035333331914,0.018348689899893245,0.013122072040795895,0.023230008764464655
Vac_55,55,RZV_1d,2024,1,dQ_HZ_d,0.014128998586399868,0.014145932192073492,0.010427765283642455,0.017627631134214276
Vac_55,55,RZV_1d,2024,1,dQ_HZ_Norm_d,0.005483879293578548,0.0054835246228984984,0.0041876806307530184,0.006776706358562514
Vac_55,55,RZV_1d,2024,1,dQ_Life_d,1.9646828082326272e-4,1.95918743296275e-4,1.1972181180022191e-4,2.7757334617213304e-4
Vac_55,55,RZV_1d,2024,1,dQ_All_d,0.014325466867223111,0.014345915442509849,0.010542981669266548,0.017894376040310432
Vac_55,55,RZV_1d,2024,1,dC_Hosp,-14.022827712040675,-13.937332644016728,-20.353843310434897,-8.220001641647553
Vac_55,55,RZV_1d,2024,1,dC_GP_NonPHN,-16.281664750409764,-16.35741788258995,-20.067148681136896,-12.185695095202249
Vac_55,55,RZV_1d,2024,1,dC_GP_PHN,-4.743163799726474,-4.758684032244181,-6.141639009522975,-3.258785010804859
Vac_55,55,RZV_1d,2024,1,dC_GP,-21.024828550136238,-21.127011708693086,-26.234204665901554,-15.47715793355027
Vac_55,55,RZV_1d,2024,1,dC_Med,-35.047656262176915,-35.05532422880968,-46.41249729175327,-23.837015218997905
Vac_55,55,RZV_1d,2024,1,dC_VacZVL,0,0,0,0
Vac_55,55,RZV_1d,2024,1,dC_VacRZV,85,85,85,85
Vac_55,55,RZV_1d,2024,1,dC_Vac,85,85,85,85
Vac_55,55,RZV_1d,2024,1,dC_All,49.952343737823085,49.94467577119032,38.587502708246724,61.1629847810021
Vac_55,55,RZV_1d,2024,1,dC_Hosp_d,-9.5571219019795155,-9.495943177600957,-13.709686678433503,-5.785736121276606
Vac_55,55,RZV_1d,2024,1,dC_GP_NonPHN_d,-13.085400234138081,-13.148520022490573,-15.83840458812323,-10.084482299358926
Vac_55,55,RZV_1d,2024,1,dC_GP_PHN_d,-3.6064789533056394,-3.6179296816267326,-4.606010323926141,-2.55160868043633
Vac_55,55,RZV_1d,2024,1,dC_GP_d,-16.69187918744372,-16.78386609062336,-20.447912942195316,-12.683551511049252
Vac_55,55,RZV_1d,2024,1,dC_Med_d,-26.249001089423235,-26.243048158154647,-33.98757058664197,-18.514468975684675
Vac_55,55,RZV_1d,2024,1,dC_VacZVL_d,0,0,0,0
Vac_55,55,RZV_1d,2024,1,dC_VacRZV_d,85,85,85,85
Vac_55,55,RZV_1d,2024,1,dC_Vac_d,85,85,85,85
Vac_55,55,RZV_1d,2024,1,dC_All_d,58.75099891057676,58.75695184184536,51.01242941335803,66.48553102431532
Vac_55,55,RZV_1d,2024,1,dN_VacZVL,0,0,0,0
Vac_55,55,RZV_1d,2024,1,dN_VacRZV,1,1,1,1
Vac_55,55,RZV_1d,2024,1,dN_VacZVL_d,0,0,0,0
Vac_55,55,RZV_1d,2024,1,dN_VacRZV_d,1,1,1,1
Vac_55,55,RZV_1d,2024,1,ICER,4212.923882299058,4081.5924051798306,2872.5496550213334,6229.3380130584765
Vac_55,55,RZV_1d,2024,1,Price0,85,85,85,85
Vac_55,55,RZV_1d,2024,1,Thres20,312.75833843388546,313.782269424575,231.08853265380068,390.92112420342795
Vac_55,55,RZV_1d,2024,1,Thres30,456.01300710611656,457.4176002226959,335.45747768180166,569.8526433057492
Vac_55,55,RZV_1d,2024,1,Thres20_50,NA,313.782269424575,NA,NA
Vac_55,55,RZV_1d,2024,1,Thres30_90,NA,379.6173573760235,NA,NA
Vac_55,55,RZV_1d,2024,1,Thres,NA,313.782269424575,NA,NA
Vac_55,55,RZV_2d,2024,1,dYear_Life,4.646023132914081e-4,4.6347479530339797e-4,2.748153339973136e-4,6.739709930765335e-4
Vac_55,55,RZV_2d,2024,1,dYear_Immunised,20.15920004496652,20.189351602711874,15.525253419760723,24.567002137039673
Vac_55,55,RZV_2d,2024,1,dRisk_HZ,-0.1439332757497008,-0.1445245633298774,-0.18050293729445585,-0.10560310408298314
Vac_55,55,RZV_2d,2024,1,dRisk_Hosp,-0.00355744533396277,-0.003534028293411361,-0.005162107232239301,-0.0021004936818840767
Vac_55,55,RZV_2d,2024,1,dRisk_PHN,-0.008820552847063992,-0.008849628079056596,-0.011602541981057956,-0.006007584398394942
Vac_55,55,RZV_2d,2024,1,dRisk_Death,-6.276085868999232e-5,-6.231923801641891e-5,-9.597540708615564e-5,-3.3751539602600804e-5
Vac_55,55,RZV_2d,2024,1,dQ_Life,3.244583611167311e-4,3.232475330836593e-4,1.9236792639185652e-4,4.6806010649280683e-4
Vac_55,55,RZV_2d,2024,1,dQ_HZ,0.018578018402690345,0.0185621883794593,0.013199356685387392,0.02387080928244558
Vac_55,55,RZV_2d,2024,1,dQ_HZ_Norm,0.007026918531001005,0.007010356168675491,0.005169509736165348,0.008959619620992265
Vac_55,55,RZV_2d,2024,1,dQ_All,0.01889852558845271,0.01888648849066854,0.013410785941806315,0.024317524223448305
Vac_55,55,RZV_2d,2024,1,dQ_HZ_d,0.01459070915854998,0.014601473854129738,0.010674764435110888,0.01838752610083296
Vac_55,55,RZV_2d,2024,1,dQ_HZ_Norm_d,0.0056619203521025485,0.0056524832154421275,0.0042754647187285555,0.007087955163153651
Vac_55,55,RZV_2d,2024,1,dQ_Life_d,2.0308620570702729e-4,2.021373050897779e-4,1.2165576167744163e-4,2.9093480784911916e-4
Vac_55,55,RZV_2d,2024,1,dQ_All_d,0.014793795364257074,0.014805823262602047,0.010819668253667024,0.01867480564562518
Vac_55,55,RZV_2d,2024,1,dC_Hosp,-14.499965015683092,-14.43058177433629,-21.589501996209716,-8.294489985619505
Vac_55,55,RZV_2d,2024,1,dC_GP_NonPHN,-16.813876354050795,-16.876909158801787,-20.96760576675931,-12.477664182291628
Vac_55,55,RZV_2d,2024,1,dC_GP_PHN,-4.8999688416433,-4.9090062286681455,-6.473946611419988,-3.3122192914371062
Vac_55,55,RZV_2d,2024,1,dC_GP,-21.713845195694095,-21.811432220220357,-27.30812232828341,-15.803137195854726
Vac_55,55,RZV_2d,2024,1,dC_Med,-36.21381021137719,-36.26441585590173,-48.492741543595464,-24.145342747183346
Vac_55,55,RZV_2d,2024,1,dC_VacZVL,0,0,0,0
Vac_55,55,RZV_2d,2024,1,dC_VacRZV,170,170,170,170
Vac_55,55,RZV_2d,2024,1,dC_Vac,170,170,170,170
Vac_55,55,RZV_2d,2024,1,dC_All,133.7861897886228,133.73558414409825,121.50725845640456,145.85465725281662
Vac_55,55,RZV_2d,2024,1,dC_Hosp_d,-9.880831213063122,-9.839601626889092,-14.461325675899536,-5.836322188930854
Vac_55,55,RZV_2d,2024,1,dC_GP_NonPHN_d,-13.510930406489578,-13.561706378171706,-16.519150113061325,-10.28991555307442
Vac_55,55,RZV_2d,2024,1,dC_GP_PHN_d,-3.7251278729891615,-3.7346422493589992,-4.83597438693342,-2.599729013520636
Vac_55,55,RZV_2d,2024,1,dC_GP_d,-17.23605827947874,-17.32389461145882,-21.279200823236515,-12.944921823345164
Vac_55,55,RZV_2d,2024,1,dC_Med_d,-27.116889492541862,-27.1732448975279,-35.464613567388646,-18.79128047427612
Vac_55,55,RZV_2d,2024,1,dC_VacZVL_d,0,0,0,0
Vac_55,55,RZV_2d,2024,1,dC_VacRZV_d,170,170,170,170
Vac_55,55,RZV_2d,2024,1,dC_Vac_d,170,170,170,170
Vac_55,55,RZV_2d,2024,1,dC_All_d,142.88311050745813,142.8267551024721,134.53538643261135,151.2087195257239
Vac_55,55,RZV_2d,2024,1,dN_VacZVL,0,0,0,0
Vac_55,55,RZV_2d,2024,1,dN_VacRZV,2,2,2,2
Vac_55,55,RZV_2d,2024,1,dN_VacZVL_d,0,0,0,0
Vac_55,55,RZV_2d,2024,1,dN_VacRZV_d,2,2,2,2
Vac_55,55,RZV_2d,2024,1,ICER,9887.987862694454,9653.950458067844,7239.383476792256,13980.787435696018
Vac_55,55,RZV_2d,2024,1,Price0,85,85,85,85
Vac_55,55,RZV_2d,2024,1,Thres20,161.49639838884167,161.7098881448025,117.63042651582657,203.88429187634384
Vac_55,55,RZV_2d,2024,1,Thres30,235.46537521012704,235.6590361463177,171.86219136021407,297.2902371262729
Vac_55,55,RZV_2d,2024,1,Thres20_50,NA,161.7098881448025,NA,NA
Vac_55,55,RZV_2d,2024,1,Thres30_90,NA,194.2118893189562,NA,NA
Vac_55,55,RZV_2d,2024,1,Thres,NA,161.7098881448025,NA,NA
Vac_56,56,RZV_1d,2024,1,dYear_Life,4.585549718728732e-4,4.581423590312994e-4,2.8024125890304676e-4,6.474650584507913e-4
Vac_56,56,RZV_1d,2024,1,dYear_Immunised,19.0802962759274,19.17500684771654,14.992970881006647,22.87243121072417
Vac_56,56,RZV_1d,2024,1,dRisk_HZ,-0.1385267907256453,-0.1391840119489984,-0.1706326189269325,-0.10380117569680636
Vac_56,56,RZV_1d,2024,1,dRisk_Hosp,-0.0035028121032518087,-0.0034818910225746895,-0.0049488181725485985,-0.002136205145783013
Vac_56,56,RZV_1d,2024,1,dRisk_PHN,-0.00861906308830778,-0.008637237739554826,-0.011113195389727066,-0.006031604643858215
Vac_56,56,RZV_1d,2024,1,dRisk_Death,-6.206273538867773e-5,-6.166525638671828e-5,-9.207179842654959e-5,-3.4516270977748317e-5
Vac_56,56,RZV_1d,2024,1,dQ_Life,3.201491531770966e-4,3.20145478617917e-4,1.96801875434538e-4,4.4976354201793346e-4
Vac_56,56,RZV_1d,2024,1,dQ_HZ,0.017966327110803638,0.01801584867844342,0.012991722799716564,0.02267194156083697
Vac_56,56,RZV_1d,2024,1,dQ_HZ_Norm,0.0067403229799355415,0.006734493238421126,0.005071482157520863,0.008449675910944298
Vac_56,56,RZV_1d,2024,1,dQ_All,0.018282570264771213,0.01833475438738752,0.013220395948178521,0.023105644975450267
Vac_56,56,RZV_1d,2024,1,dQ_HZ_d,0.014224640984735176,0.014248693090475491,0.010582526869051274,0.017644153915269887
Vac_56,56,RZV_1d,2024,1,dQ_HZ_Norm_d,0.005467894688958111,0.005467181959485919,0.004204089733452902,0.006735646257980479
Vac_56,56,RZV_1d,2024,1,dQ_Life_d,2.0320774622039828e-4,2.029412367310357e-4,1.2642504778632714e-4,2.839052855067692e-4
Vac_56,56,RZV_1d,2024,1,dQ_All_d,0.014427848730955642,0.014448608062597401,0.010719422864602013,0.01792072060836931
Vac_56,56,RZV_1d,2024,1,dC_Hosp,-14.302330576055136,-14.228400390517773,-20.58378428388541,-8.547334734635516
Vac_56,56,RZV_1d,2024,1,dC_GP_NonPHN,-16.15635451168995,-16.235095666539447,-19.77905210579635,-12.200584473821344
Vac_56,56,RZV_1d,2024,1,dC_GP_PHN,-4.786341686757939,-4.80674004720165,-6.157718704701539,-3.3361287893442024
Vac_56,56,RZV_1d,2024,1,dC_GP,-20.942696198447887,-21.048788218592257,-25.950983644069236,-15.603907022761167
Vac_56,56,RZV_1d,2024,1,dC_Med,-35.245026774503025,-35.26467128134765,-46.272090754902244,-24.27993712027938
Vac_56,56,RZV_1d,2024,1,dC_VacZVL,0,0,0,0
Vac_56,56,RZV_1d,2024,1,dC_VacRZV,85,85,85,85
Vac_56,56,RZV_1d,2024,1,dC_Vac,85,85,85,85
Vac_56,56,RZV_1d,2024,1,dC_All,49.754973225496975,49.735328718652354,38.727909245097756,60.72006287972061
Vac_56,56,RZV_1d,2024,1,dC_Hosp_d,-9.876162748384587,-9.82411841103691,-14.018783374509963,-6.07731302438769
Vac_56,56,RZV_1d,2024,1,dC_GP_NonPHN_d,-13.075236434691368,-13.138462544867687,-15.73878715068655,-10.15838825851077
Vac_56,56,RZV_1d,2024,1,dC_GP_PHN_d,-3.676402379064592,-3.6900184130885996,-4.658526891718865,-2.6308496286635714
Vac_56,56,RZV_1d,2024,1,dC_GP_d,-16.75163881375596,-16.853615410096648,-20.388684798474852,-12.855168364146458
Vac_56,56,RZV_1d,2024,1,dC_Med_d,-26.627801562140547,-26.65176966133588,-34.23374189711059,-18.973228789939014
Vac_56,56,RZV_1d,2024,1,dC_VacZVL_d,0,0,0,0
Vac_56,56,RZV_1d,2024,1,dC_VacRZV_d,85,85,85,85
Vac_56,56,RZV_1d,2024,1,dC_Vac_d,85,85,85,85
Vac_56,56,RZV_1d,2024,1,dC_All_d,58.37219843785945,58.34823033866412,50.76625810288942,66.02677121006099
Vac_56,56,RZV_1d,2024,1,dN_VacZVL,0,0,0,0
Vac_56,56,RZV_1d,2024,1,dN_VacRZV,1,1,1,1
Vac_56,56,RZV_1d,2024,1,dN_VacZVL_d,0,0,0,0
Vac_56,56,RZV_1d,2024,1,dN_VacRZV_d,1,1,1,1
Vac_56,56,RZV_1d,2024,1,ICER,4150.8378318325085,4022.407337199328,2862.0256531813434,6095.178153017477
Vac_56,56,RZV_1d,2024,1,Price0,85,85,85,85
Vac_56,56,RZV_1d,2024,1,Thres20,315.18477618125337,316.08510470422436,234.0060062365745,391.2219320895313
Vac_56,56,RZV_1d,2024,1,Thres30,459.4632634908098,460.56883985082845,340.58072031111743,570.2820736702824
Vac_56,56,RZV_1d,2024,1,Thres20_50,NA,316.08510470422436,NA,NA
Vac_56,56,RZV_1d,2024,1,Thres30_90,NA,384.7266627144236,NA,NA
Vac_56,56,RZV_1d,2024,1,Thres,NA,316.08510470422436,NA,NA
Vac_56,56,RZV_2d,2024,1,dYear_Life,4.7401462963807717e-4,4.7322358540213827e-4,2.8560270483835026e-4,6.792399020498328e-4
Vac_56,56,RZV_2d,2024,1,dYear_Immunised,19.69942461757616,19.721056314044155,15.27194404434888,23.902898027650206
Vac_56,56,RZV_2d,2024,1,dRisk_HZ,-0.14305388145925846,-0.14357270913650366,-0.17806621408156337,-0.10605383445698385
Vac_56,56,RZV_2d,2024,1,dRisk_Hosp,-0.0036211549305885443,-0.0035993492684618118,-0.00520585810935704,-0.002174282913207477
Vac_56,56,RZV_2d,2024,1,dRisk_PHN,-0.008903720750606062,-0.008933402805132357,-0.01157978152607498,-0.006156660169058737
Vac_56,56,RZV_2d,2024,1,dRisk_Death,-6.418613768229883e-5,-6.380241668224545e-5,-9.679312407033408e-5,-3.5286599787039995e-5
Vac_56,56,RZV_2d,2024,1,dQ_Life,3.309288033718101e-4,3.301688434316219e-4,1.9984717070391513e-4,4.721656816900399e-4
Vac_56,56,RZV_2d,2024,1,dQ_HZ,0.018555481790754093,0.018581584675389937,0.013341343005784847,0.023675599253021082
Vac_56,56,RZV_2d,2024,1,dQ_HZ_Norm,0.006959929480739793,0.006943140680033813,0.005161383245941103,0.008834255615694222
Vac_56,56,RZV_2d,2024,1,dQ_All,0.01888236847216463,0.01889134441672269,0.01354777733776471,0.024101199165267845
Vac_56,56,RZV_2d,2024,1,dQ_HZ_d,0.01468866402784647,0.01471094751405052,0.010863816052113192,0.018385699308011514
Vac_56,56,RZV_2d,2024,1,dQ_HZ_Norm_d,0.005645163347142005,0.005634215987380058,0.004301509185565566,0.007018974342967798
Vac_56,56,RZV_2d,2024,1,dQ_Life_d,2.100313319230569e-4,2.0918333259878352e-4,1.282801537392686e-4,2.973871013256968e-4
Vac_56,56,RZV_2d,2024,1,dQ_All_d,0.014898695359769567,0.014925927934335448,0.010998208405429288,0.018689310721158137
Vac_56,56,RZV_2d,2024,1,dC_Hosp,-14.787430274893682,-14.73607380243487,-21.73186615351859,-8.61563935588436
Vac_56,56,RZV_2d,2024,1,dC_GP_NonPHN,-16.68353628844862,-16.744258988579972,-20.651974682801814,-12.465500323562221
Vac_56,56,RZV_2d,2024,1,dC_GP_PHN,-4.944168272230083,-4.957537898802309,-6.47360268408865,-3.381657966257914
Vac_56,56,RZV_2d,2024,1,dC_GP,-21.627704560678705,-21.71126396100778,-27.030163595880293,-15.928750496220266
Vac_56,56,RZV_2d,2024,1,dC_Med,-36.41513483557239,-36.45510297090932,-48.36904290770802,-24.581978465839818
Vac_56,56,RZV_2d,2024,1,dC_VacZVL,0,0,0,0
Vac_56,56,RZV_2d,2024,1,dC_VacRZV,170,170,170,170
Vac_56,56,RZV_2d,2024,1,dC_Vac,170,170,170,170
Vac_56,56,RZV_2d,2024,1,dC_All,133.5848651644276,133.5448970290907,121.630957092292,145.41802153416018
Vac_56,56,RZV_2d,2024,1,dC_Hosp_d,-10.20965927722773,-10.172083671475296,-14.795705580084165,-6.137035688886558
Vac_56,56,RZV_2d,2024,1,dC_GP_NonPHN_d,-13.499792309650628,-13.54779131544473,-16.39250924555134,-10.357263292673693
Vac_56,56,RZV_2d,2024,1,dC_GP_PHN_d,-3.7970683306787962,-3.810195755881405,-4.891113380142254,-2.688941674346463
Vac_56,56,RZV_2d,2024,1,dC_GP_d,-17.296860640329424,-17.372106459735786,-21.236100600432383,-13.105323953363419
Vac_56,56,RZV_2d,2024,1,dC_Med_d,-27.506519917557156,-27.55558773394113,-35.72501715966895,-19.276320848534912
Vac_56,56,RZV_2d,2024,1,dC_VacZVL_d,0,0,0,0
Vac_56,56,RZV_2d,2024,1,dC_VacRZV_d,170,170,170,170
Vac_56,56,RZV_2d,2024,1,dC_Vac_d,170,170,170,170
Vac_56,56,RZV_2d,2024,1,dC_All_d,142.49348008244286,142.44441226605886,134.27498284033103,150.7236791514651
Vac_56,56,RZV_2d,2024,1,dN_VacZVL,0,0,0,0
Vac_56,56,RZV_2d,2024,1,dN_VacRZV,2,2,2,2
Vac_56,56,RZV_2d,2024,1,dN_VacZVL_d,0,0,0,0
Vac_56,56,RZV_2d,2024,1,dN_VacRZV_d,2,2,2,2
Vac_56,56,RZV_2d,2024,1,ICER,9779.741350624183,9548.556884723086,7232.791124536872,13680.784198737798
Vac_56,56,RZV_2d,2024,1,Price0,85,85,85,85
Vac_56,56,RZV_2d,2024,1,Thres20,162.74021355647426,163.04836744365082,119.87308981296975,204.02493233095333
Vac_56,56,RZV_2d,2024,1,Thres30,237.2336903553221,237.73084619501128,175.03022330623648,297.40220665203987
Vac_56,56,RZV_2d,2024,1,Thres20_50,NA,163.04836744365082,NA,NA
Vac_56,56,RZV_2d,2024,1,Thres30_90,NA,196.69124949346593,NA,NA
Vac_56,56,RZV_2d,2024,1,Thres,NA,163.04836744365082,NA,NA
Vac_57,57,RZV_1d,2024,1,dYear_Life,4.6785512770592064e-4,4.678849560519893e-4,2.9165513973570254e-4,6.51957428885641e-4
Vac_57,57,RZV_1d,2024,1,dYear_Immunised,18.631398043580237,18.726187431735532,14.71101791339455,22.25846409414549
Vac_57,57,RZV_1d,2024,1,dRisk_HZ,-0.13750376791500382,-0.138335345241615,-0.1683299231980696,-0.10385741630147516
Vac_57,57,RZV_1d,2024,1,dRisk_Hosp,-0.003565526967708122,-0.0035469756208946885,-0.004993001413233522,-0.002210720979628973
Vac_57,57,RZV_1d,2024,1,dRisk_PHN,-0.008695547901909515,-0.008720550642227202,-0.011103376771647026,-0.006177871195030235
Vac_57,57,RZV_1d,2024,1,dRisk_Death,-6.349515753913776e-5,-6.317379510282914e-5,-9.312379949688571e-5,-3.599035844043143e-5
Vac_57,57,RZV_1d,2024,1,dQ_Life,3.265286453891072e-4,3.269798692020487e-4,2.049868536782462e-4,4.5391262761338417e-4
Vac_57,57,RZV_1d,2024,1,dQ_HZ,0.017924009317112497,0.01797247497982705,0.013048418761896137,0.022438187454865
Vac_57,57,RZV_1d,2024,1,dQ_HZ_Norm,0.006667062119288287,0.00666862401562322,0.00505195222743889,0.008315629223623597
Vac_57,57,RZV_1d,2024,1,dQ_All,0.01824654014225768,0.018298822061044717,0.0132880762199707,0.022901652026014747
Vac_57,57,RZV_1d,2024,1,dQ_HZ_d,0.014301119493837918,0.014333980362850917,0.010694805244784878,0.017624875288707223
Vac_57,57,RZV_1d,2024,1,dQ_HZ_Norm_d,0.005443491448639202,0.0054470466865716265,0.0042127351958474646,0.0066785403095702585
Vac_57,57,RZV_1d,2024,1,dQ_Life_d,2.1013344083377206e-4,2.0994581460520578e-4,1.3357781573972714e-4,2.903783724721442e-4
Vac_57,57,RZV_1d,2024,1,dQ_All_d,0.014511252934671735,0.014542075883952066,0.010834493112459497,0.017926470623986997
Vac_57,57,RZV_1d,2024,1,dC_Hosp,-14.587223955214448,-14.504865950101756,-20.762999514892577,-8.87523854854688
Vac_57,57,RZV_1d,2024,1,dC_GP_NonPHN,-16.008669238409095,-16.09757634406768,-19.497213796553606,-12.205826216745578
Vac_57,57,RZV_1d,2024,1,dC_GP_PHN,-4.8267323805994025,-4.849971648682761,-6.164718541037185,-3.4088552809921104
Vac_57,57,RZV_1d,2024,1,dC_GP,-20.835401619008497,-20.95818336809922,-25.643367768128208,-15.710835151620348
Vac_57,57,RZV_1d,2024,1,dC_Med,-35.42262557422294,-35.47593615265742,-46.2365731625199,-24.70532113354252
Vac_57,57,RZV_1d,2024,1,dC_VacZVL,0,0,0,0
Vac_57,57,RZV_1d,2024,1,dC_VacRZV,85,85,85,85
Vac_57,57,RZV_1d,2024,1,dC_Vac,85,85,85,85
Vac_57,57,RZV_1d,2024,1,dC_All,49.57737442577706,49.524063847342575,38.7634268374801,60.294678866457474
Vac_57,57,RZV_1d,2024,1,dC_Hosp_d,-10.20456867645614,-10.142348189000568,-14.311618410623877,-6.389925443979476
Vac_57,57,RZV_1d,2024,1,dC_GP_NonPHN_d,-13.043842755137907,-13.11207707427824,-15.610219226742586,-10.219908242798452
Vac_57,57,RZV_1d,2024,1,dC_GP_PHN_d,-3.7447512499016806,-3.760401443236683,-4.720614844243636,-2.7083122734391805
Vac_57,57,RZV_1d,2024,1,dC_GP_d,-16.788594005039588,-16.89959910220891,-20.31684672961186,-12.996748833314202
Vac_57,57,RZV_1d,2024,1,dC_Med_d,-26.99316268149573,-27.011407521533506,-34.48243579370879,-19.440273017230403
Vac_57,57,RZV_1d,2024,1,dC_VacZVL_d,0,0,0,0
Vac_57,57,RZV_1d,2024,1,dC_VacRZV_d,85,85,85,85
Vac_57,57,RZV_1d,2024,1,dC_Vac_d,85,85,85,85
Vac_57,57,RZV_1d,2024,1,dC_All_d,58.006837318504274,57.98859247846649,50.517564206291205,65.5597269827696
Vac_57,57,RZV_1d,2024,1,dN_VacZVL,0,0,0,0
Vac_57,57,RZV_1d,2024,1,dN_VacRZV,1,1,1,1
Vac_57,57,RZV_1d,2024,1,dN_VacZVL_d,0,0,0,0
Vac_57,57,RZV_1d,2024,1,dN_VacRZV_d,1,1,1,1
Vac_57,57,RZV_1d,2024,1,ICER,4096.302232680392,3976.723491047081,2846.2542257504556,5990.120784813379
Vac_57,57,RZV_1d,2024,1,Price0,85,85,85,85
Vac_57,57,RZV_1d,2024,1,Thres20,317.2182213749304,318.15912841413535,236.77717114498063,392.08745929991153
Vac_57,57,RZV_1d,2024,1,Thres30,462.33075072164775,463.6635502109706,345.15293189623594,571.7112849107668
Vac_57,57,RZV_1d,2024,1,Thres20_50,NA,318.15912841413535,NA,NA
Vac_57,57,RZV_1d,2024,1,Thres30_90,NA,388.197750013092,NA,NA
Vac_57,57,RZV_1d,2024,1,Thres,NA,318.15912841413535,NA,NA
Vac_57,57,RZV_2d,2024,1,dYear_Life,4.835780716629863e-4,4.831350293166281e-4,2.9675995691205156e-4,6.844771060748653e-4
Vac_57,57,RZV_2d,2024,1,dYear_Immunised,19.235217723396172,19.27191159902837,15.008677694381275,23.243099387648297
Vac_57,57,RZV_2d,2024,1,dRisk_HZ,-0.14198921944244894,-0.1425912987660402,-0.17564755456463618,-0.10634522163435417
Vac_57,57,RZV_2d,2024,1,dRisk_Hosp,-0.003685626681680314,-0.0036677084406958314,-0.005251945836584247,-0.0022582725071894935
Vac_57,57,RZV_2d,2024,1,dRisk_PHN,-0.008982007986007118,-0.009014349730869984,-0.011570191078294314,-0.006289706348864469
Vac_57,57,RZV_2d,2024,1,dRisk_Death,-6.566020197290129e-5,-6.531659934110971e-5,-9.778088414160841e-5,-3.689244866716455e-5
Vac_57,57,RZV_2d,2024,1,dQ_Life,3.3748831546937376e-4,3.3669636366617794e-4,2.0757200203220806e-4,4.762580381661329e-4
Vac_57,57,RZV_2d,2024,1,dQ_HZ,0.01851059457511423,0.018528577048555796,0.013469703199106986,0.023463328151066543
Vac_57,57,RZV_2d,2024,1,dQ_HZ_Norm,0.0068839122156349915,0.006879129236431062,0.005131747131485182,0.0086839261633488
Vac_57,57,RZV_2d,2024,1,dQ_All,0.018843946225662333,0.018865624046291884,0.013669211060389142,0.023912252738697504
Vac_57,57,RZV_2d,2024,1,dQ_HZ_d,0.014766815477086304,0.014795226735410616,0.011044768265744617,0.018382625328118615
Vac_57,57,RZV_2d,2024,1,dQ_HZ_Norm_d,0.00561971075609934,0.005611012167004314,0.004293265155770922,0.006943735643527617
Vac_57,57,RZV_2d,2024,1,dQ_Life_d,2.171677763760762e-4,2.1648510488070372e-4,1.3519736232794343e-4,3.0349457740896923e-4
Vac_57,57,RZV_2d,2024,1,dQ_All_d,0.014983983253462407,0.015008884119534827,0.011186316702630882,0.01865284789535053
Vac_57,57,RZV_2d,2024,1,dC_Hosp,-15.080426370969528,-15.021824491600796,-21.92824978314581,-8.941727925816219
Vac_57,57,RZV_2d,2024,1,dC_GP_NonPHN,-16.530100705000535,-16.60261412346934,-20.335901256205027,-12.47483970993324
Vac_57,57,RZV_2d,2024,1,dC_GP_PHN,-4.985492851527986,-5.0033206014452585,-6.456973762998606,-3.467704942184735
Vac_57,57,RZV_2d,2024,1,dC_GP,-21.51559355652852,-21.604010638193504,-26.719226007460215,-16.007116337645133
Vac_57,57,RZV_2d,2024,1,dC_Med,-36.59601992749805,-36.61026362505635,-48.21431442905146,-25.021191608909504
Vac_57,57,RZV_2d,2024,1,dC_VacZVL,0,0,0,0
Vac_57,57,RZV_2d,2024,1,dC_VacRZV,170,170,170,170
Vac_57,57,RZV_2d,2024,1,dC_Vac,170,170,170,170
Vac_57,57,RZV_2d,2024,1,dC_All,133.40398007250195,133.38973637494365,121.78568557094854,144.9788083910905
Vac_57,57,RZV_2d,2024,1,dC_Hosp_d,-10.54811679807533,-10.510341256784999,-15.124932709832219,-6.424292052864072
Vac_57,57,RZV_2d,2024,1,dC_GP_NonPHN_d,-13.466723704245313,-13.53238379655038,-16.24803674172477,-10.4045061452216
Vac_57,57,RZV_2d,2024,1,dC_GP_PHN_d,-3.867381383576855,-3.8816486378349655,-4.936400334243367,-2.7753682713234946
Vac_57,57,RZV_2d,2024,1,dC_GP_d,-17.33410508782217,-17.403979697495906,-21.13848702185189,-13.207807709904777
Vac_57,57,RZV_2d,2024,1,dC_Med_d,-27.8822218858975,-27.923818180425968,-35.93542868604129,-19.726717496587632
Vac_57,57,RZV_2d,2024,1,dC_VacZVL_d,0,0,0,0
Vac_57,57,RZV_2d,2024,1,dC_VacRZV_d,170,170,170,170
Vac_57,57,RZV_2d,2024,1,dC_Vac_d,170,170,170,170
Vac_57,57,RZV_2d,2024,1,dC_All_d,142.1177781141025,142.076181819574,134.0645713139587,150.27328250341236
Vac_57,57,RZV_2d,2024,1,dN_VacZVL,0,0,0,0
Vac_57,57,RZV_2d,2024,1,dN_VacRZV,2,2,2,2
Vac_57,57,RZV_2d,2024,1,dN_VacZVL_d,0,0,0,0
Vac_57,57,RZV_2d,2024,1,dN_VacRZV_d,2,2,2,2
Vac_57,57,RZV_2d,2024,1,ICER,9687.391251809326,9464.154228447735,7227.665021137946,13454.360738663729
Vac_57,57,RZV_2d,2024,1,Price0,85,85,85,85
Vac_57,57,RZV_2d,2024,1,Thres20,163.7809434775728,164.09035337731046,121.76028393176553,204.02046400165088
Vac_57,57,RZV_2d,2024,1,Thres30,238.70085974488487,239.2273067261535,177.92944084918736,297.3619942512258
Vac_57,57,RZV_2d,2024,1,Thres20_50,NA,164.09035337731046,NA,NA
Vac_57,57,RZV_2d,2024,1,Thres30_90,NA,198.6190514672446,NA,NA
Vac_57,57,RZV_2d,2024,1,Thres,NA,164.09035337731046,NA,NA
Vac_58,58,RZV_1d,2024,1,dYear_Life,4.7730402463929344e-4,4.77560382835307e-4,3.034261470594934e-4,6.58310742084467e-4
Vac_58,58,RZV_1d,2024,1,dYear_Immunised,18.1788513813059,18.27922627216077,14.42320097732902,21.624697679268003
Vac_58,58,RZV_1d,2024,1,dRisk_HZ,-0.13633587532991326,-0.13701624451793218,-0.16590352226386992,-0.10414856033305162
Vac_58,58,RZV_1d,2024,1,dRisk_Hosp,-0.0036294794901299233,-0.003617088169193066,-0.005030492266901375,-0.0022863390621889377
Vac_58,58,RZV_1d,2024,1,dRisk_PHN,-0.008767541664280187,-0.008791687811268125,-0.011091418535148567,-0.006321694720513788
Vac_58,58,RZV_1d,2024,1,dRisk_Death,-6.497914230638222e-5,-6.471321015726022e-5,-9.42192655609184e-5,-3.7473462920404455e-5
Vac_58,58,RZV_1d,2024,1,dQ_Life,3.3299413082020203e-4,3.3307787249725607e-4,2.1342093498324388e-4,4.574871343854703e-4
Vac_58,58,RZV_1d,2024,1,dQ_HZ,0.01786342742867413,0.017917315792540023,0.013151104633296827,0.022281497801255712
Vac_58,58,RZV_1d,2024,1,dQ_HZ_Norm,0.006586998778935367,0.006588554371388618,0.005033988947207394,0.008188294460004379
Vac_58,58,RZV_1d,2024,1,dQ_All,0.01819232805341149,0.018241001269464263,0.013362693227163103,0.02272118684518354
Vac_58,58,RZV_1d,2024,1,dQ_HZ_d,0.014361507345958813,0.014396538076779973,0.010871255797072581,0.0176436290060003
Vac_58,58,RZV_1d,2024,1,dQ_HZ_Norm_d,0.0054124863235253074,0.005417396891623571,0.004217686749403617,0.006616820929103604
Vac_58,58,RZV_1d,2024,1,dQ_Life_d,2.1724648747302312e-4,2.1735835998981656e-4,1.4102013207644147e-4,2.962807898137852e-4
Vac_58,58,RZV_1d,2024,1,dQ_All_d,0.014578753833431867,0.01461076237057135,0.011021900941624451,0.017950745449475305
Vac_58,58,RZV_1d,2024,1,dC_Hosp,-14.879157975590386,-14.785680219494333,-20.939131572002875,-9.172144484440569
Vac_58,58,RZV_1d,2024,1,dC_GP_NonPHN,-15.84293119215749,-15.928842690581426,-19.174453315703495,-12.17810285887811
Vac_58,58,RZV_1d,2024,1,dC_GP_PHN,-4.8644134447049865,-4.888577620162174,-6.174713252671736,-3.4845839554414315
Vac_58,58,RZV_1d,2024,1,dC_GP,-20.707344636862477,-20.84170802607953,-25.35594742701348,-15.74126054868745
Vac_58,58,RZV_1d,2024,1,dC_Med,-35.58650261245286,-35.63320751827924,-46.08637485706062,-25.09500842598771
Vac_58,58,RZV_1d,2024,1,dC_VacZVL,0,0,0,0
Vac_58,58,RZV_1d,2024,1,dC_VacRZV,85,85,85,85
Vac_58,58,RZV_1d,2024,1,dC_Vac,85,85,85,85
Vac_58,58,RZV_1d,2024,1,dC_All,49.41349738754714,49.36679248172076,38.91362514293938,59.90499157401229
Vac_58,58,RZV_1d,2024,1,dC_Hosp_d,-10.544007190241777,-10.481216311464223,-14.662247107849323,-6.706029324970944
Vac_58,58,RZV_1d,2024,1,dC_GP_NonPHN_d,-12.995219213785791,-13.055048658490698,-15.481860996146773,-10.258695212140049
Vac_58,58,RZV_1d,2024,1,dC_GP_PHN_d,-3.8115644082540556,-3.8298947909801893,-4.770627997719215,-2.7944223929749565
Vac_58,58,RZV_1d,2024,1,dC_GP_d,-16.80678362203985,-16.916108866057236,-20.234483082364907,-13.096918141297717
Vac_58,58,RZV_1d,2024,1,dC_Med_d,-27.350790812281623,-27.384735541473674,-34.70424802631621,-19.89718965184945
Vac_58,58,RZV_1d,2024,1,dC_VacZVL_d,0,0,0,0
Vac_58,58,RZV_1d,2024,1,dC_VacRZV_d,85,85,85,85
Vac_58,58,RZV_1d,2024,1,dC_Vac_d,85,85,85,85
Vac_58,58,RZV_1d,2024,1,dC_All_d,57.64920918771838,57.61526445852633,50.2957519736838,65.10281034815054
Vac_58,58,RZV_1d,2024,1,dN_VacZVL,0,0,0,0
Vac_58,58,RZV_1d,2024,1,dN_VacRZV,1,1,1,1
Vac_58,58,RZV_1d,2024,1,dN_VacZVL_d,0,0,0,0
Vac_58,58,RZV_1d,2024,1,dN_VacRZV_d,1,1,1,1
Vac_58,58,RZV_1d,2024,1,ICER,4047.5158285116872,3931.619191423575,2835.550666146164,5866.875533816832
Vac_58,58,RZV_1d,2024,1,Price0,85,85,85,85
Vac_58,58,RZV_1d,2024,1,Thres20,318.92586748091895,319.9478612371071,240.03327339396276,392.7046187908823
Vac_58,58,RZV_1d,2024,1,Thres30,464.7134058152376,465.89832416769053,350.2722724833935,572.9226269087033
Vac_58,58,RZV_1d,2024,1,Thres20_50,NA,319.9478612371071,NA,NA
Vac_58,58,RZV_1d,2024,1,Thres30_90,NA,391.81845869271365,NA,NA
Vac_58,58,RZV_1d,2024,1,Thres,NA,319.9478612371071,NA,NA
Vac_58,58,RZV_2d,2024,1,dYear_Life,4.932938229092656e-4,4.92406210995e-4,3.08837391501271e-4,6.897266682991619e-4
Vac_58,58,RZV_2d,2024,1,dYear_Immunised,18.76728049842781,18.810340674724134,14.738620234493169,22.561526884057933
Vac_58,58,RZV_2d,2024,1,dRisk_HZ,-0.14077518020156193,-0.14144353611189436,-0.17292808075157898,-0.10639553816956969
Vac_58,58,RZV_2d,2024,1,dRisk_Hosp,-0.0037513692341091098,-0.0037380903520397094,-0.005288559131313445,-0.0023326482161895247
Vac_58,58,RZV_2d,2024,1,dRisk_PHN,-0.009055642352031504,-0.009085317888317505,-0.011547718402104418,-0.006439759758723052
Vac_58,58,RZV_2d,2024,1,dRisk_Death,-6.718729246043389e-5,-6.691950517232652e-5,-9.901386474916244e-5,-3.851189890360094e-5
Vac_58,58,RZV_2d,2024,1,dQ_Life,3.4413576019919214e-4,3.4384290595212974e-4,2.1572655768933304e-4,4.79412767537024e-4
Vac_58,58,RZV_2d,2024,1,dQ_HZ,0.0184468671055349,0.018466489469765625,0.013520077023387518,0.023223489438788523
Vac_58,58,RZV_2d,2024,1,dQ_HZ_Norm,0.006800882834046035,0.0067947984181857025,0.00511155191599989,0.008553495491669184
Vac_58,58,RZV_2d,2024,1,dQ_All,0.018786767679701638,0.018816300277775255,0.013743952248037506,0.023656312583218493
Vac_58,58,RZV_2d,2024,1,dQ_HZ_d,0.014828351788438,0.014857802051981388,0.011142527760932677,0.01833341586983247
Vac_58,58,RZV_2d,2024,1,dQ_HZ_Norm_d,0.0055874459541225855,0.005585646969005716,0.00430212739111417,0.0068902424535127165
Vac_58,58,RZV_2d,2024,1,dQ_Life_d,2.2449668147557665e-4,2.24085340693847e-4,1.424131377485871e-4,3.1006853890271915e-4
Vac_58,58,RZV_2d,2024,1,dQ_All_d,0.01505284846991366,0.015089425061066919,0.011291703975719436,0.018621905267167088
Vac_58,58,RZV_2d,2024,1,dC_Hosp,-15.380655628959605,-15.335872785912354,-22.156726477413343,-9.30140194574495
Vac_58,58,RZV_2d,2024,1,dC_GP_NonPHN,-16.35805409084904,-16.42693202267253,-19.990901006850052,-12.452935759468694
Vac_58,58,RZV_2d,2024,1,dC_GP_PHN,-5.024010932101478,-5.045731747387994,-6.446170956613097,-3.548919994335702
Vac_58,58,RZV_2d,2024,1,dC_GP,-21.38206502295052,-21.473118718235177,-26.367843749610735,-16.045302212066016
Vac_58,58,RZV_2d,2024,1,dC_Med,-36.76272065191012,-36.78100772038298,-48.056687145426444,-25.3977858514161
Vac_58,58,RZV_2d,2024,1,dC_VacZVL,0,0,0,0
Vac_58,58,RZV_2d,2024,1,dC_VacRZV,170,170,170,170
Vac_58,58,RZV_2d,2024,1,dC_Vac,170,170,170,170
Vac_58,58,RZV_2d,2024,1,dC_All,133.23727934808988,133.218992279617,121.94331285457355,144.60221414858393
Vac_58,58,RZV_2d,2024,1,dC_Hosp_d,-10.897922823503501,-10.868253548774675,-15.436152716877054,-6.774311545539865
Vac_58,58,RZV_2d,2024,1,dC_GP_NonPHN_d,-13.415876106770602,-13.476645034681326,-16.127374480244306,-10.463078184386458
Vac_58,58,RZV_2d,2024,1,dC_GP_PHN_d,-3.936094996097796,-3.952156032436127,-4.972230406505313,-2.855423573719253
Vac_58,58,RZV_2d,2024,1,dC_GP_d,-17.351971102868397,-17.424168926671108,-21.02836480835915,-13.353260534335293
Vac_58,58,RZV_2d,2024,1,dC_Med_d,-28.2498939263719,-28.27173379455347,-36.17155283222318,-20.155142970315953
Vac_58,58,RZV_2d,2024,1,dC_VacZVL_d,0,0,0,0
Vac_58,58,RZV_2d,2024,1,dC_VacRZV_d,170,170,170,170
Vac_58,58,RZV_2d,2024,1,dC_Vac_d,170,170,170,170
Vac_58,58,RZV_2d,2024,1,dC_All_d,141.7501060736281,141.72826620544652,133.82844716777686,149.84485702968405
Vac_58,58,RZV_2d,2024,1,dN_VacZVL,0,0,0,0
Vac_58,58,RZV_2d,2024,1,dN_VacRZV,2,2,2,2
Vac_58,58,RZV_2d,2024,1,dN_VacZVL_d,0,0,0,0
Vac_58,58,RZV_2d,2024,1,dN_VacRZV_d,2,2,2,2
Vac_58,58,RZV_2d,2024,1,ICER,9607.46968446463,9389.704456928848,7240.271779273898,13229.19042451315
Vac_58,58,RZV_2d,2024,1,Price0,85,85,85,85
Vac_58,58,RZV_2d,2024,1,Thres20,164.65343166232256,165.07796569410937,123.168759085028,204.106553922393
Vac_58,58,RZV_2d,2024,1,Thres30,239.91767401189085,240.47014812876301,179.99093762737593,297.37128445597557
Vac_58,58,RZV_2d,2024,1,Thres20_50,NA,165.07796569410937,NA,NA
Vac_58,58,RZV_2d,2024,1,Thres30_90,NA,200.91938309745268,NA,NA
Vac_58,58,RZV_2d,2024,1,Thres,NA,165.07796569410937,NA,NA
Vac_59,59,RZV_1d,2024,1,dYear_Life,4.868959360823553e-4,4.875401952197933e-4,3.151507215588545e-4,6.650997278352832e-4
Vac_59,59,RZV_1d,2024,1,dYear_Immunised,17.723146102970137,17.818506884995536,14.133196761438857,21.01563924049725
Vac_59,59,RZV_1d,2024,1,dRisk_HZ,-0.13501004845806994,-0.1357578330692651,-0.16331324558858085,-0.10404228323631308
Vac_59,59,RZV_1d,2024,1,dRisk_Hosp,-0.0036942702562016857,-0.0036785446829413577,-0.005070177327022825,-0.002365783460178605
Vac_59,59,RZV_1d,2024,1,dRisk_PHN,-0.008833248827564784,-0.008865282652298552,-0.011097132491739638,-0.006447007285255519
Vac_59,59,RZV_1d,2024,1,dRisk_Death,-6.651837687742897e-5,-6.635652650000356e-5,-9.517014610218514e-5,-3.915085670029279e-5
Vac_59,59,RZV_1d,2024,1,dQ_Life,3.3953953789229454e-4,3.399061392830305e-4,2.2146449933782008e-4,4.616144743078363e-4
Vac_59,59,RZV_1d,2024,1,dQ_HZ,0.017782874584756383,0.017837834391455608,0.013211945319840013,0.02206418527694324
Vac_59,59,RZV_1d,2024,1,dQ_HZ_Norm,0.00649955402495355,0.006503071626480438,0.004999228393555314,0.008038363135323566
Vac_59,59,RZV_1d,2024,1,dQ_All,0.01811822070018155,0.01817200497824345,0.013452469508380461,0.022506089383686236
Vac_59,59,RZV_1d,2024,1,dQ_HZ_d,0.014403797999413798,0.014445609603131418,0.011018277268311557,0.01764300121195179
Vac_59,59,RZV_1d,2024,1,dQ_HZ_Norm_d,0.0053741757796605455,0.005372167066712457,0.004218724905981379,0.006556506707418755
Vac_59,59,RZV_1d,2024,1,dQ_Life_d,2.2454447595864123e-4,2.243187234682864e-4,1.4871358273014224e-4,3.0315470300727997e-4
Vac_59,59,RZV_1d,2024,1,dQ_All_d,0.01462834247537246,0.014678894467438752,0.011184370984779157,0.01793670424380975
Vac_59,59,RZV_1d,2024,1,dC_Hosp,-15.177160728260105,-15.09431174776729,-21.11782577768558,-9.457436686514681
Vac_59,59,RZV_1d,2024,1,dC_GP_NonPHN,-15.65775333802616,-15.739517848217645,-18.861270545721727,-12.143330791871147
Vac_59,59,RZV_1d,2024,1,dC_GP_PHN,-4.898366764525933,-4.921221656247,-6.187237733516555,-3.5463352137619144
Vac_59,59,RZV_1d,2024,1,dC_GP,-20.55612010255209,-20.693538718928043,-24.995026354445358,-15.769815029166299
Vac_59,59,RZV_1d,2024,1,dC_Med,-35.7332808308122,-35.76970682767599,-45.86305804068985,-25.455222954125343
Vac_59,59,RZV_1d,2024,1,dC_VacZVL,0,0,0,0
Vac_59,59,RZV_1d,2024,1,dC_VacRZV,85,85,85,85
Vac_59,59,RZV_1d,2024,1,dC_Vac,85,85,85,85
Vac_59,59,RZV_1d,2024,1,dC_All,49.2667191691878,49.23029317232401,39.136941959310136,59.54477704587466
Vac_59,59,RZV_1d,2024,1,dC_Hosp_d,-10.893553407399645,-10.846895909706955,-14.997019932135242,-6.995015533872487
Vac_59,59,RZV_1d,2024,1,dC_GP_NonPHN_d,-12.927665729569616,-12.98287810576892,-15.355883462706286,-10.268565875245859
Vac_59,59,RZV_1d,2024,1,dC_GP_PHN_d,-3.8757824158448297,-3.893564777924735,-4.821163782862817,-2.875983920118817
Vac_59,59,RZV_1d,2024,1,dC_GP_d,-16.803448145414446,-16.908248121589313,-20.13781333422171,-13.192792002623987
Vac_59,59,RZV_1d,2024,1,dC_Med_d,-27.69700155281409,-27.718708711334024,-34.93020144081787,-20.30960587292705
Vac_59,59,RZV_1d,2024,1,dC_VacZVL_d,0,0,0,0
Vac_59,59,RZV_1d,2024,1,dC_VacRZV_d,85,85,85,85
Vac_59,59,RZV_1d,2024,1,dC_Vac_d,85,85,85,85
Vac_59,59,RZV_1d,2024,1,dC_All_d,57.30299844718591,57.281291288665976,50.06979855918214,64.69039412707296
Vac_59,59,RZV_1d,2024,1,dN_VacZVL,0,0,0,0
Vac_59,59,RZV_1d,2024,1,dN_VacRZV,1,1,1,1
Vac_59,59,RZV_1d,2024,1,dN_VacZVL_d,0,0,0,0
Vac_59,59,RZV_1d,2024,1,dN_VacRZV_d,1,1,1,1
Vac_59,59,RZV_1d,2024,1,ICER,4005.2413644025687,3894.8411734596143,2828.908524723006,5766.486843107768
Vac_59,59,RZV_1d,2024,1,Price0,85,85,85,85
Vac_59,59,RZV_1d,2024,1,Thres20,320.2638510602633,321.25249868299454,243.4968830673666,392.3641804537461
Vac_59,59,RZV_1d,2024,1,Thres30,466.5472758139879,467.9986015402857,355.35693207392586,572.1943863486979
Vac_59,59,RZV_1d,2024,1,Thres20_50,NA,321.25249868299454,NA,NA
Vac_59,59,RZV_1d,2024,1,Thres30_90,NA,394.21363241297456,NA,NA
Vac_59,59,RZV_1d,2024,1,Thres,NA,321.25249868299454,NA,NA
Vac_59,59,RZV_2d,2024,1,dYear_Life,5.031559855526009e-4,5.022779399226351e-4,3.214540610959382e-4,6.96882117588604e-4
Vac_59,59,RZV_2d,2024,1,dYear_Immunised,18.296119199434244,18.351575204340534,14.462158571890033,21.88225648853041
Vac_59,59,RZV_2d,2024,1,dRisk_HZ,-0.13939856975129786,-0.140142074595416,-0.17007343423945598,-0.10650739851634242
Vac_59,59,RZV_2d,2024,1,dRisk_Hosp,-0.0038179654394492266,-0.003804377554394221,-0.005336632835455761,-0.002420602931796442
Vac_59,59,RZV_2d,2024,1,dRisk_PHN,-0.009122788076484367,-0.009153121299574522,-0.011512761050222867,-0.006576901400249078
Vac_59,59,RZV_2d,2024,1,dRisk_Death,-6.877120985767647e-5,-6.84593334374293e-5,-9.993119391035739e-5,-4.019279703385324e-5
Vac_59,59,RZV_2d,2024,1,dQ_Life,3.508648834657144e-4,3.509075554575247e-4,2.2443727085539323e-4,4.8428996597422725e-4
Vac_59,59,RZV_2d,2024,1,dQ_HZ,0.018362570387742125,0.018374745276240098,0.013583736213140126,0.022980222828323665
Vac_59,59,RZV_2d,2024,1,dQ_HZ_Norm,0.006710258974490516,0.00670155895437652,0.005078004304968589,0.00839204050284518
Vac_59,59,RZV_2d,2024,1,dQ_All,0.018709097208730013,0.01873087515523153,0.013849785896444988,0.023425655980435424
Vac_59,59,RZV_2d,2024,1,dQ_HZ_d,0.014871234515667044,0.014888561101657555,0.011297247953898887,0.01829358020803003
Vac_59,59,RZV_2d,2024,1,dQ_HZ_Norm_d,0.005547658098709059,0.0055403118068828895,0.0043009950176419185,0.006829644715328546
Vac_59,59,RZV_2d,2024,1,dQ_Life_d,2.320155419051382e-4,2.3198953958747381e-4,1.4993047312445993e-4,3.1677021259417514e-4
Vac_59,59,RZV_2d,2024,1,dQ_All_d,0.015103250057572216,0.015128296780089201,0.011453541924496146,0.018584264939668582
Vac_59,59,RZV_2d,2024,1,dC_Hosp,-15.687102149789967,-15.632716641899908,-22.3483613952251,-9.615150480538896
Vac_59,59,RZV_2d,2024,1,dC_GP_NonPHN,-16.16600008435505,-16.239914437777884,-19.641873941376716,-12.407605425903954
Vac_59,59,RZV_2d,2024,1,dC_GP_PHN,-5.0586822990777165,-5.082192806435943,-6.44042003425626,-3.620903169818621
Vac_59,59,RZV_2d,2024,1,dC_GP,-21.224682383432768,-21.330762049963422,-25.996310370166178,-16.096873421846354
Vac_59,59,RZV_2d,2024,1,dC_Med,-36.911784533222736,-36.94408013336597,-47.96055442414005,-25.797066341028785
Vac_59,59,RZV_2d,2024,1,dC_VacZVL,0,0,0,0
Vac_59,59,RZV_2d,2024,1,dC_VacRZV,170,170,170,170
Vac_59,59,RZV_2d,2024,1,dC_Vac,170,170,170,170
Vac_59,59,RZV_2d,2024,1,dC_All,133.08821546677726,133.05591986663404,122.03944557585996,144.2029336589712
Vac_59,59,RZV_2d,2024,1,dC_Hosp_d,-11.258108689659737,-11.22664431158725,-15.789135339345865,-7.10000685424851
Vac_59,59,RZV_2d,2024,1,dC_GP_NonPHN_d,-13.345530287808703,-13.403933509476609,-15.959490676862496,-10.487167275181251
Vac_59,59,RZV_2d,2024,1,dC_GP_PHN_d,-4.002126051337589,-4.020342008314563,-5.0221620944466645,-2.944225230501043
Vac_59,59,RZV_2d,2024,1,dC_GP_d,-17.347656339146294,-17.422901380042724,-20.895100687347934,-13.47672931209227
Vac_59,59,RZV_2d,2024,1,dC_Med_d,-28.60576502880603,-28.64834046702792,-36.38011061438101,-20.63843816084828
Vac_59,59,RZV_2d,2024,1,dC_VacZVL_d,0,0,0,0
Vac_59,59,RZV_2d,2024,1,dC_VacRZV_d,170,170,170,170
Vac_59,59,RZV_2d,2024,1,dC_Vac_d,170,170,170,170
Vac_59,59,RZV_2d,2024,1,dC_All_d,141.39423497119398,141.3516595329721,133.61988938561896,149.36156183915173
Vac_59,59,RZV_2d,2024,1,dN_VacZVL,0,0,0,0
Vac_59,59,RZV_2d,2024,1,dN_VacRZV,2,2,2,2
Vac_59,59,RZV_2d,2024,1,dN_VacZVL_d,0,0,0,0
Vac_59,59,RZV_2d,2024,1,dN_VacRZV_d,2,2,2,2
Vac_59,59,RZV_2d,2024,1,ICER,9541.512882265723,9321.814492751739,7251.251428767751,13070.742931400258
Vac_59,59,RZV_2d,2024,1,Price0,85,85,85,85
Vac_59,59,RZV_2d,2024,1,Thres20,165.3353830901252,165.76064839160495,124.88816581137692,204.02162880457252
Vac_59,59,RZV_2d,2024,1,Thres30,240.85163337798627,241.37873819804673,182.4605104249856,297.06682215815863
Vac_59,59,RZV_2d,2024,1,Thres20_50,NA,165.76064839160495,NA,NA
Vac_59,59,RZV_2d,2024,1,Thres30_90,NA,202.81285009872767,NA,NA
Vac_59,59,RZV_2d,2024,1,Thres,NA,165.76064839160495,NA,NA
Vac_60,60,RZV_1d,2024,1,dYear_Life,4.966193668224292e-4,4.966135379369518e-4,3.2643369821592214e-4,6.715525239361142e-4
Vac_60,60,RZV_1d,2024,1,dYear_Immunised,17.264666819243054,17.350469254752007,13.849821452478679,20.387330121647707
Vac_60,60,RZV_1d,2024,1,dRisk_HZ,-0.13353713558649885,-0.13428644740615409,-0.16039195216157998,-0.10377729089002584
Vac_60,60,RZV_1d,2024,1,dRisk_Hosp,-0.003759759664908576,-0.003742249812721683,-0.005118248638201661,-0.0024431178989805452
Vac_60,60,RZV_1d,2024,1,dRisk_PHN,-0.008892535854150304,-0.008916563536878268,-0.011052853430570171,-0.006582613954610769
Vac_60,60,RZV_1d,2024,1,dRisk_Death,-6.811631631379911e-5,-6.797953937664927e-5,-9.632810540954198e-5,-4.0899304084305874e-05
Vac_60,60,RZV_1d,2024,1,dQ_Life,3.4615459783121416e-4,3.465731354168611e-4,2.295406756367413e-4,4.664302317415547e-4
Vac_60,60,RZV_1d,2024,1,dQ_HZ,0.017683160129794196,0.017731626652205304,0.01325817607343895,0.021813142437748064
Vac_60,60,RZV_1d,2024,1,dQ_HZ_Norm,0.006405378889815612,0.006405570553492012,0.004965510695082424,0.007887523600904266
Vac_60,60,RZV_1d,2024,1,dQ_All,0.018025016780205128,0.018080671898882628,0.01349883244833281,0.022228189211379857
Vac_60,60,RZV_1d,2024,1,dQ_HZ_d,0.01442853205824172,0.014472497674773151,0.01108714059750452,0.017588748675717487
Vac_60,60,RZV_1d,2024,1,dQ_HZ_Norm_d,0.005329101894997786,0.005328906309929464,0.004193248096014418,0.006490210083359392
Vac_60,60,RZV_1d,2024,1,dQ_Life_d,2.320217324275733e-4,2.3179894845437587e-4,1.558484921843739e-4,3.10590748841788e-4
Vac_60,60,RZV_1d,2024,1,dQ_All_d,0.014660553790669316,0.014714358973523467,0.01125166598372509,0.01788611686910877
Vac_60,60,RZV_1d,2024,1,dC_Hosp,-15.48096280032292,-15.401250768378215,-21.333318272380758,-9.80555024094398
Vac_60,60,RZV_1d,2024,1,dC_GP_NonPHN,-15.45456357715502,-15.52371143693703,-18.534595685357253,-12.091633829985327
Vac_60,60,RZV_1d,2024,1,dC_GP_PHN,-4.928524142854464,-4.959229285752201,-6.165918487407681,-3.6097908164921657
Vac_60,60,RZV_1d,2024,1,dC_GP,-20.383087720009485,-20.523543254680106,-24.62388058665607,-15.74729360791382
Vac_60,60,RZV_1d,2024,1,dC_Med,-35.864050520332405,-35.90829207158339,-45.65779704586597,-25.80448138351813
Vac_60,60,RZV_1d,2024,1,dC_VacZVL,0,0,0,0
Vac_60,60,RZV_1d,2024,1,dC_VacRZV,85,85,85,85
Vac_60,60,RZV_1d,2024,1,dC_Vac,85,85,85,85
Vac_60,60,RZV_1d,2024,1,dC_All,49.135949479667595,49.09170792841662,39.342202954134024,59.19551861648188
Vac_60,60,RZV_1d,2024,1,dC_Hosp_d,-11.253006704759702,-11.205208099935035,-15.325676656680935,-7.332134349529454
Vac_60,60,RZV_1d,2024,1,dC_GP_NonPHN_d,-12.842332592488017,-12.885534175261686,-15.175134044901965,-10.2588874140386
Vac_60,60,RZV_1d,2024,1,dC_GP_PHN_d,-3.9373020314518974,-3.9601701697377467,-4.864395906800639,-2.9525112672603444
Vac_60,60,RZV_1d,2024,1,dC_GP_d,-16.779634623939913,-16.88773141080717,-19.982668184163717,-13.27052276181974
Vac_60,60,RZV_1d,2024,1,dC_Med_d,-28.032641328699615,-28.051276585354476,-35.075587785806405,-20.717312624251317
Vac_60,60,RZV_1d,2024,1,dC_VacZVL_d,0,0,0,0
Vac_60,60,RZV_1d,2024,1,dC_VacRZV_d,85,85,85,85
Vac_60,60,RZV_1d,2024,1,dC_Vac_d,85,85,85,85
Vac_60,60,RZV_1d,2024,1,dC_All_d,56.96735867130038,56.94872341464553,49.92441221419359,64.2826873757487
Vac_60,60,RZV_1d,2024,1,dN_VacZVL,0,0,0,0
Vac_60,60,RZV_1d,2024,1,dN_VacRZV,1,1,1,1
Vac_60,60,RZV_1d,2024,1,dN_VacZVL_d,0,0,0,0
Vac_60,60,RZV_1d,2024,1,dN_VacRZV_d,1,1,1,1
Vac_60,60,RZV_1d,2024,1,ICER,3968.955554785266,3863.227309946471,2823.5814828907733,5670.936382319454
Vac_60,60,RZV_1d,2024,1,Price0,85,85,85,85
Vac_60,60,RZV_1d,2024,1,Thres20,321.2437171420859,322.4631056496377,246.0590977883589,392.0229630059796
Vac_60,60,RZV_1d,2024,1,Thres30,467.8492550487791,469.7464828257662,358.44878796337366,570.5217176175194
Vac_60,60,RZV_1d,2024,1,Thres20_50,NA,322.4631056496377,NA,NA
Vac_60,60,RZV_1d,2024,1,Thres30_90,NA,396.782408113049,NA,NA
Vac_60,60,RZV_1d,2024,1,Thres,NA,322.4631056496377,NA,NA
Vac_60,60,RZV_2d,2024,1,dYear_Life,5.131527078027105e-4,5.129278538653637e-4,3.345348552967309e-4,7.02878032261278e-4
Vac_60,60,RZV_2d,2024,1,dYear_Immunised,17.822131370731963,17.889658340960338,14.179471955312456,21.192688176673702
Vac_60,60,RZV_2d,2024,1,dRisk_HZ,-0.13787032000789018,-0.13864778136957268,-0.1671729985766422,-0.10613329220170145
Vac_60,60,RZV_2d,2024,1,dRisk_Hosp,-0.003885282725541403,-0.003881832452249298,-0.005382505186556209,-0.0025029736023463108
Vac_60,60,RZV_2d,2024,1,dRisk_PHN,-0.009183318870628641,-0.009210001888213413,-0.011505492625899788,-0.00670642593248471
Vac_60,60,RZV_2d,2024,1,dRisk_Death,-7.041551407286333e-5,-7.010597356704405e-5,-1.009430020276351e-4,-4.1951263472525554e-5
Vac_60,60,RZV_2d,2024,1,dQ_Life,3.5766509960663486e-4,3.578781405870757e-4,2.3346204634755452e-4,4.882815876062984e-4
Vac_60,60,RZV_2d,2024,1,dQ_HZ,0.018258512195957907,0.018266606679461506,0.013629840761535523,0.022716407715532693
Vac_60,60,RZV_2d,2024,1,dQ_HZ_Norm,0.006612698345745054,0.0066025308413424156,0.005041454543999273,0.008222778855626422
Vac_60,60,RZV_2d,2024,1,dQ_All,0.018611731611564025,0.018626405922855582,0.013869435835142774,0.02316373189076808
Vac_60,60,RZV_2d,2024,1,dQ_HZ_d,0.0148959935775073,0.0149145241357527,0.011398573258312627,0.01822211311226923
Vac_60,60,RZV_2d,2024,1,dQ_HZ_Norm_d,0.005500892383707787,0.005499737181805447,0.004295818724571036,0.0067315066030544215
Vac_60,60,RZV_2d,2024,1,dQ_Life_d,2.3971848469269474e-4,2.3975203710957516e-4,1.5775145208865026e-4,3.242485128827076e-4
Vac_60,60,RZV_2d,2024,1,dQ_All_d,0.015135712062199998,0.015154357456623302,0.011571015957815201,0.01853644511525214
Vac_60,60,RZV_2d,2024,1,dC_Hosp,-15.99952059179028,-15.953543649812193,-22.493276099715782,-10.005845288385201
Vac_60,60,RZV_2d,2024,1,dC_GP_NonPHN,-15.955376015595744,-16.047428658024046,-19.272368287823294,-12.331999988874776
Vac_60,60,RZV_2d,2024,1,dC_GP_PHN,-5.089442553248936,-5.109632164084882,-6.428782895941086,-3.693708278216707
Vac_60,60,RZV_2d,2024,1,dC_GP,-21.04481856884468,-21.15014187340656,-25.569380238726108,-16.120072982352095
Vac_60,60,RZV_2d,2024,1,dC_Med,-37.04433916063496,-37.09037303365227,-47.66680965977578,-26.230556998641465
Vac_60,60,RZV_2d,2024,1,dC_VacZVL,0,0,0,0
Vac_60,60,RZV_2d,2024,1,dC_VacRZV,170,170,170,170
Vac_60,60,RZV_2d,2024,1,dC_Vac,170,170,170,170
Vac_60,60,RZV_2d,2024,1,dC_All,132.95566083936504,132.90962696634773,122.3331903402242,143.76944300135855
Vac_60,60,RZV_2d,2024,1,dC_Hosp_d,-11.62849928832247,-11.589925953244823,-16.16805032442914,-7.474257768381295
Vac_60,60,RZV_2d,2024,1,dC_GP_NonPHN_d,-13.256836812812791,-13.327312771836901,-15.758771222917394,-10.47837282006242
Vac_60,60,RZV_2d,2024,1,dC_GP_PHN_d,-4.06537383103227,-4.085383868978635,-5.061557218376137,-3.0298488938086683
Vac_60,60,RZV_2d,2024,1,dC_GP_d,-17.32221064384506,-17.403289306642236,-20.733285618836124,-13.563084338273592
Vac_60,60,RZV_2d,2024,1,dC_Med_d,-28.95070993216753,-29.00236139172329,-36.56701758716633,-21.090073868051114
Vac_60,60,RZV_2d,2024,1,dC_VacZVL_d,0,0,0,0
Vac_60,60,RZV_2d,2024,1,dC_VacRZV_d,170,170,170,170
Vac_60,60,RZV_2d,2024,1,dC_Vac_d,170,170,170,170
Vac_60,60,RZV_2d,2024,1,dC_All_d,141.04929006783246,140.9976386082767,133.43298241283364,148.90992613194888
Vac_60,60,RZV_2d,2024,1,dN_VacZVL,0,0,0,0
Vac_60,60,RZV_2d,2024,1,dN_VacRZV,2,2,2,2
Vac_60,60,RZV_2d,2024,1,dN_VacZVL_d,0,0,0,0
Vac_60,60,RZV_2d,2024,1,dN_VacRZV_d,2,2,2,2
Vac_60,60,RZV_2d,2024,1,ICER,9488.540344363568,9281.661815982152,7257.474362554185,12893.525374787912
Vac_60,60,RZV_2d,2024,1,Price0,85,85,85,85
Vac_60,60,RZV_2d,2024,1,Thres20,165.83247558808375,166.18988865301543,126.34541992119753,203.5074360637719
Vac_60,60,RZV_2d,2024,1,Thres30,241.51103589908374,241.8244699734525,183.63881498423655,296.064155945874
Vac_60,60,RZV_2d,2024,1,Thres20_50,NA,166.18988865301543,NA,NA
Vac_60,60,RZV_2d,2024,1,Thres30_90,NA,204.3379803698229,NA,NA
Vac_60,60,RZV_2d,2024,1,Thres,NA,166.18988865301543,NA,NA
Vac_61,61,RZV_1d,2024,1,dYear_Life,5.064496261051535e-4,5.071767972015806e-4,3.397457762738476e-4,6.772200667942484e-4
Vac_61,61,RZV_1d,2024,1,dYear_Immunised,16.803479704485227,16.872091912433433,13.562215711770442,19.790023505361894
Vac_61,61,RZV_1d,2024,1,dRisk_HZ,-0.1319322515430769,-0.1326574969947925,-0.15746578925969032,-0.10358552556889555
Vac_61,61,RZV_1d,2024,1,dRisk_Hosp,-0.0038263259532046495,-0.003809586370095764,-0.005171491463683403,-0.0025372468470031325
Vac_61,61,RZV_1d,2024,1,dRisk_PHN,-0.008945017806018874,-0.008962987150056553,-0.011017791083359409,-0.006702176881742175
Vac_61,61,RZV_1d,2024,1,dRisk_Death,-6.977519960430406e-5,-6.962180468457092e-5,-9.758190189928225e-5,-4.2617820841356815e-5
Vac_61,61,RZV_1d,2024,1,dQ_Life,3.528196723909165e-4,3.530984810691251e-4,2.3867951553526725e-4,4.706748584747622e-4
Vac_61,61,RZV_1d,2024,1,dQ_HZ,0.01756558600080325,0.01761063601359724,0.013311180459695525,0.021584539571934715
Vac_61,61,RZV_1d,2024,1,dQ_HZ_Norm,0.006305358252334808,0.006297883510698982,0.004922468841575825,0.007746098789207506
Vac_61,61,RZV_1d,2024,1,dQ_All,0.017913998258702688,0.017960099305835087,0.013576988266906297,0.022003819090117102
Vac_61,61,RZV_1d,2024,1,dQ_HZ_d,0.014436824676018496,0.014477347398114892,0.011178889959496617,0.017547138929785187
Vac_61,61,RZV_1d,2024,1,dQ_HZ_Norm_d,0.005278074131391601,0.005275321941771565,0.004191943123078673,0.006399022949318164
Vac_61,61,RZV_1d,2024,1,dQ_Life_d,2.3966560468617536e-4,2.395930302903082e-4,1.630534755640678e-4,3.1782736815464394e-4
Vac_61,61,RZV_1d,2024,1,dQ_All_d,0.014676490280704764,0.014722875076015995,0.011346313338472802,0.017842102202151412
Vac_61,61,RZV_1d,2024,1,dC_Hosp,-15.791779984798943,-15.727486955527912,-21.587751969738445,-10.191542762446444
Vac_61,61,RZV_1d,2024,1,dC_GP_NonPHN,-15.235284003208216,-15.31152506299456,-18.185222875402246,-12.035202717857674
Vac_61,61,RZV_1d,2024,1,dC_GP_PHN,-4.954647900644441,-4.981981639572307,-6.14191403693415,-3.6673385471581894
Vac_61,61,RZV_1d,2024,1,dC_GP,-20.189931903852656,-20.32068041731566,-24.252041265791725,-15.771795564053672
Vac_61,61,RZV_1d,2024,1,dC_Med,-35.9817118886516,-36.01382939193115,-45.52871855545324,-26.149629351746615
Vac_61,61,RZV_1d,2024,1,dC_VacZVL,0,0,0,0
Vac_61,61,RZV_1d,2024,1,dC_VacRZV,85,85,85,85
Vac_61,61,RZV_1d,2024,1,dC_Vac,85,85,85,85
Vac_61,61,RZV_1d,2024,1,dC_All,49.0182881113484,48.986170608068846,39.471281444546754,58.850370648253396
Vac_61,61,RZV_1d,2024,1,dC_Hosp_d,-11.62375404610707,-11.578036753859118,-15.694067777199553,-7.68790792979261
Vac_61,61,RZV_1d,2024,1,dC_GP_NonPHN_d,-12.7409420029634,-12.778034902928379,-14.995014482417687,-10.274764290714032
Vac_61,61,RZV_1d,2024,1,dC_GP_PHN_d,-3.9958677593181484,-4.020617877189222,-4.904867669281795,-3.0314886089350095
Vac_61,61,RZV_1d,2024,1,dC_GP_d,-16.73680976228155,-16.828744885843342,-19.839224702401808,-13.32085327793641
Vac_61,61,RZV_1d,2024,1,dC_Med_d,-28.36056380838862,-28.381639642159254,-35.282044338219066,-21.156065859108498
Vac_61,61,RZV_1d,2024,1,dC_VacZVL_d,0,0,0,0
Vac_61,61,RZV_1d,2024,1,dC_VacRZV_d,85,85,85,85
Vac_61,61,RZV_1d,2024,1,dC_Vac_d,85,85,85,85
Vac_61,61,RZV_1d,2024,1,dC_All_d,56.63943619161138,56.61836035784074,49.717955661780934,63.8439341408915
Vac_61,61,RZV_1d,2024,1,dN_VacZVL,0,0,0,0
Vac_61,61,RZV_1d,2024,1,dN_VacRZV,1,1,1,1
Vac_61,61,RZV_1d,2024,1,dN_VacZVL_d,0,0,0,0
Vac_61,61,RZV_1d,2024,1,dN_VacRZV_d,1,1,1,1
Vac_61,61,RZV_1d,2024,1,ICER,3937.9157014665075,3832.6681507135836,2823.9024098480677,5580.184199172379
Vac_61,61,RZV_1d,2024,1,Price0,85,85,85,85
Vac_61,61,RZV_1d,2024,1,Thres20,321.8903694224839,323.06537917638286,248.66466816307482,390.62585586491093
Vac_61,61,RZV_1d,2024,1,Thres30,468.6552722295315,470.4929984402771,362.1163764253948,569.6219184889947
Vac_61,61,RZV_1d,2024,1,Thres20_50,NA,323.06537917638286,NA,NA
Vac_61,61,RZV_1d,2024,1,Thres30_90,NA,399.61274435315556,NA,NA
Vac_61,61,RZV_1d,2024,1,Thres,NA,323.06537917638286,NA,NA
Vac_61,61,RZV_2d,2024,1,dYear_Life,5.232585132250751e-4,5.236975430555901e-4,3.4693770383968924e-4,7.077513705056049e-4
Vac_61,61,RZV_2d,2024,1,dYear_Immunised,17.345385763426766,17.42327205185087,13.890486133996248,20.51345586501803
Vac_61,61,RZV_2d,2024,1,dRisk_HZ,-0.13620604171057282,-0.1369549111140423,-0.16422807416276294,-0.10572054692842126
Vac_61,61,RZV_2d,2024,1,dRisk_Hosp,-0.0039536994824360926,-0.003952904606389682,-0.005424468290030327,-0.00259771690568567
Vac_61,61,RZV_2d,2024,1,dRisk_PHN,-0.009236816068673647,-0.009270244874395817,-0.011469898853168148,-0.00683471659238299
Vac_61,61,RZV_2d,2024,1,dRisk_Death,-7.212250739966941e-5,-7.188344017338663e-5,-1.0219169101616663e-4,-4.379028532978282e-5
Vac_61,61,RZV_2d,2024,1,dQ_Life,3.645161495612399e-4,3.651724850666227e-4,2.427792173527621e-4,4.919220068469343e-4
Vac_61,61,RZV_2d,2024,1,dQ_HZ,0.01813603758526197,0.01815177252786888,0.013695752779889651,0.022420575749920443
Vac_61,61,RZV_2d,2024,1,dQ_HZ_Norm,0.006509114226379734,0.0065026687874324505,0.0050121339859455286,0.008036435099864415
Vac_61,61,RZV_2d,2024,1,dQ_All,0.01849599534062185,0.018509085721033713,0.013926709631400948,0.022857974580118512
Vac_61,61,RZV_2d,2024,1,dQ_HZ_d,0.014903780875098834,0.0149170739477133,0.011509515894619628,0.018153185340652245
Vac_61,61,RZV_2d,2024,1,dQ_HZ_Norm_d,0.0054479842198546366,0.005445452886175355,0.004284630418423374,0.006645288056611426
Vac_61,61,RZV_2d,2024,1,dQ_Life_d,2.475924332345798e-4,2.477158181584116e-4,1.6588032994686587e-4,3.312574500561105e-4
Vac_61,61,RZV_2d,2024,1,dQ_All_d,0.015151373308333473,0.01517579367491706,0.011669740591397559,0.01845753238393626
Vac_61,61,RZV_2d,2024,1,dC_Hosp,-16.319128316373572,-16.262663769527173,-22.74739592020732,-10.3881824345174
Vac_61,61,RZV_2d,2024,1,dC_GP_NonPHN,-15.728171059233935,-15.817423677370869,-18.867754253806183,-12.269690766337618
Vac_61,61,RZV_2d,2024,1,dC_GP_PHN,-5.116034993148466,-5.136934941220626,-6.400011382672096,-3.766104995842347
Vac_61,61,RZV_2d,2024,1,dC_GP,-20.8442060523824,-20.955291474060452,-25.15675404210411,-16.13538516918839
Vac_61,61,RZV_2d,2024,1,dC_Med,-37.16333436875597,-37.211513868712935,-47.45621566444214,-26.63882789096662
Vac_61,61,RZV_2d,2024,1,dC_VacZVL,0,0,0,0
Vac_61,61,RZV_2d,2024,1,dC_VacRZV,170,170,170,170
Vac_61,61,RZV_2d,2024,1,dC_Vac,170,170,170,170
Vac_61,61,RZV_2d,2024,1,dC_All,132.83666563124402,132.78848613128707,122.54378433555786,143.3611721090334
Vac_61,61,RZV_2d,2024,1,dC_Hosp_d,-12.01048746748054,-11.964434784409852,-16.561147237869246,-7.831589643689371
Vac_61,61,RZV_2d,2024,1,dC_GP_NonPHN_d,-13.15157846502018,-13.215232376770528,-15.543263854533466,-10.460354170697306
Vac_61,61,RZV_2d,2024,1,dC_GP_PHN_d,-4.125562947740772,-4.144916420334628,-5.096392241013999,-3.1031451333996443
Vac_61,61,RZV_2d,2024,1,dC_GP_d,-17.27714141276095,-17.368876508251077,-20.554407362685915,-13.629946658467567
Vac_61,61,RZV_2d,2024,1,dC_Med_d,-29.287628880241492,-29.33169479418694,-36.708779221626536,-21.583142937233045
Vac_61,61,RZV_2d,2024,1,dC_VacZVL_d,0,0,0,0
Vac_61,61,RZV_2d,2024,1,dC_VacRZV_d,170,170,170,170
Vac_61,61,RZV_2d,2024,1,dC_Vac_d,170,170,170,170
Vac_61,61,RZV_2d,2024,1,dC_All_d,140.7123711197585,140.66830520581306,133.29122077837343,148.41685706276698
Vac_61,61,RZV_2d,2024,1,dN_VacZVL,0,0,0,0
Vac_61,61,RZV_2d,2024,1,dN_VacRZV,2,2,2,2
Vac_61,61,RZV_2d,2024,1,dN_VacZVL_d,0,0,0,0
Vac_61,61,RZV_2d,2024,1,dN_VacRZV_d,2,2,2,2
Vac_61,61,RZV_2d,2024,1,ICER,9447.189885462018,9257.595839332142,7279.997697527907,12712.007880703397
Vac_61,61,RZV_2d,2024,1,Price0,85,85,85,85
Vac_61,61,RZV_2d,2024,1,Thres20,166.15754752345546,166.36348482732086,127.2918004726703,202.58526929048503
Vac_61,61,RZV_2d,2024,1,Thres30,241.91441406512283,242.30881203638324,185.7297435091557,294.86815049995437
Vac_61,61,RZV_2d,2024,1,Thres20_50,NA,166.36348482732086,NA,NA
Vac_61,61,RZV_2d,2024,1,Thres30_90,NA,205.5194996169727,NA,NA
Vac_61,61,RZV_2d,2024,1,Thres,NA,166.36348482732086,NA,NA
Vac_62,62,RZV_1d,2024,1,dYear_Life,5.163576998811231e-4,5.165053825706423e-4,3.530461188650413e-4,6.82998117550948e-4
Vac_62,62,RZV_1d,2024,1,dYear_Immunised,16.339689659781065,16.390962561985404,13.2823369450001,19.19249751367187
Vac_62,62,RZV_1d,2024,1,dRisk_HZ,-0.13017123789684254,-0.13078718241432213,-0.15469041378334958,-0.10291371053950113
Vac_62,62,RZV_1d,2024,1,dRisk_Hosp,-0.0038939128323162205,-0.003876378644698755,-0.0052191661443014075,-0.0026189707144596785
Vac_62,62,RZV_1d,2024,1,dRisk_PHN,-0.008987974826922505,-0.009009405063946051,-0.010990143836933485,-0.006807255604018945
Vac_62,62,RZV_1d,2024,1,dRisk_Death,-7.149730208816485e-5,-7.135676581195997e-5,-9.886177762714927e-5,-4.4520130225709116e-5
Vac_62,62,RZV_1d,2024,1,dQ_Life,3.5951194183280323e-4,3.595671382345955e-4,2.4666756110054423e-4,4.7443592062110793e-4
Vac_62,62,RZV_1d,2024,1,dQ_HZ,0.01742697284972452,0.017482849319163406,0.013309296283353195,0.021331428862964304
Vac_62,62,RZV_1d,2024,1,dQ_HZ_Norm,0.006198308589921921,0.0061923863024682625,0.004867347461930929,0.007587321028715142
Vac_62,62,RZV_1d,2024,1,dQ_All,0.017781962593444695,0.01783654502018983,0.01356604458991937,0.021739257177024563
Vac_62,62,RZV_1d,2024,1,dQ_HZ_d,0.014425252710262374,0.014467218778882455,0.011208279154625043,0.017461294878765583
Vac_62,62,RZV_1d,2024,1,dQ_HZ_Norm_d,0.005219812091811396,0.005212862753591984,0.004161872354926091,0.006316394534654581
Vac_62,62,RZV_1d,2024,1,dQ_Life_d,2.4746027450814003e-4,2.4744825588296493e-4,1.7086155107470802e-4,3.248243010701923e-4
Vac_62,62,RZV_1d,2024,1,dQ_All_d,0.014672712984770398,0.014722128566525328,0.01139067397129927,0.01777948860176961
Vac_62,62,RZV_1d,2024,1,dC_Hosp,-16.109557647181585,-16.06224662113909,-21.843384980604096,-10.5881720125018
Vac_62,62,RZV_1d,2024,1,dC_GP_NonPHN,-14.997177066220779,-15.047594517890378,-17.798079523619556,-11.92151360297053
Vac_62,62,RZV_1d,2024,1,dC_GP_PHN,-4.975178399051329,-5.0046115150885155,-6.1344959249937965,-3.740933711874081
Vac_62,62,RZV_1d,2024,1,dC_GP,-19.97235546527211,-20.10571705714421,-23.85653291577751,-15.733650742468079
Vac_62,62,RZV_1d,2024,1,dC_Med,-36.08191311245369,-36.11480992842334,-45.31481857259453,-26.50937448342261
Vac_62,62,RZV_1d,2024,1,dC_VacZVL,0,0,0,0
Vac_62,62,RZV_1d,2024,1,dC_VacRZV,85,85,85,85
Vac_62,62,RZV_1d,2024,1,dC_Vac,85,85,85,85
Vac_62,62,RZV_1d,2024,1,dC_All,48.91808688754631,48.885190071576666,39.68518142740547,58.49062551657739
Vac_62,62,RZV_1d,2024,1,dC_Hosp_d,-12.005907359213955,-11.9630157920587,-16.119896492720503,-8.067230290181032
Vac_62,62,RZV_1d,2024,1,dC_GP_NonPHN_d,-12.620506110739148,-12.66063161097006,-14.784718696787797,-10.20719057719397
Vac_62,62,RZV_1d,2024,1,dC_GP_PHN_d,-4.049877989642945,-4.073732312233323,-4.9515047847829425,-3.100196403326385
Vac_62,62,RZV_1d,2024,1,dC_GP_d,-16.670384100382094,-16.760276706889726,-19.662411288538316,-13.37379959974389
Vac_62,62,RZV_1d,2024,1,dC_Med_d,-28.67629145959605,-28.69995476515414,-35.48484015723049,-21.593103435562913
Vac_62,62,RZV_1d,2024,1,dC_VacZVL_d,0,0,0,0
Vac_62,62,RZV_1d,2024,1,dC_VacRZV_d,85,85,85,85
Vac_62,62,RZV_1d,2024,1,dC_Vac_d,85,85,85,85
Vac_62,62,RZV_1d,2024,1,dC_All_d,56.32370854040395,56.30004523484587,49.515159842769506,63.4068965644371
Vac_62,62,RZV_1d,2024,1,dN_VacZVL,0,0,0,0
Vac_62,62,RZV_1d,2024,1,dN_VacRZV,1,1,1,1
Vac_62,62,RZV_1d,2024,1,dN_VacZVL_d,0,0,0,0
Vac_62,62,RZV_1d,2024,1,dN_VacRZV_d,1,1,1,1
Vac_62,62,RZV_1d,2024,1,ICER,3913.2550269577714,3809.931745767089,2818.2949463952987,5501.275781062605
Vac_62,62,RZV_1d,2024,1,Price0,85,85,85,85
Vac_62,62,RZV_1d,2024,1,Thres20,322.130551155004,323.52709764036774,250.56134734823146,389.4203789799348
Vac_62,62,RZV_1d,2024,1,Thres30,468.857681002708,470.69083660688744,364.3294445737275,567.2934326594643
Vac_62,62,RZV_1d,2024,1,Thres20_50,NA,323.52709764036774,NA,NA
Vac_62,62,RZV_1d,2024,1,Thres30_90,NA,401.95983436711253,NA,NA
Vac_62,62,RZV_1d,2024,1,Thres,NA,323.52709764036774,NA,NA
Vac_62,62,RZV_2d,2024,1,dYear_Life,5.334434730832402e-4,5.345000870118355e-4,3.607756726304423e-4,7.129467395793121e-4
Vac_62,62,RZV_2d,2024,1,dYear_Immunised,16.865991090733615,16.94287014335229,13.588290326410593,19.851281648737988
Vac_62,62,RZV_2d,2024,1,dRisk_HZ,-0.13438098021823847,-0.1351962069111008,-0.16103752581208716,-0.10499349801537826
Vac_62,62,RZV_2d,2024,1,dRisk_Hosp,-0.0040231659336726535,-0.004021708657344481,-0.005468273862267574,-0.0026816076052866345
Vac_62,62,RZV_2d,2024,1,dRisk_PHN,-0.009280477920966,-0.00931078453013225,-0.011442934671750532,-0.006946329948195154
Vac_62,62,RZV_2d,2024,1,dRisk_Death,-7.389452973400324e-5,-7.362393922318166e-5,-1.0344554132643451e-4,-4.5715160113474676e-5
Vac_62,62,RZV_2d,2024,1,dQ_Life,3.713944979015249e-4,3.720682253476326e-4,2.523388459953146e-4,4.944740320253161e-4
Vac_62,62,RZV_2d,2024,1,dQ_HZ,0.01799188644727054,0.017998176381703875,0.013688657867952534,0.0221355785835636
Vac_62,62,RZV_2d,2024,1,dQ_HZ_Norm,0.006398294981525061,0.006390408004316586,0.004978105382269086,0.007888358989050435
Vac_62,62,RZV_2d,2024,1,dQ_All,0.01835860436633213,0.01838097938181882,0.013962483315896534,0.022559104606857432
Vac_62,62,RZV_2d,2024,1,dQ_HZ_d,0.014891084621632638,0.014915235867706652,0.011573115204333167,0.018077814789579247
Vac_62,62,RZV_2d,2024,1,dQ_HZ_Norm_d,0.005387622109119567,0.0053819189931615975,0.00426736415502829,0.0065611105117613
Vac_62,62,RZV_2d,2024,1,dQ_Life_d,2.556210486722952e-4,2.556131700277575e-4,1.748375320937967e-4,3.3755744088841404e-4
Vac_62,62,RZV_2d,2024,1,dQ_All_d,0.01514670567030485,0.015162349679880727,0.011742418927961483,0.018402464743156342
Vac_62,62,RZV_2d,2024,1,dC_Hosp,-16.645895529517773,-16.597760745854206,-22.962982718893834,-10.807842122360201
Vac_62,62,RZV_2d,2024,1,dC_GP_NonPHN,-15.481580928478992,-15.573561140931751,-18.456905273617153,-12.193824088898221
Vac_62,62,RZV_2d,2024,1,dC_GP_PHN,-5.136852447892562,-5.159837868585401,-6.363167450956927,-3.819366385175784
Vac_62,62,RZV_2d,2024,1,dC_GP,-20.618433376371556,-20.725532577670183,-24.70724288049946,-16.11150958522818
Vac_62,62,RZV_2d,2024,1,dC_Med,-37.26432890588933,-37.29661242271324,-47.20570784411534,-27.07452679491248
Vac_62,62,RZV_2d,2024,1,dC_VacZVL,0,0,0,0
Vac_62,62,RZV_2d,2024,1,dC_VacRZV,170,170,170,170
Vac_62,62,RZV_2d,2024,1,dC_Vac,170,170,170,170
Vac_62,62,RZV_2d,2024,1,dC_All,132.73567109411067,132.70338757728678,122.79429215588465,142.9254732050875
Vac_62,62,RZV_2d,2024,1,dC_Hosp_d,-12.40421450369844,-12.378218813119862,-16.926435372043766,-8.256326982499715
Vac_62,62,RZV_2d,2024,1,dC_GP_NonPHN_d,-13.026692866300172,-13.088265602032722,-15.3284877150104,-10.454961415426048
Vac_62,62,RZV_2d,2024,1,dC_GP_PHN_d,-4.181042644260709,-4.200443900831475,-5.122858245750417,-3.179626660078444
Vac_62,62,RZV_2d,2024,1,dC_GP_d,-17.20773551056088,-17.303420719845175,-20.373066676145548,-13.684817292190372
Vac_62,62,RZV_2d,2024,1,dC_Med_d,-29.61195001425932,-29.61476674443007,-36.928929517710195,-22.01592269305299
Vac_62,62,RZV_2d,2024,1,dC_VacZVL_d,0,0,0,0
Vac_62,62,RZV_2d,2024,1,dC_VacRZV_d,170,170,170,170
Vac_62,62,RZV_2d,2024,1,dC_Vac_d,170,170,170,170
Vac_62,62,RZV_2d,2024,1,dC_All_d,140.38804998574068,140.38523325556994,133.07107048228985,147.984077306947
Vac_62,62,RZV_2d,2024,1,dN_VacZVL,0,0,0,0
Vac_62,62,RZV_2d,2024,1,dN_VacRZV,2,2,2,2
Vac_62,62,RZV_2d,2024,1,dN_VacZVL_d,0,0,0,0
Vac_62,62,RZV_2d,2024,1,dN_VacRZV_d,2,2,2,2
Vac_62,62,RZV_2d,2024,1,ICER,9419.895136344301,9238.798562985328,7287.919914106055,12556.619814399519
Vac_62,62,RZV_2d,2024,1,Price0,85,85,85,85
Vac_62,62,RZV_2d,2024,1,Thres20,166.27303171017815,166.48547323532273,128.66287393969688,201.2120747161143
Vac_62,62,RZV_2d,2024,1,Thres30,242.0065600617024,242.46673596546506,187.37567469913105,292.9582458425366
Vac_62,62,RZV_2d,2024,1,Thres20_50,NA,166.48547323532273,NA,NA
Vac_62,62,RZV_2d,2024,1,Thres30_90,NA,206.48285431077068,NA,NA
Vac_62,62,RZV_2d,2024,1,Thres,NA,166.48547323532273,NA,NA
Vac_63,63,RZV_1d,2024,1,dYear_Life,5.263087979472374e-4,5.267716451804461e-4,3.66933692454463e-4,6.898592882839336e-4
Vac_63,63,RZV_1d,2024,1,dYear_Immunised,15.873413123795915,15.928205898496614,12.939966313765565,18.585430485377007
Vac_63,63,RZV_1d,2024,1,dRisk_HZ,-0.12828444251797005,-0.12887911532620716,-0.15188303283686966,-0.10236909419431946
Vac_63,63,RZV_1d,2024,1,dRisk_Hosp,-0.003962602388333587,-0.003940286827831222,-0.005243702322838958,-0.002703344680856031
Vac_63,63,RZV_1d,2024,1,dRisk_PHN,-0.009023004238128284,-0.009036243308149436,-0.010955677792828153,-0.00691794968342451
Vac_63,63,RZV_1d,2024,1,dRisk_Death,-7.328477542012026e-5,-7.324581400909035e-5,-1.0025117707713477e-4,-4.6673275014566924e-5
Vac_63,63,RZV_1d,2024,1,dQ_Life,3.662043896599272e-4,3.6623816244230056e-4,2.5557475089232895e-4,4.7814533240861915e-4
Vac_63,63,RZV_1d,2024,1,dQ_HZ,0.017270411469931208,0.01731365387833538,0.013289185473810186,0.021018903563909598
Vac_63,63,RZV_1d,2024,1,dQ_HZ_Norm,0.006085919869418154,0.0060727527590426905,0.004800210655447207,0.007424184414494819
Vac_63,63,RZV_1d,2024,1,dQ_All,0.017631973148386028,0.017689506935441912,0.013549207596236545,0.02146740147597015
Vac_63,63,RZV_1d,2024,1,dQ_HZ_d,0.014396703801470121,0.014442017959146763,0.011266452512657385,0.01735806145312989
Vac_63,63,RZV_1d,2024,1,dQ_HZ_Norm_d,0.005155931548156341,0.005146809931861476,0.004121554748611613,0.0062164019677652576
Vac_63,63,RZV_1d,2024,1,dQ_Life_d,2.5538588596592417e-4,2.55599390074579e-4,1.7934228094307336e-4,3.3162272761839685e-4
Vac_63,63,RZV_1d,2024,1,dQ_All_d,0.01465208968743599,0.014693021384762694,0.01145010598409666,0.017663414644530428
Vac_63,63,RZV_1d,2024,1,dC_Hosp,-16.434573312012603,-16.37528605873166,-22.07325184092365,-11.005199832750199
Vac_63,63,RZV_1d,2024,1,dC_GP_NonPHN,-14.743900066246942,-14.791957670721256,-17.380549783294576,-11.813240938952262
Vac_63,63,RZV_1d,2024,1,dC_GP_PHN,-4.991028315933374,-5.019952222665123,-6.116292521308366,-3.7794402640966442
Vac_63,63,RZV_1d,2024,1,dC_GP,-19.734928382180318,-19.85509681039042,-23.41478382892291,-15.663646801091527
Vac_63,63,RZV_1d,2024,1,dC_Med,-36.169501694192924,-36.18594048852448,-45.08870321611061,-26.824104302575464
Vac_63,63,RZV_1d,2024,1,dC_VacZVL,0,0,0,0
Vac_63,63,RZV_1d,2024,1,dC_VacRZV,85,85,85,85
Vac_63,63,RZV_1d,2024,1,dC_Vac,85,85,85,85
Vac_63,63,RZV_1d,2024,1,dC_All,48.830498305807076,48.81405951147552,39.9112967838894,58.17589569742454
Vac_63,63,RZV_1d,2024,1,dC_Hosp_d,-12.399918701684081,-12.348303936101455,-16.43325148305847,-8.455741638209815
Vac_63,63,RZV_1d,2024,1,dC_GP_NonPHN_d,-12.484480047499336,-12.530566732058851,-14.56324607838638,-10.178798398504632
Vac_63,63,RZV_1d,2024,1,dC_GP_PHN_d,-4.100217246090877,-4.123125814958744,-4.986081965536789,-3.1746512782446312
Vac_63,63,RZV_1d,2024,1,dC_GP_d,-16.58469729359021,-16.651670879203575,-19.446916763999635,-13.376152076172483
Vac_63,63,RZV_1d,2024,1,dC_Med_d,-28.984615995274293,-29.00158987780395,-35.59306180681031,-21.948521120276823
Vac_63,63,RZV_1d,2024,1,dC_VacZVL_d,0,0,0,0
Vac_63,63,RZV_1d,2024,1,dC_VacRZV_d,85,85,85,85
Vac_63,63,RZV_1d,2024,1,dC_Vac_d,85,85,85,85
Vac_63,63,RZV_1d,2024,1,dC_All_d,56.0153840047257,55.99841012219606,49.40693819318969,63.05147887972317
Vac_63,63,RZV_1d,2024,1,dN_VacZVL,0,0,0,0
Vac_63,63,RZV_1d,2024,1,dN_VacRZV,1,1,1,1
Vac_63,63,RZV_1d,2024,1,dN_VacZVL_d,0,0,0,0
Vac_63,63,RZV_1d,2024,1,dN_VacRZV_d,1,1,1,1
Vac_63,63,RZV_1d,2024,1,ICER,3893.8124576435252,3797.802612153184,2822.5444916567744,5426.838916345442
Vac_63,63,RZV_1d,2024,1,Price0,85,85,85,85
Vac_63,63,RZV_1d,2024,1,Thres20,322.02640974399407,323.0465503455283,252.15209785325732,387.9784887481727
Vac_63,63,RZV_1d,2024,1,Thres30,468.547306618354,470.0331057169241,366.6269161763026,564.7259723281906
Vac_63,63,RZV_1d,2024,1,Thres20_50,NA,323.0465503455283,NA,NA
Vac_63,63,RZV_1d,2024,1,Thres30_90,NA,403.7775182486114,NA,NA
Vac_63,63,RZV_1d,2024,1,Thres,NA,323.0465503455283,NA,NA
Vac_63,63,RZV_2d,2024,1,dYear_Life,5.436717071797261e-4,5.440343619103061e-4,3.726950664858286e-4,7.174274292828463e-4
Vac_63,63,RZV_2d,2024,1,dYear_Immunised,16.384067953973975,16.45685205053111,13.273808394525739,19.19838724090601
Vac_63,63,RZV_2d,2024,1,dRisk_HZ,-0.13242622382305358,-0.1333212299823035,-0.15769823311019615,-0.10430671642292892
Vac_63,63,RZV_2d,2024,1,dRisk_Hosp,-0.004093744953270104,-0.004090659982510206,-0.005512656369728155,-0.002772999521965754
Vac_63,63,RZV_2d,2024,1,dRisk_PHN,-0.00931595404616433,-0.009339881617946109,-0.011415881919823248,-0.007058024898547033
Vac_63,63,RZV_2d,2024,1,dRisk_Death,-7.573379328184238e-5,-7.553512700918202e-5,-1.05038417851017e-4,-4.7727526736913295e-5
Vac_63,63,RZV_2d,2024,1,dQ_Life,3.782722852548499e-4,3.782387084036998e-4,2.603697939018268e-4,4.97851108955949e-4
Vac_63,63,RZV_2d,2024,1,dQ_HZ,0.017829223806953103,0.017849495154541907,0.013699675829401051,0.02185687060135232
Vac_63,63,RZV_2d,2024,1,dQ_HZ_Norm,0.006281972521717976,0.006272940843017268,0.004919845547300111,0.007706160589904093
Vac_63,63,RZV_2d,2024,1,dQ_All,0.018202695428864313,0.018225746930342623,0.013951571054477974,0.022298783544921628
Vac_63,63,RZV_2d,2024,1,dQ_HZ_d,0.014860859761197684,0.0148792685045823,0.011621721518161722,0.017990578505377292
Vac_63,63,RZV_2d,2024,1,dQ_HZ_Norm_d,0.00532146133661242,0.005318924210568372,0.004245721941847055,0.006448286364362205
Vac_63,63,RZV_2d,2024,1,dQ_Life_d,2.637838308427121e-4,2.637881304128342e-4,1.8328302285213207e-4,3.4377052271548073e-4
Vac_63,63,RZV_2d,2024,1,dQ_All_d,0.015124643592040366,0.015144079438148772,0.011814281699863515,0.018316859839667108
Vac_63,63,RZV_2d,2024,1,dC_Hosp,-16.98003971544111,-16.954228906592277,-23.16757253118535,-11.225844160998147
Vac_63,63,RZV_2d,2024,1,dC_GP_NonPHN,-15.21935305266712,-15.301837560158932,-18.05056843448256,-12.093632399089445
Vac_63,63,RZV_2d,2024,1,dC_GP_PHN,-5.15283813654792,-5.1778476162956775,-6.333378362683283,-3.877628436885623
Vac_63,63,RZV_2d,2024,1,dC_GP,-20.37219118921504,-20.492941275181444,-24.27344805534241,-16.036096512988063
Vac_63,63,RZV_2d,2024,1,dC_Med,-37.352230904656146,-37.39487981348787,-46.98397816522488,-27.44867634534036
Vac_63,63,RZV_2d,2024,1,dC_VacZVL,0,0,0,0
Vac_63,63,RZV_2d,2024,1,dC_VacRZV,170,170,170,170
Vac_63,63,RZV_2d,2024,1,dC_Vac,170,170,170,170
Vac_63,63,RZV_2d,2024,1,dC_All,132.64776909534385,132.60512018651212,123.0160218347751,142.55132365465965
Vac_63,63,RZV_2d,2024,1,dC_Hosp_d,-12.810076107186376,-12.808258084063747,-17.29377257423704,-8.684487409602507
Vac_63,63,RZV_2d,2024,1,dC_GP_NonPHN_d,-12.885718658693662,-12.942899986288033,-15.082204928171393,-10.448444121128352
Vac_63,63,RZV_2d,2024,1,dC_GP_PHN_d,-4.232726827516926,-4.253203181955669,-5.158798062778078,-3.2431441558949445
Vac_63,63,RZV_2d,2024,1,dC_GP_d,-17.11844548621059,-17.217814764008125,-20.131935602417983,-13.714839058049096
Vac_63,63,RZV_2d,2024,1,dC_Med_d,-29.92852159339696,-29.946385960533462,-37.0622102419764,-22.5006287526917
Vac_63,63,RZV_2d,2024,1,dC_VacZVL_d,0,0,0,0
Vac_63,63,RZV_2d,2024,1,dC_VacRZV_d,170,170,170,170
Vac_63,63,RZV_2d,2024,1,dC_Vac_d,170,170,170,170
Vac_63,63,RZV_2d,2024,1,dC_All_d,140.07147840660303,140.05361403946654,132.9377897580236,147.4993712473083
Vac_63,63,RZV_2d,2024,1,dN_VacZVL,0,0,0,0
Vac_63,63,RZV_2d,2024,1,dN_VacRZV,2,2,2,2
Vac_63,63,RZV_2d,2024,1,dN_VacZVL_d,0,0,0,0
Vac_63,63,RZV_2d,2024,1,dN_VacRZV_d,2,2,2,2
Vac_63,63,RZV_2d,2024,1,ICER,9404.37009706765,9242.473572662617,7341.364022147524,12450.788442178624
Vac_63,63,RZV_2d,2024,1,Price0,85,85,85,85
Vac_63,63,RZV_2d,2024,1,Thres20,166.21069671710214,166.41406214791584,129.40283033116745,200.20419316055717
Vac_63,63,RZV_2d,2024,1,Thres30,241.83391467730397,242.2481621758485,188.57918341056455,291.7172808123648
Vac_63,63,RZV_2d,2024,1,Thres20_50,NA,166.41406214791584,NA,NA
Vac_63,63,RZV_2d,2024,1,Thres30_90,NA,207.12730037416003,NA,NA
Vac_63,63,RZV_2d,2024,1,Thres,NA,166.41406214791584,NA,NA
Vac_64,64,RZV_1d,2024,1,dYear_Life,5.362578200777897e-4,5.366991631170492e-4,3.78501750466409e-4,6.96606832521418e-4
Vac_64,64,RZV_1d,2024,1,dYear_Immunised,15.404668862763582,15.45766928734248,12.577947171382899,17.953449498130322
Vac_64,64,RZV_1d,2024,1,dRisk_HZ,-0.12624337493828114,-0.12676903418866198,-0.148468532898242,-0.10153290250823875
Vac_64,64,RZV_1d,2024,1,dRisk_Hosp,-0.004031372212586724,-0.004015306647738267,-0.0052843967778533,-0.002793631721041946
Vac_64,64,RZV_1d,2024,1,dRisk_PHN,-0.009047284019560668,-0.009054875485600196,-0.010900174417176788,-0.0070158437418324626
Vac_64,64,RZV_1d,2024,1,dRisk_Death,-7.51390411437369e-5,-7.504981315179573e-5,-1.0168681171655462e-4,-4.8689622949012105e-5
Vac_64,64,RZV_1d,2024,1,dQ_Life,3.7286265857883015e-4,3.731096027159708e-4,2.6334707426221014e-4,4.8158172603462995e-4
Vac_64,64,RZV_1d,2024,1,dQ_HZ,0.017092140705036406,0.017133001949156006,0.013264027050142091,0.020739158756201553
Vac_64,64,RZV_1d,2024,1,dQ_HZ_Norm,0.00596681807001409,0.005951394640345684,0.004727967305765715,0.007243482497252519
Vac_64,64,RZV_1d,2024,1,dQ_All,0.017460233987611228,0.017508152087028606,0.013546007848330887,0.021178184325484215
Vac_64,64,RZV_1d,2024,1,dQ_HZ_d,0.01434717507777268,0.014384751396455984,0.011294931838832097,0.01724266102586208
Vac_64,64,RZV_1d,2024,1,dQ_HZ_Norm_d,0.005084969006397227,0.005072667325239902,0.004081106247377364,0.00611764922241766
Vac_64,64,RZV_1d,2024,1,dQ_Life_d,2.634161224549665e-4,2.6386360896335503e-4,1.8787213558479898e-4,3.3871082859477926e-4
Vac_64,64,RZV_1d,2024,1,dQ_All_d,0.01461059120022765,0.014650430608968534,0.011504325368359903,0.017565105366670553
Vac_64,64,RZV_1d,2024,1,dC_Hosp,-16.76370856245129,-16.708285495918012,-22.226814148338665,-11.423134781519614
Vac_64,64,RZV_1d,2024,1,dC_GP_NonPHN,-14.47231157531961,-14.513676165546794,-16.977217826367486,-11.675187624763073
Vac_64,64,RZV_1d,2024,1,dC_GP_PHN,-5.0006074622598415,-5.025968956552584,-6.084071502454832,-3.8347600250055955
Vac_64,64,RZV_1d,2024,1,dC_GP,-19.47291903757945,-19.58273625718451,-22.96212295093856,-15.569761496879963
Vac_64,64,RZV_1d,2024,1,dC_Med,-36.236627600030744,-36.21714349790611,-44.91664681550492,-27.120719153747764
Vac_64,64,RZV_1d,2024,1,dC_VacZVL,0,0,0,0
Vac_64,64,RZV_1d,2024,1,dC_VacRZV,85,85,85,85
Vac_64,64,RZV_1d,2024,1,dC_Vac,85,85,85,85
Vac_64,64,RZV_1d,2024,1,dC_All,48.763372399969256,48.78285650209389,40.08335318449509,57.87928084625223
Vac_64,64,RZV_1d,2024,1,dC_Hosp_d,-12.802831981905996,-12.741927238518942,-16.812071814046483,-8.880835868525656
Vac_64,64,RZV_1d,2024,1,dC_GP_NonPHN_d,-12.329485505154308,-12.369884594561949,-14.344878427568553,-10.105296128696002
Vac_64,64,RZV_1d,2024,1,dC_GP_PHN_d,-4.14525096493431,-4.164924133957796,-5.003806231457843,-3.24286969330811
Vac_64,64,RZV_1d,2024,1,dC_GP_d,-16.47473647008862,-16.53921958784703,-19.205574999461323,-13.374434655745777
Vac_64,64,RZV_1d,2024,1,dC_Med_d,-29.277568451994615,-29.28379427411884,-35.82505557292771,-22.37292415350959
Vac_64,64,RZV_1d,2024,1,dC_VacZVL_d,0,0,0,0
Vac_64,64,RZV_1d,2024,1,dC_VacRZV_d,85,85,85,85
Vac_64,64,RZV_1d,2024,1,dC_Vac_d,85,85,85,85
Vac_64,64,RZV_1d,2024,1,dC_All_d,55.72243154800539,55.71620572588115,49.17494442707229,62.62707584649042
Vac_64,64,RZV_1d,2024,1,dN_VacZVL,0,0,0,0
Vac_64,64,RZV_1d,2024,1,dN_VacRZV,1,1,1,1
Vac_64,64,RZV_1d,2024,1,dN_VacZVL_d,0,0,0,0
Vac_64,64,RZV_1d,2024,1,dN_VacRZV_d,1,1,1,1
Vac_64,64,RZV_1d,2024,1,ICER,3881.130022206374,3788.5060361680753,2831.0355381775535,5374.761226808502
Vac_64,64,RZV_1d,2024,1,Price0,85,85,85,85
Vac_64,64,RZV_1d,2024,1,Thres20,321.4893924565476,322.4393949369396,253.97648225037403,385.6222284072795
Vac_64,64,RZV_1d,2024,1,Thres30,467.5953044588241,469.0829002092772,368.96311307833946,561.2300966237677
Vac_64,64,RZV_1d,2024,1,Thres20_50,NA,322.4393949369396,NA,NA
Vac_64,64,RZV_1d,2024,1,Thres30_90,NA,404.4458410164497,NA,NA
Vac_64,64,RZV_1d,2024,1,Thres,NA,322.4393949369396,NA,NA
Vac_64,64,RZV_2d,2024,1,dYear_Life,5.538967029385872e-4,5.541044897032776e-4,3.8584292440964064e-4,7.247264995611679e-4
Vac_64,64,RZV_2d,2024,1,dYear_Immunised,15.899636120924557,15.980736384163857,12.960106524632431,18.52805000767044
Vac_64,64,RZV_2d,2024,1,dRisk_HZ,-0.1303127086013073,-0.13109892750422178,-0.15415548260046438,-0.10352835541954296
Vac_64,64,RZV_2d,2024,1,dRisk_Hosp,-0.004164415366208099,-0.004160781275115498,-0.005566383309086853,-0.0028650808118663744
Vac_64,64,RZV_2d,2024,1,dRisk_PHN,-0.0093403396520287,-0.009370086629075786,-0.011345334826421947,-0.007146782938701666
Vac_64,64,RZV_2d,2024,1,dRisk_Death,-7.764175612030201e-5,-7.741163244592164e-5,-1.0668608815341317e-4,-4.9805681375814524e-5
Vac_64,64,RZV_2d,2024,1,dQ_Life,3.851140823951216e-4,3.852643175381587e-4,2.6998973296530335e-4,5.024354787060758e-4
Vac_64,64,RZV_2d,2024,1,dQ_HZ,0.017644206817194783,0.0176540138762271,0.013689963205459607,0.021536093689135893
Vac_64,64,RZV_2d,2024,1,dQ_HZ_Norm,0.006158745205851321,0.006155823485188555,0.004852719556549581,0.007520230302202409
Vac_64,64,RZV_2d,2024,1,dQ_All,0.018024389816963648,0.018044302945508406,0.013941491518396364,0.02200188761193198
Vac_64,64,RZV_2d,2024,1,dQ_HZ_d,0.014809014167204705,0.0148196366727308,0.011689436116928837,0.017866715963135146
Vac_64,64,RZV_2d,2024,1,dQ_HZ_Norm_d,0.005248008121119367,0.005246942660765718,0.004208719645703364,0.006341656881856878
Vac_64,64,RZV_2d,2024,1,dQ_Life_d,2.720536173660806e-4,2.722863372079942e-4,1.9250832331763057e-4,3.509488915328873e-4
Vac_64,64,RZV_2d,2024,1,dQ_All_d,0.01508106778457081,0.01509461178206184,0.011880135029291772,0.01817930566641421
Vac_64,64,RZV_2d,2024,1,dC_Hosp,-17.31844731648673,-17.277796919753193,-23.382494688431457,-11.645903375049812
Vac_64,64,RZV_2d,2024,1,dC_GP_NonPHN,-14.938283775380885,-15.009080596266942,-17.59879636467839,-11.972488944136678
Vac_64,64,RZV_2d,2024,1,dC_GP_PHN,-5.16235452577947,-5.181263022930457,-6.295436216543659,-3.9313842210064776
Vac_64,64,RZV_2d,2024,1,dC_GP,-20.100638301160355,-20.20985457891407,-23.770341641426533,-15.973126769363612
Vac_64,64,RZV_2d,2024,1,dC_Med,-37.419085617647085,-37.48802715691512,-46.687348094453704,-27.86459911760007
Vac_64,64,RZV_2d,2024,1,dC_VacZVL,0,0,0,0
Vac_64,64,RZV_2d,2024,1,dC_VacRZV,170,170,170,170
Vac_64,64,RZV_2d,2024,1,dC_Vac,170,170,170,170
Vac_64,64,RZV_2d,2024,1,dC_All,132.58091438235292,132.5119728430849,123.31265190554629,142.13540088239992
Vac_64,64,RZV_2d,2024,1,dC_Hosp_d,-13.225125887277814,-13.204147593802277,-17.68463481945324,-9.096233559011631
Vac_64,64,RZV_2d,2024,1,dC_GP_NonPHN_d,-12.7252081717459,-12.784553247139327,-14.80946748417323,-10.380129122608485
Vac_64,64,RZV_2d,2024,1,dC_GP_PHN_d,-4.2789319594453605,-4.299349301578779,-5.1741051998001595,-3.315217388879054
Vac_64,64,RZV_2d,2024,1,dC_GP_d,-17.00414013119126,-17.097207073531585,-19.84888852917343,-13.719725369934247
Vac_64,64,RZV_2d,2024,1,dC_Med_d,-30.229266018469072,-30.289132787553303,-37.13107541998542,-23.01839603151844
Vac_64,64,RZV_2d,2024,1,dC_VacZVL_d,0,0,0,0
Vac_64,64,RZV_2d,2024,1,dC_VacRZV_d,170,170,170,170
Vac_64,64,RZV_2d,2024,1,dC_Vac_d,170,170,170,170
Vac_64,64,RZV_2d,2024,1,dC_All_d,139.77073398153092,139.71086721244666,132.8689245800146,146.98160396848158
Vac_64,64,RZV_2d,2024,1,dN_VacZVL,0,0,0,0
Vac_64,64,RZV_2d,2024,1,dN_VacRZV,2,2,2,2
Vac_64,64,RZV_2d,2024,1,dN_VacZVL_d,0,0,0,0
Vac_64,64,RZV_2d,2024,1,dN_VacRZV_d,2,2,2,2
Vac_64,64,RZV_2d,2024,1,ICER,9403.723716402894,9253.981504426043,7402.3734062241065,12353.205933223917
Vac_64,64,RZV_2d,2024,1,Price0,85,85,85,85
Vac_64,64,RZV_2d,2024,1,Thres20,165.92531085494264,166.14002081065172,130.24099250792403,199.12451525187592
Vac_64,64,RZV_2d,2024,1,Thres30,241.33064977779668,241.61944890946222,189.94342375746305,290.2940327742776
Vac_64,64,RZV_2d,2024,1,Thres20_50,NA,166.14002081065172,NA,NA
Vac_64,64,RZV_2d,2024,1,Thres30_90,NA,207.46050988086517,NA,NA
Vac_64,64,RZV_2d,2024,1,Thres,NA,166.14002081065172,NA,NA
Vac_65,65,RZV_1d,2024,1,dYear_Life,5.461533124136455e-4,5.466464410250893e-4,3.9013571795418753e-4,7.034168198824629e-4
Vac_65,65,RZV_1d,2024,1,dYear_Immunised,14.93352941867012,14.985452254417886,12.269558238555051,17.32167687331571
Vac_65,65,RZV_1d,2024,1,dRisk_HZ,-0.12407867248610153,-0.12451763413053707,-0.1454542693738674,-0.10030185607389183
Vac_65,65,RZV_1d,2024,1,dRisk_Hosp,-0.004101672630465979,-0.004089538075863872,-0.005336041176944834,-0.0028874843480958087
Vac_65,65,RZV_1d,2024,1,dRisk_PHN,-0.009061720914125397,-0.009075447075842739,-0.010836820846158191,-0.00709392966552136
Vac_65,65,RZV_1d,2024,1,dRisk_Death,-7.706135687501244e-5,-7.701151467161498e-5,-1.031658064380897e-4,-5.0971395003922546e-5
Vac_65,65,RZV_1d,2024,1,dQ_Life,3.79447839166577e-4,3.79762533666117e-4,2.7140563371839125e-4,4.8631061829884636e-4
Vac_65,65,RZV_1d,2024,1,dQ_HZ,0.016895390601667674,0.016929213487839795,0.013185211717524046,0.020474454455270675
Vac_65,65,RZV_1d,2024,1,dQ_HZ_Norm,0.005842644818379992,0.005823359290855299,0.004662322309289984,0.007071229974286054
Vac_65,65,RZV_1d,2024,1,dQ_All,0.01726993576986301,0.017308296343717444,0.013495471763483646,0.02092162025762816
Vac_65,65,RZV_1d,2024,1,dQ_HZ_d,0.01427968902917248,0.014302646716834818,0.01131215860564372,0.017173363294230692
Vac_65,65,RZV_1d,2024,1,dQ_HZ_Norm_d,0.005008495856418768,0.004991962301227003,0.00404374277950594,0.006016062137432508
Vac_65,65,RZV_1d,2024,1,dQ_Life_d,2.715198601081132e-4,2.719571804332688e-4,1.9699703072300067e-4,3.463850440469596e-4
Vac_65,65,RZV_1d,2024,1,dQ_All_d,0.014551208889280548,0.014585136633688656,0.011537400961861089,0.01746929331032434
Vac_65,65,RZV_1d,2024,1,dC_Hosp,-17.10153945262935,-17.05113804113093,-22.462891717020792,-11.852022898981797
Vac_65,65,RZV_1d,2024,1,dC_GP_NonPHN,-14.186034081910673,-14.231807682770715,-16.579080245927866,-11.503028322026662
Vac_65,65,RZV_1d,2024,1,dC_GP_PHN,-5.004422070824162,-5.02843382811011,-6.070674744942435,-3.8868910914400967
Vac_65,65,RZV_1d,2024,1,dC_GP,-19.190456152734836,-19.271552711491303,-22.461070623411185,-15.434061806748778
Vac_65,65,RZV_1d,2024,1,dC_Med,-36.291995605364185,-36.27317644336109,-44.76284651766028,-27.494852711570264
Vac_65,65,RZV_1d,2024,1,dC_VacZVL,0,0,0,0
Vac_65,65,RZV_1d,2024,1,dC_VacRZV,85,85,85,85
Vac_65,65,RZV_1d,2024,1,dC_Vac,85,85,85,85
Vac_65,65,RZV_1d,2024,1,dC_All,48.708004394635815,48.72682355663891,40.23715348233973,57.50514728842974
Vac_65,65,RZV_1d,2024,1,dC_Hosp_d,-13.219447199357734,-13.183226764975014,-17.20823704037997,-9.269700729195648
Vac_65,65,RZV_1d,2024,1,dC_GP_NonPHN_d,-12.158948948048128,-12.201239701628193,-14.090727795978356,-10.00551923811101
Vac_65,65,RZV_1d,2024,1,dC_GP_PHN_d,-4.185446338055807,-4.20939640702921,-5.0282137208698225,-3.297615037330772
Vac_65,65,RZV_1d,2024,1,dC_GP_d,-16.344395286103936,-16.41446572249074,-18.939826259862173,-13.336883355598884
Vac_65,65,RZV_1d,2024,1,dC_Med_d,-29.56384248546167,-29.586547326061464,-35.98216009232524,-22.818513413891466
Vac_65,65,RZV_1d,2024,1,dC_VacZVL_d,0,0,0,0
Vac_65,65,RZV_1d,2024,1,dC_VacRZV_d,85,85,85,85
Vac_65,65,RZV_1d,2024,1,dC_Vac_d,85,85,85,85
Vac_65,65,RZV_1d,2024,1,dC_All_d,55.43615751453833,55.413452673938544,49.017839907674755,62.181486586108534
Vac_65,65,RZV_1d,2024,1,dN_VacZVL,0,0,0,0
Vac_65,65,RZV_1d,2024,1,dN_VacRZV,1,1,1,1
Vac_65,65,RZV_1d,2024,1,dN_VacZVL_d,0,0,0,0
Vac_65,65,RZV_1d,2024,1,dN_VacRZV_d,1,1,1,1
Vac_65,65,RZV_1d,2024,1,ICER,3873.916273275806,3785.4904592038233,2847.419220049544,5321.0102475105205
Vac_65,65,RZV_1d,2024,1,Price0,85,85,85,85
Vac_65,65,RZV_1d,2024,1,Thres20,320.58802027107265,321.2989253674625,255.38627404090738,383.2589714457595
Vac_65,65,RZV_1d,2024,1,Thres30,466.10010916387813,467.1511311712614,370.5543446851977,557.9678058804026
Vac_65,65,RZV_1d,2024,1,Thres20_50,NA,321.2989253674625,NA,NA
Vac_65,65,RZV_1d,2024,1,Thres30_90,NA,404.3768190494117,NA,NA
Vac_65,65,RZV_1d,2024,1,Thres,NA,321.2989253674625,NA,NA
Vac_65,65,RZV_2d,2024,1,dYear_Life,5.640654057137269e-4,5.639546903317694e-4,3.99136374553688e-4,7.302456627060748e-4
Vac_65,65,RZV_2d,2024,1,dYear_Immunised,15.412770861743638,15.487057238784308,12.645531567186731,17.85651128759173
Vac_65,65,RZV_2d,2024,1,dRisk_HZ,-0.1280716872314378,-0.12884340030744892,-0.1504138248333196,-0.10255904899731923
Vac_65,65,RZV_2d,2024,1,dRisk_Hosp,-0.004236650924213304,-0.0042286127096652125,-0.0055997571352951764,-0.0029591698233359578
Vac_65,65,RZV_2d,2024,1,dRisk_PHN,-0.009354576449935722,-0.009386431695255744,-0.01127688748948456,-0.007235611347261767
Vac_65,65,RZV_2d,2024,1,dRisk_Death,-7.961970770367173e-5,-7.941334269425862e-5,-1.08062686937441e-4,-5.2011164566386845e-5
Vac_65,65,RZV_2d,2024,1,dQ_Life,3.918797730973607e-4,3.918732263921143e-4,2.7819368419663705e-4,5.061691954867608e-4
Vac_65,65,RZV_2d,2024,1,dQ_HZ,0.01744012740698581,0.01746156023914363,0.013650630066180907,0.02119699466736307
Vac_65,65,RZV_2d,2024,1,dQ_HZ_Norm,0.006030288759497657,0.006028969298930741,0.00479285473709838,0.007347500724523138
Vac_65,65,RZV_2d,2024,1,dQ_All,0.01782693885049386,0.017846110922244307,0.013927579066034212,0.021654049950430743
Vac_65,65,RZV_2d,2024,1,dQ_HZ_d,0.014738625140603074,0.01476178825862711,0.011712310142510288,0.01773261507302944
Vac_65,65,RZV_2d,2024,1,dQ_HZ_Norm_d,0.005168865636681733,0.0051666372709061785,0.004162941141522898,0.006233473693712729
Vac_65,65,RZV_2d,2024,1,dQ_Life_d,2.8039829364322075e-4,2.806463726710007e-4,2.017977156769657e-4,3.583199211671049e-4
Vac_65,65,RZV_2d,2024,1,dQ_All_d,0.015019023434246232,0.015048108613305189,0.01193102160564612,0.018053121979143678
Vac_65,65,RZV_2d,2024,1,dC_Hosp,-17.66577026208295,-17.631745322611685,-23.60076598259418,-12.115828687698716
Vac_65,65,RZV_2d,2024,1,dC_GP_NonPHN,-14.64206682491628,-14.705501116107847,-17.13166407662301,-11.805630391389451
Vac_65,65,RZV_2d,2024,1,dC_GP_PHN,-5.165928070065851,-5.189219432496641,-6.274704371383299,-3.966488648524521
Vac_65,65,RZV_2d,2024,1,dC_GP,-19.807994894982134,-19.91407702219524,-23.242540664237694,-15.87002556709579
Vac_65,65,RZV_2d,2024,1,dC_Med,-37.47376515706508,-37.54061120258943,-46.43398194246331,-28.255125852964678
Vac_65,65,RZV_2d,2024,1,dC_VacZVL,0,0,0,0
Vac_65,65,RZV_2d,2024,1,dC_VacRZV,170,170,170,170
Vac_65,65,RZV_2d,2024,1,dC_Vac,170,170,170,170
Vac_65,65,RZV_2d,2024,1,dC_All,132.5262348429349,132.45938879741055,123.5660180575367,141.74487414703532
Vac_65,65,RZV_2d,2024,1,dC_Hosp_d,-13.654245448619792,-13.631928167215062,-18.100992851870224,-9.538714903327534
Vac_65,65,RZV_2d,2024,1,dC_GP_NonPHN_d,-12.54865264427404,-12.604892563542709,-14.516802091028248,-10.302145053885946
Vac_65,65,RZV_2d,2024,1,dC_GP_PHN_d,-4.320144051654859,-4.338404328455493,-5.206344834138879,-3.3728930516210065
Vac_65,65,RZV_2d,2024,1,dC_GP_d,-16.8687966959289,-16.96485183754283,-19.55604633302534,-13.719288340035524
Vac_65,65,RZV_2d,2024,1,dC_Med_d,-30.52304214454869,-30.60142390146665,-37.29125691558448,-23.472095987420158
Vac_65,65,RZV_2d,2024,1,dC_VacZVL_d,0,0,0,0
Vac_65,65,RZV_2d,2024,1,dC_VacRZV_d,170,170,170,170
Vac_65,65,RZV_2d,2024,1,dC_Vac_d,170,170,170,170
Vac_65,65,RZV_2d,2024,1,dC_All_d,139.4769578554513,139.39857609853334,132.7087430844155,146.52790401257985
Vac_65,65,RZV_2d,2024,1,dN_VacZVL,0,0,0,0
Vac_65,65,RZV_2d,2024,1,dN_VacRZV,2,2,2,2
Vac_65,65,RZV_2d,2024,1,dN_VacZVL_d,0,0,0,0
Vac_65,65,RZV_2d,2024,1,dN_VacRZV_d,2,2,2,2
Vac_65,65,RZV_2d,2024,1,ICER,9415.741389974863,9270.29367198762,7443.637962360706,12250.96180481501
Vac_65,65,RZV_2d,2024,1,Price0,85,85,85,85
Vac_65,65,RZV_2d,2024,1,Thres20,165.45175541473665,165.62263094993386,131.3240634175794,198.11494393597008
Vac_65,65,RZV_2d,2024,1,Thres30,240.54687258596783,240.89611576030057,190.99775528398794,288.37747655644705
Vac_65,65,RZV_2d,2024,1,Thres20_50,NA,165.62263094993386,NA,NA
Vac_65,65,RZV_2d,2024,1,Thres30_90,NA,207.63169657925704,NA,NA
Vac_65,65,RZV_2d,2024,1,Thres,NA,165.62263094993386,NA,NA
Vac_66,66,RZV_1d,2024,1,dYear_Life,5.559360623943981e-4,5.570360265281238e-4,4.0251520169958254e-4,7.093862340330936e-4
Vac_66,66,RZV_1d,2024,1,dYear_Immunised,14.460100799217711,14.51163113920294,11.954870166338415,16.722715925396592
Vac_66,66,RZV_1d,2024,1,dRisk_HZ,-0.12175910593648649,-0.12221264125991216,-0.14205702475476722,-0.09896633498864656
Vac_66,66,RZV_1d,2024,1,dRisk_Hosp,-0.004171413569011921,-0.004154948177225171,-0.005378238039287539,-0.0029728839723317142
Vac_66,66,RZV_1d,2024,1,dRisk_PHN,-0.009061898756394723,-0.009085963340972187,-0.010767981769892312,-0.007130993373532807
Vac_66,66,RZV_1d,2024,1,dRisk_Death,-7.905262497654029e-5,-7.905329471765652e-5,-1.0474411339299814e-4,-5.3408660762577406e-5
Vac_66,66,RZV_1d,2024,1,dQ_Life,3.8591553665805287e-4,3.864210532826817e-4,2.806255679322245e-4,4.903645926511935e-4
Vac_66,66,RZV_1d,2024,1,dQ_HZ,0.0166759500539484,0.01669873211599409,0.013114004560873634,0.020184715003942245
Vac_66,66,RZV_1d,2024,1,dQ_HZ_Norm,0.005711929059141778,0.0056928767333187524,0.004566616480503016,0.006883529548164416
Vac_66,66,RZV_1d,2024,1,dQ_All,0.01705682245852614,0.017093796574278564,0.013409305404136028,0.020601741146340256
Vac_66,66,RZV_1d,2024,1,dQ_HZ_d,0.014189756046634671,0.014208831135876579,0.011279878093586727,0.016996601384308127
Vac_66,66,RZV_1d,2024,1,dQ_HZ_Norm_d,0.0049249458261237935,0.004909468299174809,0.003990412350193814,0.005887888063600154
Vac_66,66,RZV_1d,2024,1,dQ_Life_d,2.796602870883644e-4,2.799272658071672e-4,2.0562721571653063e-4,3.532457744550576e-4
Vac_66,66,RZV_1d,2024,1,dQ_All_d,0.014469416333723067,0.014497296323494169,0.011512555710920537,0.01732064335214822
Vac_66,66,RZV_1d,2024,1,dC_Hosp,-17.441414891613885,-17.382724975692618,-22.746580371439247,-12.25831305952275
Vac_66,66,RZV_1d,2024,1,dC_GP_NonPHN,-13.881877793523559,-13.933270197157759,-16.156001196951888,-11.345739836219566
Vac_66,66,RZV_1d,2024,1,dC_GP_PHN,-4.999959902229517,-5.022631463254546,-6.019933873955558,-3.9245380945856274
Vac_66,66,RZV_1d,2024,1,dC_GP,-18.881837695753077,-18.95077168334514,-21.970600305529963,-15.279137376376296
Vac_66,66,RZV_1d,2024,1,dC_Med,-36.32325258736696,-36.33332434094841,-44.470648093554296,-27.837611455697246
Vac_66,66,RZV_1d,2024,1,dC_VacZVL,0,0,0,0
Vac_66,66,RZV_1d,2024,1,dC_VacRZV,85,85,85,85
Vac_66,66,RZV_1d,2024,1,dC_Vac,85,85,85,85
Vac_66,66,RZV_1d,2024,1,dC_All,48.67674741263304,48.66667565905159,40.5293519064457,57.16238854430275
Vac_66,66,RZV_1d,2024,1,dC_Hosp_d,-13.643239654048816,-13.605947676420715,-17.661940206234032,-9.695610547666272
Vac_66,66,RZV_1d,2024,1,dC_GP_NonPHN_d,-11.969428960496886,-12.02109406646401,-13.790372109255022,-9.92504643910786
Vac_66,66,RZV_1d,2024,1,dC_GP_PHN_d,-4.218214163827386,-4.237650569424121,-5.037267304292659,-3.357833500188272
Vac_66,66,RZV_1d,2024,1,dC_GP_d,-16.187643124324275,-16.260435016000486,-18.700628399632066,-13.286054508566288
Vac_66,66,RZV_1d,2024,1,dC_Med_d,-29.83088277837309,-29.842967965834227,-36.10713961230161,-23.264113192654502
Vac_66,66,RZV_1d,2024,1,dC_VacZVL_d,0,0,0,0
Vac_66,66,RZV_1d,2024,1,dC_VacRZV_d,85,85,85,85
Vac_66,66,RZV_1d,2024,1,dC_Vac_d,85,85,85,85
Vac_66,66,RZV_1d,2024,1,dC_All_d,55.16911722162691,55.15703203416577,48.89286038769839,61.735886807345494
Vac_66,66,RZV_1d,2024,1,dN_VacZVL,0,0,0,0
Vac_66,66,RZV_1d,2024,1,dN_VacRZV,1,1,1,1
Vac_66,66,RZV_1d,2024,1,dN_VacZVL_d,0,0,0,0
Vac_66,66,RZV_1d,2024,1,dN_VacRZV_d,1,1,1,1
Vac_66,66,RZV_1d,2024,1,ICER,3874.1409970735285,3788.6914699853114,2869.03465889101,5281.951126986138
Vac_66,66,RZV_1d,2024,1,Price0,85,85,85,85
Vac_66,66,RZV_1d,2024,1,Thres20,319.21920945283443,319.94006485573266,255.24461415386966,380.74661684972625
Vac_66,66,RZV_1d,2024,1,Thres30,463.91337279006507,464.9593667799834,371.054140321019,554.1675964892264
Vac_66,66,RZV_1d,2024,1,Thres20_50,NA,319.94006485573266,NA,NA
Vac_66,66,RZV_1d,2024,1,Thres30_90,NA,403.199715258458,NA,NA
Vac_66,66,RZV_1d,2024,1,Thres,NA,319.94006485573266,NA,NA
Vac_66,66,RZV_2d,2024,1,dYear_Life,5.741167696144736e-4,5.747031613836384e-4,4.131368956708847e-4,7.362426616649208e-4
Vac_66,66,RZV_2d,2024,1,dYear_Immunised,14.923581974119625,14.993169756138935,12.301619616574252,17.178590642549953
Vac_66,66,RZV_2d,2024,1,dRisk_HZ,-0.1256712741882183,-0.12642837268721968,-0.14681569574282485,-0.10158836393142134
Vac_66,66,RZV_2d,2024,1,dRisk_Hosp,-0.004308283977786854,-0.004297173364773733,-0.00564124196663194,-0.0030516355657496073
Vac_66,66,RZV_2d,2024,1,dRisk_PHN,-0.009354119023174307,-0.0093776420664705,-0.011194833430581492,-0.007302961296170866
Vac_66,66,RZV_2d,2024,1,dRisk_Death,-8.166857141597903e-5,-8.151839110382176e-5,-1.0951808002398763e-4,-5.418586032204017e-5
Vac_66,66,RZV_2d,2024,1,dQ_Life,3.9852359163791815e-4,3.9921730349146145e-4,2.8810271202224237e-4,5.09039299321845e-4
Vac_66,66,RZV_2d,2024,1,dQ_HZ,0.017212681117007682,0.017228587736168633,0.013541173691845319,0.02083096955471156
Vac_66,66,RZV_2d,2024,1,dQ_HZ_Norm,0.00589510303435455,0.005892451037126477,0.004708411059100517,0.007152525637741344
Vac_66,66,RZV_2d,2024,1,dQ_All,0.017605991752219066,0.017627250727635158,0.013867511341428516,0.021295605323895867
Vac_66,66,RZV_2d,2024,1,dQ_HZ_d,0.014645100992645491,0.014666587774738272,0.011689855843869378,0.01753773690126344
Vac_66,66,RZV_2d,2024,1,dQ_HZ_Norm_d,0.005082435674033295,0.005074739462261127,0.0041207226103505985,0.006110743584445161
Vac_66,66,RZV_2d,2024,1,dQ_Life_d,2.8877988492798145e-4,2.893163944364119e-4,2.1085435431862363e-4,3.659286058142806e-4
Vac_66,66,RZV_2d,2024,1,dQ_All_d,0.014933880877573481,0.014948744742000919,0.01192664725249366,0.017896551806809137
Vac_66,66,RZV_2d,2024,1,dC_Hosp,-18.015107210081485,-17.966729736506238,-23.797451477619774,-12.546272369571671
Vac_66,66,RZV_2d,2024,1,dC_GP_NonPHN,-14.327453751567946,-14.393016046086437,-16.672734131401523,-11.670337796761272
Vac_66,66,RZV_2d,2024,1,dC_GP_PHN,-5.160973033963772,-5.181093739259183,-6.221018870249076,-4.007099765634741
Vac_66,66,RZV_2d,2024,1,dC_GP,-19.48842678553172,-19.60977218667702,-22.748598375133444,-15.714756760062288
Vac_66,66,RZV_2d,2024,1,dC_Med,-37.5035339956132,-37.5694818416743,-46.06366949134088,-28.586876961734433
Vac_66,66,RZV_2d,2024,1,dC_VacZVL,0,0,0,0
Vac_66,66,RZV_2d,2024,1,dC_VacRZV,170,170,170,170
Vac_66,66,RZV_2d,2024,1,dC_Vac,170,170,170,170
Vac_66,66,RZV_2d,2024,1,dC_All,132.4964660043868,132.4305181583257,123.93633050865911,141.41312303826555
Vac_66,66,RZV_2d,2024,1,dC_Hosp_d,-14.090661812372815,-14.059817128772654,-18.462227580047777,-9.980894806226841
Vac_66,66,RZV_2d,2024,1,dC_GP_NonPHN_d,-12.352544411902175,-12.407584778300489,-14.224240758629145,-10.190347146965738
Vac_66,66,RZV_2d,2024,1,dC_GP_PHN_d,-4.353697890868576,-4.368901159448447,-5.206061690038494,-3.42982986610744
Vac_66,66,RZV_2d,2024,1,dC_GP_d,-16.70624230277075,-16.789776875653978,-19.266953449640294,-13.682435869839395
Vac_66,66,RZV_2d,2024,1,dC_Med_d,-30.796904115143565,-30.871299179662635,-37.448223352752485,-23.86747364085303
Vac_66,66,RZV_2d,2024,1,dC_VacZVL_d,0,0,0,0
Vac_66,66,RZV_2d,2024,1,dC_VacRZV_d,170,170,170,170
Vac_66,66,RZV_2d,2024,1,dC_Vac_d,170,170,170,170
Vac_66,66,RZV_2d,2024,1,dC_All_d,139.20309588485642,139.12870082033734,132.5517766472475,146.13252635914696
Vac_66,66,RZV_2d,2024,1,dN_VacZVL,0,0,0,0
Vac_66,66,RZV_2d,2024,1,dN_VacRZV,2,2,2,2
Vac_66,66,RZV_2d,2024,1,dN_VacZVL_d,0,0,0,0
Vac_66,66,RZV_2d,2024,1,dN_VacRZV_d,2,2,2,2
Vac_66,66,RZV_2d,2024,1,ICER,9444.151259054539,9292.06495505054,7513.104488968324,12194.630626273109
Vac_66,66,RZV_2d,2024,1,Price0,85,85,85,85
Vac_66,66,RZV_2d,2024,1,Thres20,164.73726083330658,164.93522344286635,131.49652923820975,196.66691199670848
Vac_66,66,RZV_2d,2024,1,Thres30,239.406665221174,239.7434560955026,191.4078289156991,286.25692475429577
Vac_66,66,RZV_2d,2024,1,Thres20_50,NA,164.93522344286635,NA,NA
Vac_66,66,RZV_2d,2024,1,Thres30_90,NA,207.5174160679266,NA,NA
Vac_66,66,RZV_2d,2024,1,Thres,NA,164.93522344286635,NA,NA
Vac_67,67,RZV_1d,2024,1,dYear_Life,5.65538860501281e-4,5.655025008604042e-4,4.150020860489434e-4,7.151211695221703e-4
Vac_67,67,RZV_1d,2024,1,dYear_Immunised,13.984536293531738,14.03075010402321,11.634507950458671,16.10104009696625
Vac_67,67,RZV_1d,2024,1,dRisk_HZ,-0.1192859263848339,-0.11971754563036174,-0.13832926015071198,-0.09782071262754308
Vac_67,67,RZV_1d,2024,1,dRisk_Hosp,-0.0042422642457396985,-0.004226669043671298,-0.005429587704616734,-0.003061246193819822
Vac_67,67,RZV_1d,2024,1,dRisk_PHN,-0.009046621961038606,-0.009075836791957757,-0.010691016804763143,-0.0071994342305114105
Vac_67,67,RZV_1d,2024,1,dRisk_Death,-8.111334463701368e-5,-8.111709211907252e-5,-1.0616040562980192e-4,-5.55542851868605e-5
Vac_67,67,RZV_1d,2024,1,dQ_Life,3.922157512824143e-4,3.9232240497444337e-4,2.89272169132504e-4,4.950301252613531e-4
Vac_67,67,RZV_1d,2024,1,dQ_HZ,0.016433573522425,0.016453749303202665,0.01298196368206898,0.019805878558454015
Vac_67,67,RZV_1d,2024,1,dQ_HZ_Norm,0.005574772902412958,0.005548656662551166,0.004480246346030209,0.006710569873182283
Vac_67,67,RZV_1d,2024,1,dQ_All,0.01682059790773356,0.01684435103741233,0.013296741902199783,0.020261814640328925
Vac_67,67,RZV_1d,2024,1,dQ_HZ_d,0.014076835809539407,0.01410437340508966,0.011245192409507781,0.016823279080221007
Vac_67,67,RZV_1d,2024,1,dQ_HZ_Norm_d,0.0048343227827772,0.004816909482952091,0.003922484779252258,0.0057722381500937975
Vac_67,67,RZV_1d,2024,1,dQ_Life_d,2.877945737683527e-4,2.8778592642098033e-4,2.14341452839939e-4,3.6138506443235126e-4
Vac_67,67,RZV_1d,2024,1,dQ_All_d,0.014364630383307743,0.014390194511776144,0.011480307299035574,0.01719083888610182
Vac_67,67,RZV_1d,2024,1,dC_Hosp,-17.788794875947318,-17.739215687378,-22.947475215575682,-12.662822575086114
Vac_67,67,RZV_1d,2024,1,dC_GP_NonPHN,-13.559963099193235,-13.609925382576705,-15.695085386421521,-11.17119442889247
Vac_67,67,RZV_1d,2024,1,dC_GP_PHN,-4.986501000743427,-5.0051792371434525,-5.961544981158941,-3.931859577259032
Vac_67,67,RZV_1d,2024,1,dC_GP,-18.546464099936664,-18.61934474982708,-21.51771162436492,-15.14247443160352
Vac_67,67,RZV_1d,2024,1,dC_Med,-36.33525897588398,-36.34341525173531,-44.224897160082975,-28.132358170458904
Vac_67,67,RZV_1d,2024,1,dC_VacZVL,0,0,0,0
Vac_67,67,RZV_1d,2024,1,dC_VacRZV,85,85,85,85
Vac_67,67,RZV_1d,2024,1,dC_Vac,85,85,85,85
Vac_67,67,RZV_1d,2024,1,dC_All,48.66474102411602,48.65658474826469,40.77510283991703,56.8676418295411
Vac_67,67,RZV_1d,2024,1,dC_Hosp_d,-14.079872232138136,-14.043575273925043,-18.052363125101245,-10.174229513249967
Vac_67,67,RZV_1d,2024,1,dC_GP_NonPHN_d,-11.760784604562597,-11.80235161513994,-13.501632467772012,-9.811908107461395
Vac_67,67,RZV_1d,2024,1,dC_GP_PHN_d,-4.242744387677412,-4.258932036630231,-5.0389694322836664,-3.387648325591596
Vac_67,67,RZV_1d,2024,1,dC_GP_d,-16.00352899224001,-16.07936493262292,-18.41638471505544,-13.224431575675574
Vac_67,67,RZV_1d,2024,1,dC_Med_d,-30.083401224378147,-30.104683356083026,-36.259974437794206,-23.760091706550163
Vac_67,67,RZV_1d,2024,1,dC_VacZVL_d,0,0,0,0
Vac_67,67,RZV_1d,2024,1,dC_VacRZV_d,85,85,85,85
Vac_67,67,RZV_1d,2024,1,dC_Vac_d,85,85,85,85
Vac_67,67,RZV_1d,2024,1,dC_All_d,54.91659877562186,54.895316643916985,48.74002556220579,61.23990829344984
Vac_67,67,RZV_1d,2024,1,dN_VacZVL,0,0,0,0
Vac_67,67,RZV_1d,2024,1,dN_VacRZV,1,1,1,1
Vac_67,67,RZV_1d,2024,1,dN_VacZVL_d,0,0,0,0
Vac_67,67,RZV_1d,2024,1,dN_VacRZV_d,1,1,1,1
Vac_67,67,RZV_1d,2024,1,ICER,3881.832776143648,3800.7898995886458,2896.214138583498,5267.692857684714
Vac_67,67,RZV_1d,2024,1,Price0,85,85,85,85
Vac_67,67,RZV_1d,2024,1,Thres20,317.376008890533,318.2327066527201,255.33596537707948,378.1684841622733
Vac_67,67,RZV_1d,2024,1,Thres30,461.0223127236104,462.28140995406557,369.8069363287086,549.9629992364172
Vac_67,67,RZV_1d,2024,1,Thres20_50,NA,318.2327066527201,NA,NA
Vac_67,67,RZV_1d,2024,1,Thres30_90,NA,401.64041192778814,NA,NA
Vac_67,67,RZV_1d,2024,1,Thres,NA,318.2327066527201,NA,NA
Vac_67,67,RZV_2d,2024,1,dYear_Life,5.839815137044528e-4,5.855914549410812e-4,4.2650375993318334e-4,7.426059567219311e-4
Vac_67,67,RZV_2d,2024,1,dYear_Immunised,14.432228033165226,14.498825847879477,11.963746397230443,16.54646914831245
Vac_67,67,RZV_2d,2024,1,dRisk_HZ,-0.12311256537973422,-0.12386095795994652,-0.14296450940096428,-0.10029783124171829
Vac_67,67,RZV_2d,2024,1,dRisk_Hosp,-0.004381059661797447,-0.004372558890381165,-0.0056742577649939166,-0.0031537771922417667
Vac_67,67,RZV_2d,2024,1,dRisk_PHN,-0.009337691789801714,-0.009359713339113389,-0.01109360528818258,-0.007386131515537551
Vac_67,67,RZV_2d,2024,1,dRisk_Death,-8.378885538272744e-5,-8.368209045701304e-5,-1.1120372280470456e-4,-5.6595299993193735e-5
Vac_67,67,RZV_2d,2024,1,dQ_Life,4.049940006888777e-4,4.0606458914815846e-4,2.974476054440345e-4,5.130274137433055e-4
Vac_67,67,RZV_2d,2024,1,dQ_HZ,0.01696159125568896,0.016973311181904285,0.013395114591851302,0.020433724072868625
Vac_67,67,RZV_2d,2024,1,dQ_HZ_Norm,0.00575328188555111,0.005747145627116131,0.004634707831301572,0.006958750490747478
Vac_67,67,RZV_2d,2024,1,dQ_All,0.017361219668176997,0.01737651046440014,0.01374551653033409,0.02093626528631525
Vac_67,67,RZV_2d,2024,1,dQ_HZ_d,0.014527860679941126,0.014540705752877033,0.011647047282068779,0.017349194094656673
Vac_67,67,RZV_2d,2024,1,dQ_HZ_Norm_d,0.0049887107448466275,0.004980747532415107,0.004064106046479598,0.0059727775116568
Vac_67,67,RZV_2d,2024,1,dQ_Life_d,2.9715421750132353e-4,2.9772164760633046e-4,2.204654187695887e-4,3.7375749150672096e-4
Vac_67,67,RZV_2d,2024,1,dQ_All_d,0.014825014897442423,0.01484524979078028,0.011906123320972873,0.01770404262986074
Vac_67,67,RZV_2d,2024,1,dC_Hosp,-18.37216485716136,-18.33946990351147,-24.047900282873783,-12.948597438346376
Vac_67,67,RZV_2d,2024,1,dC_GP_NonPHN,-13.99454662853702,-14.055058381373815,-16.203554427884736,-11.477062316373237
Vac_67,67,RZV_2d,2024,1,dC_GP_PHN,-5.146722113053335,-5.164289503042676,-6.160722451296322,-4.042487293150773
Vac_67,67,RZV_2d,2024,1,dC_GP,-19.141268741590356,-19.250579493014172,-22.19989888978857,-15.553834994678748
Vac_67,67,RZV_2d,2024,1,dC_Med,-37.51343359875171,-37.586966290540644,-45.796332063337076,-28.828477207329122
Vac_67,67,RZV_2d,2024,1,dC_VacZVL,0,0,0,0
Vac_67,67,RZV_2d,2024,1,dC_VacRZV,170,170,170,170
Vac_67,67,RZV_2d,2024,1,dC_Vac,170,170,170,170
Vac_67,67,RZV_2d,2024,1,dC_All,132.4865664012483,132.41303370945937,124.20366793666291,141.17152279267088
Vac_67,67,RZV_2d,2024,1,dC_Hosp_d,-14.540289971618682,-14.503267359475558,-18.86711504144797,-10.430913098021664
Vac_67,67,RZV_2d,2024,1,dC_GP_NonPHN_d,-12.136716020662336,-12.188869714479083,-13.90970823728622,-10.100221331910937
Vac_67,67,RZV_2d,2024,1,dC_GP_PHN_d,-4.37873277253881,-4.395525203755072,-5.201830464039885,-3.47559941578644
Vac_67,67,RZV_2d,2024,1,dC_GP_d,-16.515448793201145,-16.611569701013337,-18.95850544957958,-13.626156155467902
Vac_67,67,RZV_2d,2024,1,dC_Med_d,-31.05573876481983,-31.134755940351333,-37.49427246598301,-24.33665265434605
Vac_67,67,RZV_2d,2024,1,dC_VacZVL_d,0,0,0,0
Vac_67,67,RZV_2d,2024,1,dC_VacRZV_d,170,170,170,170
Vac_67,67,RZV_2d,2024,1,dC_Vac_d,170,170,170,170
Vac_67,67,RZV_2d,2024,1,dC_All_d,138.94426123518016,138.8652440596487,132.50572753401698,145.66334734565393
Vac_67,67,RZV_2d,2024,1,dN_VacZVL,0,0,0,0
Vac_67,67,RZV_2d,2024,1,dN_VacRZV,2,2,2,2
Vac_67,67,RZV_2d,2024,1,dN_VacZVL_d,0,0,0,0
Vac_67,67,RZV_2d,2024,1,dN_VacRZV_d,2,2,2,2
Vac_67,67,RZV_2d,2024,1,ICER,9489.573621076126,9353.287917681195,7601.496668930913,12182.623102830301
Vac_67,67,RZV_2d,2024,1,Price0,85,85,85,85
Vac_67,67,RZV_2d,2024,1,Thres20,163.77801835683414,164.0847301907276,131.65992416698037,194.82626518331818
Vac_67,67,RZV_2d,2024,1,Thres30,237.90309284404626,238.1186385874433,191.2950956738056,283.2982628387374
Vac_67,67,RZV_2d,2024,1,Thres20_50,NA,164.0847301907276,NA,NA
Vac_67,67,RZV_2d,2024,1,Thres30_90,NA,207.0974402682527,NA,NA
Vac_67,67,RZV_2d,2024,1,Thres,NA,164.0847301907276,NA,NA
Vac_68,68,RZV_1d,2024,1,dYear_Life,5.74885533949887e-4,5.73856839961806e-4,4.2782788554607265e-4,7.211040655763056e-4
Vac_68,68,RZV_1d,2024,1,dYear_Immunised,13.50703009810102,13.557295485252816,11.301181513897285,15.513682058060171
Vac_68,68,RZV_1d,2024,1,dRisk_HZ,-0.11666082417762612,-0.11715794813780539,-0.13454995419749566,-0.09621632839378555
Vac_68,68,RZV_1d,2024,1,dRisk_Hosp,-0.004311955859940638,-0.004290676129315118,-0.005462485021343485,-0.0031585805988892327
Vac_68,68,RZV_1d,2024,1,dRisk_PHN,-0.009014488381202173,-0.009044208460695686,-0.01061926820243183,-0.007254048630211104
Vac_68,68,RZV_1d,2024,1,dRisk_Death,-8.324343286629672e-5,-8.318298817521232e-5,-1.0829153101017731e-4,-5.786762973429501e-5
Vac_68,68,RZV_1d,2024,1,dQ_Life,3.9829226604834125e-4,3.975381858065674e-4,2.981158598298172e-4,4.979124826550496e-4
Vac_68,68,RZV_1d,2024,1,dQ_HZ,0.0161679880611619,0.016182459835166092,0.0128368652248985,0.019453885061825833
Vac_68,68,RZV_1d,2024,1,dQ_HZ_Norm,0.005431395570238394,0.005405950145129399,0.004375285830367799,0.00651740830320316
Vac_68,68,RZV_1d,2024,1,dQ_All,0.016560932269051257,0.0165812221783872,0.013174049071699568,0.01990932791534501
Vac_68,68,RZV_1d,2024,1,dQ_HZ_d,0.013940345361704756,0.013949095838502845,0.011178222396188398,0.016640555034515076
Vac_68,68,RZV_1d,2024,1,dQ_HZ_Norm_d,0.004736746968057765,0.004716326419877336,0.0038547362305669654,0.005642883051865867
Vac_68,68,RZV_1d,2024,1,dQ_Life_d,2.958731821695579e-4,2.9562332369792443e-4,2.227052186921874e-4,3.686242913625293e-4
Vac_68,68,RZV_1d,2024,1,dQ_All_d,0.014236218543874373,0.014246194335570728,0.011438242124462317,0.016975034505227304
Vac_68,68,RZV_1d,2024,1,dC_Hosp,-18.136063657728197,-18.06274974613748,-23.280880277695484,-13.107076863630281
Vac_68,68,RZV_1d,2024,1,dC_GP_NonPHN,-13.220950119612159,-13.263046801423496,-15.20422605641194,-10.988031004110569
Vac_68,68,RZV_1d,2024,1,dC_GP_PHN,-4.96329917443118,-4.978440592891172,-5.9026796213542445,-3.941204492122557
Vac_68,68,RZV_1d,2024,1,dC_GP,-18.184249294043337,-18.26917611608252,-21.010793716833998,-14.942462564449043
Vac_68,68,RZV_1d,2024,1,dC_Med,-36.320312951771534,-36.32111293246259,-43.9335516715092,-28.4609112257158
Vac_68,68,RZV_1d,2024,1,dC_VacZVL,0,0,0,0
Vac_68,68,RZV_1d,2024,1,dC_VacRZV,85,85,85,85
Vac_68,68,RZV_1d,2024,1,dC_Vac,85,85,85,85
Vac_68,68,RZV_1d,2024,1,dC_All,48.679687048228466,48.67888706753742,41.0664483284908,56.53908877428421
Vac_68,68,RZV_1d,2024,1,dC_Hosp_d,-14.5218189342853,-14.470689552117289,-18.495760962447253,-10.644139576200196
Vac_68,68,RZV_1d,2024,1,dC_GP_NonPHN_d,-11.533414191871543,-11.57499077453072,-13.166645429628348,-9.675514823743402
Vac_68,68,RZV_1d,2024,1,dC_GP_PHN_d,-4.258187754121011,-4.270002712202087,-5.043120356217568,-3.428201806597925
Vac_68,68,RZV_1d,2024,1,dC_GP_d,-15.791601945992554,-15.86502232308303,-18.13390921270215,-13.14443669816063
Vac_68,68,RZV_1d,2024,1,dC_Med_d,-30.313420880277853,-30.3211407247331,-36.30246399148595,-24.079360466946657
Vac_68,68,RZV_1d,2024,1,dC_VacZVL_d,0,0,0,0
Vac_68,68,RZV_1d,2024,1,dC_VacRZV_d,85,85,85,85
Vac_68,68,RZV_1d,2024,1,dC_Vac_d,85,85,85,85
Vac_68,68,RZV_1d,2024,1,dC_All_d,54.68657911972215,54.6788592752669,48.69753600851405,60.92063953305333
Vac_68,68,RZV_1d,2024,1,dN_VacZVL,0,0,0,0
Vac_68,68,RZV_1d,2024,1,dN_VacRZV,1,1,1,1
Vac_68,68,RZV_1d,2024,1,dN_VacZVL_d,0,0,0,0
Vac_68,68,RZV_1d,2024,1,dN_VacRZV_d,1,1,1,1
Vac_68,68,RZV_1d,2024,1,ICER,3897.9587656150993,3820.7094724335266,2922.8753780695324,5251.482359893709
Vac_68,68,RZV_1d,2024,1,Price0,85,85,85,85
Vac_68,68,RZV_1d,2024,1,Thres20,315.0377917577653,315.76854056558204,254.07079644924033,374.78477223770386
Vac_68,68,RZV_1d,2024,1,Thres30,457.39997719650904,458.3612339845806,368.4613469217911,544.3360641328584
Vac_68,68,RZV_1d,2024,1,Thres20_50,NA,315.76854056558204,NA,NA
Vac_68,68,RZV_1d,2024,1,Thres30_90,NA,399.87869985286454,NA,NA
Vac_68,68,RZV_1d,2024,1,Thres,NA,315.76854056558204,NA,NA
Vac_68,68,RZV_2d,2024,1,dYear_Life,5.935811262505588e-4,5.947299576902765e-4,4.384122788052558e-4,7.484101010390098e-4
Vac_68,68,RZV_2d,2024,1,dYear_Immunised,13.938909801901325,14.003287507102147,11.636512518604059,15.9012639607975
Vac_68,68,RZV_2d,2024,1,dRisk_HZ,-0.12039739770511491,-0.12106921405949903,-0.13874832841313328,-0.09898179202445699
Vac_68,68,RZV_2d,2024,1,dRisk_Hosp,-0.004452658892203262,-0.004443351278708491,-0.005713383865955861,-0.003253792252992183
Vac_68,68,RZV_2d,2024,1,dRisk_PHN,-0.009303895371109202,-0.009326031770443128,-0.010978849268650856,-0.007441329661346076
Vac_68,68,RZV_2d,2024,1,dRisk_Death,-8.598046791312787e-5,-8.594631035603356e-5,-1.1319613247844634e-4,-5.913405317144124e-5
Vac_68,68,RZV_2d,2024,1,dQ_Life,4.1123306047882393e-4,4.119830923654533e-4,3.059738469407325e-4,5.167227890290338e-4
Vac_68,68,RZV_2d,2024,1,dQ_HZ,0.016686589346327906,0.01669107464693173,0.013250443361968138,0.020051436876574808
Vac_68,68,RZV_2d,2024,1,dQ_HZ_Norm,0.005605056577526171,0.005594595529612181,0.004546233372928414,0.006737105960491388
Vac_68,68,RZV_2d,2024,1,dQ_All,0.01709229547552065,0.017106991305840147,0.01359303071479916,0.02054577451403743
Vac_68,68,RZV_2d,2024,1,dQ_HZ_d,0.014386315875589764,0.01440094055421433,0.01159111891830521,0.017138610762570995
Vac_68,68,RZV_2d,2024,1,dQ_HZ_Norm_d,0.004887820093862502,0.004876238140631516,0.004001964740041161,0.005826871596312696
Vac_68,68,RZV_2d,2024,1,dQ_Life_d,3.054702073403872e-4,3.060149391913569e-4,2.2982324282656562e-4,3.807927133454569e-4
Vac_68,68,RZV_2d,2024,1,dQ_All_d,0.014691786082930149,0.0147018721828589,0.011823493648667282,0.017490015913635523
Vac_68,68,RZV_2d,2024,1,dC_Hosp,-18.729159094200323,-18.67911505905935,-24.276831689595095,-13.395452378466231
Vac_68,68,RZV_2d,2024,1,dC_GP_NonPHN,-13.644029216146487,-13.702763376328235,-15.713443319052512,-11.274521219581397
Vac_68,68,RZV_2d,2024,1,dC_GP_PHN,-5.122431859591533,-5.14080484422097,-6.100827403508326,-4.051286271825403
Vac_68,68,RZV_2d,2024,1,dC_GP,-18.76646107573802,-18.86536538726697,-21.65077263509299,-15.413707544794924
Vac_68,68,RZV_2d,2024,1,dC_Med,-37.49562016993834,-37.56379693708991,-45.45507050691451,-29.145995229766196
Vac_68,68,RZV_2d,2024,1,dC_VacZVL,0,0,0,0
Vac_68,68,RZV_2d,2024,1,dC_VacRZV,170,170,170,170
Vac_68,68,RZV_2d,2024,1,dC_Vac,170,170,170,170
Vac_68,68,RZV_2d,2024,1,dC_All,132.50437983006165,132.43620306291007,124.54492949308548,140.85400477023381
Vac_68,68,RZV_2d,2024,1,dC_Hosp_d,-14.995438436614101,-14.952835086913385,-19.269925076967443,-10.911392290099956
Vac_68,68,RZV_2d,2024,1,dC_GP_NonPHN_d,-11.901581271032633,-11.944745362376247,-13.569067627212164,-9.972599854904162
Vac_68,68,RZV_2d,2024,1,dC_GP_PHN_d,-4.394398860084792,-4.4113845751069345,-5.208894996857675,-3.52008020643526
Vac_68,68,RZV_2d,2024,1,dC_GP_d,-16.295980131117425,-16.384941459874717,-18.611982585306254,-13.560723504929912
Vac_68,68,RZV_2d,2024,1,dC_Med_d,-31.291418567731526,-31.3415113653249,-37.57848977161846,-24.711298501478797
Vac_68,68,RZV_2d,2024,1,dC_VacZVL_d,0,0,0,0
Vac_68,68,RZV_2d,2024,1,dC_VacRZV_d,170,170,170,170
Vac_68,68,RZV_2d,2024,1,dC_Vac_d,170,170,170,170
Vac_68,68,RZV_2d,2024,1,dC_All_d,138.70858143226846,138.65848863467508,132.42151022838155,145.2887014985212
Vac_68,68,RZV_2d,2024,1,dN_VacZVL,0,0,0,0
Vac_68,68,RZV_2d,2024,1,dN_VacRZV,2,2,2,2
Vac_68,68,RZV_2d,2024,1,dN_VacZVL_d,0,0,0,0
Vac_68,68,RZV_2d,2024,1,dN_VacRZV_d,2,2,2,2
Vac_68,68,RZV_2d,2024,1,ICER,9553.63477902524,9414.563803658366,7677.6246935812815,12190.78379920078
Vac_68,68,RZV_2d,2024,1,Price0,85,85,85,85
Vac_68,68,RZV_2d,2024,1,Thres20,162.56357011316726,162.80043381925537,131.189623384047,192.7367524156
Vac_68,68,RZV_2d,2024,1,Thres30,236.02250052781798,236.35701310514673,190.4579115437341,280.26737076610203
Vac_68,68,RZV_2d,2024,1,Thres20_50,NA,162.80043381925537,NA,NA
Vac_68,68,RZV_2d,2024,1,Thres30_90,NA,206.43837784838627,NA,NA
Vac_68,68,RZV_2d,2024,1,Thres,NA,162.80043381925537,NA,NA
Vac_69,69,RZV_1d,2024,1,dYear_Life,5.838948633149723e-4,5.826679545304358e-4,4.392398124476671e-4,7.281608795204341e-4
Vac_69,69,RZV_1d,2024,1,dYear_Immunised,13.027922933169696,13.081288170766234,10.953954054816895,14.912195063692087
Vac_69,69,RZV_1d,2024,1,dRisk_HZ,-0.11389191769968894,-0.11434558439187012,-0.13082652049489624,-0.09450634359846567
Vac_69,69,RZV_1d,2024,1,dRisk_Hosp,-0.004380724349370131,-0.004358825105207325,-0.005518507294538847,-0.003243595399395641
Vac_69,69,RZV_1d,2024,1,dRisk_PHN,-0.008964942140612154,-0.008997157322312021,-0.010534894687655947,-0.007262106437487376
Vac_69,69,RZV_1d,2024,1,dRisk_Death,-8.544273307428225e-5,-8.531290774646134e-5,-1.1011910316088236e-4,-6.0385475545945374e-5
Vac_69,69,RZV_1d,2024,1,dQ_Life,4.040854258883355e-4,4.029613282527933e-4,3.047948748689855e-4,5.027645864529529e-4
Vac_69,69,RZV_1d,2024,1,dQ_HZ,0.015879665972865914,0.015898861820360204,0.01266868333884852,0.019049034727970884
Vac_69,69,RZV_1d,2024,1,dQ_HZ_Norm,0.005282279975780736,0.005259421480300687,0.004272623209279748,0.006308235804648252
Vac_69,69,RZV_1d,2024,1,dQ_All,0.01627823736916952,0.016295488510084333,0.013004290855983846,0.01950357998705634
Vac_69,69,RZV_1d,2024,1,dQ_HZ_d,0.013780424301891189,0.013799738738986949,0.011107131721625162,0.01640472647394079
Vac_69,69,RZV_1d,2024,1,dQ_HZ_Norm_d,0.00463259986689144,0.004620620436884652,0.003774789968954473,0.0055146088924197265
Vac_69,69,RZV_1d,2024,1,dQ_Life_d,3.0384169838035914e-4,3.0320847488241043e-4,2.315399308663313e-4,3.757500344752529e-4
Vac_69,69,RZV_1d,2024,1,dQ_All_d,0.014084266000271583,0.014114045442421563,0.01136554775104015,0.016771622350092216
Vac_69,69,RZV_1d,2024,1,dC_Hosp,-18.483918413490795,-18.41642442577322,-23.61416601185164,-13.516573310866674
Vac_69,69,RZV_1d,2024,1,dC_GP_NonPHN,-12.865930828742263,-12.907298843921492,-14.738127385308495,-10.775762985650081
Vac_69,69,RZV_1d,2024,1,dC_GP_PHN,-4.930055395733967,-4.941587375421236,-5.849770835651575,-3.940294953283787
Vac_69,69,RZV_1d,2024,1,dC_GP,-17.795986224476227,-17.894560320191168,-20.467183562304307,-14.752651288191343
Vac_69,69,RZV_1d,2024,1,dC_Med,-36.27990463796702,-36.32223689578167,-43.63872008616955,-28.630396667259905
Vac_69,69,RZV_1d,2024,1,dC_VacZVL,0,0,0,0
Vac_69,69,RZV_1d,2024,1,dC_VacRZV,85,85,85,85
Vac_69,69,RZV_1d,2024,1,dC_Vac,85,85,85,85
Vac_69,69,RZV_1d,2024,1,dC_All,48.72009536203298,48.67776310421833,41.361279913830465,56.3696033327401
Vac_69,69,RZV_1d,2024,1,dC_Hosp_d,-14.969843312827882,-14.91324835667924,-18.937358093495174,-11.119864242822835
Vac_69,69,RZV_1d,2024,1,dC_GP_NonPHN_d,-11.288140289883028,-11.327965397974978,-12.84895203042271,-9.543956773443977
Vac_69,69,RZV_1d,2024,1,dC_GP_PHN_d,-4.2641295039755605,-4.276278847719729,-5.04312087335914,-3.4402419815100256
Vac_69,69,RZV_1d,2024,1,dC_GP_d,-15.552269793858589,-15.627714333026628,-17.787303651735485,-13.02281036461015
Vac_69,69,RZV_1d,2024,1,dC_Med_d,-30.522113106686472,-30.55187990704625,-36.404878091180294,-24.440807511313988
Vac_69,69,RZV_1d,2024,1,dC_VacZVL_d,0,0,0,0
Vac_69,69,RZV_1d,2024,1,dC_VacRZV_d,85,85,85,85
Vac_69,69,RZV_1d,2024,1,dC_Vac_d,85,85,85,85
Vac_69,69,RZV_1d,2024,1,dC_All_d,54.47788689331353,54.448120092953744,48.5951219088197,60.55919248868601
Vac_69,69,RZV_1d,2024,1,dN_VacZVL,0,0,0,0
Vac_69,69,RZV_1d,2024,1,dN_VacRZV,1,1,1,1
Vac_69,69,RZV_1d,2024,1,dN_VacZVL_d,0,0,0,0
Vac_69,69,RZV_1d,2024,1,dN_VacRZV_d,1,1,1,1
Vac_69,69,RZV_1d,2024,1,ICER,3922.6027445363707,3847.4587843051145,2974.049568950899,5243.612280416047
Vac_69,69,RZV_1d,2024,1,Price0,85,85,85,85
Vac_69,69,RZV_1d,2024,1,Thres20,312.2074331121181,312.89522775530037,253.64409004551646,370.039193787403
Vac_69,69,RZV_1d,2024,1,Thres30,453.05009311483394,454.1322924454329,367.3495291115277,538.0018577643036
Vac_69,69,RZV_1d,2024,1,Thres20_50,NA,312.89522775530037,NA,NA
Vac_69,69,RZV_1d,2024,1,Thres30_90,NA,397.2317961598987,NA,NA
Vac_69,69,RZV_1d,2024,1,Thres,NA,312.89522775530037,NA,NA
Vac_69,69,RZV_2d,2024,1,dYear_Life,6.028319105610613e-4,0.00060373628889287545,4.5160623810334147e-4,7.514638322462905e-4
Vac_69,69,RZV_2d,2024,1,dYear_Immunised,13.443979210945036,13.50105916987033,11.30259173943309,15.264970415022074
Vac_69,69,RZV_2d,2024,1,dRisk_HZ,-0.11753414352324036,-0.1181839619420852,-0.13464156049005346,-0.09744248018984528
Vac_69,69,RZV_2d,2024,1,dRisk_Hosp,-0.00452327605521815,-0.004511481867507954,-0.005747931202296603,-0.0033481829138713474
Vac_69,69,RZV_2d,2024,1,dRisk_PHN,-0.009252136968886096,-0.009272791852934012,-0.010868311472605684,-0.007498596624102696
Vac_69,69,RZV_2d,2024,1,dRisk_Death,-8.824324316641764e-5,-8.833687981349219e-5,-1.1480121709267772e-4,-6.178926503848146e-5
Vac_69,69,RZV_2d,2024,1,dQ_Life,4.17179299378577e-4,4.176185246409503e-4,3.1478702783322983e-4,5.187329904089654e-4
Vac_69,69,RZV_2d,2024,1,dQ_HZ,0.01638816360648832,0.016408512200014526,0.013102989322896982,0.019618981104913325
Vac_69,69,RZV_2d,2024,1,dQ_HZ_Norm,0.005450925380352764,0.005440645513749758,0.0044372074269214455,0.006536889329812104
Vac_69,69,RZV_2d,2024,1,dQ_All,0.016799645074066977,0.01682290942738618,0.013456046827242885,0.02008800778381512
Vac_69,69,RZV_2d,2024,1,dQ_HZ_d,0.014220611560234131,0.014237495991675534,0.011520286800095354,0.01692743374268404
Vac_69,69,RZV_2d,2024,1,dQ_HZ_Norm_d,0.00478015745415088,0.004771424678041237,0.003919757876577731,0.005703141096274878
Vac_69,69,RZV_2d,2024,1,dQ_Life_d,3.136717535770872e-4,3.139807548677709e-4,2.3870679130220116e-4,3.878470195351369e-4
Vac_69,69,RZV_2d,2024,1,dQ_All_d,0.014534283313811238,0.01455542429176937,0.011774217614677784,0.017261026412717897
Vac_69,69,RZV_2d,2024,1,dC_Hosp,-19.086645166313186,-19.046767264197864,-24.55046055106833,-13.875257031507967
Vac_69,69,RZV_2d,2024,1,dC_GP_NonPHN,-13.277036677929551,-13.333987582513494,-15.19241391431488,-11.074624624595266
Vac_69,69,RZV_2d,2024,1,dC_GP_PHN,-5.087784162908709,-5.102704002900362,-6.027626427414725,-4.072263661333796
Vac_69,69,RZV_2d,2024,1,dC_GP,-18.36482084083826,-18.459362900824313,-21.066866864353287,-15.212059702112105
Vac_69,69,RZV_2d,2024,1,dC_Med,-37.451466007151446,-37.54813951961022,-45.132896023128815,-29.33356961856562
Vac_69,69,RZV_2d,2024,1,dC_VacZVL,0,0,0,0
Vac_69,69,RZV_2d,2024,1,dC_VacRZV,170,170,170,170
Vac_69,69,RZV_2d,2024,1,dC_Vac,170,170,170,170
Vac_69,69,RZV_2d,2024,1,dC_All,132.54853399284855,132.45186048038977,124.86710397687116,140.66643038143434
Vac_69,69,RZV_2d,2024,1,dC_Hosp_d,-15.456728476191246,-15.422825171963542,-19.70487544419744,-11.392172306156676
Vac_69,69,RZV_2d,2024,1,dC_GP_NonPHN_d,-11.647997672716345,-11.687036510270357,-13.219389858776488,-9.845203648400762
Vac_69,69,RZV_2d,2024,1,dC_GP_PHN_d,-4.400258445019728,-4.412059441382014,-5.18114566758176,-3.570919325202234
Vac_69,69,RZV_2d,2024,1,dC_GP_d,-16.048256117736074,-16.132283465864383,-18.256521277043824,-13.447415088559204
Vac_69,69,RZV_2d,2024,1,dC_Med_d,-31.50498459392732,-31.57008588889142,-37.54445309894297,-25.047308450403428
Vac_69,69,RZV_2d,2024,1,dC_VacZVL_d,0,0,0,0
Vac_69,69,RZV_2d,2024,1,dC_VacRZV_d,170,170,170,170
Vac_69,69,RZV_2d,2024,1,dC_Vac_d,170,170,170,170
Vac_69,69,RZV_2d,2024,1,dC_All_d,138.4950154060727,138.4299141111086,132.455546901057,144.95269154959658
Vac_69,69,RZV_2d,2024,1,dN_VacZVL,0,0,0,0
Vac_69,69,RZV_2d,2024,1,dN_VacRZV,2,2,2,2
Vac_69,69,RZV_2d,2024,1,dN_VacZVL_d,0,0,0,0
Vac_69,69,RZV_2d,2024,1,dN_VacRZV_d,2,2,2,2
Vac_69,69,RZV_2d,2024,1,ICER,9636.756359227742,9506.34291021332,7765.997001861386,12234.813178989018
Vac_69,69,RZV_2d,2024,1,Price0,85,85,85,85
Vac_69,69,RZV_2d,2024,1,Thres20,161.09532543507603,161.48426290026862,130.73782414047275,190.75953689737773
Vac_69,69,RZV_2d,2024,1,Thres30,233.76674200413223,234.09538567448305,189.8560281670291,276.7908650953386
Vac_69,69,RZV_2d,2024,1,Thres20_50,NA,161.48426290026862,NA,NA
Vac_69,69,RZV_2d,2024,1,Thres30_90,NA,205.02731508765433,NA,NA
Vac_69,69,RZV_2d,2024,1,Thres,NA,161.48426290026862,NA,NA
Vac_70,70,RZV_1d,2024,1,dYear_Life,5.924756446560391e-4,5.914003973845894e-4,4.4998347163449637e-4,7.350285487345509e-4
Vac_70,70,RZV_1d,2024,1,dYear_Immunised,12.54759223037795,12.604798836037805,10.571957448670853,14.301550553940697
Vac_70,70,RZV_1d,2024,1,dRisk_HZ,-0.11095053857818937,-0.11143146672227229,-0.1269761548339999,-0.09274012288659632
Vac_70,70,RZV_1d,2024,1,dRisk_Hosp,-0.004448110306520619,-0.004430631323170516,-0.00558600627456317,-0.003331188041475902
Vac_70,70,RZV_1d,2024,1,dRisk_PHN,-0.008893316145704632,-0.008914068210648239,-0.010387900344596582,-0.0072767254830159896
Vac_70,70,RZV_1d,2024,1,dRisk_Death,-8.771019917728671e-5,-8.763088241924756e-5,-1.1218286429251335e-4,-6.298370458934976e-5
Vac_70,70,RZV_1d,2024,1,dQ_Life,4.0952879550600584e-4,4.0836690880485804e-4,3.12615437019792e-4,5.057035401347496e-4
Vac_70,70,RZV_1d,2024,1,dQ_HZ,0.015564601293755052,0.015580798603491132,0.012480543516071238,0.018613338233557517
Vac_70,70,RZV_1d,2024,1,dQ_HZ_Norm,0.005126108523272753,0.005108521781261612,0.004161997273893495,0.006111413699077095
Vac_70,70,RZV_1d,2024,1,dQ_All,0.015968439875746667,0.015994234171565758,0.01282333639017512,0.01908638314459332
Vac_70,70,RZV_1d,2024,1,dQ_HZ_d,0.013592665646391054,0.013615132805258928,0.011013388548775935,0.01613023314582865
Vac_70,70,RZV_1d,2024,1,dQ_HZ_Norm_d,0.004520440029926813,0.004506405440565747,0.003683912149383366,0.005366731242684366
Vac_70,70,RZV_1d,2024,1,dQ_Life_d,3.116381842734821e-4,3.1095095483735236e-4,2.400747271937398e-4,3.836024051686149e-4
Vac_70,70,RZV_1d,2024,1,dQ_All_d,0.013904303830664488,0.013930854974329776,0.0112595002011751,0.016497159919764793
Vac_70,70,RZV_1d,2024,1,dC_Hosp,-18.830653169929572,-18.78007839660404,-23.84897558765247,-13.93245241456626
Vac_70,70,RZV_1d,2024,1,dC_GP_NonPHN,-12.491877123123198,-12.542324443195305,-14.269747766858051,-10.519224826613115
Vac_70,70,RZV_1d,2024,1,dC_GP_PHN,-4.884096500226788,-4.895241939931292,-5.767698025345,-3.91816835773543
Vac_70,70,RZV_1d,2024,1,dC_GP,-17.375973623349985,-17.45299042322206,-19.93955637608204,-14.490317882869586
Vac_70,70,RZV_1d,2024,1,dC_Med,-36.20662679327956,-36.24624887205118,-43.36821300693856,-28.781801485671703
Vac_70,70,RZV_1d,2024,1,dC_VacZVL,0,0,0,0
Vac_70,70,RZV_1d,2024,1,dC_VacRZV,85,85,85,85
Vac_70,70,RZV_1d,2024,1,dC_Vac,85,85,85,85
Vac_70,70,RZV_1d,2024,1,dC_All,48.79337320672044,48.75375112794882,41.631786993061446,56.21819851432829
Vac_70,70,RZV_1d,2024,1,dC_Hosp_d,-15.422278825135795,-15.378559679563558,-19.407716881101145,-11.57983968297346
Vac_70,70,RZV_1d,2024,1,dC_GP_NonPHN_d,-11.02161294470926,-11.083419512499727,-12.512548422367116,-9.314828431816315
Vac_70,70,RZV_1d,2024,1,dC_GP_PHN_d,-4.257739527173311,-4.272033409096225,-5.02316981145517,-3.4516493105735147
Vac_70,70,RZV_1d,2024,1,dC_GP_d,-15.279352471882572,-15.337490971869306,-17.438756828141344,-12.85496861453501
Vac_70,70,RZV_1d,2024,1,dC_Med_d,-30.701631297018366,-30.736350934039304,-36.45139662547697,-24.869427066326868
Vac_70,70,RZV_1d,2024,1,dC_VacZVL_d,0,0,0,0
Vac_70,70,RZV_1d,2024,1,dC_VacRZV_d,85,85,85,85
Vac_70,70,RZV_1d,2024,1,dC_Vac_d,85,85,85,85
Vac_70,70,RZV_1d,2024,1,dC_All_d,54.298368702981634,54.26364906596069,48.54860337452303,60.130572933673136
Vac_70,70,RZV_1d,2024,1,dN_VacZVL,0,0,0,0
Vac_70,70,RZV_1d,2024,1,dN_VacRZV,1,1,1,1
Vac_70,70,RZV_1d,2024,1,dN_VacZVL_d,0,0,0,0
Vac_70,70,RZV_1d,2024,1,dN_VacRZV_d,1,1,1,1
Vac_70,70,RZV_1d,2024,1,ICER,3958.0803881227,3882.036523485782,3019.2295327025236,5252.753048299764
Vac_70,70,RZV_1d,2024,1,Price0,85,85,85,85
Vac_70,70,RZV_1d,2024,1,Thres20,308.78770791030814,309.4114712016137,251.63688359444288,364.65470644810904
Vac_70,70,RZV_1d,2024,1,Thres30,447.830746216953,448.7458267965005,363.804603779074,530.0329686702212
Vac_70,70,RZV_1d,2024,1,Thres20_50,NA,309.4114712016137,NA,NA
Vac_70,70,RZV_1d,2024,1,Thres30_90,NA,393.72888384940075,NA,NA
Vac_70,70,RZV_1d,2024,1,Thres,NA,309.4114712016137,NA,NA
Vac_70,70,RZV_2d,2024,1,dYear_Life,6.116398872859321e-4,6.130836520128469e-4,4.637795787295396e-4,7.571299462121317e-4
Vac_70,70,RZV_2d,2024,1,dYear_Immunised,12.947826005496196,13.006536092730745,10.960973189277441,14.650232005720964
Vac_70,70,RZV_2d,2024,1,dRisk_HZ,-0.11449349054083885,-0.11506309420355387,-0.13050599651405792,-0.09590573478858751
Vac_70,70,RZV_2d,2024,1,dRisk_Hosp,-0.004592483998675702,-0.004579752595707284,-0.005794475484598942,-0.0034413832178097157
Vac_70,70,RZV_2d,2024,1,dRisk_PHN,-0.00917767115082609,-0.009202885900451822,-0.010700723758413196,-0.007496622510404916
Vac_70,70,RZV_2d,2024,1,dRisk_Death,-9.057609873405139e-5,-9.070359043038693e-5,-1.167840181319523e-4,-6.441190312261679e-5
Vac_70,70,RZV_2d,2024,1,dQ_Life,4.2276426352403984e-4,4.235092646549532e-4,3.220802567952763e-4,5.21787076870206e-4
Vac_70,70,RZV_2d,2024,1,dQ_HZ,0.016062213525821177,0.01607620001221525,0.01292678934774657,0.019195725796331053
Vac_70,70,RZV_2d,2024,1,dQ_HZ_Norm,0.005289541571775439,0.005276024372029284,0.004310498583065516,0.006341413429825488
Vac_70,70,RZV_2d,2024,1,dQ_All,0.016479098537695868,0.016503246842388464,0.013270463649699681,0.019684627738425674
Vac_70,70,RZV_2d,2024,1,dQ_HZ_d,0.014026234019095652,0.014041607193492976,0.01139593313252702,0.016652789375193076
Vac_70,70,RZV_2d,2024,1,dQ_HZ_Norm_d,0.004664248630311347,0.004648001439208299,0.0038410905476231787,0.0055488537064625745
Vac_70,70,RZV_2d,2024,1,dQ_Life_d,3.2169500537113115e-4,3.2167759010626185e-4,2.473264549414989e-4,3.9506321638898e-4
Vac_70,70,RZV_2d,2024,1,dQ_All_d,0.014347929024466763,0.014363901198260365,0.011684553485604843,0.017007816384604357
Vac_70,70,RZV_2d,2024,1,dC_Hosp,-19.443020950525277,-19.399328377552994,-24.77350593346178,-14.355986206010368
Vac_70,70,RZV_2d,2024,1,dC_GP_NonPHN,-12.890464071849745,-12.938341486455869,-14.655358828362271,-10.841062718667333
Vac_70,70,RZV_2d,2024,1,dC_GP_PHN,-5.040060006553628,-5.055211415569327,-5.936479153161606,-4.0697722214324425
Vac_70,70,RZV_2d,2024,1,dC_GP,-17.930524078403373,-18.022224233157395,-20.44519136192808,-14.943950186636618
Vac_70,70,RZV_2d,2024,1,dC_Med,-37.37354502892865,-37.459311673510754,-44.802237339893495,-29.587451911658704
Vac_70,70,RZV_2d,2024,1,dC_VacZVL,0,0,0,0
Vac_70,70,RZV_2d,2024,1,dC_VacRZV,170,170,170,170
Vac_70,70,RZV_2d,2024,1,dC_Vac,170,170,170,170
Vac_70,70,RZV_2d,2024,1,dC_All,132.62645497107135,132.54068832648926,125.1977626601065,140.4125480883413
Vac_70,70,RZV_2d,2024,1,dC_Hosp_d,-15.92259846959096,-15.886015655342561,-20.112826891489945,-11.90751301741853
Vac_70,70,RZV_2d,2024,1,dC_GP_NonPHN_d,-11.372528840995878,-11.408400179086403,-12.838051325707161,-9.68934447027874
Vac_70,70,RZV_2d,2024,1,dC_GP_PHN_d,-4.393430975970869,-4.404453517181361,-5.1483034523008016,-3.5786368679136364
Vac_70,70,RZV_2d,2024,1,dC_GP_d,-15.765959816966749,-15.844079849622162,-17.8663938705485,-13.300350616404721
Vac_70,70,RZV_2d,2024,1,dC_Med_d,-31.688558286557708,-31.77656846216617,-37.628808829319325,-25.473751989114984
Vac_70,70,RZV_2d,2024,1,dC_VacZVL_d,0,0,0,0
Vac_70,70,RZV_2d,2024,1,dC_VacRZV_d,170,170,170,170
Vac_70,70,RZV_2d,2024,1,dC_Vac_d,170,170,170,170
Vac_70,70,RZV_2d,2024,1,dC_All_d,138.3114417134423,138.2234315378338,132.37119117068065,144.526248010885
Vac_70,70,RZV_2d,2024,1,dN_VacZVL,0,0,0,0
Vac_70,70,RZV_2d,2024,1,dN_VacRZV,2,2,2,2
Vac_70,70,RZV_2d,2024,1,dN_VacZVL_d,0,0,0,0
Vac_70,70,RZV_2d,2024,1,dN_VacRZV_d,2,2,2,2
Vac_70,70,RZV_2d,2024,1,ICER,9743.874523667,9614.51007445918,7871.577828941854,12273.175731300002
Vac_70,70,RZV_2d,2024,1,Price0,85,85,85,85
Vac_70,70,RZV_2d,2024,1,Thres20,159.3235693879465,159.58128526787513,130.03827940543502,187.72908770676307
Vac_70,70,RZV_2d,2024,1,Thres30,231.0632145102803,231.44928257096944,188.78976002375404,272.5242879414851
Vac_70,70,RZV_2d,2024,1,Thres20_50,NA,159.58128526787513,NA,NA
Vac_70,70,RZV_2d,2024,1,Thres30_90,NA,203.42370568614024,NA,NA
Vac_70,70,RZV_2d,2024,1,Thres,NA,159.58128526787513,NA,NA
Vac_71,71,RZV_1d,2024,1,dYear_Life,6.00540030801322e-4,5.990511204441162e-4,4.613238052904034e-4,7.404636261878927e-4
Vac_71,71,RZV_1d,2024,1,dYear_Immunised,12.06674027289864,12.124639994387994,10.231281395279646,13.697195192527822
Vac_71,71,RZV_1d,2024,1,dRisk_HZ,-0.10784241116416124,-0.10836880678541264,-0.1226044300420881,-0.09074438922461822
Vac_71,71,RZV_1d,2024,1,dRisk_Hosp,-0.0045124595349777035,-0.004493259690778494,-0.005625003333743016,-0.003432396717803827
Vac_71,71,RZV_1d,2024,1,dRisk_PHN,-0.008802029999906433,-0.008833703966955875,-0.010233119689511478,-0.007242985043444908
Vac_71,71,RZV_1d,2024,1,dRisk_Death,-9.004577725904148e-5,-9.002607935033736e-5,-1.1445641777530073e-4,-6.566576156984292e-5
Vac_71,71,RZV_1d,2024,1,dQ_Life,4.1455845527382264e-4,4.1335532761621607e-4,3.20087516528389e-4,5.100307065842635e-4
Vac_71,71,RZV_1d,2024,1,dQ_HZ,0.015223124929318503,0.015234289704748896,0.012270888966564805,0.01817520001878838
Vac_71,71,RZV_1d,2024,1,dQ_HZ_Norm,0.004963295915190902,0.004946198509860713,0.004024294084376649,0.005918559073847961
Vac_71,71,RZV_1d,2024,1,dQ_All,0.015631805571106213,0.01564154179874766,0.012598976671165253,0.018644287494367615
Vac_71,71,RZV_1d,2024,1,dQ_HZ_d,0.013376943806586689,0.013386940516835283,0.010859561611852883,0.015873733413655236
Vac_71,71,RZV_1d,2024,1,dQ_HZ_Norm_d,0.004400545624627771,0.004390247982474032,0.0035927852909866395,0.00522385014399134
Vac_71,71,RZV_1d,2024,1,dQ_Life_d,3.192000672398132e-4,3.1851616441791464e-4,2.485051732133758e-4,3.90782195032413e-4
Vac_71,71,RZV_1d,2024,1,dQ_All_d,0.013696143873826484,0.013709540096483508,0.011125407956470122,0.016244930024982503
Vac_71,71,RZV_1d,2024,1,dC_Hosp,-19.170234069928124,-19.08767420487276,-24.153728538027067,-14.382416277787398
Vac_71,71,RZV_1d,2024,1,dC_GP_NonPHN,-12.099412174858104,-12.152870681101714,-13.7947541907658,-10.250048035293354
Vac_71,71,RZV_1d,2024,1,dC_GP_PHN,-4.826951227529165,-4.838124450377256,-5.689662741011893,-3.882690033797426
Vac_71,71,RZV_1d,2024,1,dC_GP,-16.92636340238727,-16.985472101738715,-19.39393669624339,-14.178173332899844
Vac_71,71,RZV_1d,2024,1,dC_Med,-36.096597472315395,-36.1292746380082,-43.066886520929685,-29.028303301475084
Vac_71,71,RZV_1d,2024,1,dC_VacZVL,0,0,0,0
Vac_71,71,RZV_1d,2024,1,dC_VacRZV,85,85,85,85
Vac_71,71,RZV_1d,2024,1,dC_Vac,85,85,85,85
Vac_71,71,RZV_1d,2024,1,dC_All,48.903402527684605,48.8707253619918,41.933113479070315,55.97169669852492
Vac_71,71,RZV_1d,2024,1,dC_Hosp_d,-15.872954727923517,-15.81474833165035,-19.895664342885166,-12.019132403216336
Vac_71,71,RZV_1d,2024,1,dC_GP_NonPHN_d,-10.73409654995712,-10.784207976810876,-12.158247838673937,-9.122830492237792
Vac_71,71,RZV_1d,2024,1,dC_GP_PHN_d,-4.240393997116474,-4.24779398865283,-4.990015642861471,-3.449186705286153
Vac_71,71,RZV_1d,2024,1,dC_GP_d,-14.974490547073595,-15.023317979892155,-17.06647185691418,-12.602385069163685
Vac_71,71,RZV_1d,2024,1,dC_Med_d,-30.84744527499711,-30.892103669808968,-36.52637453618738,-25.066365417255987
Vac_71,71,RZV_1d,2024,1,dC_VacZVL_d,0,0,0,0
Vac_71,71,RZV_1d,2024,1,dC_VacRZV_d,85,85,85,85
Vac_71,71,RZV_1d,2024,1,dC_Vac_d,85,85,85,85
Vac_71,71,RZV_1d,2024,1,dC_All_d,54.15255472500289,54.107896330191025,48.47362546381261,59.93363458274401
Vac_71,71,RZV_1d,2024,1,dN_VacZVL,0,0,0,0
Vac_71,71,RZV_1d,2024,1,dN_VacRZV,1,1,1,1
Vac_71,71,RZV_1d,2024,1,dN_VacZVL_d,0,0,0,0
Vac_71,71,RZV_1d,2024,1,dN_VacRZV_d,1,1,1,1
Vac_71,71,RZV_1d,2024,1,ICER,4005.4510406089275,3925.3684656640844,3075.9381877591172,5270.279136521755
Vac_71,71,RZV_1d,2024,1,Price0,85,85,85,85
Vac_71,71,RZV_1d,2024,1,Thres20,304.7703227515268,305.4045453909463,249.1646247410857,359.3217192331124
Vac_71,71,RZV_1d,2024,1,Thres30,441.73176148979167,442.43798025657946,359.8601486200913,522.0237276119808
Vac_71,71,RZV_1d,2024,1,Thres20_50,NA,305.4045453909463,NA,NA
Vac_71,71,RZV_1d,2024,1,Thres30_90,NA,389.9200081960017,NA,NA
Vac_71,71,RZV_1d,2024,1,Thres,NA,305.4045453909463,NA,NA
Vac_71,71,RZV_2d,2024,1,dYear_Life,6.199145683704339e-4,6.203646774070037e-4,4.7698273128493623e-4,7.610652932330098e-4
Vac_71,71,RZV_2d,2024,1,dYear_Immunised,12.451175057499771,12.509195263788108,10.608719142737229,14.029684929858854
Vac_71,71,RZV_2d,2024,1,dRisk_HZ,-0.11128105898266927,-0.11181755104905763,-0.12623982175606824,-0.09391384082834774
Vac_71,71,RZV_2d,2024,1,dRisk_Hosp,-0.004658560995238807,-0.00465188004018978,-0.00584657405448224,-0.003521915817211771
Vac_71,71,RZV_2d,2024,1,dRisk_PHN,-0.009082911254640648,-0.009114376721530875,-0.010559069379085687,-0.0074673983952564405
Vac_71,71,RZV_2d,2024,1,dRisk_Death,-9.297897913912724e-5,-9.304297502193443e-5,-1.1882074235299578e-4,-6.740960330383323e-5
Vac_71,71,RZV_2d,2024,1,dQ_Life,4.2792211377274206e-4,4.278521985625616e-4,3.306733318650945e-4,5.237952788920807e-4
Vac_71,71,RZV_2d,2024,1,dQ_HZ,0.015709046366857004,0.0157242205361859,0.01268161872445402,0.018724198956660408
Vac_71,71,RZV_2d,2024,1,dQ_HZ_Norm,0.0051213187062966025,0.005106239131251798,0.00418075687005539,0.0061202590361374674
Vac_71,71,RZV_2d,2024,1,dQ_All,0.01613089604894991,0.016155395942564432,0.013051617519022552,0.019204409698599354
Vac_71,71,RZV_2d,2024,1,dQ_HZ_d,0.013803019598652107,0.013821090679976552,0.011295596716687223,0.016326128418694612
Vac_71,71,RZV_2d,2024,1,dQ_HZ_Norm_d,0.004540366422348412,0.004524616460996953,0.003737257455983213,0.005387415737566167
Vac_71,71,RZV_2d,2024,1,dQ_Life_d,3.2947547522752527e-4,3.2943407393126733e-4,2.562005430374992e-4,4.014630612445113e-4
Vac_71,71,RZV_2d,2024,1,dQ_All_d,0.014132495073879639,0.01415657132912429,0.011564636955228247,0.01671001650307824
Vac_71,71,RZV_2d,2024,1,dC_Hosp,-19.792013434629517,-19.727923480273926,-25.052676257065507,-14.786432029252246
Vac_71,71,RZV_2d,2024,1,dC_GP_NonPHN,-12.484930180924769,-12.54009741920046,-14.12579308897862,-10.60671226939826
Vac_71,71,RZV_2d,2024,1,dC_GP_PHN,-4.980788718660406,-4.996062318839326,-5.834981804741579,-4.049407110620153
Vac_71,71,RZV_2d,2024,1,dC_GP,-17.465718899585173,-17.543148408496705,-19.856096185115568,-14.67294814627124
Vac_71,71,RZV_2d,2024,1,dC_Med,-37.257732334214694,-37.38533605056158,-44.47946776300934,-29.75756838424118
Vac_71,71,RZV_2d,2024,1,dC_VacZVL,0,0,0,0
Vac_71,71,RZV_2d,2024,1,dC_VacRZV,170,170,170,170
Vac_71,71,RZV_2d,2024,1,dC_Vac,170,170,170,170
Vac_71,71,RZV_2d,2024,1,dC_All,132.7422676657853,132.6146639494384,125.52053223699066,140.24243161575885
Vac_71,71,RZV_2d,2024,1,dC_Hosp_d,-16.386633215686363,-16.325869640236476,-20.650195477149197,-12.390660507437659
Vac_71,71,RZV_2d,2024,1,dC_GP_NonPHN_d,-11.075423690335858,-11.118476168150398,-12.467959617297943,-9.505313990149459
Vac_71,71,RZV_2d,2024,1,dC_GP_PHN_d,-4.375288072154194,-4.384768535610159,-5.1090087749881485,-3.5855948911816355
Vac_71,71,RZV_2d,2024,1,dC_GP_d,-15.450711762490052,-15.518433075884946,-17.445995508801875,-13.104101985823966
Vac_71,71,RZV_2d,2024,1,dC_Med_d,-31.837344978176414,-31.92715171409004,-37.65621378854418,-25.759229623168476
Vac_71,71,RZV_2d,2024,1,dC_VacZVL_d,0,0,0,0
Vac_71,71,RZV_2d,2024,1,dC_VacRZV_d,170,170,170,170
Vac_71,71,RZV_2d,2024,1,dC_Vac_d,170,170,170,170
Vac_71,71,RZV_2d,2024,1,dC_All_d,138.16265502182358,138.07284828590994,132.34378621145586,144.24077037683153
Vac_71,71,RZV_2d,2024,1,dN_VacZVL,0,0,0,0
Vac_71,71,RZV_2d,2024,1,dN_VacRZV,2,2,2,2
Vac_71,71,RZV_2d,2024,1,dN_VacZVL_d,0,0,0,0
Vac_71,71,RZV_2d,2024,1,dN_VacRZV_d,2,2,2,2
Vac_71,71,RZV_2d,2024,1,ICER,9877.107516950176,9760.968176452952,8014.300186687305,12391.588209166055
Vac_71,71,RZV_2d,2024,1,Price0,85,85,85,85
Vac_71,71,RZV_2d,2024,1,Thres20,157.2436232278846,157.60475884070084,129.10983056236097,184.89034645964216
Vac_71,71,RZV_2d,2024,1,Thres30,227.90609859728278,228.19930941614393,187.0684875567251,268.5409542798773
Vac_71,71,RZV_2d,2024,1,Thres20_50,NA,157.60475884070084,NA,NA
Vac_71,71,RZV_2d,2024,1,Thres30_90,NA,201.4100845147368,NA,NA
Vac_71,71,RZV_2d,2024,1,Thres,NA,157.60475884070084,NA,NA
Vac_72,72,RZV_1d,2024,1,dYear_Life,6.08011743621411e-4,6.060944672983126e-4,4.7134061772253767e-4,7.454042723362253e-4
Vac_72,72,RZV_1d,2024,1,dYear_Immunised,11.586518689568003,11.636162079989935,9.842892355785569,13.108595612586948
Vac_72,72,RZV_1d,2024,1,dRisk_HZ,-0.10458730996761556,-0.10508604862910947,-0.11860905855018995,-0.08834660136504813
Vac_72,72,RZV_1d,2024,1,dRisk_Hosp,-0.004575817274564825,-0.004557347959033647,-0.005661916604873301,-0.003531318180859607
Vac_72,72,RZV_1d,2024,1,dRisk_PHN,-0.008687389516495541,-0.008708878486486809,-0.010057489498926193,-0.00717684829278516
Vac_72,72,RZV_1d,2024,1,dRisk_Death,-9.245165287077934e-5,-9.23053243643972e-5,-1.1658649288183242e-4,-6.842587841712963e-5
Vac_72,72,RZV_1d,2024,1,dQ_Life,4.191186933925879e-4,4.179595950706272e-4,3.2685908228975437e-4,5.12380847601257e-4
Vac_72,72,RZV_1d,2024,1,dQ_HZ,0.014857298629603714,0.014863492604472757,0.012029503539301035,0.017730078045898216
Vac_72,72,RZV_1d,2024,1,dQ_HZ_Norm,0.004794948885562948,0.004784560943666439,0.0038992686674595494,0.005705587163154515
Vac_72,72,RZV_1d,2024,1,dQ_All,0.015270338891448054,0.015286761969877993,0.012373299060608954,0.018170287151052865
Vac_72,72,RZV_1d,2024,1,dQ_HZ_d,0.01313481814012703,0.013144195919554399,0.010688711412234335,0.015598823340166965
Vac_72,72,RZV_1d,2024,1,dQ_HZ_Norm_d,0.00427388011757939,0.004265304296135244,0.003494100042461557,0.005066446132224339
Vac_72,72,RZV_1d,2024,1,dQ_Life_d,3.2646873870628836e-4,3.255694396644415e-4,2.566882866209319e-4,3.973374215997971e-4
Vac_72,72,RZV_1d,2024,1,dQ_All_d,0.013461286878833327,0.013474854020453009,0.010976280065483613,0.01594659944266379
Vac_72,72,RZV_1d,2024,1,dC_Hosp,-19.509922212196695,-19.418539595197345,-24.388587492404056,-14.82147862238037
Vac_72,72,RZV_1d,2024,1,dC_GP_NonPHN,-11.691268698181432,-11.736809340481873,-13.281153647425421,-9.91934376953097
Vac_72,72,RZV_1d,2024,1,dC_GP_PHN,-4.756411027038816,-4.7657604771116455,-5.587316638638469,-3.8585798470423645
Vac_72,72,RZV_1d,2024,1,dC_GP,-16.447679725220247,-16.49675880440542,-18.735656340877988,-13.839070187621772
Vac_72,72,RZV_1d,2024,1,dC_Med,-35.95760193741694,-35.987178338798316,-42.67372120671056,-29.177116117540137
Vac_72,72,RZV_1d,2024,1,dC_VacZVL,0,0,0,0
Vac_72,72,RZV_1d,2024,1,dC_VacRZV,85,85,85,85
Vac_72,72,RZV_1d,2024,1,dC_Vac,85,85,85,85
Vac_72,72,RZV_1d,2024,1,dC_All,49.04239806258306,49.01282166120168,42.32627879328944,55.82288388245987
Vac_72,72,RZV_1d,2024,1,dC_Hosp_d,-16.32897404891024,-16.246755637398664,-20.38409947828763,-12.51222942334177
Vac_72,72,RZV_1d,2024,1,dC_GP_NonPHN_d,-10.427948730829904,-10.465877430071362,-11.79154312255113,-8.855849634461757
Vac_72,72,RZV_1d,2024,1,dC_GP_PHN_d,-4.20967675706802,-4.217485459286443,-4.939498989570106,-3.430515257814279
Vac_72,72,RZV_1d,2024,1,dC_GP_d,-14.637625487897925,-14.685842906613946,-16.596429263997692,-12.346162079677972
Vac_72,72,RZV_1d,2024,1,dC_Med_d,-30.96659953680816,-31.01137862564143,-36.50977490016626,-25.318415551426135
Vac_72,72,RZV_1d,2024,1,dC_VacZVL_d,0,0,0,0
Vac_72,72,RZV_1d,2024,1,dC_VacRZV_d,85,85,85,85
Vac_72,72,RZV_1d,2024,1,dC_Vac_d,85,85,85,85
Vac_72,72,RZV_1d,2024,1,dC_All_d,54.03340046319184,53.98862137435857,48.490225099833744,59.681584448573865
Vac_72,72,RZV_1d,2024,1,dN_VacZVL,0,0,0,0
Vac_72,72,RZV_1d,2024,1,dN_VacRZV,1,1,1,1
Vac_72,72,RZV_1d,2024,1,dN_VacZVL_d,0,0,0,0
Vac_72,72,RZV_1d,2024,1,dN_VacRZV_d,1,1,1,1
Vac_72,72,RZV_1d,2024,1,ICER,4064.5471181546586,3992.1785998507057,3136.1856185523775,5319.963512510278
Vac_72,72,RZV_1d,2024,1,Price0,85,85,85,85
Vac_72,72,RZV_1d,2024,1,Thres20,300.1923371134747,300.89899667659904,245.95008569019444,353.02766522488946
Vac_72,72,RZV_1d,2024,1,Thres30,434.805205901808,435.6944866831922,355.7599140395521,512.828340550393
Vac_72,72,RZV_1d,2024,1,Thres20_50,NA,300.89899667659904,NA,NA
Vac_72,72,RZV_1d,2024,1,Thres30_90,NA,384.86161195027404,NA,NA
Vac_72,72,RZV_1d,2024,1,Thres,NA,300.89899667659904,NA,NA
Vac_72,72,RZV_2d,2024,1,dYear_Life,6.275774299878272e-4,6.273132635010725e-4,4.8733345541087655e-4,7.642093708125407e-4
Vac_72,72,RZV_2d,2024,1,dYear_Immunised,11.95521473645735,12.010074432460247,10.256457452878411,13.398671775158622
Vac_72,72,RZV_2d,2024,1,dRisk_HZ,-0.10791752462182559,-0.10838963704291382,-0.12175578148733796,-0.0917662737067274
Vac_72,72,RZV_2d,2024,1,dRisk_Hosp,-0.004723614337147869,-0.004709675382504417,-0.0058686731380159455,-0.003622857446314659
Vac_72,72,RZV_2d,2024,1,dRisk_PHN,-0.0089640519152153,-0.008996183875039959,-0.01036450967442821,-0.00743916608290311
Vac_72,72,RZV_2d,2024,1,dRisk_Death,-9.545414319732792e-5,-9.549742048707961e-5,-1.206752766788001e-4,-7.035073118950655e-5
Vac_72,72,RZV_2d,2024,1,dQ_Life,4.325954982829128e-4,4.3253493966766143e-4,3.3671154658754254e-4,5.25601294556477e-4
Vac_72,72,RZV_2d,2024,1,dQ_HZ,0.015330824971644466,0.015336218288626134,0.012468205065213811,0.018206168421963275
Vac_72,72,RZV_2d,2024,1,dQ_HZ_Norm,0.0049474114917642305,0.004930745405694781,0.0040499978343423665,0.005897307612384612
Vac_72,72,RZV_2d,2024,1,dQ_All,0.015757141445908125,0.015758879076667398,0.012833673011435875,0.018680055640782543
Vac_72,72,RZV_2d,2024,1,dQ_HZ_d,0.013552613427078421,0.013568963607710937,0.011127887804339959,0.016014570050074003
Vac_72,72,RZV_2d,2024,1,dQ_HZ_Norm_d,0.0044095180405487894,0.004392568194398787,0.003643737221705887,0.005226125026365167
Vac_72,72,RZV_2d,2024,1,dQ_Life_d,3.369527840508519e-4,3.368780373236291e-4,2.6484565058844113e-4,4.0821717314205587e-4
Vac_72,72,RZV_2d,2024,1,dQ_All_d,0.013889566211129292,0.01390224091588621,0.011419183051577431,0.01637048325961197
Vac_72,72,RZV_2d,2024,1,dC_Hosp,-20.141102190447256,-20.067144909732534,-25.352981495411946,-15.219594269913713
Vac_72,72,RZV_2d,2024,1,dC_GP_NonPHN,-12.063288996718711,-12.114950823116862,-13.59979491515855,-10.3056367561514
Vac_72,72,RZV_2d,2024,1,dC_GP_PHN,-4.907696439947092,-4.91969328480101,-5.726775004655977,-4.024737652890594
Vac_72,72,RZV_2d,2024,1,dC_GP,-16.970985436665803,-17.041421743013473,-19.211992829994934,-14.373224269195154
Vac_72,72,RZV_2d,2024,1,dC_Med,-37.11208762711306,-37.22241821725311,-43.99509633211191,-29.84948786505818
Vac_72,72,RZV_2d,2024,1,dC_VacZVL,0,0,0,0
Vac_72,72,RZV_2d,2024,1,dC_VacRZV,170,170,170,170
Vac_72,72,RZV_2d,2024,1,dC_Vac,170,170,170,170
Vac_72,72,RZV_2d,2024,1,dC_All,132.88791237288694,132.7775817827469,126.0049036678881,140.1505121349418
Vac_72,72,RZV_2d,2024,1,dC_Hosp_d,-16.85614799069273,-16.80782487668394,-21.08965469868273,-12.868877948848132
Vac_72,72,RZV_2d,2024,1,dC_GP_NonPHN_d,-10.759150061271345,-10.80152535921716,-12.060580901248361,-9.300117803779072
Vac_72,72,RZV_2d,2024,1,dC_GP_PHN_d,-4.343341445773269,-4.352451813141812,-5.051886065454679,-3.573988570585317
Vac_72,72,RZV_2d,2024,1,dC_GP_d,-15.102491507044613,-15.167979868699103,-16.984114731182455,-12.923940541580269
Vac_72,72,RZV_2d,2024,1,dC_Med_d,-31.958639497737344,-32.03524052789972,-37.605191613369776,-26.02999176234724
Vac_72,72,RZV_2d,2024,1,dC_VacZVL_d,0,0,0,0
Vac_72,72,RZV_2d,2024,1,dC_VacRZV_d,170,170,170,170
Vac_72,72,RZV_2d,2024,1,dC_Vac_d,170,170,170,170
Vac_72,72,RZV_2d,2024,1,dC_All_d,138.04136050226265,137.9647594721003,132.39480838663022,143.97000823765276
Vac_72,72,RZV_2d,2024,1,dN_VacZVL,0,0,0,0
Vac_72,72,RZV_2d,2024,1,dN_VacRZV,2,2,2,2
Vac_72,72,RZV_2d,2024,1,dN_VacZVL_d,0,0,0,0
Vac_72,72,RZV_2d,2024,1,dN_VacRZV_d,2,2,2,2
Vac_72,72,RZV_2d,2024,1,ICER,10036.832389175821,9917.150024246075,8194.746619350171,12522.633164433615
Vac_72,72,RZV_2d,2024,1,Price0,85,85,85,85
Vac_72,72,RZV_2d,2024,1,Thres20,154.8749818601616,155.0611243967897,127.5638554845997,181.9882092439477
Vac_72,72,RZV_2d,2024,1,Thres30,224.32281291580804,224.5604204562319,184.71010681371425,263.9393773894371
Vac_72,72,RZV_2d,2024,1,Thres20_50,NA,155.0611243967897,NA,NA
Vac_72,72,RZV_2d,2024,1,Thres30_90,NA,198.84370336689503,NA,NA
Vac_72,72,RZV_2d,2024,1,Thres,NA,155.0611243967897,NA,NA
Vac_73,73,RZV_1d,2024,1,dYear_Life,6.147946004273583e-4,6.130558916241924e-4,4.8280140975531793e-4,7.499109669721005e-4
Vac_73,73,RZV_1d,2024,1,dYear_Immunised,11.107887788795836,11.157186673059677,9.471019682696607,12.532585496162193
Vac_73,73,RZV_1d,2024,1,dRisk_HZ,-0.10120107639333907,-0.10157975418211526,-0.11431361219362535,-0.08582134332389782
Vac_73,73,RZV_1d,2024,1,dRisk_Hosp,-0.00463619467798425,-0.004613817695367141,-0.005720489400136454,-0.0036054909229879394
Vac_73,73,RZV_1d,2024,1,dRisk_PHN,-0.008541725464684534,-0.008548113847426014,-0.00987911739604053,-0.007072422345181437
Vac_73,73,RZV_1d,2024,1,dRisk_Death,-9.492735847996619e-5,-9.461898542445296e-5,-1.1893037029303724e-4,-7.140203632809084e-5
Vac_73,73,RZV_1d,2024,1,dQ_Life,4.231403612953013e-4,4.22092043323552e-4,3.3331266250273827e-4,5.141616357101863e-4
Vac_73,73,RZV_1d,2024,1,dQ_HZ,0.014468806948626893,0.014482075236673393,0.011734228580418195,0.0172253924149896
Vac_73,73,RZV_1d,2024,1,dQ_HZ_Norm,0.004622105680412875,0.004607412183534537,0.0037683333449312767,0.00550589052047274
Vac_73,73,RZV_1d,2024,1,dQ_All,0.014885653504693494,0.01489228061950687,0.012095724465721158,0.0176897125599877
Vac_73,73,RZV_1d,2024,1,dQ_HZ_d,0.012867531752066702,0.012880551424777276,0.010474444625899674,0.015261793357998243
Vac_73,73,RZV_1d,2024,1,dQ_HZ_Norm_d,0.00414136555991281,0.004131248205227467,0.003396321173841935,0.004913429490550688
Vac_73,73,RZV_1d,2024,1,dQ_Life_d,3.3337299695308787e-4,3.320556934740537e-4,2.6446506433495107e-4,4.038264402251191e-4
Vac_73,73,RZV_1d,2024,1,dQ_All_d,0.013200904749019806,0.013211562067595217,0.010774408543246539,0.015630374704076334
Vac_73,73,RZV_1d,2024,1,dC_Hosp,-19.842554811777468,-19.72613775064334,-24.64451854681861,-15.304206200371883
Vac_73,73,RZV_1d,2024,1,dC_GP_NonPHN,-11.27065227653526,-11.309934311361804,-12.761781233718635,-9.566262037645124
Vac_73,73,RZV_1d,2024,1,dC_GP_PHN,-4.668155780478771,-4.685473370869122,-5.456888727268975,-3.8016417455881477
Vac_73,73,RZV_1d,2024,1,dC_GP,-15.938808057014032,-15.981510959581207,-18.05935917593489,-13.405920760444822
Vac_73,73,RZV_1d,2024,1,dC_Med,-35.7813628687915,-35.794541612413894,-42.22907489211096,-29.202618863263844
Vac_73,73,RZV_1d,2024,1,dC_VacZVL,0,0,0,0
Vac_73,73,RZV_1d,2024,1,dC_VacRZV,85,85,85,85
Vac_73,73,RZV_1d,2024,1,dC_Vac,85,85,85,85
Vac_73,73,RZV_1d,2024,1,dC_All,49.218637131208496,49.205458387586106,42.770925107889035,55.79738113673615
Vac_73,73,RZV_1d,2024,1,dC_Hosp_d,-16.782976452188354,-16.69508348306382,-20.79394676640845,-13.044530882823427
Vac_73,73,RZV_1d,2024,1,dC_GP_NonPHN_d,-10.106075343940029,-10.144017118680543,-11.39338517683398,-8.604161370365773
Vac_73,73,RZV_1d,2024,1,dC_GP_PHN_d,-4.161007494142676,-4.174310948855945,-4.8623605029923045,-3.4066959031490156
Vac_73,73,RZV_1d,2024,1,dC_GP_d,-14.267082838082706,-14.30681110269252,-16.113433382857494,-12.033713701901323
Vac_73,73,RZV_1d,2024,1,dC_Med_d,-31.050059290271058,-31.079815229991652,-36.418554691957674,-25.54172901520773
Vac_73,73,RZV_1d,2024,1,dC_VacZVL_d,0,0,0,0
Vac_73,73,RZV_1d,2024,1,dC_VacRZV_d,85,85,85,85
Vac_73,73,RZV_1d,2024,1,dC_Vac_d,85,85,85,85
Vac_73,73,RZV_1d,2024,1,dC_All_d,53.94994070972894,53.92018477000834,48.581445308042326,59.45827098479227
Vac_73,73,RZV_1d,2024,1,dN_VacZVL,0,0,0,0
Vac_73,73,RZV_1d,2024,1,dN_VacRZV,1,1,1,1
Vac_73,73,RZV_1d,2024,1,dN_VacZVL_d,0,0,0,0
Vac_73,73,RZV_1d,2024,1,dN_VacRZV_d,1,1,1,1
Vac_73,73,RZV_1d,2024,1,ICER,4136.623967048972,4063.5180270749215,3197.079024132491,5409.617285241687
Vac_73,73,RZV_1d,2024,1,Price0,85,85,85,85
Vac_73,73,RZV_1d,2024,1,Thres20,295.06815427066715,295.5542216921561,242.58322027339742,346.9917453719215
Vac_73,73,RZV_1d,2024,1,Thres30,427.0772017608652,427.67319319621845,349.8521232135045,502.95986299129953
Vac_73,73,RZV_1d,2024,1,Thres20_50,NA,295.5542216921561,NA,NA
Vac_73,73,RZV_1d,2024,1,Thres30_90,NA,377.9162625629201,NA,NA
Vac_73,73,RZV_1d,2024,1,Thres,NA,295.5542216921561,NA,NA
Vac_73,73,RZV_2d,2024,1,dYear_Life,6.345294205293888e-4,6.343656855980484e-4,4.973428788963119e-4,7.681206191701318e-4
Vac_73,73,RZV_2d,2024,1,dYear_Immunised,11.460935763217735,11.514176229931081,9.899911086125181,12.788323702860577
Vac_73,73,RZV_2d,2024,1,dRisk_HZ,-0.10441895578408562,-0.1048903899675304,-0.11709719593097247,-0.08940795590916731
Vac_73,73,RZV_2d,2024,1,dRisk_Hosp,-0.004785570395133181,-0.004767919164431511,-0.005906073653821507,-0.0037181364021168645
Vac_73,73,RZV_2d,2024,1,dRisk_PHN,-0.008813238965991522,-0.008825633176233277,-0.010125493853349762,-0.00733868022222877
Vac_73,73,RZV_2d,2024,1,dRisk_Death,-9.80011119705337e-5,-9.80512612248617e-5,-1.2311117527150932e-4,-7.344295648442428e-5
Vac_73,73,RZV_2d,2024,1,dQ_Life,4.367132079368368e-4,4.365167309066109e-4,3.4400289704037416e-4,5.274552328486948e-4
Vac_73,73,RZV_2d,2024,1,dQ_HZ,0.014929252892431195,0.014921780822969494,0.012200655766395441,0.017735864977947505
Vac_73,73,RZV_2d,2024,1,dQ_HZ_Norm,0.004768877623812126,0.004750614985984433,0.003923515544878024,0.005681757317466506
Vac_73,73,RZV_2d,2024,1,dQ_All,0.01535946528016067,0.015359003950545791,0.012587610674959704,0.018175193405848455
Vac_73,73,RZV_2d,2024,1,dQ_HZ_d,0.013276263822938896,0.013269930773899008,0.010974363961459248,0.015663634159753956
Vac_73,73,RZV_2d,2024,1,dQ_HZ_Norm_d,0.004272641450329207,0.00425686713559995,0.0035364362422267946,0.005059161152606356
Vac_73,73,RZV_2d,2024,1,dQ_Life_d,3.4405356982572944e-4,3.4372042353680854e-4,2.732218019406929e-4,4.14390026267597e-4
Vac_73,73,RZV_2d,2024,1,dQ_All_d,0.013620317392764645,0.013626184755024084,0.01124827702471891,0.01603358347369119
Vac_73,73,RZV_2d,2024,1,dC_Hosp,-20.48282077353734,-20.43358733142606,-25.664664421346163,-15.674943643573695
Vac_73,73,RZV_2d,2024,1,dC_GP_NonPHN,-11.628807419786783,-11.670555377445567,-13.06090163174398,-10.006786059415697
Vac_73,73,RZV_2d,2024,1,dC_GP_PHN,-4.8163597851138835,-4.822216634175595,-5.59577498259901,-3.975810925330869
Vac_73,73,RZV_2d,2024,1,dC_GP,-16.445167204900667,-16.509254249364183,-18.529511818171322,-14.041840307509304
Vac_73,73,RZV_2d,2024,1,dC_Med,-36.927987978438004,-37.00728339154257,-43.541946497822224,-30.07417027610901
Vac_73,73,RZV_2d,2024,1,dC_VacZVL,0,0,0,0
Vac_73,73,RZV_2d,2024,1,dC_VacRZV,170,170,170,170
Vac_73,73,RZV_2d,2024,1,dC_Vac,170,170,170,170
Vac_73,73,RZV_2d,2024,1,dC_All,133.072012021562,132.99271660845744,126.4580535021778,139.92582972389098
Vac_73,73,RZV_2d,2024,1,dC_Hosp_d,-17.32347030307404,-17.261550231245153,-21.612051449729627,-13.386718898854236
Vac_73,73,RZV_2d,2024,1,dC_GP_NonPHN_d,-10.426665950568495,-10.465977124313056,-11.630742985624632,-9.06350017847063
Vac_73,73,RZV_2d,2024,1,dC_GP_PHN_d,-4.292899550736675,-4.296181872017254,-4.971745183277877,-3.5531611315917653
Vac_73,73,RZV_2d,2024,1,dC_GP_d,-14.719565501305171,-14.76876461952159,-16.495433910562934,-12.659304056548693
Vac_73,73,RZV_2d,2024,1,dC_Med_d,-32.04303580437921,-32.09294956749905,-37.44558754606981,-26.298903205976274
Vac_73,73,RZV_2d,2024,1,dC_VacZVL_d,0,0,0,0
Vac_73,73,RZV_2d,2024,1,dC_VacRZV_d,170,170,170,170
Vac_73,73,RZV_2d,2024,1,dC_Vac_d,170,170,170,170
Vac_73,73,RZV_2d,2024,1,dC_All_d,137.9569641956208,137.90705043250097,132.55441245393015,143.70109679402373
Vac_73,73,RZV_2d,2024,1,dN_VacZVL,0,0,0,0
Vac_73,73,RZV_2d,2024,1,dN_VacRZV,2,2,2,2
Vac_73,73,RZV_2d,2024,1,dN_VacZVL_d,0,0,0,0
Vac_73,73,RZV_2d,2024,1,dN_VacRZV_d,2,2,2,2
Vac_73,73,RZV_2d,2024,1,ICER,10225.022149484636,10107.736930370978,8376.413806190572,12704.018400199378
Vac_73,73,RZV_2d,2024,1,Price0,85,85,85,85
Vac_73,73,RZV_2d,2024,1,Thres20,152.22469182983608,152.44036606775904,125.90139392939581,178.4276143346716
Vac_73,73,RZV_2d,2024,1,Thres30,220.3262787936593,220.65502276314226,182.5374817517362,258.269182029934
Vac_73,73,RZV_2d,2024,1,Thres20_50,NA,152.44036606775904,NA,NA
Vac_73,73,RZV_2d,2024,1,Thres30_90,NA,195.68960615121136,NA,NA
Vac_73,73,RZV_2d,2024,1,Thres,NA,152.44036606775904,NA,NA
Vac_74,74,RZV_1d,2024,1,dYear_Life,6.207956214359758e-4,6.191940634252546e-4,4.937095392374413e-4,7.520950296097783e-4
Vac_74,74,RZV_1d,2024,1,dYear_Immunised,10.632078519176302,10.67320756477668,9.074067607345004,11.960822124267853
Vac_74,74,RZV_1d,2024,1,dRisk_HZ,-0.09768319846353374,-0.09793435446997359,-0.1099921177290302,-0.08295920213856811
Vac_74,74,RZV_1d,2024,1,dRisk_Hosp,-0.004692219326853101,-0.0046726602839260575,-0.0057693722592647365,-0.0036753932183644557
Vac_74,74,RZV_1d,2024,1,dRisk_PHN,-0.008372777347524478,-0.008384472082580259,-0.009658422386034657,-0.006976919360756723
Vac_74,74,RZV_1d,2024,1,dRisk_Death,-9.747313185612303e-5,-9.728149271168603e-5,-1.2144096046629435e-4,-7.452428352833766e-5
Vac_74,74,RZV_1d,2024,1,dQ_Life,4.265568724033626e-4,4.254235335743317e-4,3.405280307875014e-4,5.159673808329046e-4
Vac_74,74,RZV_1d,2024,1,dQ_HZ,0.014057102214781488,0.014083374057330858,0.01141617558899519,0.01671917728976501
Vac_74,74,RZV_1d,2024,1,dQ_HZ_Norm,0.004444872330117637,0.004430753491795224,0.0036316066880686284,0.00529555006273002
Vac_74,74,RZV_1d,2024,1,dQ_All,0.014477132990612424,0.014495557971396344,0.011776551333339037,0.017174545667132966
Vac_74,74,RZV_1d,2024,1,dQ_HZ_d,0.012574048694072675,0.012593614940797918,0.010255330902808517,0.01488689902820322
Vac_74,74,RZV_1d,2024,1,dQ_HZ_Norm_d,0.00400298244690302,0.003990631597098805,0.0032804819701047778,0.004746460181099181
Vac_74,74,RZV_1d,2024,1,dQ_Life_d,3.398412400679769e-4,3.387266908756459e-4,2.7239641792284883e-4,4.0965847566076796e-4
Vac_74,74,RZV_1d,2024,1,dQ_All_d,0.01291388993414067,0.012927103406034313,0.010545986819898533,0.015274908479973615
Vac_74,74,RZV_1d,2024,1,dC_Hosp,-20.162794565406703,-20.063255248592142,-24.89112566307733,-15.630722856412904
Vac_74,74,RZV_1d,2024,1,dC_GP_NonPHN,-10.83668513775008,-10.869329960206848,-12.222843809990561,-9.25399386111275
Vac_74,74,RZV_1d,2024,1,dC_GP_PHN,-4.566674450990578,-4.584550535388572,-5.334685698852446,-3.7309762577727197
Vac_74,74,RZV_1d,2024,1,dC_GP,-15.403359588740658,-15.444692072097116,-17.38839148524083,-12.987628223727427
Vac_74,74,RZV_1d,2024,1,dC_Med,-35.56615415414736,-35.560314653605445,-41.78346453846818,-29.147398296958787
Vac_74,74,RZV_1d,2024,1,dC_VacZVL,0,0,0,0
Vac_74,74,RZV_1d,2024,1,dC_VacRZV,85,85,85,85
Vac_74,74,RZV_1d,2024,1,dC_Vac,85,85,85,85
Vac_74,74,RZV_1d,2024,1,dC_All,49.43384584585264,49.439685346394555,43.21653546153181,55.85260170304123
Vac_74,74,RZV_1d,2024,1,dC_Hosp_d,-17.229277108379662,-17.15961324273232,-21.22315203352619,-13.455647825267278
Vac_74,74,RZV_1d,2024,1,dC_GP_NonPHN_d,-9.767259215408066,-9.791671987227744,-10.970147158624297,-8.3567264494518
Vac_74,74,RZV_1d,2024,1,dC_GP_PHN_d,-4.098667175351437,-4.114662602889151,-4.782592209480304,-3.360682240674649
Vac_74,74,RZV_1d,2024,1,dC_GP_d,-13.865926390759503,-13.906571294677857,-15.626236090993727,-11.752921944902418
Vac_74,74,RZV_1d,2024,1,dC_Med_d,-31.095203499139163,-31.096837415838536,-36.33225271544889,-25.737276115221583
Vac_74,74,RZV_1d,2024,1,dC_VacZVL_d,0,0,0,0
Vac_74,74,RZV_1d,2024,1,dC_VacRZV_d,85,85,85,85
Vac_74,74,RZV_1d,2024,1,dC_Vac_d,85,85,85,85
Vac_74,74,RZV_1d,2024,1,dC_All_d,53.90479650086083,53.903162584161464,48.66774728455111,59.262723884778424
Vac_74,74,RZV_1d,2024,1,dN_VacZVL,0,0,0,0
Vac_74,74,RZV_1d,2024,1,dN_VacRZV,1,1,1,1
Vac_74,74,RZV_1d,2024,1,dN_VacZVL_d,0,0,0,0
Vac_74,74,RZV_1d,2024,1,dN_VacRZV_d,1,1,1,1
Vac_74,74,RZV_1d,2024,1,ICER,4223.637396669459,4153.432265865713,3278.834551640579,5501.956594987959
Vac_74,74,RZV_1d,2024,1,Price0,85,85,85,85
Vac_74,74,RZV_1d,2024,1,Thres20,289.3730021819526,289.85624545343103,238.00539997758847,339.6334082796609
Vac_74,74,RZV_1d,2024,1,Thres30,418.5119015233593,419.18411420151847,343.4053475329963,492.34417863812183
Vac_74,74,RZV_1d,2024,1,Thres20_50,NA,289.85624545343103,NA,NA
Vac_74,74,RZV_1d,2024,1,Thres30_90,NA,371.2833431554992,NA,NA
Vac_74,74,RZV_1d,2024,1,Thres,NA,289.85624545343103,NA,NA
Vac_74,74,RZV_2d,2024,1,dYear_Life,6.406748142882161e-4,6.397202349752718e-4,5.085322740765452e-4,7.7101482805646e-4
Vac_74,74,RZV_2d,2024,1,dYear_Immunised,10.969607889928673,11.027722733387876,9.539057312905497,12.199908500878113
Vac_74,74,RZV_2d,2024,1,dRisk_HZ,-0.10078505950603782,-0.10117580110865476,-0.11248328755595526,-0.08670389110376601
Vac_74,74,RZV_2d,2024,1,dRisk_Hosp,-0.004843022432279096,-0.004825370909081445,-0.0059409838233030095,-0.0037896166790492773
Vac_74,74,RZV_2d,2024,1,dRisk_PHN,-0.00863845268074908,-0.008643340961596257,-0.009916048443178128,-0.007240359307824209
Vac_74,74,RZV_2d,2024,1,dRisk_Death,-1.0062013693895319e-4,-1.0060027619501237e-4,-1.2572644311282277e-4,-7.639958668873901e-5
Vac_74,74,RZV_2d,2024,1,dQ_Life,4.402066911878464e-4,4.3929543392451365e-4,3.506302971238107e-4,5.286245697684321e-4
Vac_74,74,RZV_2d,2024,1,dQ_HZ,0.014503797743352014,0.01449252596626929,0.011886662406028625,0.017184483195231557
Vac_74,74,RZV_2d,2024,1,dQ_HZ_Norm,0.00458583697729959,0.004570318427120752,0.0037855484551190463,0.005453684281715229
Vac_74,74,RZV_2d,2024,1,dQ_All,0.01493726438486194,0.014932553098795154,0.012270778534358318,0.017649157222475148
Vac_74,74,RZV_2d,2024,1,dQ_HZ_d,0.01297293538711113,0.012974450329001174,0.010718466711650977,0.01529478650716179
Vac_74,74,RZV_2d,2024,1,dQ_HZ_Norm_d,0.00412972733085508,0.00411621283066306,0.0034295582981044596,0.004876052551807683
Vac_74,74,RZV_2d,2024,1,dQ_Life_d,3.507040739117473e-4,3.501961435761203e-4,2.8122590262409376e-4,4.2057372573620625e-4
Vac_74,74,RZV_2d,2024,1,dQ_All_d,0.013323639461022902,0.01332502024215465,0.011026832055447189,0.015673301952066242
Vac_74,74,RZV_2d,2024,1,dC_Hosp,-20.81169414685669,-20.717915876064197,-25.861685690874374,-16.126064057157276
Vac_74,74,RZV_2d,2024,1,dC_GP_NonPHN,-11.180610085390176,-11.216003872066793,-12.482274716809103,-9.683515845126832
Vac_74,74,RZV_2d,2024,1,dC_GP_PHN,-4.7114057533797515,-4.7189571876083125,-5.470436094384845,-3.911958188915493
Vac_74,74,RZV_2d,2024,1,dC_GP,-15.892015838769929,-15.953135290374545,-17.847104502933956,-13.63934966858373
Vac_74,74,RZV_2d,2024,1,dC_Med,-36.703709985626624,-36.71051815578678,-43.10894552155711,-30.062726569787078
Vac_74,74,RZV_2d,2024,1,dC_VacZVL,0,0,0,0
Vac_74,74,RZV_2d,2024,1,dC_VacRZV,170,170,170,170
Vac_74,74,RZV_2d,2024,1,dC_Vac,170,170,170,170
Vac_74,74,RZV_2d,2024,1,dC_All,133.29629001437337,133.28948184421324,126.8910544784429,139.93727343021294
Vac_74,74,RZV_2d,2024,1,dC_Hosp_d,-17.7827647205826,-17.722594025266815,-22.035399448031008,-13.874294259383898
Vac_74,74,RZV_2d,2024,1,dC_GP_NonPHN_d,-10.07674664285092,-10.106970292864958,-11.19958311061818,-8.793949837237335
Vac_74,74,RZV_2d,2024,1,dC_GP_PHN_d,-4.2283750562165965,-4.232006294795147,-4.8941578470148075,-3.522463854345424
Vac_74,74,RZV_2d,2024,1,dC_GP_d,-14.305121699067515,-14.356709384947553,-15.986099118368859,-12.373336054560076
Vac_74,74,RZV_2d,2024,1,dC_Med_d,-32.08788641965011,-32.11252750173563,-37.409919618543555,-26.466922293047997
Vac_74,74,RZV_2d,2024,1,dC_VacZVL_d,0,0,0,0
Vac_74,74,RZV_2d,2024,1,dC_VacRZV_d,170,170,170,170
Vac_74,74,RZV_2d,2024,1,dC_Vac_d,170,170,170,170
Vac_74,74,RZV_2d,2024,1,dC_All_d,137.91211358034988,137.88747249826437,132.59008038145646,143.53307770695199
Vac_74,74,RZV_2d,2024,1,dN_VacZVL,0,0,0,0
Vac_74,74,RZV_2d,2024,1,dN_VacRZV,2,2,2,2
Vac_74,74,RZV_2d,2024,1,dN_VacZVL_d,0,0,0,0
Vac_74,74,RZV_2d,2024,1,dN_VacRZV_d,2,2,2,2
Vac_74,74,RZV_2d,2024,1,ICER,10445.992921795627,10339.367871165172,8586.248727382846,12922.880146869884
Vac_74,74,RZV_2d,2024,1,Price0,85,85,85,85
Vac_74,74,RZV_2d,2024,1,Thres20,149.2803378200541,149.4032745629145,124.06359706609013,174.40841189181083
Vac_74,74,RZV_2d,2024,1,Thres30,215.8985351251686,216.04298686677953,179.4232938315972,252.39859157904263
Vac_74,74,RZV_2d,2024,1,Thres20_50,NA,149.4032745629145,NA,NA
Vac_74,74,RZV_2d,2024,1,Thres30_90,NA,192.01506269885567,NA,NA
Vac_74,74,RZV_2d,2024,1,Thres,NA,149.4032745629145,NA,NA
Vac_75,75,RZV_1d,2024,1,dYear_Life,6.258897278468325e-4,6.246788014587779e-4,5.029213594411441e-4,7.53655349376503e-4
Vac_75,75,RZV_1d,2024,1,dYear_Immunised,10.15998149690844,10.194705610696756,8.68310750080545,11.384675016678464
Vac_75,75,RZV_1d,2024,1,dRisk_HZ,-0.0940322695248758,-0.09427547712763071,-0.10549921747902852,-0.08021652496200726
Vac_75,75,RZV_1d,2024,1,dRisk_Hosp,-0.004746555906377089,-0.004722982847144333,-0.0058121927013266,-0.0037662431495290773
Vac_75,75,RZV_1d,2024,1,dRisk_PHN,-0.008172506912507456,-0.008195040078704256,-0.009374735741907976,-0.0068201455703132
Vac_75,75,RZV_1d,2024,1,dRisk_Death,-1.0008402845334904e-4,-9.986960318935043e-5,-1.237888668413223e-4,-7.720897439335476e-5
Vac_75,75,RZV_1d,2024,1,dQ_Life,4.29280034540195e-4,4.28177710648292e-4,3.4617576999025347e-4,5.155349019376753e-4
Vac_75,75,RZV_1d,2024,1,dQ_HZ,0.013621677530933305,0.013641072974968978,0.011105890166342948,0.01618631672874573
Vac_75,75,RZV_1d,2024,1,dQ_HZ_Norm,0.004263420390409188,0.004251208874044243,0.0034871081938433733,0.005070250534300791
Vac_75,75,RZV_1d,2024,1,dQ_All,0.014044179980709169,0.01406573441944392,0.011467962256440423,0.016642497573139625
Vac_75,75,RZV_1d,2024,1,dQ_HZ_d,0.012253425129338961,0.012271270978366323,0.010012357352914785,0.014485955916246305
Vac_75,75,RZV_1d,2024,1,dQ_HZ_Norm_d,0.0038587978198718407,0.0038486144204836438,0.0031695440555383485,0.0045783141511989535
Vac_75,75,RZV_1d,2024,1,dQ_Life_d,3.457822759521774e-4,3.4476160917940035e-4,2.798298010885159e-4,4.1552764702799114e-4
Vac_75,75,RZV_1d,2024,1,dQ_All_d,0.012599207405291087,0.012621022922688852,0.010307103882141,0.014870525459357206
Vac_75,75,RZV_1d,2024,1,dC_Hosp,-20.48012856619976,-20.379849047338016,-25.223652453091404,-16.012860591405783
Vac_75,75,RZV_1d,2024,1,dC_GP_NonPHN,-10.389855710944582,-10.421669962369105,-11.673216739304854,-8.901197009890659
Vac_75,75,RZV_1d,2024,1,dC_GP_PHN,-4.447382329627856,-4.467220582800247,-5.175905634620718,-3.6412568370873912
Vac_75,75,RZV_1d,2024,1,dC_GP,-14.837238040572437,-14.886597791532786,-16.712866447528775,-12.540071955569262
Vac_75,75,RZV_1d,2024,1,dC_Med,-35.3173666067722,-35.29105746047888,-41.268318315588765,-29.14877009032537
Vac_75,75,RZV_1d,2024,1,dC_VacZVL,0,0,0,0
Vac_75,75,RZV_1d,2024,1,dC_VacRZV,85,85,85,85
Vac_75,75,RZV_1d,2024,1,dC_Vac,85,85,85,85
Vac_75,75,RZV_1d,2024,1,dC_All,49.6826333932278,49.70894253952112,43.731681684411235,55.85122990967463
Vac_75,75,RZV_1d,2024,1,dC_Hosp_d,-17.677274765208388,-17.610223221144416,-21.69874396352641,-13.858164791805008
Vac_75,75,RZV_1d,2024,1,dC_GP_NonPHN_d,-9.411700253428164,-9.447651278802576,-10.522341700190033,-8.076172445406323
Vac_75,75,RZV_1d,2024,1,dC_GP_PHN_d,-4.01781468189379,-4.0329404645544,-4.660263579319166,-3.3005724417046154
Vac_75,75,RZV_1d,2024,1,dC_GP_d,-13.429514935321954,-13.479083778385705,-15.070927567151767,-11.437492072899943
Vac_75,75,RZV_1d,2024,1,dC_Med_d,-31.106789700530342,-31.094570170073975,-36.14376309055679,-25.87590968135728
Vac_75,75,RZV_1d,2024,1,dC_VacZVL_d,0,0,0,0
Vac_75,75,RZV_1d,2024,1,dC_VacRZV_d,85,85,85,85
Vac_75,75,RZV_1d,2024,1,dC_Vac_d,85,85,85,85
Vac_75,75,RZV_1d,2024,1,dC_All_d,53.89321029946966,53.905429829926035,48.85623690944321,59.12409031864272
Vac_75,75,RZV_1d,2024,1,dN_VacZVL,0,0,0,0
Vac_75,75,RZV_1d,2024,1,dN_VacRZV,1,1,1,1
Vac_75,75,RZV_1d,2024,1,dN_VacZVL_d,0,0,0,0
Vac_75,75,RZV_1d,2024,1,dN_VacRZV_d,1,1,1,1
Vac_75,75,RZV_1d,2024,1,ICER,4326.946656814523,4260.382934467461,3367.420655822129,5624.538420241531
Vac_75,75,RZV_1d,2024,1,Price0,85,85,85,85
Vac_75,75,RZV_1d,2024,1,Thres20,283.0909378063521,283.34528888187504,232.95983433884774,331.87600785875577
Vac_75,75,RZV_1d,2024,1,Thres30,409.08301185926297,409.31804707604823,336.04217588555133,480.92058261657735
Vac_75,75,RZV_1d,2024,1,Thres20_50,NA,283.34528888187504,NA,NA
Vac_75,75,RZV_1d,2024,1,Thres30_90,NA,363.69187402058554,NA,NA
Vac_75,75,RZV_1d,2024,1,Thres,NA,283.34528888187504,NA,NA
Vac_75,75,RZV_2d,2024,1,dYear_Life,6.458847766643379e-4,6.441750401453561e-4,5.164826772112275e-4,7.751178804317859e-4
Vac_75,75,RZV_2d,2024,1,dYear_Immunised,10.482149485515652,10.536679820554745,9.157504031776758,11.617266034375751
Vac_75,75,RZV_2d,2024,1,dRisk_HZ,-0.09701404562523101,-0.09730689920956231,-0.10779588445784632,-0.0839946857695584
Vac_75,75,RZV_2d,2024,1,dRisk_Hosp,-0.004898734946607867,-0.004878660136344347,-0.005989791076515191,-0.0038631313665950157
Vac_75,75,RZV_2d,2024,1,dRisk_PHN,-0.008431399076542742,-0.008435303692168487,-0.009639349077405202,-0.007115353363407085
Vac_75,75,RZV_2d,2024,1,dRisk_Death,-1.0330612248115494e-4,-1.0322615775247744e-4,-1.2821172830116513e-4,-7.919835683901288e-5
Vac_75,75,RZV_2d,2024,1,dQ_Life,4.4298511126782803e-4,4.4181890667438495e-4,3.556206635241477e-4,5.304053955188959e-4
Vac_75,75,RZV_2d,2024,1,dQ_HZ,0.014053893919634653,0.014054626415178522,0.011540073033417579,0.01663613077670453
Vac_75,75,RZV_2d,2024,1,dQ_HZ_Norm,0.004398450645459223,0.0043835588997155235,0.0036429632812876893,0.005218224670416664
Vac_75,75,RZV_2d,2024,1,dQ_All,0.014489879968746998,0.014492361885517724,0.011922894121682858,0.017097586963258492
Vac_75,75,RZV_2d,2024,1,dQ_HZ_d,0.012641611953449435,0.012639207763824814,0.010470577685844668,0.014867298117072382
Vac_75,75,RZV_2d,2024,1,dQ_HZ_Norm_d,0.003980829065558253,0.003967268491441205,0.0033159617323109012,0.004693639403317376
Vac_75,75,RZV_2d,2024,1,dQ_Life_d,3.5681033669288987e-4,3.5594776266911765e-4,2.8839575859893605e-4,4.2563002262592227e-4
Vac_75,75,RZV_2d,2024,1,dQ_All_d,0.012998422290142326,0.013001568915563588,0.010780115985069694,0.015265742547018445
Vac_75,75,RZV_2d,2024,1,dC_Hosp,-21.137564430621588,-21.059289746679397,-26.2189762966999,-16.539292596228726
Vac_75,75,RZV_2d,2024,1,dC_GP_NonPHN,-10.719155716319044,-10.747848940181218,-11.919894606419476,-9.32571892626939
Vac_75,75,RZV_2d,2024,1,dC_GP_PHN,-4.588103908445529,-4.596337668392571,-5.296543131419042,-3.8264509384732244
Vac_75,75,RZV_2d,2024,1,dC_GP,-15.307259624764573,-15.36917593915199,-17.110411145203095,-13.230505117700984
Vac_75,75,RZV_2d,2024,1,dC_Med,-36.44482405538616,-36.45923629556871,-42.541293024502146,-30.01803004130259
Vac_75,75,RZV_2d,2024,1,dC_VacZVL,0,0,0,0
Vac_75,75,RZV_2d,2024,1,dC_VacRZV,170,170,170,170
Vac_75,75,RZV_2d,2024,1,dC_Vac,170,170,170,170
Vac_75,75,RZV_2d,2024,1,dC_All,133.55517594461384,133.5407637044313,127.45870697549788,139.98196995869742
Vac_75,75,RZV_2d,2024,1,dC_Hosp_d,-18.24378131143177,-18.180842885805177,-22.531627197257027,-14.33616087119353
Vac_75,75,RZV_2d,2024,1,dC_GP_NonPHN_d,-9.709553424082152,-9.727099744294174,-10.749419967674998,-8.533846911401053
Vac_75,75,RZV_2d,2024,1,dC_GP_PHN_d,-4.14477327793885,-4.1530555895656205,-4.776427235919982,-3.4687468629730054
Vac_75,75,RZV_2d,2024,1,dC_GP_d,-13.854326702021002,-13.90399412984495,-15.429277479861538,-12.056445136360852
Vac_75,75,RZV_2d,2024,1,dC_Med_d,-32.09810801345277,-32.10333698400676,-37.23686361929769,-26.717844202145763
Vac_75,75,RZV_2d,2024,1,dC_VacZVL_d,0,0,0,0
Vac_75,75,RZV_2d,2024,1,dC_VacRZV_d,170,170,170,170
Vac_75,75,RZV_2d,2024,1,dC_Vac_d,170,170,170,170
Vac_75,75,RZV_2d,2024,1,dC_All_d,137.90189198654724,137.89666301599328,132.7631363807023,143.28215579785422
Vac_75,75,RZV_2d,2024,1,dN_VacZVL,0,0,0,0
Vac_75,75,RZV_2d,2024,1,dN_VacRZV,2,2,2,2
Vac_75,75,RZV_2d,2024,1,dN_VacZVL_d,0,0,0,0
Vac_75,75,RZV_2d,2024,1,dN_VacRZV_d,2,2,2,2
Vac_75,75,RZV_2d,2024,1,ICER,10703.491757890844,10605.910535972846,8821.594063501798,13132.42531659777
Vac_75,75,RZV_2d,2024,1,Price0,85,85,85,85
Vac_75,75,RZV_2d,2024,1,Thres20,146.03327690814965,146.12593392607323,122.1926277682618,170.126522345559
Vac_75,75,RZV_2d,2024,1,Thres30,211.02538835886128,211.10051361064103,176.39823639308904,246.30185993201823
Vac_75,75,RZV_2d,2024,1,Thres20_50,NA,146.12593392607323,NA,NA
Vac_75,75,RZV_2d,2024,1,Thres30_90,NA,188.20592549586615,NA,NA
Vac_75,75,RZV_2d,2024,1,Thres,NA,146.12593392607323,NA,NA
Vac_76,76,RZV_1d,2024,1,dYear_Life,6.299444337377302e-4,6.285016488778439e-4,5.079381896322399e-4,7.56895506265609e-4
Vac_76,76,RZV_1d,2024,1,dYear_Immunised,9.692627383156797,9.728847306099913,8.2824755928186,10.82110283608289
Vac_76,76,RZV_1d,2024,1,dRisk_HZ,-0.09027527855183202,-0.09051258632297454,-0.10097052211063495,-0.07713893732733298
Vac_76,76,RZV_1d,2024,1,dRisk_Hosp,-0.004789159528778665,-0.004766056156657039,-0.005840454172140092,-0.0038243637047324585
Vac_76,76,RZV_1d,2024,1,dRisk_PHN,-0.007941943880408673,-0.007955671480648267,-0.009071931880280498,-0.006646185181864048
Vac_76,76,RZV_1d,2024,1,dRisk_Death,-1.0275331747317496e-4,-1.0257869377967033e-4,-1.2650865461319164e-4,-8.002932932152414e-5
Vac_76,76,RZV_1d,2024,1,dQ_Life,4.312171696391749e-4,4.2985821840435534e-4,3.4872175383302565e-4,5.169013318555125e-4
Vac_76,76,RZV_1d,2024,1,dQ_HZ,0.01316564164419633,0.013188776648698167,0.010733402904864455,0.015639792832226704
Vac_76,76,RZV_1d,2024,1,dQ_HZ_Norm,0.004079061614033631,0.004071869180966542,0.0033227326654390412,0.004848043471220563
Vac_76,76,RZV_1d,2024,1,dQ_All,0.013589807820500094,0.01360918257954058,0.011108714963369336,0.016111165370874536
Vac_76,76,RZV_1d,2024,1,dQ_HZ_d,0.011908360432370101,0.011931807634649854,0.009739061531554469,0.014101911817951474
Vac_76,76,RZV_1d,2024,1,dQ_HZ_Norm_d,0.0037100335139877687,0.003704708381476855,0.003035103926429449,0.004386355221626121
Vac_76,76,RZV_1d,2024,1,dQ_Life_d,3.5109837892755014e-4,3.5001451662619587e-4,2.853352444378565e-4,4.19729569602012e-4
Vac_76,76,RZV_1d,2024,1,dQ_All_d,0.012259458811297641,0.012280188725054764,0.010041856579695408,0.014484684333605368
Vac_76,76,RZV_1d,2024,1,dC_Hosp,-20.756367651125032,-20.654030649339166,-25.521670897499995,-16.29886344870723
Vac_76,76,RZV_1d,2024,1,dC_GP_NonPHN,-9.934657650708033,-9.961555232878705,-11.126454096707713,-8.521249164664956
Vac_76,76,RZV_1d,2024,1,dC_GP_PHN,-4.311372021843727,-4.32449873568706,-5.014548669210185,-3.543084728178876
Vac_76,76,RZV_1d,2024,1,dC_GP,-14.24602967255176,-14.29234243956273,-15.966132943933504,-12.091888250544905
Vac_76,76,RZV_1d,2024,1,dC_Med,-35.00239732367679,-34.935298418661844,-40.844934784863405,-29.045651056281265
Vac_76,76,RZV_1d,2024,1,dC_VacZVL,0,0,0,0
Vac_76,76,RZV_1d,2024,1,dC_VacRZV,85,85,85,85
Vac_76,76,RZV_1d,2024,1,dC_Vac,85,85,85,85
Vac_76,76,RZV_1d,2024,1,dC_All,49.99760267632321,50.06470158133816,44.15506521513659,55.95434894371874
Vac_76,76,RZV_1d,2024,1,dC_Hosp_d,-18.088109908845954,-18.01792079236329,-22.2742324209212,-14.319344642555915
Vac_76,76,RZV_1d,2024,1,dC_GP_NonPHN_d,-9.043657420238752,-9.077691308625546,-10.09004409579097,-7.7613751256339
Vac_76,76,RZV_1d,2024,1,dC_GP_PHN_d,-3.9192943420523894,-3.9335302969539354,-4.551765558889371,-3.230735416094366
Vac_76,76,RZV_1d,2024,1,dC_GP_d,-12.962951762291143,-13.012395191967418,-14.502664776756644,-11.027679010519458
Vac_76,76,RZV_1d,2024,1,dC_Med_d,-31.051061671137095,-31.0218668332463,-36.08121270445109,-25.944335758883653
Vac_76,76,RZV_1d,2024,1,dC_VacZVL_d,0,0,0,0
Vac_76,76,RZV_1d,2024,1,dC_VacRZV_d,85,85,85,85
Vac_76,76,RZV_1d,2024,1,dC_Vac_d,85,85,85,85
Vac_76,76,RZV_1d,2024,1,dC_All_d,53.9489383288629,53.97813316675371,48.91878729554892,59.05566424111634
Vac_76,76,RZV_1d,2024,1,dN_VacZVL,0,0,0,0
Vac_76,76,RZV_1d,2024,1,dN_VacRZV,1,1,1,1
Vac_76,76,RZV_1d,2024,1,dN_VacZVL_d,0,0,0,0
Vac_76,76,RZV_1d,2024,1,dN_VacRZV_d,1,1,1,1
Vac_76,76,RZV_1d,2024,1,ICER,4450.3203217608725,4384.2692048119425,3483.266885033228,5769.330095726707
Vac_76,76,RZV_1d,2024,1,Price0,85,85,85,85
Vac_76,76,RZV_1d,2024,1,Thres20,276.2402378970899,276.4169069511472,227.88550225568025,323.8763078518136
Vac_76,76,RZV_1d,2024,1,Thres30,398.8348260100663,399.378894497695,328.5849313093031,468.131452468658
Vac_76,76,RZV_1d,2024,1,Thres20_50,NA,276.4169069511472,NA,NA
Vac_76,76,RZV_1d,2024,1,Thres30_90,NA,355.1091503348232,NA,NA
Vac_76,76,RZV_1d,2024,1,Thres,NA,276.4169069511472,NA,NA
Vac_76,76,RZV_2d,2024,1,dYear_Life,6.500228532862895e-4,6.476158449260083e-4,5.256935639651683e-4,7.789414461935706e-4
Vac_76,76,RZV_2d,2024,1,dYear_Immunised,9.999623220993316,10.046000645274932,8.776098146390817,11.041087808144983
Vac_76,76,RZV_2d,2024,1,dRisk_HZ,-0.09313399199703618,-0.09337140542903427,-0.10336623980999093,-0.08134436025580101
Vac_76,76,RZV_2d,2024,1,dRisk_Hosp,-0.004942348832436273,-0.00491854940916661,-0.006041676577918949,-0.003925843675938005
Vac_76,76,RZV_2d,2024,1,dRisk_PHN,-0.008193090602548699,-0.008197642581478957,-0.009311766381206194,-0.006968064879840384
Vac_76,76,RZV_2d,2024,1,dRisk_Death,-1.0605213337746121e-4,-1.0591424596316949e-4,-1.3075258753308586e-4,-8.210634038099709e-5
Vac_76,76,RZV_2d,2024,1,dQ_Life,4.4495301797520525e-4,4.4344086170866603e-4,3.609882631141037e-4,5.320871373509118e-4
Vac_76,76,RZV_2d,2024,1,dQ_HZ,0.013582777862749027,0.013564103139518486,0.011224294773468564,0.016043146146924533
Vac_76,76,RZV_2d,2024,1,dQ_HZ_Norm,0.00420808221712586,0.004191709633976909,0.0034932474332715446,0.004982002313084441
Vac_76,76,RZV_2d,2024,1,dQ_All,0.014020450215203466,0.014005471503015343,0.011596976419974014,0.016508887269790537
Vac_76,76,RZV_2d,2024,1,dQ_HZ_d,0.012285108322603423,0.012272844755825931,0.010210006240414045,0.014418058763718749
Vac_76,76,RZV_2d,2024,1,dQ_HZ_Norm_d,0.003827217757193234,0.003813388583668807,0.00318731487421004,0.0045111810722243805
Vac_76,76,RZV_2d,2024,1,dQ_Life_d,3.622716753425408e-4,3.611512856354082e-4,2.9540493143151995e-4,4.3123297607605693e-4
Vac_76,76,RZV_2d,2024,1,dQ_All_d,0.012647379997945917,0.012635405386753895,0.010536137421757762,0.01481189652909376
Vac_76,76,RZV_2d,2024,1,dC_Hosp,-21.42104823470748,-21.347848008055923,-26.423542486765353,-16.79798641893566
Vac_76,76,RZV_2d,2024,1,dC_GP_NonPHN,-10.249115716863761,-10.27368641379623,-11.351749277083632,-8.956575476211306
Vac_76,76,RZV_2d,2024,1,dC_GP_PHN,-4.447553282148162,-4.451733572889642,-5.136010428716315,-3.7271766449445263
Vac_76,76,RZV_2d,2024,1,dC_GP,-14.696668999011923,-14.749457158185058,-16.357308440666767,-12.774361025363467
Vac_76,76,RZV_2d,2024,1,dC_Med,-36.117717233719404,-36.105563535846954,-41.994159649520824,-30.075243282232872
Vac_76,76,RZV_2d,2024,1,dC_VacZVL,0,0,0,0
Vac_76,76,RZV_2d,2024,1,dC_VacRZV,170,170,170,170
Vac_76,76,RZV_2d,2024,1,dC_Vac,170,170,170,170
Vac_76,76,RZV_2d,2024,1,dC_All,133.8822827662806,133.89443646415305,128.00584035047916,139.9247567177671
Vac_76,76,RZV_2d,2024,1,dC_Hosp_d,-18.666444437793743,-18.589168377508983,-22.902489689854143,-14.759140234694263
Vac_76,76,RZV_2d,2024,1,dC_GP_NonPHN_d,-9.329516350296757,-9.34408241915511,-10.290694171033586,-8.213510441323411
Vac_76,76,RZV_2d,2024,1,dC_GP_PHN_d,-4.0429370052697875,-4.049211808575308,-4.655759347824139,-3.391117337212938
Vac_76,76,RZV_2d,2024,1,dC_GP_d,-13.372453355566543,-13.413852442929326,-14.831473037227363,-11.685629922249532
Vac_76,76,RZV_2d,2024,1,dC_Med_d,-32.038897793360285,-32.01533978553731,-37.044281304107855,-26.913133771685168
Vac_76,76,RZV_2d,2024,1,dC_VacZVL_d,0,0,0,0
Vac_76,76,RZV_2d,2024,1,dC_VacRZV_d,170,170,170,170
Vac_76,76,RZV_2d,2024,1,dC_Vac_d,170,170,170,170
Vac_76,76,RZV_2d,2024,1,dC_All_d,137.9611022066397,137.98466021446268,132.95571869589213,143.08686622831482
Vac_76,76,RZV_2d,2024,1,dN_VacZVL,0,0,0,0
Vac_76,76,RZV_2d,2024,1,dN_VacRZV,2,2,2,2
Vac_76,76,RZV_2d,2024,1,dN_VacZVL_d,0,0,0,0
Vac_76,76,RZV_2d,2024,1,dN_VacRZV_d,2,2,2,2
Vac_76,76,RZV_2d,2024,1,ICER,11002.519201278494,10916.875274696766,9079.106084712716,13453.049209584187
Vac_76,76,RZV_2d,2024,1,Price0,85,85,85,85
Vac_76,76,RZV_2d,2024,1,Thres20,142.49324887613932,142.5246797743638,119.55483933125544,165.74822022901907
Vac_76,76,RZV_2d,2024,1,Thres30,205.7301488658689,205.74186271735996,172.28166718373737,239.5251927402545
Vac_76,76,RZV_2d,2024,1,Thres20_50,NA,142.5246797743638,NA,NA
Vac_76,76,RZV_2d,2024,1,Thres30_90,NA,184.11821514429928,NA,NA
Vac_76,76,RZV_2d,2024,1,Thres,NA,142.5246797743638,NA,NA
Vac_77,77,RZV_1d,2024,1,dYear_Life,6.327675354741666e-4,6.311248328181307e-4,5.138753590535394e-4,7.590851276023435e-4
Vac_77,77,RZV_1d,2024,1,dYear_Immunised,9.230405058896176,9.259346463561783,7.927605073078798,10.271749304132321
Vac_77,77,RZV_1d,2024,1,dRisk_HZ,-0.0864190329312548,-0.08665090846523843,-0.09627379972607708,-0.07408125115637956
Vac_77,77,RZV_1d,2024,1,dRisk_Hosp,-0.004822806376456135,-0.004792950004452243,-0.005874246488703338,-0.003866350772893806
Vac_77,77,RZV_1d,2024,1,dRisk_PHN,-0.007682632926069443,-0.007706447475518663,-0.008774656913529934,-0.006473642735587704
Vac_77,77,RZV_1d,2024,1,dRisk_Death,-1.054629468341316e-4,-1.0518684332269344e-4,-1.2930570006760403e-4,-8.268002918819124e-5
Vac_77,77,RZV_1d,2024,1,dQ_Life,4.322356108933754e-4,4.310537034744044e-4,3.52035464182121e-4,5.177230514838094e-4
Vac_77,77,RZV_1d,2024,1,dQ_HZ,0.012689546547382588,0.012707141164942835,0.01037370540044086,0.015065268543923744
Vac_77,77,RZV_1d,2024,1,dQ_HZ_Norm,0.0038922090561088283,0.0038873091696914244,0.00317078906609271,0.004623828196190684
Vac_77,77,RZV_1d,2024,1,dQ_All,0.013114433196432062,0.013133942010768784,0.010745994075938282,0.015521644339690475
Vac_77,77,RZV_1d,2024,1,dQ_HZ_d,0.01153910387708984,0.011549463908486135,0.009451045087535958,0.013647350253235631
Vac_77,77,RZV_1d,2024,1,dQ_HZ_Norm_d,0.0035570485565068984,0.0035500508638955756,0.0029027364969670634,0.004212706935705654
Vac_77,77,RZV_1d,2024,1,dQ_Life_d,3.5565615000855466e-4,3.5471143722487497e-4,2.904459957479455e-4,4.24684650799767e-4
Vac_77,77,RZV_1d,2024,1,dQ_All_d,0.011894760027098382,0.011909630320620312,0.009775462228335608,0.014050520908291108
Vac_77,77,RZV_1d,2024,1,dC_Hosp,-21.00074532666378,-20.885745656762943,-25.75220471756127,-16.578352210676613
Vac_77,77,RZV_1d,2024,1,dC_GP_NonPHN,-9.471410666399494,-9.49970107580771,-10.571188951435078,-8.13605365117348
Vac_77,77,RZV_1d,2024,1,dC_GP_PHN,-4.15943279543983,-4.171468145029829,-4.828542956261983,-3.4263541276912757
Vac_77,77,RZV_1d,2024,1,dC_GP,-13.630843461839325,-13.68267025627901,-15.216453372409871,-11.637691306250298
Vac_77,77,RZV_1d,2024,1,dC_Med,-34.6315887885031,-34.58105340500859,-40.34201816680158,-28.84249627658339
Vac_77,77,RZV_1d,2024,1,dC_VacZVL,0,0,0,0
Vac_77,77,RZV_1d,2024,1,dC_VacRZV,85,85,85,85
Vac_77,77,RZV_1d,2024,1,dC_Vac,85,85,85,85
Vac_77,77,RZV_1d,2024,1,dC_All,50.3684112114969,50.418946594991404,44.65798183319842,56.15750372341661
Vac_77,77,RZV_1d,2024,1,dC_Hosp_d,-18.470689812915985,-18.372748651417865,-22.651622735434128,-14.668417568534627
Vac_77,77,RZV_1d,2024,1,dC_GP_NonPHN_d,-8.663291857596397,-8.691186553104735,-9.645571433789122,-7.446668961883958
Vac_77,77,RZV_1d,2024,1,dC_GP_PHN_d,-3.803687598569397,-3.8114650490638757,-4.412609927417464,-3.1418615855289818
Vac_77,77,RZV_1d,2024,1,dC_GP_d,-12.466979456165793,-12.513223320347084,-13.890655306616123,-10.687635026948465
Vac_77,77,RZV_1d,2024,1,dC_Med_d,-30.93766926908178,-30.90430670961004,-35.91992059972362,-25.91312300072943
Vac_77,77,RZV_1d,2024,1,dC_VacZVL_d,0,0,0,0
Vac_77,77,RZV_1d,2024,1,dC_VacRZV_d,85,85,85,85
Vac_77,77,RZV_1d,2024,1,dC_Vac_d,85,85,85,85
Vac_77,77,RZV_1d,2024,1,dC_All_d,54.06233073091822,54.09569329038996,49.08007940027639,59.08687699927056
Vac_77,77,RZV_1d,2024,1,dN_VacZVL,0,0,0,0
Vac_77,77,RZV_1d,2024,1,dN_VacRZV,1,1,1,1
Vac_77,77,RZV_1d,2024,1,dN_VacZVL_d,0,0,0,0
Vac_77,77,RZV_1d,2024,1,dN_VacRZV_d,1,1,1,1
Vac_77,77,RZV_1d,2024,1,ICER,4595.427117606129,4535.336974247795,3605.80359033858,5910.40111930861
Vac_77,77,RZV_1d,2024,1,Price0,85,85,85,85
Vac_77,77,RZV_1d,2024,1,Thres20,268.8328698110494,269.20716347762635,223.5789171745211,314.27389112991136
Vac_77,77,RZV_1d,2024,1,Thres30,387.7804700820332,388.38424432769693,321.36960981669307,455.1225999517708
Vac_77,77,RZV_1d,2024,1,Thres20_50,NA,269.20716347762635,NA,NA
Vac_77,77,RZV_1d,2024,1,Thres30_90,NA,344.93533394766916,NA,NA
Vac_77,77,RZV_1d,2024,1,Thres,NA,269.20716347762635,NA,NA
Vac_77,77,RZV_2d,2024,1,dYear_Life,6.528909932110132e-4,6.51186976207363e-4,5.327411943180316e-4,7.774477351415674e-4
Vac_77,77,RZV_2d,2024,1,dYear_Immunised,9.522429476887018,9.561851134947023,8.398419864363312,10.486608426282327
Vac_77,77,RZV_2d,2024,1,dRisk_HZ,-0.08915215623731157,-0.08940458106870852,-0.09836420984534676,-0.07838432625698268
Vac_77,77,RZV_2d,2024,1,dRisk_Hosp,-0.004976722130716499,-0.004947100107414325,-0.006053618903079724,-0.0039850017370229975
Vac_77,77,RZV_2d,2024,1,dRisk_PHN,-0.007925148772067315,-0.007928608197167484,-0.00894882079464538,-0.006793893302318751
Vac_77,77,RZV_2d,2024,1,dRisk_Death,-1.0883955515997804e-4,-0.00010858137123317491,-1.3321348560076224e-4,-8.52923642437956e-5
Vac_77,77,RZV_2d,2024,1,dQ_Life,4.4597371431777687e-4,4.449704350060202e-4,3.649666855436884e-4,5.303822959172421e-4
Vac_77,77,RZV_2d,2024,1,dQ_HZ,0.01309105067794737,0.013066978663046208,0.010842989109380113,0.015436480639577158
Vac_77,77,RZV_2d,2024,1,dQ_HZ_Norm,0.004015169604055266,0.003995820623196688,0.0033296844280739837,0.0047479810242132495
Vac_77,77,RZV_2d,2024,1,dQ_All,0.013529436812092763,0.01351200866886959,0.01124910310692222,0.015908898847691068
Vac_77,77,RZV_2d,2024,1,dQ_HZ_d,0.011903714557887168,0.011882410664315668,0.0099221044932921,0.013963677832005653
Vac_77,77,RZV_2d,2024,1,dQ_HZ_Norm_d,0.003669276058053904,0.0036550673545044845,0.0030481451430852116,0.004318967781443595
Vac_77,77,RZV_2d,2024,1,dQ_Life_d,3.6695061749290224e-4,3.660845010542424e-4,3.0163774551361655e-4,4.3547566048145463e-4
Vac_77,77,RZV_2d,2024,1,dQ_All_d,0.012270665175380054,0.012252912098129176,0.010250998052737593,0.014368961766621835
Vac_77,77,RZV_2d,2024,1,dC_Hosp,-21.671653404144024,-21.56937623279323,-26.59765052120817,-17.105266327296302
Vac_77,77,RZV_2d,2024,1,dC_GP_NonPHN,-9.770847284579292,-9.798634150091573,-10.806017930709142,-8.593822658924253
Vac_77,77,RZV_2d,2024,1,dC_GP_PHN,-4.2905872923839325,-4.289010526045084,-4.942656396203087,-3.6053401038183726
Vac_77,77,RZV_2d,2024,1,dC_GP,-14.061434576963224,-14.10097689152856,-15.568575739317154,-12.272295745640204
Vac_77,77,RZV_2d,2024,1,dC_Med,-35.733087981107246,-35.68935284696523,-41.51565423687142,-29.944683032921585
Vac_77,77,RZV_2d,2024,1,dC_VacZVL,0,0,0,0
Vac_77,77,RZV_2d,2024,1,dC_VacRZV,170,170,170,170
Vac_77,77,RZV_2d,2024,1,dC_Vac,170,170,170,170
Vac_77,77,RZV_2d,2024,1,dC_All,134.26691201889275,134.31064715303475,128.48434576312857,140.0553169670784
Vac_77,77,RZV_2d,2024,1,dC_Hosp_d,-19.059924638459467,-18.964548344079184,-23.291240365985892,-15.15647631310935
Vac_77,77,RZV_2d,2024,1,dC_GP_NonPHN_d,-8.936830282413792,-8.954643738378946,-9.839737861817891,-7.905187062716841
Vac_77,77,RZV_2d,2024,1,dC_GP_PHN_d,-3.923485452786109,-3.922249999399572,-4.505445088856147,-3.3104688754705487
Vac_77,77,RZV_2d,2024,1,dC_GP_d,-12.860315735199903,-12.888996738659877,-14.206746349153054,-11.272500325648641
Vac_77,77,RZV_2d,2024,1,dC_Med_d,-31.92024037365937,-31.8875566534745,-36.9117490049877,-26.96090914240871
Vac_77,77,RZV_2d,2024,1,dC_VacZVL_d,0,0,0,0
Vac_77,77,RZV_2d,2024,1,dC_VacRZV_d,170,170,170,170
Vac_77,77,RZV_2d,2024,1,dC_Vac_d,170,170,170,170
Vac_77,77,RZV_2d,2024,1,dC_All_d,138.07975962634063,138.11244334652548,133.08825099501232,143.0390908575913
Vac_77,77,RZV_2d,2024,1,dN_VacZVL,0,0,0,0
Vac_77,77,RZV_2d,2024,1,dN_VacRZV,2,2,2,2
Vac_77,77,RZV_2d,2024,1,dN_VacZVL_d,0,0,0,0
Vac_77,77,RZV_2d,2024,1,dN_VacRZV_d,2,2,2,2
Vac_77,77,RZV_2d,2024,1,ICER,11347.65480014291,11271.78818461381,9397.617850587867,13755.438627747551
Vac_77,77,RZV_2d,2024,1,Price0,85,85,85,85
Vac_77,77,RZV_2d,2024,1,Thres20,138.66677194063024,138.50786072818502,116.91004530949418,160.8713449818054
Vac_77,77,RZV_2d,2024,1,Thres30,200.0200978175305,199.71171843207645,168.3320734675621,232.66383931140484
Vac_77,77,RZV_2d,2024,1,Thres20_50,NA,138.50786072818502,NA,NA
Vac_77,77,RZV_2d,2024,1,Thres30_90,NA,179.03945542325658,NA,NA
Vac_77,77,RZV_2d,2024,1,Thres,NA,138.50786072818502,NA,NA
Vac_78,78,RZV_1d,2024,1,dYear_Life,6.341718101010852e-4,6.328557877628427e-4,5.132404810986202e-4,7.57707933810847e-4
Vac_78,78,RZV_1d,2024,1,dYear_Immunised,8.774136175267358,8.805455545833858,7.560841049020353,9.732647424564115
Vac_78,78,RZV_1d,2024,1,dRisk_HZ,-0.08247453249718628,-0.08275607984751154,-0.09161895855152499,-0.07107579251945856
Vac_78,78,RZV_1d,2024,1,dRisk_Hosp,-0.004848981603072291,-0.004824357407006802,-0.005904629913690889,-0.0039167609658376035
Vac_78,78,RZV_1d,2024,1,dRisk_PHN,-0.007389061312859987,-0.007402854595253321,-0.00843079636786187,-0.0062302533746196155
Vac_78,78,RZV_1d,2024,1,dRisk_Death,-1.0819316008816705e-4,-1.0796982541290538e-4,-1.3206390028113287e-4,-8.572183543608216e-5
Vac_78,78,RZV_1d,2024,1,dQ_Life,4.3220728550394936e-4,4.313281696308735e-4,3.506799044222131e-4,5.15415815148268e-4
Vac_78,78,RZV_1d,2024,1,dQ_HZ,0.012194499419084475,0.012206541956942648,0.010006977256069811,0.01447171968565709
Vac_78,78,RZV_1d,2024,1,dQ_HZ_Norm,0.0037033858891836876,0.00369914751863501,0.003006935792477422,0.004396503443120804
Vac_78,78,RZV_1d,2024,1,dQ_All,0.012619031853102985,0.012623161094889923,0.010357378835894515,0.014941817745394293
Vac_78,78,RZV_1d,2024,1,dQ_HZ_d,0.0111464120278764,0.011154452673191099,0.009129769193090446,0.013183508040214929
Vac_78,78,RZV_1d,2024,1,dQ_HZ_Norm_d,0.003400301398685549,0.0033984140438180267,0.002768349428703288,0.004027919037715667
Vac_78,78,RZV_1d,2024,1,dQ_Life_d,3.5932189379515254e-4,3.5859362498946723e-4,2.9280761686689694e-4,4.2751307783988056e-4
Vac_78,78,RZV_1d,2024,1,dQ_All_d,0.011505733921671556,0.011504663043627072,0.00945326631437009,0.01358993122047587
Vac_78,78,RZV_1d,2024,1,dC_Hosp,-21.217983879315668,-21.11469978968174,-25.991028424532633,-16.81665675497926
Vac_78,78,RZV_1d,2024,1,dC_GP_NonPHN,-9.00199300296651,-9.034735846177405,-10.034638055225313,-7.751479336655045
Vac_78,78,RZV_1d,2024,1,dC_GP_PHN,-3.9884537453919005,-3.991530463690025,-4.636098249131255,-3.28234727053506
Vac_78,78,RZV_1d,2024,1,dC_GP,-12.99044674835841,-13.046277870879049,-14.485570293905617,-11.104631736056437
Vac_78,78,RZV_1d,2024,1,dC_Med,-34.208430627674076,-34.14920090466197,-39.95518877499914,-28.55711182830185
Vac_78,78,RZV_1d,2024,1,dC_VacZVL,0,0,0,0
Vac_78,78,RZV_1d,2024,1,dC_VacRZV,85,85,85,85
Vac_78,78,RZV_1d,2024,1,dC_Vac,85,85,85,85
Vac_78,78,RZV_1d,2024,1,dC_All,50.791569372325924,50.85079909533805,45.04481122500087,56.442888171698144
Vac_78,78,RZV_1d,2024,1,dC_Hosp_d,-18.829375095574832,-18.732531214591965,-23.08254949308029,-15.001336099447752
Vac_78,78,RZV_1d,2024,1,dC_GP_NonPHN_d,-8.272305181662565,-8.303250756620619,-9.188126639364022,-7.136607771375598
Vac_78,78,RZV_1d,2024,1,dC_GP_PHN_d,-3.667606626081897,-3.6716304792581616,-4.254879001335289,-3.025341939974719
Vac_78,78,RZV_1d,2024,1,dC_GP_d,-11.939911807744462,-11.99838274267682,-13.284828492989263,-10.224515381355243
Vac_78,78,RZV_1d,2024,1,dC_Med_d,-30.769286903319298,-30.725568839774596,-35.94439402711956,-25.84291837859271
Vac_78,78,RZV_1d,2024,1,dC_VacZVL_d,0,0,0,0
Vac_78,78,RZV_1d,2024,1,dC_VacRZV_d,85,85,85,85
Vac_78,78,RZV_1d,2024,1,dC_Vac_d,85,85,85,85
Vac_78,78,RZV_1d,2024,1,dC_All_d,54.2307130966807,54.274431160225404,49.05560597288046,59.157081621407286
Vac_78,78,RZV_1d,2024,1,dN_VacZVL,0,0,0,0
Vac_78,78,RZV_1d,2024,1,dN_VacRZV,1,1,1,1
Vac_78,78,RZV_1d,2024,1,dN_VacZVL_d,0,0,0,0
Vac_78,78,RZV_1d,2024,1,dN_VacRZV_d,1,1,1,1
Vac_78,78,RZV_1d,2024,1,ICER,4764.841482111925,4707.729627020803,3748.16981611552,6124.177075369448
Vac_78,78,RZV_1d,2024,1,Price0,85,85,85,85
Vac_78,78,RZV_1d,2024,1,Thres20,260.8839653367504,260.8564878378202,216.65009916353924,304.90706966924574
Vac_78,78,RZV_1d,2024,1,Thres30,375.94130455346595,376.0358174192112,311.5641526732417,440.8001040230001
Vac_78,78,RZV_1d,2024,1,Thres20_50,NA,260.8564878378202,NA,NA
Vac_78,78,RZV_1d,2024,1,Thres30_90,NA,334.4454990981134,NA,NA
Vac_78,78,RZV_1d,2024,1,Thres,NA,260.8564878378202,NA,NA
Vac_78,78,RZV_2d,2024,1,dYear_Life,6.542963206413859e-4,6.529491509734697e-4,5.351034818470879e-4,7.781773117961688e-4
Vac_78,78,RZV_2d,2024,1,dYear_Immunised,9.051415021955178,9.086113089110302,8.023661476617495,9.940414584568334
Vac_78,78,RZV_2d,2024,1,dRisk_HZ,-0.08507958956501536,-0.08534507177754483,-0.09362856151900242,-0.07533834276045484
Vac_78,78,RZV_2d,2024,1,dRisk_Hosp,-0.0050033990376857455,-0.0049736595991601625,-0.006061849904021443,-0.004043215580216368
Vac_78,78,RZV_2d,2024,1,dRisk_PHN,-0.007621992642902906,-0.007629815227249974,-0.008600622407880782,-0.006539614561564458
Vac_78,78,RZV_2d,2024,1,dRisk_Death,-1.1164802301671078e-4,-1.1127018709793768e-4,-1.3564919866188024e-4,-8.847918698497718e-5
Vac_78,78,RZV_2d,2024,1,dQ_Life,4.459152666172805e-4,4.4534827004660826e-4,3.6573849711731834e-4,5.294341313650363e-4
Vac_78,78,RZV_2d,2024,1,dQ_HZ,0.012579816955787013,0.012554381335792588,0.01046426278400655,0.014845088849778207
Vac_78,78,RZV_2d,2024,1,dQ_HZ_Norm,0.003820237337545669,0.0038027282115942205,0.00316927123268743,0.004519904907419741
Vac_78,78,RZV_2d,2024,1,dQ_All,0.013017808951549898,0.013000072809616903,0.010864006579495333,0.015302963563529648
Vac_78,78,RZV_2d,2024,1,dQ_HZ_d,0.011498174280539553,0.011482012814756694,0.00961229179990455,0.01350746869305153
Vac_78,78,RZV_2d,2024,1,dQ_HZ_Norm_d,0.0035074619956303866,0.0034940993888090024,0.0029259480919042757,0.004134130419927097
Vac_78,78,RZV_2d,2024,1,dQ_Life_d,3.707094104108495e-4,3.704015200054478e-4,3.0541355521105377e-4,4.388928304708272e-4
Vac_78,78,RZV_2d,2024,1,dQ_All_d,0.0118688836909504,0.011853415396064104,0.009962898011392274,0.013889700034740191
Vac_78,78,RZV_2d,2024,1,dC_Hosp,-21.894295100191187,-21.77837511502228,-26.911536583031136,-17.373156320640984
Vac_78,78,RZV_2d,2024,1,dC_GP_NonPHN,-9.286235551409138,-9.308973022713742,-10.221015736469656,-8.209866028381303
Vac_78,78,RZV_2d,2024,1,dC_GP_PHN,-4.1140499220753055,-4.113278101089922,-4.739000048429919,-3.458501874111061
Vac_78,78,RZV_2d,2024,1,dC_GP,-13.400285473484445,-13.429992765913966,-14.789938614292954,-11.769962293108208
Vac_78,78,RZV_2d,2024,1,dC_Med,-35.29458057367563,-35.26118193859528,-40.977535490630856,-29.635156011211972
Vac_78,78,RZV_2d,2024,1,dC_VacZVL,0,0,0,0
Vac_78,78,RZV_2d,2024,1,dC_VacRZV,170,170,170,170
Vac_78,78,RZV_2d,2024,1,dC_Vac,170,170,170,170
Vac_78,78,RZV_2d,2024,1,dC_All,134.70541942632437,134.73881806140474,129.02246450936912,140.36484398878804
Vac_78,78,RZV_2d,2024,1,dC_Hosp_d,-19.42876383616526,-19.336269996875753,-23.818711664013453,-15.477557552081098
Vac_78,78,RZV_2d,2024,1,dC_GP_NonPHN_d,-8.533198637634479,-8.550525151757526,-9.36582968309694,-7.582676898533608
Vac_78,78,RZV_2d,2024,1,dC_GP_PHN_d,-3.7829779300003485,-3.7801584387450444,-4.3637279266338025,-3.1851250031088085
Vac_78,78,RZV_2d,2024,1,dC_GP_d,-12.316176567634828,-12.344432074722977,-13.575462520757574,-10.856162581822586
Vac_78,78,RZV_2d,2024,1,dC_Med_d,-31.744940403800086,-31.706129258790497,-36.68153229450411,-26.845396928368114
Vac_78,78,RZV_2d,2024,1,dC_VacZVL_d,0,0,0,0
Vac_78,78,RZV_2d,2024,1,dC_VacRZV_d,170,170,170,170
Vac_78,78,RZV_2d,2024,1,dC_Vac_d,170,170,170,170
Vac_78,78,RZV_2d,2024,1,dC_All_d,138.2550595961999,138.2938707412095,133.31846770549592,143.15460307163187
Vac_78,78,RZV_2d,2024,1,dN_VacZVL,0,0,0,0
Vac_78,78,RZV_2d,2024,1,dN_VacRZV,2,2,2,2
Vac_78,78,RZV_2d,2024,1,dN_VacZVL_d,0,0,0,0
Vac_78,78,RZV_2d,2024,1,dN_VacRZV_d,2,2,2,2
Vac_78,78,RZV_2d,2024,1,ICER,11744.71279810498,11671.150876973268,9736.058434805058,14214.06962323751
Vac_78,78,RZV_2d,2024,1,Price0,85,85,85,85
Vac_78,78,RZV_2d,2024,1,Thres20,134.56130711140403,134.37155668444217,113.72307573613168,155.778487412619
Vac_78,78,RZV_2d,2024,1,Thres30,193.90572556615604,193.61595538982428,163.6132443378476,225.41729101552627
Vac_78,78,RZV_2d,2024,1,Thres20_50,NA,134.37155668444217,NA,NA
Vac_78,78,RZV_2d,2024,1,Thres30_90,NA,173.97818311911226,NA,NA
Vac_78,78,RZV_2d,2024,1,Thres,NA,134.37155668444217,NA,NA
Vac_79,79,RZV_1d,2024,1,dYear_Life,6.339264449600303e-4,6.332379558582346e-4,5.160543202280543e-4,7.566871384141027e-4
Vac_79,79,RZV_1d,2024,1,dYear_Immunised,8.324390150462444,8.353941475313258,7.219469154357176,9.199888827557867
Vac_79,79,RZV_1d,2024,1,dRisk_HZ,-0.07847745218082061,-0.07879695280398831,-0.0871530831376171,-0.06754693400389483
Vac_79,79,RZV_1d,2024,1,dRisk_Hosp,-0.004864132409544018,-0.004838903923601778,-0.005899692656570295,-0.0039401195339703095
Vac_79,79,RZV_1d,2024,1,dRisk_PHN,-0.007069151880887325,-0.007079957528204946,-0.008067135211092188,-0.005949611074403973
Vac_79,79,RZV_1d,2024,1,dRisk_Death,-1.1091296982225515e-4,-1.1061443081666265e-4,-1.3465058043901404e-4,-8.8207778094588e-5
Vac_79,79,RZV_1d,2024,1,dQ_Life,4.30975859981936e-4,4.3021096557582794e-4,3.510331459015692e-4,5.133058527402311e-4
Vac_79,79,RZV_1d,2024,1,dQ_HZ,0.01168522714455677,0.01168383875888684,0.009532410362810493,0.013868462189428837
Vac_79,79,RZV_1d,2024,1,dQ_HZ_Norm,0.003514074505144782,0.0035108812722887757,0.0028709972053308484,0.004177061341182851
Vac_79,79,RZV_1d,2024,1,dQ_All,0.012108170734639259,0.012109102577479103,0.009917304507238756,0.014320208855715631
Vac_79,79,RZV_1d,2024,1,dQ_HZ_d,0.010734766501637703,0.010735829717206852,0.008787037699676698,0.012701333538614147
Vac_79,79,RZV_1d,2024,1,dQ_HZ_Norm_d,0.003241242652643643,0.003239609104980101,0.002653761719837504,0.003843867613995606
Vac_79,79,RZV_1d,2024,1,dQ_Life_d,3.619345399284084e-4,3.610222718535283e-4,2.9529838101165494e-4,4.30604658448197e-4
Vac_79,79,RZV_1d,2024,1,dQ_All_d,0.011096701041566128,0.011094125117670828,0.009098875045238585,0.013091689114374838
Vac_79,79,RZV_1d,2024,1,dC_Hosp,-21.39295528926474,-21.300068682522774,-26.215437135535062,-17.04744181329636
Vac_79,79,RZV_1d,2024,1,dC_GP_NonPHN,-8.53034489718286,-8.55687786474802,-9.475827589737127,-7.329227466213667
Vac_79,79,RZV_1d,2024,1,dC_GP_PHN,-3.8031868443621506,-3.809396038628965,-4.4060500573639345,-3.1457597924287994
Vac_79,79,RZV_1d,2024,1,dC_GP,-12.333531741545011,-12.385228610138833,-13.68961444272821,-10.580086918320095
Vac_79,79,RZV_1d,2024,1,dC_Med,-33.72648703080975,-33.68845434477005,-39.42098771186398,-28.2264127656162
Vac_79,79,RZV_1d,2024,1,dC_VacZVL,0,0,0,0
Vac_79,79,RZV_1d,2024,1,dC_VacRZV,85,85,85,85
Vac_79,79,RZV_1d,2024,1,dC_Vac,85,85,85,85
Vac_79,79,RZV_1d,2024,1,dC_All,51.27351296919025,51.311545655229935,45.57901228813602,56.77358723438379
Vac_79,79,RZV_1d,2024,1,dC_Hosp_d,-19.148566626820447,-19.059947614337794,-23.3906472479143,-15.296744643785129
Vac_79,79,RZV_1d,2024,1,dC_GP_NonPHN_d,-7.874544883429803,-7.90412716466795,-8.72837223156991,-6.791445176944851
Vac_79,79,RZV_1d,2024,1,dC_GP_PHN_d,-3.5156011048736278,-3.5224926345365946,-4.068241400535181,-2.913920529641449
Vac_79,79,RZV_1d,2024,1,dC_GP_d,-11.39014598830343,-11.445672201216397,-12.608724206303938,-9.758446807610632
Vac_79,79,RZV_1d,2024,1,dC_Med_d,-30.538712615123877,-30.50101253110862,-35.57141855551393,-25.667887643900183
Vac_79,79,RZV_1d,2024,1,dC_VacZVL_d,0,0,0,0
Vac_79,79,RZV_1d,2024,1,dC_VacRZV_d,85,85,85,85
Vac_79,79,RZV_1d,2024,1,dC_Vac_d,85,85,85,85
Vac_79,79,RZV_1d,2024,1,dC_All_d,54.46128738487612,54.498987468891386,49.428581444486085,59.33211235609982
Vac_79,79,RZV_1d,2024,1,dN_VacZVL,0,0,0,0
Vac_79,79,RZV_1d,2024,1,dN_VacRZV,1,1,1,1
Vac_79,79,RZV_1d,2024,1,dN_VacZVL_d,0,0,0,0
Vac_79,79,RZV_1d,2024,1,dN_VacRZV_d,1,1,1,1
Vac_79,79,RZV_1d,2024,1,ICER,4960.914689135339,4900.860479743818,3915.036749357063,6328.519529088471
Vac_79,79,RZV_1d,2024,1,Price0,85,85,85,85
Vac_79,79,RZV_1d,2024,1,Thres20,252.47273344644643,252.59773786478868,209.4804803990974,294.84216328807827
Vac_79,79,RZV_1d,2024,1,Thres30,363.43974386210766,363.5759345856138,300.74424725389446,425.611813954652
Vac_79,79,RZV_1d,2024,1,Thres20_50,NA,252.59773786478868,NA,NA
Vac_79,79,RZV_1d,2024,1,Thres30_90,NA,323.6356250282169,NA,NA
Vac_79,79,RZV_1d,2024,1,Thres,NA,252.59773786478868,NA,NA
Vac_79,79,RZV_2d,2024,1,dYear_Life,6.540010188266887e-4,6.530183509330101e-4,5.392629809459759e-4,7.748004341615377e-4
Vac_79,79,RZV_2d,2024,1,dYear_Immunised,8.587166280766706,8.618831650766541,7.628615520725787,9.388638166310653
Vac_79,79,RZV_2d,2024,1,dRisk_HZ,-0.08095366956408308,-0.08119480309407703,-0.08870756838987816,-0.07208359748573046
Vac_79,79,RZV_2d,2024,1,dRisk_Hosp,-0.005018718115581545,-0.004999384272846852,-0.00608214239019628,-0.00406469226550543
Vac_79,79,RZV_2d,2024,1,dRisk_PHN,-0.007291775352595334,-0.007303054674276512,-0.008238673145556449,-0.006263256400631492
Vac_79,79,RZV_2d,2024,1,dRisk_Death,-1.1444559204888915e-4,-1.141023438174185e-4,-1.3815049054963728e-4,-9.144575573411034e-5
Vac_79,79,RZV_2d,2024,1,dQ_Life,4.446166043714723e-4,4.4410526896498936e-4,3.676341367810698e-4,5.255821115079495e-4
Vac_79,79,RZV_2d,2024,1,dQ_HZ,0.012054030400132884,0.01204656913263141,0.01002481275428812,0.014236019524091823
Vac_79,79,RZV_2d,2024,1,dQ_HZ_Norm,0.00362484157099147,0.0036095910452705426,0.0030120720923992737,0.004287923658638373
Vac_79,79,RZV_2d,2024,1,dQ_All,0.01249035554863663,0.012480671390175058,0.010429363960782978,0.014689172203179378
Vac_79,79,RZV_2d,2024,1,dQ_HZ_d,0.011073190108815809,0.011064657785707213,0.009259152849625396,0.013045509963790511
Vac_79,79,RZV_2d,2024,1,dQ_HZ_Norm_d,0.0033432996151433066,0.003332784785683691,0.002785879505980943,0.003941925873960167
Vac_79,79,RZV_2d,2024,1,dQ_Life_d,3.7338208228162315e-4,3.7304076222088867e-4,3.0967987380245974e-4,4.400864822158511e-4
Vac_79,79,RZV_2d,2024,1,dQ_All_d,0.01144657219109745,0.011443984934409457,0.009599939830874725,0.013424433554849256
Vac_79,79,RZV_2d,2024,1,dC_Hosp,-22.073383850422257,-22.00309638903162,-27.066398720667713,-17.606233105199383
Vac_79,79,RZV_2d,2024,1,dC_GP_NonPHN,-8.799420670980387,-8.818448957007012,-9.656888760225366,-7.826288381471803
Vac_79,79,RZV_2d,2024,1,dC_GP_PHN,-3.92283528740277,-3.9204042349076493,-4.505207091086779,-3.321041382607965
Vac_79,79,RZV_2d,2024,1,dC_GP,-12.722255958383158,-12.74777660749124,-13.986913807741631,-11.20081819608412
Vac_79,79,RZV_2d,2024,1,dC_Med,-34.79563980880541,-34.7465888362459,-40.46006168729854,-29.34278024241046
Vac_79,79,RZV_2d,2024,1,dC_VacZVL,0,0,0,0
Vac_79,79,RZV_2d,2024,1,dC_VacRZV,170,170,170,170
Vac_79,79,RZV_2d,2024,1,dC_Vac,170,170,170,170
Vac_79,79,RZV_2d,2024,1,dC_All,135.20436019119458,135.2534111637541,129.53993831270145,140.6572197575896
Vac_79,79,RZV_2d,2024,1,dC_Hosp_d,-19.75688674934464,-19.68614564654058,-24.20657728974022,-15.730332518870101
Vac_79,79,RZV_2d,2024,1,dC_GP_NonPHN_d,-8.12266753469873,-8.14067628233304,-8.893501266912153,-7.263004194295958
Vac_79,79,RZV_2d,2024,1,dC_GP_PHN_d,-3.626100822422781,-3.6259408958235397,-4.158339461497798,-3.065861039582453
Vac_79,79,RZV_2d,2024,1,dC_GP_d,-11.74876835712151,-11.769752080308193,-12.890418663245311,-10.362698328327664
Vac_79,79,RZV_2d,2024,1,dC_Med_d,-31.50565510646615,-31.45792021258208,-36.50929553159401,-26.71496079370522
Vac_79,79,RZV_2d,2024,1,dC_VacZVL_d,0,0,0,0
Vac_79,79,RZV_2d,2024,1,dC_VacRZV_d,170,170,170,170
Vac_79,79,RZV_2d,2024,1,dC_Vac_d,170,170,170,170
Vac_79,79,RZV_2d,2024,1,dC_All_d,138.49434489353385,138.54207978741792,133.49070446840597,143.28503920629478
Vac_79,79,RZV_2d,2024,1,dN_VacZVL,0,0,0,0
Vac_79,79,RZV_2d,2024,1,dN_VacRZV,2,2,2,2
Vac_79,79,RZV_2d,2024,1,dN_VacZVL_d,0,0,0,0
Vac_79,79,RZV_2d,2024,1,dN_VacRZV_d,2,2,2,2
Vac_79,79,RZV_2d,2024,1,ICER,12197.714672158878,12134.300734040518,10133.192320237904,14743.282910400441
Vac_79,79,RZV_2d,2024,1,Price0,85,85,85,85
Vac_79,79,RZV_2d,2024,1,Thres20,130.21854946420757,129.98978796844614,110.37775153279485,151.0015989018505
Vac_79,79,RZV_2d,2024,1,Thres30,187.45141041969484,187.19454583035815,158.63001630456787,217.9919882680391
Vac_79,79,RZV_2d,2024,1,Thres20_50,NA,129.98978796844614,NA,NA
Vac_79,79,RZV_2d,2024,1,Thres30_90,NA,168.39774870640815,NA,NA
Vac_79,79,RZV_2d,2024,1,Thres,NA,129.98978796844614,NA,NA
Vac_80,80,RZV_1d,2024,1,dYear_Life,6.318170088994339e-4,6.300451498724158e-4,5.129049165283117e-4,7.54297116259206e-4
Vac_80,80,RZV_1d,2024,1,dYear_Immunised,7.882378791029736,7.911834527658954,6.8387033371436114,8.683685329028245
Vac_80,80,RZV_1d,2024,1,dRisk_HZ,-0.07443464016120824,-0.07472014313078407,-0.08241776471249855,-0.06424704019672625
Vac_80,80,RZV_1d,2024,1,dRisk_Hosp,-0.004863916753762558,-0.004855735447803171,-0.005936394171784731,-0.003923063469257305
Vac_80,80,RZV_1d,2024,1,dRisk_PHN,-0.006724380092940317,-0.0067394653767061915,-0.007705576160898092,-0.005656592935367283
Vac_80,80,RZV_1d,2024,1,dRisk_Death,-1.1358941700963589e-4,-1.1333464185943547e-4,-1.374687856498124e-4,-9.059498927395146e-5
Vac_80,80,RZV_1d,2024,1,dQ_Life,4.283978045148698e-4,4.2720410113661345e-4,3.485654729876941e-4,5.106854920577052e-4
Vac_80,80,RZV_1d,2024,1,dQ_HZ,0.011162233096398149,0.011157173896680528,0.009114002097256322,0.01327205932745352
Vac_80,80,RZV_1d,2024,1,dQ_HZ_Norm,0.0033243743583372216,0.00332407507530238,0.0027094584904155668,0.00395758792569006
Vac_80,80,RZV_1d,2024,1,dQ_All,0.011582204934540713,0.011576510500105552,0.009500782537468623,0.013705204250543975
Vac_80,80,RZV_1d,2024,1,dQ_HZ_d,0.010304348760003352,0.010293942393193398,0.00842128206941208,0.012210353610160379
Vac_80,80,RZV_1d,2024,1,dQ_HZ_Norm_d,0.0030799178864554786,0.0030807724249584207,0.0025193628746370987,0.003660245510416629
Vac_80,80,RZV_1d,2024,1,dQ_Life_d,3.6333932538006584e-4,3.622436775025939e-4,2.958230399896733e-4,4.317792703938616e-4
Vac_80,80,RZV_1d,2024,1,dQ_All_d,0.010667688085383433,0.010662537334606093,0.008747884358104674,0.012585483749304412
Vac_80,80,RZV_1d,2024,1,dC_Hosp,-21.507126389260204,-21.440142443445453,-26.35021081720564,-17.09453356524827
Vac_80,80,RZV_1d,2024,1,dC_GP_NonPHN,-8.057615147194944,-8.092246204162906,-8.94072095221078,-6.953719606412224
Vac_80,80,RZV_1d,2024,1,dC_GP_PHN,-3.6046604134134896,-3.619201191669849,-4.185036046792211,-2.991433559986319
Vac_80,80,RZV_1d,2024,1,dC_GP,-11.662275560608434,-11.724792933148665,-12.94612941600321,-10.035956422437085
Vac_80,80,RZV_1d,2024,1,dC_Med,-33.169401949868636,-33.09335216311854,-38.70097921697043,-27.713492879627466
Vac_80,80,RZV_1d,2024,1,dC_VacZVL,0,0,0,0
Vac_80,80,RZV_1d,2024,1,dC_VacRZV,85,85,85,85
Vac_80,80,RZV_1d,2024,1,dC_Vac,85,85,85,85
Vac_80,80,RZV_1d,2024,1,dC_All,51.830598050131364,51.906647836881454,46.29902078302957,57.28650712037253
Vac_80,80,RZV_1d,2024,1,dC_Hosp_d,-19.40882446580713,-19.35639965933852,-23.835452518975384,-15.446693496848702
Vac_80,80,RZV_1d,2024,1,dC_GP_NonPHN_d,-7.471026287765046,-7.504457243271779,-8.278743862568762,-6.442977824504638
Vac_80,80,RZV_1d,2024,1,dC_GP_PHN_d,-3.348481171172034,-3.3608494656902925,-3.887073419188376,-2.786015812891627
Vac_80,80,RZV_1d,2024,1,dC_GP_d,-10.81950745893708,-10.885090797830964,-11.974357721934869,-9.322287122961178
Vac_80,80,RZV_1d,2024,1,dC_Med_d,-30.228331924744207,-30.175970338048415,-35.21753069379261,-25.269865648235843
Vac_80,80,RZV_1d,2024,1,dC_VacZVL_d,0,0,0,0
Vac_80,80,RZV_1d,2024,1,dC_VacRZV_d,85,85,85,85
Vac_80,80,RZV_1d,2024,1,dC_Vac_d,85,85,85,85
Vac_80,80,RZV_1d,2024,1,dC_All_d,54.77166807525579,54.82402966195159,49.78246930620738,59.73013435176416
Vac_80,80,RZV_1d,2024,1,dN_VacZVL,0,0,0,0
Vac_80,80,RZV_1d,2024,1,dN_VacRZV,1,1,1,1
Vac_80,80,RZV_1d,2024,1,dN_VacZVL_d,0,0,0,0
Vac_80,80,RZV_1d,2024,1,dN_VacRZV_d,1,1,1,1
Vac_80,80,RZV_1d,2024,1,ICER,5189.629685006587,5127.376528172603,4106.944669395218,6623.639569470752
Vac_80,80,RZV_1d,2024,1,Price0,85,85,85,85
Vac_80,80,RZV_1d,2024,1,Thres20,243.58209363241286,244.01525143253778,201.98745947990216,284.3047969026176
Vac_80,80,RZV_1d,2024,1,Thres30,350.2589744862472,350.57925689583374,289.51693978015714,410.44094957335057
Vac_80,80,RZV_1d,2024,1,Thres20_50,NA,244.01525143253778,NA,NA
Vac_80,80,RZV_1d,2024,1,Thres30_90,NA,312.4373254155142,NA,NA
Vac_80,80,RZV_1d,2024,1,Thres,NA,244.01525143253778,NA,NA
Vac_80,80,RZV_2d,2024,1,dYear_Life,6.517842104356877e-4,6.506382418880463e-4,5.404165859335119e-4,7.689792222123071e-4
Vac_80,80,RZV_2d,2024,1,dYear_Immunised,8.130932235320838,8.158413900366801,7.264710121222082,8.862477763644975
Vac_80,80,RZV_2d,2024,1,dRisk_HZ,-0.07678046311191941,-0.07705569904195807,-0.0839907284108318,-0.06851884733260129
Vac_80,80,RZV_2d,2024,1,dRisk_Hosp,-0.005018178392340627,-0.005011758353748734,-0.006083093437683422,-0.004069354531053436
Vac_80,80,RZV_2d,2024,1,dRisk_PHN,-0.006935807511847891,-0.0069411890577643215,-0.00788724379173875,-0.0059664829554197905
Vac_80,80,RZV_2d,2024,1,dRisk_Death,-1.1719829510326862e-4,-1.1689849627103367e-4,-1.409717145730597e-4,-9.46969266023446e-5
Vac_80,80,RZV_2d,2024,1,dQ_Life,4.419298907365361e-4,4.4112337255830525e-4,3.6718144437566377e-4,5.206945693632558e-4
Vac_80,80,RZV_2d,2024,1,dQ_HZ,0.011514078291072857,0.011491740604878764,0.009576263741154558,0.01363938461007612
Vac_80,80,RZV_2d,2024,1,dQ_HZ_Norm,0.0034290385094099866,0.0034192779483695214,0.00284683809186915,0.004050888245087651
Vac_80,80,RZV_2d,2024,1,dQ_All,0.011947311150703481,0.011926369776605217,0.009981507770412247,0.014063387347987464
Vac_80,80,RZV_2d,2024,1,dQ_HZ_d,0.010628817281645627,0.010611563051686061,0.008877932219189378,0.012526074775333967
Vac_80,80,RZV_2d,2024,1,dQ_HZ_Norm_d,0.0031767895403648017,0.003167793928551152,0.002644259562889701,0.003747276166698836
Vac_80,80,RZV_2d,2024,1,dQ_Life_d,3.7480919581027016e-4,3.741164715491685e-4,3.1227391322536936e-4,4.4125985714800193e-4
Vac_80,80,RZV_2d,2024,1,dQ_All_d,0.011003626477455886,0.010989948959734708,0.009222747728266945,0.012923637765510598
Vac_80,80,RZV_2d,2024,1,dC_Hosp,-22.189711759876722,-22.133976273685043,-27.2275108913254,-17.680131524879734
Vac_80,80,RZV_2d,2024,1,dC_GP_NonPHN,-8.31148965097287,-8.33306470065023,-9.114970743110986,-7.4332193372506215
Vac_80,80,RZV_2d,2024,1,dC_GP_PHN,-3.7178853907265252,-3.7195056514799045,-4.26663190070961,-3.1490847175027232
Vac_80,80,RZV_2d,2024,1,dC_GP,-12.029375041699396,-12.050105138046792,-13.204322308275191,-10.633968715797401
Vac_80,80,RZV_2d,2024,1,dC_Med,-34.21908680157612,-34.23182380653218,-39.85056575006646,-28.819247299384315
Vac_80,80,RZV_2d,2024,1,dC_VacZVL,0,0,0,0
Vac_80,80,RZV_2d,2024,1,dC_VacRZV,170,170,170,170
Vac_80,80,RZV_2d,2024,1,dC_Vac,170,170,170,170
Vac_80,80,RZV_2d,2024,1,dC_All,135.7809131984239,135.7681761934678,130.14943424993353,141.18075270061567
Vac_80,80,RZV_2d,2024,1,dC_Hosp_d,-20.024148900941906,-19.97193846341606,-24.469481343793333,-15.920377666899517
Vac_80,80,RZV_2d,2024,1,dC_GP_NonPHN_d,-7.706186528202486,-7.72686337835603,-8.425619484150134,-6.915661847199858
Vac_80,80,RZV_2d,2024,1,dC_GP_PHN_d,-3.45357028555495,-3.4558346108363205,-3.96305910137043,-2.929407461210934
Vac_80,80,RZV_2d,2024,1,dC_GP_d,-11.159756813757436,-11.18028874535462,-12.211367928455974,-9.895222124647663
Vac_80,80,RZV_2d,2024,1,dC_Med_d,-31.183905714699343,-31.1713088877649,-36.244648657572924,-26.33735243388061
Vac_80,80,RZV_2d,2024,1,dC_VacZVL_d,0,0,0,0
Vac_80,80,RZV_2d,2024,1,dC_VacRZV_d,170,170,170,170
Vac_80,80,RZV_2d,2024,1,dC_Vac_d,170,170,170,170
Vac_80,80,RZV_2d,2024,1,dC_All_d,138.81609428530066,138.8286911122351,133.7553513424271,143.6626475661194
Vac_80,80,RZV_2d,2024,1,dN_VacZVL,0,0,0,0
Vac_80,80,RZV_2d,2024,1,dN_VacRZV,2,2,2,2
Vac_80,80,RZV_2d,2024,1,dN_VacZVL_d,0,0,0,0
Vac_80,80,RZV_2d,2024,1,dN_VacRZV_d,2,2,2,2
Vac_80,80,RZV_2d,2024,1,ICER,12717.379104966381,12637.50374713233,10570.828973768275,15346.517419402287
Vac_80,80,RZV_2d,2024,1,Price0,85,85,85,85
Vac_80,80,RZV_2d,2024,1,Thres20,125.62821763190854,125.4059817431725,106.59626575847774,145.46927461210873
Vac_80,80,RZV_2d,2024,1,Thres30,180.64635001918796,180.35564652685179,152.60828429657045,210.27899122683266
Vac_80,80,RZV_2d,2024,1,Thres20_50,NA,125.4059817431725,NA,NA
Vac_80,80,RZV_2d,2024,1,Thres30_90,NA,162.29179592039588,NA,NA
Vac_80,80,RZV_2d,2024,1,Thres,NA,125.4059817431725,NA,NA
Vac_81,81,RZV_1d,2024,1,dYear_Life,6.276324461842533e-4,6.261569678684964e-4,5.093636443147975e-4,7.495456867368856e-4
Vac_81,81,RZV_1d,2024,1,dYear_Immunised,7.4498225991238565,7.480263500125314,6.47742841403321,8.17724310308759
Vac_81,81,RZV_1d,2024,1,dRisk_HZ,-0.07037611874691936,-0.07073618877296195,-0.07771374640816528,-0.06087853091714896
Vac_81,81,RZV_1d,2024,1,dRisk_Hosp,-0.004849418036559069,-0.004848545427461749,-0.005919025628619046,-0.0039094984672711115
Vac_81,81,RZV_1d,2024,1,dRisk_PHN,-0.00636747342226788,-0.006381994447238491,-0.00729824062638937,-0.005359738029233644
Vac_81,81,RZV_1d,2024,1,dRisk_Death,-1.1618488563830618e-4,-1.1583148961910402e-4,-1.4064633361770488e-4,-9.321328936720158e-5
Vac_81,81,RZV_1d,2024,1,dQ_Life,4.243335412521594e-4,4.232709400753265e-4,3.453680712884877e-4,5.060825098741839e-4
Vac_81,81,RZV_1d,2024,1,dQ_HZ,0.010629692400290457,0.0106297513315209,0.008669264556391337,0.012639201822391867
Vac_81,81,RZV_1d,2024,1,dQ_HZ_Norm,0.0031353347790950693,0.0031329918640795166,0.002551198383812837,0.003735505848607864
Vac_81,81,RZV_1d,2024,1,dQ_All,0.011045163973225608,0.011054021943127879,0.009015716200974655,0.013105992499172747
Vac_81,81,RZV_1d,2024,1,dQ_HZ_d,0.00985901639984435,0.009857110957800848,0.008030704462416155,0.011711780518156495
Vac_81,81,RZV_1d,2024,1,dQ_HZ_Norm_d,0.0029173226646141575,0.0029161823181570014,0.0023831207202509273,0.0034718418502096447
Vac_81,81,RZV_1d,2024,1,dQ_Life_d,3.6338091916531434e-4,3.625594512786101e-4,2.9606908384625095e-4,4.325605433493029e-4
Vac_81,81,RZV_1d,2024,1,dQ_All_d,0.010222397319009665,0.010219401822881835,0.00837416794500081,0.012102783034000274
Vac_81,81,RZV_1d,2024,1,dC_Hosp,-21.562957524993703,-21.510219985239253,-26.493333606946667,-17.129487926925776
Vac_81,81,RZV_1d,2024,1,dC_GP_NonPHN,-7.585900209209534,-7.623646242145156,-8.399925744010458,-6.547194208798744
Vac_81,81,RZV_1d,2024,1,dC_GP_PHN,-3.400040005789322,-3.4113114719659094,-3.9334432463377804,-2.8148169971297454
Vac_81,81,RZV_1d,2024,1,dC_GP,-10.985940214998855,-11.050814692520968,-12.182305361148554,-9.446144027352217
Vac_81,81,RZV_1d,2024,1,dC_Med,-32.548897739992555,-32.50566739666289,-37.94886772886252,-27.17294588760076
Vac_81,81,RZV_1d,2024,1,dC_VacZVL,0,0,0,0
Vac_81,81,RZV_1d,2024,1,dC_VacRZV,85,85,85,85
Vac_81,81,RZV_1d,2024,1,dC_Vac,85,85,85,85
Vac_81,81,RZV_1d,2024,1,dC_All,52.45110226000744,52.49433260333711,47.051132271137476,57.827054112399246
Vac_81,81,RZV_1d,2024,1,dC_Hosp_d,-19.61161445134932,-19.573336969875108,-24.060225215115487,-15.620581771168112
Vac_81,81,RZV_1d,2024,1,dC_GP_NonPHN_d,-7.06370602569164,-7.101859587540481,-7.807523686420735,-6.0917836388737525
Vac_81,81,RZV_1d,2024,1,dC_GP_PHN_d,-3.173278233454398,-3.182859724108507,-3.67746464334571,-2.636114463368122
Vac_81,81,RZV_1d,2024,1,dC_GP_d,-10.236984259146038,-10.293149429046682,-11.325662129828507,-8.79905818925944
Vac_81,81,RZV_1d,2024,1,dC_Med_d,-29.848598710495356,-29.807819820250586,-34.708683071727165,-24.93632239307752
Vac_81,81,RZV_1d,2024,1,dC_VacZVL_d,0,0,0,0
Vac_81,81,RZV_1d,2024,1,dC_VacRZV_d,85,85,85,85
Vac_81,81,RZV_1d,2024,1,dC_Vac_d,85,85,85,85
Vac_81,81,RZV_1d,2024,1,dC_All_d,55.15140128950464,55.19218017974942,50.291316928272835,60.063677606922475
Vac_81,81,RZV_1d,2024,1,dN_VacZVL,0,0,0,0
Vac_81,81,RZV_1d,2024,1,dN_VacRZV,1,1,1,1
Vac_81,81,RZV_1d,2024,1,dN_VacZVL_d,0,0,0,0
Vac_81,81,RZV_1d,2024,1,dN_VacRZV_d,1,1,1,1
Vac_81,81,RZV_1d,2024,1,ICER,5453.306835361984,5383.991922855446,4324.946000534243,7008.296207328961
Vac_81,81,RZV_1d,2024,1,Price0,85,85,85,85
Vac_81,81,RZV_1d,2024,1,Thres20,234.29654509068865,234.79823808667774,193.97045653151784,274.0593845059892
Vac_81,81,RZV_1d,2024,1,Thres30,336.5205182807853,336.88878128187787,277.4226035315556,394.55632433321813
Vac_81,81,RZV_1d,2024,1,Thres20_50,NA,234.79823808667774,NA,NA
Vac_81,81,RZV_1d,2024,1,Thres30_90,NA,299.9613304494285,NA,NA
Vac_81,81,RZV_1d,2024,1,Thres,NA,234.79823808667774,NA,NA
Vac_81,81,RZV_2d,2024,1,dYear_Life,6.474285334596539e-4,6.456264076524221e-4,5.365944901977392e-4,7.661882909938633e-4
Vac_81,81,RZV_2d,2024,1,dYear_Immunised,7.68448636618786,7.707220798083252,6.9042996034509,8.34642667217219
Vac_81,81,RZV_2d,2024,1,dRisk_HZ,-0.0725916380374381,-0.07286022248558581,-0.07903105119294469,-0.06501221012198435
Vac_81,81,RZV_2d,2024,1,dRisk_Hosp,-0.0050028744303706706,-0.004993817547916807,-0.006074580417734254,-0.004039431777355681
Vac_81,81,RZV_2d,2024,1,dRisk_PHN,-0.0065673728350918,-0.0065669800480765185,-0.007464973914619346,-0.005634169880519184
Vac_81,81,RZV_2d,2024,1,dRisk_Death,-1.1986737234604124e-4,-1.194980564089003e-4,-1.4389617038979366e-4,-9.743321910115599e-5
Vac_81,81,RZV_2d,2024,1,dQ_Life,4.377113860959616e-4,4.3655836748435206e-4,3.6388324403915375e-4,5.170755753412858e-4
Vac_81,81,RZV_2d,2024,1,dQ_HZ,0.010964362462475844,0.01094623627919035,0.009135945632657284,0.012993323430818627
Vac_81,81,RZV_2d,2024,1,dQ_HZ_Norm,0.003233942541542686,0.0032202634579706303,0.0026890068223584026,0.0038249302959691067
Vac_81,81,RZV_2d,2024,1,dQ_All,0.011392927638021437,0.011379062464888179,0.009526800353322939,0.013422739079336976
Vac_81,81,RZV_2d,2024,1,dQ_HZ_d,0.010169131523057092,0.010158721530325977,0.008494575657551646,0.012005342770608095
Vac_81,81,RZV_2d,2024,1,dQ_HZ_Norm_d,0.0030089911719951502,0.0029980019940275804,0.0025049917134823897,0.003549181999547661
Vac_81,81,RZV_2d,2024,1,dQ_Life_d,3.748307526403396e-4,3.7380647202311934e-4,3.121081027942507e-4,4.419441267424773e-4
Vac_81,81,RZV_2d,2024,1,dQ_All_d,0.010543962275697443,0.010533441780800068,0.008852899679272986,0.012402309742467364
Vac_81,81,RZV_2d,2024,1,dC_Hosp,-22.245730465076708,-22.155515347008624,-27.16682300014266,-17.81080465842011
Vac_81,81,RZV_2d,2024,1,dC_GP_NonPHN,-7.824677132284956,-7.851439249312035,-8.549624535381376,-6.995796519900944
Vac_81,81,RZV_2d,2024,1,dC_GP_PHN,-3.506678577314512,-3.50971888419428,-4.02158250042059,-2.961085859172144
Vac_81,81,RZV_2d,2024,1,dC_GP,-11.331355709599467,-11.358358197462051,-12.418905768088342,-10.055872177259529
Vac_81,81,RZV_2d,2024,1,dC_Med,-33.577086174676175,-33.56074100727423,-38.99871070128974,-28.414048464350177
Vac_81,81,RZV_2d,2024,1,dC_VacZVL,0,0,0,0
Vac_81,81,RZV_2d,2024,1,dC_VacRZV,170,170,170,170
Vac_81,81,RZV_2d,2024,1,dC_Vac,170,170,170,170
Vac_81,81,RZV_2d,2024,1,dC_All,136.42291382532383,136.43925899272577,131.00128929871025,141.58595153564983
Vac_81,81,RZV_2d,2024,1,dC_Hosp_d,-20.23197352072038,-20.146467726932517,-24.70401179567746,-16.282770563012384
Vac_81,81,RZV_2d,2024,1,dC_GP_NonPHN_d,-7.28584732047586,-7.309079774305081,-7.940160248826744,-6.53592347895255
Vac_81,81,RZV_2d,2024,1,dC_GP_PHN_d,-3.2727267743886843,-3.2769043299752885,-3.74520923684744,-2.7708188948690715
Vac_81,81,RZV_2d,2024,1,dC_GP_d,-10.558574094864545,-10.585550080700045,-11.539124780722103,-9.402372947804624
Vac_81,81,RZV_2d,2024,1,dC_Med_d,-30.790547615584927,-30.743106215615143,-35.66641266594371,-26.177468450619404
Vac_81,81,RZV_2d,2024,1,dC_VacZVL_d,0,0,0,0
Vac_81,81,RZV_2d,2024,1,dC_VacRZV_d,170,170,170,170
Vac_81,81,RZV_2d,2024,1,dC_Vac_d,170,170,170,170
Vac_81,81,RZV_2d,2024,1,dC_All_d,139.20945238441507,139.25689378438486,134.3335873340563,143.82253154938059
Vac_81,81,RZV_2d,2024,1,dN_VacZVL,0,0,0,0
Vac_81,81,RZV_2d,2024,1,dN_VacRZV,2,2,2,2
Vac_81,81,RZV_2d,2024,1,dN_VacZVL_d,0,0,0,0
Vac_81,81,RZV_2d,2024,1,dN_VacRZV_d,2,2,2,2
Vac_81,81,RZV_2d,2024,1,ICER,13309.163867849596,13216.35677571706,11060.29936383241,16020.588917785333
Vac_81,81,RZV_2d,2024,1,Price0,85,85,85,85
Vac_81,81,RZV_2d,2024,1,Thres20,120.8348965647669,120.67023125679665,102.55608088119902,140.5735417062154
Vac_81,81,RZV_2d,2024,1,Thres30,173.5547079432541,173.30328953246334,146.8216985027824,202.58779544780566
Vac_81,81,RZV_2d,2024,1,Thres20_50,NA,120.67023125679665,NA,NA
Vac_81,81,RZV_2d,2024,1,Thres30_90,NA,155.9555948801787,NA,NA
Vac_81,81,RZV_2d,2024,1,Thres,NA,120.67023125679665,NA,NA
Vac_82,82,RZV_1d,2024,1,dYear_Life,6.210790752902069e-4,6.201314752791731e-4,5.054339995533396e-4,7.419246546126689e-4
Vac_82,82,RZV_1d,2024,1,dYear_Immunised,7.028024812664497,7.062118944625256,6.150857408219135,7.695430732674065
Vac_82,82,RZV_1d,2024,1,dRisk_HZ,-0.06632480659032694,-0.06661664312917699,-0.07307871575383589,-0.057467318354883584
Vac_82,82,RZV_1d,2024,1,dRisk_Hosp,-0.004816170352568769,-0.0048028323245114255,-0.005868591516534225,-0.003858011738870323
Vac_82,82,RZV_1d,2024,1,dRisk_PHN,-0.00598641999626025,-0.005999837632917166,-0.006863216450082081,-0.0050187294684415126
Vac_82,82,RZV_1d,2024,1,dRisk_Death,-1.1863943262640776e-4,-1.1822815439175651e-4,-1.4343471492839883e-4,-9.536649593382987e-5
Vac_82,82,RZV_1d,2024,1,dQ_Life,4.1858958465566955e-4,4.178143515667365e-4,3.4129374971290097e-4,4.996147880044654e-4
Vac_82,82,RZV_1d,2024,1,dQ_HZ,0.010090687336087301,0.01009307960620532,0.008191713451423539,0.012043050485085775
Vac_82,82,RZV_1d,2024,1,dQ_HZ_Norm,0.002947830773476518,0.002943216573032412,0.002398504362357778,0.0035079459372362033
Vac_82,82,RZV_1d,2024,1,dQ_All,0.010499930284073674,0.010504298084109465,0.008562927995332714,0.01247362554677862
Vac_82,82,RZV_1d,2024,1,dQ_HZ_d,0.009401643219936487,0.009409727939319013,0.007629855918952544,0.011194758826239647
Vac_82,82,RZV_1d,2024,1,dQ_HZ_Norm_d,0.0027543101608191803,0.0027507580416897197,0.002246862352271311,0.0032789791982051042
Vac_82,82,RZV_1d,2024,1,dQ_Life_d,3.6185388931842243e-4,3.6112053479797623e-4,2.9553179487733504e-4,4.314217607910286e-4
Vac_82,82,RZV_1d,2024,1,dQ_All_d,0.009763497109254955,0.009772156435449375,0.007958452383239266,0.011587025629740831
Vac_82,82,RZV_1d,2024,1,dC_Hosp,-21.540328047052984,-21.4906109428836,-26.411368666341872,-17.051209166945956
Vac_82,82,RZV_1d,2024,1,dC_GP_NonPHN,-7.120047220559462,-7.157460966126049,-7.881438239296139,-6.125207277629454
Vac_82,82,RZV_1d,2024,1,dC_GP_PHN,-3.1830779129705307,-3.195981013927221,-3.70631429161292,-2.6178474466609662
Vac_82,82,RZV_1d,2024,1,dC_GP,-10.303125133529992,-10.362782157464327,-11.4112605365235,-8.87661054036619
Vac_82,82,RZV_1d,2024,1,dC_Med,-31.843453180582976,-31.79984939590542,-37.19134451820445,-26.451326717776045
Vac_82,82,RZV_1d,2024,1,dC_VacZVL,0,0,0,0
Vac_82,82,RZV_1d,2024,1,dC_VacRZV,85,85,85,85
Vac_82,82,RZV_1d,2024,1,dC_Vac,85,85,85,85
Vac_82,82,RZV_1d,2024,1,dC_All,53.156546819417024,53.20015060409458,47.80865548179555,58.54867328222395
Vac_82,82,RZV_1d,2024,1,dC_Hosp_d,-19.735699497349504,-19.648589086668757,-24.17193890843044,-15.5702176916054
Vac_82,82,RZV_1d,2024,1,dC_GP_NonPHN_d,-6.657407925613764,-6.6908084696748,-7.355560829156856,-5.732393253337502
Vac_82,82,RZV_1d,2024,1,dC_GP_PHN_d,-2.983535427037647,-2.9949722279133164,-3.4625160607538894,-2.457314032879713
Vac_82,82,RZV_1d,2024,1,dC_GP_d,-9.64094335265141,-9.697470670449263,-10.666224962316779,-8.312426264922042
Vac_82,82,RZV_1d,2024,1,dC_Med_d,-29.376642850000916,-29.335838794688833,-34.25151985516642,-24.394624146014454
Vac_82,82,RZV_1d,2024,1,dC_VacZVL_d,0,0,0,0
Vac_82,82,RZV_1d,2024,1,dC_VacRZV_d,85,85,85,85
Vac_82,82,RZV_1d,2024,1,dC_Vac_d,85,85,85,85
Vac_82,82,RZV_1d,2024,1,dC_All_d,55.62335714999909,55.66416120531116,50.74848014483358,60.60537585398554
Vac_82,82,RZV_1d,2024,1,dN_VacZVL,0,0,0,0
Vac_82,82,RZV_1d,2024,1,dN_VacRZV,1,1,1,1
Vac_82,82,RZV_1d,2024,1,dN_VacZVL_d,0,0,0,0
Vac_82,82,RZV_1d,2024,1,dN_VacRZV_d,1,1,1,1
Vac_82,82,RZV_1d,2024,1,ICER,5758.442431403741,5684.195049229076,4569.962598153768,7351.912049236196
Vac_82,82,RZV_1d,2024,1,Price0,85,85,85,85
Vac_82,82,RZV_1d,2024,1,Thres20,224.64658503510003,225.0930166833594,186.4617207182179,262.3613560067123
Vac_82,82,RZV_1d,2024,1,Thres30,322.2815561276496,322.77470912745747,265.5154551365283,378.1317712792716
Vac_82,82,RZV_1d,2024,1,Thres20_50,NA,225.0930166833594,NA,NA
Vac_82,82,RZV_1d,2024,1,Thres30_90,NA,287.1609739588664,NA,NA
Vac_82,82,RZV_1d,2024,1,Thres,NA,225.0930166833594,NA,NA
Vac_82,82,RZV_2d,2024,1,dYear_Life,6.406314269153448e-4,6.395420280203012e-4,5.310165879801598e-4,7.583132060600127e-4
Vac_82,82,RZV_2d,2024,1,dYear_Immunised,7.249171436149325,7.275681373631291,6.529792917274481,7.854644719604726
Vac_82,82,RZV_2d,2024,1,dRisk_HZ,-0.06841047512601617,-0.06863064247487309,-0.07432472463082268,-0.06131338009153241
Vac_82,82,RZV_2d,2024,1,dRisk_Hosp,-0.0049682756564393814,-0.004957775619052731,-0.006023757168243412,-0.004026271642660312
Vac_82,82,RZV_2d,2024,1,dRisk_PHN,-0.006174124305691714,-0.006185297558731375,-0.006987477188124886,-0.005274475707672752
Vac_82,82,RZV_2d,2024,1,dRisk_Death,-1.2239104351933157e-4,-1.2211088426814293e-4,-1.466520875717805e-4,-1.0004668804031011e-4
Vac_82,82,RZV_2d,2024,1,dQ_Life,4.317617634179536e-4,4.309940677198476e-4,3.584323526294897e-4,5.105250834857466e-4
Vac_82,82,RZV_2d,2024,1,dQ_HZ,0.010408012293883363,0.010395679878925649,0.008641914526603277,0.012323469582890701
Vac_82,82,RZV_2d,2024,1,dQ_HZ_Norm,0.003040441482982579,0.003029452975566546,0.0025242083612080466,0.003600082060115469
Vac_82,82,RZV_2d,2024,1,dQ_All,0.010830128506203922,0.010826053039559191,0.009058860912257362,0.012770196784587904
Vac_82,82,RZV_2d,2024,1,dQ_HZ_d,0.009697047951062937,0.009687353933777416,0.008067446868323136,0.011437601392060341
Vac_82,82,RZV_2d,2024,1,dQ_HZ_Norm_d,0.002840770086155917,0.002828716697473534,0.002361038406492942,0.003354890716372296
Vac_82,82,RZV_2d,2024,1,dQ_Life_d,3.7323509947250686e-4,3.7241430772549933e-4,3.107364886421049e-4,4.4066687821235905e-4
Vac_82,82,RZV_2d,2024,1,dQ_All_d,0.010070283050535492,0.010058713498395377,0.008448692699776128,0.01184230860229922
Vac_82,82,RZV_2d,2024,1,dC_Hosp,-22.220979588725065,-22.13362055942536,-27.302938837561854,-17.797593813829195
Vac_82,82,RZV_2d,2024,1,dC_GP_NonPHN,-7.3439230780965925,-7.363478964190196,-8.01768523473767,-6.597609065710089
Vac_82,82,RZV_2d,2024,1,dC_GP_PHN,-3.282791883108859,-3.2884103500919624,-3.7792792342280994,-2.775100801643909
Vac_82,82,RZV_2d,2024,1,dC_GP,-10.626714961205451,-10.664766133257935,-11.61637397834548,-9.458483242605523
Vac_82,82,RZV_2d,2024,1,dC_Med,-32.847694549930516,-32.82160444051161,-38.19898061745849,-27.77819700359134
Vac_82,82,RZV_2d,2024,1,dC_VacZVL,0,0,0,0
Vac_82,82,RZV_2d,2024,1,dC_VacRZV,170,170,170,170
Vac_82,82,RZV_2d,2024,1,dC_Vac,170,170,170,170
Vac_82,82,RZV_2d,2024,1,dC_All,137.1523054500695,137.17839555948842,131.8010193825415,142.22180299640866
Vac_82,82,RZV_2d,2024,1,dC_Hosp_d,-20.35875044828001,-20.265825221810896,-24.97566006698078,-16.326269295096818
Vac_82,82,RZV_2d,2024,1,dC_GP_NonPHN_d,-6.866566313711329,-6.881467270670603,-7.4717477838103585,-6.181474050104878
Vac_82,82,RZV_2d,2024,1,dC_GP_PHN_d,-3.0769324048976165,-3.080411916131087,-3.5357786888948612,-2.6076360939634693
Vac_82,82,RZV_2d,2024,1,dC_GP_d,-9.943498718608945,-9.977319848070355,-10.85500663403001,-8.868172078706081
Vac_82,82,RZV_2d,2024,1,dC_Med_d,-30.302249166888956,-30.27232942226902,-35.16937125225338,-25.685817585422612
Vac_82,82,RZV_2d,2024,1,dC_VacZVL_d,0,0,0,0
Vac_82,82,RZV_2d,2024,1,dC_VacRZV_d,170,170,170,170
Vac_82,82,RZV_2d,2024,1,dC_Vac_d,170,170,170,170
Vac_82,82,RZV_2d,2024,1,dC_All_d,139.69775083311106,139.72767057773098,134.83062874774663,144.31418241457737
Vac_82,82,RZV_2d,2024,1,dN_VacZVL,0,0,0,0
Vac_82,82,RZV_2d,2024,1,dN_VacRZV,2,2,2,2
Vac_82,82,RZV_2d,2024,1,dN_VacZVL_d,0,0,0,0
Vac_82,82,RZV_2d,2024,1,dN_VacRZV_d,2,2,2,2
Vac_82,82,RZV_2d,2024,1,ICER,13983.849222863511,13894.28011070366,11575.078964426892,16780.09849211749
Vac_82,82,RZV_2d,2024,1,Price0,85,85,85,85
Vac_82,82,RZV_2d,2024,1,Thres20,115.8539550887994,115.6705479541167,98.41805406824,134.52110590829182
Vac_82,82,RZV_2d,2024,1,Thres30,166.20537034147685,166.01072027705717,140.60832245680993,193.59469118577945
Vac_82,82,RZV_2d,2024,1,Thres20_50,NA,115.6705479541167,NA,NA
Vac_82,82,RZV_2d,2024,1,Thres30_90,NA,149.56544076476828,NA,NA
Vac_82,82,RZV_2d,2024,1,Thres,NA,115.6705479541167,NA,NA
Vac_83,83,RZV_1d,2024,1,dYear_Life,6.118479390504383e-4,6.107250651128382e-4,4.972739156073213e-4,7.312028056090102e-4
Vac_83,83,RZV_1d,2024,1,dYear_Immunised,6.618970779527653,6.655511094269402,5.8192270534970065,7.2377304509421565
Vac_83,83,RZV_1d,2024,1,dRisk_HZ,-0.06231694003915314,-0.06263190656062023,-0.0684609149992527,-0.0541441655566227
Vac_83,83,RZV_1d,2024,1,dRisk_Hosp,-0.004767694676013949,-0.004754330295129071,-0.0058382073076285596,-0.003844428841420122
Vac_83,83,RZV_1d,2024,1,dRisk_PHN,-0.0056047208861359915,-0.005612002190691719,-0.006446923999979119,-0.004691708585614429
Vac_83,83,RZV_1d,2024,1,dRisk_Death,-1.2088223870575958e-4,-1.2048675975426833e-4,-1.458882152624912e-4,-9.717339107121979e-5
Vac_83,83,RZV_1d,2024,1,dQ_Life,4.109643722152021e-4,4.1028073997484427e-4,3.344223966295967e-4,4.907530701621976e-4
Vac_83,83,RZV_1d,2024,1,dQ_HZ,0.009550565507450358,0.009538218214034597,0.0077395428830917,0.011384039665631333
Vac_83,83,RZV_1d,2024,1,dQ_HZ_Norm,0.002763470271797771,0.0027615028262655598,0.00224400740476998,0.0032995520797693373
Vac_83,83,RZV_1d,2024,1,dQ_All,0.00995164189972933,0.009954682829944161,0.00808938390717624,0.011784791346310473
Vac_83,83,RZV_1d,2024,1,dQ_HZ_d,0.008937377104812636,0.00893306069411327,0.007251164292823206,0.010639566996631208
Vac_83,83,RZV_1d,2024,1,dQ_HZ_Norm_d,0.0025924710091762694,0.0025911257545736988,0.0021057770759743922,0.0030937619555451196
Vac_83,83,RZV_1d,2024,1,dQ_Life_d,3.585402385439065e-4,3.579605332628688e-4,2.923521756833303e-4,4.2750995045008893e-4
Vac_83,83,RZV_1d,2024,1,dQ_All_d,0.009295917343356566,0.009298554410300142,0.007571669490991883,0.010996426842715843
Vac_83,83,RZV_1d,2024,1,dC_Hosp,-21.45156256729295,-21.405547696194454,-26.5592362425116,-16.996356618538304
Vac_83,83,RZV_1d,2024,1,dC_GP_NonPHN,-6.6612969484340345,-6.692782183720187,-7.363441713511015,-5.774133279699936
Vac_83,83,RZV_1d,2024,1,dC_GP_PHN,-2.966694296948356,-2.977896766082108,-3.4654417483750946,-2.4426347056782416
Vac_83,83,RZV_1d,2024,1,dC_GP,-9.627991245382391,-9.684479264925372,-10.65404133262275,-8.272769051259493
Vac_83,83,RZV_1d,2024,1,dC_Med,-31.07955381267534,-31.09532528307058,-36.43334937242949,-25.846069113083395
Vac_83,83,RZV_1d,2024,1,dC_VacZVL,0,0,0,0
Vac_83,83,RZV_1d,2024,1,dC_VacRZV,85,85,85,85
Vac_83,83,RZV_1d,2024,1,dC_Vac,85,85,85,85
Vac_83,83,RZV_1d,2024,1,dC_All,53.92044618732466,53.90467471692943,48.56665062757051,59.1539308869166
Vac_83,83,RZV_1d,2024,1,dC_Hosp_d,-19.79230707883296,-19.732806316692294,-24.54340267714534,-15.702762443088755
Vac_83,83,RZV_1d,2024,1,dC_GP_NonPHN_d,-6.253323308714563,-6.284768370044516,-6.908496252653245,-5.404311995509052
Vac_83,83,RZV_1d,2024,1,dC_GP_PHN_d,-2.792124360252326,-2.8027160147653847,-3.261821599092048,-2.30555389790873
Vac_83,83,RZV_1d,2024,1,dC_GP_d,-9.045447668966888,-9.099247402626425,-9.99707981284138,-7.765584484272025
Vac_83,83,RZV_1d,2024,1,dC_Med_d,-28.837754747799845,-28.840056942927838,-33.771571168388505,-23.964889738785818
Vac_83,83,RZV_1d,2024,1,dC_VacZVL_d,0,0,0,0
Vac_83,83,RZV_1d,2024,1,dC_VacRZV_d,85,85,85,85
Vac_83,83,RZV_1d,2024,1,dC_Vac_d,85,85,85,85
Vac_83,83,RZV_1d,2024,1,dC_All_d,56.16224525220015,56.15994305707217,51.2284288316115,61.035110261214186
Vac_83,83,RZV_1d,2024,1,dN_VacZVL,0,0,0,0
Vac_83,83,RZV_1d,2024,1,dN_VacRZV,1,1,1,1
Vac_83,83,RZV_1d,2024,1,dN_VacZVL_d,0,0,0,0
Vac_83,83,RZV_1d,2024,1,dN_VacRZV_d,1,1,1,1
Vac_83,83,RZV_1d,2024,1,ICER,6106.960583783551,6024.582323272058,4869.449106128334,7810.773583776083
Vac_83,83,RZV_1d,2024,1,Price0,85,85,85,85
Vac_83,83,RZV_1d,2024,1,Thres20,214.75610161493117,214.92348702736382,177.93506666599697,250.73847293957758
Vac_83,83,RZV_1d,2024,1,Thres30,307.71527504849684,307.9617148850789,253.48478799616186,360.5426065825681
Vac_83,83,RZV_1d,2024,1,Thres20_50,NA,214.92348702736382,NA,NA
Vac_83,83,RZV_1d,2024,1,Thres30_90,NA,273.62323135821657,NA,NA
Vac_83,83,RZV_1d,2024,1,Thres,NA,214.92348702736382,NA,NA
Vac_83,83,RZV_2d,2024,1,dYear_Life,6.31074627766659e-4,6.300977442075251e-4,5.246859490565914e-4,7.481102317191901e-4
Vac_83,83,RZV_2d,2024,1,dYear_Immunised,6.827033531564623,6.854756893351977,6.178899376588735,7.368978163819264
Vac_83,83,RZV_2d,2024,1,dRisk_HZ,-0.06427456432231286,-0.06444029047130134,-0.06969077163845525,-0.05791061474930497
Vac_83,83,RZV_2d,2024,1,dRisk_Hosp,-0.004918023867677568,-0.004900605197280344,-0.005980446319787679,-0.0040070821735241225
Vac_83,83,RZV_2d,2024,1,dRisk_PHN,-0.00578019306726932,-0.005776342870113128,-0.006555496688484643,-0.00494334278333336
Vac_83,83,RZV_2d,2024,1,dRisk_Death,-1.2469632817392685e-4,-1.2437616184033596e-4,-1.4931513043860018e-4,-1.0191576843222909e-4
Vac_83,83,RZV_2d,2024,1,dQ_Life,4.2387339845469406e-4,4.2332418076451717e-4,3.5293004816350226e-4,5.019657101213548e-4
Vac_83,83,RZV_2d,2024,1,dQ_HZ,0.009850578875555396,0.009837191277206921,0.008184123031813626,0.011689790522593401
Vac_83,83,RZV_2d,2024,1,dQ_HZ_Norm,0.0028502012426339135,0.0028376608919939536,0.002371474927971373,0.0033837199238832987
Vac_83,83,RZV_2d,2024,1,dQ_All,0.01026424896525948,0.010253472554298426,0.008580469140717216,0.012106054596117594
Vac_83,83,RZV_2d,2024,1,dQ_HZ_d,0.009217912973348502,0.009199258120608643,0.0076708933962484445,0.010920773455927636
Vac_83,83,RZV_2d,2024,1,dQ_HZ_Norm_d,0.002673774744016168,0.002663395935863417,0.0022308945252241313,0.0031725667332975463
Vac_83,83,RZV_2d,2024,1,dQ_Life_d,3.697976597532575e-4,3.694227339021694e-4,3.0855156643099234e-4,4.3784944781659617e-4
Vac_83,83,RZV_2d,2024,1,dQ_All_d,0.009587710633101784,0.009575333937265729,0.008036300563072519,0.01130886175048429
Vac_83,83,RZV_2d,2024,1,dC_Hosp,-22.128237545722516,-21.99476428427602,-27.14246106044259,-17.72725680677296
Vac_83,83,RZV_2d,2024,1,dC_GP_NonPHN,-6.870547147143448,-6.884748656498942,-7.48276906256882,-6.175392443308987
Vac_83,83,RZV_2d,2024,1,dC_GP_PHN,-3.059489544718676,-3.0653978371402273,-3.543488411592194,-2.591312208084056
Vac_83,83,RZV_2d,2024,1,dC_GP,-9.930036691862124,-9.969968391464636,-10.8465646299263,-8.853467951393302
Vac_83,83,RZV_2d,2024,1,dC_Med,-32.05827423758464,-32.02105512414292,-37.37283562132705,-27.05471256403193
Vac_83,83,RZV_2d,2024,1,dC_VacZVL,0,0,0,0
Vac_83,83,RZV_2d,2024,1,dC_VacRZV,170,170,170,170
Vac_83,83,RZV_2d,2024,1,dC_Vac,170,170,170,170
Vac_83,83,RZV_2d,2024,1,dC_All,137.94172576241536,137.97894487585708,132.62716437867294,142.94528743596805
Vac_83,83,RZV_2d,2024,1,dC_Hosp_d,-20.416129332823992,-20.29249713127119,-25.04863923611292,-16.422422542437154
Vac_83,83,RZV_2d,2024,1,dC_GP_NonPHN_d,-6.449613228996659,-6.462434965115868,-7.010514808592646,-5.809107001715956
Vac_83,83,RZV_2d,2024,1,dC_GP_PHN_d,-2.879401278546491,-2.885706915901853,-3.333892854855142,-2.439550506167913
Vac_83,83,RZV_2d,2024,1,dC_GP_d,-9.32901450754315,-9.363154137492872,-10.171261965458687,-8.323358185567278
Vac_83,83,RZV_2d,2024,1,dC_Med_d,-29.745143840367145,-29.706444718684658,-34.651632983332746,-25.171313716056513
Vac_83,83,RZV_2d,2024,1,dC_VacZVL_d,0,0,0,0
Vac_83,83,RZV_2d,2024,1,dC_VacRZV_d,170,170,170,170
Vac_83,83,RZV_2d,2024,1,dC_Vac_d,170,170,170,170
Vac_83,83,RZV_2d,2024,1,dC_All_d,140.25485615963285,140.29355528131532,135.34836701666728,144.82868628394345
Vac_83,83,RZV_2d,2024,1,dN_VacZVL,0,0,0,0
Vac_83,83,RZV_2d,2024,1,dN_VacRZV,2,2,2,2
Vac_83,83,RZV_2d,2024,1,dN_VacZVL_d,0,0,0,0
Vac_83,83,RZV_2d,2024,1,dN_VacRZV_d,2,2,2,2
Vac_83,83,RZV_2d,2024,1,ICER,14746.825265670199,14626.892535901912,12220.42698054795,17698.174557978877
Vac_83,83,RZV_2d,2024,1,Price0,85,85,85,85
Vac_83,83,RZV_2d,2024,1,Thres20,110.7496782512014,110.67725739654264,94.38819019267355,128.64903445055015
Vac_83,83,RZV_2d,2024,1,Thres30,158.68823141671032,158.61716137985124,134.42044576180945,185.1937994117597
Vac_83,83,RZV_2d,2024,1,Thres20_50,NA,110.67725739654264,NA,NA
Vac_83,83,RZV_2d,2024,1,Thres30_90,NA,142.65052909916236,NA,NA
Vac_83,83,RZV_2d,2024,1,Thres,NA,110.67725739654264,NA,NA
Vac_84,84,RZV_1d,2024,1,dYear_Life,5.994673086513344e-4,5.986729064177965e-4,4.865562879940777e-4,7.173714799971308e-4
Vac_84,84,RZV_1d,2024,1,dYear_Immunised,6.224009492065565,6.261741510041668,5.465198969769977,6.786325921219381
Vac_84,84,RZV_1d,2024,1,dRisk_HZ,-0.058400515229725905,-0.058735567807561354,-0.0641393669721023,-0.05086529136863227
Vac_84,84,RZV_1d,2024,1,dRisk_Hosp,-0.004697966118161506,-0.0046810140592642956,-0.00579545180317158,-0.0037630697268426954
Vac_84,84,RZV_1d,2024,1,dRisk_PHN,-0.005218762825994064,-0.005231726458893766,-0.0060878779444955445,-0.0043084959081400795
Vac_84,84,RZV_1d,2024,1,dRisk_Death,-1.2279992260774166e-4,-1.225905839190357e-4,-1.4850005770878543e-4,-9.866708533961817e-5
Vac_84,84,RZV_1d,2024,1,dQ_Life,4.0114969629660946e-4,4.00802345567719e-4,3.260815651735083e-4,4.7966558695398124e-4
Vac_84,84,RZV_1d,2024,1,dQ_HZ,0.009016111380535105,0.009011809826053794,0.007308397127592086,0.01074861041653582
Vac_84,84,RZV_1d,2024,1,dQ_HZ_Norm,0.0025842801001618298,0.0025818137088917024,0.0020976282614694622,0.0030846408162840218
Vac_84,84,RZV_1d,2024,1,dQ_All,0.009406767424786182,0.009402014699841477,0.007679872887977601,0.011147442917479353
Vac_84,84,RZV_1d,2024,1,dQ_HZ_d,0.00847299138369557,0.008473748427859425,0.006882309290477225,0.010087603963886598
Vac_84,84,RZV_1d,2024,1,dQ_HZ_Norm_d,0.0024338702363298236,0.0024304613389081655,0.001979631889503968,0.002905719764758134
Vac_84,84,RZV_1d,2024,1,dQ_Life_d,3.531225072783126e-4,3.5286573289594614e-4,2.8769622474951185e-4,4.2175718350214716e-4
Vac_84,84,RZV_1d,2024,1,dQ_All_d,0.00882611389097391,0.008820162849021429,0.007220855965488005,0.01043870759645646
Vac_84,84,RZV_1d,2024,1,dC_Hosp,-21.269382825272256,-21.225860586386936,-26.320152770539288,-16.817538336334295
Vac_84,84,RZV_1d,2024,1,dC_GP_NonPHN,-6.216842787120261,-6.256362331890511,-6.866276743577917,-5.38464730935022
Vac_84,84,RZV_1d,2024,1,dC_GP_PHN,-2.749306035902429,-2.754078727143363,-3.2466402819474696,-2.2455525578723448
Vac_84,84,RZV_1d,2024,1,dC_GP,-8.96614882302269,-9.026573045197594,-9.92210977948607,-7.702952245524938
Vac_84,84,RZV_1d,2024,1,dC_Med,-30.235531648294945,-30.231790245264733,-35.54730282836796,-25.1373093252444
Vac_84,84,RZV_1d,2024,1,dC_VacZVL,0,0,0,0
Vac_84,84,RZV_1d,2024,1,dC_VacRZV,85,85,85,85
Vac_84,84,RZV_1d,2024,1,dC_Vac,85,85,85,85
Vac_84,84,RZV_1d,2024,1,dC_All,54.764468351705055,54.76820975473527,49.45269717163203,59.86269067475561
Vac_84,84,RZV_1d,2024,1,dC_Hosp_d,-19.75291482879849,-19.68817488232625,-24.478819331814584,-15.600771478095329
Vac_84,84,RZV_1d,2024,1,dC_GP_NonPHN_d,-5.858762655908841,-5.893851413794515,-6.46120096414757,-5.071285142906758
Vac_84,84,RZV_1d,2024,1,dC_GP_PHN_d,-2.597414760679955,-2.601281112414939,-3.0684249264053314,-2.123837031160072
Vac_84,84,RZV_1d,2024,1,dC_GP_d,-8.456177416588796,-8.506561790991473,-9.34591543056013,-7.260368534812596
Vac_84,84,RZV_1d,2024,1,dC_Med_d,-28.20909224538729,-28.214645785778266,-33.14456083288358,-23.45057796714165
Vac_84,84,RZV_1d,2024,1,dC_VacZVL_d,0,0,0,0
Vac_84,84,RZV_1d,2024,1,dC_VacRZV_d,85,85,85,85
Vac_84,84,RZV_1d,2024,1,dC_Vac_d,85,85,85,85
Vac_84,84,RZV_1d,2024,1,dC_All_d,56.79090775461271,56.785354214221734,51.855439167116415,61.54942203285836
Vac_84,84,RZV_1d,2024,1,dN_VacZVL,0,0,0,0
Vac_84,84,RZV_1d,2024,1,dN_VacRZV,1,1,1,1
Vac_84,84,RZV_1d,2024,1,dN_VacZVL_d,0,0,0,0
Vac_84,84,RZV_1d,2024,1,dN_VacRZV_d,1,1,1,1
Vac_84,84,RZV_1d,2024,1,ICER,6504.376488682844,6419.892877876951,5182.348088115117,8280.678142595196
Vac_84,84,RZV_1d,2024,1,Price0,85,85,85,85
Vac_84,84,RZV_1d,2024,1,Thres20,204.73137006486547,204.7240700443502,169.37689500265006,238.96137841240048
Vac_84,84,RZV_1d,2024,1,Thres30,292.99250897460456,292.95496386770856,241.59080800687823,343.3477992124085
Vac_84,84,RZV_1d,2024,1,Thres20_50,NA,204.7240700443502,NA,NA
Vac_84,84,RZV_1d,2024,1,Thres30_90,NA,260.31971522150656,NA,NA
Vac_84,84,RZV_1d,2024,1,Thres,NA,204.7240700443502,NA,NA
Vac_84,84,RZV_2d,2024,1,dYear_Life,6.182720497487111e-4,6.174867014943075e-4,5.134568477891399e-4,7.329734107558438e-4
Vac_84,84,RZV_2d,2024,1,dYear_Immunised,6.419462031048878,6.444072824378013,5.820497349669595,6.909337796855743
Vac_84,84,RZV_2d,2024,1,dRisk_HZ,-0.06023344471343745,-0.06043694782822569,-0.06512741485778867,-0.05443173569677648
Vac_84,84,RZV_2d,2024,1,dRisk_Hosp,-0.004845945815613863,-0.004824455608025373,-0.005916601405412849,-0.003933268933713063
Vac_84,84,RZV_2d,2024,1,dRisk_PHN,-0.0053819820254615005,-0.005388153083593669,-0.006190336897853428,-0.00456597619744766
Vac_84,84,RZV_2d,2024,1,dRisk_Death,-1.266663654693144e-4,-1.2641805385611536e-4,-1.5147495565787965e-4,-1.0378927160166749e-4
Vac_84,84,RZV_2d,2024,1,dQ_Life,4.1372871118578434e-4,4.1334710948470743e-4,3.440267846408274e-4,4.901386270126596e-4
Vac_84,84,RZV_2d,2024,1,dQ_HZ,0.009299055417873254,0.009283027179574702,0.0077375666811088884,0.01100761567350193
Vac_84,84,RZV_2d,2024,1,dQ_HZ_Norm,0.002665314412245955,0.002653820176886755,0.0022124900259079274,0.003162522993492464
Vac_84,84,RZV_2d,2024,1,dQ_All,0.00970195675653128,0.009680751151996514,0.008130715975571155,0.011447341311140845
Vac_84,84,RZV_2d,2024,1,dQ_HZ_d,0.008738709658433803,0.008726947659033573,0.007293887330573143,0.010322510075107628
Vac_84,84,RZV_2d,2024,1,dQ_HZ_Norm_d,0.00251013758361112,0.0025008748419469914,0.0020874828984948322,0.002977681281184245
Vac_84,84,RZV_2d,2024,1,dQ_Life_d,3.6419131458805643e-4,3.6388228567219016e-4,3.033142114047926e-4,4.3107788167431324e-4
Vac_84,84,RZV_2d,2024,1,dQ_All_d,0.009102900973021886,0.009089642974921652,0.007641741184444095,0.010716767971943651
Vac_84,84,RZV_2d,2024,1,dC_Hosp,-21.939538755819207,-21.87384884015018,-26.994642670331007,-17.584963123520794
Vac_84,84,RZV_2d,2024,1,dC_GP_NonPHN,-6.411952296154674,-6.42100172009383,-6.964162686039742,-5.766958216600888
Vac_84,84,RZV_2d,2024,1,dC_GP_PHN,-2.8352099657731484,-2.83817200747195,-3.302532618775255,-2.384843661043233
Vac_84,84,RZV_2d,2024,1,dC_GP,-9.247162261927823,-9.286959339989348,-10.094430317452387,-8.248784983732136
Vac_84,84,RZV_2d,2024,1,dC_Med,-31.18670101774703,-31.17131417672031,-36.51895982781292,-26.323038433948078
Vac_84,84,RZV_2d,2024,1,dC_VacZVL,0,0,0,0
Vac_84,84,RZV_2d,2024,1,dC_VacRZV,170,170,170,170
Vac_84,84,RZV_2d,2024,1,dC_Vac,170,170,170,170
Vac_84,84,RZV_2d,2024,1,dC_All,138.81329898225297,138.82868582327967,133.4810401721871,143.67696156605192
Vac_84,84,RZV_2d,2024,1,dC_Hosp_d,-20.374867262128806,-20.30963318431009,-25.008196837683148,-16.31023913246028
Vac_84,84,RZV_2d,2024,1,dC_GP_NonPHN_d,-6.042512668213299,-6.052325966309088,-6.559126460143629,-5.437194577299814
Vac_84,84,RZV_2d,2024,1,dC_GP_PHN_d,-2.6785241493561576,-2.681125624441208,-3.117231524242971,-2.2594372105312726
Vac_84,84,RZV_2d,2024,1,dC_GP_d,-8.721036817569457,-8.756941325689368,-9.495363769641312,-7.793764894352652
Vac_84,84,RZV_2d,2024,1,dC_Med_d,-29.09590407969826,-29.070832501751525,-34.01774802433938,-24.545697791537062
Vac_84,84,RZV_2d,2024,1,dC_VacZVL_d,0,0,0,0
Vac_84,84,RZV_2d,2024,1,dC_VacRZV_d,170,170,170,170
Vac_84,84,RZV_2d,2024,1,dC_Vac_d,170,170,170,170
Vac_84,84,RZV_2d,2024,1,dC_All_d,140.90409592030173,140.9291674982485,135.98225197566063,145.45430220846296
Vac_84,84,RZV_2d,2024,1,dN_VacZVL,0,0,0,0
Vac_84,84,RZV_2d,2024,1,dN_VacRZV,2,2,2,2
Vac_84,84,RZV_2d,2024,1,dN_VacZVL_d,0,0,0,0
Vac_84,84,RZV_2d,2024,1,dN_VacRZV_d,2,2,2,2
Vac_84,84,RZV_2d,2024,1,ICER,15604.889803531596,15509.493832615168,12960.228942915444,18764.7007640923
Vac_84,84,RZV_2d,2024,1,Price0,85,85,85,85
Vac_84,84,RZV_2d,2024,1,Thres20,105.57696177006798,105.44298523037537,89.76811757197028,122.63491917342654
Vac_84,84,RZV_2d,2024,1,Thres30,151.0914666351774,150.9506789994802,127.68304181021405,176.2039948124356
Vac_84,84,RZV_2d,2024,1,Thres20_50,NA,105.44298523037537,NA,NA
Vac_84,84,RZV_2d,2024,1,Thres30_90,NA,135.8277121565149,NA,NA
Vac_84,84,RZV_2d,2024,1,Thres,NA,105.44298523037537,NA,NA
Vac_85,85,RZV_1d,2024,1,dYear_Life,5.83301821050299e-4,5.822999732627565e-4,4.7336789561276406e-4,6.9811398803099e-4
Vac_85,85,RZV_1d,2024,1,dYear_Immunised,5.844470683246633,5.88458963970899,5.118017039476067,6.361631473501596
Vac_85,85,RZV_1d,2024,1,dRisk_HZ,-0.05463346432952516,-0.054938712600874864,-0.0599229436376712,-0.047509882796104005
Vac_85,85,RZV_1d,2024,1,dRisk_Hosp,-0.004619988244691335,-0.004592633603389126,-0.005698164093789234,-0.003698826174710881
Vac_85,85,RZV_1d,2024,1,dRisk_PHN,-0.004844254652017197,-0.004855221488908466,-0.00568784842605308,-0.003970198728671745
Vac_85,85,RZV_1d,2024,1,dRisk_Death,-1.2423174048419502e-4,-1.2413051987930597e-4,-1.4974942448443894e-4,-9.996925627120713e-5
Vac_85,85,RZV_1d,2024,1,dQ_Life,3.8873151416379283e-4,3.883130066606455e-4,3.16006117141443e-4,4.649251724994526e-4
Vac_85,85,RZV_1d,2024,1,dQ_HZ,0.008496017488904462,0.008476719131963593,0.006881268060066884,0.010125441650383779
Vac_85,85,RZV_1d,2024,1,dQ_HZ_Norm,0.0024127406841877004,0.0024120060347401526,0.0019533485565096705,0.002883955224874677
Vac_85,85,RZV_1d,2024,1,dQ_All,0.008873578031910884,0.00886341973118876,0.007228456022471441,0.010504326941744033
Vac_85,85,RZV_1d,2024,1,dQ_HZ_d,0.008017313300659603,0.00800164068212478,0.006485073996221008,0.00953574511588567
Vac_85,85,RZV_1d,2024,1,dQ_HZ_Norm_d,0.00228106843829684,0.002281095651117364,0.0018467141797126375,0.0027242678427321448
Vac_85,85,RZV_1d,2024,1,dQ_Life_d,3.4517971928943637e-4,3.44749929537258e-4,2.806466478650904e-4,4.1253625019415063e-4
Vac_85,85,RZV_1d,2024,1,dQ_All_d,0.008362493019949038,0.008354776156093369,0.006828173948715754,0.00988840565512461
Vac_85,85,RZV_1d,2024,1,dC_Hosp,-21.04697262832048,-20.984741160440834,-26.191746886371593,-16.666006462143283
Vac_85,85,RZV_1d,2024,1,dC_GP_NonPHN,-5.790517763064963,-5.819867115927741,-6.37207928375912,-5.019647802217366
Vac_85,85,RZV_1d,2024,1,dC_GP_PHN,-2.5390154194994827,-2.5428037068494196,-3.0121873409786013,-2.050920459014072
Vac_85,85,RZV_1d,2024,1,dC_GP,-8.329533182564445,-8.383274522196459,-9.214103740609527,-7.1560034539762585
Vac_85,85,RZV_1d,2024,1,dC_Med,-29.37650581088492,-29.34387871080405,-34.815881661947465,-24.273106344207527
Vac_85,85,RZV_1d,2024,1,dC_VacZVL,0,0,0,0
Vac_85,85,RZV_1d,2024,1,dC_VacRZV,85,85,85,85
Vac_85,85,RZV_1d,2024,1,dC_Vac,85,85,85,85
Vac_85,85,RZV_1d,2024,1,dC_All,55.62349418911508,55.65612128919596,50.184118338052535,60.72689365579247
Vac_85,85,RZV_1d,2024,1,dC_Hosp_d,-19.670314313486813,-19.61380694432506,-24.497489793415184,-15.54547130997004
Vac_85,85,RZV_1d,2024,1,dC_GP_NonPHN_d,-5.477746569598855,-5.505818025351843,-6.0199827110741575,-4.752354314918424
Vac_85,85,RZV_1d,2024,1,dC_GP_PHN_d,-2.4075784984958926,-2.4125192374875635,-2.8570947565414744,-1.9466874891746329
Vac_85,85,RZV_1d,2024,1,dC_GP_d,-7.8853250680947475,-7.936507609181978,-8.711631477034532,-6.784716963833124
Vac_85,85,RZV_1d,2024,1,dC_Med_d,-27.55563938158156,-27.523511595007925,-32.73892987394162,-22.76614906897295
Vac_85,85,RZV_1d,2024,1,dC_VacZVL_d,0,0,0,0
Vac_85,85,RZV_1d,2024,1,dC_VacRZV_d,85,85,85,85
Vac_85,85,RZV_1d,2024,1,dC_Vac_d,85,85,85,85
Vac_85,85,RZV_1d,2024,1,dC_All_d,57.444360618418436,57.476488404992075,52.26107012605837,62.23385093102706
Vac_85,85,RZV_1d,2024,1,dN_VacZVL,0,0,0,0
Vac_85,85,RZV_1d,2024,1,dN_VacRZV,1,1,1,1
Vac_85,85,RZV_1d,2024,1,dN_VacZVL_d,0,0,0,0
Vac_85,85,RZV_1d,2024,1,dN_VacRZV_d,1,1,1,1
Vac_85,85,RZV_1d,2024,1,ICER,6944.396603141512,6860.934855044405,5534.8559410954485,8834.148011211726
Vac_85,85,RZV_1d,2024,1,Price0,85,85,85,85
Vac_85,85,RZV_1d,2024,1,Thres20,194.80549978056231,194.8097168864124,161.13604414395596,227.04619522382853
Vac_85,85,RZV_1d,2024,1,Thres30,278.4304299800527,278.16463808143305,229.17658394911757,325.8201444494109
Vac_85,85,RZV_1d,2024,1,Thres20_50,NA,194.8097168864124,NA,NA
Vac_85,85,RZV_1d,2024,1,Thres30_90,NA,247.0495882845073,NA,NA
Vac_85,85,RZV_1d,2024,1,Thres,NA,194.8097168864124,NA,NA
Vac_85,85,RZV_2d,2024,1,dYear_Life,6.015689486784837e-4,6.011094844593501e-4,4.992123389746971e-4,7.14293520060849e-4
Vac_85,85,RZV_2d,2024,1,dYear_Immunised,6.027826214943232,6.047555368934679,5.477467804089408,6.470583812548234
Vac_85,85,RZV_2d,2024,1,dRisk_HZ,-0.05634657237227202,-0.05649422630299,-0.06075142392512702,-0.050937531654047824
Vac_85,85,RZV_2d,2024,1,dRisk_Hosp,-0.004765280047869365,-0.00473641028713781,-0.005822875316617914,-0.0038753126114228686
Vac_85,85,RZV_2d,2024,1,dRisk_PHN,-0.0049956351274345655,-0.00499623874938468,-0.005794128240042954,-0.004202962949122481
Vac_85,85,RZV_2d,2024,1,dRisk_Death,-1.28135477945287e-4,-1.2793863750751815e-4,-1.5341142656957613e-4,-1.0498098923071114e-4
Vac_85,85,RZV_2d,2024,1,dQ_Life,4.009010369718333e-4,4.008062802451917e-4,3.3315175455694845e-4,4.75822938561965e-4
Vac_85,85,RZV_2d,2024,1,dQ_HZ,0.00876236680658629,0.008749254738745268,0.007275725096662794,0.010346090190583634
Vac_85,85,RZV_2d,2024,1,dQ_HZ_Norm,0.0024883271823960772,0.0024821337046817085,0.002057686029197493,0.0029481714005718395
Vac_85,85,RZV_2d,2024,1,dQ_All,0.009151742558787418,0.009131455128109867,0.007647599230521184,0.010772323836724794
Vac_85,85,RZV_2d,2024,1,dQ_HZ_d,0.008268502623581687,0.008256690151129776,0.006892481049223479,0.009754746615596744
Vac_85,85,RZV_2d,2024,1,dQ_HZ_Norm_d,0.0023524877620977277,0.0023457211877995683,0.0019478635997183555,0.0027876686082435893
Vac_85,85,RZV_2d,2024,1,dQ_Life_d,3.5598225387817583e-4,3.5589205321295836e-4,2.95774133057769e-4,4.222808993229244e-4
Vac_85,85,RZV_2d,2024,1,dQ_All_d,0.008624484877459877,0.008604231835106724,0.007226319207981069,0.01013546881630245
Vac_85,85,RZV_2d,2024,1,dC_Hosp,-21.709002730336017,-21.647753377658482,-26.853407442614014,-17.48212798939217
Vac_85,85,RZV_2d,2024,1,dC_GP_NonPHN,-5.97208139679202,-5.9805050228268755,-6.477956666389978,-5.375079180360886
Vac_85,85,RZV_2d,2024,1,dC_GP_PHN,-2.618284342071478,-2.618594470257769,-3.078168278577867,-2.1756250229485703
Vac_85,85,RZV_2d,2024,1,dC_GP,-8.590365738863499,-8.616666926023203,-9.37814258590176,-7.682609988071398
Vac_85,85,RZV_2d,2024,1,dC_Med,-30.299368469199514,-30.230870685393672,-35.64718075986276,-25.622700260974863
Vac_85,85,RZV_2d,2024,1,dC_VacZVL,0,0,0,0
Vac_85,85,RZV_2d,2024,1,dC_VacRZV,170,170,170,170
Vac_85,85,RZV_2d,2024,1,dC_Vac,170,170,170,170
Vac_85,85,RZV_2d,2024,1,dC_All,139.70063153080048,139.76912931460635,134.35281924013725,144.37729973902515
Vac_85,85,RZV_2d,2024,1,dC_Hosp_d,-20.28867465379161,-20.242101744038845,-25.16020093041921,-16.33399977572312
Vac_85,85,RZV_2d,2024,1,dC_GP_NonPHN_d,-5.64940170718782,-5.659889101825293,-6.118963333996767,-5.09128472083119
Vac_85,85,RZV_2d,2024,1,dC_GP_PHN_d,-2.482704635952305,-2.4852631522122346,-2.9161660295865612,-2.069244772866633
Vac_85,85,RZV_2d,2024,1,dC_GP_d,-8.132106343140126,-8.15821604232572,-8.863162571706818,-7.276269862987321
Vac_85,85,RZV_2d,2024,1,dC_Med_d,-28.420780996931736,-28.338266644601127,-33.451002087131336,-24.054441746780284
Vac_85,85,RZV_2d,2024,1,dC_VacZVL_d,0,0,0,0
Vac_85,85,RZV_2d,2024,1,dC_VacRZV_d,170,170,170,170
Vac_85,85,RZV_2d,2024,1,dC_Vac_d,170,170,170,170
Vac_85,85,RZV_2d,2024,1,dC_All_d,141.57921900306826,141.6617333553989,136.54899791286869,145.94555825321973
Vac_85,85,RZV_2d,2024,1,dN_VacZVL,0,0,0,0
Vac_85,85,RZV_2d,2024,1,dN_VacRZV,2,2,2,2
Vac_85,85,RZV_2d,2024,1,dN_VacZVL_d,0,0,0,0
Vac_85,85,RZV_2d,2024,1,dN_VacRZV_d,2,2,2,2
Vac_85,85,RZV_2d,2024,1,ICER,16550.45573272431,16466.841373847077,13792.865778397158,19842.516750877174
Vac_85,85,RZV_2d,2024,1,Price0,85,85,85,85
Vac_85,85,RZV_2d,2024,1,Thres20,100.45523927306465,100.22366439564357,85.58057052139995,116.34344619339267
Vac_85,85,RZV_2d,2024,1,Thres30,143.57766366036404,143.23793649389776,121.7371393633722,166.825215551486
Vac_85,85,RZV_2d,2024,1,Thres20_50,NA,100.22366439564357,NA,NA
Vac_85,85,RZV_2d,2024,1,Thres30_90,NA,129.14865494925027,NA,NA
Vac_85,85,RZV_2d,2024,1,Thres,NA,100.22366439564357,NA,NA
Vac_86,86,RZV_1d,2024,1,dYear_Life,5.623989025988747e-4,5.614429517657449e-4,4.55779521123123e-4,6.768250980924373e-4
Vac_86,86,RZV_1d,2024,1,dYear_Immunised,5.480830280406722,5.521478226333013,4.8011486627568445,5.949184281179858
Vac_86,86,RZV_1d,2024,1,dRisk_HZ,-0.05097743842968326,-0.05131871882983358,-0.055764140829162506,-0.04445764731091592
Vac_86,86,RZV_1d,2024,1,dRisk_Hosp,-0.004515022103229983,-0.0044878694893527105,-0.005570097075685124,-0.0035986349262745036
Vac_86,86,RZV_1d,2024,1,dRisk_PHN,-0.004480899594342884,-0.00447473929241753,-0.005325083901717339,-0.003650026097921387
Vac_86,86,RZV_1d,2024,1,dRisk_Death,-1.2492882985350973e-4,-1.2481605565134272e-4,-1.507931186833678e-4,-1.0029192853440622e-4
Vac_86,86,RZV_1d,2024,1,dQ_Life,3.7308962145241774e-4,3.726628108413621e-4,3.024072242171494e-4,4.486222496663528e-4
Vac_86,86,RZV_1d,2024,1,dQ_HZ,0.007984745397957304,0.007970059903271664,0.006447179411765656,0.009511534121965879
Vac_86,86,RZV_1d,2024,1,dQ_HZ_Norm,0.002247027352691664,0.00224772931142694,0.0018155204958316684,0.002692295422379363
Vac_86,86,RZV_1d,2024,1,dQ_All,0.008345911358110497,0.008338066920829945,0.0067856426158936275,0.00990339039548369
Vac_86,86,RZV_1d,2024,1,dQ_HZ_d,0.007564965149218933,0.007550456234203742,0.00611585436206893,0.00900577081702716
Vac_86,86,RZV_1d,2024,1,dQ_HZ_Norm_d,0.002132324385712962,0.00213367780657814,0.001722099965442106,0.0025517962413709617
Vac_86,86,RZV_1d,2024,1,dQ_Life_d,3.340929145602938e-4,3.3377145302315725e-4,2.7067875406383557e-4,4.013612761861518e-4
Vac_86,86,RZV_1d,2024,1,dQ_All_d,0.007899058063779248,0.007889641470921305,0.006427172285127369,0.009367426813294255
Vac_86,86,RZV_1d,2024,1,dC_Hosp,-20.70021961498751,-20.616679754673292,-25.726008168392195,-16.286026815038632
Vac_86,86,RZV_1d,2024,1,dC_GP_NonPHN,-5.3795441001008335,-5.407963770090175,-5.923610433563959,-4.672107813459499
Vac_86,86,RZV_1d,2024,1,dC_GP_PHN,-2.336383424173052,-2.3331630995198065,-2.8031775064873132,-1.8761011885858996
Vac_86,86,RZV_1d,2024,1,dC_GP,-7.715927524273885,-7.765602489465658,-8.521366331138001,-6.655027217178781
Vac_86,86,RZV_1d,2024,1,dC_Med,-28.416147139261394,-28.319838587398987,-33.61101951443098,-23.483671043667176
Vac_86,86,RZV_1d,2024,1,dC_VacZVL,0,0,0,0
Vac_86,86,RZV_1d,2024,1,dC_VacRZV,85,85,85,85
Vac_86,86,RZV_1d,2024,1,dC_Vac,85,85,85,85
Vac_86,86,RZV_1d,2024,1,dC_All,56.5838528607386,56.68016141260101,51.388980485569014,61.51632895633283
Vac_86,86,RZV_1d,2024,1,dC_Hosp_d,-19.45914167047968,-19.342796101419314,-24.205105649155055,-15.274813073232686
Vac_86,86,RZV_1d,2024,1,dC_GP_NonPHN_d,-5.107713930636122,-5.1351325961678755,-5.6213160932915205,-4.428210921198184
Vac_86,86,RZV_1d,2024,1,dC_GP_PHN_d,-2.2232814205423446,-2.219061225268266,-2.6657010138794623,-1.7905940183358438
Vac_86,86,RZV_1d,2024,1,dC_GP_d,-7.330995351178467,-7.377551223675297,-8.087809553368599,-6.331481918182355
Vac_86,86,RZV_1d,2024,1,dC_Med_d,-26.790137021658147,-26.68897134972529,-31.721737124490442,-22.112361921574696
Vac_86,86,RZV_1d,2024,1,dC_VacZVL_d,0,0,0,0
Vac_86,86,RZV_1d,2024,1,dC_VacRZV_d,85,85,85,85
Vac_86,86,RZV_1d,2024,1,dC_Vac_d,85,85,85,85
Vac_86,86,RZV_1d,2024,1,dC_All_d,58.20986297834185,58.31102865027471,53.278262875509554,62.887638078425304
Vac_86,86,RZV_1d,2024,1,dN_VacZVL,0,0,0,0
Vac_86,86,RZV_1d,2024,1,dN_VacRZV,1,1,1,1
Vac_86,86,RZV_1d,2024,1,dN_VacZVL_d,0,0,0,0
Vac_86,86,RZV_1d,2024,1,dN_VacRZV_d,1,1,1,1
Vac_86,86,RZV_1d,2024,1,ICER,7450.759685310684,7371.0549300777675,5940.100084878806,9480.826761568534
Vac_86,86,RZV_1d,2024,1,Price0,85,85,85,85
Vac_86,86,RZV_1d,2024,1,Thres20,184.7712982972431,184.72364936378187,153.05448819987203,215.60234114544818
Vac_86,86,RZV_1d,2024,1,Thres30,263.7618789350356,263.7036022980843,216.99733116392335,309.18455095694003
Vac_86,86,RZV_1d,2024,1,Thres20_50,NA,184.72364936378187,NA,NA
Vac_86,86,RZV_1d,2024,1,Thres30_90,NA,233.43098302891875,NA,NA
Vac_86,86,RZV_1d,2024,1,Thres,NA,184.72364936378187,NA,NA
Vac_86,86,RZV_2d,2024,1,dYear_Life,5.799835950075805e-4,5.790908850742404e-4,4.7924132096999195e-4,6.905071896025959e-4
Vac_86,86,RZV_2d,2024,1,dYear_Immunised,5.6526145620613,5.669779559222203,5.143974612583398,6.050743910848908
Vac_86,86,RZV_2d,2024,1,dRisk_HZ,-0.052574451143748153,-0.05271348603544649,-0.05657705866871143,-0.04758605549874707
Vac_86,86,RZV_2d,2024,1,dRisk_Hosp,-0.004656802240393722,-0.004634424473003501,-0.0056954160976651885,-0.003729884457109023
Vac_86,86,RZV_2d,2024,1,dRisk_PHN,-0.004620788928556026,-0.004614713106015871,-0.005418430395880386,-0.003867865010989368
Vac_86,86,RZV_2d,2024,1,dRisk_Death,-1.288471539849298e-4,-1.2866055783347015e-4,-1.542550715022035e-4,-1.0573709698526293e-4
Vac_86,86,RZV_2d,2024,1,dQ_Life,3.8475119668885196e-4,3.841434987847947e-4,3.183372734895107e-4,4.578543149173608e-4
Vac_86,86,RZV_2d,2024,1,dQ_HZ,0.008234817563064144,0.008213676651991634,0.006843576753879601,0.00973213286016961
Vac_86,86,RZV_2d,2024,1,dQ_HZ_Norm,0.0023173574692131015,0.002311810807486843,0.0019176057249195037,0.0027625882426561077
Vac_86,86,RZV_2d,2024,1,dQ_All,0.008607267878910009,0.00858690155715136,0.007200820831437138,0.010110620100000873
Vac_86,86,RZV_2d,2024,1,dQ_HZ_d,0.007801763202880033,0.007781598364972694,0.006498260917108336,0.009207045985167629
Vac_86,86,RZV_2d,2024,1,dQ_HZ_Norm_d,0.0021990295320937774,0.002193974995798189,0.0018203274658425423,0.0026192248362191233
Vac_86,86,RZV_2d,2024,1,dQ_Life_d,3.445325886779154e-4,3.4400055709271626e-4,2.852163681399844e-4,4.098413251417021e-4
Vac_86,86,RZV_2d,2024,1,dQ_All_d,0.008146295791557978,0.008127439202069375,0.006826505540676142,0.009562742112886187
Vac_86,86,RZV_2d,2024,1,dC_Hosp,-21.350292820989335,-21.30357926595547,-26.39804999035998,-16.992919076167627
Vac_86,86,RZV_2d,2024,1,dC_GP_NonPHN,-5.548072319290986,-5.556240538136257,-6.001486832110667,-5.010334135756584
Vac_86,86,RZV_2d,2024,1,dC_GP_PHN,-2.4092568745931744,-2.4047125611255598,-2.8557488870450642,-1.9865082663584528
Vac_86,86,RZV_2d,2024,1,dC_GP,-7.957329193884161,-7.972783708329389,-8.682081421312938,-7.151391280521859
Vac_86,86,RZV_2d,2024,1,dC_Med,-29.307622014873495,-29.279657735128175,-34.37379234910385,-24.67928886401529
Vac_86,86,RZV_2d,2024,1,dC_VacZVL,0,0,0,0
Vac_86,86,RZV_2d,2024,1,dC_VacRZV,170,170,170,170
Vac_86,86,RZV_2d,2024,1,dC_Vac,170,170,170,170
Vac_86,86,RZV_2d,2024,1,dC_All,140.6923779851265,140.72034226487182,135.62620765089616,145.3207111359847
Vac_86,86,RZV_2d,2024,1,dC_Hosp_d,-20.069925392510015,-20.014857500942174,-24.877780487341887,-15.951930811745996
Vac_86,86,RZV_2d,2024,1,dC_GP_NonPHN_d,-5.267642454243697,-5.274538264319449,-5.691822224896729,-4.767192101019716
Vac_86,86,RZV_2d,2024,1,dC_GP_PHN_d,-2.2925952776490353,-2.2868078182168743,-2.713225346544478,-1.8940812765490482
Vac_86,86,RZV_2d,2024,1,dC_GP_d,-7.560237731892732,-7.578638391978183,-8.243155634604667,-6.802720355407595
Vac_86,86,RZV_2d,2024,1,dC_Med_d,-27.630163124402745,-27.608853217586802,-32.43970491547071,-23.29285858538048
Vac_86,86,RZV_2d,2024,1,dC_VacZVL_d,0,0,0,0
Vac_86,86,RZV_2d,2024,1,dC_VacRZV_d,170,170,170,170
Vac_86,86,RZV_2d,2024,1,dC_Vac_d,170,170,170,170
Vac_86,86,RZV_2d,2024,1,dC_All_d,142.36983687559726,142.3911467824132,137.5602950845293,146.70714141461949
Vac_86,86,RZV_2d,2024,1,dN_VacZVL,0,0,0,0
Vac_86,86,RZV_2d,2024,1,dN_VacRZV,2,2,2,2
Vac_86,86,RZV_2d,2024,1,dN_VacZVL_d,0,0,0,0
Vac_86,86,RZV_2d,2024,1,dN_VacRZV_d,2,2,2,2
Vac_86,86,RZV_2d,2024,1,ICER,17621.770730487962,17526.814721184954,14663.485777850105,21132.3736776632
Vac_86,86,RZV_2d,2024,1,Price0,85,85,85,85
Vac_86,86,RZV_2d,2024,1,Thres20,95.27803947778115,95.08740130359391,81.16889295843083,110.52855452344406
Vac_86,86,RZV_2d,2024,1,Thres30,136.00951843557104,135.71486093393312,115.17613347978872,158.02727883381624
Vac_86,86,RZV_2d,2024,1,Thres20_50,NA,95.08740130359391,NA,NA
Vac_86,86,RZV_2d,2024,1,Thres30_90,NA,121.99579249616055,NA,NA
Vac_86,86,RZV_2d,2024,1,Thres,NA,95.08740130359391,NA,NA
Vac_87,87,RZV_1d,2024,1,dYear_Life,5.354655169966866e-4,5.353511991685878e-4,4.3165597848486835e-4,6.449868175586682e-4
Vac_87,87,RZV_1d,2024,1,dYear_Immunised,5.133640771538138,5.174232747184614,4.491453667639052,5.563366545078204
Vac_87,87,RZV_1d,2024,1,dRisk_HZ,-0.04746420911599224,-0.047750512653708915,-0.05187306611709241,-0.04128275272852615
Vac_87,87,RZV_1d,2024,1,dRisk_Hosp,-0.004392256068618284,-0.004370221168013883,-0.005470827837653474,-0.003475243213704927
Vac_87,87,RZV_1d,2024,1,dRisk_PHN,-0.004130342604241791,-0.004122890433111544,-0.004946870399020311,-0.0033345553438848007
Vac_87,87,RZV_1d,2024,1,dRisk_Death,-1.2453882940015087e-4,-1.2440920114185233e-4,-1.5042083304651432e-4,-1.0024306340127278e-4
Vac_87,87,RZV_1d,2024,1,dQ_Life,3.533853414582198e-4,3.533605194414591e-4,2.8453075235930215e-4,4.2553673905534325e-4
Vac_87,87,RZV_1d,2024,1,dQ_HZ,0.007487236451241045,0.0074714531152765135,0.006059983383646292,0.008969998429140154
Vac_87,87,RZV_1d,2024,1,dQ_HZ_Norm,0.0020883552169715445,0.0020848184774237212,0.001685997811503965,0.0025078689556174124
Vac_87,87,RZV_1d,2024,1,dQ_All,0.007827871567243325,0.007819379268819038,0.006351933889638906,0.009329091600604088
Vac_87,87,RZV_1d,2024,1,dQ_HZ_d,0.007121119379858277,0.007105280308759327,0.005766429049089418,0.008529834385791598
Vac_87,87,RZV_1d,2024,1,dQ_HZ_Norm_d,0.0019889536375583155,0.00198547092351846,0.0016100259692025268,0.0023860810331557125
Vac_87,87,RZV_1d,2024,1,dQ_Life_d,3.1902436343768945e-4,3.1893596354315434e-4,2.566473472376707e-4,3.840313097862369e-4
Vac_87,87,RZV_1d,2024,1,dQ_All_d,0.007440143743295998,0.007431784770272287,0.006038801268418003,0.008860490064777004
Vac_87,87,RZV_1d,2024,1,dC_Hosp,-20.26472904186837,-20.165441878484494,-25.28511876558263,-15.975979098362982
Vac_87,87,RZV_1d,2024,1,dC_GP_NonPHN,-4.986539282000104,-5.015457191099268,-5.476233744420847,-4.323870873220057
Vac_87,87,RZV_1d,2024,1,dC_GP_PHN,-2.1420970587523613,-2.1362336753366717,-2.6040058283641137,-1.7049064138126733
Vac_87,87,RZV_1d,2024,1,dC_GP,-7.128636340752465,-7.159254201446306,-7.886990399289028,-6.142958474207731
Vac_87,87,RZV_1d,2024,1,dC_Med,-27.393365382620836,-27.34312218632965,-32.43627583309239,-22.573057333958555
Vac_87,87,RZV_1d,2024,1,dC_VacZVL,0,0,0,0
Vac_87,87,RZV_1d,2024,1,dC_VacRZV,85,85,85,85
Vac_87,87,RZV_1d,2024,1,dC_Vac,85,85,85,85
Vac_87,87,RZV_1d,2024,1,dC_All,57.606634617379164,57.65687781367035,52.563724166907626,62.42694266604144
Vac_87,87,RZV_1d,2024,1,dC_Hosp_d,-19.154282922756252,-19.06249092301285,-23.891278047212207,-15.083563364753505
Vac_87,87,RZV_1d,2024,1,dC_GP_NonPHN_d,-4.751535062993529,-4.78213563916007,-5.218520781650911,-4.116004286176378
Vac_87,87,RZV_1d,2024,1,dC_GP_PHN_d,-2.0453224380330184,-2.0388868801754048,-2.4791024877163808,-1.6257163754805946
Vac_87,87,RZV_1d,2024,1,dC_GP_d,-6.7968575010265475,-6.827750942535106,-7.5075824832972025,-5.85008468882028
Vac_87,87,RZV_1d,2024,1,dC_Med_d,-25.9511404237828,-25.923648232286745,-30.739205072667144,-21.35563045893788
Vac_87,87,RZV_1d,2024,1,dC_VacZVL_d,0,0,0,0
Vac_87,87,RZV_1d,2024,1,dC_VacRZV_d,85,85,85,85
Vac_87,87,RZV_1d,2024,1,dC_Vac_d,85,85,85,85
Vac_87,87,RZV_1d,2024,1,dC_All_d,59.048859576217204,59.07635176771326,54.26079492733287,63.64436954106212
Vac_87,87,RZV_1d,2024,1,dN_VacZVL,0,0,0,0
Vac_87,87,RZV_1d,2024,1,dN_VacRZV,1,1,1,1
Vac_87,87,RZV_1d,2024,1,dN_VacZVL_d,0,0,0,0
Vac_87,87,RZV_1d,2024,1,dN_VacRZV_d,1,1,1,1
Vac_87,87,RZV_1d,2024,1,ICER,8025.837335923171,7935.117215310527,6401.842780917313,10206.282932778266
Vac_87,87,RZV_1d,2024,1,Price0,85,85,85,85
Vac_87,87,RZV_1d,2024,1,Thres20,174.75401528970275,174.81496149520916,143.89507889197924,204.37391384051338
Vac_87,87,RZV_1d,2024,1,Thres30,249.15545272266274,248.98012618747802,204.0851602387619,293.0634110112153
Vac_87,87,RZV_1d,2024,1,Thres20_50,NA,174.81496149520916,NA,NA
Vac_87,87,RZV_1d,2024,1,Thres30_90,NA,220.29344082390335,NA,NA
Vac_87,87,RZV_1d,2024,1,Thres,NA,174.81496149520916,NA,NA
Vac_87,87,RZV_2d,2024,1,dYear_Life,5.521834038530801e-4,5.511359559444706e-4,4.5578395749914515e-4,6.606149384295487e-4
Vac_87,87,RZV_2d,2024,1,dYear_Immunised,5.294394439412118,5.310254923587722,4.821536238221625,5.6511943896945525
Vac_87,87,RZV_2d,2024,1,dRisk_HZ,-0.04894968280383712,-0.04906257789809367,-0.05248946720182941,-0.04449742641715574
Vac_87,87,RZV_2d,2024,1,dRisk_Hosp,-0.0045299143080501465,-0.004515027774468194,-0.005552779627660994,-0.003622213735125619
Vac_87,87,RZV_2d,2024,1,dRisk_PHN,-0.004259152922433575,-0.004251856539309694,-0.005030452817988773,-0.0035093960273031638
Vac_87,87,RZV_2d,2024,1,dRisk_Death,-1.2843821758414293e-4,-1.2817974517458788e-4,-1.5440273775234152e-4,-1.0518927355404709e-4
Vac_87,87,RZV_2d,2024,1,dQ_Life,3.644148715773841e-4,3.6386235487562146e-4,3.0070002365014666e-4,4.3592721351608504e-4
Vac_87,87,RZV_2d,2024,1,dQ_HZ,0.0077214750568503875,0.0076970936405777145,0.006428002729492722,0.00913548195689292
Vac_87,87,RZV_2d,2024,1,dQ_HZ_Norm,0.00215365423464056,0.0021482503959710927,0.0017768607207529147,0.002566445320312523
Vac_87,87,RZV_2d,2024,1,dQ_All,0.00807273731447913,0.008050272208410814,0.006754254403621718,0.009510068271274076
Vac_87,87,RZV_2d,2024,1,dQ_HZ_d,0.0073437977297615715,0.007319658003541031,0.0061189601678085254,0.008686797394918695
Vac_87,87,RZV_2d,2024,1,dQ_HZ_Norm_d,0.0020511156602885713,0.002046546630318889,0.001695224286599697,0.002444944169814432
Vac_87,87,RZV_2d,2024,1,dQ_Life_d,3.289789830735828e-4,3.2849636922094305e-4,2.714087028031553e-4,3.9362459553162745e-4
Vac_87,87,RZV_2d,2024,1,dQ_All_d,0.007672776712835177,0.007652867448291634,0.006421930768261963,0.009036824147688782
Vac_87,87,RZV_2d,2024,1,dC_Hosp,-20.899875420673183,-20.789981354840315,-25.859975431656608,-16.664910802270562
Vac_87,87,RZV_2d,2024,1,dC_GP_NonPHN,-5.142610286611121,-5.15039458948075,-5.56198816880116,-4.658228845923191
Vac_87,87,RZV_2d,2024,1,dC_GP_PHN,-2.2088452307859834,-2.2058021876835934,-2.6589652312308845,-1.7989817851909156
Vac_87,87,RZV_2d,2024,1,dC_GP,-7.351455517397104,-7.368763549085855,-8.020370026089735,-6.597541246631899
Vac_87,87,RZV_2d,2024,1,dC_Med,-28.25133093807029,-28.20366368008457,-33.29889293854628,-23.720256980503628
Vac_87,87,RZV_2d,2024,1,dC_VacZVL,0,0,0,0
Vac_87,87,RZV_2d,2024,1,dC_VacRZV,170,170,170,170
Vac_87,87,RZV_2d,2024,1,dC_Vac,170,170,170,170
Vac_87,87,RZV_2d,2024,1,dC_All,141.74866906192972,141.79633631991544,136.70110706145374,146.27974301949635
Vac_87,87,RZV_2d,2024,1,dC_Hosp_d,-19.754341584317118,-19.666148392798956,-24.448619167293725,-15.707488837053797
Vac_87,87,RZV_2d,2024,1,dC_GP_NonPHN_d,-4.900181465205981,-4.908802585976508,-5.29480981536621,-4.44229546634327
Vac_87,87,RZV_2d,2024,1,dC_GP_PHN_d,-2.109029451284664,-2.1065234424718566,-2.5334042640870416,-1.7244459798448109
Vac_87,87,RZV_2d,2024,1,dC_GP_d,-7.009210916490645,-7.025978760723427,-7.641749122169397,-6.302715762404652
Vac_87,87,RZV_2d,2024,1,dC_Med_d,-26.763552500807766,-26.719308501591016,-31.593829963369817,-22.457985279910016
Vac_87,87,RZV_2d,2024,1,dC_VacZVL_d,0,0,0,0
Vac_87,87,RZV_2d,2024,1,dC_VacRZV_d,170,170,170,170
Vac_87,87,RZV_2d,2024,1,dC_Vac_d,170,170,170,170
Vac_87,87,RZV_2d,2024,1,dC_All_d,143.23644749919222,143.280691498409,138.40617003663016,147.54201472009
Vac_87,87,RZV_2d,2024,1,dN_VacZVL,0,0,0,0
Vac_87,87,RZV_2d,2024,1,dN_VacRZV,2,2,2,2
Vac_87,87,RZV_2d,2024,1,dN_VacZVL_d,0,0,0,0
Vac_87,87,RZV_2d,2024,1,dN_VacRZV_d,2,2,2,2
Vac_87,87,RZV_2d,2024,1,ICER,18826.067100281893,18715.494507373915,15665.438173128026,22540.79683434379
Vac_87,87,RZV_2d,2024,1,Price0,85,85,85,85
Vac_87,87,RZV_2d,2024,1,Thres20,90.10954337875566,89.92039879471028,76.89538621306993,104.45983531905578
Vac_87,87,RZV_2d,2024,1,Thres30,128.47342694293155,128.23567419584754,108.87796821619858,149.223764630859
Vac_87,87,RZV_2d,2024,1,Thres20_50,NA,89.92039879471028,NA,NA
Vac_87,87,RZV_2d,2024,1,Thres30_90,NA,115.37756465925244,NA,NA
Vac_87,87,RZV_2d,2024,1,Thres,NA,89.92039879471028,NA,NA
Vac_88,88,RZV_1d,2024,1,dYear_Life,5.006103872906764e-4,5.002798824329524e-4,4.006570492681272e-4,6.06261037795086e-4
Vac_88,88,RZV_1d,2024,1,dYear_Immunised,4.802455773278824,4.840826121565414,4.196591939231397,5.197249992574071
Vac_88,88,RZV_1d,2024,1,dRisk_HZ,-0.044110126056488924,-0.04435232138973173,-0.04824473667938937,-0.038447071828891025
Vac_88,88,RZV_1d,2024,1,dRisk_Hosp,-0.004252302098679617,-0.004239509739836803,-0.00529901567610256,-0.0033345173190514497
Vac_88,88,RZV_1d,2024,1,dRisk_PHN,-0.0038034315783064617,-0.00379437468006635,-0.004602694620737015,-0.0030413257870691066
Vac_88,88,RZV_1d,2024,1,dRisk_Death,-1.225286813132149e-4,-1.2238052076653412e-4,-1.4824502392362933e-4,-9.828626999829342e-5
Vac_88,88,RZV_1d,2024,1,dQ_Life,3.2839578575970485e-4,3.2809917141163325e-4,2.6287306860064416e-4,3.977878030952064e-4
Vac_88,88,RZV_1d,2024,1,dQ_HZ,0.007005694142876663,0.00698805985240585,0.005647020235383662,0.00840418792673902
Vac_88,88,RZV_1d,2024,1,dQ_HZ_Norm,0.0019373296484449679,0.0019332962604166931,0.0015614984121529942,0.002341746391545483
Vac_88,88,RZV_1d,2024,1,dQ_All,0.007320454619643606,0.007311779882679392,0.005922570318185727,0.00872709682316497
Vac_88,88,RZV_1d,2024,1,dQ_HZ_d,0.006688344198916548,0.0066735327940724955,0.00539459461034904,0.008015095335146176
Vac_88,88,RZV_1d,2024,1,dQ_HZ_Norm_d,0.0018516981844525463,0.0018482691774774867,0.0014922517558121871,0.002239223931458114
Vac_88,88,RZV_1d,2024,1,dQ_Life_d,2.987562193756899e-4,2.9857602598881705e-4,2.391709007113607e-4,3.618822618571049e-4
Vac_88,88,RZV_1d,2024,1,dQ_All_d,0.006987100418292239,0.006977926852731686,0.005657817482003969,0.0083204259511720155
Vac_88,88,RZV_1d,2024,1,dC_Hosp,-19.742016582292326,-19.714650200958467,-24.85442837597173,-15.42935116133672
Vac_88,88,RZV_1d,2024,1,dC_GP_NonPHN,-4.612078547279332,-4.641086663970425,-5.061901617219768,-4.004483830336491
Vac_88,88,RZV_1d,2024,1,dC_GP_PHN,-1.9615813020105641,-1.9564267124884807,-2.39920315036479,-1.5482684429121405
Vac_88,88,RZV_1d,2024,1,dC_GP,-6.573659849289896,-6.600076263656833,-7.294892823913468,-5.655097677639132
Vac_88,88,RZV_1d,2024,1,dC_Med,-26.315676431582226,-26.28112970298332,-31.653916711128,-21.473527244355942
Vac_88,88,RZV_1d,2024,1,dC_VacZVL,0,0,0,0
Vac_88,88,RZV_1d,2024,1,dC_VacRZV,85,85,85,85
Vac_88,88,RZV_1d,2024,1,dC_Vac,85,85,85,85
Vac_88,88,RZV_1d,2024,1,dC_All,58.684323568417774,58.71887029701668,53.346083288872,63.52647275564405
Vac_88,88,RZV_1d,2024,1,dC_Hosp_d,-18.75691719176326,-18.733321739360875,-23.648837852263167,-14.610095853727676
Vac_88,88,RZV_1d,2024,1,dC_GP_NonPHN_d,-4.410109744242034,-4.439646772482802,-4.838693241078148,-3.8276248993635287
Vac_88,88,RZV_1d,2024,1,dC_GP_PHN_d,-1.8793416015480664,-1.8737827425070037,-2.29827683337568,-1.4854797299088531
Vac_88,88,RZV_1d,2024,1,dC_GP_d,-6.2894513457901,-6.319335378729097,-6.974392939001881,-5.4156020070118975
Vac_88,88,RZV_1d,2024,1,dC_Med_d,-25.04636853755336,-25.03341265546677,-30.172325109945124,-20.430095204499594
Vac_88,88,RZV_1d,2024,1,dC_VacZVL_d,0,0,0,0
Vac_88,88,RZV_1d,2024,1,dC_VacRZV_d,85,85,85,85
Vac_88,88,RZV_1d,2024,1,dC_Vac_d,85,85,85,85
Vac_88,88,RZV_1d,2024,1,dC_All_d,59.95363146244664,59.966587344533224,54.82767489005487,64.5699047955004
Vac_88,88,RZV_1d,2024,1,dN_VacZVL,0,0,0,0
Vac_88,88,RZV_1d,2024,1,dN_VacRZV,1,1,1,1
Vac_88,88,RZV_1d,2024,1,dN_VacZVL_d,0,0,0,0
Vac_88,88,RZV_1d,2024,1,dN_VacRZV_d,1,1,1,1
Vac_88,88,RZV_1d,2024,1,ICER,8678.859826291919,8576.033893379,6894.757836513462,10963.03992833799
Vac_88,88,RZV_1d,2024,1,Price0,85,85,85,85
Vac_88,88,RZV_1d,2024,1,Thres20,164.78837690339813,164.97795460920048,135.9004333162354,193.23688696158828
Vac_88,88,RZV_1d,2024,1,Thres30,234.6593810863205,234.69146619612678,192.45054512000476,276.4076117475445
Vac_88,88,RZV_1d,2024,1,Thres20_50,NA,164.97795460920048,NA,NA
Vac_88,88,RZV_1d,2024,1,Thres30_90,NA,207.22458500520307,NA,NA
Vac_88,88,RZV_1d,2024,1,Thres,NA,164.97795460920048,NA,NA
Vac_88,88,RZV_2d,2024,1,dYear_Life,5.162192355328714e-4,5.145607726539936e-4,4.24018311807739e-4,6.202848558807705e-4
Vac_88,88,RZV_2d,2024,1,dYear_Immunised,4.952702989510713,4.9670425832149645,4.5251910469295185,5.273129994384459
Vac_88,88,RZV_2d,2024,1,dRisk_HZ,-0.04548942103690387,-0.04557256459233955,-0.048841100390390704,-0.04141704755122985
Vac_88,88,RZV_2d,2024,1,dRisk_Hosp,-0.004385292603568784,-0.004370622392298485,-0.005434816155134602,-0.0035112807100598767
Vac_88,88,RZV_2d,2024,1,dRisk_PHN,-0.003921915037809557,-0.003917685571371614,-0.004706243429668107,-0.003209773329798574
Vac_88,88,RZV_2d,2024,1,dRisk_Death,-1.2635925589663766e-4,-1.2598314250919753e-4,-1.522028467444918e-4,-1.0364886575935923e-4
Vac_88,88,RZV_2d,2024,1,dQ_Life,3.386317716675884e-4,3.375395014946214e-4,2.7854901819002187e-4,4.0677126698425155e-4
Vac_88,88,RZV_2d,2024,1,dQ_HZ,0.007224666378694559,0.007198625048525434,0.006000356726552909,0.0085708445842814
Vac_88,88,RZV_2d,2024,1,dQ_HZ_Norm,0.0019978519580426467,0.001992910459973845,0.0016435192825459298,0.002383298545885589
Vac_88,88,RZV_2d,2024,1,dQ_All,0.0075492334993498625,0.007522783828087576,0.0062987820554151865,0.00889607613047061
Vac_88,88,RZV_2d,2024,1,dQ_HZ_d,0.006897310804952312,0.006870203790964266,0.005725855583614523,0.008178093548619121
Vac_88,88,RZV_2d,2024,1,dQ_HZ_Norm_d,0.0019095218690306317,0.0019055292045346388,0.0015724185146442657,0.002278526962501047
Vac_88,88,RZV_2d,2024,1,dQ_Life_d,3.080663527593623e-4,3.07149719728006e-4,2.5351591754030345e-4,3.699609446496943e-4
Vac_88,88,RZV_2d,2024,1,dQ_All_d,0.007205377157711678,0.007180020675620069,0.006014570281107456,0.008485877068177872
Vac_88,88,RZV_2d,2024,1,dC_Hosp,-20.35946488245359,-20.30410389273976,-25.325571130743008,-16.07879986910512
Vac_88,88,RZV_2d,2024,1,dC_GP_NonPHN,-4.756320488578803,-4.765886308116578,-5.13441683133431,-4.3086860210460785
Vac_88,88,RZV_2d,2024,1,dC_GP_PHN,-2.0226430636588155,-2.019019130069302,-2.455145044673578,-1.6407348042321575
Vac_88,88,RZV_2d,2024,1,dC_GP,-6.778963552237618,-6.788475550834908,-7.407555741057054,-6.076898254296206
Vac_88,88,RZV_2d,2024,1,dC_Med,-27.13842843469121,-27.095451097605224,-32.26662597955079,-22.674526637917076
Vac_88,88,RZV_2d,2024,1,dC_VacZVL,0,0,0,0
Vac_88,88,RZV_2d,2024,1,dC_VacRZV,170,170,170,170
Vac_88,88,RZV_2d,2024,1,dC_Vac,170,170,170,170
Vac_88,88,RZV_2d,2024,1,dC_All,142.8615715653088,142.90454890239477,137.73337402044922,147.32547336208293
Vac_88,88,RZV_2d,2024,1,dC_Hosp_d,-19.343289784842874,-19.290367691984912,-24.16203443833495,-15.253568366285545
Vac_88,88,RZV_2d,2024,1,dC_GP_NonPHN_d,-4.547979649076316,-4.557196231715929,-4.912161766731597,-4.123180651643485
Vac_88,88,RZV_2d,2024,1,dC_GP_PHN_d,-1.9378228841385299,-1.9351332302338897,-2.3460515130174446,-1.5743283530592804
Vac_88,88,RZV_2d,2024,1,dC_GP_d,-6.485802533214846,-6.496103126023195,-7.086591986298061,-5.821759960680176
Vac_88,88,RZV_2d,2024,1,dC_Med_d,-25.82909231805772,-25.776031068764247,-30.711518162470174,-21.570914162350263
Vac_88,88,RZV_2d,2024,1,dC_VacZVL_d,0,0,0,0
Vac_88,88,RZV_2d,2024,1,dC_VacRZV_d,170,170,170,170
Vac_88,88,RZV_2d,2024,1,dC_Vac_d,170,170,170,170
Vac_88,88,RZV_2d,2024,1,dC_All_d,144.17090768194228,144.22396893123573,139.28848183752982,148.42908583764975
Vac_88,88,RZV_2d,2024,1,dN_VacZVL,0,0,0,0
Vac_88,88,RZV_2d,2024,1,dN_VacRZV,2,2,2,2
Vac_88,88,RZV_2d,2024,1,dN_VacZVL_d,0,0,0,0
Vac_88,88,RZV_2d,2024,1,dN_VacRZV_d,2,2,2,2
Vac_88,88,RZV_2d,2024,1,ICER,20181.738312217367,20040.520081553164,16784.057223106698,24256.276870908045
Vac_88,88,RZV_2d,2024,1,Price0,85,85,85,85
Vac_88,88,RZV_2d,2024,1,Thres20,84.96831773614564,84.85414287376865,72.19044778685348,98.53263451564972
Vac_88,88,RZV_2d,2024,1,Thres30,120.99520352470402,120.86314136226008,102.29707634319399,141.00176440782545
Vac_88,88,RZV_2d,2024,1,Thres20_50,NA,84.85414287376865,NA,NA
Vac_88,88,RZV_2d,2024,1,Thres30_90,NA,108.72014946556394,NA,NA
Vac_88,88,RZV_2d,2024,1,Thres,NA,84.85414287376865,NA,NA
Vac_89,89,RZV_1d,2024,1,dYear_Life,4.5521395985002845e-4,4.5487332541416237e-4,3.643682955899674e-4,5.539609684325874e-4
Vac_89,89,RZV_1d,2024,1,dYear_Immunised,4.486822990337038,4.52254166909279,3.915632254249852,4.843606563000391
Vac_89,89,RZV_1d,2024,1,dRisk_HZ,-0.04090770479297123,-0.04115165009641422,-0.04472020809562691,-0.03563202381287753
Vac_89,89,RZV_1d,2024,1,dRisk_Hosp,-0.004103736238288046,-0.004072796557488573,-0.005132239703116907,-0.00318585128973438
Vac_89,89,RZV_1d,2024,1,dRisk_PHN,-0.003483438052621711,-0.003472130502433251,-0.004254805203823191,-0.002731219959319557
Vac_89,89,RZV_1d,2024,1,dRisk_Death,-1.1812955739339947e-4,-1.1800865327045277e-4,-1.4328138407341206e-4,-9.461730835941105e-5
Vac_89,89,RZV_1d,2024,1,dQ_Life,2.964354759325756e-4,2.962127962808925e-4,2.3701770768280728e-4,3.6072582898933887e-4
Vac_89,89,RZV_1d,2024,1,dQ_HZ,0.006538775090275284,0.006521968749741474,0.005244182813194749,0.00788101880359535
Vac_89,89,RZV_1d,2024,1,dQ_HZ_Norm,0.0017933027480664164,0.0017875744147338958,0.0014418996465070093,0.0021568250456429523
Vac_89,89,RZV_1d,2024,1,dQ_All,0.006820669974592959,0.006814484419538358,0.005507607222323773,0.008162835349352105
Vac_89,89,RZV_1d,2024,1,dQ_HZ_d,0.006265646928046384,0.006247805731249758,0.005029077648805396,0.007547133873664936
Vac_89,89,RZV_1d,2024,1,dQ_HZ_Norm_d,0.001720038412167193,0.0017144234871704508,0.0013832718662207483,0.002068010853089258
Vac_89,89,RZV_1d,2024,1,dQ_Life_d,2.715992670811436e-4,2.713597912864518e-4,2.169607317270672e-4,3.304875176949551e-4
Vac_89,89,RZV_1d,2024,1,dQ_All_d,0.006537246195127536,0.006531291861964661,0.005277901445213751,0.0078123058402337795
Vac_89,89,RZV_1d,2024,1,dC_Hosp,-19.164520136908916,-19.070543569625556,-24.134274736509948,-14.79828424629162
Vac_89,89,RZV_1d,2024,1,dC_GP_NonPHN,-4.255871819347673,-4.277119834059448,-4.678008895097751,-3.6885263750503166
Vac_89,89,RZV_1d,2024,1,dC_GP_PHN,-1.7855046222900333,-1.7752228119907936,-2.2139988068910856,-1.3745556872386162
Vac_89,89,RZV_1d,2024,1,dC_GP,-6.0413764416377065,-6.06773974302311,-6.7052914480087,-5.154809345570797
Vac_89,89,RZV_1d,2024,1,dC_Med,-25.20589657854662,-25.107885281560833,-30.222304133708853,-20.51955566895793
Vac_89,89,RZV_1d,2024,1,dC_VacZVL,0,0,0,0
Vac_89,89,RZV_1d,2024,1,dC_VacRZV,85,85,85,85
Vac_89,89,RZV_1d,2024,1,dC_Vac,85,85,85,85
Vac_89,89,RZV_1d,2024,1,dC_All,59.79410342145338,59.89211471843916,54.777695866291154,64.48044433104207
Vac_89,89,RZV_1d,2024,1,dC_Hosp_d,-18.299723275851974,-18.224591452312858,-23.07367623226446,-14.077500247810816
Vac_89,89,RZV_1d,2024,1,dC_GP_NonPHN_d,-4.0834673241267785,-4.106358887096736,-4.490610927592592,-3.5383141846241752
Vac_89,89,RZV_1d,2024,1,dC_GP_PHN_d,-1.7160882986478492,-1.7059819169123294,-2.1236216578844926,-1.3245941852628496
Vac_89,89,RZV_1d,2024,1,dC_GP_d,-5.799555622774627,-5.825152173499938,-6.435538557097549,-4.9471139984680725
Vac_89,89,RZV_1d,2024,1,dC_Med_d,-24.0992788986266,-23.996122210644046,-28.99551066522895,-19.56618874999301
Vac_89,89,RZV_1d,2024,1,dC_VacZVL_d,0,0,0,0
Vac_89,89,RZV_1d,2024,1,dC_VacRZV_d,85,85,85,85
Vac_89,89,RZV_1d,2024,1,dC_Vac_d,85,85,85,85
Vac_89,89,RZV_1d,2024,1,dC_All_d,60.9007211013734,61.00387778935595,56.004489334771066,65.433811250007
Vac_89,89,RZV_1d,2024,1,dN_VacZVL,0,0,0,0
Vac_89,89,RZV_1d,2024,1,dN_VacRZV,1,1,1,1
Vac_89,89,RZV_1d,2024,1,dN_VacZVL_d,0,0,0,0
Vac_89,89,RZV_1d,2024,1,dN_VacRZV_d,1,1,1,1
Vac_89,89,RZV_1d,2024,1,ICER,9424.062103694983,9316.951984140178,7515.669335487386,11896.728247105084
Vac_89,89,RZV_1d,2024,1,Price0,85,85,85,85
Vac_89,89,RZV_1d,2024,1,Thres20,154.84420280117732,154.97009236459286,128.13750570837217,181.15482491461196
Vac_89,89,RZV_1d,2024,1,Thres30,220.21666475245266,220.27554563517634,181.1084911020152,258.78056930920127
Vac_89,89,RZV_1d,2024,1,Thres20_50,NA,154.97009236459286,NA,NA
Vac_89,89,RZV_1d,2024,1,Thres30_90,NA,194.50687490643665,NA,NA
Vac_89,89,RZV_1d,2024,1,Thres,NA,154.97009236459286,NA,NA
Vac_89,89,RZV_2d,2024,1,dYear_Life,4.693915263375965e-4,4.674254197309935e-4,3.855270473619887e-4,5.660046835626265e-4
Vac_89,89,RZV_2d,2024,1,dYear_Immunised,4.627071332039799,4.640288892520174,4.249910181264843,4.9123031492570615
Vac_89,89,RZV_2d,2024,1,dRisk_HZ,-0.04218578222126351,-0.042321906729256675,-0.04524941484281237,-0.038409903703316046
Vac_89,89,RZV_2d,2024,1,dRisk_Hosp,-0.004232004613481752,-0.004207322568398662,-0.005234068029268243,-0.0033533128460931493
Vac_89,89,RZV_2d,2024,1,dRisk_PHN,-0.0035918569733471854,-0.003576596023573657,-0.004353341492049442,-0.002886187938709218
Vac_89,89,RZV_2d,2024,1,dRisk_Death,-1.2181789386724757e-4,-1.214073659546499e-4,-1.4704533321148938e-4,-9.9680220097998e-5
Vac_89,89,RZV_2d,2024,1,dQ_Life,3.0566495571842034e-4,3.045346571080021e-4,2.50885409805035e-4,3.685290056918422e-4
Vac_89,89,RZV_2d,2024,1,dQ_HZ,0.006742961417898166,0.006709847050233126,0.005571072508946282,0.008036457122553485
Vac_89,89,RZV_2d,2024,1,dQ_HZ_Norm,0.001849277482410986,0.001842063519623259,0.001518403141774081,0.002206520550430978
Vac_89,89,RZV_2d,2024,1,dQ_All,0.007033628885925104,0.0069987447094101984,0.005844297868302362,0.008336942880436803
Vac_89,89,RZV_2d,2024,1,dQ_HZ_d,0.006461234725251059,0.0064297446594836945,0.005339058542601894,0.007694664006939095
Vac_89,89,RZV_2d,2024,1,dQ_HZ_Norm_d,0.0017737075677016483,0.0017669324510745559,0.0014571708351152769,0.0021153664370935055
Vac_89,89,RZV_2d,2024,1,dQ_Life_d,2.800539099227184e-4,2.789821610498233e-4,2.298107411923156e-4,3.376167807803476e-4
Vac_89,89,RZV_2d,2024,1,dQ_All_d,0.006741288635173785,0.006710867546881882,0.005607293663362001,0.007980834815934512
Vac_89,89,RZV_2d,2024,1,dC_Hosp,-19.76352307527942,-19.684461469061507,-24.616130426252344,-15.535697873109024
Vac_89,89,RZV_2d,2024,1,dC_GP_NonPHN,-4.388852343294158,-4.397788546714968,-4.733654638499007,-3.9737677453726508
Vac_89,89,RZV_2d,2024,1,dC_GP_PHN,-1.8410327249659568,-1.829504568129314,-2.2718521941330065,-1.4603409755438956
Vac_89,89,RZV_2d,2024,1,dC_GP,-6.229885068260115,-6.2394496179291234,-6.820918209702904,-5.577936851284493
Vac_89,89,RZV_2d,2024,1,dC_Med,-25.993408143539533,-25.937361518672013,-30.842292264513258,-21.70583261123518
Vac_89,89,RZV_2d,2024,1,dC_VacZVL,0,0,0,0
Vac_89,89,RZV_2d,2024,1,dC_VacRZV,170,170,170,170
Vac_89,89,RZV_2d,2024,1,dC_Vac,170,170,170,170
Vac_89,89,RZV_2d,2024,1,dC_All,144.00659185646046,144.062638481328,139.15770773548672,148.2941673887648
Vac_89,89,RZV_2d,2024,1,dC_Hosp_d,-18.87149417084636,-18.791231426625544,-23.558154991542043,-14.795039403968987
Vac_89,89,RZV_2d,2024,1,dC_GP_NonPHN_d,-4.211016112137053,-4.218886329971529,-4.538937088325051,-3.814994036668325
Vac_89,89,RZV_2d,2024,1,dC_GP_PHN_d,-1.7694417114827397,-1.7588757894061628,-2.180257076438581,-1.4087785232882835
Vac_89,89,RZV_2d,2024,1,dC_GP_d,-5.980457823619793,-5.986480572581542,-6.540560035286857,-5.354071101217947
Vac_89,89,RZV_2d,2024,1,dC_Med_d,-24.851951994466155,-24.798017611155533,-29.498630018298293,-20.705415026225563
Vac_89,89,RZV_2d,2024,1,dC_VacZVL_d,0,0,0,0
Vac_89,89,RZV_2d,2024,1,dC_VacRZV_d,170,170,170,170
Vac_89,89,RZV_2d,2024,1,dC_Vac_d,170,170,170,170
Vac_89,89,RZV_2d,2024,1,dC_All_d,145.14804800553384,145.20198238884447,140.50136998170169,149.29458497377445
Vac_89,89,RZV_2d,2024,1,dN_VacZVL,0,0,0,0
Vac_89,89,RZV_2d,2024,1,dN_VacRZV,2,2,2,2
Vac_89,89,RZV_2d,2024,1,dN_VacZVL_d,0,0,0,0
Vac_89,89,RZV_2d,2024,1,dN_VacRZV_d,2,2,2,2
Vac_89,89,RZV_2d,2024,1,ICER,21720.779618752138,21597.678225342992,18082.529952022593,26120.695480898823
Vac_89,89,RZV_2d,2024,1,Price0,85,85,85,85
Vac_89,89,RZV_2d,2024,1,Thres20,79.83886234897093,79.62940713475872,67.68388693533818,92.66185402035674
Vac_89,89,RZV_2d,2024,1,Thres30,113.54530552483986,113.21831959889167,95.89825517841035,132.58154449596628
Vac_89,89,RZV_2d,2024,1,Thres20_50,NA,79.62940713475872,NA,NA
Vac_89,89,RZV_2d,2024,1,Thres30_90,NA,101.75437652218012,NA,NA
Vac_89,89,RZV_2d,2024,1,Thres,NA,79.62940713475872,NA,NA
Vac_90,90,RZV_1d,2024,1,dYear_Life,3.9556132159832247e-4,3.9523430822097083e-4,3.1563361296720326e-4,4.809751379353022e-4
Vac_90,90,RZV_1d,2024,1,dYear_Immunised,4.186130235741006,4.217910335586031,3.6476427586775806,4.512387267283674
Vac_90,90,RZV_1d,2024,1,dRisk_HZ,-0.03786181550467876,-0.03811283383900216,-0.041336773301652426,-0.0328659656276045
Vac_90,90,RZV_1d,2024,1,dRisk_Hosp,-0.003917449948383745,-0.00388703216859339,-0.004956590967471839,-0.003046247194767585
Vac_90,90,RZV_1d,2024,1,dRisk_PHN,-0.003180310765078002,-0.00316221686067677,-0.003959469692802219,-0.0024467264959422254
Vac_90,90,RZV_1d,2024,1,dRisk_Death,-1.1021373666549519e-4,-1.1009798997137278e-4,-1.3386029767863464e-4,-8.805197969111576e-5
Vac_90,90,RZV_1d,2024,1,dQ_Life,2.551261544157728e-4,2.549023509808013e-4,2.0324444117489904e-4,3.1025085725725485e-4
Vac_90,90,RZV_1d,2024,1,dQ_HZ,0.006087358294807824,0.006065564778236655,0.0048602107801311,0.007331129854604328
Vac_90,90,RZV_1d,2024,1,dQ_HZ_Norm,0.0016562618094480557,0.0016506995769794341,0.0013240711998473642,0.002000345261479768
Vac_90,90,RZV_1d,2024,1,dQ_All,0.006327100659350859,0.006301510665774668,0.005081233343034053,0.007560629978540255
Vac_90,90,RZV_1d,2024,1,dQ_HZ_d,0.005854292210316995,0.005832942878615724,0.004677300559469164,0.00705337444252854
Vac_90,90,RZV_1d,2024,1,dQ_HZ_Norm_d,0.0015940952299916132,0.0015890881412506032,0.001274883369013455,0.0019233907761983555
Vac_90,90,RZV_1d,2024,1,dQ_Life_d,2.3515470492478462e-4,2.3490789920876942e-4,1.8719019552481121e-4,2.859787311108475e-4
Vac_90,90,RZV_1d,2024,1,dQ_All_d,0.006089446915241779,0.006065976094651537,0.004897422340735347,0.007276492119173272
Vac_90,90,RZV_1d,2024,1,dC_Hosp,-18.396030684284206,-18.306884263410456,-23.235133618959107,-14.079638310914042
Vac_90,90,RZV_1d,2024,1,dC_GP_NonPHN,-3.9203785008819705,-3.944694674602962,-4.309576458183383,-3.397447914406022
Vac_90,90,RZV_1d,2024,1,dC_GP_PHN,-1.6205464266073735,-1.6127104830319898,-2.057430420306361,-1.2170866362581731
Vac_90,90,RZV_1d,2024,1,dC_GP,-5.540924927489344,-5.560051444697393,-6.174150130228692,-4.736697566143833
Vac_90,90,RZV_1d,2024,1,dC_Med,-23.936955611773552,-23.824090150463054,-28.813542094838905,-19.295661388893336
Vac_90,90,RZV_1d,2024,1,dC_VacZVL,0,0,0,0
Vac_90,90,RZV_1d,2024,1,dC_VacRZV,85,85,85,85
Vac_90,90,RZV_1d,2024,1,dC_Vac,85,85,85,85
Vac_90,90,RZV_1d,2024,1,dC_All,61.06304438822645,61.17590984953695,56.18645790516109,65.70433861110666
Vac_90,90,RZV_1d,2024,1,dC_Hosp_d,-17.644924771380513,-17.54873335333769,-22.330206158368103,-13.46353038935719
Vac_90,90,RZV_1d,2024,1,dC_GP_NonPHN_d,-3.7744343321521723,-3.7986324471157635,-4.148247989486649,-3.2693716329513443
Vac_90,90,RZV_1d,2024,1,dC_GP_PHN_d,-1.562412349458344,-1.5556192828206734,-1.9857143977694534,-1.1746150877290298
Vac_90,90,RZV_1d,2024,1,dC_GP_d,-5.336846681610516,-5.354435305409429,-5.946960411453142,-4.560487750879837
Vac_90,90,RZV_1d,2024,1,dC_Med_d,-22.98177145299103,-22.855541621780745,-27.712111316606432,-18.525933758762463
Vac_90,90,RZV_1d,2024,1,dC_VacZVL_d,0,0,0,0
Vac_90,90,RZV_1d,2024,1,dC_VacRZV_d,85,85,85,85
Vac_90,90,RZV_1d,2024,1,dC_Vac_d,85,85,85,85
Vac_90,90,RZV_1d,2024,1,dC_All_d,62.018228547008974,62.144458378219255,57.28788868339357,66.47406624123755
Vac_90,90,RZV_1d,2024,1,dN_VacZVL,0,0,0,0
Vac_90,90,RZV_1d,2024,1,dN_VacRZV,1,1,1,1
Vac_90,90,RZV_1d,2024,1,dN_VacZVL_d,0,0,0,0
Vac_90,90,RZV_1d,2024,1,dN_VacRZV_d,1,1,1,1
Vac_90,90,RZV_1d,2024,1,ICER,10306.601440349634,10199.681191819232,8155.408721965613,13036.519372510285
Vac_90,90,RZV_1d,2024,1,Price0,85,85,85,85
Vac_90,90,RZV_1d,2024,1,Thres20,144.7707097578266,144.48677667372442,119.26611987381365,170.13409831582416
Vac_90,90,RZV_1d,2024,1,Thres30,205.6651789102444,205.32557770413473,167.9663658058265,242.87405463283372
Vac_90,90,RZV_1d,2024,1,Thres20_50,NA,144.48677667372442,NA,NA
Vac_90,90,RZV_1d,2024,1,Thres30_90,NA,180.6766903439258,NA,NA
Vac_90,90,RZV_1d,2024,1,Thres,NA,144.48677667372442,NA,NA
Vac_90,90,RZV_2d,2024,1,dYear_Life,4.078720803539091e-4,4.0639353913984877e-4,3.350531720115013e-4,4.916752523108636e-4
Vac_90,90,RZV_2d,2024,1,dYear_Immunised,4.316865742469514,4.329735611932758,3.9689003387032846,4.5714912282639295
Vac_90,90,RZV_2d,2024,1,dRisk_HZ,-0.03904359601308231,-0.03912885165467268,-0.04194962049055292,-0.035655089526355654
Vac_90,90,RZV_2d,2024,1,dRisk_Hosp,-0.004039656801078548,-0.004013043468025891,-0.00502335585179172,-0.0031842854496027637
Vac_90,90,RZV_2d,2024,1,dRisk_PHN,-0.003279217076131723,-0.0032566079655650306,-0.004035798347198712,-0.0025584961084255398
Vac_90,90,RZV_2d,2024,1,dRisk_Death,-1.1365192864039334e-4,-1.1325097952243441e-4,-1.3710129560827428e-4,-9.316742128194823e-5
Vac_90,90,RZV_2d,2024,1,dQ_Life,2.63063669824801e-4,2.6208607649857996e-4,2.1589202886339588e-4,3.170763431047274e-4
Vac_90,90,RZV_2d,2024,1,dQ_HZ,0.006277252352197781,0.006251677728949203,0.0051623426222166015,0.00748423156121521
Vac_90,90,RZV_2d,2024,1,dQ_HZ_Norm,0.0017079076895463495,0.001702550135559202,0.0013991773499691525,0.002037457025826088
Vac_90,90,RZV_2d,2024,1,dQ_All,0.006524449714480302,0.006498666900675465,0.005388118226641247,0.007735390727788438
Vac_90,90,RZV_2d,2024,1,dQ_HZ_d,0.0060368598487015885,0.006012572498703751,0.004963966461481197,0.007199813262479282
Vac_90,90,RZV_2d,2024,1,dQ_HZ_Norm_d,0.001643787545476331,0.0016386583714025063,0.0013480065421189564,0.001963367049903534
Vac_90,90,RZV_2d,2024,1,dQ_Life_d,2.4246972883057528e-4,2.4159120618061358e-4,1.988741931727711e-4,2.922359619368264e-4
Vac_90,90,RZV_2d,2024,1,dQ_All_d,0.0062793295775321525,0.006258047938553446,0.0051885604029525915,0.007447196828378122
Vac_90,90,RZV_2d,2024,1,dC_Hosp,-18.969868077508757,-18.852807834750386,-23.767169542160268,-14.609347915287762
Vac_90,90,RZV_2d,2024,1,dC_GP_NonPHN,-4.042764477426853,-4.047735903600206,-4.367690143306418,-3.676589370952026
Vac_90,90,RZV_2d,2024,1,dC_GP_PHN,-1.6709086119244712,-1.6622433429544272,-2.0909798335783325,-1.281821619783743
Vac_90,90,RZV_2d,2024,1,dC_GP,-5.713673089351325,-5.722526978722389,-6.269305397219636,-5.120463921051756
Vac_90,90,RZV_2d,2024,1,dC_Med,-24.68354116686008,-24.609776905879173,-29.43999099520774,-20.315602128631838
Vac_90,90,RZV_2d,2024,1,dC_VacZVL,0,0,0,0
Vac_90,90,RZV_2d,2024,1,dC_VacRZV,170,170,170,170
Vac_90,90,RZV_2d,2024,1,dC_Vac,170,170,170,170
Vac_90,90,RZV_2d,2024,1,dC_All,145.31645883313993,145.39022309412084,140.56000900479228,149.6843978713682
Vac_90,90,RZV_2d,2024,1,dC_Hosp_d,-18.195146264465563,-18.085513746551676,-22.840700797425168,-14.002618745975177
Vac_90,90,RZV_2d,2024,1,dC_GP_NonPHN_d,-3.892228624805906,-3.89746841784752,-4.2046678617323385,-3.5419694604580942
Vac_90,90,RZV_2d,2024,1,dC_GP_PHN_d,-1.6109565063731286,-1.6032324633042272,-2.0156090249273735,-1.2360705831181027
Vac_90,90,RZV_2d,2024,1,dC_GP_d,-5.503185131179034,-5.512077044586132,-6.037655132528571,-4.931985321362959
Vac_90,90,RZV_2d,2024,1,dC_Med_d,-23.6983313956446,-23.62427693599706,-28.316652175630228,-19.451237959729838
Vac_90,90,RZV_2d,2024,1,dC_VacZVL_d,0,0,0,0
Vac_90,90,RZV_2d,2024,1,dC_VacRZV_d,170,170,170,170
Vac_90,90,RZV_2d,2024,1,dC_Vac_d,170,170,170,170
Vac_90,90,RZV_2d,2024,1,dC_All_d,146.3016686043554,146.37572306400295,141.6833478243698,150.54876204027016
Vac_90,90,RZV_2d,2024,1,dN_VacZVL,0,0,0,0
Vac_90,90,RZV_2d,2024,1,dN_VacRZV,2,2,2,2
Vac_90,90,RZV_2d,2024,1,dN_VacZVL_d,0,0,0,0
Vac_90,90,RZV_2d,2024,1,dN_VacRZV_d,2,2,2,2
Vac_90,90,RZV_2d,2024,1,ICER,23512.104864094392,23378.50663441832,19493.5100325441,28364.266239649216
Vac_90,90,RZV_2d,2024,1,Price0,85,85,85,85
Vac_90,90,RZV_2d,2024,1,Thres20,74.64246147314383,74.45938812865862,63.035867643272596,86.8629098174964
Vac_90,90,RZV_2d,2024,1,Thres30,106.03910936080459,105.69233268905222,89.29244170630378,123.58961595401614
Vac_90,90,RZV_2d,2024,1,Thres20_50,NA,74.45938812865862,NA,NA
Vac_90,90,RZV_2d,2024,1,Thres30_90,NA,94.7928718361735,NA,NA
Vac_90,90,RZV_2d,2024,1,Thres,NA,74.45938812865862,NA,NA
Vac_91,91,RZV_1d,2024,1,dYear_Life,3.414967315635846e-4,3.4127989617527277e-4,2.7150865014151647e-4,4.1510760620571123e-4
Vac_91,91,RZV_1d,2024,1,dYear_Immunised,3.8989148757078786,3.9315673964043256,3.3922633996729865,4.199456418414092
Vac_91,91,RZV_1d,2024,1,dRisk_HZ,-0.034981749556107604,-0.03521218030965545,-0.03814971943151199,-0.030401668647378664
Vac_91,91,RZV_1d,2024,1,dRisk_Hosp,-0.0037328783611928927,-0.0037141230933799337,-0.004684469624353521,-0.0028508828542222683
Vac_91,91,RZV_1d,2024,1,dRisk_PHN,-0.00290569107276823,-0.0028877459430737655,-0.00369519878149287,-0.0021702636033299827
Vac_91,91,RZV_1d,2024,1,dRisk_Death,-1.0265262633941876e-4,-1.0257616569017214e-4,-1.2484325505713432e-4,-8.193788108285052e-5
Vac_91,91,RZV_1d,2024,1,dQ_Life,2.177935470065562e-4,2.1762117633206124e-4,1.729755611531436e-4,2.645346179239948e-4
Vac_91,91,RZV_1d,2024,1,dQ_HZ,0.00565186495732465,0.0056351269979158045,0.004500939881492414,0.006862037286611308
Vac_91,91,RZV_1d,2024,1,dQ_HZ_Norm,0.0015261304305175616,0.0015241521915975605,0.0012159660476248001,0.0018461229613865866
Vac_91,91,RZV_1d,2024,1,dQ_All,0.005853284177899321,0.005835896671461338,0.004675776662919806,0.007065456649364642
Vac_91,91,RZV_1d,2024,1,dQ_HZ_d,0.00545517552114705,0.005438572390350238,0.004345392322714802,0.006618294980570688
Vac_91,91,RZV_1d,2024,1,dQ_HZ_Norm_d,0.0014739462740932594,0.001472698164150277,0.0011743877515074468,0.00178305492194044
Vac_91,91,RZV_1d,2024,1,dQ_Life_d,2.019655092191772e-4,2.018325416279776e-4,1.6052358618752203e-4,2.4523668268870973e-4
Vac_91,91,RZV_1d,2024,1,dQ_All_d,0.005657141030366231,0.0056403529057889035,0.0045180564311857576,0.006822377073393724
Vac_91,91,RZV_1d,2024,1,dC_Hosp,-17.61019836579142,-17.523692355941716,-22.239208255099406,-13.386900017715366
Vac_91,91,RZV_1d,2024,1,dC_GP_NonPHN,-3.6002648118802565,-3.622425097562276,-3.9514541621092314,-3.1076937786698338
Vac_91,91,RZV_1d,2024,1,dC_GP_PHN,-1.4703850460971526,-1.4586935627115594,-1.8895686685639037,-1.0774677219278757
Vac_91,91,RZV_1d,2024,1,dC_GP,-5.070649857977409,-5.092835898528321,-5.670136367023783,-4.3109995653900315
Vac_91,91,RZV_1d,2024,1,dC_Med,-22.680848223768827,-22.599090823330947,-27.513474990778214,-18.167402546792978
Vac_91,91,RZV_1d,2024,1,dC_VacZVL,0,0,0,0
Vac_91,91,RZV_1d,2024,1,dC_VacRZV,85,85,85,85
Vac_91,91,RZV_1d,2024,1,dC_Vac,85,85,85,85
Vac_91,91,RZV_1d,2024,1,dC_All,62.31915177623117,62.400909176669046,57.48652500922178,66.83259745320703
Vac_91,91,RZV_1d,2024,1,dC_Hosp_d,-16.96727534084722,-16.877368174820543,-21.46462906248706,-12.900272177113706
Vac_91,91,RZV_1d,2024,1,dC_GP_NonPHN_d,-3.478019482716738,-3.499358416109688,-3.8183953023442494,-2.999446835068746
Vac_91,91,RZV_1d,2024,1,dC_GP_PHN_d,-1.4222333030361676,-1.412814571344164,-1.8232192667327973,-1.0413383661765365
Vac_91,91,RZV_1d,2024,1,dC_GP_d,-4.9002527857529055,-4.919390033197292,-5.479403962858528,-4.16619229528277
Vac_91,91,RZV_1d,2024,1,dC_Med_d,-21.867528126600124,-21.79945941494372,-26.557004274666042,-17.53475287448233
Vac_91,91,RZV_1d,2024,1,dC_VacZVL_d,0,0,0,0
Vac_91,91,RZV_1d,2024,1,dC_VacRZV_d,85,85,85,85
Vac_91,91,RZV_1d,2024,1,dC_Vac_d,85,85,85,85
Vac_91,91,RZV_1d,2024,1,dC_All_d,63.13247187339988,63.20054058505628,58.44299572533395,67.46524712551768
Vac_91,91,RZV_1d,2024,1,dN_VacZVL,0,0,0,0
Vac_91,91,RZV_1d,2024,1,dN_VacRZV,1,1,1,1
Vac_91,91,RZV_1d,2024,1,dN_VacZVL_d,0,0,0,0
Vac_91,91,RZV_1d,2024,1,dN_VacRZV_d,1,1,1,1
Vac_91,91,RZV_1d,2024,1,ICER,11296.1940991723,11152.737577163687,8929.570890078678,14354.287006953726
Vac_91,91,RZV_1d,2024,1,Price0,85,85,85,85
Vac_91,91,RZV_1d,2024,1,Thres20,135.01034873392476,134.86055522069415,111.03786478081216,159.3778511727649
Vac_91,91,RZV_1d,2024,1,Thres30,191.58175903758706,191.42013976867395,156.28862440593068,227.3447824449214
Vac_91,91,RZV_1d,2024,1,Thres20_50,NA,134.86055522069415,NA,NA
Vac_91,91,RZV_1d,2024,1,Thres30_90,NA,168.3886083174053,NA,NA
Vac_91,91,RZV_1d,2024,1,Thres,NA,134.86055522069415,NA,NA
Vac_91,91,RZV_2d,2024,1,dYear_Life,3.521170846147865e-4,3.5083356076759387e-4,2.889270946387912e-4,4.24604790166061e-4
Vac_91,91,RZV_2d,2024,1,dYear_Immunised,4.020576180528674,4.033817112428515,3.704659059372486,4.245450826666878
Vac_91,91,RZV_2d,2024,1,dRisk_HZ,-0.03607271380256273,-0.03615163674893586,-0.03868606509191843,-0.032987188244130994
Vac_91,91,RZV_2d,2024,1,dRisk_Hosp,-0.0038492845435869026,-0.0038353219293584487,-0.004776853731739526,-0.002991331673443944
Vac_91,91,RZV_2d,2024,1,dRisk_PHN,-0.0029959111793920684,-0.002976575827020328,-0.0037682079562456035,-0.002276582332616573
Vac_91,91,RZV_2d,2024,1,dRisk_Death,-1.0585220487538405e-4,-1.0541854414563145e-4,-1.2750933250207675e-4,-8.68710231546935e-5
Vac_91,91,RZV_2d,2024,1,dQ_Life,2.2456454252343838e-4,2.2379630143509743e-4,1.8413155827954328e-4,2.707635964696253e-4
Vac_91,91,RZV_2d,2024,1,dQ_HZ,0.0058280017742270394,0.0057991587572538555,0.004785285502127221,0.006980415806405041
Vac_91,91,RZV_2d,2024,1,dQ_HZ_Norm,0.0015736770110475356,0.0015691269981308303,0.0012840797149562468,0.0018862336494717424
Vac_91,91,RZV_2d,2024,1,dQ_All,0.0060356793359220284,0.006006057062408976,0.004982592566936295,0.007205344648400114
Vac_91,91,RZV_2d,2024,1,dQ_HZ_d,0.005625138618275659,0.005596197131007626,0.004617193962238568,0.006735921890472684
Vac_91,91,RZV_2d,2024,1,dQ_HZ_Norm_d,0.0015198553509469983,0.001515412076470747,0.0012407363881400196,0.0018204219196481385
Vac_91,91,RZV_2d,2024,1,dQ_Life_d,2.0824362447610878e-4,2.074889043583994e-4,1.7070159811732877e-4,2.5103175032245014e-4
Vac_91,91,RZV_2d,2024,1,dQ_All_d,0.0058333822427517725,0.005804855306017709,0.004813395938135779,0.0069622988540846914
Vac_91,91,RZV_2d,2024,1,dC_Hosp,-18.159265850034313,-18.073755024825935,-22.773957910247468,-13.956274271985547
Vac_91,91,RZV_2d,2024,1,dC_GP_NonPHN,-3.7125584889327445,-3.7189150657936842,-4.004157281153704,-3.3653105071637412
Vac_91,91,RZV_2d,2024,1,dC_GP_PHN,-1.5160033915419866,-1.5075751823347474,-1.9323843154461224,-1.1288372565629852
Vac_91,91,RZV_2d,2024,1,dC_GP,-5.228561880474731,-5.23351249628365,-5.756700942478174,-4.673980601430535
Vac_91,91,RZV_2d,2024,1,dC_Med,-23.387827730509045,-23.266194676836832,-27.99952775289602,-19.218078816376764
Vac_91,91,RZV_2d,2024,1,dC_VacZVL,0,0,0,0
Vac_91,91,RZV_2d,2024,1,dC_VacRZV,170,170,170,170
Vac_91,91,RZV_2d,2024,1,dC_Vac,170,170,170,170
Vac_91,91,RZV_2d,2024,1,dC_All,146.61217226949097,146.73380532316315,142.00047224710397,150.78192118362324
Vac_91,91,RZV_2d,2024,1,dC_Hosp_d,-17.496162955851734,-17.42200855850443,-21.92844248374801,-13.427688714138485
Vac_91,91,RZV_2d,2024,1,dC_GP_NonPHN_d,-3.5864724791023503,-3.593010989249275,-3.868575373601843,-3.2493366628772815
Vac_91,91,RZV_2d,2024,1,dC_GP_PHN_d,-1.466348232658102,-1.456779619394998,-1.867204953398535,-1.0957035186838682
Vac_91,91,RZV_2d,2024,1,dC_GP_d,-5.052820711760452,-5.055640234389245,-5.560632946854959,-4.517784327682464
Vac_91,91,RZV_2d,2024,1,dC_Med_d,-22.548983667612188,-22.435483688818643,-26.964389855504713,-18.515271220735738
Vac_91,91,RZV_2d,2024,1,dC_VacZVL_d,0,0,0,0
Vac_91,91,RZV_2d,2024,1,dC_VacRZV_d,170,170,170,170
Vac_91,91,RZV_2d,2024,1,dC_Vac_d,170,170,170,170
Vac_91,91,RZV_2d,2024,1,dC_All_d,147.4510163323878,147.56451631118136,143.03561014449528,151.4847287792643
Vac_91,91,RZV_2d,2024,1,dN_VacZVL,0,0,0,0
Vac_91,91,RZV_2d,2024,1,dN_VacRZV,2,2,2,2
Vac_91,91,RZV_2d,2024,1,dN_VacZVL_d,0,0,0,0
Vac_91,91,RZV_2d,2024,1,dN_VacRZV_d,2,2,2,2
Vac_91,91,RZV_2d,2024,1,ICER,25515.21812287061,25371.6888473994,21077.8214382745,30748.62193849768
Vac_91,91,RZV_2d,2024,1,Price0,85,85,85,85
Vac_91,91,RZV_2d,2024,1,Thres20,69.60831426132381,69.42792114899028,58.8646786254338,81.27083558786786
Vac_91,91,RZV_2d,2024,1,Thres30,98.77522547508268,98.46056059772883,83.18216302003925,115.9690963436559
Vac_91,91,RZV_2d,2024,1,Thres20_50,NA,69.42792114899028,NA,NA
Vac_91,91,RZV_2d,2024,1,Thres30_90,NA,88.07993615029557,NA,NA
Vac_91,91,RZV_2d,2024,1,Thres,NA,69.42792114899028,NA,NA
Vac_92,92,RZV_1d,2024,1,dYear_Life,2.922831990256718e-4,2.9222086628433175e-4,2.3268690763553757e-4,3.5466868132569816e-4
Vac_92,92,RZV_1d,2024,1,dYear_Immunised,3.623893369413632,3.6554411778942217,3.1482499693055743,3.8961411012864215
Vac_92,92,RZV_1d,2024,1,dRisk_HZ,-0.03223719312652048,-0.032479798226360754,-0.0352201634820004,-0.02788929527254973
Vac_92,92,RZV_1d,2024,1,dRisk_Hosp,-0.003522693082239503,-0.0035091659729425263,-0.004522348491729169,-0.002686031486880419
Vac_92,92,RZV_1d,2024,1,dRisk_PHN,-0.0026386109620418745,-0.0026157425152450457,-0.003451735214626156,-0.0018979112375656839
Vac_92,92,RZV_1d,2024,1,dRisk_Death,-9.541245071977945e-5,-9.533242763903151e-5,-1.1611071119297152e-4,-7.637080837463686e-5
Vac_92,92,RZV_1d,2024,1,dQ_Life,1.838998750767602e-4,1.838914046277118e-4,1.4644572865304406e-4,2.2297319869993827e-4
Vac_92,92,RZV_1d,2024,1,dQ_HZ,0.005226554242981557,0.005212540348113391,0.004148274140112559,0.006370643145939598
Vac_92,92,RZV_1d,2024,1,dQ_HZ_Norm,0.0014011172629859118,0.0013993548143503638,0.0011172811784682685,0.001708148568394139
Vac_92,92,RZV_1d,2024,1,dQ_All,0.005392937593138966,0.005383876447861313,0.004301796289229487,0.006540092329830616
Vac_92,92,RZV_1d,2024,1,dQ_HZ_d,0.005062956819483954,0.0050510238692923655,0.00401986438907472,0.006162053591138144
Vac_92,92,RZV_1d,2024,1,dQ_HZ_Norm_d,0.0013579302265751215,0.0013564508338914961,0.0010825541339501714,0.001654752131605136
Vac_92,92,RZV_1d,2024,1,dQ_Life_d,1.7159350920236793e-4,1.7157986673099757e-4,1.3669882078715112e-4,2.0808092078101738e-4
Vac_92,92,RZV_1d,2024,1,dQ_All_d,0.005234550328686318,0.005226189091163347,0.004171415725341098,0.006335499407413601
Vac_92,92,RZV_1d,2024,1,dC_Hosp,-16.673059438155583,-16.59699887465601,-21.464267458432115,-12.447900931365492
Vac_92,92,RZV_1d,2024,1,dC_GP_NonPHN,-3.2964703164835405,-3.314019307955559,-3.626941313957727,-2.827897972131699
Vac_92,92,RZV_1d,2024,1,dC_GP_PHN,-1.3251569486116532,-1.3177340472955872,-1.7454688094560702,-0.939230319978203
Vac_92,92,RZV_1d,2024,1,dC_GP,-4.621627265095194,-4.6411110117427015,-5.2171773917409165,-3.9201820138570556
Vac_92,92,RZV_1d,2024,1,dC_Med,-21.29468670325078,-21.27167929104693,-26.098167916575058,-16.86600912292011
Vac_92,92,RZV_1d,2024,1,dC_VacZVL,0,0,0,0
Vac_92,92,RZV_1d,2024,1,dC_VacRZV,85,85,85,85
Vac_92,92,RZV_1d,2024,1,dC_Vac,85,85,85,85
Vac_92,92,RZV_1d,2024,1,dC_All,63.705313296749225,63.72832070895307,58.90183208342495,68.13399087707988
Vac_92,92,RZV_1d,2024,1,dC_Hosp_d,-16.13215037511276,-16.068609801120587,-20.829577442604986,-12.025079936822745
Vac_92,92,RZV_1d,2024,1,dC_GP_NonPHN_d,-3.1955166085333797,-3.212701674682455,-3.520187692880236,-2.7394343566098627
Vac_92,92,RZV_1d,2024,1,dC_GP_PHN_d,-1.2857906644422419,-1.2781450499624412,-1.6931916374221194,-0.9133409347517591
Vac_92,92,RZV_1d,2024,1,dC_GP_d,-4.481307272975622,-4.500817159259647,-5.059458302450422,-3.804927715585797
Vac_92,92,RZV_1d,2024,1,dC_Med_d,-20.61345764808838,-20.596355885499378,-25.28506856958149,-16.301123069981443
Vac_92,92,RZV_1d,2024,1,dC_VacZVL_d,0,0,0,0
Vac_92,92,RZV_1d,2024,1,dC_VacRZV_d,85,85,85,85
Vac_92,92,RZV_1d,2024,1,dC_Vac_d,85,85,85,85
Vac_92,92,RZV_1d,2024,1,dC_All_d,64.38654235191161,64.40364411450062,59.71493143041851,68.69887693001856
Vac_92,92,RZV_1d,2024,1,dN_VacZVL,0,0,0,0
Vac_92,92,RZV_1d,2024,1,dN_VacRZV,1,1,1,1
Vac_92,92,RZV_1d,2024,1,dN_VacZVL_d,0,0,0,0
Vac_92,92,RZV_1d,2024,1,dN_VacRZV_d,1,1,1,1
Vac_92,92,RZV_1d,2024,1,ICER,12455.340445037287,12297.431450321124,9867.359763028358,15873.160973984055
Vac_92,92,RZV_1d,2024,1,Price0,85,85,85,85
Vac_92,92,RZV_1d,2024,1,Thres20,125.30446422181474,125.25394839264428,102.39537174449289,148.44038775025132
Vac_92,92,RZV_1d,2024,1,Thres30,177.64996750867792,177.52470935163987,144.54436368347382,211.87397025533042
Vac_92,92,RZV_1d,2024,1,Thres20_50,NA,125.25394839264428,NA,NA
Vac_92,92,RZV_1d,2024,1,Thres30_90,NA,155.89702991154206,NA,NA
Vac_92,92,RZV_1d,2024,1,Thres,NA,125.25394839264428,NA,NA
Vac_92,92,RZV_2d,2024,1,dYear_Life,3.013662585372252e-4,3.0021968200921734e-4,2.468976333636741e-4,3.632218220944948e-4
Vac_92,92,RZV_2d,2024,1,dYear_Immunised,3.7368769563092905,3.750925669171037,3.4618117247006843,3.9392465155785357
Vac_92,92,RZV_2d,2024,1,dRisk_HZ,-0.033241570999152294,-0.033318923526877396,-0.035663493770455225,-0.03040754553812018
Vac_92,92,RZV_2d,2024,1,dRisk_Hosp,-0.003632381468938977,-0.0036181789802987308,-0.004613863061419034,-0.002787125121804007
Vac_92,92,RZV_2d,2024,1,dRisk_PHN,-0.0027204157074483017,-0.0026996675054419515,-0.0035213870900940203,-0.00201148561486834
Vac_92,92,RZV_2d,2024,1,dRisk_Death,-9.838383901988112e-5,-9.798564166476057e-5,-1.1863177807388e-4,-8.078541214586847e-5
Vac_92,92,RZV_2d,2024,1,dQ_Life,1.8961282277736702e-4,1.8890103904989353e-4,1.552162718443162e-4,2.2856035580635085e-4
Vac_92,92,RZV_2d,2024,1,dQ_HZ,0.005389260583009077,0.0053638847029873074,0.004400018886795159,0.0064954023769444634
Vac_92,92,RZV_2d,2024,1,dQ_HZ_Norm,0.0014447231897014726,0.0014406076255142407,0.0011773372035345962,0.0017399269299152558
Vac_92,92,RZV_2d,2024,1,dQ_All,0.005560809463931345,0.005538036406202318,0.0045665238936592025,0.006662734180033846
Vac_92,92,RZV_2d,2024,1,dQ_HZ_d,0.005220535554806776,0.0051948458832288685,0.004267280092077623,0.006290188834383454
Vac_92,92,RZV_2d,2024,1,dQ_HZ_Norm_d,0.0014001828658688016,0.0013958408272798908,0.0011416908358738594,0.0016853398183379424
Vac_92,92,RZV_2d,2024,1,dQ_Life_d,1.7692361037903215e-4,1.762782171217392e-4,1.447966369687692e-4,2.1327228652964208e-4
Vac_92,92,RZV_2d,2024,1,dQ_All_d,0.005397459165185804,0.005376325581884389,0.004435513309097194,0.006464815683623947
Vac_92,92,RZV_2d,2024,1,dC_Hosp,-17.19209610003906,-17.111772691277352,-22.063365627933297,-13.071027688414993
Vac_92,92,RZV_2d,2024,1,dC_GP_NonPHN,-3.3991907926445135,-3.403740577602593,-3.6773654579528823,-3.0837600543726844
Vac_92,92,RZV_2d,2024,1,dC_GP_PHN,-1.3662088586412213,-1.3573206472694963,-1.7849983338493158,-1.0020352175498937
Vac_92,92,RZV_2d,2024,1,dC_GP,-4.765399651285735,-4.7734920186065555,-5.285620817550663,-4.236280721224523
Vac_92,92,RZV_2d,2024,1,dC_Med,-21.957495751324792,-21.873422528831902,-26.727607705153194,-17.755341264236943
Vac_92,92,RZV_2d,2024,1,dC_VacZVL,0,0,0,0
Vac_92,92,RZV_2d,2024,1,dC_VacRZV,170,170,170,170
Vac_92,92,RZV_2d,2024,1,dC_Vac,170,170,170,170
Vac_92,92,RZV_2d,2024,1,dC_All,148.04250424867521,148.1265774711681,143.27239229484678,152.24465873576307
Vac_92,92,RZV_2d,2024,1,dC_Hosp_d,-16.63423530774154,-16.55785726025935,-21.38939269580365,-12.64184814203537
Vac_92,92,RZV_2d,2024,1,dC_GP_NonPHN_d,-3.2950697239822535,-3.297673531046874,-3.5646199924524304,-2.985288250918864
Vac_92,92,RZV_2d,2024,1,dC_GP_PHN_d,-1.3256152887016541,-1.31729555376462,-1.7322197331355997,-0.9715610752728729
Vac_92,92,RZV_2d,2024,1,dC_GP_d,-4.620685012683908,-4.627887450034963,-5.125238778887448,-4.10832480782468
Vac_92,92,RZV_2d,2024,1,dC_Med_d,-21.254920320425448,-21.171207068940358,-25.858124655350228,-17.178570394302703
Vac_92,92,RZV_2d,2024,1,dC_VacZVL_d,0,0,0,0
Vac_92,92,RZV_2d,2024,1,dC_VacRZV_d,170,170,170,170
Vac_92,92,RZV_2d,2024,1,dC_Vac_d,170,170,170,170
Vac_92,92,RZV_2d,2024,1,dC_All_d,148.74507967957456,148.82879293105964,144.14187534464978,152.82142960569732
Vac_92,92,RZV_2d,2024,1,dN_VacZVL,0,0,0,0
Vac_92,92,RZV_2d,2024,1,dN_VacRZV,2,2,2,2
Vac_92,92,RZV_2d,2024,1,dN_VacZVL_d,0,0,0,0
Vac_92,92,RZV_2d,2024,1,dN_VacRZV_d,2,2,2,2
Vac_92,92,RZV_2d,2024,1,ICER,27827.822101857295,27656.007677847476,22938.49936085114,33649.825356463094
Vac_92,92,RZV_2d,2024,1,Price0,85,85,85,85
Vac_92,92,RZV_2d,2024,1,Thres20,64.60205181207075,64.42991614904395,54.56424169140163,75.62170641395461
Vac_92,92,RZV_2d,2024,1,Thres30,91.58934763799978,91.28705066898588,76.86004481029677,107.79715658914135
Vac_92,92,RZV_2d,2024,1,Thres20_50,NA,64.42991614904395,NA,NA
Vac_92,92,RZV_2d,2024,1,Thres30_90,NA,81.5173871459541,NA,NA
Vac_92,92,RZV_2d,2024,1,Thres,NA,64.42991614904395,NA,NA
Vac_93,93,RZV_1d,2024,1,dYear_Life,2.4711941108000523e-4,2.47152204824852e-4,1.9689737946518846e-4,2.997977987822641e-4
Vac_93,93,RZV_1d,2024,1,dYear_Immunised,3.358345993567377,3.3888129355468735,2.9131658411259695,3.60589188163029
Vac_93,93,RZV_1d,2024,1,dRisk_HZ,-0.029614949486276125,-0.029827979524403775,-0.03227539863612154,-0.025569665044186996
Vac_93,93,RZV_1d,2024,1,dRisk_Hosp,-0.0032996900175671167,-0.0032743532904664016,-0.00427524811887108,-0.0024735273752900097
Vac_93,93,RZV_1d,2024,1,dRisk_PHN,-0.0023954694515098693,-0.0023707696517221,-0.003214071511057691,-0.0016877204891377474
Vac_93,93,RZV_1d,2024,1,dRisk_Death,-8.842161980837472e-5,-8.834336912664425e-5,-1.0752373923631262e-4,-7.048214013882963e-5
Vac_93,93,RZV_1d,2024,1,dQ_Life,1.52878762385527e-4,1.5297855655194148e-4,1.2163389744804798e-4,1.855581568678932e-4
Vac_93,93,RZV_1d,2024,1,dQ_HZ,0.004807047021749715,0.004796759825437848,0.003775137792175829,0.005866548863072289
Vac_93,93,RZV_1d,2024,1,dQ_HZ_Norm,0.001279877563366302,0.0012751527393696067,0.0010159755364418667,0.0015607146409606372
Vac_93,93,RZV_1d,2024,1,dQ_All,0.004941135947264595,0.004931865120099133,0.003908012138904582,0.006018771515361665
Vac_93,93,RZV_1d,2024,1,dQ_HZ_d,0.004673719049345154,0.004664719639766431,0.0036710786039307777,0.005705260231112894
Vac_93,93,RZV_1d,2024,1,dQ_HZ_Norm_d,0.0012448452324838888,0.0012406149787835264,9.879460196555235e-4,0.0015190874592978213
Vac_93,93,RZV_1d,2024,1,dQ_Life_d,1.4355976415137594e-4,1.436468975815064e-4,1.1418359302680648e-4,1.7426558026065737e-4
Vac_93,93,RZV_1d,2024,1,dQ_All_d,0.00481727881349653,0.004808422766656495,0.0038106177051501766,0.00586235100281478
Vac_93,93,RZV_1d,2024,1,dC_Hosp,-15.636806238895254,-15.457686297922702,-20.510897811532022,-11.625497180557252
Vac_93,93,RZV_1d,2024,1,dC_GP_NonPHN,-3.0027314362636197,-3.0210467348434467,-3.300650406730662,-2.5630970438808434
Vac_93,93,RZV_1d,2024,1,dC_GP_PHN,-1.1920378564579182,-1.1796207341738332,-1.6068827071719556,-0.8299509084616551
Vac_93,93,RZV_1d,2024,1,dC_GP,-4.194769292721538,-4.207172635254604,-4.747314902716751,-3.546830078867698
Vac_93,93,RZV_1d,2024,1,dC_Med,-19.831575531616792,-19.686916977470098,-24.73146909876859,-15.577834897952737
Vac_93,93,RZV_1d,2024,1,dC_VacZVL,0,0,0,0
Vac_93,93,RZV_1d,2024,1,dC_VacRZV,85,85,85,85
Vac_93,93,RZV_1d,2024,1,dC_Vac,85,85,85,85
Vac_93,93,RZV_1d,2024,1,dC_All,65.16842446838321,65.3130830225299,60.26853090123141,69.42216510204726
Vac_93,93,RZV_1d,2024,1,dC_Hosp_d,-15.192136584451974,-15.02816802996325,-19.92160734347484,-11.29787178599914
Vac_93,93,RZV_1d,2024,1,dC_GP_NonPHN_d,-2.921004769994053,-2.9379762949993067,-3.2122872620994527,-2.4985271732678904
Vac_93,93,RZV_1d,2024,1,dC_GP_PHN_d,-1.160485039219059,-1.148775285156614,-1.5647552685099135,-0.8081902606662211
Vac_93,93,RZV_1d,2024,1,dC_GP_d,-4.081489809213112,-4.094095911708491,-4.615504194476687,-3.4572174871694727
Vac_93,93,RZV_1d,2024,1,dC_Med_d,-19.273626393665086,-19.137341050077225,-24.080637495033823,-15.135095901684089
Vac_93,93,RZV_1d,2024,1,dC_VacZVL_d,0,0,0,0
Vac_93,93,RZV_1d,2024,1,dC_VacRZV_d,85,85,85,85
Vac_93,93,RZV_1d,2024,1,dC_Vac_d,85,85,85,85
Vac_93,93,RZV_1d,2024,1,dC_All_d,65.72637360633492,65.86265894992277,60.91936250496618,69.86490409831592
Vac_93,93,RZV_1d,2024,1,dN_VacZVL,0,0,0,0
Vac_93,93,RZV_1d,2024,1,dN_VacRZV,1,1,1,1
Vac_93,93,RZV_1d,2024,1,dN_VacZVL_d,0,0,0,0
Vac_93,93,RZV_1d,2024,1,dN_VacRZV_d,1,1,1,1
Vac_93,93,RZV_1d,2024,1,ICER,13818.57501069815,13658.023366400404,10933.920920784074,17566.736628314582
Vac_93,93,RZV_1d,2024,1,Price0,85,85,85,85
Vac_93,93,RZV_1d,2024,1,Thres20,115.61920266359569,115.48289509198341,94.26270017362553,137.6355073659687
Vac_93,93,RZV_1d,2024,1,Thres30,163.791990798561,163.5684229750068,132.69449882913406,195.64977362338442
Vac_93,93,RZV_1d,2024,1,Thres20_50,NA,115.48289509198341,NA,NA
Vac_93,93,RZV_1d,2024,1,Thres30_90,NA,143.7924596498735,NA,NA
Vac_93,93,RZV_1d,2024,1,Thres,NA,115.48289509198341,NA,NA
Vac_93,93,RZV_2d,2024,1,dYear_Life,2.547930780144583e-4,2.5397036176677545e-4,2.084374210886808e-4,3.0717578168113483e-4
Vac_93,93,RZV_2d,2024,1,dYear_Immunised,3.462961552737359,3.478369625240741,3.1993769513803323,3.6435704336202175
Vac_93,93,RZV_2d,2024,1,dRisk_HZ,-0.030536964555225986,-0.030605097753737,-0.03271894420090611,-0.027879243769953873
Vac_93,93,RZV_2d,2024,1,dRisk_Hosp,-0.003402486566345006,-0.003377181006611979,-0.004399340630244839,-0.002604686842332896
Vac_93,93,RZV_2d,2024,1,dRisk_PHN,-0.002469654282786201,-0.002441664460888008,-0.0032735252412854614,-0.0017660894312813394
Vac_93,93,RZV_2d,2024,1,dRisk_Death,-9.117295904464763e-5,-9.083246059974144e-5,-1.0989919035504992e-4,-7.486088095183988e-5
Vac_93,93,RZV_2d,2024,1,dQ_Life,1.5762433012584643e-4,1.5707570604650556e-4,1.2888861516233697e-4,1.9005435231581597e-4
Vac_93,93,RZV_2d,2024,1,dQ_HZ,0.004956566461141826,0.004932043615614111,0.0040411356051638985,0.005972961649143201
Vac_93,93,RZV_2d,2024,1,dQ_HZ_Norm,0.0013196783868040043,0.0013137020935529691,0.0010768404931755797,0.001583198308814906
Vac_93,93,RZV_2d,2024,1,dQ_All,0.005094814815035157,0.005076490422623481,0.004161385455351274,0.0061126931574383755
Vac_93,93,RZV_2d,2024,1,dQ_HZ_d,0.004819065818987163,0.004795330019929723,0.003927884912905699,0.0058103477989237895
Vac_93,93,RZV_2d,2024,1,dQ_HZ_Norm_d,0.0012835498856096277,0.0012775536133939063,0.0010474749424698845,0.001541166724612376
Vac_93,93,RZV_2d,2024,1,dQ_Life_d,1.4801570903601036e-4,1.475037281060132e-4,1.2102023572932997e-4,1.7847241108537299e-4
Vac_93,93,RZV_2d,2024,1,dQ_All_d,0.004967081528023165,0.0049477415949219505,0.0040558926326870305,0.005962042774603215
Vac_93,93,RZV_2d,2024,1,dC_Hosp,-16.123738230024834,-15.98659597844814,-20.94233787107147,-12.103585038591397
Vac_93,93,RZV_2d,2024,1,dC_GP_NonPHN,-3.0962121124030935,-3.100193935621611,-3.3497200365446558,-2.792211333257496
Vac_93,93,RZV_2d,2024,1,dC_GP_PHN,-1.2289187141892652,-1.219436420354652,-1.6495429784920084,-0.8739818853001717
Vac_93,93,RZV_2d,2024,1,dC_GP,-4.325130826592359,-4.325203008866529,-4.81549957071673,-3.842402517549829
Vac_93,93,RZV_2d,2024,1,dC_Med,-20.448869056617195,-20.318111326135885,-25.24548917283047,-16.48138501069344
Vac_93,93,RZV_2d,2024,1,dC_VacZVL,0,0,0,0
Vac_93,93,RZV_2d,2024,1,dC_VacRZV,170,170,170,170
Vac_93,93,RZV_2d,2024,1,dC_Vac,170,170,170,170
Vac_93,93,RZV_2d,2024,1,dC_All,149.55113094338282,149.6818886738641,144.75451082716953,153.51861498930654
Vac_93,93,RZV_2d,2024,1,dC_Hosp_d,-15.66516387293246,-15.541536523443988,-20.42543053322935,-11.761635757232513
Vac_93,93,RZV_2d,2024,1,dC_GP_NonPHN_d,-3.011924795151263,-3.015703788803565,-3.2585874983799075,-2.715551922100662
Vac_93,93,RZV_2d,2024,1,dC_GP_PHN_d,-1.1963835286662063,-1.1871749886430378,-1.604799939723319,-0.8516051644118244
Vac_93,93,RZV_2d,2024,1,dC_GP_d,-4.2083083238174694,-4.2095246299082625,-4.684887344309896,-3.7361126089901084
Vac_93,93,RZV_2d,2024,1,dC_Med_d,-19.87347219674993,-19.734004702056637,-24.57575057269527,-16.00188332951156
Vac_93,93,RZV_2d,2024,1,dC_VacZVL_d,0,0,0,0
Vac_93,93,RZV_2d,2024,1,dC_VacRZV_d,170,170,170,170
Vac_93,93,RZV_2d,2024,1,dC_Vac_d,170,170,170,170
Vac_93,93,RZV_2d,2024,1,dC_All_d,150.12652780325007,150.26599529794336,145.42424942730472,153.99811667048846
Vac_93,93,RZV_2d,2024,1,dN_VacZVL,0,0,0,0
Vac_93,93,RZV_2d,2024,1,dN_VacRZV,2,2,2,2
Vac_93,93,RZV_2d,2024,1,dN_VacZVL_d,0,0,0,0
Vac_93,93,RZV_2d,2024,1,dN_VacRZV_d,2,2,2,2
Vac_93,93,RZV_2d,2024,1,ICER,30526.744634375296,30322.041990864374,25060.615223302193,37084.75063014128
Vac_93,93,RZV_2d,2024,1,Price0,85,85,85,85
Vac_93,93,RZV_2d,2024,1,Thres20,59.607551378606615,59.46044070724659,50.17841562854573,70.1067767770498
Vac_93,93,RZV_2d,2024,1,Thres30,84.44295901872243,84.19980844076403,70.61036404574902,99.4895640890854
Vac_93,93,RZV_2d,2024,1,Thres20_50,NA,59.46044070724659,NA,NA
Vac_93,93,RZV_2d,2024,1,Thres30_90,NA,75.05210365633671,NA,NA
Vac_93,93,RZV_2d,2024,1,Thres,NA,59.46044070724659,NA,NA
Vac_94,94,RZV_1d,2024,1,dYear_Life,2.052020852479466e-4,2.053312729781709e-4,1.6297768785936695e-4,2.492134258385347e-4
Vac_94,94,RZV_1d,2024,1,dYear_Immunised,3.098383188668371,3.1300058788040053,2.6883620870940366,3.3233385236255706
Vac_94,94,RZV_1d,2024,1,dRisk_HZ,-0.027104867524715918,-0.027304456742527364,-0.02972001439181982,-0.02320737590202126
Vac_94,94,RZV_1d,2024,1,dRisk_Hosp,-0.0030662406404670132,-0.0030346698637423505,-0.003993136412280486,-0.0022450400581440024
Vac_94,94,RZV_1d,2024,1,dRisk_PHN,-0.0021635928097389987,-0.0021284770627778356,-0.0029648527532964517,-0.0014698292653790401
Vac_94,94,RZV_1d,2024,1,dRisk_Death,-8.157774061950544e-5,-8.151330665633763e-5,-9.908695421106534e-5,-6.478405325928063e-5
Vac_94,94,RZV_1d,2024,1,dQ_Life,1.241835767895929e-4,1.2417700054134784e-4,9.848758882524677e-5,1.508941144170772e-4
Vac_94,94,RZV_1d,2024,1,dQ_HZ,0.004388814317097066,0.004382571892605382,0.0034572265631788376,0.005362001929467885
Vac_94,94,RZV_1d,2024,1,dQ_HZ_Norm,0.0011611780482808907,0.0011549465543385534,9.144286608138879e-4,0.0014171092733694932
Vac_94,94,RZV_1d,2024,1,dQ_All,0.00449287267362525,0.004488526460266984,0.003559878178019782,0.005462865330389477
Vac_94,94,RZV_1d,2024,1,dQ_HZ_d,0.004283431293674036,0.004277073971130624,0.0033728255370188676,0.005229992564306453
Vac_94,94,RZV_1d,2024,1,dQ_HZ_Norm_d,0.0011336089433734268,0.00112769130168981,8.92916433468064e-4,0.001381890873228695
Vac_94,94,RZV_1d,2024,1,dQ_Life_d,1.1738827382376371e-4,1.1736471431378348e-4,9.307820152441026e-5,1.4264817633703465e-4
Vac_94,94,RZV_1d,2024,1,dQ_All_d,0.004400819567497809,0.004395748991945725,0.0034874462925171823,0.005346563237090729
Vac_94,94,RZV_1d,2024,1,dC_Hosp,-14.49525263182102,-14.379804486045227,-19.14448705954846,-10.565989228350174
Vac_94,94,RZV_1d,2024,1,dC_GP_NonPHN,-2.7169872675843707,-2.735710245905285,-2.994120102475255,-2.316086387020199
Vac_94,94,RZV_1d,2024,1,dC_GP_PHN,-1.0636023617444883,-1.0529127137929963,-1.4605069857411426,-0.7191422851812257
Vac_94,94,RZV_1d,2024,1,dC_GP,-3.780589629328859,-3.792376992016043,-4.291684820555823,-3.1681299880829754
Vac_94,94,RZV_1d,2024,1,dC_Med,-18.27584226114988,-18.194395138279376,-23.01345433123795,-14.134326231600026
Vac_94,94,RZV_1d,2024,1,dC_VacZVL,0,0,0,0
Vac_94,94,RZV_1d,2024,1,dC_VacRZV,85,85,85,85
Vac_94,94,RZV_1d,2024,1,dC_Vac,85,85,85,85
Vac_94,94,RZV_1d,2024,1,dC_All,66.72415773885012,66.80560486172061,61.986545668762055,70.86567376839999
Vac_94,94,RZV_1d,2024,1,dC_Hosp_d,-14.141660258673669,-14.005966882727591,-18.71550264108058,-10.270855705687776
Vac_94,94,RZV_1d,2024,1,dC_GP_NonPHN_d,-2.6527938226529937,-2.6712107324426144,-2.923852359675597,-2.2613536088775636
Vac_94,94,RZV_1d,2024,1,dC_GP_PHN_d,-1.0390373073965937,-1.0290382586495421,-1.424236429305802,-0.7055590025436018
Vac_94,94,RZV_1d,2024,1,dC_GP_d,-3.6918311300495876,-3.7048659000043878,-4.188612642956529,-3.094648100772809
Vac_94,94,RZV_1d,2024,1,dC_Med_d,-17.833491388723257,-17.74238394407655,-22.443708930970008,-13.785040471678595
Vac_94,94,RZV_1d,2024,1,dC_VacZVL_d,0,0,0,0
Vac_94,94,RZV_1d,2024,1,dC_VacRZV_d,85,85,85,85
Vac_94,94,RZV_1d,2024,1,dC_Vac_d,85,85,85,85
Vac_94,94,RZV_1d,2024,1,dC_All_d,67.16650861127674,67.25761605592345,62.55629106902999,71.21495952832142
Vac_94,94,RZV_1d,2024,1,dN_VacZVL,0,0,0,0
Vac_94,94,RZV_1d,2024,1,dN_VacRZV,1,1,1,1
Vac_94,94,RZV_1d,2024,1,dN_VacZVL_d,0,0,0,0
Vac_94,94,RZV_1d,2024,1,dN_VacRZV_d,1,1,1,1
Vac_94,94,RZV_1d,2024,1,ICER,15461.328987425804,15271.508936426317,12246.203631218235,19716.92692996036
Vac_94,94,RZV_1d,2024,1,Price0,85,85,85,85
Vac_94,94,RZV_1d,2024,1,Thres20,105.84988273867944,105.88318946840879,85.98378233182588,125.85621058871071
Vac_94,94,RZV_1d,2024,1,Thres30,149.85807841365752,149.7457757453406,121.01625957862454,179.44929288321404
Vac_94,94,RZV_1d,2024,1,Thres20_50,NA,105.88318946840879,NA,NA
Vac_94,94,RZV_1d,2024,1,Thres30_90,NA,131.11018278212003,NA,NA
Vac_94,94,RZV_1d,2024,1,Thres,NA,105.88318946840879,NA,NA
Vac_94,94,RZV_2d,2024,1,dYear_Life,2.115690790642575e-4,2.107930917076839e-4,1.729004295253578e-4,2.5513375232757426e-4
Vac_94,94,RZV_2d,2024,1,dYear_Immunised,3.194817507377195,3.210379672210065,2.9532002181644423,3.35430540219823
Vac_94,94,RZV_2d,2024,1,dRisk_HZ,-0.02794830710912012,-0.028004725453965665,-0.030038527735451563,-0.02549040833397191
Vac_94,94,RZV_2d,2024,1,dRisk_Hosp,-0.0031614623537026725,-0.003137412366812182,-0.004101246740909076,-0.002351921378264038
Vac_94,94,RZV_2d,2024,1,dRisk_PHN,-0.0022305116073375575,-0.0021995704368609125,-0.0030294276114038554,-0.0015508227883548362
Vac_94,94,RZV_2d,2024,1,dRisk_Death,-8.411394019198743e-5,-8.382702654107969e-5,-1.0142023338036167e-4,-6.897054240480872e-5
Vac_94,94,RZV_2d,2024,1,dQ_Life,1.2803530512936235e-4,1.2759533143813506e-4,1.0458375447131019e-4,1.5442121807973663e-4
Vac_94,94,RZV_2d,2024,1,dQ_HZ,0.004525239250748365,0.004501485691515641,0.0036607487722541475,0.005466348867689906
Vac_94,94,RZV_2d,2024,1,dQ_HZ_Norm,0.0011972666046518071,0.0011904759651012269,9.701635458175451e-4,0.0014471138124576123
Vac_94,94,RZV_2d,2024,1,dQ_All,0.004632522684440492,0.004613471902954469,0.003767308464079166,0.00557655144932817
Vac_94,94,RZV_2d,2024,1,dQ_HZ_d,0.004416563692332217,0.004393812911148839,0.003574797696526007,0.005334373042695092
Vac_94,94,RZV_2d,2024,1,dQ_HZ_Norm_d,0.001168836283545386,0.0011622488015316987,9.477462428882196e-4,0.0014121478225423984
Vac_94,94,RZV_2d,2024,1,dQ_Life_d,1.2102902882734278e-4,1.206159657460848e-4,9.885339863395793e-5,1.459738543549638e-4
Vac_94,94,RZV_2d,2024,1,dQ_All_d,0.004537592721159567,0.004519318413531703,0.0036934417828666465,0.005463445312343251
Vac_94,94,RZV_2d,2024,1,dC_Hosp,-14.945073729074146,-14.838194116561105,-19.554001800537463,-11.016034504891365
Vac_94,94,RZV_2d,2024,1,dC_GP_NonPHN,-2.801556872077952,-2.805391854680251,-3.0377590382976347,-2.52154896417894
Vac_94,94,RZV_2d,2024,1,dC_GP_PHN,-1.0964783327250043,-1.0858661839913795,-1.4917787447539363,-0.7524448348698584
Vac_94,94,RZV_2d,2024,1,dC_GP,-3.898035204802956,-3.8987243382046657,-4.349492244036238,-3.456705187033455
Vac_94,94,RZV_2d,2024,1,dC_Med,-18.8431089338771,-18.722044879024168,-23.465236723697956,-14.982449707242816
Vac_94,94,RZV_2d,2024,1,dC_VacZVL,0,0,0,0
Vac_94,94,RZV_2d,2024,1,dC_VacRZV,170,170,170,170
Vac_94,94,RZV_2d,2024,1,dC_Vac,170,170,170,170
Vac_94,94,RZV_2d,2024,1,dC_All,151.1568910661229,151.27795512097583,146.53476327630202,155.0175502927572
Vac_94,94,RZV_2d,2024,1,dC_Hosp_d,-14.58043809494919,-14.454399856316222,-19.043173051811962,-10.77438813856953
Vac_94,94,RZV_2d,2024,1,dC_GP_NonPHN_d,-2.735355652879018,-2.738517401983658,-2.9668482649957375,-2.4622043033253567
Vac_94,94,RZV_2d,2024,1,dC_GP_PHN_d,-1.071149447664623,-1.0598308434575057,-1.4541224360232106,-0.7352778147206067
Vac_94,94,RZV_2d,2024,1,dC_GP_d,-3.8065051005436414,-3.8059775881906432,-4.248187173745084,-3.376791920816168
Vac_94,94,RZV_2d,2024,1,dC_Med_d,-18.386943195492833,-18.26400368707309,-22.91007998629308,-14.597894131588394
Vac_94,94,RZV_2d,2024,1,dC_VacZVL_d,0,0,0,0
Vac_94,94,RZV_2d,2024,1,dC_VacRZV_d,170,170,170,170
Vac_94,94,RZV_2d,2024,1,dC_Vac_d,170,170,170,170
Vac_94,94,RZV_2d,2024,1,dC_All_d,151.61305680450718,151.73599631292694,147.08992001370692,155.4021058684116
Vac_94,94,RZV_2d,2024,1,dN_VacZVL,0,0,0,0
Vac_94,94,RZV_2d,2024,1,dN_VacRZV,2,2,2,2
Vac_94,94,RZV_2d,2024,1,dN_VacZVL_d,0,0,0,0
Vac_94,94,RZV_2d,2024,1,dN_VacRZV_d,2,2,2,2
Vac_94,94,RZV_2d,2024,1,ICER,33755.74853912072,33555.864411497474,27746.954797211896,41185.447422299134
Vac_94,94,RZV_2d,2024,1,Price0,85,85,85,85
Vac_94,94,RZV_2d,2024,1,Thres20,54.56939880934209,54.411068986813135,45.7356742485844,64.08932157583781
Vac_94,94,RZV_2d,2024,1,Thres30,77.25736241513992,76.97956911923424,64.28565562162032,91.23215830045774
Vac_94,94,RZV_2d,2024,1,Thres20_50,NA,54.411068986813135,NA,NA
Vac_94,94,RZV_2d,2024,1,Thres30_90,NA,68.63376445567523,NA,NA
Vac_94,94,RZV_2d,2024,1,Thres,NA,54.411068986813135,NA,NA
Vac_95,95,RZV_1d,2024,1,dYear_Life,1.657368106554289e-4,1.6566905287174194e-4,1.3130936647463007e-4,2.0148050159873865e-4
Vac_95,95,RZV_1d,2024,1,dYear_Immunised,2.8381871526511264,2.8695196108837795,2.4578928628472485,3.0424863833260347
Vac_95,95,RZV_1d,2024,1,dRisk_HZ,-0.024625765703196665,-0.024831650568187258,-0.027003505637668762,-0.021051422219726654
Vac_95,95,RZV_1d,2024,1,dRisk_Hosp,-0.002812783784803681,-0.0027843078195860984,-0.003746846980396069,-0.0020524855669194868
Vac_95,95,RZV_1d,2024,1,dRisk_PHN,-0.0019452065307863867,-0.0019168040895765654,-0.0027543300153902387,-0.0012691679688977492
Vac_95,95,RZV_1d,2024,1,dRisk_Death,-7.472764724460824e-5,-7.472059655143774e-5,-9.062105379871137e-5,-5.9534859775514946e-5
Vac_95,95,RZV_1d,2024,1,dQ_Life,9.7311544455992e-5,9.725532661808423e-5,7.709771271823263e-5,1.1833386821453741e-4
Vac_95,95,RZV_1d,2024,1,dQ_HZ,0.00395340286595965,0.0039409821324956785,0.003075533541043787,0.004845196845259468
Vac_95,95,RZV_1d,2024,1,dQ_HZ_Norm,0.0010397637286454586,0.001035991797461233,8.164986946736539e-4,0.0012747134752413884
Vac_95,95,RZV_1d,2024,1,dQ_All,0.004029362467047689,0.004020032770651216,0.0031387057844760257,0.004922761164776256
Vac_95,95,RZV_1d,2024,1,dQ_HZ_d,0.003874014988447732,0.0038610067466782133,0.003012943263330501,0.004751575898402647
Vac_95,95,RZV_1d,2024,1,dQ_HZ_Norm_d,0.0010190784375191599,0.0010153399663470628,8.000943488834499e-4,0.0012486473666632975
Vac_95,95,RZV_1d,2024,1,dQ_Life_d,9.262832233028595e-5,9.257997870326662e-5,7.337277938663788e-5,1.1263918770431092e-4
Vac_95,95,RZV_1d,2024,1,dQ_All_d,0.003966643310778023,0.003959311400966392,0.003090476440113965,0.0048447678239062365
Vac_95,95,RZV_1d,2024,1,dC_Hosp,-13.184283687955547,-13.059650303017417,-17.75201531145459,-9.437746723452872
Vac_95,95,RZV_1d,2024,1,dC_GP_NonPHN,-2.4268123610415846,-2.441700520319573,-2.6905958186099226,-2.045907178702761
Vac_95,95,RZV_1d,2024,1,dC_GP_PHN,-0.9398085247571937,-0.9297807807591021,-1.339417732162789,-0.6125795655493577
Vac_95,95,RZV_1d,2024,1,dC_GP,-3.366620885798778,-3.3694824144808493,-3.836503811054644,-2.821476112276038
Vac_95,95,RZV_1d,2024,1,dC_Med,-16.550904573754327,-16.46103615490322,-21.213531100390718,-12.777239793725041
Vac_95,95,RZV_1d,2024,1,dC_VacZVL,0,0,0,0
Vac_95,95,RZV_1d,2024,1,dC_VacRZV,85,85,85,85
Vac_95,95,RZV_1d,2024,1,dC_Vac,85,85,85,85
Vac_95,95,RZV_1d,2024,1,dC_All,68.44909542624568,68.53896384509677,63.78646889960929,72.22276020627496
Vac_95,95,RZV_1d,2024,1,dC_Hosp_d,-12.91671262529955,-12.797375265143378,-17.42210009734305,-9.222602961946205
Vac_95,95,RZV_1d,2024,1,dC_GP_NonPHN_d,-2.378734920125998,-2.3943926336876147,-2.636180142420128,-2.0050645170472214
Vac_95,95,RZV_1d,2024,1,dC_GP_PHN_d,-0.9215769823346556,-0.9120366824596571,-1.3133113668558074,-0.6004379853967293
Vac_95,95,RZV_1d,2024,1,dC_GP_d,-3.300311902460654,-3.303110559672505,-3.7609770057690954,-2.764084629687638
Vac_95,95,RZV_1d,2024,1,dC_Med_d,-16.217024527760206,-16.124879479718505,-20.8019422755625,-12.518805035819726
Vac_95,95,RZV_1d,2024,1,dC_VacZVL_d,0,0,0,0
Vac_95,95,RZV_1d,2024,1,dC_VacRZV_d,85,85,85,85
Vac_95,95,RZV_1d,2024,1,dC_Vac_d,85,85,85,85
Vac_95,95,RZV_1d,2024,1,dC_All_d,68.7829754722398,68.87512052028148,64.19805772443749,72.48119496418028
Vac_95,95,RZV_1d,2024,1,dN_VacZVL,0,0,0,0
Vac_95,95,RZV_1d,2024,1,dN_VacRZV,1,1,1,1
Vac_95,95,RZV_1d,2024,1,dN_VacZVL_d,0,0,0,0
Vac_95,95,RZV_1d,2024,1,dN_VacRZV_d,1,1,1,1
Vac_95,95,RZV_1d,2024,1,ICER,17575.387348045417,17314.64231534452,13911.067223957196,22496.58706393129
Vac_95,95,RZV_1d,2024,1,Price0,85,85,85,85
Vac_95,95,RZV_1d,2024,1,Thres20,95.54989074332066,95.59483524389682,77.21593273479255,114.77580048899272
Vac_95,95,RZV_1d,2024,1,Thres30,135.2163238511009,135.06584320141704,108.25096795656282,162.9020553264791
Vac_95,95,RZV_1d,2024,1,Thres20_50,NA,95.59483524389682,NA,NA
Vac_95,95,RZV_1d,2024,1,Thres30_90,NA,118.04300345842249,NA,NA
Vac_95,95,RZV_1d,2024,1,Thres,NA,95.59483524389682,NA,NA
Vac_95,95,RZV_2d,2024,1,dYear_Life,1.7087504029142741e-4,1.7028250895934072e-4,1.3949034400114748e-4,2.0604582364660561e-4
Vac_95,95,RZV_2d,2024,1,dYear_Immunised,2.926444602229589,2.941489949226086,2.701864117220115,3.0674248389028156
Vac_95,95,RZV_2d,2024,1,dRisk_HZ,-0.025391138733823097,-0.025442296978774235,-0.027267330631591407,-0.023081889151495543
Vac_95,95,RZV_2d,2024,1,dRisk_Hosp,-0.0029000703388603814,-0.0028703386685539145,-0.00382847570852328,-0.0021444197723382956
Vac_95,95,RZV_2d,2024,1,dRisk_PHN,-0.0020053021285561744,-0.0019821043131691392,-0.0028312170953212878,-0.001335362840414412
Vac_95,95,RZV_2d,2024,1,dRisk_Death,-7.704881946425796e-5,-7.67717025696207e-5,-9.288020194541078e-5,-6.305570127930847e-5
Vac_95,95,RZV_2d,2024,1,dQ_Life,1.0032727156623111e-4,9.999266509796989e-5,8.186555875663303e-5,1.2084137648439294e-4
Vac_95,95,RZV_2d,2024,1,dQ_HZ,0.0040761238453779595,0.0040574909222886296,0.003281401367672214,0.004930637010606606
Vac_95,95,RZV_2d,2024,1,dQ_HZ_Norm,0.001072035230982108,0.0010667654955165183,8.674025847720993e-4,0.0012998650675593926
Vac_95,95,RZV_2d,2024,1,dQ_All,0.0041544355353138026,0.004138805845301574,0.0033595923440531417,0.005012270097889991
Vac_95,95,RZV_2d,2024,1,dQ_HZ_d,0.003994259413618,0.003975429926039643,0.00321751331847285,0.004832923240600283
Vac_95,95,RZV_2d,2024,1,dQ_HZ_Norm_d,0.0010507047343758314,0.0010454795054940782,8.498579636725105e-4,0.0012737821256993663
Vac_95,95,RZV_2d,2024,1,dQ_Life_d,9.549880359448459e-5,9.517907477318843e-5,7.792803846872199e-5,1.1501251480493522e-4
Vac_95,95,RZV_2d,2024,1,dQ_All_d,0.004089758217212488,0.00407392634691095,0.0033090939213486713,0.004928694314966186
Vac_95,95,RZV_2d,2024,1,dC_Hosp,-13.59301343637995,-13.45837719106916,-18.16330228790391,-9.854498533231453
Vac_95,95,RZV_2d,2024,1,dC_GP_NonPHN,-2.5022446692619527,-2.5091634867823656,-2.7248961984769986,-2.2443384872158205
Vac_95,95,RZV_2d,2024,1,dC_GP_PHN,-0.9688197699518338,-0.9592105414468866,-1.3776107015705543,-0.6444740759926738
Vac_95,95,RZV_2d,2024,1,dC_GP,-3.4710644392137864,-3.4684074688894286,-3.909944581920532,-3.067831855314628
Vac_95,95,RZV_2d,2024,1,dC_Med,-17.064077875593735,-16.9621609248098,-21.65074482018539,-13.441815647704095
Vac_95,95,RZV_2d,2024,1,dC_VacZVL,0,0,0,0
Vac_95,95,RZV_2d,2024,1,dC_VacRZV,170,170,170,170
Vac_95,95,RZV_2d,2024,1,dC_Vac,170,170,170,170
Vac_95,95,RZV_2d,2024,1,dC_All,152.93592212440626,153.0378390751902,148.34925517981463,156.55818435229588
Vac_95,95,RZV_2d,2024,1,dC_Hosp_d,-13.31709315212338,-13.182640607738659,-17.821058347042943,-9.657463524809252
Vac_95,95,RZV_2d,2024,1,dC_GP_NonPHN_d,-2.452666015110894,-2.459812869136412,-2.6722509011882942,-2.2001337479763152
Vac_95,95,RZV_2d,2024,1,dC_GP_PHN_d,-0.9500217899570904,-0.9410626431652398,-1.3503452321596339,-0.6315010589124954
Vac_95,95,RZV_2d,2024,1,dC_GP_d,-3.4026878050679845,-3.4001037085447816,-3.8333895926895534,-3.0078896206273873
Vac_95,95,RZV_2d,2024,1,dC_Med_d,-16.719780957191364,-16.625413560633497,-21.238240185487047,-13.173603796030655
Vac_95,95,RZV_2d,2024,1,dC_VacZVL_d,0,0,0,0
Vac_95,95,RZV_2d,2024,1,dC_VacRZV_d,170,170,170,170
Vac_95,95,RZV_2d,2024,1,dC_Vac_d,170,170,170,170
Vac_95,95,RZV_2d,2024,1,dC_All_d,153.28021904280862,153.3745864393665,148.76175981451297,156.82639620396935
Vac_95,95,RZV_2d,2024,1,dN_VacZVL,0,0,0,0
Vac_95,95,RZV_2d,2024,1,dN_VacRZV,2,2,2,2
Vac_95,95,RZV_2d,2024,1,dN_VacZVL_d,0,0,0,0
Vac_95,95,RZV_2d,2024,1,dN_VacRZV_d,2,2,2,2
Vac_95,95,RZV_2d,2024,1,ICER,37881.58523434819,37573.56297653584,30810.621031863753,46634.6141054948
Vac_95,95,RZV_2d,2024,1,Price0,85,85,85,85
Vac_95,95,RZV_2d,2024,1,Thres20,49.25747265072056,49.10557171320568,40.80202159816685,58.29196435108861
Vac_95,95,RZV_2d,2024,1,Thres30,69.706263736783,69.56723014211111,57.351428034990754,83.0205113602851
Vac_95,95,RZV_2d,2024,1,Thres20_50,NA,49.10557171320568,NA,NA
Vac_95,95,RZV_2d,2024,1,Thres30_90,NA,61.66590071499256,NA,NA
Vac_95,95,RZV_2d,2024,1,Thres,NA,49.10557171320568,NA,NA
Vac_96,96,RZV_1d,2024,1,dYear_Life,1.2798230382361563e-4,1.2793381478970467e-4,1.0147552643805514e-4,0.00015560192580278407
Vac_96,96,RZV_1d,2024,1,dYear_Immunised,2.5680886184270912,2.5992118588238884,2.216942672146779,2.7512958645050776
Vac_96,96,RZV_1d,2024,1,dRisk_HZ,-0.022074436959327075,-0.022247399169381798,-0.024208837210181158,-0.01881171192729577
Vac_96,96,RZV_1d,2024,1,dRisk_Hosp,-0.002542485474915517,-0.002512583969835977,-0.003419721384780736,-0.0018286989346182217
Vac_96,96,RZV_1d,2024,1,dRisk_PHN,-0.0017218036009829596,-0.0016963944349255643,-0.0024813999891361025,-0.0010964969597732257
Vac_96,96,RZV_1d,2024,1,dRisk_Death,-6.761675920833633e-5,-6.76617349647032e-5,-8.210241127342246e-5,-5.3735649216030944e-5
Vac_96,96,RZV_1d,2024,1,dQ_Life,7.186997989011435e-5,7.183989697456816e-5,5.704234657342155e-5,8.736723310844852e-5
Vac_96,96,RZV_1d,2024,1,dQ_HZ,0.00347502793543106,0.00346486798665604,0.0026997056939636094,0.004285868626485995
Vac_96,96,RZV_1d,2024,1,dQ_HZ_Norm,9.088615108604336e-4,9.048969715005231e-4,7.08221470083685e-4,0.0011185638323623018
Vac_96,96,RZV_1d,2024,1,dQ_All,0.003524812562275413,0.0035182950003936897,0.0027423662985046502,0.004331317663780868
Vac_96,96,RZV_1d,2024,1,dQ_HZ_d,0.0034198630364808908,0.003410031132451758,0.002656925521572355,0.004217058797997806
Vac_96,96,RZV_1d,2024,1,dQ_HZ_Norm_d,8.945392582503325e-4,8.907984017000224e-4,6.970585461875897e-4,0.0011010286348191393
Vac_96,96,RZV_1d,2024,1,dQ_Life_d,6.891800001391024e-5,6.888775344737752e-5,5.470268797184152e-5,8.37743415912584e-5
Vac_96,96,RZV_1d,2024,1,dQ_All_d,0.0034887810364947923,0.003484373236886551,0.0027160732603374593,0.004279852247459412
Vac_96,96,RZV_1d,2024,1,dC_Hosp,-11.688631425949438,-11.5320986805859,-16.00990345020445,-8.221905156888113
Vac_96,96,RZV_1d,2024,1,dC_GP_NonPHN,-2.1160069095633762,-2.132463349564134,-2.349547890578785,-1.7772965168818604
Vac_96,96,RZV_1d,2024,1,dC_GP_PHN,-0.8090428397143918,-0.798118181454459,-1.1833899668695251,-0.5158929170696089
Vac_96,96,RZV_1d,2024,1,dC_GP,-2.925049749277768,-2.928325533129845,-3.364563041741789,-2.447249902702574
Vac_96,96,RZV_1d,2024,1,dC_Med,-14.613681175227207,-14.474563077024598,-18.91535689423482,-11.058386157567583
Vac_96,96,RZV_1d,2024,1,dC_VacZVL,0,0,0,0
Vac_96,96,RZV_1d,2024,1,dC_VacRZV,85,85,85,85
Vac_96,96,RZV_1d,2024,1,dC_Vac,85,85,85,85
Vac_96,96,RZV_1d,2024,1,dC_All,70.3863188247728,70.5254369229754,66.08464310576518,73.94161384243242
Vac_96,96,RZV_1d,2024,1,dC_Hosp_d,-11.5023525222622,-11.333595259634162,-15.771958295045547,-8.085201295241609
Vac_96,96,RZV_1d,2024,1,dC_GP_NonPHN_d,-2.0827732679099573,-2.0988198173685677,-2.3126740966219894,-1.749119931730543
Vac_96,96,RZV_1d,2024,1,dC_GP_PHN_d,-0.7965394525722301,-0.784810517726747,-1.1635721901773672,-0.5082702209567893
Vac_96,96,RZV_1d,2024,1,dC_GP_d,-2.8793127204821873,-2.8824931792765636,-3.3115833045049246,-2.4084002635359214
Vac_96,96,RZV_1d,2024,1,dC_Med_d,-14.381665242744386,-14.245739856068596,-18.648071904820515,-10.87554835522666
Vac_96,96,RZV_1d,2024,1,dC_VacZVL_d,0,0,0,0
Vac_96,96,RZV_1d,2024,1,dC_VacRZV_d,85,85,85,85
Vac_96,96,RZV_1d,2024,1,dC_Vac_d,85,85,85,85
Vac_96,96,RZV_1d,2024,1,dC_All_d,70.61833475725561,70.7542601439314,66.35192809517947,74.12445164477334
Vac_96,96,RZV_1d,2024,1,dN_VacZVL,0,0,0,0
Vac_96,96,RZV_1d,2024,1,dN_VacRZV,1,1,1,1
Vac_96,96,RZV_1d,2024,1,dN_VacZVL_d,0,0,0,0
Vac_96,96,RZV_1d,2024,1,dN_VacRZV_d,1,1,1,1
Vac_96,96,RZV_1d,2024,1,ICER,20527.30395649136,20268.465856000017,16177.209149156526,26541.312587347966
Vac_96,96,RZV_1d,2024,1,Price0,85,85,85,85
Vac_96,96,RZV_1d,2024,1,Thres20,84.15728597264024,84.06380814212685,67.06569447143141,101.11589076310496
Vac_96,96,RZV_1d,2024,1,Thres30,119.04509633758816,118.95749272558623,94.6735575309553,143.7775141484159
Vac_96,96,RZV_1d,2024,1,Thres20_50,NA,84.06380814212685,NA,NA
Vac_96,96,RZV_1d,2024,1,Thres30_90,NA,103.49481962113202,NA,NA
Vac_96,96,RZV_1d,2024,1,Thres,NA,84.06380814212685,NA,NA
Vac_96,96,RZV_2d,2024,1,dYear_Life,1.3194661122960816e-4,1.3150486905888492e-4,1.0775139009325808e-4,1.5893216448435997e-4
Vac_96,96,RZV_2d,2024,1,dYear_Immunised,2.6478722513434585,2.662033134902667,2.440768478641692,2.7696504533377215
Vac_96,96,RZV_2d,2024,1,dRisk_HZ,-0.022760086602076294,-0.022804836348286457,-0.02453946111657889,-0.020637673004844957
Vac_96,96,RZV_2d,2024,1,dRisk_Hosp,-0.0026213131752724,-0.0025786178194245214,-0.003491001605608829,-0.0019315709585970766
Vac_96,96,RZV_2d,2024,1,dRisk_PHN,-0.0017750745417231346,-0.001752538941005946,-0.0025541322210588593,-0.0011372862893755861
Vac_96,96,RZV_2d,2024,1,dRisk_Death,-6.97150918742068e-5,-6.945955918114254e-5,-8.408986585391255e-5,-5.6985192251343796e-5
Vac_96,96,RZV_2d,2024,1,dQ_Life,7.4095312441669e-5,7.384014428102326e-5,6.0451071549549876e-5,8.932960176514237e-5
Vac_96,96,RZV_2d,2024,1,dQ_HZ,0.003582817257593157,0.0035673305865761566,0.002869000428845969,0.004349434709120704
Vac_96,96,RZV_2d,2024,1,dQ_HZ_Norm,9.370490526940306e-4,9.327349481542328e-4,7.514102521472554e-4,0.0011406348602325785
Vac_96,96,RZV_2d,2024,1,dQ_All,0.0036341420265449615,0.0036171205093635805,0.0029203015273949083,0.004413867481017941
Vac_96,96,RZV_2d,2024,1,dQ_HZ_d,0.003525934382651397,0.0035115215916944123,0.002823768823527306,0.004278742156462335
Vac_96,96,RZV_2d,2024,1,dQ_HZ_Norm_d,9.222808092669447e-4,9.180076562775616e-4,7.397213047256428e-4,0.0011232806265784384
Vac_96,96,RZV_2d,2024,1,dQ_Life_d,7.105187977710691e-5,7.080754594745997e-5,5.796379560054632e-5,8.565915343817787e-5
Vac_96,96,RZV_2d,2024,1,dQ_All_d,0.0035969862624285003,0.003580733025950078,0.0028945331160862954,0.0043656509526832305
Vac_96,96,RZV_2d,2024,1,dC_Hosp,-12.050541294195265,-11.865293142222566,-16.286650944390832,-8.757951200284888
Vac_96,96,RZV_2d,2024,1,dC_GP_NonPHN,-2.181720227425554,-2.1852165170355855,-2.3775183522953327,-1.944071498354488
Vac_96,96,RZV_2d,2024,1,dC_GP_PHN,-0.8340552056417635,-0.8220625140204101,-1.2177717390243705,-0.5331295126268601
Vac_96,96,RZV_2d,2024,1,dC_GP,-3.015775433067317,-3.0102189044772647,-3.416429821868425,-2.651002897120902
Vac_96,96,RZV_2d,2024,1,dC_Med,-15.066316727262583,-14.896564366416184,-19.225498905051175,-11.700841729918487
Vac_96,96,RZV_2d,2024,1,dC_VacZVL,0,0,0,0
Vac_96,96,RZV_2d,2024,1,dC_VacRZV,170,170,170,170
Vac_96,96,RZV_2d,2024,1,dC_Vac,170,170,170,170
Vac_96,96,RZV_2d,2024,1,dC_All,154.93368327273743,155.10343563358379,150.7745010949488,158.2991582700815
Vac_96,96,RZV_2d,2024,1,dC_Hosp_d,-11.858448610741586,-11.676517631232839,-16.05227349921857,-8.61791601359992
Vac_96,96,RZV_2d,2024,1,dC_GP_NonPHN_d,-2.1474508325101436,-2.151103924091376,-2.3395122035304494,-1.9125559869510735
Vac_96,96,RZV_2d,2024,1,dC_GP_PHN_d,-0.8211642544608632,-0.8094583281988502,-1.1999848374640738,-0.5251392057896357
Vac_96,96,RZV_2d,2024,1,dC_GP_d,-2.9686150869710066,-2.962598554244712,-3.363558350342284,-2.6111357073132737
Vac_96,96,RZV_2d,2024,1,dC_Med_d,-14.827063697712592,-14.659830684278134,-18.948393091846043,-11.511279229524996
Vac_96,96,RZV_2d,2024,1,dC_VacZVL_d,0,0,0,0
Vac_96,96,RZV_2d,2024,1,dC_VacRZV_d,170,170,170,170
Vac_96,96,RZV_2d,2024,1,dC_Vac_d,170,170,170,170
Vac_96,96,RZV_2d,2024,1,dC_All_d,155.1729363022874,155.34016931572188,151.05160690815393,158.488720770475
Vac_96,96,RZV_2d,2024,1,dN_VacZVL,0,0,0,0
Vac_96,96,RZV_2d,2024,1,dN_VacRZV,2,2,2,2
Vac_96,96,RZV_2d,2024,1,dN_VacZVL_d,0,0,0,0
Vac_96,96,RZV_2d,2024,1,dN_VacRZV_d,2,2,2,2
Vac_96,96,RZV_2d,2024,1,ICER,43628.24013073326,43284.390802615875,35458.28526118834,54087.34620778277
Vac_96,96,RZV_2d,2024,1,Price0,85,85,85,85
Vac_96,96,RZV_2d,2024,1,Thres20,43.3833944731413,43.26828488086282,35.84207738930955,51.30688178534076
Vac_96,96,RZV_2d,2024,1,Thres30,61.3683257852838,61.226563360354234,50.313710134038246,72.97527884312787
Vac_96,96,RZV_2d,2024,1,Thres20_50,NA,43.26828488086282,NA,NA
Vac_96,96,RZV_2d,2024,1,Thres30_90,NA,53.982452030683234,NA,NA
Vac_96,96,RZV_2d,2024,1,Thres,NA,43.26828488086282,NA,NA
Vac_97,97,RZV_1d,2024,1,dYear_Life,9.146570416586286e-5,9.14186565315056e-5,7.26539110792679e-5,1.1119936678584129e-4
Vac_97,97,RZV_1d,2024,1,dYear_Immunised,2.274348731335332,2.3030284140093693,1.9598552981048019,2.4349888480134103
Vac_97,97,RZV_1d,2024,1,dRisk_HZ,-0.01939669723036929,-0.01956828301753863,-0.021270922258097815,-0.01648805132158184
Vac_97,97,RZV_1d,2024,1,dRisk_Hosp,-0.0022362925911723636,-0.002207710768242236,-0.003039152650132767,-0.0015703366262055773
Vac_97,97,RZV_1d,2024,1,dRisk_PHN,-0.0014947696755118903,-0.0014644012351865887,-0.00220042696553711,-9.327405593743185e-4
Vac_97,97,RZV_1d,2024,1,dRisk_Death,-5.98833318039207e-5,-5.9858373291332065e-5,-7.280284463716976e-5,-4.744835577981842e-5
Vac_97,97,RZV_1d,2024,1,dQ_Life,4.778189669557098e-5,4.777422790591679e-5,3.7915353610445957e-5,5.808721965516182e-5
Vac_97,97,RZV_1d,2024,1,dQ_HZ,0.002929400101381296,0.002925479218743008,0.002260819249458433,0.003627377152691618
Vac_97,97,RZV_1d,2024,1,dQ_HZ_Norm,7.623379792067081e-4,7.590313717586253e-4,5.936249011492465e-4,9.411360541549485e-4
Vac_97,97,RZV_1d,2024,1,dQ_All,0.002955664118899605,0.002950890056066857,0.002287458116716684,0.0036532128394548887
Vac_97,97,RZV_1d,2024,1,dQ_HZ_d,0.0028965616684686023,0.0028927585898579863,0.0022352714459142387,0.003587570747465517
Vac_97,97,RZV_1d,2024,1,dQ_HZ_Norm_d,7.538393707059658e-4,7.504046165334492e-4,5.870059200656715e-4,9.303866649036225e-4
Vac_97,97,RZV_1d,2024,1,dQ_Life_d,4.618451204667273e-5,4.6178596774582026e-5,3.664857262719034e-5,5.614520022630407e-5
Vac_97,97,RZV_1d,2024,1,dQ_All_d,0.0029427461805152785,0.002936617394199814,0.0022815614111174106,0.0036337890069925048
Vac_97,97,RZV_1d,2024,1,dC_Hosp,-9.86605253904773,-9.749291674546075,-13.722705855682959,-6.752527216304117
Vac_97,97,RZV_1d,2024,1,dC_GP_NonPHN,-1.7716475286464195,-1.781677293135624,-1.9813282417194737,-1.4799398064789964
Vac_97,97,RZV_1d,2024,1,dC_GP_PHN,-0.6692830856397556,-0.6559330882093646,-1.0037119953353668,-0.4132338342473413
Vac_97,97,RZV_1d,2024,1,dC_GP,-2.440930614286175,-2.4453643567663166,-2.81642327875121,-2.021668443904219
Vac_97,97,RZV_1d,2024,1,dC_Med,-12.306983153333906,-12.217097642255784,-16.17962277427909,-9.092580352951751
Vac_97,97,RZV_1d,2024,1,dC_VacZVL,0,0,0,0
Vac_97,97,RZV_1d,2024,1,dC_VacRZV,85,85,85,85
Vac_97,97,RZV_1d,2024,1,dC_Vac,85,85,85,85
Vac_97,97,RZV_1d,2024,1,dC_All,72.6930168466661,72.7829023577442,68.82037722572092,75.90741964704823
Vac_97,97,RZV_1d,2024,1,dC_Hosp_d,-9.754779174172242,-9.65033114610237,-13.583967248854403,-6.673024751318333
Vac_97,97,RZV_1d,2024,1,dC_GP_NonPHN_d,-1.7519682326733017,-1.7621138360597854,-1.9595194838753272,-1.4633213213361074
Vac_97,97,RZV_1d,2024,1,dC_GP_PHN_d,-0.661920152149957,-0.6489746011931823,-0.9914588587970099,-0.4084892737078473
Vac_97,97,RZV_1d,2024,1,dC_GP_d,-2.4138883848232586,-2.4178611641460694,-2.784419004742508,-1.9984844839495914
Vac_97,97,RZV_1d,2024,1,dC_Med_d,-12.168667558995502,-12.080050953200633,-16.023702133144074,-8.981032661604427
Vac_97,97,RZV_1d,2024,1,dC_VacZVL_d,0,0,0,0
Vac_97,97,RZV_1d,2024,1,dC_VacRZV_d,85,85,85,85
Vac_97,97,RZV_1d,2024,1,dC_Vac_d,85,85,85,85
Vac_97,97,RZV_1d,2024,1,dC_All_d,72.8313324410045,72.91994904679936,68.97629786685592,76.01896733839557
Vac_97,97,RZV_1d,2024,1,dN_VacZVL,0,0,0,0
Vac_97,97,RZV_1d,2024,1,dN_VacRZV,1,1,1,1
Vac_97,97,RZV_1d,2024,1,dN_VacZVL_d,0,0,0,0
Vac_97,97,RZV_1d,2024,1,dN_VacRZV_d,1,1,1,1
Vac_97,97,RZV_1d,2024,1,ICER,25110.818348781828,24750.773406833876,19860.121707413244,32494.606439535473
Vac_97,97,RZV_1d,2024,1,Price0,85,85,85,85
Vac_97,97,RZV_1d,2024,1,Thres20,71.02359116930107,71.06466131553105,56.70020849543565,85.48585998119935
Vac_97,97,RZV_1d,2024,1,Thres30,100.45105297445386,100.35428237162088,79.34091435572887,121.46609802975415
Vac_97,97,RZV_1d,2024,1,Thres20_50,NA,71.06466131553105,NA,NA
Vac_97,97,RZV_1d,2024,1,Thres30_90,NA,87.05116537999774,NA,NA
Vac_97,97,RZV_1d,2024,1,Thres,NA,71.06466131553105,NA,NA
Vac_97,97,RZV_2d,2024,1,dYear_Life,9.429628374471455e-5,9.399232599327512e-5,7.706278842881665e-5,1.1382113033107099e-4
Vac_97,97,RZV_2d,2024,1,dYear_Immunised,2.344935487293376,2.35778279038856,2.157639005508557,2.4490949003721103
Vac_97,97,RZV_2d,2024,1,dRisk_HZ,-0.019998689391053738,-0.020058236700179904,-0.021538794965865152,-0.018080476157881976
Vac_97,97,RZV_2d,2024,1,dRisk_Hosp,-0.002305859948891177,-0.0022906867210442205,-0.003112049555478059,-0.001652033789304378
Vac_97,97,RZV_2d,2024,1,dRisk_PHN,-0.0015409430468141911,-0.0015135110692443875,-0.0022442986807908695,-9.67078038038597e-4
Vac_97,97,RZV_2d,2024,1,dRisk_Death,-6.173980561412662e-5,-6.152707721920306e-5,-7.444119184916569e-5,-5.039509215895146e-5
Vac_97,97,RZV_2d,2024,1,dQ_Life,4.926003460343575e-5,4.910722790607558e-5,4.026606193257565e-5,5.94709285615169e-5
Vac_97,97,RZV_2d,2024,1,dQ_HZ,0.003020172923916481,0.00300616558322215,0.0023915256730531616,0.0036910399455949137
Vac_97,97,RZV_2d,2024,1,dQ_HZ_Norm,7.859590958455914e-4,7.813659583669767e-4,6.325228730052703e-4,9.612180420649553e-4
Vac_97,97,RZV_2d,2024,1,dQ_All,0.0030472486864869257,0.0030345524279941083,0.0024168699751482836,0.003721345611896237
Vac_97,97,RZV_2d,2024,1,dQ_HZ_d,0.0029863136744541323,0.0029722212189623384,0.002364391432491169,0.0036508534073252186
Vac_97,97,RZV_2d,2024,1,dQ_HZ_Norm_d,7.771963256148431e-4,7.726869147301439e-4,6.253811605234443e-4,9.508447158342882e-4
Vac_97,97,RZV_2d,2024,1,dQ_Life_d,4.761321835095145e-5,4.746509513142705e-5,3.8922465017560135e-05,5.7482967327038264e-5
Vac_97,97,RZV_2d,2024,1,dQ_All_d,0.0030339268928050783,0.0030215909988473566,0.002409323730170521,0.003701524626875485
Vac_97,97,RZV_2d,2024,1,dC_Hosp,-10.172544552956946,-10.047544457322449,-14.035534924435439,-7.086271071709053
Vac_97,97,RZV_2d,2024,1,dC_GP_NonPHN,-1.8265852570796495,-1.8287900326124424,-2.009846379665602,-1.6130426826923339
Vac_97,97,RZV_2d,2024,1,dC_GP_PHN,-0.6899274229950827,-0.6778275522774653,-1.0184429823629075,-0.4295341382922437
Vac_97,97,RZV_2d,2024,1,dC_GP,-2.516512680074732,-2.5133544426173087,-2.855067979094791,-2.185353450606985
Vac_97,97,RZV_2d,2024,1,dC_Med,-12.68905723303168,-12.580421523430356,-16.492540494395225,-9.625495708226312
Vac_97,97,RZV_2d,2024,1,dC_VacZVL,0,0,0,0
Vac_97,97,RZV_2d,2024,1,dC_VacRZV,170,170,170,170
Vac_97,97,RZV_2d,2024,1,dC_Vac,170,170,170,170
Vac_97,97,RZV_2d,2024,1,dC_All,157.3109427669683,157.41957847656963,153.50745950560477,160.3745042917737
Vac_97,97,RZV_2d,2024,1,dC_Hosp_d,-10.05780638894621,-9.93832660162748,-13.864125754075657,-7.011274855641858
Vac_97,97,RZV_2d,2024,1,dC_GP_NonPHN_d,-1.8062937040342235,-1.8084179712599684,-1.9873022908409586,-1.59411779018
Vac_97,97,RZV_2d,2024,1,dC_GP_PHN_d,-0.6823366941414515,-0.6707766838746227,-1.0073564085791267,-0.42441260444844076
Vac_97,97,RZV_2d,2024,1,dC_GP_d,-2.488630398175675,-2.485415835989878,-2.823506037552881,-2.16072990995357
Vac_97,97,RZV_2d,2024,1,dC_Med_d,-12.546436787121886,-12.438974439068208,-16.32054158025537,-9.514287412092902
Vac_97,97,RZV_2d,2024,1,dC_VacZVL_d,0,0,0,0
Vac_97,97,RZV_2d,2024,1,dC_VacRZV_d,170,170,170,170
Vac_97,97,RZV_2d,2024,1,dC_Vac_d,170,170,170,170
Vac_97,97,RZV_2d,2024,1,dC_All_d,157.45356321287812,157.5610255609318,153.6794584197446,160.4857125879071
Vac_97,97,RZV_2d,2024,1,dN_VacZVL,0,0,0,0
Vac_97,97,RZV_2d,2024,1,dN_VacRZV,2,2,2,2
Vac_97,97,RZV_2d,2024,1,dN_VacZVL_d,0,0,0,0
Vac_97,97,RZV_2d,2024,1,dN_VacRZV_d,2,2,2,2
Vac_97,97,RZV_2d,2024,1,ICER,52513.27481085856,52052.63304159189,42475.20234709099,65387.988971883125
Vac_97,97,RZV_2d,2024,1,Price0,85,85,85,85
Vac_97,97,RZV_2d,2024,1,Thres20,36.612487321611724,36.59839852797566,30.151057215646347,43.54235115105259
Vac_97,97,RZV_2d,2024,1,Thres30,51.782121785637116,51.714245176664306,42.38914679598434,61.94384076996212
Vac_97,97,RZV_2d,2024,1,Thres20_50,NA,36.59839852797566,NA,NA
Vac_97,97,RZV_2d,2024,1,Thres30_90,NA,45.31169167941431,NA,NA
Vac_97,97,RZV_2d,2024,1,Thres,NA,36.59839852797566,NA,NA
Vac_98,98,RZV_1d,2024,1,dYear_Life,5.626468572735077e-5,5.626689984650213e-5,4.457815335988657e-5,6.83908858479909e-5
Vac_98,98,RZV_1d,2024,1,dYear_Immunised,1.9337816873729132,1.9588126704125086,1.6630335603199755,2.0688590514994045
Vac_98,98,RZV_1d,2024,1,dRisk_HZ,-0.01635665944410673,-0.016498560186681874,-0.018028251536959045,-0.013814558891705606
Vac_98,98,RZV_1d,2024,1,dRisk_Hosp,-0.0018900692772819301,-0.0018584177068016457,-0.002672207736881034,-0.0012680393236351715
Vac_98,98,RZV_1d,2024,1,dRisk_PHN,-0.0012485365852033222,-0.0012227558803779592,-0.0018893383870176434,-7.489095679137788e-4
Vac_98,98,RZV_1d,2024,1,dRisk_Death,-5.091685675411153e-5,-5.088902682672912e-5,-6.187288163946852e-5,-4.039930241871346e-5
Vac_98,98,RZV_1d,2024,1,dQ_Life,2.5631754897054493e-5,2.5635076088659225e-5,2.0286249125173184e-5,3.1153193152921864e-5
Vac_98,98,RZV_1d,2024,1,dQ_HZ,0.0022512249414087535,0.002242913082910888,0.0017391551502986776,0.002785499514253005
Vac_98,98,RZV_1d,2024,1,dQ_HZ_Norm,5.832473509817836e-4,5.805196341621003e-4,4.5208338356991014e-4,7.287607765829121e-4
Vac_98,98,RZV_1d,2024,1,dQ_All,0.0022589257369207754,0.0022505611514075374,0.0017453550431684617,0.002793074077070723
Vac_98,98,RZV_1d,2024,1,dQ_HZ_d,0.002237768141714596,0.002229427850554839,0.0017285037893141847,0.0027693307992226555
Vac_98,98,RZV_1d,2024,1,dQ_HZ_Norm_d,5.797743280377988e-4,5.77007445744977e-4,4.4937383992275275e-4,7.243717584825395e-4
Vac_98,98,RZV_1d,2024,1,dQ_Life_d,2.4991887043838924e-5,2.4995122239523937e-5,1.977960550588187e-5,3.037546097833798e-5
Vac_98,98,RZV_1d,2024,1,dQ_All_d,0.0022627600287584318,0.0022554239053454994,0.0017486382004697266,0.002795017729340465
Vac_98,98,RZV_1d,2024,1,dC_Hosp,-7.6069924473886665,-7.493218972052773,-11.040767958288937,-4.895043955843228
Vac_98,98,RZV_1d,2024,1,dC_GP_NonPHN,-1.3519786840291144,-1.3592449029584266,-1.5264797447072578,-1.1266054093269537
Vac_98,98,RZV_1d,2024,1,dC_GP_PHN,-0.5064813478357663,-0.49642633044136697,-0.7815691293146253,-0.30141609457113094
Vac_98,98,RZV_1d,2024,1,dC_GP,-1.8584600318648807,-1.86416864730861,-2.1696551678510763,-1.5312077949000091
Vac_98,98,RZV_1d,2024,1,dC_Med,-9.465452479253546,-9.352051139402501,-12.897320364344575,-6.682877075606932
Vac_98,98,RZV_1d,2024,1,dC_VacZVL,0,0,0,0
Vac_98,98,RZV_1d,2024,1,dC_VacRZV,85,85,85,85
Vac_98,98,RZV_1d,2024,1,dC_Vac,85,85,85,85
Vac_98,98,RZV_1d,2024,1,dC_All,75.53454752074646,75.6479488605975,72.10267963565542,78.31712292439308
Vac_98,98,RZV_1d,2024,1,dC_Hosp_d,-7.561077823504715,-7.451560989183695,-10.964693297114703,-4.865242029810973
Vac_98,98,RZV_1d,2024,1,dC_GP_NonPHN_d,-1.3439580918067868,-1.3511300574709681,-1.5177728558825139,-1.1196808241707465
Vac_98,98,RZV_1d,2024,1,dC_GP_PHN_d,-0.5034900079157038,-0.4933742455248036,-0.7763910229226527,-0.29967983348465477
Vac_98,98,RZV_1d,2024,1,dC_GP_d,-1.8474480997224907,-1.8530285696031399,-2.1573261124837195,-1.5221070667117058
Vac_98,98,RZV_1d,2024,1,dC_Med_d,-9.408525923227206,-9.28860830615107,-12.818306005309498,-6.64085494172292
Vac_98,98,RZV_1d,2024,1,dC_VacZVL_d,0,0,0,0
Vac_98,98,RZV_1d,2024,1,dC_VacRZV_d,85,85,85,85
Vac_98,98,RZV_1d,2024,1,dC_Vac_d,85,85,85,85
Vac_98,98,RZV_1d,2024,1,dC_All_d,75.5914740767728,75.71139169384892,72.1816939946905,78.35914505827708
Vac_98,98,RZV_1d,2024,1,dN_VacZVL,0,0,0,0
Vac_98,98,RZV_1d,2024,1,dN_VacRZV,1,1,1,1
Vac_98,98,RZV_1d,2024,1,dN_VacZVL_d,0,0,0,0
Vac_98,98,RZV_1d,2024,1,dN_VacRZV_d,1,1,1,1
Vac_98,98,RZV_1d,2024,1,ICER,33921.99649839197,33416.187947688755,26626.854666995452,43569.2956918527
Vac_98,98,RZV_1d,2024,1,Price0,85,85,85,85
Vac_98,98,RZV_1d,2024,1,Thres20,54.66372649839584,54.651112360375116,43.13174805808242,66.69991758926618
Vac_98,98,RZV_1d,2024,1,Thres30,77.29132678598016,77.27087622589548,60.91278956232707,94.42384278220037
Vac_98,98,RZV_1d,2024,1,Thres20_50,NA,54.651112360375116,NA,NA
Vac_98,98,RZV_1d,2024,1,Thres30_90,NA,66.32602022363255,NA,NA
Vac_98,98,RZV_1d,2024,1,Thres,NA,54.651112360375116,NA,NA
Vac_98,98,RZV_2d,2024,1,dYear_Life,5.800418993122292e-5,5.7836426942126096e-5,4.750041626359058e-5,7.021853069315576e-5
Vac_98,98,RZV_2d,2024,1,dYear_Immunised,1.9937319571757353,2.0060602309295055,1.832454661757525,2.0784196871409777
Vac_98,98,RZV_2d,2024,1,dRisk_HZ,-0.01686370188021483,-0.01692787107716477,-0.01822882149625768,-0.015189786266236923
Vac_98,98,RZV_2d,2024,1,dRisk_Hosp,-0.0019487703990042466,-0.0019149248565075304,-0.002720217863474342,-0.0013136576468542871
Vac_98,98,RZV_2d,2024,1,dRisk_PHN,-0.0012870282444673318,-0.0012615708707171326,-0.0019410737145915129,-7.796306738483082e-4
Vac_98,98,RZV_2d,2024,1,dRisk_Death,-5.249360575476573e-5,-5.2315366858753746e-5,-6.32917012204322e-5,-4.2843973660237935e-5
Vac_98,98,RZV_2d,2024,1,dQ_Life,2.6423946490564897e-5,2.6355159973956432e-5,2.162600253547975e-5,3.198620391386409e-5
Vac_98,98,RZV_2d,2024,1,dQ_HZ,0.002320884125308651,0.0023108420835335295,0.0018486756661249834,0.0028318549611534567
Vac_98,98,RZV_2d,2024,1,dQ_HZ_Norm,6.012932659429028e-4,5.979542540110701e-4,4.7683359264934493e-4,7.394433361407086e-4
Vac_98,98,RZV_2d,2024,1,dQ_All,0.0023288227508492547,0.0023182634392796553,0.0018562288224497237,0.0028395070254435104
Vac_98,98,RZV_2d,2024,1,dQ_HZ_d,0.002307009513221129,0.0022968692767486054,0.001837545125724632,0.0028153586787426125
Vac_98,98,RZV_2d,2024,1,dQ_HZ_Norm_d,5.977124222799345e-4,5.9441009403036e-4,4.739100567676669e-4,7.351636103067864e-4
Vac_98,98,RZV_2d,2024,1,dQ_Life_d,2.576429990892637e-5,2.5697386093592733e-5,2.1085994988895297e-5,3.118768064865329e-5
Vac_98,98,RZV_2d,2024,1,dQ_All_d,0.0023327738131300488,0.002322913316786468,0.001862228645225772,0.0028427379676422837
Vac_98,98,RZV_2d,2024,1,dC_Hosp,-7.842741144447226,-7.713714816144609,-11.361281171022487,-5.099315156307908
Vac_98,98,RZV_2d,2024,1,dC_GP_NonPHN,-1.3938503073043051,-1.3956437442884813,-1.5436484407666873,-1.2283290607188644
Vac_98,98,RZV_2d,2024,1,dC_GP_PHN,-0.5220705854998682,-0.5124517584257682,-0.8013725149207489,-0.3168859057296855
Vac_98,98,RZV_2d,2024,1,dC_GP,-1.9159208928041733,-1.9152767209111667,-2.2100224166834734,-1.6481126250921734
Vac_98,98,RZV_2d,2024,1,dC_Med,-9.7586620372514,-9.62791392535717,-13.162208626157263,-7.061828985069478
Vac_98,98,RZV_2d,2024,1,dC_VacZVL,0,0,0,0
Vac_98,98,RZV_2d,2024,1,dC_VacRZV,170,170,170,170
Vac_98,98,RZV_2d,2024,1,dC_Vac,170,170,170,170
Vac_98,98,RZV_2d,2024,1,dC_All,160.2413379627486,160.37208607464282,156.83779137384275,162.9381710149305
Vac_98,98,RZV_2d,2024,1,dC_Hosp_d,-7.7953982046956805,-7.67596759912277,-11.296798422268177,-5.0730510304084
Vac_98,98,RZV_2d,2024,1,dC_GP_NonPHN_d,-1.385580509959261,-1.3874837720009738,-1.534480754460179,-1.220772071568642
Vac_98,98,RZV_2d,2024,1,dC_GP_PHN_d,-0.5189866807398307,-0.5096643441379961,-0.7964062300590353,-0.31507843245330663
Vac_98,98,RZV_2d,2024,1,dC_GP_d,-1.9045671906990917,-1.9040116575033548,-2.197374884973259,-1.6386708164944046
Vac_98,98,RZV_2d,2024,1,dC_Med_d,-9.699965395394772,-9.569188047087227,-13.101506423486242,-7.016631822656205
Vac_98,98,RZV_2d,2024,1,dC_VacZVL_d,0,0,0,0
Vac_98,98,RZV_2d,2024,1,dC_VacRZV_d,170,170,170,170
Vac_98,98,RZV_2d,2024,1,dC_Vac_d,170,170,170,170
Vac_98,98,RZV_2d,2024,1,dC_All_d,160.30003460460523,160.4308119529128,156.89849357651377,162.98336817734378
Vac_98,98,RZV_2d,2024,1,dN_VacZVL,0,0,0,0
Vac_98,98,RZV_2d,2024,1,dN_VacRZV,2,2,2,2
Vac_98,98,RZV_2d,2024,1,dN_VacZVL_d,0,0,0,0
Vac_98,98,RZV_2d,2024,1,dN_VacRZV_d,2,2,2,2
Vac_98,98,RZV_2d,2024,1,ICER,69586.31438499484,68838.6938958083,55960.607010877815,86272.59218293431
Vac_98,98,RZV_2d,2024,1,Price0,85,85,85,85
Vac_98,98,RZV_2d,2024,1,Thres20,28.177720828997874,28.195386157596694,22.927374363788616,33.91835583523495
Vac_98,98,RZV_2d,2024,1,Thres30,39.841589894648116,39.78184545629101,32.35241042739397,48.07898434821331
Vac_98,98,RZV_2d,2024,1,Thres20_50,NA,28.195386157596694,NA,NA
Vac_98,98,RZV_2d,2024,1,Thres30_90,NA,34.571268815773365,NA,NA
Vac_98,98,RZV_2d,2024,1,Thres,NA,28.195386157596694,NA,NA
Vac_99,99,RZV_1d,2024,1,dYear_Life,2.394579720326029e-5,2.393850907167483e-5,1.893305896621955e-5,2.9129568387253887e-5
Vac_99,99,RZV_1d,2024,1,dYear_Immunised,1.5045279918296546,1.5244564125215985,1.2909307227884252,1.608390310344591
Vac_99,99,RZV_1d,2024,1,dRisk_HZ,-0.012618526513882856,-0.012713721437686313,-0.01397888623413774,-0.010743899194644418
Vac_99,99,RZV_1d,2024,1,dRisk_Hosp,-0.0014639283943223642,-0.0014352028094603972,-0.002135791899984995,-9.259248680520795e-4
Vac_99,99,RZV_1d,2024,1,dRisk_PHN,-9.544755884140032e-4,-9.322889505384989e-4,-0.00146875245654755,-5.544072289992627e-4
Vac_99,99,RZV_1d,2024,1,dRisk_Death,-3.9615086202622723e-5,-3.9608976957017655e-5,-4.815730524825143e-5,-3.1428634468871977e-5
Vac_99,99,RZV_1d,2024,1,dQ_Life,7.631271934492978e-6,7.628949284077535e-6,6.033765353335996e-6,9.283284904210152e-6
Vac_99,99,RZV_1d,2024,1,dQ_HZ,0.0013375155718286713,0.0013328131441493062,0.0010123664457801825,0.0016610427147834325
Vac_99,99,RZV_1d,2024,1,dQ_HZ_Norm,3.451900022620692e-4,3.424001150637594e-4,2.649705193977486e-4,4.348321111650856e-4
Vac_99,99,RZV_1d,2024,1,dQ_All,0.00133751557182867,0.0013328131441493474,0.0010123664457801994,0.0016610427147833672
Vac_99,99,RZV_1d,2024,1,dQ_HZ_d,0.0013375155718286713,0.0013328131441493062,0.0010123664457801825,0.0016610427147834325
Vac_99,99,RZV_1d,2024,1,dQ_HZ_Norm_d,3.451900022620692e-4,3.424001150637594e-4,2.649705193977486e-4,4.348321111650856e-4
Vac_99,99,RZV_1d,2024,1,dQ_Life_d,7.518494516746577e-6,7.5162061913269795e-6,5.9445964072701866e-6,9.146093501616323e-6
Vac_99,99,RZV_1d,2024,1,dQ_All_d,0.0013450340663454126,0.0013405394776948576,0.0010188832501452862,0.00166820301125869
Vac_99,99,RZV_1d,2024,1,dC_Hosp,-4.563575799231684,-4.471541780794901,-7.273013300151436,-2.5733909574286926
Vac_99,99,RZV_1d,2024,1,dC_GP_NonPHN,-0.7971725541389767,-0.801806042692949,-0.9152435905843235,-0.6592552069529345
Vac_99,99,RZV_1d,2024,1,dC_GP_PHN,-0.29731491874559374,-0.28708033929692844,-0.4752508188601159,-0.16641579136619314
Vac_99,99,RZV_1d,2024,1,dC_GP,-1.0944874728845704,-1.0909238496979483,-1.30625310826413,-0.8904647714310198
Vac_99,99,RZV_1d,2024,1,dC_Med,-5.658063272116254,-5.546878636821552,-8.374747932553193,-3.595775500312851
Vac_99,99,RZV_1d,2024,1,dC_VacZVL,0,0,0,0
Vac_99,99,RZV_1d,2024,1,dC_VacRZV,85,85,85,85
Vac_99,99,RZV_1d,2024,1,dC_Vac,85,85,85,85
Vac_99,99,RZV_1d,2024,1,dC_All,79.34193672788375,79.45312136317845,76.62525206744681,81.40422449968716
Vac_99,99,RZV_1d,2024,1,dC_Hosp_d,-4.563575799231684,-4.471541780794901,-7.273013300151436,-2.5733909574286926
Vac_99,99,RZV_1d,2024,1,dC_GP_NonPHN_d,-0.7971725541389767,-0.801806042692949,-0.9152435905843235,-0.6592552069529345
Vac_99,99,RZV_1d,2024,1,dC_GP_PHN_d,-0.29731491874559374,-0.28708033929692844,-0.4752508188601159,-0.16641579136619314
Vac_99,99,RZV_1d,2024,1,dC_GP_d,-1.0944874728845704,-1.0909238496979483,-1.30625310826413,-0.8904647714310198
Vac_99,99,RZV_1d,2024,1,dC_Med_d,-5.658063272116254,-5.546878636821552,-8.374747932553193,-3.595775500312851
Vac_99,99,RZV_1d,2024,1,dC_VacZVL_d,0,0,0,0
Vac_99,99,RZV_1d,2024,1,dC_VacRZV_d,85,85,85,85
Vac_99,99,RZV_1d,2024,1,dC_Vac_d,85,85,85,85
Vac_99,99,RZV_1d,2024,1,dC_All_d,79.34193672788375,79.45312136317845,76.62525206744681,81.40422449968716
Vac_99,99,RZV_1d,2024,1,dN_VacZVL,0,0,0,0
Vac_99,99,RZV_1d,2024,1,dN_VacRZV,1,1,1,1
Vac_99,99,RZV_1d,2024,1,dN_VacZVL_d,0,0,0,0
Vac_99,99,RZV_1d,2024,1,dN_VacRZV_d,1,1,1,1
Vac_99,99,RZV_1d,2024,1,ICER,59945.07801955972,59221.172024598534,47142.25118984862,77987.90759750022
Vac_99,99,RZV_1d,2024,1,Price0,85,85,85,85
Vac_99,99,RZV_1d,2024,1,Thres20,32.55874459902451,32.56291321395964,25.331362324353304,39.98772033112691
Vac_99,99,RZV_1d,2024,1,Thres30,46.00908526247863,45.94967619934452,35.85694294425792,56.560791909818526
Vac_99,99,RZV_1d,2024,1,Thres20_50,NA,32.56291321395964,NA,NA
Vac_99,99,RZV_1d,2024,1,Thres30_90,NA,39.199796298256004,NA,NA
Vac_99,99,RZV_1d,2024,1,Thres,NA,32.56291321395964,NA,NA
Vac_99,99,RZV_2d,2024,1,dYear_Life,2.4685335037305965e-5,2.4632894298659558e-5,2.0167943721016713e-5,2.9871348637489083e-5
Vac_99,99,RZV_2d,2024,1,dYear_Immunised,1.5511122772787758,1.56303031471499,1.421214812603507,1.6151638030465105
Vac_99,99,RZV_2d,2024,1,dRisk_HZ,-0.013009542043006118,-0.013045683400708129,-0.014123129997024773,-0.011709637629447038
Vac_99,99,RZV_2d,2024,1,dRisk_Hosp,-0.0015094277109775369,-0.0014767187589380746,-0.0021771086298698478,-9.657412497659992e-4
Vac_99,99,RZV_2d,2024,1,dRisk_PHN,-9.839191213405363e-4,-9.637698209823222e-4,-0.0014880127890901601,-5.79625079785265e-4
Vac_99,99,RZV_2d,2024,1,dRisk_Death,-4.084031644372059e-5,-4.071728582883931e-5,-4.93646443383924e-5,-3.342437423166312e-5
Vac_99,99,RZV_2d,2024,1,dQ_Life,7.866954809005344e-6,7.850242501050708e-6,6.4273100445655375e-6,9.519682412961749e-6
Vac_99,99,RZV_2d,2024,1,dQ_HZ,0.0013788919903967062,0.0013721441882974387,0.0010813213391524595,0.0016951791770718147
Vac_99,99,RZV_2d,2024,1,dQ_HZ_Norm,3.5586757830359696e-4,3.5311551743567675e-4,2.8234647488579464e-4,4.4067981165884433e-4
Vac_99,99,RZV_2d,2024,1,dQ_All,0.0013788919903967045,0.0013721441882974528,0.0010813213391524994,0.0016951791770718372
Vac_99,99,RZV_2d,2024,1,dQ_HZ_d,0.0013788919903967062,0.0013721441882974387,0.0010813213391524595,0.0016951791770718147
Vac_99,99,RZV_2d,2024,1,dQ_HZ_Norm_d,3.5586757830359696e-4,3.5311551743567675e-4,2.8234647488579464e-4,4.4067981165884433e-4
Vac_99,99,RZV_2d,2024,1,dQ_Life_d,7.750694393112933e-6,7.7342290650817e-6,6.332325167285324e-6,9.378997451370274e-6
Vac_99,99,RZV_2d,2024,1,dQ_All_d,0.0013866426847898158,0.0013802107254400342,0.0010898916222802535,0.0017021173545721357
Vac_99,99,RZV_2d,2024,1,dC_Hosp,-4.705022762832153,-4.586586086157817,-7.483942650455688,-2.675225554287646
Vac_99,99,RZV_2d,2024,1,dC_GP_NonPHN,-0.821851363812031,-0.8237191073036737,-0.9277308144234881,-0.7095598502161261
Vac_99,99,RZV_2d,2024,1,dC_GP_PHN,-0.30648177211423894,-0.2961623609947971,-0.4921185048402419,-0.17630734178892749
Vac_99,99,RZV_2d,2024,1,dC_GP,-1.12833313592627,-1.1214640350499683,-1.3317184755663884,-0.9566386940740519
Vac_99,99,RZV_2d,2024,1,dC_Med,-5.833355898758422,-5.7057715330214,-8.563301390353283,-3.8238866744453155
Vac_99,99,RZV_2d,2024,1,dC_VacZVL,0,0,0,0
Vac_99,99,RZV_2d,2024,1,dC_VacRZV,170,170,170,170
Vac_99,99,RZV_2d,2024,1,dC_Vac,170,170,170,170
Vac_99,99,RZV_2d,2024,1,dC_All,164.1666441012416,164.2942284669786,161.43669860964673,166.1761133255547
Vac_99,99,RZV_2d,2024,1,dC_Hosp_d,-4.705022762832153,-4.586586086157817,-7.483942650455688,-2.675225554287646
Vac_99,99,RZV_2d,2024,1,dC_GP_NonPHN_d,-0.821851363812031,-0.8237191073036737,-0.9277308144234881,-0.7095598502161261
Vac_99,99,RZV_2d,2024,1,dC_GP_PHN_d,-0.30648177211423894,-0.2961623609947971,-0.4921185048402419,-0.17630734178892749
Vac_99,99,RZV_2d,2024,1,dC_GP_d,-1.12833313592627,-1.1214640350499683,-1.3317184755663884,-0.9566386940740519
Vac_99,99,RZV_2d,2024,1,dC_Med_d,-5.833355898758422,-5.7057715330214,-8.563301390353283,-3.8238866744453155
Vac_99,99,RZV_2d,2024,1,dC_VacZVL_d,0,0,0,0
Vac_99,99,RZV_2d,2024,1,dC_VacRZV_d,170,170,170,170
Vac_99,99,RZV_2d,2024,1,dC_Vac_d,170,170,170,170
Vac_99,99,RZV_2d,2024,1,dC_All_d,164.1666441012416,164.2942284669786,161.43669860964673,166.1761133255547
Vac_99,99,RZV_2d,2024,1,dN_VacZVL,0,0,0,0
Vac_99,99,RZV_2d,2024,1,dN_VacRZV,2,2,2,2
Vac_99,99,RZV_2d,2024,1,dN_VacZVL_d,0,0,0,0
Vac_99,99,RZV_2d,2024,1,dN_VacRZV_d,2,2,2,2
Vac_99,99,RZV_2d,2024,1,ICER,120002.42639058603,118879.31704204403,96135.56484012223,150965.06086818688
Vac_99,99,RZV_2d,2024,1,Price0,85,85,85,85
Vac_99,99,RZV_2d,2024,1,Thres20,16.783104797277367,16.747700239402707,13.425284020095383,20.39758998113861
Vac_99,99,RZV_2d,2024,1,Thres30,23.716318221226445,23.65856622674155,18.95257923166714,28.801762912875663
Vac_99,99,RZV_2d,2024,1,Thres20_50,NA,16.747700239402707,NA,NA
Vac_99,99,RZV_2d,2024,1,Thres30_90,NA,20.486711659670032,NA,NA
Vac_99,99,RZV_2d,2024,1,Thres,NA,16.747700239402707,NA,NA
