Scenario,Age0,Age1,Arm,Year0,N0,Index,A,M,L,U
Overall,70,80,ReRZV_1d,2024,1,N0,1,1,1,1
Overall,70,80,ReRZV_1d,2024,1,dYear_Life,4.450004158856515e-4,4.461129648962725e-4,2.6926394630688577e-4,6.098579044726548e-4
Overall,70,80,ReRZV_1d,2024,1,dYear_Immunised,8.288520849779893,8.31701829148317,6.118799142785337,10.157214391912312
Overall,70,80,ReRZV_1d,2024,1,dRisk_HZ,-0.0738242257370307,-0.07414614939154957,-0.09140472260274861,-0.05328753245465837
Overall,70,80,ReRZV_1d,2024,1,dRisk_Hosp,-0.003370596700002891,-0.0033734384440396873,-0.004704641836954533,-0.0020108025773600763
Overall,70,80,ReRZV_1d,2024,1,dRisk_PHN,-0.006017749071432381,-0.006027519588812031,-0.007740133382289009,-0.0041360608822700274
Overall,70,80,ReRZV_1d,2024,1,dRisk_Death,-7.103301334384332e-5,-7.102686006214387e-5,-1.0010842465529826e-4,-3.965452600026743e-5
Overall,70,80,ReRZV_1d,2024,1,dQ_Life,3.0551672533021357e-4,3.0618258667747256e-4,1.8616351972879918e-4,4.1762568039001026e-4
Overall,70,80,ReRZV_1d,2024,1,dQ_HZ,0.010499013766762785,0.010480269756417568,0.007253527465893611,0.013500233382762796
Overall,70,80,ReRZV_1d,2024,1,dQ_HZ_Norm,0.0033922691385649922,0.0034029659079619903,0.0024032036670164378,0.0043496433869842175
Overall,70,80,ReRZV_1d,2024,1,dQ_All,0.010799637152901165,0.010777472465792748,0.007425288213432912,0.013904481970109957
Overall,70,80,ReRZV_1d,2024,1,dQ_HZ_d,0.008999806541110373,0.00898083447309089,0.006393886487145355,0.01143355105847416
Overall,70,80,ReRZV_1d,2024,1,dQ_HZ_Norm_d,0.0029407407200334607,0.0029500002173441344,0.002140958569766805,0.003715484542422548
Overall,70,80,ReRZV_1d,2024,1,dQ_Life_d,2.2938429670382287e-4,2.2990528390476328e-4,1.4203135018759914e-4,3.112864889673439e-4
Overall,70,80,ReRZV_1d,2024,1,dQ_All_d,0.009229190837814167,0.009203891954506993,0.006537680973086469,0.011715769314163137
Overall,70,80,ReRZV_1d,2024,1,dC_Hosp,-14.492840878294022,-14.524820478201667,-20.464344597268617,-8.60993387283544
Overall,70,80,ReRZV_1d,2024,1,dC_GP_NonPHN,-8.249345839495481,-8.29177621981389,-10.181747355314616,-6.029094926784645
Overall,70,80,ReRZV_1d,2024,1,dC_GP_PHN,-3.2840774845951524,-3.2880723274629924,-4.2528476610380634,-2.2222573736727593
Overall,70,80,ReRZV_1d,2024,1,dC_GP,-11.533423324090634,-11.578809576044392,-14.362249651911691,-8.253033936393813
Overall,70,80,ReRZV_1d,2024,1,dC_Med,-26.026264202384656,-26.19704761807302,-34.52724153749006,-16.878432869940223
Overall,70,80,ReRZV_1d,2024,1,dC_VacZVL,110,110,110,110
Overall,70,80,ReRZV_1d,2024,1,dC_VacRZV,68.66182112291749,68.66182270066724,68.66167936882835,68.66194765484585
Overall,70,80,ReRZV_1d,2024,1,dC_Vac,178.66182112291747,178.66182270066724,178.66167936882837,178.66194765484585
Overall,70,80,ReRZV_1d,2024,1,dC_All,152.63555692053282,152.46480657964054,144.13462164047039,161.78331261674222
Overall,70,80,ReRZV_1d,2024,1,dC_Hosp_d,-11.649978589100538,-11.660104508337307,-16.357417986877614,-7.068558939165963
Overall,70,80,ReRZV_1d,2024,1,dC_GP_NonPHN_d,-7.155939125131826,-7.196122002512409,-8.719351615161019,-5.359845370914537
Overall,70,80,ReRZV_1d,2024,1,dC_GP_PHN_d,-2.810438520295744,-2.816502555830818,-3.5997966681737874,-1.951473412152902
Overall,70,80,ReRZV_1d,2024,1,dC_GP_d,-9.96637764542757,-10.002836497119898,-12.251404601085826,-7.340496472122815
Overall,70,80,ReRZV_1d,2024,1,dC_Med_d,-21.61635623452811,-21.72177184739355,-28.304245918980886,-14.436699606785963
Overall,70,80,ReRZV_1d,2024,1,dC_VacZVL_d,110,110,110,110
Overall,70,80,ReRZV_1d,2024,1,dC_VacRZV_d,59.16364133198811,59.163642691483375,59.16351918713454,59.163750360404535
Overall,70,80,ReRZV_1d,2024,1,dC_Vac_d,169.16364133198812,169.16364269148337,169.16351918713457,169.16375036040455
Overall,70,80,ReRZV_1d,2024,1,dC_All_d,147.54728509746,147.44182151067685,140.8594013064179,154.7269506470035
Overall,70,80,ReRZV_1d,2024,1,dN_VacZVL,1,1,1,1
Overall,70,80,ReRZV_1d,2024,1,dN_VacRZV,0.8077861308578528,0.8077861494196146,0.8077844631626865,0.8077876194687745
Overall,70,80,ReRZV_1d,2024,1,dN_VacZVL_d,1,1,1,1
Overall,70,80,ReRZV_1d,2024,1,dN_VacRZV_d,0.6960428391998601,0.696042855193922,0.6960414022015828,0.6960441218871122
Overall,70,80,ReRZV_1d,2024,1,ICER,16431.982685614774,16010.415645684969,12126.820805540285,23528.62281058466
Overall,70,80,ReRZV_1d,2024,1,Price0,85,85,84.99999999999999,85.00000000000001
Overall,70,80,ReRZV_1d,2024,1,Thres20,296.24638043720205,295.7250712094947,209.87454876379027,375.5652221048876
Overall,70,80,ReRZV_1d,2024,1,Thres30,428.84153499198203,428.0607523307219,303.8531304339668,543.2509260294206
Overall,70,80,ReRZV_1d,2024,1,Thres20_50,NA,295.7250712094947,NA,NA
Overall,70,80,ReRZV_1d,2024,1,Thres30_90,NA,343.5811081358845,NA,NA
Overall,70,80,ReRZV_1d,2024,1,Thres,NA,295.7250712094947,NA,NA
Overall,70,80,ReRZV_2d,2024,1,N0,1,1,1,1
Overall,70,80,ReRZV_2d,2024,1,dYear_Life,4.972869593137333e-4,5.015644103707473e-4,3.4142992381296365e-4,6.31867318217516e-4
Overall,70,80,ReRZV_2d,2024,1,dYear_Immunised,8.940147897184819,9.034205935938761,7.032683122490582,10.313511019189395
Overall,70,80,ReRZV_2d,2024,1,dRisk_HZ,-0.07997553660460086,-0.0808363062901681,-0.09276635232374218,-0.06165597281336951
Overall,70,80,ReRZV_2d,2024,1,dRisk_Hosp,-0.003773573400927648,-0.003794684585523026,-0.0048648989995226655,-0.0025792858369985644
Overall,70,80,ReRZV_2d,2024,1,dRisk_PHN,-0.006572491503424784,-0.0066226464444539964,-0.007902344726125764,-0.004894880428974588
Overall,70,80,ReRZV_2d,2024,1,dRisk_Death,-8.045935072060346e-5,-8.109215650916029e-5,-1.0449159118597058e-4,-5.297886057002188e-5
Overall,70,80,ReRZV_2d,2024,1,dQ_Life,3.4096026277714755e-4,3.4409444049998683e-4,2.3474671326035869e-4,4.3272171234334247e-4
Overall,70,80,ReRZV_2d,2024,1,dQ_HZ,0.01142124815164068,0.011479866684421011,0.008490710386556844,0.01403825937784169
Overall,70,80,ReRZV_2d,2024,1,dQ_HZ_Norm,0.0036669325046385336,0.0036889362113784988,0.002783155986833187,0.004472265076633366
Overall,70,80,ReRZV_2d,2024,1,dQ_All,0.011756611264184638,0.011815235142727865,0.008739583320239453,0.01441143950746122
Overall,70,80,ReRZV_2d,2024,1,dQ_HZ_d,0.009732997276406176,0.00977610499021849,0.007375897623998635,0.01185147256895837
Overall,70,80,ReRZV_2d,2024,1,dQ_HZ_Norm_d,0.003159892711535132,0.003176209737880257,0.0024405135333714924,0.0038235692914351635
Overall,70,80,ReRZV_2d,2024,1,dQ_Life_d,2.5527833164872503e-4,2.572706801977631e-4,1.7787343099491258e-4,3.216599763015803e-4
Overall,70,80,ReRZV_2d,2024,1,dQ_All_d,0.009988275608054901,0.01003730901247657,0.00755233674600917,0.01216275332027621
Overall,70,80,ReRZV_2d,2024,1,dC_Hosp,-16.275472783071816,-16.39298797852918,-21.194606872548803,-11.085458329623895
Overall,70,80,ReRZV_2d,2024,1,dC_GP_NonPHN,-8.915215804127572,-9.003536694381246,-10.324812382657509,-6.954669115353363
Overall,70,80,ReRZV_2d,2024,1,dC_GP_PHN,-3.5813956058128866,-3.607582139635897,-4.357101026733242,-2.626508058397132
Overall,70,80,ReRZV_2d,2024,1,dC_GP,-12.496611409940458,-12.607800207280217,-14.570228693798658,-9.617600923226561
Overall,70,80,ReRZV_2d,2024,1,dC_Med,-28.772084193012276,-29.114973988097574,-35.340124123826186,-20.894091848090518
Overall,70,80,ReRZV_2d,2024,1,dC_VacZVL,110,110,110,110
Overall,70,80,ReRZV_2d,2024,1,dC_VacRZV,137.32364224583498,137.3236454013345,137.3233587376567,137.3238953096917
Overall,70,80,ReRZV_2d,2024,1,dC_Vac,247.32364224583498,247.3236454013345,247.32335873765672,247.3238953096917
Overall,70,80,ReRZV_2d,2024,1,dC_All,218.55155805282268,218.2086955386597,211.98343424392664,226.42948557527498
Overall,70,80,ReRZV_2d,2024,1,dC_Hosp_d,-13.035372885993498,-13.135245698828374,-16.959997288630145,-8.989891132988841
Overall,70,80,ReRZV_2d,2024,1,dC_GP_NonPHN_d,-7.687654701961381,-7.76501198844701,-8.827761600480978,-6.123642212220345
Overall,70,80,ReRZV_2d,2024,1,dC_GP_PHN_d,-3.0483148477551483,-3.070848141566083,-3.678870256252956,-2.2753435307003342
Overall,70,80,ReRZV_2d,2024,1,dC_GP_d,-10.735969549716529,-10.828663195027127,-12.415008368389326,-8.41958354264074
Overall,70,80,ReRZV_2d,2024,1,dC_Med_d,-23.77134243571003,-24.06119723264664,-29.00149969894101,-17.497866547718292
Overall,70,80,ReRZV_2d,2024,1,dC_VacZVL_d,110,110,110,110
Overall,70,80,ReRZV_2d,2024,1,dC_VacRZV_d,118.32728266397622,118.32728538296675,118.32703837426908,118.32750072080907
Overall,70,80,ReRZV_2d,2024,1,dC_Vac_d,228.3272826639762,228.32728538296675,228.3270383742691,228.32750072080907
Overall,70,80,ReRZV_2d,2024,1,dC_All_d,204.5559402282662,204.266036575148,199.32570554179594,210.8295192527134
Overall,70,80,ReRZV_2d,2024,1,dN_VacZVL,1,1,1,1
Overall,70,80,ReRZV_2d,2024,1,dN_VacRZV,1.6155722617157056,1.6155722988392291,1.615568926325373,1.615575238937549
Overall,70,80,ReRZV_2d,2024,1,dN_VacZVL_d,1,1,1,1
Overall,70,80,ReRZV_2d,2024,1,dN_VacRZV_d,1.3920856783997202,1.392085710387844,1.3920828044031657,1.3920882437742244
Overall,70,80,ReRZV_2d,2024,1,ICER,20807.78918938023,20366.33835911262,16528.55840704851,27816.727596681136
Overall,70,80,ReRZV_2d,2024,1,Price0,85,85,84.99999999999999,85.00000000000001
Overall,70,80,ReRZV_2d,2024,1,Thres20,160.57693632557752,161.3844968232644,121.62842589004171,194.2768799725578
Overall,70,80,ReRZV_2d,2024,1,Thres30,232.32737316545257,233.31530772569326,175.8807545052912,281.4467525523404
Overall,70,80,ReRZV_2d,2024,1,Thres20_50,NA,161.3844968232644,NA,NA
Overall,70,80,ReRZV_2d,2024,1,Thres30_90,NA,196.63797563778235,NA,NA
Overall,70,80,ReRZV_2d,2024,1,Thres,NA,161.3844968232644,NA,NA
Overall,70,81,ReRZV_1d,2024,1,N0,1,1,1,1
Overall,70,81,ReRZV_1d,2024,1,dYear_Life,4.342179005700988e-4,4.355534909539216e-4,2.6608413627950963e-4,5.923750057115205e-4
Overall,70,81,ReRZV_1d,2024,1,dYear_Immunised,8.00278298505792,8.025018557774958,6.052992546610223,9.717458665855219
Overall,70,81,ReRZV_1d,2024,1,dRisk_HZ,-0.07113601639082351,-0.07155143480033685,-0.08735964615021212,-0.05252243527527873
Overall,70,81,ReRZV_1d,2024,1,dRisk_Hosp,-0.0032947553821208258,-0.0032927755680175683,-0.004586878681135395,-0.0019898223940037294
Overall,70,81,ReRZV_1d,2024,1,dRisk_PHN,-0.005778933188763078,-0.005787978100882019,-0.007387821851409993,-0.004040070577063716
Overall,70,81,ReRZV_1d,2024,1,dRisk_Death,-7.042289416307672e-5,-7.049904996891379e-5,-9.926695511640119e-5,-3.973053953715582e-5
Overall,70,81,ReRZV_1d,2024,1,dQ_Life,2.977187857138333e-4,2.983505189551039e-4,1.841679771550364e-4,4.0498262052501843e-4
Overall,70,81,ReRZV_1d,2024,1,dQ_HZ,0.01012604813299244,0.010115132277785464,0.00715294800180817,0.01294817809521559
Overall,70,81,ReRZV_1d,2024,1,dQ_HZ_Norm,0.0032691066414236433,0.003282634719398464,0.0023678088494481333,0.004150107471145021
Overall,70,81,ReRZV_1d,2024,1,dQ_All,0.010418822607641211,0.010418431738314915,0.0073360609164896395,0.013299234241175737
Overall,70,81,ReRZV_1d,2024,1,dQ_HZ_d,0.008669084718969428,0.00864153153385001,0.006294943661533922,0.010953159479328733
Overall,70,81,ReRZV_1d,2024,1,dQ_HZ_Norm_d,0.002831951108847928,0.0028416972422468144,0.002109829711569377,0.003550645603354494
Overall,70,81,ReRZV_1d,2024,1,dQ_Life_d,2.2304158045145428e-4,2.2360596088688567e-4,1.4024151097293827e-4,3.0122705111228497e-4
Overall,70,81,ReRZV_1d,2024,1,dQ_All_d,0.008892126299420862,0.008872271304331214,0.006430436388683525,0.011230328218397067
Overall,70,81,ReRZV_1d,2024,1,dC_Hosp,-14.205073823596562,-14.244594844767699,-19.874035376702004,-8.565222026749831
Overall,70,81,ReRZV_1d,2024,1,dC_GP_NonPHN,-7.945454032112778,-7.99005489734104,-9.71250850406059,-5.918346422948857
Overall,70,81,ReRZV_1d,2024,1,dC_GP_PHN,-3.150755736070154,-3.1553452050133757,-4.039491379876093,-2.1817143106856696
Overall,70,81,ReRZV_1d,2024,1,dC_GP,-11.096209768182932,-11.132754064612396,-13.680021948402114,-8.108772318959632
Overall,70,81,ReRZV_1d,2024,1,dC_Med,-25.301283591779494,-25.479963337817388,-33.24344391608871,-16.69646201050387
Overall,70,81,ReRZV_1d,2024,1,dC_VacZVL,110,110,110,110
Overall,70,81,ReRZV_1d,2024,1,dC_VacRZV,65.98960361334055,65.98960689787913,65.98943187616378,65.98975555336162
Overall,70,81,ReRZV_1d,2024,1,dC_Vac,175.98960361334056,175.98960689787913,175.98943187616382,175.9897555533616
Overall,70,81,ReRZV_1d,2024,1,dC_All,150.68832002156105,150.50973691504143,142.746276726609,159.29310082774418
Overall,70,81,ReRZV_1d,2024,1,dC_Hosp_d,-11.379264480896392,-11.41066895945755,-15.822449963836908,-6.980952678967187
Overall,70,81,ReRZV_1d,2024,1,dC_GP_NonPHN_d,-6.88769406277183,-6.929163156942222,-8.295353394587195,-5.25050566829395
Overall,70,81,ReRZV_1d,2024,1,dC_GP_PHN_d,-2.692759707056476,-2.694626686254767,-3.4141281364651714,-1.916492195419487
Overall,70,81,ReRZV_1d,2024,1,dC_GP_d,-9.580453769828306,-9.620620667382912,-11.633088731282996,-7.231861588002081
Overall,70,81,ReRZV_1d,2024,1,dC_Med_d,-20.9597182507247,-21.088949042957864,-27.243663945812237,-14.25284929329116
Overall,70,81,ReRZV_1d,2024,1,dC_VacZVL_d,110,110,110,110
Overall,70,81,ReRZV_1d,2024,1,dC_VacRZV_d,56.02076755463193,56.02077034298589,56.02062176123519,56.02089654156527
Overall,70,81,ReRZV_1d,2024,1,dC_Vac_d,166.02076755463193,166.02077034298588,166.02062176123522,166.0208965415653
Overall,70,81,ReRZV_1d,2024,1,dC_All_d,145.06104930390723,144.93186723181176,138.77712637900166,151.76793280980405
Overall,70,81,ReRZV_1d,2024,1,dN_VacZVL,1,1,1,1
Overall,70,81,ReRZV_1d,2024,1,dN_VacRZV,0.7763482778040065,0.7763483164456368,0.7763462573666329,0.7763500653336661
Overall,70,81,ReRZV_1d,2024,1,dN_VacZVL_d,1,1,1,1
Overall,70,81,ReRZV_1d,2024,1,dN_VacRZV_d,0.6590678535839051,0.6590678863880692,0.659066138367473,0.6590693710772385
Overall,70,81,ReRZV_1d,2024,1,ICER,16723.783712376757,16322.919364281468,12498.160833547425,23564.50481274639
Overall,70,81,ReRZV_1d,2024,1,Price0,85,85,84.99999999999999,85.00000000000001
Overall,70,81,ReRZV_1d,2024,1,Thres20,301.6415400250642,301.6593002671764,217.1170612721259,378.95164283724836
Overall,70,81,ReRZV_1d,2024,1,Thres30,436.56127807434274,436.22711338312916,314.59916534246105,548.5934357668837
Overall,70,81,ReRZV_1d,2024,1,Thres20_50,NA,301.6593002671764,NA,NA
Overall,70,81,ReRZV_1d,2024,1,Thres30_90,NA,353.03680629248134,NA,NA
Overall,70,81,ReRZV_1d,2024,1,Thres,NA,301.6593002671764,NA,NA
Overall,70,81,ReRZV_2d,2024,1,N0,1,1,1,1
Overall,70,81,ReRZV_2d,2024,1,dYear_Life,4.8383681285149295e-4,4.880931523452148e-4,3.3506867076216196e-4,6.139248220301317e-4
Overall,70,81,ReRZV_2d,2024,1,dYear_Immunised,8.591403248746959,8.68227328086796,6.887505125411763,9.853658921345085
Overall,70,81,ReRZV_2d,2024,1,dRisk_HZ,-0.0766945472121922,-0.07754959584078679,-0.08855838702706417,-0.06045756785210954
Overall,70,81,ReRZV_2d,2024,1,dRisk_Hosp,-0.003678554163468466,-0.0036929528485595267,-0.004737219378065831,-0.002522716023070128
Overall,70,81,ReRZV_2d,2024,1,dRisk_PHN,-0.006280877681326434,-0.006325154673515673,-0.007522777835561821,-0.00474414184851158
Overall,70,81,ReRZV_2d,2024,1,dRisk_Death,-7.963159503567795e-5,-8.02052726761433e-5,-1.031149393236864e-4,-5.242421800000979e-5
Overall,70,81,ReRZV_2d,2024,1,dQ_Life,3.3125756769786994e-4,3.3422048155795636e-4,2.30960027718341e-4,4.187906618171588e-4
Overall,70,81,ReRZV_2d,2024,1,dQ_HZ,0.010965375996252314,0.01101251202259316,0.008268134889736194,0.013395097423769767
Overall,70,81,ReRZV_2d,2024,1,dQ_HZ_Norm,0.0035166911795091885,0.0035378856135248413,0.0027106480804769077,0.004267846407531386
Overall,70,81,ReRZV_2d,2024,1,dQ_All,0.011290982480606846,0.011337142646482334,0.008486654324019006,0.01377880024155029
Overall,70,81,ReRZV_2d,2024,1,dQ_HZ_d,0.00932963587129585,0.009352302659477825,0.007149265335280773,0.011283657330582649
Overall,70,81,ReRZV_2d,2024,1,dQ_HZ_Norm_d,0.003027427354778506,0.003040701760671557,0.00237541235464127,0.00364017914375517
Overall,70,81,ReRZV_2d,2024,1,dQ_Life_d,2.4741682668763244e-4,2.491230427290603e-4,1.7464644032165743e-4,3.1100217916515407e-4
Overall,70,81,ReRZV_2d,2024,1,dQ_All_d,0.009577052697983462,0.009601628539086526,0.0073415940615005225,0.011587246278121332
Overall,70,81,ReRZV_2d,2024,1,dC_Hosp,-15.912285913066947,-16.003951167016936,-20.676409606427566,-10.874119150225656
Overall,70,81,ReRZV_2d,2024,1,dC_GP_NonPHN,-8.544626394138366,-8.624936215522258,-9.843303944026845,-6.789754548003215
Overall,70,81,ReRZV_2d,2024,1,dC_GP_PHN,-3.418734409230775,-3.450372834783935,-4.127418245331605,-2.557093661239847
Overall,70,81,ReRZV_2d,2024,1,dC_GP,-11.963360803369142,-12.083227191441075,-13.85652911477941,-9.345407191058793
Overall,70,81,ReRZV_2d,2024,1,dC_Med,-27.875646716436087,-28.11233682138591,-34.1140844411869,-20.40724578788437
Overall,70,81,ReRZV_2d,2024,1,dC_VacZVL,110,110,110,110
Overall,70,81,ReRZV_2d,2024,1,dC_VacRZV,131.9792072266811,131.97921379575826,131.97886375232756,131.97951110672324
Overall,70,81,ReRZV_2d,2024,1,dC_Vac,241.9792072266811,241.97921379575826,241.97886375232758,241.97951110672324
Overall,70,81,ReRZV_2d,2024,1,dC_All,214.10356051024502,213.86712850131238,207.86518579364576,221.571776025716
Overall,70,81,ReRZV_2d,2024,1,dC_Hosp_d,-12.69673885541231,-12.751911907639071,-16.433885504646234,-8.77345728205636
Overall,70,81,ReRZV_2d,2024,1,dC_GP_NonPHN_d,-7.361115879149488,-7.431294693370709,-8.415514616029316,-5.940919905831304
Overall,70,81,ReRZV_2d,2024,1,dC_GP_PHN_d,-2.9049962409385905,-2.9297742208406423,-3.48037431912607,-2.213363038250857
Overall,70,81,ReRZV_2d,2024,1,dC_GP_d,-10.26611212008808,-10.356522136856338,-11.819223683135409,-8.201307306744875
Overall,70,81,ReRZV_2d,2024,1,dC_Med_d,-22.962850975500388,-23.17136085156258,-27.952633193937583,-17.119857700743726
Overall,70,81,ReRZV_2d,2024,1,dC_VacZVL_d,110,110,110,110
Overall,70,81,ReRZV_2d,2024,1,dC_VacRZV_d,112.04153510926386,112.04154068597178,112.04124352247038,112.04179308313054
Overall,70,81,ReRZV_2d,2024,1,dC_Vac_d,222.04153510926386,222.04154068597177,222.0412435224704,222.04179308313053
Overall,70,81,ReRZV_2d,2024,1,dC_All_d,199.07868413376346,198.870161411124,194.08887401551655,204.92160116288665
Overall,70,81,ReRZV_2d,2024,1,dN_VacZVL,1,1,1,1
Overall,70,81,ReRZV_2d,2024,1,dN_VacRZV,1.552696555608013,1.5526966328912737,1.5526925147332657,1.5527001306673323
Overall,70,81,ReRZV_2d,2024,1,dN_VacZVL_d,1,1,1,1
Overall,70,81,ReRZV_2d,2024,1,dN_VacRZV_d,1.3181357071678101,1.3181357727761385,1.318132276734946,1.318138742154477
Overall,70,81,ReRZV_2d,2024,1,ICER,21096.576704619783,20667.074849760123,16855.32739185406,27774.208951752164
Overall,70,81,ReRZV_2d,2024,1,Price0,85,85,84.99999999999999,85.00000000000001
Overall,70,81,ReRZV_2d,2024,1,Thres20,162.7327913445186,163.5670976932466,124.8361479967094,196.2855917730366
Overall,70,81,ReRZV_2d,2024,1,Thres30,235.38883549670828,236.5627810105364,180.74881039940837,284.0535603437488
Overall,70,81,ReRZV_2d,2024,1,Thres20_50,NA,163.5670976932466,NA,NA
Overall,70,81,ReRZV_2d,2024,1,Thres30_90,NA,200.55848103686787,NA,NA
Overall,70,81,ReRZV_2d,2024,1,Thres,NA,163.5670976932466,NA,NA
Overall,70,82,ReRZV_1d,2024,1,N0,1,1,1,1
Overall,70,82,ReRZV_1d,2024,1,dYear_Life,4.208120779584128e-4,4.218616058810909e-4,2.603375612916459e-4,5.722343852193389e-4
Overall,70,82,ReRZV_1d,2024,1,dYear_Immunised,7.707748371225735,7.739438487412856,5.904597237870861,9.284072468328754
Overall,70,82,ReRZV_1d,2024,1,dRisk_HZ,-0.06832288033870862,-0.06869065781123454,-0.08303766639112294,-0.0514646340710083
Overall,70,82,ReRZV_1d,2024,1,dRisk_Hosp,-0.0031981830790965404,-0.00319752375645107,-0.004427583802635059,-0.0019504570052875031
Overall,70,82,ReRZV_1d,2024,1,dRisk_PHN,-0.00551858712591145,-0.005517521298725865,-0.006991058571365457,-0.0039448126385893505
Overall,70,82,ReRZV_1d,2024,1,dRisk_Death,-6.938811714699366e-5,-6.951057639719967e-5,-9.770013644688588e-5,-3.9309259563966464e-5
Overall,70,82,ReRZV_1d,2024,1,dQ_Life,2.881371397075281e-4,2.888819392561359e-4,1.796087651032785e-4,3.906318730037216e-4
Overall,70,82,ReRZV_1d,2024,1,dQ_HZ,0.00972985764706913,0.009698002627382008,0.006969201750138885,0.012354050751769896
Overall,70,82,ReRZV_1d,2024,1,dQ_HZ_Norm,0.003140995061079497,0.003151431521463568,0.0023190524905516946,0.003962137694662594
Overall,70,82,ReRZV_1d,2024,1,dQ_All,0.010013012392122506,0.009998985177232633,0.007151352017063939,0.01270309742797284
Overall,70,82,ReRZV_1d,2024,1,dQ_HZ_d,0.00832481664239517,0.00831096759563494,0.006120183325438556,0.010417899152626042
Overall,70,82,ReRZV_1d,2024,1,dQ_HZ_Norm_d,0.0027209499749133326,0.002729478549368259,0.0020653179782426454,0.003385378144129532
Overall,70,82,ReRZV_1d,2024,1,dQ_Life_d,2.154203871148601e-4,2.159121535827424e-4,1.3781209831775776e-4,2.9038880751435235e-4
Overall,70,82,ReRZV_1d,2024,1,dQ_All_d,0.008540237029510032,0.008523254338454578,0.006280323374857222,0.010681083033860218
Overall,70,82,ReRZV_1d,2024,1,dC_Hosp,-13.825086154474878,-13.862915064063351,-19.287894031257142,-8.351580126929251
Overall,70,82,ReRZV_1d,2024,1,dC_GP_NonPHN,-7.630719927966469,-7.673788724649412,-9.239075112454007,-5.771732532427976
Overall,70,82,ReRZV_1d,2024,1,dC_GP_PHN,-3.0063903827961895,-3.0112664044529316,-3.820477119059939,-2.1417980589334773
Overall,70,82,ReRZV_1d,2024,1,dC_GP,-10.637110310762658,-10.675322839294296,-12.957525430484495,-7.974644439293681
Overall,70,82,ReRZV_1d,2024,1,dC_Med,-24.462196465237536,-24.624098377824673,-31.933698012838818,-16.37345635176034
Overall,70,82,ReRZV_1d,2024,1,dC_VacZVL,110,110,110,110
Overall,70,82,ReRZV_1d,2024,1,dC_VacRZV,63.1051127913613,63.10511698250856,63.10491065448689,63.1052975305398
Overall,70,82,ReRZV_1d,2024,1,dC_Vac,173.1051127913613,173.10511698250855,173.10491065448687,173.1052975305398
Overall,70,82,ReRZV_1d,2024,1,dC_All,148.64291632612375,148.48105898339634,141.1716179720133,156.7315519522526
Overall,70,82,ReRZV_1d,2024,1,dC_Hosp_d,-11.0366906427605,-11.071400809593326,-15.303952330203108,-6.859862188185086
Overall,70,82,ReRZV_1d,2024,1,dC_GP_NonPHN_d,-6.615135440201183,-6.655553087640174,-7.892760493816117,-5.1491393797699345
Overall,70,82,ReRZV_1d,2024,1,dC_GP_PHN_d,-2.56786382262622,-2.5743067519595426,-3.2215837400234113,-1.8825081512400825
Overall,70,82,ReRZV_1d,2024,1,dC_GP_d,-9.182999262827403,-9.215416667921627,-11.028808104145416,-7.057353411333091
Overall,70,82,ReRZV_1d,2024,1,dC_Med_d,-20.219689905587902,-20.352323890434732,-26.070414181831026,-13.990276498645656
Overall,70,82,ReRZV_1d,2024,1,dC_VacZVL_d,110,110,110,110
Overall,70,82,ReRZV_1d,2024,1,dC_VacRZV_d,52.780322595984856,52.78032610140772,52.780153531245595,52.78047710951008
Overall,70,82,ReRZV_1d,2024,1,dC_Vac_d,162.78032259598484,162.78032610140772,162.78015353124562,162.7804771095101
Overall,70,82,ReRZV_1d,2024,1,dC_All_d,142.56063269039694,142.42795935340382,136.70983183409103,148.79000026080604
Overall,70,82,ReRZV_1d,2024,1,dN_VacZVL,1,1,1,1
Overall,70,82,ReRZV_1d,2024,1,dN_VacRZV,0.7424130916630741,0.742413140970689,0.7424107135821988,0.7424152650651741
Overall,70,82,ReRZV_1d,2024,1,dN_VacZVL_d,1,1,1,1
Overall,70,82,ReRZV_1d,2024,1,dN_VacRZV_d,0.6209449717174689,0.6209450129577379,0.6209429827205365,0.620946789523648
Overall,70,82,ReRZV_1d,2024,1,ICER,17071.005787087513,16694.801959173285,12877.733336247447,23527.905427153113
Overall,70,82,ReRZV_1d,2024,1,Price0,85,85,84.99999999999999,85.00000000000001
Overall,70,82,ReRZV_1d,2024,1,Thres20,307.6350341140597,307.5915750457762,226.2813145152432,384.44642756265705
Overall,70,82,ReRZV_1d,2024,1,Thres30,445.1711651549735,444.6773880420317,327.52756435712206,555.753719668276
Overall,70,82,ReRZV_1d,2024,1,Thres20_50,NA,307.5915750457762,NA,NA
Overall,70,82,ReRZV_1d,2024,1,Thres30_90,NA,364.0248340802506,NA,NA
Overall,70,82,ReRZV_1d,2024,1,Thres,NA,307.5915750457762,NA,NA
Overall,70,82,ReRZV_2d,2024,1,N0,1,1,1,1
Overall,70,82,ReRZV_2d,2024,1,dYear_Life,4.674519220172755e-4,0.00047105326706287087,3.2689106544712135e-4,5.895559030530072e-4
Overall,70,82,ReRZV_2d,2024,1,dYear_Immunised,8.235445006550616,8.312879270707032,6.708569652829423,9.384229390030434
Overall,70,82,ReRZV_2d,2024,1,dRisk_HZ,-0.07330080588696584,-0.07401877458412193,-0.08433975603077697,-0.058680568045842776
Overall,70,82,ReRZV_2d,2024,1,dRisk_Hosp,-0.003560219750722329,-0.0035755903873573797,-0.004576637377418042,-0.00247286274161655
Overall,70,82,ReRZV_2d,2024,1,dRisk_PHN,-0.005966986642309476,-0.006005115282439492,-0.007126564541145098,-0.004580722820580614
Overall,70,82,ReRZV_2d,2024,1,dRisk_Death,-7.831812145524337e-5,-7.877300489277585e-5,-1.0111088499769285e-4,-5.173966388427144e-5
Overall,70,82,ReRZV_2d,2024,1,dQ_Life,3.195641505990041e-4,3.221236016646145e-4,2.2386862191119404e-4,4.0194368396546655e-4
Overall,70,82,ReRZV_2d,2024,1,dQ_HZ,0.010486953246669421,0.010520466781925385,0.00797226888742216,0.012772319347615125
Overall,70,82,ReRZV_2d,2024,1,dQ_HZ_Norm,0.0033621961478434133,0.003382349879669383,0.002628591903189522,0.004062804691146768
Overall,70,82,ReRZV_2d,2024,1,dQ_All,0.010800827315133548,0.01083888501253849,0.008210426823696526,0.013125199737213888
Overall,70,82,ReRZV_2d,2024,1,dQ_HZ_d,0.008914540049808534,0.008935172406162924,0.006894646872819966,0.010770768994910383
Overall,70,82,ReRZV_2d,2024,1,dQ_HZ_Norm_d,0.0028937401462365933,0.0029079239725063365,0.0023038313624394414,0.0034655387228087974
Overall,70,82,ReRZV_2d,2024,1,dQ_Life_d,2.3813698726498167e-4,2.3999700028909388e-4,1.685090929737676e-4,2.981050756544423e-4
Overall,70,82,ReRZV_2d,2024,1,dQ_All_d,0.009152677037073521,0.009184268769679704,0.00708270544958034,0.011031521644386809
Overall,70,82,ReRZV_2d,2024,1,dC_Hosp,-15.444835799426537,-15.506471281858104,-20.053025744084394,-10.580449627561771
Overall,70,82,ReRZV_2d,2024,1,dC_GP_NonPHN,-8.165133302110759,-8.239560449628286,-9.369193269409589,-6.566265942988672
Overall,70,82,ReRZV_2d,2024,1,dC_GP_PHN,-3.2447791405453,-3.2640996647218894,-3.89745281586484,-2.4732493842179823
Overall,70,82,ReRZV_2d,2024,1,dC_GP,-11.40991244265606,-11.507590278822626,-13.17076314946108,-9.072220860784222
Overall,70,82,ReRZV_2d,2024,1,dC_Med,-26.854748242082596,-27.13263348936739,-32.726207968861274,-19.89632127576742
Overall,70,82,ReRZV_2d,2024,1,dC_VacZVL,110,110,110,110
Overall,70,82,ReRZV_2d,2024,1,dC_VacRZV,126.2102255827226,126.21023396501712,126.20982130897379,126.2105950610796
Overall,70,82,ReRZV_2d,2024,1,dC_Vac,236.2102255827226,236.21023396501715,236.20982130897377,236.2105950610796
Overall,70,82,ReRZV_2d,2024,1,dC_All,209.35547734064,209.07749074780767,203.48409909149166,216.31406301206525
Overall,70,82,ReRZV_2d,2024,1,dC_Hosp_d,-12.277342214106636,-12.320271060506588,-15.839576559872956,-8.509864883366216
Overall,70,82,ReRZV_2d,2024,1,dC_GP_NonPHN_d,-7.032890666282353,-7.093511292279304,-8.018649967149543,-5.751633153494286
Overall,70,82,ReRZV_2d,2024,1,dC_GP_PHN_d,-2.754680895733545,-2.7672566962756306,-3.2845307522611464,-2.143562287622705
Overall,70,82,ReRZV_2d,2024,1,dC_GP_d,-9.787571562015899,-9.862209961170446,-11.210641255037412,-7.948950167085238
Overall,70,82,ReRZV_2d,2024,1,dC_Med_d,-22.064913776122534,-22.296869080317713,-26.733399736944005,-16.613572103895535
Overall,70,82,ReRZV_2d,2024,1,dC_VacZVL_d,110,110,110,110
Overall,70,82,ReRZV_2d,2024,1,dC_VacRZV_d,105.56064519196971,105.56065220281543,105.56030706249119,105.56095421902016
Overall,70,82,ReRZV_2d,2024,1,dC_Vac_d,215.5606451919697,215.56065220281545,215.5603070624912,215.5609542190202
Overall,70,82,ReRZV_2d,2024,1,dC_All_d,193.4957314158472,193.26387440656697,188.82720590163498,198.94724933717401
Overall,70,82,ReRZV_2d,2024,1,dN_VacZVL,1,1,1,1
Overall,70,82,ReRZV_2d,2024,1,dN_VacRZV,1.4848261833261482,1.484826281941378,1.4848214271643976,1.4848305301303482
Overall,70,82,ReRZV_2d,2024,1,dN_VacZVL_d,1,1,1,1
Overall,70,82,ReRZV_2d,2024,1,dN_VacRZV_d,1.2418899434349377,1.2418900259154757,1.241885965441073,1.241893579047296
Overall,70,82,ReRZV_2d,2024,1,ICER,21433.239524596127,21017.335357910473,17216.7349741264,27982.79302197234
Overall,70,82,ReRZV_2d,2024,1,Price0,85,85,84.99999999999999,85.00000000000001
Overall,70,82,ReRZV_2d,2024,1,Thres20,165.1663680707627,166.07518484173391,128.2434876229168,198.52102798828864
Overall,70,82,ReRZV_2d,2024,1,Thres30,238.86594952872787,239.74593555656742,185.0662903542438,287.48804236057634
Overall,70,82,ReRZV_2d,2024,1,Thres20_50,NA,166.07518484173391,NA,NA
Overall,70,82,ReRZV_2d,2024,1,Thres30_90,NA,204.4769862174368,NA,NA
Overall,70,82,ReRZV_2d,2024,1,Thres,NA,166.07518484173391,NA,NA
Overall,70,83,ReRZV_1d,2024,1,N0,1,1,1,1
Overall,70,83,ReRZV_1d,2024,1,dYear_Life,4.048008397711342e-4,4.058006921621171e-4,2.546262537332922e-4,5.493635364256732e-4
Overall,70,83,ReRZV_1d,2024,1,dYear_Immunised,7.408631749420575,7.4426551529609135,5.781785668623375,8.835584172875103
Overall,70,83,ReRZV_1d,2024,1,dRisk_HZ,-0.06544306007241928,-0.0657888491608592,-0.07883003969743457,-0.0501251417345211
Overall,70,83,ReRZV_1d,2024,1,dRisk_Hosp,-0.003082912878756104,-0.003082495846080763,-0.0042388284217722135,-0.0019118359238455525
Overall,70,83,ReRZV_1d,2024,1,dRisk_PHN,-0.005251064444460688,-0.005246771757503654,-0.0066129650128645785,-0.003847061440972522
Overall,70,83,ReRZV_1d,2024,1,dRisk_Death,-6.787902324139545e-5,-6.803507059317445e-5,-9.570983797962933e-5,-3.884476309136452e-5
Overall,70,83,ReRZV_1d,2024,1,dQ_Life,2.7680309214652256e-4,2.771494822955134e-4,1.7580964169887638e-4,3.742371125163846e-4
Overall,70,83,ReRZV_1d,2024,1,dQ_HZ,0.009318577033798481,0.009313809467477471,0.006778468316918081,0.01176862796548235
Overall,70,83,ReRZV_1d,2024,1,dQ_HZ_Norm,0.003010577239497017,0.0030191367346152935,0.0022605531596185803,0.0037752554300599294
Overall,70,83,ReRZV_1d,2024,1,dQ_All,0.009590375873581254,0.009579248185797695,0.006995493603450331,0.012092606059617506
Overall,70,83,ReRZV_1d,2024,1,dQ_HZ_d,0.007974173198578608,0.00797983798560517,0.005979272243279224,0.009946676485203372
Overall,70,83,ReRZV_1d,2024,1,dQ_HZ_Norm_d,0.002610001679023161,0.0026187881794052037,0.0020109303878589045,0.0032211887719955897
Overall,70,83,ReRZV_1d,2024,1,dQ_Life_d,2.0657163123359546e-4,2.0676510494332945e-4,1.342857037188061e-4,2.76626134995661e-4
Overall,70,83,ReRZV_1d,2024,1,dQ_All_d,0.008180744829812195,0.008184627614888917,0.006123564095942325,0.010195407588381177
Overall,70,83,ReRZV_1d,2024,1,dC_Hosp,-13.35910875045541,-13.415338588855448,-18.598364182017406,-8.152448664269029
Overall,70,83,ReRZV_1d,2024,1,dC_GP_NonPHN,-7.3105394649646716,-7.3510340160168814,-8.766524640656018,-5.647016117096788
Overall,70,83,ReRZV_1d,2024,1,dC_GP_PHN,-2.858947522060293,-2.8637114893661106,-3.598837385662518,-2.0811245760346315
Overall,70,83,ReRZV_1d,2024,1,dC_GP,-10.169486987024964,-10.21250010511725,-12.294171675223089,-7.740864607646645
Overall,70,83,ReRZV_1d,2024,1,dC_Med,-23.528595737480373,-23.640055353093437,-30.516215157579484,-16.06780016497564
Overall,70,83,ReRZV_1d,2024,1,dC_VacZVL,110,110,110,110
Overall,70,83,ReRZV_1d,2024,1,dC_VacRZV,60.00163889985989,60.001642315211136,60.00140209333483,60.00185801510456
Overall,70,83,ReRZV_1d,2024,1,dC_Vac,170.0016388998599,170.00164231521114,170.00140209333483,170.00185801510457
Overall,70,83,ReRZV_1d,2024,1,dC_All,146.47304316237953,146.3616713842594,139.48531332289085,153.93396058338618
Overall,70,83,ReRZV_1d,2024,1,dC_Hosp_d,-10.629591586348837,-10.616225963551631,-14.715758578612594,-6.638614815225378
Overall,70,83,ReRZV_1d,2024,1,dC_GP_NonPHN_d,-6.342875529104315,-6.364709081018282,-7.507713437508258,-5.032072752250024
Overall,70,83,ReRZV_1d,2024,1,dC_GP_PHN_d,-2.442612603755261,-2.44466554406985,-3.0433164089685505,-1.8317442600254574
Overall,70,83,ReRZV_1d,2024,1,dC_GP_d,-8.785488132859577,-8.813422370010427,-10.471032913416167,-6.87257778073571
Overall,70,83,ReRZV_1d,2024,1,dC_Med_d,-19.415079719208414,-19.514913383606412,-24.819351121699228,-13.676789185400917
Overall,70,83,ReRZV_1d,2024,1,dC_VacZVL_d,110,110,110,110
Overall,70,83,ReRZV_1d,2024,1,dC_VacRZV_d,49.44297149650476,49.44297431084645,49.44277636153039,49.44315205338613
Overall,70,83,ReRZV_1d,2024,1,dC_Vac_d,159.44297149650475,159.44297431084647,159.4427763615304,159.44315205338614
Overall,70,83,ReRZV_1d,2024,1,dC_All_d,140.02789177729633,139.92817168653949,134.62359130866645,145.76606366755385
Overall,70,83,ReRZV_1d,2024,1,dN_VacZVL,1,1,1,1
Overall,70,83,ReRZV_1d,2024,1,dN_VacRZV,0.7059016341159987,0.7059016742966016,0.7058988481568803,0.7059042119424067
Overall,70,83,ReRZV_1d,2024,1,dN_VacZVL_d,1,1,1,1
Overall,70,83,ReRZV_1d,2024,1,dN_VacRZV_d,0.5816820176059383,0.5816820507158407,0.5816797219003575,0.5816841418045426
Overall,70,83,ReRZV_1d,2024,1,ICER,17464.88443614798,17142.67628760713,13351.764188050476,23653.32555938036
Overall,70,83,ReRZV_1d,2024,1,Price0,85,85,84.99999999999999,85.00000000000001
Overall,70,83,ReRZV_1d,2024,1,Thres20,314.656404182041,314.2291593955355,235.41068942517077,390.09861223195566
Overall,70,83,ReRZV_1d,2024,1,Thres30,455.295866847394,454.4930316714815,341.03149240571867,564.4308013583635
Overall,70,83,ReRZV_1d,2024,1,Thres20_50,NA,314.2291593955355,NA,NA
Overall,70,83,ReRZV_1d,2024,1,Thres30_90,NA,375.9209605613801,NA,NA
Overall,70,83,ReRZV_1d,2024,1,Thres,NA,314.2291593955355,NA,NA
Overall,70,83,ReRZV_2d,2024,1,N0,1,1,1,1
Overall,70,83,ReRZV_2d,2024,1,dYear_Life,4.481557163772152e-4,4.512704633743425e-4,3.149246080838886e-4,5.63276333678786e-4
Overall,70,83,ReRZV_2d,2024,1,dYear_Immunised,7.877778072339298,7.9379235500388,6.473004253144461,8.92319851171845
Overall,70,83,ReRZV_2d,2024,1,dRisk_HZ,-0.06985813492986744,-0.07050527489695829,-0.0800108055250421,-0.05664895937406135
Overall,70,83,ReRZV_2d,2024,1,dRisk_Hosp,-0.003421149875971411,-0.003437755168477285,-0.004386603195780563,-0.002381811088340534
Overall,70,83,ReRZV_2d,2024,1,dRisk_PHN,-0.0056472276071654155,-0.005678719880449915,-0.00670237511766874,-0.004416167069556175
Overall,70,83,ReRZV_2d,2024,1,dRisk_Death,-7.646285103296739e-5,-7.708908973223764e-5,-9.870716714393967e-5,-5.0673868177341074e-5
Overall,70,83,ReRZV_2d,2024,1,dQ_Life,3.0591756537866923e-4,3.0795099079306e-4,2.1619886569306245e-4,3.83030281744423e-4
Overall,70,83,ReRZV_2d,2024,1,dQ_HZ,0.009994972661957513,0.01001409112450043,0.007697081666867604,0.01213622851551568
Overall,70,83,ReRZV_2d,2024,1,dQ_HZ_Norm,0.0032063288309300652,0.0032202286279105086,0.0025335152747819945,0.0038639176908708997
Overall,70,83,ReRZV_2d,2024,1,dQ_All,0.010295179906674307,0.010314120003910077,0.007922774875094473,0.012485029730064975
Overall,70,83,ReRZV_2d,2024,1,dQ_HZ_d,0.008495546770890183,0.008504772224418231,0.0066423262170671755,0.010218306055545863
Overall,70,83,ReRZV_2d,2024,1,dQ_HZ_Norm_d,0.00276126629299244,0.0027691736542315697,0.0022159975438162767,0.00330521489568779
Overall,70,83,ReRZV_2d,2024,1,dQ_Life_d,2.2749759643373935e-4,2.2878822757732564e-4,1.6311142764759978e-4,2.837404766919072e-4
Overall,70,83,ReRZV_2d,2024,1,dQ_All_d,0.008723044367323905,0.00873950477465879,0.006832166318253385,0.01048917534149125
Overall,70,83,ReRZV_2d,2024,1,dC_Hosp,-14.881373956578347,-14.939985622779353,-19.26923814690646,-10.28344154046134
Overall,70,83,ReRZV_2d,2024,1,dC_GP_NonPHN,-7.78252517079953,-7.853399226817472,-8.89022728592305,-6.338233824793623
Overall,70,83,ReRZV_2d,2024,1,dC_GP_PHN,-3.068614401940332,-3.0807456709624033,-3.670211116636045,-2.379977801732277
Overall,70,83,ReRZV_2d,2024,1,dC_GP,-10.85113957273986,-10.940079005806265,-12.487256262867426,-8.770791268447539
Overall,70,83,ReRZV_2d,2024,1,dC_Med,-25.732513529318208,-25.96003654685047,-31.355231349573923,-19.137846526880885
Overall,70,83,ReRZV_2d,2024,1,dC_VacZVL,110,110,110,110
Overall,70,83,ReRZV_2d,2024,1,dC_VacRZV,120.00327779971978,120.00328463042227,120.00280418666966,120.00371603020912
Overall,70,83,ReRZV_2d,2024,1,dC_Vac,230.00327779971977,230.00328463042229,230.00280418666966,230.00371603020912
Overall,70,83,ReRZV_2d,2024,1,dC_All,204.27076427040157,204.0432932861884,198.64783239718977,210.86558040730367
Overall,70,83,ReRZV_2d,2024,1,dC_Hosp_d,-11.786476745739607,-11.827998302955965,-15.198175137760407,-8.229678273934741
Overall,70,83,ReRZV_2d,2024,1,dC_GP_NonPHN_d,-6.707843471776148,-6.761166376464578,-7.61271790523268,-5.566868868850209
Overall,70,83,ReRZV_2d,2024,1,dC_GP_PHN_d,-2.605159911990588,-2.6130849361452433,-3.0894139222692263,-2.05633330368892
Overall,70,83,ReRZV_2d,2024,1,dC_GP_d,-9.313003383766736,-9.374125415222661,-10.632778553999858,-7.665995917202448
Overall,70,83,ReRZV_2d,2024,1,dC_Med_d,-21.099480129506343,-21.267305078858655,-25.472301519375193,-16.006403771326752
Overall,70,83,ReRZV_2d,2024,1,dC_VacZVL_d,110,110,110,110
Overall,70,83,ReRZV_2d,2024,1,dC_VacRZV_d,98.88594299300952,98.8859486216929,98.88555272306078,98.88630410677226
Overall,70,83,ReRZV_2d,2024,1,dC_Vac_d,208.8859429930095,208.88594862169293,208.88555272306078,208.88630410677226
Overall,70,83,ReRZV_2d,2024,1,dC_All_d,187.78646286350317,187.6184504693685,183.41336518640452,192.87925998943365
Overall,70,83,ReRZV_2d,2024,1,dN_VacZVL,1,1,1,1
Overall,70,83,ReRZV_2d,2024,1,dN_VacRZV,1.4118032682319974,1.4118033485932031,1.4117976963137606,1.4118084238848134
Overall,70,83,ReRZV_2d,2024,1,dN_VacZVL_d,1,1,1,1
Overall,70,83,ReRZV_2d,2024,1,dN_VacRZV_d,1.1633640352118766,1.1633641014316813,1.163359443800715,1.1633682836090853
Overall,70,83,ReRZV_2d,2024,1,ICER,21804.295514846242,21463.262143767985,17614.743383697027,28055.05108033936
Overall,70,83,ReRZV_2d,2024,1,Price0,85,85,84.99999999999999,85.00000000000001
Overall,70,83,ReRZV_2d,2024,1,Thres20,168.0990276214573,168.58167360264792,132.51019911554175,200.81804992595244
Overall,70,83,ReRZV_2d,2024,1,Thres30,243.0802365072516,243.6071270467775,190.9073498287848,290.9347027333952
Overall,70,83,ReRZV_2d,2024,1,Thres20_50,NA,168.58167360264792,NA,NA
Overall,70,83,ReRZV_2d,2024,1,Thres30_90,NA,209.89892140619807,NA,NA
Overall,70,83,ReRZV_2d,2024,1,Thres,NA,168.58167360264792,NA,NA
Overall,70,84,ReRZV_1d,2024,1,N0,1,1,1,1
Overall,70,84,ReRZV_1d,2024,1,dYear_Life,3.862607676012839e-4,3.8706074473360275e-4,2.468799440348057e-4,5.220494066915826e-4
Overall,70,84,ReRZV_1d,2024,1,dYear_Immunised,7.110342196710665,7.1426016782935235,5.628159412566938,8.388214170617243
Overall,70,84,ReRZV_1d,2024,1,dRisk_HZ,-0.06255990196224927,-0.06284839481328433,-0.07463833931968436,-0.048830155292311155
Overall,70,84,ReRZV_1d,2024,1,dRisk_Hosp,-0.002948127102816787,-0.002943653130875178,-0.004057229178314254,-0.0018663309622133609
Overall,70,84,ReRZV_1d,2024,1,dRisk_PHN,-0.004978894396352658,-0.004973880021001772,-0.006179445812073788,-0.0037242863225565386
Overall,70,84,ReRZV_1d,2024,1,dRisk_Death,-6.58484433646223e-5,-6.602731073602469e-5,-9.291891785788623e-5,-3.7895169462028064e-5
Overall,70,84,ReRZV_1d,2024,1,dQ_Life,2.6378941717869074e-4,2.642368189604838e-4,1.7035567991712243e-4,3.551227267545087e-4
Overall,70,84,ReRZV_1d,2024,1,dQ_HZ,0.008901252581576272,0.008908571360832788,0.006619945852854011,0.011174963028368283
Overall,70,84,ReRZV_1d,2024,1,dQ_HZ_Norm,0.0028806503029142564,0.0028866933403870806,0.002207130337706146,0.0035807713659646045
Overall,70,84,ReRZV_1d,2024,1,dQ_All,0.009160036196837817,0.009161651573598384,0.00680717467312495,0.011471582201952341
Overall,70,84,ReRZV_1d,2024,1,dQ_HZ_d,0.0076247664241301345,0.007619692775736422,0.005827013711663213,0.009446891183427427
Overall,70,84,ReRZV_1d,2024,1,dQ_HZ_Norm_d,0.0025013992989612746,0.002505385218546133,0.0019615490151251016,0.003060474387485845
Overall,70,84,ReRZV_1d,2024,1,dQ_Life_d,1.965764845721356e-4,1.96707209900282e-4,1.2925833398478304e-4,2.622254969174786e-4
Overall,70,84,ReRZV_1d,2024,1,dQ_All_d,0.007821342908702235,0.007815120460263003,0.005974735378392815,0.009679498476569124
Overall,70,84,ReRZV_1d,2024,1,dC_Hosp,-12.801973814998986,-12.799542823894807,-17.824247723035572,-7.981440784741916
Overall,70,84,ReRZV_1d,2024,1,dC_GP_NonPHN,-6.9927590364272065,-7.018953467078949,-8.31073133048664,-5.497464268344064
Overall,70,84,ReRZV_1d,2024,1,dC_GP_PHN,-2.7099857079563416,-2.7098782496076956,-3.38017103779587,-2.0248242734388553
Overall,70,84,ReRZV_1d,2024,1,dC_GP,-9.70274474438355,-9.73255744277099,-11.61623492330707,-7.525256582264801
Overall,70,84,ReRZV_1d,2024,1,dC_Med,-22.504718559382535,-22.617226966492133,-29.02124328242608,-15.65912904457362
Overall,70,84,ReRZV_1d,2024,1,dC_VacZVL,110,110,110,110
Overall,70,84,ReRZV_1d,2024,1,dC_VacRZV,56.67110023060338,56.67110555088513,56.67082713123748,56.671345496517745
Overall,70,84,ReRZV_1d,2024,1,dC_Vac,166.67110023060337,166.67110555088513,166.67082713123747,166.67134549651774
Overall,70,84,ReRZV_1d,2024,1,dC_All,144.16638167122085,144.05373916220583,137.64998002025686,151.0118492958396
Overall,70,84,ReRZV_1d,2024,1,dC_Hosp_d,-10.155606826028835,-10.140859323627772,-13.990448365824822,-6.497472235659094
Overall,70,84,ReRZV_1d,2024,1,dC_GP_NonPHN_d,-6.077345529762014,-6.096194880466403,-7.122765002127096,-4.898230095075651
Overall,70,84,ReRZV_1d,2024,1,dC_GP_PHN_d,-2.318288744425092,-2.3178382690440387,-2.854510502980487,-1.7725926683876763
Overall,70,84,ReRZV_1d,2024,1,dC_GP_d,-8.395634274187106,-8.420075536765815,-9.907687394156381,-6.674273200651389
Overall,70,84,ReRZV_1d,2024,1,dC_Med_d,-18.551241100215943,-18.618302851321403,-23.599454440989806,-13.310352746422529
Overall,70,84,ReRZV_1d,2024,1,dC_VacZVL_d,110,110,110,110
Overall,70,84,ReRZV_1d,2024,1,dC_VacRZV_d,46.008391776408025,46.00839609567492,46.008170060885135,46.00859089536339
Overall,70,84,ReRZV_1d,2024,1,dC_Vac_d,156.00839177640802,156.00839609567493,156.00817006088513,156.0085908953634
Overall,70,84,ReRZV_1d,2024,1,dC_All_d,137.45715067619207,137.39022165529974,132.40915377874833,142.69792187174997
Overall,70,84,ReRZV_1d,2024,1,dN_VacZVL,1,1,1,1
Overall,70,84,ReRZV_1d,2024,1,dN_VacRZV,0.6667188262423928,0.6667188888339427,0.6667156133086762,0.6667217117237381
Overall,70,84,ReRZV_1d,2024,1,dN_VacZVL_d,1,1,1,1
Overall,70,84,ReRZV_1d,2024,1,dN_VacRZV_d,0.5412751973695061,0.5412752481844108,0.5412725889515898,0.5412775399454517
Overall,70,84,ReRZV_1d,2024,1,ICER,17894.795785396615,17608.54574787062,13814.734225697168,23775.767725635877
Overall,70,84,ReRZV_1d,2024,1,Price0,85,85,84.99999999999999,85.00000000000001
Overall,70,84,ReRZV_1d,2024,1,Thres20,323.27011107573117,322.86561364721956,246.49513749583028,398.81825310389456
Overall,70,84,ReRZV_1d,2024,1,Thres30,467.76855981838116,467.47491506897086,357.10441303125475,575.9940459750902
Overall,70,84,ReRZV_1d,2024,1,Thres20_50,NA,322.86561364721956,NA,NA
Overall,70,84,ReRZV_1d,2024,1,Thres30_90,NA,391.8143603881892,NA,NA
Overall,70,84,ReRZV_1d,2024,1,Thres,NA,322.86561364721956,NA,NA
Overall,70,84,ReRZV_2d,2024,1,N0,1,1,1,1
Overall,70,84,ReRZV_2d,2024,1,dYear_Life,4.260384498141825e-4,4.2874123482405935e-4,3.015304441931654e-4,5.321869392436618e-4
Overall,70,84,ReRZV_2d,2024,1,dYear_Immunised,7.5236169615270025,7.584964916064201,6.247951730383008,8.514392770992094
Overall,70,84,ReRZV_2d,2024,1,dRisk_HZ,-0.0664361390180758,-0.0669351251515875,-0.07592945996289559,-0.054484739582743066
Overall,70,84,ReRZV_2d,2024,1,dRisk_Hosp,-0.0032603273876133224,-0.0032722872851989214,-0.004177191040003591,-0.002280668907549019
Overall,70,84,ReRZV_2d,2024,1,dRisk_PHN,-0.005324476754067969,-0.0053453562537274894,-0.006301536829298117,-0.004206492192366453
Overall,70,84,ReRZV_2d,2024,1,dRisk_Death,-7.401266492238838e-5,-7.458445535676652e-5,-9.539376805020433e-5,-4.930196634204172e-5
Overall,70,84,ReRZV_2d,2024,1,dQ_Life,2.9040254701935455e-4,2.9198646762917946e-4,2.0660195934985026e-4,3.618375052469869e-4
Overall,70,84,ReRZV_2d,2024,1,dQ_HZ,0.009499434236225446,0.009505891349705812,0.007374563097906924,0.01149443491819668
Overall,70,84,ReRZV_2d,2024,1,dQ_HZ_Norm,0.0030521466481924536,0.0030624643730852137,0.0024401044038017097,0.003669182920853266
Overall,70,84,ReRZV_2d,2024,1,dQ_All,0.009784129662037433,0.009807664019992224,0.007618647127221179,0.011825166191316239
Overall,70,84,ReRZV_2d,2024,1,dQ_HZ_d,0.008080982286312818,0.0080888015526013185,0.006404795615690989,0.009700767633997983
Overall,70,84,ReRZV_2d,2024,1,dQ_HZ_Norm_d,0.0026324795028529148,0.0026381419985960384,0.002131263724847924,0.003140708530649009
Overall,70,84,ReRZV_2d,2024,1,dQ_Life_d,2.1559182045594128e-4,2.1683736392574815e-4,1.5606406862778144e-4,2.674570487048555e-4
Overall,70,84,ReRZV_2d,2024,1,dQ_All_d,0.008296574106768756,0.008307609849847353,0.006564286215918491,0.009943684932142727
Overall,70,84,ReRZV_2d,2024,1,dC_Hosp,-14.215709909251693,-14.25568971797351,-18.45164711892648,-9.894502605900563
Overall,70,84,ReRZV_2d,2024,1,dC_GP_NonPHN,-7.405425806782125,-7.461094618453019,-8.454157481106574,-6.103906800064309
Overall,70,84,ReRZV_2d,2024,1,dC_GP_PHN,-2.892014646073659,-2.894636991928106,-3.452085723646694,-2.2667547763627676
Overall,70,84,ReRZV_2d,2024,1,dC_GP,-10.297440452855785,-10.359488970639237,-11.794129524269032,-8.410271250870679
Overall,70,84,ReRZV_2d,2024,1,dC_Med,-24.513150362107478,-24.683709068329392,-29.89646978584598,-18.45292601852436
Overall,70,84,ReRZV_2d,2024,1,dC_VacZVL,110,110,110,110
Overall,70,84,ReRZV_2d,2024,1,dC_VacRZV,113.34220046120676,113.34221110177026,113.34165426247496,113.34269099303549
Overall,70,84,ReRZV_2d,2024,1,dC_Vac,223.34220046120677,223.34221110177026,223.34165426247498,223.3426909930355
Overall,70,84,ReRZV_2d,2024,1,dC_All,198.82905009909928,198.65847760877392,193.44595162528103,204.88897950280273
Overall,70,84,ReRZV_2d,2024,1,dC_Hosp_d,-11.221149669889185,-11.232371398508615,-14.455964929209317,-7.933126320257965
Overall,70,84,ReRZV_2d,2024,1,dC_GP_NonPHN_d,-6.392962030124575,-6.428969547897552,-7.243059046274322,-5.355666342243153
Overall,70,84,ReRZV_2d,2024,1,dC_GP_PHN_d,-2.4578603117076847,-2.4609531675880763,-2.9139407467858867,-1.9611267604951106
Overall,70,84,ReRZV_2d,2024,1,dC_GP_d,-8.85082234183226,-8.895782089931254,-10.061970187846988,-7.348706548374713
Overall,70,84,ReRZV_2d,2024,1,dC_Med_d,-20.071972011721446,-20.220560232536535,-24.2243137466359,-15.452983623162302
Overall,70,84,ReRZV_2d,2024,1,dC_VacZVL_d,110,110,110,110
Overall,70,84,ReRZV_2d,2024,1,dC_VacRZV_d,92.01678355281605,92.01679219134984,92.01634012177027,92.01718179072678
Overall,70,84,ReRZV_2d,2024,1,dC_Vac_d,202.01678355281604,202.01679219134985,202.01634012177027,202.01718179072677
Overall,70,84,ReRZV_2d,2024,1,dC_All_d,181.9448115410946,181.79617077479278,177.7925909414138,186.56369977616126
Overall,70,84,ReRZV_2d,2024,1,dN_VacZVL,1,1,1,1
Overall,70,84,ReRZV_2d,2024,1,dN_VacRZV,1.3334376524847855,1.3334377776678854,1.3334312266173525,1.3334434234474761
Overall,70,84,ReRZV_2d,2024,1,dN_VacZVL_d,1,1,1,1
Overall,70,84,ReRZV_2d,2024,1,dN_VacRZV_d,1.0825503947390123,1.0825504963688215,1.0825451779031796,1.0825550798909034
Overall,70,84,ReRZV_2d,2024,1,ICER,22192.503921295916,21919.85814512745,17989.899828097852,28305.353350408343
Overall,70,84,ReRZV_2d,2024,1,Price0,85,85,84.99999999999999,85.00000000000001
Overall,70,84,ReRZV_2d,2024,1,Thres20,171.81966660400562,172.04626645002918,136.254842220097,204.92823745096484
Overall,70,84,ReRZV_2d,2024,1,Thres30,248.45881309880625,248.6969474686946,196.9191796250738,296.25235242974185
Overall,70,84,ReRZV_2d,2024,1,Thres20_50,NA,172.04626645002918,NA,NA
Overall,70,84,ReRZV_2d,2024,1,Thres30_90,NA,216.03430371311137,NA,NA
Overall,70,84,ReRZV_2d,2024,1,Thres,NA,172.04626645002918,NA,NA
Overall,70,85,ReRZV_1d,2024,1,N0,1,1,1,1
Overall,70,85,ReRZV_1d,2024,1,dYear_Life,3.653329373145979e-4,3.6495864539709544e-4,2.3729665161287272e-4,4.892969602621199e-4
Overall,70,85,ReRZV_1d,2024,1,dYear_Immunised,6.8174546683009645,6.840168383960941,5.471879893454011,7.968399785750005
Overall,70,85,ReRZV_1d,2024,1,dRisk_HZ,-0.0597377801693378,-0.06002395442430931,-0.07060385701807233,-0.04733109528781437
Overall,70,85,ReRZV_1d,2024,1,dRisk_Hosp,-0.002801600819581087,-0.0027955033791647764,-0.0038267367887316888,-0.0018158180428998112
Overall,70,85,ReRZV_1d,2024,1,dRisk_PHN,-0.004712966024210752,-0.0047160704980090985,-0.0057886915106159405,-0.0035668279487633373
Overall,70,85,ReRZV_1d,2024,1,dRisk_Death,-6.32545176832427e-5,-6.338948700139802e-5,-8.871759138202093e-5,-3.627974159636625e-5
Overall,70,85,ReRZV_1d,2024,1,dQ_Life,2.492136434734267e-4,2.4917652764333553e-4,1.643104355006919e-4,3.3283940168074013e-4
Overall,70,85,ReRZV_1d,2024,1,dQ_HZ,0.008487461279822861,0.008485813221559354,0.006415014867900453,0.010614279460068949
Overall,70,85,ReRZV_1d,2024,1,dQ_HZ_Norm,0.0027540282629130593,0.002758002923375454,0.002136130355537942,0.0033948501112150867
Overall,70,85,ReRZV_1d,2024,1,dQ_All,0.008731692889079684,0.008732155637519945,0.006618213345053681,0.010891502019746823
Overall,70,85,ReRZV_1d,2024,1,dQ_HZ_d,0.0072843067717384405,0.007282274585798031,0.005639337650616045,0.008972174124255643
Overall,70,85,ReRZV_1d,2024,1,dQ_HZ_Norm_d,0.0023973489609700224,0.002394618923571792,0.001908169798181276,0.002910196322603263
Overall,70,85,ReRZV_1d,2024,1,dQ_Life_d,1.8554748118756326e-4,1.854230935647294e-4,1.2429213900095882e-4,2.4517481772168276e-4
Overall,70,85,ReRZV_1d,2024,1,dQ_All_d,0.00746985425292601,0.007466711005902127,0.005776375495552388,0.009217127475899908
Overall,70,85,ReRZV_1d,2024,1,dC_Hosp,-12.18522614236588,-12.164387161041034,-16.854616545519814,-7.752207783117246
Overall,70,85,ReRZV_1d,2024,1,dC_GP_NonPHN,-6.683323696815915,-6.700901797469077,-7.877505795411731,-5.336136700252753
Overall,70,85,ReRZV_1d,2024,1,dC_GP_PHN,-2.565236142995709,-2.569818747759374,-3.16632656739703,-1.947459189000533
Overall,70,85,ReRZV_1d,2024,1,dC_GP,-9.248559839811625,-9.275334891032582,-10.976101253486583,-7.296308776000584
Overall,70,85,ReRZV_1d,2024,1,dC_Med,-21.433785982177504,-21.498143912651308,-27.468954125422457,-15.200370345469036
Overall,70,85,ReRZV_1d,2024,1,dC_VacZVL,110,110,110,110
Overall,70,85,ReRZV_1d,2024,1,dC_VacRZV,53.11764741980038,53.117655689852015,53.117338501584335,53.117930371920224
Overall,70,85,ReRZV_1d,2024,1,dC_Vac,163.1176474198004,163.11765568985203,163.11733850158433,163.1179303719202
Overall,70,85,ReRZV_1d,2024,1,dC_All,141.68386143762288,141.61965365858532,135.6484050142615,147.91729009506076
Overall,70,85,ReRZV_1d,2024,1,dC_Hosp_d,-9.642303008878393,-9.620151792697506,-13.168420840700305,-6.318863331904904
Overall,70,85,ReRZV_1d,2024,1,dC_GP_NonPHN_d,-5.823150677872361,-5.837941201627686,-6.772799560807965,-4.770794036622626
Overall,70,85,ReRZV_1d,2024,1,dC_GP_PHN_d,-2.199506093603784,-2.196115098666473,-2.6843761709078517,-1.7116496419125495
Overall,70,85,ReRZV_1d,2024,1,dC_GP_d,-8.022656771476145,-8.04714852670784,-9.400784278608175,-6.499479175355798
Overall,70,85,ReRZV_1d,2024,1,dC_Med_d,-17.66495978035454,-17.700810452444326,-22.334786695017947,-12.930912327054882
Overall,70,85,ReRZV_1d,2024,1,dC_VacZVL_d,110,110,110,110
Overall,70,85,ReRZV_1d,2024,1,dC_VacRZV_d,42.4862302259961,42.486236840809354,42.48598313729611,42.48645654567498
Overall,70,85,ReRZV_1d,2024,1,dC_Vac_d,152.4862302259961,152.48623684080934,152.4859831372961,152.486456545675
Overall,70,85,ReRZV_1d,2024,1,dC_All_d,134.82127044564157,134.78553216185927,130.1516941131013,139.55532831359125
Overall,70,85,ReRZV_1d,2024,1,dN_VacZVL,1,1,1,1
Overall,70,85,ReRZV_1d,2024,1,dN_VacRZV,0.6249134990564751,0.6249135963512003,0.6249098647245216,0.6249168279049437
Overall,70,85,ReRZV_1d,2024,1,dN_VacZVL_d,1,1,1,1
Overall,70,85,ReRZV_1d,2024,1,dN_VacRZV_d,0.4998380026587777,0.49983808048011,0.4998350957328954,0.49984066524323506
Overall,70,85,ReRZV_1d,2024,1,ICER,18343.566133641052,18051.707580262766,14284.009480197048,23919.993246372167
Overall,70,85,ReRZV_1d,2024,1,Price0,85,85,84.99999999999999,85.00000000000001
Overall,70,85,ReRZV_1d,2024,1,Thres20,334.23236227168206,334.1425925051951,259.76227924215857,409.6778042729123
Overall,70,85,ReRZV_1d,2024,1,Thres30,483.67785931351096,483.5314835661461,375.810580217078,593.6359578645846
Overall,70,85,ReRZV_1d,2024,1,Thres20_50,NA,334.1425925051951,NA,NA
Overall,70,85,ReRZV_1d,2024,1,Thres30_90,NA,410.01595905279163,NA,NA
Overall,70,85,ReRZV_1d,2024,1,Thres,NA,334.1425925051951,NA,NA
Overall,70,85,ReRZV_2d,2024,1,N0,1,1,1,1
Overall,70,85,ReRZV_2d,2024,1,dYear_Life,4.012636645247518e-4,4.036702888186028e-4,2.8822527790079984e-4,4.998559666748115e-4
Overall,70,85,ReRZV_2d,2024,1,dYear_Immunised,7.177843610318983,7.227380437094158,6.010675496171698,8.113486643884768
Overall,70,85,ReRZV_2d,2024,1,dRisk_HZ,-0.06310533149305275,-0.06350396919635742,-0.07178614379992337,-0.05222656007294056
Overall,70,85,ReRZV_2d,2024,1,dRisk_Hosp,-0.003086607143568382,-0.0030899529279845486,-0.003945444568185661,-0.0021965442256157656
Overall,70,85,ReRZV_2d,2024,1,dRisk_PHN,-0.005010866759139663,-0.005024767346452746,-0.005899819128456045,-0.003984376434757369
Overall,70,85,ReRZV_2d,2024,1,dRisk_Death,-7.09206191938654e-5,-7.156899295802973e-5,-9.145088285661553e-5,-4.748833270157664e-5
Overall,70,85,ReRZV_2d,2024,1,dQ_Life,2.731546495482782e-4,2.7472722115806647e-4,1.9826183190607694e-4,3.3907270995197074e-4
Overall,70,85,ReRZV_2d,2024,1,dQ_HZ,0.00901089987522201,0.009018186879293413,0.007104511708337746,0.010850660989875405
Overall,70,85,ReRZV_2d,2024,1,dQ_HZ_Norm,0.002902722192412125,0.002905984874461399,0.002329249009219881,0.0034814455183961026
Overall,70,85,ReRZV_2d,2024,1,dQ_All,0.009278379778967992,0.009298266407085976,0.007298982973790569,0.01115484226951877
Overall,70,85,ReRZV_2d,2024,1,dQ_HZ_d,0.007679263567150966,0.007687877429880829,0.0061513691678351705,0.009169251503496862
Overall,70,85,ReRZV_2d,2024,1,dQ_HZ_Norm_d,0.0025097565497460127,0.0025141064869164263,0.002042120777807635,0.0029795847909558173
Overall,70,85,ReRZV_2d,2024,1,dQ_Life_d,2.0254839065322904e-4,2.0373013899899206e-4,1.485251901633511e-4,2.5001954999619435e-4
Overall,70,85,ReRZV_2d,2024,1,dQ_All_d,0.007881811957804184,0.007892637643438505,0.006321230073154194,0.009397326316756648
Overall,70,85,ReRZV_2d,2024,1,dC_Hosp,-13.483817338461678,-13.491614386789966,-17.425030908468457,-9.43795539084787
Overall,70,85,ReRZV_2d,2024,1,dC_GP_NonPHN,-7.040281995805037,-7.081165835026695,-8.01142091243911,-5.851646044751026
Overall,70,85,ReRZV_2d,2024,1,dC_GP_PHN,-2.721353761395789,-2.7243759255074114,-3.2405277543701345,-2.1579830085722995
Overall,70,85,ReRZV_2d,2024,1,dC_GP,-9.761635757200827,-9.816749348038114,-11.155650495625267,-8.039657776109463
Overall,70,85,ReRZV_2d,2024,1,dC_Med,-23.245453095662505,-23.370939041729834,-28.208486957667674,-17.791259777605845
Overall,70,85,ReRZV_2d,2024,1,dC_VacZVL,110,110,110,110
Overall,70,85,ReRZV_2d,2024,1,dC_VacRZV,106.23529483960075,106.23531137970403,106.23467700316867,106.23586074384045
Overall,70,85,ReRZV_2d,2024,1,dC_Vac,216.23529483960075,216.23531137970403,216.23467700316868,216.23586074384042
Overall,70,85,ReRZV_2d,2024,1,dC_All,192.98984174393826,192.86452709412134,188.02698469392965,198.44385591488054
Overall,70,85,ReRZV_2d,2024,1,dC_Hosp_d,-10.612750756010326,-10.616040763574247,-13.595313925737504,-7.609350464483436
Overall,70,85,ReRZV_2d,2024,1,dC_GP_NonPHN_d,-6.093158223202153,-6.121199386264699,-6.879571457412553,-5.165294392292635
Overall,70,85,ReRZV_2d,2024,1,dC_GP_PHN_d,-2.3178796970486397,-2.3171135282635693,-2.743126352240213,-1.8711480819028605
Overall,70,85,ReRZV_2d,2024,1,dC_GP_d,-8.411037920250791,-8.444152114711077,-9.529126381780882,-7.036635435696169
Overall,70,85,ReRZV_2d,2024,1,dC_Med_d,-19.02378867626112,-19.115694863900003,-22.844140126276237,-14.890374813536852
Overall,70,85,ReRZV_2d,2024,1,dC_VacZVL_d,110,110,110,110
Overall,70,85,ReRZV_2d,2024,1,dC_VacRZV_d,84.9724604519922,84.97247368161871,84.97196627459222,84.97291309134997
Overall,70,85,ReRZV_2d,2024,1,dC_Vac_d,194.97246045199222,194.9724736816187,194.97196627459223,194.97291309134997
Overall,70,85,ReRZV_2d,2024,1,dC_All_d,175.9486717757311,175.85650280741996,172.12873143325314,180.08226461381415
Overall,70,85,ReRZV_2d,2024,1,dN_VacZVL,1,1,1,1
Overall,70,85,ReRZV_2d,2024,1,dN_VacRZV,1.2498269981129502,1.2498271927024005,1.2498197294490432,1.2498336558098875
Overall,70,85,ReRZV_2d,2024,1,dN_VacZVL_d,1,1,1,1
Overall,70,85,ReRZV_2d,2024,1,dN_VacRZV_d,0.9996760053175554,0.99967616096022,0.9996701914657908,0.9996813304864701
Overall,70,85,ReRZV_2d,2024,1,ICER,22573.31866236694,22276.166494674602,18395.199942448628,28356.236183169498
Overall,70,85,ReRZV_2d,2024,1,Price0,85,85,84.99999999999999,85.00000000000001
Overall,70,85,ReRZV_2d,2024,1,Thres20,176.71727465156675,177.01136980823293,142.1006715209861,210.06748078087804
Overall,70,85,ReRZV_2d,2024,1,Thres30,255.560935306733,256.0090989277101,205.46091879453476,304.0252531201349
Overall,70,85,ReRZV_2d,2024,1,Thres20_50,NA,177.01136980823293,NA,NA
Overall,70,85,ReRZV_2d,2024,1,Thres30_90,NA,223.36650471341108,NA,NA
Overall,70,85,ReRZV_2d,2024,1,Thres,NA,177.01136980823293,NA,NA
Overall,70,86,ReRZV_1d,2024,1,N0,1,1,1,1
Overall,70,86,ReRZV_1d,2024,1,dYear_Life,3.4223294795133796e-4,3.417536753129724e-4,2.277072530797675e-4,4.535067069022068e-4
Overall,70,86,ReRZV_1d,2024,1,dYear_Immunised,6.53419396067178,6.558648815555351,5.329990568371368,7.618791469304215
Overall,70,86,ReRZV_1d,2024,1,dRisk_HZ,-0.05700356627257396,-0.05718645109506272,-0.06691894899070289,-0.04580882679379119
Overall,70,86,ReRZV_1d,2024,1,dRisk_Hosp,-0.0026392136224768427,-0.002629126075806369,-0.003567682692392354,-0.0017419542801781977
Overall,70,86,ReRZV_1d,2024,1,dRisk_PHN,-0.004457132440672669,-0.0044634467488444355,-0.005423707276872249,-0.003426972705410802
Overall,70,86,ReRZV_1d,2024,1,dRisk_Death,-6.0064426087780794e-5,-6.008072710466452e-5,-8.387399153161377e-5,-3.488081013261352e-5
Overall,70,86,ReRZV_1d,2024,1,dQ_Life,2.3324408092858918e-4,2.3304173600635636e-4,1.5728324062433963e-4,3.0855760627694905e-4
Overall,70,86,ReRZV_1d,2024,1,dQ_HZ,0.008081438321645859,0.00807573051090852,0.006200352730250053,0.009998402824114527
Overall,70,86,ReRZV_1d,2024,1,dQ_HZ_Norm,0.00263184584750571,0.0026295189117955236,0.0020737701980199836,0.0032269971373705664
Overall,70,86,ReRZV_1d,2024,1,dQ_All,0.008309755587789364,0.008310265520262483,0.006375513096584262,0.01028270128763173
Overall,70,86,ReRZV_1d,2024,1,dQ_HZ_d,0.0069558922943426795,0.0069522875106810805,0.005466151661533753,0.00847429688308629
Overall,70,86,ReRZV_1d,2024,1,dQ_HZ_Norm_d,0.002298615850881141,0.0022958532921658276,0.00184939005601935,0.0027762759791552603
Overall,70,86,ReRZV_1d,2024,1,dQ_Life_d,1.7363150431049147e-4,1.7342158301936195e-4,1.1890043707416532e-4,2.2752406594848119e-4
Overall,70,86,ReRZV_1d,2024,1,dQ_All_d,0.007129523798653198,0.007127962868615612,0.005585031102120519,0.008695322187954302
Overall,70,86,ReRZV_1d,2024,1,dC_Hosp,-11.489641417655521,-11.482542708996824,-15.77876193618747,-7.400811812197286
Overall,70,86,ReRZV_1d,2024,1,dC_GP_NonPHN,-6.385654429486826,-6.401816775512365,-7.454352378803218,-5.192304418327073
Overall,70,86,ReRZV_1d,2024,1,dC_GP_PHN,-2.427029996159597,-2.4223868406025284,-2.9707520852120584,-1.869809916090833
Overall,70,86,ReRZV_1d,2024,1,dC_GP,-8.812684425646424,-8.840710207244955,-10.406393603501735,-7.071000483722327
Overall,70,86,ReRZV_1d,2024,1,dC_Med,-20.302325843301947,-20.362306628432908,-25.87035876113822,-14.675528914101776
Overall,70,86,ReRZV_1d,2024,1,dC_VacZVL,110,110,110,110
Overall,70,86,ReRZV_1d,2024,1,dC_VacRZV,49.353438656272864,49.353450692235924,49.3530874448151,49.35377199340993
Overall,70,86,ReRZV_1d,2024,1,dC_Vac,159.35343865627286,159.35345069223592,159.3530874448151,159.35377199340994
Overall,70,86,ReRZV_1d,2024,1,dC_All,139.05111281297093,138.9911885988153,133.48271621784053,144.67772603812116
Overall,70,86,ReRZV_1d,2024,1,dC_Hosp_d,-9.075446131716838,-9.05279710212216,-12.29540779393474,-6.038565529667702
Overall,70,86,ReRZV_1d,2024,1,dC_GP_NonPHN_d,-5.582672652892303,-5.5940237770823495,-6.4441436536236685,-4.646899223808365
Overall,70,86,ReRZV_1d,2024,1,dC_GP_PHN_d,-2.0879557398717115,-2.082624522771652,-2.5256985536298835,-1.6447658158969989
Overall,70,86,ReRZV_1d,2024,1,dC_GP_d,-7.670628392764015,-7.685491341485688,-8.92611941042621,-6.3161602827497925
Overall,70,86,ReRZV_1d,2024,1,dC_Med_d,-16.746074524480854,-16.758680116197,-21.016434781552864,-12.490945464888298
Overall,70,86,ReRZV_1d,2024,1,dC_VacZVL_d,110,110,110,110
Overall,70,86,ReRZV_1d,2024,1,dC_VacRZV_d,38.892041558319136,38.892051043031614,38.891764792789054,38.8923042383297
Overall,70,86,ReRZV_1d,2024,1,dC_Vac_d,148.89204155831914,148.89205104303161,148.89176479278908,148.8923042383297
Overall,70,86,ReRZV_1d,2024,1,dC_All_d,132.14596703383828,132.1331932418029,127.87596959152646,136.40085633881625
Overall,70,86,ReRZV_1d,2024,1,dN_VacZVL,1,1,1,1
Overall,70,86,ReRZV_1d,2024,1,dN_VacRZV,0.5806286900737984,0.5806288316733638,0.5806245581742953,0.5806326116871756
Overall,70,86,ReRZV_1d,2024,1,dN_VacZVL_d,1,1,1,1
Overall,70,86,ReRZV_1d,2024,1,dN_VacRZV_d,0.4575534300978722,0.4575535416827249,0.45755017403281234,0.45755652045093764
Overall,70,86,ReRZV_1d,2024,1,ICER,18806.902058852385,18562.546735581116,14814.471970699617,24250.14772059979
Overall,70,86,ReRZV_1d,2024,1,Price0,85,85,84.99999999999999,85.00000000000001
Overall,70,86,ReRZV_1d,2024,1,Thres20,348.2359186367997,347.7784794557216,273.1783721183138,423.9571637947434
Overall,70,86,ReRZV_1d,2024,1,Thres30,504.0542956448058,503.5837339909481,395.4917750252442,614.2912679579564
Overall,70,86,ReRZV_1d,2024,1,Thres20_50,NA,347.7784794557216,NA,NA
Overall,70,86,ReRZV_1d,2024,1,Thres30_90,NA,432.8179317383523,NA,NA
Overall,70,86,ReRZV_1d,2024,1,Thres,NA,347.7784794557216,NA,NA
Overall,70,86,ReRZV_2d,2024,1,N0,1,1,1,1
Overall,70,86,ReRZV_2d,2024,1,dYear_Life,3.740796661997976e-4,3.76284547495942e-4,2.7193938543028655e-4,4.649363402505102e-4
Overall,70,86,ReRZV_2d,2024,1,dYear_Immunised,6.844982187594118,6.8720101152189965,5.7758866050763435,7.7147568395388415
Overall,70,86,ReRZV_2d,2024,1,dRisk_HZ,-0.05989327227045702,-0.060201293363047866,-0.06802177708237364,-0.050087736255536634
Overall,70,86,ReRZV_2d,2024,1,dRisk_Hosp,-0.0028952270480524372,-0.0028947371378585485,-0.0036831136438392354,-0.0020809781519929346
Overall,70,86,ReRZV_2d,2024,1,dRisk_PHN,-0.004710561778922031,-0.004720437794365182,-0.0055479569096969755,-0.003785143801996767
Overall,70,86,ReRZV_2d,2024,1,dRisk_Death,-6.715020520497529e-5,-6.774325784734367e-5,-8.641737184673127e-5,-4.489103916868321e-5
Overall,70,86,ReRZV_2d,2024,1,dQ_Life,2.543671459115773e-4,2.5574038254738696e-4,1.860267182316022e-4,3.149269390505971e-4
Overall,70,86,ReRZV_2d,2024,1,dQ_HZ,0.008533823051481516,0.00853769356466094,0.006769653821583289,0.010250052966997006
Overall,70,86,ReRZV_2d,2024,1,dQ_HZ_Norm,0.002759199015251637,0.0027594436666145555,0.00223155041219883,0.003301358147031215
Overall,70,86,ReRZV_2d,2024,1,dQ_All,0.008782584027555652,0.008790614335377533,0.006987301513622413,0.010521743805349315
Overall,70,86,ReRZV_2d,2024,1,dQ_HZ_d,0.007293549049997088,0.007296127845441663,0.005879334049405981,0.008681131269425133
Overall,70,86,ReRZV_2d,2024,1,dQ_HZ_Norm_d,0.0023938252897654855,0.0023954540060824613,0.001960907975389085,0.002842706646221309
Overall,70,86,ReRZV_2d,2024,1,dQ_Life_d,1.8853503569521557e-4,1.893988274117575e-4,1.4052866484677297e-4,2.3235579111751113e-4
Overall,70,86,ReRZV_2d,2024,1,dQ_All_d,0.00748208408569231,0.007487213438113649,0.006032802449757835,0.008887701666838454
Overall,70,86,ReRZV_2d,2024,1,dC_Hosp,-12.663518967173209,-12.651320684809662,-16.24370775213991,-8.907203858420694
Overall,70,86,ReRZV_2d,2024,1,dC_GP_NonPHN,-6.690639567871655,-6.718706944124306,-7.58550089612388,-5.641434537511978
Overall,70,86,ReRZV_2d,2024,1,dC_GP_PHN,-2.5591580668146277,-2.5584379071296515,-3.0416168887017823,-2.0531934975470993
Overall,70,86,ReRZV_2d,2024,1,dC_GP,-9.249797634686283,-9.288506416040535,-10.551957895491443,-7.709053473433984
Overall,70,86,ReRZV_2d,2024,1,dC_Med,-21.913316601859492,-22.008232825712845,-26.44919780489894,-16.92953503810583
Overall,70,86,ReRZV_2d,2024,1,dC_VacZVL,110,110,110,110
Overall,70,86,ReRZV_2d,2024,1,dC_VacRZV,98.70687731254573,98.70690138447185,98.7061748896302,98.70754398681986
Overall,70,86,ReRZV_2d,2024,1,dC_Vac,208.70687731254574,208.70690138447185,208.70617488963018,208.70754398681984
Overall,70,86,ReRZV_2d,2024,1,dC_All,186.79356071068625,186.69826475152004,182.25799397420286,191.77793141177088
Overall,70,86,ReRZV_2d,2024,1,dC_Hosp_d,-9.944798451504369,-9.937127880058853,-12.708068690814297,-7.134289158874892
Overall,70,86,ReRZV_2d,2024,1,dC_GP_NonPHN_d,-5.810803658959316,-5.832624418750839,-6.539995609130489,-4.983801262211566
Overall,70,86,ReRZV_2d,2024,1,dC_GP_PHN_d,-2.1870129452905482,-2.1848495158590078,-2.5850743600297497,-1.7798508521827532
Overall,70,86,ReRZV_2d,2024,1,dC_GP_d,-7.997816604249865,-8.017684982428825,-9.055808729704074,-6.779109207376208
Overall,70,86,ReRZV_2d,2024,1,dC_Med_d,-17.94261505575423,-17.990688382056895,-21.49622868143451,-14.198114620537925
Overall,70,86,ReRZV_2d,2024,1,dC_VacZVL_d,110,110,110,110
Overall,70,86,ReRZV_2d,2024,1,dC_VacRZV_d,77.78408311663827,77.78410208606323,77.78352958557811,77.7846084766594
Overall,70,86,ReRZV_2d,2024,1,dC_Vac_d,187.78408311663827,187.78410208606323,187.78352958557812,187.7846084766594
Overall,70,86,ReRZV_2d,2024,1,dC_All_d,169.84146806088404,169.7930337674185,166.28793981177458,173.58581200810374
Overall,70,86,ReRZV_2d,2024,1,dN_VacZVL,1,1,1,1
Overall,70,86,ReRZV_2d,2024,1,dN_VacRZV,1.1612573801475967,1.1612576633467275,1.1612491163485905,1.1612652233743512
Overall,70,86,ReRZV_2d,2024,1,dN_VacZVL_d,1,1,1,1
Overall,70,86,ReRZV_2d,2024,1,dN_VacRZV_d,0.9151068601957444,0.9151070833654498,0.9151003480656247,0.9151130409018753
Overall,70,86,ReRZV_2d,2024,1,ICER,22938.790778662194,22671.0224513793,18840.93190140161,28540.87526746902
Overall,70,86,ReRZV_2d,2024,1,Price0,85,85,84.99999999999999,85.00000000000001
Overall,70,86,ReRZV_2d,2024,1,Thres20,183.13083684531844,183.2865197506378,148.8182000302258,216.36626889460504
Overall,70,86,ReRZV_2d,2024,1,Thres30,264.89269320947625,265.1678756697286,214.8423433170959,313.8650410802147
Overall,70,86,ReRZV_2d,2024,1,Thres20_50,NA,183.2865197506378,NA,NA
Overall,70,86,ReRZV_2d,2024,1,Thres30_90,NA,232.6900670579222,NA,NA
Overall,70,86,ReRZV_2d,2024,1,Thres,NA,183.2865197506378,NA,NA
Overall,70,87,ReRZV_1d,2024,1,N0,1,1,1,1
Overall,70,87,ReRZV_1d,2024,1,dYear_Life,3.17250647639538e-4,0.00031666043111933107,2.1527345104281894e-4,4.1675072898810216e-4
Overall,70,87,ReRZV_1d,2024,1,dYear_Immunised,6.264348991741496,6.278898493580309,5.19531464881794,7.2481528961341875
Overall,70,87,ReRZV_1d,2024,1,dRisk_HZ,-0.054405965262708,-0.054555342610104786,-0.06342686130084722,-0.04441582676242792
Overall,70,87,ReRZV_1d,2024,1,dRisk_Hosp,-0.0024680523332741328,-0.0024527417674090127,-0.0033414714352415146,-0.0016614828123316487
Overall,70,87,ReRZV_1d,2024,1,dRisk_PHN,-0.004215676272187481,-0.004212162473404371,-0.005103171152100381,-0.0033068464834454486
Overall,70,87,ReRZV_1d,2024,1,dRisk_Death,-5.625803090556564e-5,-5.633036966273786e-5,-7.813824470571975e-5,-3.319791399759897e-5
Overall,70,87,ReRZV_1d,2024,1,dQ_Life,2.1609857440736224e-4,2.1538162969303443e-4,1.4859266283298033e-4,2.826321751373317e-4
Overall,70,87,ReRZV_1d,2024,1,dQ_HZ,0.0076909448835634124,0.007677340502206026,0.00599512725640763,0.009446847816818791
Overall,70,87,ReRZV_1d,2024,1,dQ_HZ_Norm,0.0025161519025033007,0.002515681329804999,0.001999250897056102,0.0030653536845015247
Overall,70,87,ReRZV_1d,2024,1,dQ_All,0.007902210864006465,0.007893966358951232,0.006150375471406777,0.009708621776710566
Overall,70,87,ReRZV_1d,2024,1,dQ_HZ_d,0.006645259674166774,0.0066336898110735,0.0052807793551126175,0.008040781213740732
Overall,70,87,ReRZV_1d,2024,1,dQ_HZ_Norm_d,0.002206650221576908,0.0022067220917551013,0.0017892336090998293,0.002651812299550138
Overall,70,87,ReRZV_1d,2024,1,dQ_Life_d,1.610072245316747e-4,1.6054716297375649e-4,1.1306036818625742e-4,2.0792126250053215e-4
Overall,70,87,ReRZV_1d,2024,1,dQ_All_d,0.0068062668986984065,0.006793133147787955,0.005422358795396542,0.008225858065728398
Overall,70,87,ReRZV_1d,2024,1,dC_Hosp,-10.74446666601068,-10.67629611930808,-14.722059666591795,-7.073296669225261
Overall,70,87,ReRZV_1d,2024,1,dC_GP_NonPHN,-6.104599921290785,-6.1139337475117355,-7.094504468066439,-5.0378317165039075
Overall,70,87,ReRZV_1d,2024,1,dC_GP_PHN,-2.2975283273346356,-2.2951112209504108,-2.7982878447397064,-1.7928268146253616
Overall,70,87,ReRZV_1d,2024,1,dC_GP,-8.402128248625422,-8.41987596742496,-9.86521245737702,-6.860479152714995
Overall,70,87,ReRZV_1d,2024,1,dC_Med,-19.1465949146361,-19.149286102802524,-24.27201732353634,-14.034537708538023
Overall,70,87,ReRZV_1d,2024,1,dC_VacZVL,110,110,110,110
Overall,70,87,ReRZV_1d,2024,1,dC_VacRZV,45.40721775454493,45.4072275814723,45.40681396558727,45.40760402863402
Overall,70,87,ReRZV_1d,2024,1,dC_Vac,155.40721775454494,155.4072275814723,155.40681396558728,155.407604028634
Overall,70,87,ReRZV_1d,2024,1,dC_All,136.26062283990882,136.25755366061816,131.13511791229814,141.3728987399369
Overall,70,87,ReRZV_1d,2024,1,dC_Hosp_d,-8.479631764741475,-8.418595295910745,-11.488775846667425,-5.742719252519205
Overall,70,87,ReRZV_1d,2024,1,dC_GP_NonPHN_d,-5.359309462817719,-5.36686390214559,-6.147689957127618,-4.540121162548094
Overall,70,87,ReRZV_1d,2024,1,dC_GP_PHN_d,-1.9851184595643845,-1.9829951758640338,-2.3863779723263323,-1.5821603866324652
Overall,70,87,ReRZV_1d,2024,1,dC_GP_d,-7.344427922382104,-7.354702605955929,-8.508466639779705,-6.1204937886506166
Overall,70,87,ReRZV_1d,2024,1,dC_Med_d,-15.824059687123578,-15.806402260871177,-19.785999847530476,-11.974995709251871
Overall,70,87,ReRZV_1d,2024,1,dC_VacZVL_d,110,110,110,110
Overall,70,87,ReRZV_1d,2024,1,dC_VacRZV_d,35.2534945810287,35.25350221051026,35.253181085233656,35.25379447853795
Overall,70,87,ReRZV_1d,2024,1,dC_Vac_d,145.2534945810287,145.25350221051028,145.25318108523362,145.25379447853794
Overall,70,87,ReRZV_1d,2024,1,dC_All_d,129.42943489390512,129.44718056877946,125.46744818893407,133.27850321713603
Overall,70,87,ReRZV_1d,2024,1,dN_VacZVL,1,1,1,1
Overall,70,87,ReRZV_1d,2024,1,dN_VacRZV,0.5342025618181757,0.5342026774290859,0.5341978113598502,0.5342071062192238
Overall,70,87,ReRZV_1d,2024,1,dN_VacZVL_d,1,1,1,1
Overall,70,87,ReRZV_1d,2024,1,dN_VacRZV_d,0.4147469950709259,0.4147470848295325,0.4147433068851018,0.414750523276917
Overall,70,87,ReRZV_1d,2024,1,ICER,19269.08715170888,19031.252657622557,15328.364592849368,24425.465608301194
Overall,70,87,ReRZV_1d,2024,1,Price0,85,85,84.99999999999999,85.00000000000001
Overall,70,87,ReRZV_1d,2024,1,Thres20,366.36644584664924,366.0992938634537,292.1929281764679,443.09056666339416
Overall,70,87,ReRZV_1d,2024,1,Thres30,530.4729083812559,530.0092892332357,423.1049324350344,641.3244270943735
Overall,70,87,ReRZV_1d,2024,1,Thres20_50,NA,366.0992938634537,NA,NA
Overall,70,87,ReRZV_1d,2024,1,Thres30_90,NA,458.51176895861505,NA,NA
Overall,70,87,ReRZV_1d,2024,1,Thres,NA,366.0992938634537,NA,NA
Overall,70,87,ReRZV_2d,2024,1,N0,1,1,1,1
Overall,70,87,ReRZV_2d,2024,1,dYear_Life,3.44818985895893e-4,3.462122570603299e-4,2.529523102252185e-4,4.278120239873395e-4
Overall,70,87,ReRZV_2d,2024,1,dYear_Immunised,6.529094168569081,6.553176045748698,5.581684673387249,7.3537891044774595
Overall,70,87,ReRZV_2d,2024,1,dRisk_HZ,-0.056852632611374146,-0.05702775144485774,-0.06446404854596621,-0.048092498720521355
Overall,70,87,ReRZV_2d,2024,1,dRisk_Hosp,-0.0026944189117618102,-0.00268959640464943,-0.0034358794740516124,-0.0019657390410379237
Overall,70,87,ReRZV_2d,2024,1,dRisk_PHN,-0.004428071851014028,-0.004432666314387506,-0.005225901378880604,-0.003592458985017628
Overall,70,87,ReRZV_2d,2024,1,dRisk_Death,-6.267948648336766e-5,-6.311567943653554e-5,-8.050708711274365e-5,-4.192938902855193e-5
Overall,70,87,ReRZV_2d,2024,1,dQ_Life,2.342894532914066e-4,2.3489909696117195e-4,1.7338132962190221e-4,2.894212021799625e-4
Overall,70,87,ReRZV_2d,2024,1,dQ_HZ,0.008076672725371672,0.008073888433404435,0.006461127302367219,0.009676182454006607
Overall,70,87,ReRZV_2d,2024,1,dQ_HZ_Norm,0.002623783175204062,0.002621201766835226,0.00213509991692445,0.0031323065947287
Overall,70,87,ReRZV_2d,2024,1,dQ_All,0.008305469428355314,0.008304990743410734,0.006666361068339866,0.009941172911222118
Overall,70,87,ReRZV_2d,2024,1,dQ_HZ_d,0.006930016856142465,0.006924417123031972,0.005618236665959616,0.00823560938857447
Overall,70,87,ReRZV_2d,2024,1,dQ_HZ_Norm_d,0.002286216489442382,0.002283673039854355,0.0018830042508273085,0.002706881878318139
Overall,70,87,ReRZV_2d,2024,1,dQ_Life_d,1.7375545367807988e-4,1.7411242860276843e-4,1.3054249257247186e-4,2.1324180209054687e-4
Overall,70,87,ReRZV_2d,2024,1,dQ_All_d,0.007103772309820519,0.007095432926458756,0.005765866201232495,0.00843103543037369
Overall,70,87,ReRZV_2d,2024,1,dC_Hosp,-11.788961015295357,-11.797477876109607,-15.164873782636208,-8.426127870973813
Overall,70,87,ReRZV_2d,2024,1,dC_GP_NonPHN,-6.361690659293776,-6.374460620215201,-7.196295912896953,-5.413854632853701
Overall,70,87,ReRZV_2d,2024,1,dC_GP_PHN,-2.4076757365461026,-2.4064372872045383,-2.856944623894826,-1.9447120200003805
Overall,70,87,ReRZV_2d,2024,1,dC_GP,-8.76936639583988,-8.787367618058738,-9.988617130150045,-7.372986101187152
Overall,70,87,ReRZV_2d,2024,1,dC_Med,-20.558327411135235,-20.590209270054608,-24.873124165950067,-16.021150877333028
Overall,70,87,ReRZV_2d,2024,1,dC_VacZVL,110,110,110,110
Overall,70,87,ReRZV_2d,2024,1,dC_VacRZV,90.81443550908986,90.8144551629446,90.81362793117454,90.81520805726804
Overall,70,87,ReRZV_2d,2024,1,dC_Vac,200.81443550908986,200.81445516294463,200.81362793117455,200.81520805726805
Overall,70,87,ReRZV_2d,2024,1,dC_All,180.25610809795464,180.22407368212038,175.94134582434347,184.79344969848714
Overall,70,87,ReRZV_2d,2024,1,dC_Hosp_d,-9.245927623400409,-9.238038691092315,-11.813650516538809,-6.744212053963237
Overall,70,87,ReRZV_2d,2024,1,dC_GP_NonPHN_d,-5.549457173309519,-5.553856213492858,-6.237286430102728,-4.800100916483291
Overall,70,87,ReRZV_2d,2024,1,dC_GP_PHN_d,-2.066754068679267,-2.0640070708276568,-2.442300799060406,-1.6902667512703895
Overall,70,87,ReRZV_2d,2024,1,dC_GP_d,-7.616211241988786,-7.621210513583722,-8.612841599190363,-6.514473081260246
Overall,70,87,ReRZV_2d,2024,1,dC_Med_d,-16.862138865389195,-16.867702464743882,-20.163925663325426,-13.462579670540077
Overall,70,87,ReRZV_2d,2024,1,dC_VacZVL_d,110,110,110,110
Overall,70,87,ReRZV_2d,2024,1,dC_VacRZV_d,70.5069891620574,70.50700442102053,70.50636217046731,70.5075889570759
Overall,70,87,ReRZV_2d,2024,1,dC_Vac_d,180.5069891620574,180.50700442102055,180.5063621704673,180.50758895707588
Overall,70,87,ReRZV_2d,2024,1,dC_All_d,163.6448502966682,163.63914095558252,160.3427063133476,167.04387237485813
Overall,70,87,ReRZV_2d,2024,1,dN_VacZVL,1,1,1,1
Overall,70,87,ReRZV_2d,2024,1,dN_VacRZV,1.0684051236363514,1.0684053548581718,1.0683956227197005,1.0684142124384477
Overall,70,87,ReRZV_2d,2024,1,dN_VacZVL_d,1,1,1,1
Overall,70,87,ReRZV_2d,2024,1,dN_VacRZV_d,0.8294939901418518,0.829494169659065,0.8294866137702036,0.829501046553834
Overall,70,87,ReRZV_2d,2024,1,ICER,23267.483314122586,23040.783851798733,19147.67311774805,28734.487757821524
Overall,70,87,ReRZV_2d,2024,1,Price0,85,85,84.99999999999999,85.00000000000001
Overall,70,87,ReRZV_2d,2024,1,Thres20,191.60786159901687,191.52393570943332,156.7463406710879,226.32970569714806
Overall,70,87,ReRZV_2d,2024,1,Thres30,277.2476818615093,277.0620240243584,226.34320036088556,327.97565936503446
Overall,70,87,ReRZV_2d,2024,1,Thres20_50,NA,191.52393570943332,NA,NA
Overall,70,87,ReRZV_2d,2024,1,Thres30_90,NA,244.59608697702322,NA,NA
Overall,70,87,ReRZV_2d,2024,1,Thres,NA,191.52393570943332,NA,NA
Overall,70,88,ReRZV_1d,2024,1,N0,1,1,1,1
Overall,70,88,ReRZV_1d,2024,1,dYear_Life,2.9075646899799954e-4,2.8996850673657093e-4,2.0150397618623472e-4,3.7724606679372384e-4
Overall,70,88,ReRZV_1d,2024,1,dYear_Immunised,6.011230968433563,6.023638321277771,5.071495094415988,6.919594064714997
Overall,70,88,ReRZV_1d,2024,1,dRisk_HZ,-0.05198253346994132,-0.05208773555300674,-0.06012653838355582,-0.043022004065166555
Overall,70,88,ReRZV_1d,2024,1,dRisk_Hosp,-0.002292411988602052,-0.0022806921712198256,-0.003065309288875605,-0.0015649150640397328
Overall,70,88,ReRZV_1d,2024,1,dRisk_PHN,-0.003994614921500989,-0.003982036398637396,-0.004817856551172503,-0.0031572524320820387
Overall,70,88,ReRZV_1d,2024,1,dRisk_Death,-5.183241428869019e-5,-5.181832710352089e-5,-7.159950526675598e-5,-3.161970160396395e-5
Overall,70,88,ReRZV_1d,2024,1,dQ_Life,1.9804767036756132e-4,1.97514187170178e-4,1.3922139888946638e-4,2.560564371953511e-4
Overall,70,88,ReRZV_1d,2024,1,dQ_HZ,0.007322108420863852,0.007304462669942879,0.005765142366406492,0.008932098283913009
Overall,70,88,ReRZV_1d,2024,1,dQ_HZ_Norm,0.002408537473081249,0.00240873448190888,0.0019401050140154315,0.002913278021684464
Overall,70,88,ReRZV_1d,2024,1,dQ_All,0.0075154659815919065,0.0074993083791472515,0.005912973538692867,0.00917428448146076
Overall,70,88,ReRZV_1d,2024,1,dQ_HZ_d,0.006356619933231602,0.006341879548176989,0.005082979616476218,0.00765764763302436
Overall,70,88,ReRZV_1d,2024,1,dQ_HZ_Norm_d,0.0021224811429384188,0.0021201987035989506,0.0017364023593303515,0.0025357877498927623
Overall,70,88,ReRZV_1d,2024,1,dQ_Life_d,1.4788577419291382e-4,1.475271971829173e-4,1.0648945238762586e-4,1.8963602823505177e-4
Overall,70,88,ReRZV_1d,2024,1,dQ_All_d,0.006504505707424507,0.006486646766406423,0.005203367338254017,0.007823640242695796
Overall,70,88,ReRZV_1d,2024,1,dC_Hosp,-9.969044854334975,-9.8983101216289,-13.574649015469818,-6.67062855914227
Overall,70,88,ReRZV_1d,2024,1,dC_GP_NonPHN,-5.843729436889312,-5.853632337027917,-6.752604589007717,-4.888639156944407
Overall,70,88,ReRZV_1d,2024,1,dC_GP_PHN,-2.1797429997615816,-2.175986320464981,-2.6373773298477308,-1.7248747904154629
Overall,70,88,ReRZV_1d,2024,1,dC_GP,-8.023472436650893,-8.033938968908858,-9.363209238767181,-6.630208043970002
Overall,70,88,ReRZV_1d,2024,1,dC_Med,-17.99251729098587,-17.960717858702544,-22.59508188010532,-13.424969893553179
Overall,70,88,ReRZV_1d,2024,1,dC_VacZVL,110,110,110,110
Overall,70,88,ReRZV_1d,2024,1,dC_VacRZV,41.3161241401923,41.31613172851827,41.315662702603085,41.31655663041779
Overall,70,88,ReRZV_1d,2024,1,dC_Vac,151.3161241401923,151.31613172851826,151.31566270260308,151.31655663041778
Overall,70,88,ReRZV_1d,2024,1,dC_All,133.32360684920644,133.35555359944468,128.72106360809445,137.8912684483827
Overall,70,88,ReRZV_1d,2024,1,dC_Hosp_d,-7.87069769746971,-7.808637525988899,-10.61759182109738,-5.400177877911358
Overall,70,88,ReRZV_1d,2024,1,dC_GP_NonPHN_d,-5.1553113102529755,-5.157753589517488,-5.89393413958537,-4.383915792265279
Overall,70,88,ReRZV_1d,2024,1,dC_GP_PHN_d,-1.8930678525933804,-1.8873846154123786,-2.2671450264438833,-1.5212499168434541
Overall,70,88,ReRZV_1d,2024,1,dC_GP_d,-7.048379162846356,-7.044598643964025,-8.11460899102554,-5.957865306044986
Overall,70,88,ReRZV_1d,2024,1,dC_Med_d,-14.919076860316066,-14.901366945345456,-18.406363158638438,-11.468297347280437
Overall,70,88,ReRZV_1d,2024,1,dC_VacZVL_d,110,110,110,110
Overall,70,88,ReRZV_1d,2024,1,dC_VacRZV_d,31.603182068839686,31.603187873238145,31.602829109881196,31.603512885624266
Overall,70,88,ReRZV_1d,2024,1,dC_Vac_d,141.6031820688397,141.60318787323814,141.60282910988118,141.60351288562427
Overall,70,88,ReRZV_1d,2024,1,dC_All_d,126.68410520852362,126.70180213259647,123.19703039305323,130.1345354507907
Overall,70,88,ReRZV_1d,2024,1,dN_VacZVL,1,1,1,1
Overall,70,88,ReRZV_1d,2024,1,dN_VacRZV,0.48607204870814474,0.48607213798256793,0.4860666200306245,0.48607713682844467
Overall,70,88,ReRZV_1d,2024,1,dN_VacZVL_d,1,1,1,1
Overall,70,88,ReRZV_1d,2024,1,dN_VacRZV_d,0.37180214198634925,0.37180221027339,0.3717979895280141,0.3718060339485208
Overall,70,88,ReRZV_1d,2024,1,ICER,19713.48763915667,19528.180856377556,15887.28594110899,24764.57792825195
Overall,70,88,ReRZV_1d,2024,1,Price0,85,85,84.99999999999999,85.00000000000001
Overall,70,88,ReRZV_1d,2024,1,Thres20,390.0170414437215,389.1015086450716,313.82994978965746,467.3900339492537
Overall,70,88,ReRZV_1d,2024,1,Thres30,564.9623711950471,563.428224436007,453.79778868946386,677.5265271308266
Overall,70,88,ReRZV_1d,2024,1,Thres20_50,NA,389.1015086450716,NA,NA
Overall,70,88,ReRZV_1d,2024,1,Thres30_90,NA,490.4248657931688,NA,NA
Overall,70,88,ReRZV_1d,2024,1,Thres,NA,389.1015086450716,NA,NA
Overall,70,88,ReRZV_2d,2024,1,N0,1,1,1,1
Overall,70,88,ReRZV_2d,2024,1,dYear_Life,3.1390565937662807e-4,3.14239008659456e-4,2.341894923386434e-4,3.8821119746534904e-4
Overall,70,88,ReRZV_2d,2024,1,dYear_Immunised,6.233726328716397,6.241079978420451,5.381488488750895,7.019121875721784
Overall,70,88,ReRZV_2d,2024,1,dRisk_HZ,-0.05402514423816384,-0.05412309226728683,-0.06134528161531311,-0.04599364288242545
Overall,70,88,ReRZV_2d,2024,1,dRisk_Hosp,-0.0024892444079553325,-0.0024855246742730925,-0.003168457535312812,-0.0018199069309021046
Overall,70,88,ReRZV_2d,2024,1,dRisk_PHN,-0.004170308800222602,-0.004173286636602987,-0.004928346331159322,-0.003389884267492436
Overall,70,88,ReRZV_2d,2024,1,dRisk_Death,-5.750626808985938e-5,-5.788687849898994e-5,-7.37812304063782e-5,-3.888981405925768e-5
Overall,70,88,ReRZV_2d,2024,1,dQ_Life,2.1323078522026063e-4,2.1348418404976144e-4,1.6040217495656426e-4,2.6293878194039166e-4
Overall,70,88,ReRZV_2d,2024,1,dQ_HZ,0.0076463265912480715,0.00763460986313574,0.006131675697369649,0.00913610325958507
Overall,70,88,ReRZV_2d,2024,1,dQ_HZ_Norm,0.00249823372830581,0.002495165514797543,0.0020468174710836762,0.0029724903048413426
Overall,70,88,ReRZV_2d,2024,1,dQ_All,0.007854233489404047,0.00784140847871928,0.006322945770017929,0.009381191660923525
Overall,70,88,ReRZV_2d,2024,1,dQ_HZ_d,0.006593330946760229,0.006579444438232763,0.005359664032668018,0.007813699416278094
Overall,70,88,ReRZV_2d,2024,1,dQ_HZ_Norm_d,0.002188043859876998,0.002182147863694805,0.0018163004747608162,0.002578312013732001
Overall,70,88,ReRZV_2d,2024,1,dQ_Life_d,1.5845012134134518e-4,1.585914016093426e-4,1.2089159801051964e-4,1.9446002545500104e-4
Overall,70,88,ReRZV_2d,2024,1,dQ_All_d,0.006751781068101559,0.006739948692009001,0.005489807781566291,0.007994200437029652
Overall,70,88,ReRZV_2d,2024,1,dC_Hosp,-10.88293256682697,-10.874157367193051,-13.96746544290336,-7.909906001516726
Overall,70,88,ReRZV_2d,2024,1,dC_GP_NonPHN,-6.057342194492274,-6.061473137388498,-6.8484088607476865,-5.192630969646043
Overall,70,88,ReRZV_2d,2024,1,dC_GP_PHN,-2.27035129721094,-2.267410667890376,-2.6909576381810365,-1.8379695121228448
Overall,70,88,ReRZV_2d,2024,1,dC_GP,-8.327693491703215,-8.326492160309392,-9.505559189205306,-7.065046471839685
Overall,70,88,ReRZV_2d,2024,1,dC_Med,-19.210626058530185,-19.241750898723758,-23.129732137387826,-15.126044746799245
Overall,70,88,ReRZV_2d,2024,1,dC_VacZVL,110,110,110,110
Overall,70,88,ReRZV_2d,2024,1,dC_VacRZV,82.6322482803846,82.63226345703654,82.63132540520617,82.63311326083559
Overall,70,88,ReRZV_2d,2024,1,dC_Vac,192.6322482803846,192.63226345703654,192.63132540520616,192.6331132608356
Overall,70,88,ReRZV_2d,2024,1,dC_All,173.42162222185442,173.3906866088341,169.50225209071465,177.50596803408112
Overall,70,88,ReRZV_2d,2024,1,dC_Hosp_d,-8.534710594152077,-8.517873598694724,-10.865825147865156,-6.280441488944045
Overall,70,88,ReRZV_2d,2024,1,dC_GP_NonPHN_d,-5.3115164353151805,-5.310300970182417,-5.9739785364650695,-4.600528225772307
Overall,70,88,ReRZV_2d,2024,1,dC_GP_PHN_d,-1.9594567146974724,-1.9563538288065483,-2.3191812677274237,-1.605472180452423
Overall,70,88,ReRZV_2d,2024,1,dC_GP_d,-7.270973150012653,-7.258728491862973,-8.231089531290959,-6.2568593047958005
Overall,70,88,ReRZV_2d,2024,1,dC_Med_d,-15.80568374416473,-15.81984896648733,-18.814853697196195,-12.729524062887071
Overall,70,88,ReRZV_2d,2024,1,dC_VacZVL_d,110,110,110,110
Overall,70,88,ReRZV_2d,2024,1,dC_VacRZV_d,63.20636413767937,63.20637574647629,63.20565821976239,63.20702577124853
Overall,70,88,ReRZV_2d,2024,1,dC_Vac_d,173.20636413767937,173.20637574647628,173.2056582197624,173.20702577124854
Overall,70,88,ReRZV_2d,2024,1,dC_All_d,157.40068039351465,157.38663777857613,154.39240071304405,160.47686633003198
Overall,70,88,ReRZV_2d,2024,1,dN_VacZVL,1,1,1,1
Overall,70,88,ReRZV_2d,2024,1,dN_VacRZV,0.9721440974162895,0.9721442759651359,0.972133240061249,0.9721542736568893
Overall,70,88,ReRZV_2d,2024,1,dN_VacZVL_d,1,1,1,1
Overall,70,88,ReRZV_2d,2024,1,dN_VacRZV_d,0.7436042839726985,0.74360442054678,0.7435959790560281,0.7436120678970416
Overall,70,88,ReRZV_2d,2024,1,ICER,23537.810423747753,23362.83307508821,19427.757287763197,29001.834686080467
Overall,70,88,ReRZV_2d,2024,1,Price0,85,85,84.99999999999999,85.00000000000001
Overall,70,88,ReRZV_2d,2024,1,Thres20,202.85155490656308,202.50847892155576,166.54428770098838,239.14895759186294
Overall,70,88,ReRZV_2d,2024,1,Thres30,293.6495818834124,293.1828552805101,240.30455554604308,346.9226730587751
Overall,70,88,ReRZV_2d,2024,1,Thres20_50,NA,202.50847892155576,NA,NA
Overall,70,88,ReRZV_2d,2024,1,Thres30_90,NA,259.69704347525294,NA,NA
Overall,70,88,ReRZV_2d,2024,1,Thres,NA,202.50847892155576,NA,NA
Overall,70,89,ReRZV_1d,2024,1,N0,1,1,1,1
Overall,70,89,ReRZV_1d,2024,1,dYear_Life,2.631920185780334e-4,2.626108682122208e-4,1.888503727021984e-4,3.394581815628683e-4
Overall,70,89,ReRZV_1d,2024,1,dYear_Immunised,5.777561377356964,5.785580958543306,4.922389055985386,6.620246412153215
Overall,70,89,ReRZV_1d,2024,1,dRisk_HZ,-0.04975825089493866,-0.04981573226825074,-0.0574781228134629,-0.04156103230226159
Overall,70,89,ReRZV_1d,2024,1,dRisk_Hosp,-0.0021188481277434564,-0.0021032893207947718,-0.002809213419750714,-0.0014704308203666444
Overall,70,89,ReRZV_1d,2024,1,dRisk_PHN,-0.003791416497625388,-0.003785292037162517,-0.004570596777829852,-0.003025711588676207
Overall,70,89,ReRZV_1d,2024,1,dRisk_Death,-4.6805264916568185e-5,-4.6755871214893354e-5,-6.427317961016708e-5,-2.9079397229691967e-5
Overall,70,89,ReRZV_1d,2024,1,dQ_Life,1.7940700025525925e-4,1.7898437663976807e-4,1.3008742772298022e-4,2.2978861823732543e-4
Overall,70,89,ReRZV_1d,2024,1,dQ_HZ,0.006979461687617435,0.006967060079894096,0.005531364141054397,0.008477569149071813
Overall,70,89,ReRZV_1d,2024,1,dQ_HZ_Norm,0.002309977467727348,0.002305377694880687,0.0018758695606943942,0.0027829459474746
Overall,70,89,ReRZV_1d,2024,1,dQ_All,0.007154380755834309,0.007138356773779719,0.005667698860894621,0.008675467678386315
Overall,70,89,ReRZV_1d,2024,1,dQ_HZ_d,0.006092771904450285,0.0060790063342290495,0.004916429923092077,0.007312833128039934
Overall,70,89,ReRZV_1d,2024,1,dQ_HZ_Norm_d,0.002046618585759662,0.0020440620328854727,0.0016919425158541718,0.002434368369086904
Overall,70,89,ReRZV_1d,2024,1,dQ_Life_d,1.3450362164738915e-4,1.339621815761305e-4,9.935039255357657e-5,1.7140793625922688e-4
Overall,70,89,ReRZV_1d,2024,1,dQ_All_d,0.006227275526097674,0.006219697526424817,0.005023601994583737,0.007477538609441714
Overall,70,89,ReRZV_1d,2024,1,dC_Hosp,-9.191941250689025,-9.110465938773512,-12.41692248827521,-6.2484701545904064
Overall,70,89,ReRZV_1d,2024,1,dC_GP_NonPHN,-5.605737320449745,-5.6051681934089626,-6.450436702559915,-4.720190266649493
Overall,70,89,ReRZV_1d,2024,1,dC_GP_PHN,-2.072118823180498,-2.0692777262328224,-2.4971056874472146,-1.6529854403758368
Overall,70,89,ReRZV_1d,2024,1,dC_GP,-7.677856143630244,-7.665788770943934,-8.904698146358374,-6.423465398067504
Overall,70,89,ReRZV_1d,2024,1,dC_Med,-16.86979739431927,-16.84116749676945,-21.022637019395315,-12.776367315066187
Overall,70,89,ReRZV_1d,2024,1,dC_VacZVL,110,110,110,110
Overall,70,89,ReRZV_1d,2024,1,dC_VacRZV,37.13471103356716,37.13471721544104,37.134195592103836,37.13520107558907
Overall,70,89,ReRZV_1d,2024,1,dC_Vac,147.13471103356716,147.13471721544104,147.13419559210388,147.1352010755891
Overall,70,89,ReRZV_1d,2024,1,dC_All,130.26491363924788,130.29345488779472,126.1121309968474,134.35809998080418
Overall,70,89,ReRZV_1d,2024,1,dC_Hosp_d,-7.270844221323888,-7.231172188146584,-9.656011313562251,-5.080190677732504
Overall,70,89,ReRZV_1d,2024,1,dC_GP_NonPHN_d,-4.972153779103447,-4.967784719595023,-5.6650243140489955,-4.257679602984153
Overall,70,89,ReRZV_1d,2024,1,dC_GP_PHN_d,-1.8102897711039927,-1.807048531891004,-2.1697642662878964,-1.4645495173649847
Overall,70,89,ReRZV_1d,2024,1,dC_GP_d,-6.782443550207439,-6.766994200163963,-7.775562333058384,-5.767068615997222
Overall,70,89,ReRZV_1d,2024,1,dC_Med_d,-14.053287771531329,-14.022363258808923,-17.238711438473118,-11.012974289189781
Overall,70,89,ReRZV_1d,2024,1,dC_VacZVL_d,110,110,110,110
Overall,70,89,ReRZV_1d,2024,1,dC_VacRZV_d,27.98499579818722,27.985000456893587,27.984607357647796,27.985365097517754
Overall,70,89,ReRZV_1d,2024,1,dC_Vac_d,137.9849957981872,137.9850004568936,137.9846073576478,137.98536509751776
Overall,70,89,ReRZV_1d,2024,1,dC_All_d,123.9317080266559,123.96238276276213,120.74630811653867,126.971934032533
Overall,70,89,ReRZV_1d,2024,1,dN_VacZVL,1,1,1,1
Overall,70,89,ReRZV_1d,2024,1,dN_VacRZV,0.43687895333608423,0.4368790260640123,0.4368728893188687,0.4368847185363421
Overall,70,89,ReRZV_1d,2024,1,dN_VacZVL_d,1,1,1,1
Overall,70,89,ReRZV_1d,2024,1,dN_VacRZV_d,0.3292352446845555,0.3292352994928658,0.32923067479585644,0.3292395893825618
Overall,70,89,ReRZV_1d,2024,1,ICER,20126.72518954578,19937.929956392658,16279.92312316186,25109.18334279248
Overall,70,89,ReRZV_1d,2024,1,Price0,85,85,84.99999999999999,85.00000000000001
Overall,70,89,ReRZV_1d,2024,1,Thres20,420.97186051006673,420.2916738298879,341.4128619683619,503.49162315682884
Overall,70,89,ReRZV_1d,2024,1,Thres30,610.1154749334252,609.0736960030805,493.8035859312399,730.5274244911473
Overall,70,89,ReRZV_1d,2024,1,Thres20_50,NA,420.2916738298879,NA,NA
Overall,70,89,ReRZV_1d,2024,1,Thres30_90,NA,533.357819999309,NA,NA
Overall,70,89,ReRZV_1d,2024,1,Thres,NA,420.2916738298879,NA,NA
Overall,70,89,ReRZV_2d,2024,1,N0,1,1,1,1
Overall,70,89,ReRZV_2d,2024,1,dYear_Life,2.818442459223132e-4,2.8181837033258716e-4,2.1399669121713316e-4,3.491620732918754e-4
Overall,70,89,ReRZV_2d,2024,1,dYear_Immunised,5.961777975152513,5.9612199413871325,5.187396427261386,6.715636453102943
Overall,70,89,ReRZV_2d,2024,1,dRisk_HZ,-0.05143711730849538,-0.05139012810563936,-0.05852181818358881,-0.04397690090920528
Overall,70,89,ReRZV_2d,2024,1,dRisk_Hosp,-0.002287171465573049,-0.0022770886832502125,-0.002897200760691531,-0.001690652354346732
Overall,70,89,ReRZV_2d,2024,1,dRisk_PHN,-0.0039340344837054215,-0.0039355686031515465,-0.004648042484224035,-0.0032109363012234717
Overall,70,89,ReRZV_2d,2024,1,dRisk_Death,-5.1651919125512974e-5,-5.1936821401913994e-5,-6.634868958972579e-5,-3.576540957311137e-5
Overall,70,89,ReRZV_2d,2024,1,dQ_Life,1.9155130159185152e-4,1.913473256927034e-4,1.467489912752473e-4,2.3703154221528243e-4
Overall,70,89,ReRZV_2d,2024,1,dQ_HZ,0.0072476393883386956,0.007229975535386746,0.005847360361252914,0.008670776597221543
Overall,70,89,ReRZV_2d,2024,1,dQ_HZ_Norm,0.002383561466958645,0.0023761132925596484,0.0019641274207601103,0.0028286551012041117
Overall,70,89,ReRZV_2d,2024,1,dQ_All,0.007434104188023826,0.007420558557841517,0.006010583585264139,0.008895488662077034
Overall,70,89,ReRZV_2d,2024,1,dQ_HZ_d,0.006286393411618798,0.0062743860673101564,0.005149019070038018,0.007467497019901789
Overall,70,89,ReRZV_2d,2024,1,dQ_HZ_Norm_d,0.0020997964909367454,0.0020927739531912924,0.0017565037748181354,0.0024791426440709825
Overall,70,89,ReRZV_2d,2024,1,dQ_Life_d,1.4288806053565928e-4,1.427612336764028e-4,1.1079262499107401e-4,1.7641985341438905e-4
Overall,70,89,ReRZV_2d,2024,1,dQ_All_d,0.006429281472154442,0.0064153950842786855,0.005263844339729661,0.007628667762113883
Overall,70,89,ReRZV_2d,2024,1,dC_Hosp,-9.978051612707858,-9.952810083264072,-12.783637891063844,-7.33310813453363
Overall,70,89,ReRZV_2d,2024,1,dC_GP_NonPHN,-5.780432192164035,-5.769552911948464,-6.550924572243628,-4.971275052978051
Overall,70,89,ReRZV_2d,2024,1,dC_GP_PHN,-2.145217702659545,-2.1425653175249426,-2.56194263625366,-1.7414061732180595
Overall,70,89,ReRZV_2d,2024,1,dC_GP,-7.92564989482358,-7.912468911952718,-9.053269727986633,-6.773462025874449
Overall,70,89,ReRZV_2d,2024,1,dC_Med,-17.903701507531437,-17.904216535241844,-21.456875861618876,-14.253135653478568
Overall,70,89,ReRZV_2d,2024,1,dC_VacZVL,110,110,110,110
Overall,70,89,ReRZV_2d,2024,1,dC_VacRZV,74.26942206713431,74.26943443088209,74.26839118420767,74.27040215117815
Overall,70,89,ReRZV_2d,2024,1,dC_Vac,184.26942206713431,184.2694344308821,184.2683911842077,184.27040215117813
Overall,70,89,ReRZV_2d,2024,1,dC_All,166.36572055960286,166.36570607526392,162.81243154926432,170.01557198144548
Overall,70,89,ReRZV_2d,2024,1,dC_Hosp_d,-7.836425457771319,-7.813273627875923,-9.923647592359925,-5.839446649432401
Overall,70,89,ReRZV_2d,2024,1,dC_GP_NonPHN_d,-5.0984478021078825,-5.086155396225609,-5.747021981365326,-4.430182691579951
Overall,70,89,ReRZV_2d,2024,1,dC_GP_PHN_d,-1.8632275982108837,-1.8592444446011263,-2.2137745335392904,-1.5324839026037014
Overall,70,89,ReRZV_2d,2024,1,dC_GP_d,-6.961675400318765,-6.950226210259275,-7.895484243277928,-6.01242432900175
Overall,70,89,ReRZV_2d,2024,1,dC_Med_d,-14.798100858090084,-14.804288933784225,-17.57830784646142,-12.028170723076306
Overall,70,89,ReRZV_2d,2024,1,dC_VacZVL_d,110,110,110,110
Overall,70,89,ReRZV_2d,2024,1,dC_VacRZV_d,55.96999159637444,55.970000913787175,55.96921471529559,55.97073019503551
Overall,70,89,ReRZV_2d,2024,1,dC_Vac_d,165.96999159637443,165.9700009137872,165.9692147152956,165.9707301950355
Overall,70,89,ReRZV_2d,2024,1,dC_All_d,151.17189073828436,151.16549960971344,148.39190162543636,153.94110268536173
Overall,70,89,ReRZV_2d,2024,1,dN_VacZVL,1,1,1,1
Overall,70,89,ReRZV_2d,2024,1,dN_VacRZV,0.8737579066721685,0.8737580521280246,0.8737457786377374,0.8737694370726842
Overall,70,89,ReRZV_2d,2024,1,dN_VacZVL_d,1,1,1,1
Overall,70,89,ReRZV_2d,2024,1,dN_VacRZV_d,0.658470489369111,0.6584705989857316,0.6584613495917129,0.6584791787651236
Overall,70,89,ReRZV_2d,2024,1,ICER,23734.998791381055,23585.302039480426,19536.94680606936,29059.471289469344
Overall,70,89,ReRZV_2d,2024,1,Price0,85,85,84.99999999999999,85.00000000000001
Overall,70,89,ReRZV_2d,2024,1,Thres20,217.752667034324,217.11685430903972,179.50185250833204,257.3490295513861
Overall,70,89,ReRZV_2d,2024,1,Thres30,315.3922796931548,314.61211029654896,259.5031059655568,373.25884705959714
Overall,70,89,ReRZV_2d,2024,1,Thres20_50,NA,217.11685430903972,NA,NA
Overall,70,89,ReRZV_2d,2024,1,Thres30_90,NA,279.2778514354556,NA,NA
Overall,70,89,ReRZV_2d,2024,1,Thres,NA,217.11685430903972,NA,NA
Overall,70,90,ReRZV_1d,2024,1,N0,1,1,1,1
Overall,70,90,ReRZV_1d,2024,1,dYear_Life,2.3506144434579747e-4,2.339219148481675e-4,1.7251738208754475e-4,3.007522162225662e-4
Overall,70,90,ReRZV_1d,2024,1,dYear_Immunised,5.5654289870691604,5.559180956112492,4.778450791584532,6.347478339119357
Overall,70,90,ReRZV_1d,2024,1,dRisk_HZ,-0.04775530466240839,-0.047689858137329504,-0.05518359438437548,-0.04018038683712399
Overall,70,90,ReRZV_1d,2024,1,dRisk_Hosp,-0.0019449884936784039,-0.0019306548682294007,-0.002582598050332345,-0.0013760746181438294
Overall,70,90,ReRZV_1d,2024,1,dRisk_PHN,-0.003610732826503515,-0.0036017357612674215,-0.004334635307426774,-0.0029109665376510128
Overall,70,90,ReRZV_1d,2024,1,dRisk_Death,-4.121865291613686e-5,-4.108748570095891e-5,-5.612247630577845e-5,-2.6283085503662644e-5
Overall,70,90,ReRZV_1d,2024,1,dQ_Life,1.605303533794755e-4,1.5974215717839968e-4,1.1928256641824397e-4,2.0482520224094356e-4
Overall,70,90,ReRZV_1d,2024,1,dQ_HZ,0.0066672667688120624,0.006648363474671126,0.00532047633454319,0.0080620002125209745
Overall,70,90,ReRZV_1d,2024,1,dQ_HZ_Norm,0.0022213739298625333,0.0022150324051446943,0.0018150517172827723,0.0026637607145251385
Overall,70,90,ReRZV_1d,2024,1,dQ_All,0.00682358519764315,0.0068060964900533705,0.0054387863912532365,0.008244638859303332
Overall,70,90,ReRZV_1d,2024,1,dQ_HZ_d,0.0058561787956599096,0.0058327972376454205,0.004763234487284585,0.00701889423212852
Overall,70,90,ReRZV_1d,2024,1,dQ_HZ_Norm_d,0.001979492287676278,0.001972235620268847,0.0016424648426662414,0.0023474536031081955
Overall,70,90,ReRZV_1d,2024,1,dQ_Life_d,1.2111626113965013e-4,1.2067699258366815e-4,9.159757921475276e-5,1.5348708143574357e-4
Overall,70,90,ReRZV_1d,2024,1,dQ_All_d,0.005977295056799537,0.005957456889459145,0.0048562255664112985,0.00716211638400801
Overall,70,90,ReRZV_1d,2024,1,dC_Hosp,-8.402961542128065,-8.32512776310896,-11.358753862217004,-5.804663978490299
Overall,70,90,ReRZV_1d,2024,1,dC_GP_NonPHN,-5.393170249721027,-5.387024655466973,-6.201006066804495,-4.56517903818236
Overall,70,90,ReRZV_1d,2024,1,dC_GP_PHN,-1.9773265629124475,-1.971058625064463,-2.395630420427679,-1.584373818886623
Overall,70,90,ReRZV_1d,2024,1,dC_GP,-7.3704968126334744,-7.3535592895139406,-8.538884496309274,-6.20108073127082
Overall,70,90,ReRZV_1d,2024,1,dC_Med,-15.773458354761539,-15.753438094086558,-19.53639883621255,-12.178895634185372
Overall,70,90,ReRZV_1d,2024,1,dC_VacZVL,110,110,110,110
Overall,70,90,ReRZV_1d,2024,1,dC_VacRZV,32.92407076041614,32.92408133311446,32.92348258101789,32.924615187280914
Overall,70,90,ReRZV_1d,2024,1,dC_Vac,142.92407076041616,142.92408133311446,142.92348258101788,142.9246151872809
Overall,70,90,ReRZV_1d,2024,1,dC_All,127.15061240565461,127.17113358429499,123.3880331224211,130.74507491534192
Overall,70,90,ReRZV_1d,2024,1,dC_Hosp_d,-6.672084410681866,-6.611568332282549,-8.91407481111245,-4.709855333528996
Overall,70,90,ReRZV_1d,2024,1,dC_GP_NonPHN_d,-4.8111291439865065,-4.797458521620192,-5.469631583665919,-4.145181275773921
Overall,70,90,ReRZV_1d,2024,1,dC_GP_PHN_d,-1.7385175365429715,-1.7338821839381813,-2.090422925871382,-1.4114529390959374
Overall,70,90,ReRZV_1d,2024,1,dC_GP_d,-6.549646680529477,-6.5323742491532535,-7.51058949345498,-5.596493733291719
Overall,70,90,ReRZV_1d,2024,1,dC_Med_d,-13.221731091211344,-13.191872285772604,-16.097162452852594,-10.47278505844226
Overall,70,90,ReRZV_1d,2024,1,dC_VacZVL_d,110,110,110,110
Overall,70,90,ReRZV_1d,2024,1,dC_VacRZV_d,24.445148587115256,24.44515643703099,24.44471188131144,24.44555280795723
Overall,70,90,ReRZV_1d,2024,1,dC_Vac_d,134.44514858711526,134.445156437031,134.44471188131143,134.44555280795723
Overall,70,90,ReRZV_1d,2024,1,dC_All_d,121.22341749590392,121.25341296599815,118.34833079948828,123.97226323222225
Overall,70,90,ReRZV_1d,2024,1,dN_VacZVL,1,1,1,1
Overall,70,90,ReRZV_1d,2024,1,dN_VacRZV,0.3873420089460723,0.38734213333075834,0.38733508918844584,0.38734841396801073
Overall,70,90,ReRZV_1d,2024,1,dN_VacZVL_d,1,1,1,1
Overall,70,90,ReRZV_1d,2024,1,dN_VacRZV_d,0.28758998337782654,0.28759007572977635,0.2875848456624876,0.2875947389171439
Overall,70,90,ReRZV_1d,2024,1,ICER,20498.91213905858,20338.195406998842,16681.099086759117,25402.120976993538
Overall,70,90,ReRZV_1d,2024,1,Price0,85,85,84.99999999999999,85.00000000000001
Overall,70,90,ReRZV_1d,2024,1,Thres20,461.65585953160695,460.47595048507355,376.1878545879176,549.6327004782086
Overall,70,90,ReRZV_1d,2024,1,Thres30,669.4966748058378,667.7030758955202,546.2195700744346,799.4203034030984
Overall,70,90,ReRZV_1d,2024,1,Thres20_50,NA,460.47595048507355,NA,NA
Overall,70,90,ReRZV_1d,2024,1,Thres30_90,NA,586.7667598142258,NA,NA
Overall,70,90,ReRZV_1d,2024,1,Thres,NA,460.47595048507355,NA,NA
Overall,70,90,ReRZV_2d,2024,1,N0,1,1,1,1
Overall,70,90,ReRZV_2d,2024,1,dYear_Life,2.492099075631309e-4,2.48633957438571e-4,1.921189421612013e-4,3.1150787523062103e-4
Overall,70,90,ReRZV_2d,2024,1,dYear_Immunised,5.715449275780696,5.712049111634564,4.969915768434422,6.455520094854052
Overall,70,90,ReRZV_2d,2024,1,dRisk_HZ,-0.049111549242051335,-0.04903163680762321,-0.055830560907096476,-0.04214629651292742
Overall,70,90,ReRZV_2d,2024,1,dRisk_Hosp,-0.0020851619094349808,-0.002073281048096867,-0.0026428820855526193,-0.0015631792299601523
Overall,70,90,ReRZV_2d,2024,1,dRisk_PHN,-0.0037243812050033963,-0.0037185113534126324,-0.00442385454181567,-0.0030468917937486258
Overall,70,90,ReRZV_2d,2024,1,dRisk_Death,-4.516565188440104e-5,-4.5240218176055585e-5,-5.7989276700515904e-5,-3.174574812008112e-5
Overall,70,90,ReRZV_2d,2024,1,dQ_Life,1.6965416710471804e-4,1.6915545467188764e-4,1.3148399545355184e-4,2.1190834876039233e-4
Overall,70,90,ReRZV_2d,2024,1,dQ_HZ,0.006885169623681282,0.006862195373406859,0.005582161391579829,0.008251344021647802
Overall,70,90,ReRZV_2d,2024,1,dQ_HZ_Norm,0.002280690265706033,0.0022726894349947343,0.0018920683417121681,0.0027096349827341734
Overall,70,90,ReRZV_2d,2024,1,dQ_All,0.007050059368215062,0.00702938815779941,0.005721919646322115,0.008432961089599499
Overall,70,90,ReRZV_2d,2024,1,dQ_HZ_d,0.006011744658626685,0.005995390550914851,0.004945491627727488,0.007134100041871474
Overall,70,90,ReRZV_2d,2024,1,dQ_HZ_Norm_d,0.002021872833320733,0.00201258830693579,0.0016953138410615918,0.002389344725809515
Overall,70,90,ReRZV_2d,2024,1,dQ_Life_d,1.2735962771979014e-4,1.270782517170943e-4,9.987658919667908e-5,1.579134547427862e-4
Overall,70,90,ReRZV_2d,2024,1,dQ_All_d,0.006139104286346443,0.006119314534949183,0.005047362170609171,0.007280048450230891
Overall,70,90,ReRZV_2d,2024,1,dC_Hosp,-9.061221930417958,-8.998837831208007,-11.615404105570004,-6.62795392528055
Overall,70,90,ReRZV_2d,2024,1,dC_GP_NonPHN,-5.533632858206026,-5.514340153382105,-6.300686145020515,-4.762851059974808
Overall,70,90,ReRZV_2d,2024,1,dC_GP_PHN,-2.035237876908441,-2.0297630160455364,-2.4403957974902073,-1.6569119045297114
Overall,70,90,ReRZV_2d,2024,1,dC_GP,-7.568870735114467,-7.5502162204441206,-8.650353109919564,-6.4789290838573175
Overall,70,90,ReRZV_2d,2024,1,dC_Med,-16.630092665532423,-16.623110846524405,-19.90532560282358,-13.378576065155169
Overall,70,90,ReRZV_2d,2024,1,dC_VacZVL,110,110,110,110
Overall,70,90,ReRZV_2d,2024,1,dC_VacRZV,65.84814152083229,65.84816266622892,65.84696516203579,65.84923037456183
Overall,70,90,ReRZV_2d,2024,1,dC_Vac,175.84814152083229,175.84816266622892,175.8469651620358,175.8492303745618
Overall,70,90,ReRZV_2d,2024,1,dC_All,159.21804885529986,159.22582547487787,155.94309368968467,162.46934690268213
Overall,70,90,ReRZV_2d,2024,1,dC_Hosp_d,-7.14078497784895,-7.0937946736165065,-9.083544133717648,-5.302671314440434
Overall,70,90,ReRZV_2d,2024,1,dC_GP_NonPHN_d,-4.911519251464192,-4.893508734548461,-5.553085415359667,-4.279962119831092
Overall,70,90,ReRZV_2d,2024,1,dC_GP_PHN_d,-1.7799672086724425,-1.77494850190443,-2.125914924180603,-1.4668452726244356
Overall,70,90,ReRZV_2d,2024,1,dC_GP_d,-6.691486460136635,-6.682475229499424,-7.612151410977469,-5.771957168392885
Overall,70,90,ReRZV_2d,2024,1,dC_Med_d,-13.832271437985584,-13.819132770871912,-16.377881602872677,-11.307858949973285
Overall,70,90,ReRZV_2d,2024,1,dC_VacZVL_d,110,110,110,110
Overall,70,90,ReRZV_2d,2024,1,dC_VacRZV_d,48.89029717423051,48.89031287406198,48.88942376262288,48.89110561591446
Overall,70,90,ReRZV_2d,2024,1,dC_Vac_d,158.8902971742305,158.89031287406198,158.88942376262287,158.89110561591446
Overall,70,90,ReRZV_2d,2024,1,dC_All_d,145.05802573624493,145.07113295454366,142.5112652611446,147.58244041282876
Overall,70,90,ReRZV_2d,2024,1,dN_VacZVL,1,1,1,1
Overall,70,90,ReRZV_2d,2024,1,dN_VacRZV,0.7746840178921446,0.7746842666615167,0.7746701783768917,0.7746968279360215
Overall,70,90,ReRZV_2d,2024,1,dN_VacZVL_d,1,1,1,1
Overall,70,90,ReRZV_2d,2024,1,dN_VacRZV_d,0.5751799667556531,0.5751801514595527,0.5751696913249752,0.5751894778342878
Overall,70,90,ReRZV_2d,2024,1,ICER,23850.454212887646,23729.420599237434,19690.12836282955,29206.88073226606
Overall,70,90,ReRZV_2d,2024,1,Price0,85,85,84.99999999999999,85.00000000000001
Overall,70,90,ReRZV_2d,2024,1,Thres20,237.5157924264484,236.7593177855197,195.63598462998124,280.19737644914784
Overall,70,90,ReRZV_2d,2024,1,Thres30,344.24939292795887,342.7455282762752,283.19122981215895,406.6611339606779
Overall,70,90,ReRZV_2d,2024,1,Thres20_50,NA,236.7593177855197,NA,NA
Overall,70,90,ReRZV_2d,2024,1,Thres30_90,NA,303.8047724481106,NA,NA
Overall,70,90,ReRZV_2d,2024,1,Thres,NA,236.7593177855197,NA,NA
Overall,70,91,ReRZV_1d,2024,1,N0,1,1,1,1
Overall,70,91,ReRZV_1d,2024,1,dYear_Life,2.1188587404096104e-4,2.1058815691432642e-4,1.5832290809347782e-4,2.7195297881075207e-4
Overall,70,91,ReRZV_1d,2024,1,dYear_Immunised,5.376250888086773,5.368109082268727,4.619045456065091,6.133612760271813
Overall,70,91,ReRZV_1d,2024,1,dRisk_HZ,-0.045988412128800116,-0.04583380404574126,-0.0530329779817301,-0.03887782130120878
Overall,70,91,ReRZV_1d,2024,1,dRisk_Hosp,-0.0017843160089349055,-0.00177741478793485,-0.002349401825954076,-0.0012675463223295528
Overall,70,91,ReRZV_1d,2024,1,dRisk_PHN,-0.0034558626810902364,-0.0034491661377868263,-0.004155247845513108,-0.002804673501756286
Overall,70,91,ReRZV_1d,2024,1,dRisk_Death,-3.623651745131178e-5,-3.6097604437389365e-5,-4.907737996740708e-5,-2.3774275695861475e-5
Overall,70,91,ReRZV_1d,2024,1,dQ_Life,1.4509857980028772e-4,1.4445729988565859e-4,1.0916084920280511e-4,1.8580302037092265e-4
Overall,70,91,ReRZV_1d,2024,1,dQ_HZ,0.006388562369349534,0.006367073877146411,0.005136002607010895,0.007722909677588545
Overall,70,91,ReRZV_1d,2024,1,dQ_HZ_Norm,0.002143263419727957,0.0021336985339236586,0.0017650700613701558,0.002563558221966351
Overall,70,91,ReRZV_1d,2024,1,dQ_All,0.006529742188560345,0.006512387213157389,0.005243983302104738,0.007888197373069472
Overall,70,91,ReRZV_1d,2024,1,dQ_HZ_d,0.005648277770382261,0.005620206022787534,0.00460249924144493,0.006762446760472146
Overall,70,91,ReRZV_1d,2024,1,dQ_HZ_Norm_d,0.0019212386802534129,0.0019125001109166432,0.0015992475512030993,0.0022785524751938674
Overall,70,91,ReRZV_1d,2024,1,dQ_Life_d,1.102980303296892e-4,1.0986024884118706e-4,8.397469687810856e-5,1.397427319914879e-4
Overall,70,91,ReRZV_1d,2024,1,dQ_All_d,0.0057585758007119275,0.0057313108871817064,0.0046945701657286065,0.006885834431788229
Overall,70,91,ReRZV_1d,2024,1,dC_Hosp,-7.664372109853027,-7.63083116011166,-10.273118273563332,-5.31234659638446
Overall,70,91,ReRZV_1d,2024,1,dC_GP_NonPHN,-5.205940351086889,-5.189157992716522,-5.984334853403929,-4.431465930999963
Overall,70,91,ReRZV_1d,2024,1,dC_GP_PHN,-1.8964012183270018,-1.893130916289679,-2.3021656890333766,-1.5280875190679084
Overall,70,91,ReRZV_1d,2024,1,dC_GP,-7.102341569413891,-7.084084080457604,-8.219113117004536,-5.997839405038296
Overall,70,91,ReRZV_1d,2024,1,dC_Med,-14.766713679266918,-14.748457392771662,-18.140114141092194,-11.511171052729757
Overall,70,91,ReRZV_1d,2024,1,dC_VacZVL,110,110,110,110
Overall,70,91,ReRZV_1d,2024,1,dC_VacRZV,28.751393021185837,28.75140113633894,28.750729530744426,28.75198979938004
Overall,70,91,ReRZV_1d,2024,1,dC_Vac,138.75139302118583,138.75140113633893,138.75072953074442,138.75198979938006
Overall,70,91,ReRZV_1d,2024,1,dC_All,123.98467934191892,124.00288080531944,120.61084374732503,127.24023655999822
Overall,70,91,ReRZV_1d,2024,1,dC_Hosp_d,-6.120575345631218,-6.087687288718095,-8.094629432507684,-4.368274707939071
Overall,70,91,ReRZV_1d,2024,1,dC_GP_NonPHN_d,-4.671509178401018,-4.650297259156897,-5.325598404515802,-4.033035783748772
Overall,70,91,ReRZV_1d,2024,1,dC_GP_PHN_d,-1.6781903277681804,-1.6732933393030627,-2.0281568268512964,-1.370571601553692
Overall,70,91,ReRZV_1d,2024,1,dC_GP_d,-6.349699506169198,-6.3382092372022205,-7.2840938268226765,-5.4308308898325315
Overall,70,91,ReRZV_1d,2024,1,dC_Med_d,-12.470274851800417,-12.46845407159243,-15.090164368902276,-9.901074118893447
Overall,70,91,ReRZV_1d,2024,1,dC_VacZVL_d,110,110,110,110
Overall,70,91,ReRZV_1d,2024,1,dC_VacRZV_d,21.031585025572316,21.03159096179017,21.031099683675254,21.03202156759738
Overall,70,91,ReRZV_1d,2024,1,dC_Vac_d,131.03158502557233,131.0315909617902,131.03109968367525,131.03202156759738
Overall,70,91,ReRZV_1d,2024,1,dC_All_d,118.5613101737719,118.5631293519114,115.94160672422584,121.1303384524325
Overall,70,91,ReRZV_1d,2024,1,dN_VacZVL,1,1,1,1
Overall,70,91,ReRZV_1d,2024,1,dN_VacRZV,0.3382516826021863,0.3382517780745758,0.3382438768322874,0.3382587035221181
Overall,70,91,ReRZV_1d,2024,1,dN_VacZVL_d,1,1,1,1
Overall,70,91,ReRZV_1d,2024,1,dN_VacRZV_d,0.24743041206555666,0.24743048190341374,0.24742470216088533,0.2474355478540868
Overall,70,91,ReRZV_1d,2024,1,ICER,20803.45620282853,20695.280521083234,16978.084778853663,25704.150458927677
Overall,70,91,ReRZV_1d,2024,1,Price0,85,85,84.99999999999999,85.00000000000001
Overall,70,91,ReRZV_1d,2024,1,Thres20,515.869294855548,513.4770006229251,421.39015314005235,613.6343094993763
Overall,70,91,ReRZV_1d,2024,1,Thres30,748.6043909491445,745.3880971590282,611.0386543954859,891.7863571119467
Overall,70,91,ReRZV_1d,2024,1,Thres20_50,NA,513.4770006229251,NA,NA
Overall,70,91,ReRZV_1d,2024,1,Thres30_90,NA,657.044588411009,NA,NA
Overall,70,91,ReRZV_1d,2024,1,Thres,NA,513.4770006229251,NA,NA
Overall,70,91,ReRZV_2d,2024,1,N0,1,1,1,1
Overall,70,91,ReRZV_2d,2024,1,dYear_Life,2.2237181615440704e-4,2.2142896389709676e-4,1.7231215631152708e-4,2.783421181830725e-4
Overall,70,91,ReRZV_2d,2024,1,dYear_Immunised,5.49619487618898,5.490515209162279,4.791948011529851,6.232519204326237
Overall,70,91,ReRZV_2d,2024,1,dRisk_HZ,-0.047064158756371946,-0.04691518455227576,-0.05385772843215407,-0.040297979944048455
Overall,70,91,ReRZV_2d,2024,1,dRisk_Hosp,-0.0018989747054836508,-0.0018968077701350763,-0.0024151192381417315,-0.0014265285180534916
Overall,70,91,ReRZV_2d,2024,1,dRisk_PHN,-0.0035449720890918285,-0.003537226948977879,-0.0042253737639398456,-0.0029119411276088123
Overall,70,91,ReRZV_2d,2024,1,dRisk_Death,-3.9392242822850665e-5,-3.94079338096375e-5,-5.038795613624819e-5,-2.82352998624251e-5
Overall,70,91,ReRZV_2d,2024,1,dQ_Life,1.5178494398508492e-4,1.5134844942910064e-4,1.1789531405086429e-4,1.9049199957090753e-4
Overall,70,91,ReRZV_2d,2024,1,dQ_HZ,0.006562232067343131,0.00653400287090118,0.005324110150973958,0.007851818756161432
Overall,70,91,ReRZV_2d,2024,1,dQ_HZ_Norm,0.002190183789536488,0.002180514564194715,0.0018193552957725448,0.002603402711033225
Overall,70,91,ReRZV_2d,2024,1,dQ_All,0.006709593693426584,0.006684588199188823,0.0054525363612567546,0.00801707184834388
Overall,70,91,ReRZV_2d,2024,1,dQ_HZ_d,0.0057708782811459435,0.005746746112413832,0.004745410680685901,0.006862348396607266
Overall,70,91,ReRZV_2d,2024,1,dQ_HZ_Norm_d,0.0019543826071777184,0.0019450263821372015,0.0016402546231326623,0.0023121766201512866
Overall,70,91,ReRZV_2d,2024,1,dQ_Life_d,1.1483333269973972e-4,1.144752219062184e-4,9.000229721625174e-5,1.4364915733406923e-4
Overall,70,91,ReRZV_2d,2024,1,dQ_All_d,0.005885711613845678,0.005863362921321169,0.004841242561836534,0.006994887211073973
Overall,70,91,ReRZV_2d,2024,1,dC_Hosp,-8.205276998588827,-8.180777642870549,-10.536766378608043,-6.057483525675852
Overall,70,91,ReRZV_2d,2024,1,dC_GP_NonPHN,-5.3166809360040315,-5.294888434138028,-6.075416221540537,-4.586084703505473
Overall,70,91,ReRZV_2d,2024,1,dC_GP_PHN,-1.941495380771276,-1.9364187309546113,-2.3403177235984804,-1.5823145080280032
Overall,70,91,ReRZV_2d,2024,1,dC_GP,-7.258176316775307,-7.241556062498512,-8.346870952362433,-6.199260397303098
Overall,70,91,ReRZV_2d,2024,1,dC_Med,-15.463453315364134,-15.455207883334289,-18.5015765130952,-12.444497675864989
Overall,70,91,ReRZV_2d,2024,1,dC_VacZVL,110,110,110,110
Overall,70,91,ReRZV_2d,2024,1,dC_VacRZV,57.502786042371675,57.50280227267788,57.50145906148885,57.50397959876008
Overall,70,91,ReRZV_2d,2024,1,dC_Vac,167.50278604237167,167.50280227267788,167.50145906148887,167.50397959876008
Overall,70,91,ReRZV_2d,2024,1,dC_All,152.03933272700755,152.04783629265341,149.00183215421663,155.05852523232906
Overall,70,91,ReRZV_2d,2024,1,dC_Hosp_d,-6.501745152966494,-6.489559498683379,-8.285178631618953,-4.866557737079415
Overall,70,91,ReRZV_2d,2024,1,dC_GP_NonPHN_d,-4.749754134035465,-4.733033847631533,-5.396702155120371,-4.136362862287477
Overall,70,91,ReRZV_2d,2024,1,dC_GP_PHN_d,-1.7100928696291464,-1.7028325778093165,-2.052286046696833,-1.4053277109764981
Overall,70,91,ReRZV_2d,2024,1,dC_GP_d,-6.459847003664611,-6.445166171273193,-7.367836041236189,-5.567281983382772
Overall,70,91,ReRZV_2d,2024,1,dC_Med_d,-12.961592156631104,-12.933848893960494,-15.361792062647513,-10.569649540438016
Overall,70,91,ReRZV_2d,2024,1,dC_VacZVL_d,110,110,110,110
Overall,70,91,ReRZV_2d,2024,1,dC_VacRZV_d,42.06317005114463,42.06318192358034,42.06219936735051,42.06404313519476
Overall,70,91,ReRZV_2d,2024,1,dC_Vac_d,152.06317005114462,152.06318192358032,152.0621993673505,152.06404313519477
Overall,70,91,ReRZV_2d,2024,1,dC_All_d,139.10157789451353,139.12942158438818,136.70115322921285,141.49342179368918
Overall,70,91,ReRZV_2d,2024,1,dN_VacZVL,1,1,1,1
Overall,70,91,ReRZV_2d,2024,1,dN_VacRZV,0.6765033652043726,0.6765035561491516,0.6764877536645748,0.6765174070442362
Overall,70,91,ReRZV_2d,2024,1,dN_VacZVL_d,1,1,1,1
Overall,70,91,ReRZV_2d,2024,1,dN_VacRZV_d,0.4948608241311133,0.4948609638068275,0.49484940432177066,0.4948710957081736
Overall,70,91,ReRZV_2d,2024,1,ICER,23857.280424987486,23743.072836981562,19657.72113628852,29183.40919521435
Overall,70,91,ReRZV_2d,2024,1,Price0,85,85,84.99999999999999,85.00000000000001
Overall,70,91,ReRZV_2d,2024,1,Thres20,264.0657313596511,262.9475282308837,217.7457187740311,312.14708295686444
Overall,70,91,ReRZV_2d,2024,1,Thres30,383.00240177351867,381.312385617324,315.29863307591324,453.6376413764693
Overall,70,91,ReRZV_2d,2024,1,Thres20_50,NA,262.9475282308837,NA,NA
Overall,70,91,ReRZV_2d,2024,1,Thres30_90,NA,337.77053716676545,NA,NA
Overall,70,91,ReRZV_2d,2024,1,Thres,NA,262.9475282308837,NA,NA
Overall,70,92,ReRZV_1d,2024,1,N0,1,1,1,1
Overall,70,92,ReRZV_1d,2024,1,dYear_Life,1.9317835931778227e-4,1.9231301283717528e-4,1.4565179440007014e-4,2.4913010337384016e-4
Overall,70,92,ReRZV_1d,2024,1,dYear_Immunised,5.210707375926069,5.203098825213939,4.495792381638905,5.9455339589543
Overall,70,92,ReRZV_1d,2024,1,dRisk_HZ,-0.04445679917730857,-0.044302161148215356,-0.05135428328158759,-0.03775899059331491
Overall,70,92,ReRZV_1d,2024,1,dRisk_Hosp,-0.0016346446430404481,-0.0016328652839583198,-0.0021444725157258246,-0.0011787371355328707
Overall,70,92,ReRZV_1d,2024,1,dRisk_PHN,-0.003322048428771978,-0.003308570675766456,-0.004004951134554553,-0.0027005766451475227
Overall,70,92,ReRZV_1d,2024,1,dRisk_Death,-3.187678228380947e-5,-3.1687507086527164e-5,-4.269009402750135e-5,-2.158842083782592e-5
Overall,70,92,ReRZV_1d,2024,1,dQ_Life,1.327481833753481e-4,1.323190589515022e-4,1.0027093616722382e-4,1.7036003429375944e-4
Overall,70,92,ReRZV_1d,2024,1,dQ_HZ,0.006144082398875178,0.006119699484954979,0.004952010944344754,0.007407062026353648
Overall,70,92,ReRZV_1d,2024,1,dQ_HZ_Norm,0.0020755604035208705,0.00206575303798703,0.0017130099627032753,0.002482523293056256
Overall,70,92,ReRZV_1d,2024,1,dQ_All,0.0062732229477429746,0.006248789881932559,0.005056872717174965,0.007564890534693801
Overall,70,92,ReRZV_1d,2024,1,dQ_HZ_d,0.005468746441687465,0.005447155452962712,0.004483908215313316,0.006528525014020567
Overall,70,92,ReRZV_1d,2024,1,dQ_HZ_Norm_d,0.0018715298951733526,0.001862365589867447,0.0015618338634874071,0.002220042218399131
Overall,70,92,ReRZV_1d,2024,1,dQ_Life_d,1.0173947784057624e-4,1.0166290488555774e-4,7.764153069929058e-5,1.2967610683229934e-4
Overall,70,92,ReRZV_1d,2024,1,dQ_All_d,0.005570485919528023,0.005545693320883949,0.004566616515640831,0.006653702253185311
Overall,70,92,ReRZV_1d,2024,1,dC_Hosp,-6.967381542581863,-6.939934201969114,-9.257773373381376,-4.920348782334189
Overall,70,92,ReRZV_1d,2024,1,dC_GP_NonPHN,-5.044760691656745,-5.025084558098098,-5.816171292384872,-4.307664028987032
Overall,70,92,ReRZV_1d,2024,1,dC_GP_PHN,-1.827000462678587,-1.8200612822264661,-2.2261198616678635,-1.4766519613488722
Overall,70,92,ReRZV_1d,2024,1,dC_GP,-6.871761154335332,-6.851698996565348,-7.963204105087655,-5.811499166537984
Overall,70,92,ReRZV_1d,2024,1,dC_Med,-13.839142696917195,-13.816122092855782,-16.91182301439255,-10.835430522607073
Overall,70,92,ReRZV_1d,2024,1,dC_VacZVL,110,110,110,110
Overall,70,92,ReRZV_1d,2024,1,dC_VacRZV,24.691716732444302,24.69172281280666,24.690999769340177,24.69233963289613
Overall,70,92,ReRZV_1d,2024,1,dC_Vac,134.6917167324443,134.69172281280666,134.69099976934018,134.69233963289614
Overall,70,92,ReRZV_1d,2024,1,dC_All,120.85257403552711,120.87589889534374,117.78018076474748,123.85596785273916
Overall,70,92,ReRZV_1d,2024,1,dC_Hosp_d,-5.608458463184712,-5.586746445938822,-7.3571722686386964,-4.05078978322289
Overall,70,92,ReRZV_1d,2024,1,dC_GP_NonPHN_d,-4.5531754665257544,-4.537455900294012,-5.206046829956492,-3.9394960572307096
Overall,70,92,ReRZV_1d,2024,1,dC_GP_PHN_d,-1.6272535519336275,-1.6194597980177345,-1.9655596715256647,-1.3279409190659965
Overall,70,92,ReRZV_1d,2024,1,dC_GP_d,-6.180429018459382,-6.163987567318599,-7.103422109174093,-5.3011820192233605
Overall,70,92,ReRZV_1d,2024,1,dC_Med_d,-11.788887481644094,-11.75018046498021,-14.235393965490655,-9.440758034047516
Overall,70,92,ReRZV_1d,2024,1,dC_VacZVL_d,110,110,110,110
Overall,70,92,ReRZV_1d,2024,1,dC_VacRZV_d,17.795014922954543,17.795019304996508,17.79449821651103,17.79546383960768
Overall,70,92,ReRZV_1d,2024,1,dC_Vac_d,127.79501492295455,127.79501930499652,127.79449821651103,127.79546383960768
Overall,70,92,ReRZV_1d,2024,1,dC_All_d,116.00612744131045,116.04463467720444,113.55978056145946,118.35427390569414
Overall,70,92,ReRZV_1d,2024,1,dN_VacZVL,1,1,1,1
Overall,70,92,ReRZV_1d,2024,1,dN_VacRZV,0.29049078508758003,0.2904908566212548,0.2904823502275315,0.29049811332818976
Overall,70,92,ReRZV_1d,2024,1,dN_VacZVL_d,1,1,1,1
Overall,70,92,ReRZV_1d,2024,1,dN_VacRZV_d,0.2093531167406417,0.20935316829407657,0.20934703784130626,0.20935839811303159
Overall,70,92,ReRZV_1d,2024,1,ICER,21039.705517857758,20928.07143085929,17214.96190103713,25826.950454927446
Overall,70,92,ReRZV_1d,2024,1,Price0,85,85,84.99999999999999,85.00000000000001
Overall,70,92,ReRZV_1d,2024,1,Thres20,588.4725372708796,585.7753479565099,482.38128251146736,699.4017017152153
Overall,70,92,ReRZV_1d,2024,1,Thres30,854.5533078088027,850.8821975743192,700.5530967273429,1017.4829792414764
Overall,70,92,ReRZV_1d,2024,1,Thres20_50,NA,585.7753479565099,NA,NA
Overall,70,92,ReRZV_1d,2024,1,Thres30_90,NA,750.1364394126362,NA,NA
Overall,70,92,ReRZV_1d,2024,1,Thres,NA,585.7753479565099,NA,NA
Overall,70,92,ReRZV_2d,2024,1,N0,1,1,1,1
Overall,70,92,ReRZV_2d,2024,1,dYear_Life,2.0074116903751006e-4,1.9985028766456026e-4,1.5492075437135712e-4,2.553897489621093e-4
Overall,70,92,ReRZV_2d,2024,1,dYear_Immunised,5.304646217924545,5.2974507374696405,4.633468384747071,6.037426020157321
Overall,70,92,ReRZV_2d,2024,1,dRisk_HZ,-0.04529213797874634,-0.04514692006509813,-0.052170884873078645,-0.038832406320938935
Overall,70,92,ReRZV_2d,2024,1,dRisk_Hosp,-0.0017258274886499166,-0.0017217673866643315,-0.0022005334998000097,-0.0013021617895156358
Overall,70,92,ReRZV_2d,2024,1,dRisk_PHN,-0.003390197245952182,-0.0033771457457812404,-0.004057534868786842,-0.0027847183766914483
Overall,70,92,ReRZV_2d,2024,1,dRisk_Death,-3.434833355594582e-5,-3.427558256289248e-5,-4.4353167479026504e-5,-2.501976886181783e-5
Overall,70,92,ReRZV_2d,2024,1,dQ_Life,1.3750572300079078e-4,1.368398686540928e-4,1.0647386006530368e-4,1.7468424766593492e-4
Overall,70,92,ReRZV_2d,2024,1,dQ_HZ,0.006279401866864594,0.006245627815481761,0.005111683269817061,0.007540159445585248
Overall,70,92,ReRZV_2d,2024,1,dQ_HZ_Norm,0.002111857129466419,0.0021020875619911276,0.0017548063247281467,0.0025197659513965373
Overall,70,92,ReRZV_2d,2024,1,dQ_All,0.006412845376662138,0.0063801638022056295,0.005218245690634671,0.007695147928135659
Overall,70,92,ReRZV_2d,2024,1,dQ_HZ_d,0.005563205551354553,0.005533841602182537,0.0045847401689947205,0.006620279029497344
Overall,70,92,ReRZV_2d,2024,1,dQ_HZ_Norm_d,0.001896879205368364,0.0018880674130807551,0.0015890221912232452,0.0022453233363268054
Overall,70,92,ReRZV_2d,2024,1,dQ_Life_d,1.0493856221177733e-4,1.0438901851195226e-4,8.16159199524158e-5,1.3235418874728565e-4
Overall,70,92,ReRZV_2d,2024,1,dQ_All_d,0.005668144113566312,0.005638120020888593,0.004675646279057144,0.006743440000529244
Overall,70,92,ReRZV_2d,2024,1,dC_Hosp,-7.398929716982261,-7.383296391639696,-9.511223348822327,-5.438314032013468
Overall,70,92,ReRZV_2d,2024,1,dC_GP_NonPHN,-5.130200491574497,-5.111716816659665,-5.903118080627125,-4.419343526035486
Overall,70,92,ReRZV_2d,2024,1,dC_GP_PHN,-1.8612262344690844,-1.8538036212402336,-2.2604943031775044,-1.5175143929343153
Overall,70,92,ReRZV_2d,2024,1,dC_GP,-6.991426726043581,-6.97536443224511,-8.06204129786683,-5.962279757715712
Overall,70,92,ReRZV_2d,2024,1,dC_Med,-14.390356443025842,-14.317359054091007,-17.263042573350273,-11.566944081551787
Overall,70,92,ReRZV_2d,2024,1,dC_VacZVL,110,110,110,110
Overall,70,92,ReRZV_2d,2024,1,dC_VacRZV,49.383433464888604,49.38344562561332,49.381999538680354,49.38467926579226
Overall,70,92,ReRZV_2d,2024,1,dC_Vac,159.3834334648886,159.38344562561332,159.38199953868036,159.38467926579224
Overall,70,92,ReRZV_2d,2024,1,dC_All,144.99307702186275,145.06605914861052,142.120771306316,147.81601898871114
Overall,70,92,ReRZV_2d,2024,1,dC_Hosp_d,-5.909345775712039,-5.879528849365542,-7.592494132108242,-4.417512414623924
Overall,70,92,ReRZV_2d,2024,1,dC_GP_NonPHN_d,-4.612858029755435,-4.601326427485592,-5.262139200148762,-4.015908507799068
Overall,70,92,ReRZV_2d,2024,1,dC_GP_PHN_d,-1.6511843093285175,-1.642341503501687,-1.9922817191770732,-1.355250947471508
Overall,70,92,ReRZV_2d,2024,1,dC_GP_d,-6.264042339083952,-6.24614006557682,-7.181954154064719,-5.408408665297684
Overall,70,92,ReRZV_2d,2024,1,dC_Med_d,-12.17338811479599,-12.118979296034587,-14.510554080633566,-9.93007299931396
Overall,70,92,ReRZV_2d,2024,1,dC_VacZVL_d,110,110,110,110
Overall,70,92,ReRZV_2d,2024,1,dC_VacRZV_d,35.590029845909086,35.590038609993016,35.58899643302206,35.59092767921536
Overall,70,92,ReRZV_2d,2024,1,dC_Vac_d,145.5900298459091,145.59003860999303,145.58899643302203,145.59092767921535
Overall,70,92,ReRZV_2d,2024,1,dC_All_d,133.4166417311131,133.47130082087875,131.07976079673688,135.6592098986128
Overall,70,92,ReRZV_2d,2024,1,dN_VacZVL,1,1,1,1
Overall,70,92,ReRZV_2d,2024,1,dN_VacRZV,0.5809815701751601,0.5809817132425096,0.580964700455063,0.5809962266563795
Overall,70,92,ReRZV_2d,2024,1,dN_VacZVL_d,1,1,1,1
Overall,70,92,ReRZV_2d,2024,1,dN_VacRZV_d,0.4187062334812834,0.41870633658815315,0.4186940756826125,0.41871679622606317
Overall,70,92,ReRZV_2d,2024,1,ICER,23764.505787410373,23663.025480087945,19607.350185073894,28883.307780962154
Overall,70,92,ReRZV_2d,2024,1,Price0,85,85,84.99999999999999,85.00000000000001
Overall,70,92,ReRZV_2d,2024,1,Thres20,299.8193338291773,298.4116443378359,248.32521531072456,353.93257574574096
Overall,70,92,ReRZV_2d,2024,1,Thres30,435.1920985699296,433.02920381522824,360.25680746478815,515.8483470363118
Overall,70,92,ReRZV_2d,2024,1,Thres20_50,NA,298.4116443378359,NA,NA
Overall,70,92,ReRZV_2d,2024,1,Thres30_90,NA,383.70820872904716,NA,NA
Overall,70,92,ReRZV_2d,2024,1,Thres,NA,298.4116443378359,NA,NA
Overall,70,93,ReRZV_1d,2024,1,N0,1,1,1,1
Overall,70,93,ReRZV_1d,2024,1,dYear_Life,1.7841961057178503e-4,1.775717642225061e-4,1.3390345474721953e-4,2.3097405167700198e-4
Overall,70,93,ReRZV_1d,2024,1,dYear_Immunised,5.068780824000892,5.061448271988489,4.3993356658132114,5.794561455747229
Overall,70,93,ReRZV_1d,2024,1,dRisk_HZ,-0.04315765096031161,-0.04300654824365256,-0.05009713514188887,-0.036760022353852895
Overall,70,93,ReRZV_1d,2024,1,dRisk_Hosp,-0.0015013384846088833,-0.0014948171501549647,-0.0019664618626171063,-0.0010988406694128928
Overall,70,93,ReRZV_1d,2024,1,dRisk_PHN,-0.003211593224371704,-0.0031990977656348634,-0.0038873551454624037,-0.002607529564894568
Overall,70,93,ReRZV_1d,2024,1,dRisk_Death,-2.8138991913209736e-5,-2.80172981401345e-5,-3.76767268986721e-5,-1.9305807807249676e-5
Overall,70,93,ReRZV_1d,2024,1,dQ_Life,1.2309932148455794e-4,1.2252337457141493e-4,9.283720813306751e-5,1.5914222169395305e-4
Overall,70,93,ReRZV_1d,2024,1,dQ_HZ,0.00593419531186792,0.005898113504126782,0.004804085811047268,0.007159830161104848
Overall,70,93,ReRZV_1d,2024,1,dQ_HZ_Norm,0.0020180821656075204,0.00200796123780489,0.001668104837474915,0.0024195919580400943
Overall,70,93,ReRZV_1d,2024,1,dQ_All,0.006054017007800725,0.006018581032686043,0.0049047831839418524,0.007279799049402544
Overall,70,93,ReRZV_1d,2024,1,dQ_HZ_d,0.005317002628468417,0.00527893815364819,0.0043567967384213575,0.0063629077772157025
Overall,70,93,ReRZV_1d,2024,1,dQ_HZ_Norm_d,0.0018299792323174275,0.0018200129132063415,0.0015295765185694631,0.002172072478136049
Overall,70,93,ReRZV_1d,2024,1,dQ_Life_d,9.512949328324005e-5,9.46386166491564e-5,7.222250658736052e-5,1.2226017741636674e-4
Overall,70,93,ReRZV_1d,2024,1,dQ_All_d,0.005412132121751655,0.005371612720924013,0.0044376606697692726,0.006469719704870291
Overall,70,93,ReRZV_1d,2024,1,dC_Hosp,-6.339187181005053,-6.297493559590329,-8.395990315979978,-4.52031428939836
Overall,70,93,ReRZV_1d,2024,1,dC_GP_NonPHN,-4.908392784502866,-4.8929597754732415,-5.680896736247872,-4.200771084571499
Overall,70,93,ReRZV_1d,2024,1,dC_GP_PHN,-1.7699982474340292,-1.759876315674219,-2.1625247387453883,-1.4319768009569862
Overall,70,93,ReRZV_1d,2024,1,dC_GP,-6.678391031936896,-6.666623146871087,-7.768977371798332,-5.663832325292211
Overall,70,93,ReRZV_1d,2024,1,dC_Med,-13.017578212941949,-12.980218994474626,-15.909779352473965,-10.30597157929865
Overall,70,93,ReRZV_1d,2024,1,dC_VacZVL,110,110,110,110
Overall,70,93,ReRZV_1d,2024,1,dC_VacRZV,20.81515282781513,20.815159032788458,20.81441438901999,20.815777785908416
Overall,70,93,ReRZV_1d,2024,1,dC_Vac,130.81515282781513,130.81515903278844,130.81441438902002,130.8157777859084
Overall,70,93,ReRZV_1d,2024,1,dC_All,117.79757461487318,117.83532059972043,114.90491530341241,120.50885144428692
Overall,70,93,ReRZV_1d,2024,1,dC_Hosp_d,-5.154137898582625,-5.1237676782673,-6.738662381389514,-3.762619131305027
Overall,70,93,ReRZV_1d,2024,1,dC_GP_NonPHN_d,-4.454600582239553,-4.443407815886139,-5.110876609080855,-3.858310376454241
Overall,70,93,ReRZV_1d,2024,1,dC_GP_PHN_d,-1.5860569689540558,-1.5766783083298008,-1.9303019229797473,-1.2959570381780072
Overall,70,93,ReRZV_1d,2024,1,dC_GP_d,-6.0406575511936085,-6.023428117517543,-6.98066042727604,-5.182239403404277
Overall,70,93,ReRZV_1d,2024,1,dC_Med_d,-11.194795449776233,-11.145299423296397,-13.560018976053673,-9.067232609161765
Overall,70,93,ReRZV_1d,2024,1,dC_VacZVL_d,110,110,110,110
Overall,70,93,ReRZV_1d,2024,1,dC_VacRZV_d,14.779530298175713,14.779534703936843,14.77900597925111,14.779974041594327
Overall,70,93,ReRZV_1d,2024,1,dC_Vac_d,124.77953029817571,124.77953470393683,124.77900597925111,124.77997404159434
Overall,70,93,ReRZV_1d,2024,1,dC_All_d,113.58473484839948,113.63425375560922,111.21939469609644,115.71225792120855
Overall,70,93,ReRZV_1d,2024,1,dN_VacZVL,1,1,1,1
Overall,70,93,ReRZV_1d,2024,1,dN_VacRZV,0.2448841509154721,0.2448842239151583,0.2448754634002352,0.24489150336362842
Overall,70,93,ReRZV_1d,2024,1,dN_VacZVL_d,1,1,1,1
Overall,70,93,ReRZV_1d,2024,1,dN_VacRZV_d,0.17387682703736132,0.1738768788698452,0.17387065857942482,0.17388204754816855
Overall,70,93,ReRZV_1d,2024,1,ICER,21203.85182222956,21136.3964983371,17326.44967831371,25947.568687704013
Overall,70,93,ReRZV_1d,2024,1,Price0,85,85,84.99999999999999,85.00000000000001
Overall,70,93,ReRZV_1d,2024,1,Thres20,686.9080052224556,682.4476616142815,566.6649091958606,815.8869619061119
Overall,70,93,ReRZV_1d,2024,1,Thres30,998.1702835445062,992.1775093628817,821.5312344930646,1190.022931134089
Overall,70,93,ReRZV_1d,2024,1,Thres20_50,NA,682.4476616142815,NA,NA
Overall,70,93,ReRZV_1d,2024,1,Thres30_90,NA,876.1940111015203,NA,NA
Overall,70,93,ReRZV_1d,2024,1,Thres,NA,682.4476616142815,NA,NA
Overall,70,93,ReRZV_2d,2024,1,N0,1,1,1,1
Overall,70,93,ReRZV_2d,2024,1,dYear_Life,1.836990256992781e-4,1.8272953294662386e-4,1.4076987347673154e-4,2.3657902236440262e-4
Overall,70,93,ReRZV_2d,2024,1,dYear_Immunised,5.14065544835675,5.132989293117255,4.489892832401732,5.853450004275507
Overall,70,93,ReRZV_2d,2024,1,dRisk_HZ,-0.04379129396954161,-0.04365120552234085,-0.05073091717330909,-0.03754848137112109
Overall,70,93,ReRZV_2d,2024,1,dRisk_Hosp,-0.0015718964125705638,-0.0015676912249568352,-0.0020216087926451442,-0.0011852833753994826
Overall,70,93,ReRZV_2d,2024,1,dRisk_PHN,-0.0032626834118821475,-0.003249975151452131,-0.003930664435819833,-0.002666160488547927
Overall,70,93,ReRZV_2d,2024,1,dRisk_Death,-3.0030045239797946e-5,-2.990671278401199e-5,-3.907642738585146e-5,-2.1839628033436378e-5
Overall,70,93,ReRZV_2d,2024,1,dQ_Life,1.2636478474168733e-4,1.2561125501608927e-4,9.693411275719654e-5,1.6203305073547717e-4
Overall,70,93,ReRZV_2d,2024,1,dQ_HZ,0.006036954265017861,0.005991856532536683,0.004913858453894903,0.007235373079297949
Overall,70,93,ReRZV_2d,2024,1,dQ_HZ_Norm,0.0020454580154020264,0.002033944680307208,0.0016973891292222506,0.0024518058144593667
Overall,70,93,ReRZV_2d,2024,1,dQ_All,0.006159639038357631,0.006116570807917832,0.005018097783180853,0.0073806547300156525
Overall,70,93,ReRZV_2d,2024,1,dQ_HZ_d,0.005387934735477889,0.005353295269302021,0.00443599485136608,0.006428379382582893
Overall,70,93,ReRZV_2d,2024,1,dQ_HZ_Norm_d,0.0018488832499739523,0.0018383748197422739,0.0015472278456561672,0.00219237737887264
Overall,70,93,ReRZV_2d,2024,1,dQ_Life_d,9.7306669498888e-5,9.668242443705566e-5,7.503988530217498e-5,1.2414162331562118e-4
Overall,70,93,ReRZV_2d,2024,1,dQ_All_d,0.0054852414049767605,0.0054463028695872495,0.004508232012206826,0.006542439633725738
Overall,70,93,ReRZV_2d,2024,1,dC_Hosp,-6.673493979101576,-6.634728972161218,-8.64395231110999,-4.960059480529349
Overall,70,93,ReRZV_2d,2024,1,dC_GP_NonPHN,-4.972648054470261,-4.9590063072214265,-5.7391632718480885,-4.285868875012186
Overall,70,93,ReRZV_2d,2024,1,dC_GP_PHN,-1.7954203718725747,-1.7867111298983307,-2.1933027886806116,-1.4624399902481486
Overall,70,93,ReRZV_2d,2024,1,dC_GP,-6.768068426342835,-6.7487757458861655,-7.85856585008207,-5.773589182211952
Overall,70,93,ReRZV_2d,2024,1,dC_Med,-13.441562405444412,-13.384418006392714,-16.302318518562355,-10.818862435349082
Overall,70,93,ReRZV_2d,2024,1,dC_VacZVL,110,110,110,110
Overall,70,93,ReRZV_2d,2024,1,dC_VacRZV,41.63030565563026,41.630318065576915,41.62882877803998,41.63155557181683
Overall,70,93,ReRZV_2d,2024,1,dC_Vac,151.63030565563025,151.63031806557692,151.62882877804,151.63155557181682
Overall,70,93,ReRZV_2d,2024,1,dC_All,138.18874325018584,138.24595032157222,135.3268105730699,140.8115658920973
Overall,70,93,ReRZV_2d,2024,1,dC_Hosp_d,-5.384742999447992,-5.345368931497507,-6.951853537631521,-4.051196897042686
Overall,70,93,ReRZV_2d,2024,1,dC_GP_NonPHN_d,-4.498978013299355,-4.488642328330788,-5.15197522945599,-3.912675497918585
Overall,70,93,ReRZV_2d,2024,1,dC_GP_PHN_d,-1.6036283856652176,-1.5943451375903717,-1.9461570598449458,-1.3170005523778874
Overall,70,93,ReRZV_2d,2024,1,dC_GP_d,-6.102606398964572,-6.079811459655486,-7.042926687495295,-5.259593574814566
Overall,70,93,ReRZV_2d,2024,1,dC_Med_d,-11.487349398412563,-11.44938498389396,-13.855349683596891,-9.414375613076947
Overall,70,93,ReRZV_2d,2024,1,dC_VacZVL_d,110,110,110,110
Overall,70,93,ReRZV_2d,2024,1,dC_VacRZV_d,29.559060596351426,29.559069407873686,29.55801195850222,29.559948083188655
Overall,70,93,ReRZV_2d,2024,1,dC_Vac_d,139.55906059635143,139.55906940787366,139.55801195850222,139.5599480831887
Overall,70,93,ReRZV_2d,2024,1,dC_All_d,128.07171119793887,128.10941876721262,125.70421054978468,130.14397537073884
Overall,70,93,ReRZV_2d,2024,1,dN_VacZVL,1,1,1,1
Overall,70,93,ReRZV_2d,2024,1,dN_VacRZV,0.4897683018309442,0.4897684478303166,0.4897509268004704,0.48978300672725683
Overall,70,93,ReRZV_2d,2024,1,dN_VacZVL_d,1,1,1,1
Overall,70,93,ReRZV_2d,2024,1,dN_VacRZV_d,0.34775365407472264,0.3477537577396904,0.34774131715884965,0.3477640950963371
Overall,70,93,ReRZV_2d,2024,1,ICER,23578.772291854202,23509.224804483303,19335.61982395133,28803.854195552773
Overall,70,93,ReRZV_2d,2024,1,Price0,85,85,84.99999999999999,85.00000000000001
Overall,70,93,ReRZV_2d,2024,1,Thres20,348.4999288854381,346.3195810466466,287.96863496443484,413.8353024507851
Overall,70,93,ReRZV_2d,2024,1,Thres30,506.2333973954973,502.8682789474244,416.77195141523345,602.0235539113215
Overall,70,93,ReRZV_2d,2024,1,Thres20_50,NA,346.3195810466466,NA,NA
Overall,70,93,ReRZV_2d,2024,1,Thres30_90,NA,444.350316313378,NA,NA
Overall,70,93,ReRZV_2d,2024,1,Thres,NA,346.3195810466466,NA,NA
Overall,70,94,ReRZV_1d,2024,1,N0,1,1,1,1
Overall,70,94,ReRZV_1d,2024,1,dYear_Life,1.6707534079251474e-4,1.658889081461723e-4,1.2504905944741296e-4,2.1772057692901468e-4
Overall,70,94,ReRZV_1d,2024,1,dYear_Immunised,4.949746223481337,4.946659040696494,4.285338241632002,5.671712575266276
Overall,70,94,ReRZV_1d,2024,1,dRisk_HZ,-0.04208300927927794,-0.04195181524189043,-0.049040845348779366,-0.03583276220367008
Overall,70,94,ReRZV_1d,2024,1,dRisk_Hosp,-0.0013870645097026934,-0.0013793989752219843,-0.0018217651188501853,-0.001019474030082568
Overall,70,94,ReRZV_1d,2024,1,dRisk_PHN,-0.003121334123228529,-0.0031080387633012543,-0.0038025093631563643,-0.002528580358960152
Overall,70,94,ReRZV_1d,2024,1,dRisk_Death,-2.500406138158869e-5,-2.4895242601420166e-5,-3.3858142567610603e-5,-1.7323545482602525e-5
Overall,70,94,ReRZV_1d,2024,1,dQ_Life,1.1576809207993488e-4,1.1499335521847343e-4,8.687123658481787e-5,1.5080914988425677e-4
Overall,70,94,ReRZV_1d,2024,1,dQ_HZ,0.005758495004977689,0.005710171205063675,0.004662975799992209,0.006956514667764789
Overall,70,94,ReRZV_1d,2024,1,dQ_HZ_Norm,0.0019704787632137417,0.001961399466379973,0.001628364778310516,0.0023696252564998515
Overall,70,94,ReRZV_1d,2024,1,dQ_All,0.0058713354792955105,0.005822010544516587,0.004752392954399287,0.007098363976875621
Overall,70,94,ReRZV_1d,2024,1,dQ_HZ_d,0.0051919294544747335,0.00515416181292592,0.0042571264023617775,0.006215916150096972
Overall,70,94,ReRZV_1d,2024,1,dQ_HZ_Norm_d,0.0017960951946503537,0.0017868037497078071,0.0015020699214625625,0.0021347504242217492
Overall,70,94,ReRZV_1d,2024,1,dQ_Life_d,9.016407727293085e-5,8.966867122062183e-5,6.812243320486466e-5,1.1696193593921932e-4
Overall,70,94,ReRZV_1d,2024,1,dQ_All_d,0.005282093531747628,0.005244617674059704,0.004331282253476232,0.006316457799291484
Overall,70,94,ReRZV_1d,2024,1,dC_Hosp,-5.793734145222904,-5.7475029964036075,-7.643015999089498,-4.124880005381292
Overall,70,94,ReRZV_1d,2024,1,dC_GP_NonPHN,-4.7958770637291295,-4.7815860988902115,-5.565060112028389,-4.101790006391444
Overall,70,94,ReRZV_1d,2024,1,dC_GP_PHN,-1.7235897656764052,-1.712011731252196,-2.119822658560441,-1.394356505554335
Overall,70,94,ReRZV_1d,2024,1,dC_GP,-6.519466829405534,-6.49804007736539,-7.618252149973976,-5.518665993539363
Overall,70,94,ReRZV_1d,2024,1,dC_Med,-12.313200974628437,-12.247266277831244,-15.164918247541515,-9.816533096992108
Overall,70,94,ReRZV_1d,2024,1,dC_VacZVL,110,110,110,110
Overall,70,94,ReRZV_1d,2024,1,dC_VacRZV,17.19307195302534,17.193079747531165,17.192351350258754,17.193671402986233
Overall,70,94,ReRZV_1d,2024,1,dC_Vac,127.19307195302534,127.19307974753116,127.19235135025875,127.19367140298623
Overall,70,94,ReRZV_1d,2024,1,dC_All,114.8798709783969,114.94563963428368,112.0287074436796,117.37617034354952
Overall,70,94,ReRZV_1d,2024,1,dC_Hosp_d,-4.765781011055479,-4.7298680755587625,-6.290534457520132,-3.4901747297265375
Overall,70,94,ReRZV_1d,2024,1,dC_GP_NonPHN_d,-4.374514765408895,-4.363407175106799,-5.025633959189912,-3.7889131580473054
Overall,70,94,ReRZV_1d,2024,1,dC_GP_PHN_d,-1.5530295628716129,-1.5435789517581027,-1.8988841802712217,-1.2679676650423777
Overall,70,94,ReRZV_1d,2024,1,dC_GP_d,-5.927544328280508,-5.909304216745191,-6.876887366298526,-5.087748080909462
Overall,70,94,ReRZV_1d,2024,1,dC_Med_d,-10.693325339335987,-10.652605434430559,-13.017744377949922,-8.69040834567581
Overall,70,94,ReRZV_1d,2024,1,dC_VacZVL_d,110,110,110,110
Overall,70,94,ReRZV_1d,2024,1,dC_VacRZV_d,12.02730894234786,12.02731439494702,12.026804849064119,12.027728283923054
Overall,70,94,ReRZV_1d,2024,1,dC_Vac_d,122.02730894234786,122.02731439494701,122.02680484906412,122.02772828392305
Overall,70,94,ReRZV_1d,2024,1,dC_All_d,111.33398360301187,111.3747311578739,109.00994461667092,113.3369905034363
Overall,70,94,ReRZV_1d,2024,1,dN_VacZVL,1,1,1,1
Overall,70,94,ReRZV_1d,2024,1,dN_VacRZV,0.20227143474147455,0.20227152644154314,0.2022629570618677,0.20227848709395568
Overall,70,94,ReRZV_1d,2024,1,dN_VacZVL_d,1,1,1,1
Overall,70,94,ReRZV_1d,2024,1,dN_VacRZV_d,0.141497752262916,0.1414978164111414,0.14149182175369554,0.1415026856932124
Overall,70,94,ReRZV_1d,2024,1,ICER,21297.581431630806,21243.75249989157,17339.266056751745,26151.67878120109
Overall,70,94,ReRZV_1d,2024,1,Price0,85,85,84.99999999999999,85.00000000000001
Overall,70,94,ReRZV_1d,2024,1,Thres20,822.1694958830673,816.1600983926967,674.2457085817126,980.1698293327808
Overall,70,94,ReRZV_1d,2024,1,Thres30,1195.4680643319332,1186.7867296454597,980.5724935533192,1426.9032688572042
Overall,70,94,ReRZV_1d,2024,1,Thres20_50,NA,816.1600983926967,NA,NA
Overall,70,94,ReRZV_1d,2024,1,Thres30_90,NA,1046.8051778959286,NA,NA
Overall,70,94,ReRZV_1d,2024,1,Thres,NA,816.1600983926967,NA,NA
Overall,70,94,ReRZV_2d,2024,1,N0,1,1,1,1
Overall,70,94,ReRZV_2d,2024,1,dYear_Life,1.7061484717790875e-4,1.692805292616839e-4,1.2905328081327382e-4,2.21376793140049e-4
Overall,70,94,ReRZV_2d,2024,1,dYear_Immunised,5.0032828628317825,4.99684367299581,4.3408335482549925,5.7295911349939
Overall,70,94,ReRZV_2d,2024,1,dRisk_HZ,-0.042551310956152166,-0.04241808356558597,-0.04933872686215041,-0.036384837667921
Overall,70,94,ReRZV_2d,2024,1,dRisk_Hosp,-0.0014399331613764693,-0.0014343544581361667,-0.001873861648815113,-0.0010850344129097647
Overall,70,94,ReRZV_2d,2024,1,dRisk_PHN,-0.0031585740972153204,-0.0031442476023970673,-0.003838149592052308,-0.002573130118415183
Overall,70,94,ReRZV_2d,2024,1,dRisk_Death,-2.641264681964699e-5,-2.6284891089058994e-5,-3.4856581348752876e-5,-1.908009492057454e-5
Overall,70,94,ReRZV_2d,2024,1,dQ_Life,1.1790970279976154e-4,1.1694500291170584e-4,8.925383296705115e-5,1.5338480737914217e-4
Overall,70,94,ReRZV_2d,2024,1,dQ_HZ,0.0058342495429352095,0.005792063820584878,0.004734316617459019,0.0070158903419926056
Overall,70,94,ReRZV_2d,2024,1,dQ_HZ_Norm,0.001990533991603306,0.0019786116435871683,0.0016493875318772705,0.0023864562885382644
Overall,70,94,ReRZV_2d,2024,1,dQ_All,0.005948883846238099,0.005903618240829189,0.004831118365144116,0.007158054467855779
Overall,70,94,ReRZV_2d,2024,1,dQ_HZ_d,0.005243646906203554,0.005209410120391521,0.004317487205296666,0.006274274103159891
Overall,70,94,ReRZV_2d,2024,1,dQ_HZ_Norm_d,0.0018097906443330209,0.0018006453806607178,0.0015108288688060862,0.002147193542157473
Overall,70,94,ReRZV_2d,2024,1,dQ_Life_d,9.158020709809822e-5,9.10019884470259e-5,6.971267082076516e-5,1.1839138583757955e-4
Overall,70,94,ReRZV_2d,2024,1,dQ_All_d,0.005335227113301655,0.005300194817093207,0.004392067012496791,0.006381900600468082
Overall,70,94,ReRZV_2d,2024,1,dC_Hosp,-6.043578792162116,-6.0061598217448005,-7.899671318197948,-4.426264589527835
Overall,70,94,ReRZV_2d,2024,1,dC_GP_NonPHN,-4.842835139452657,-4.826308776648361,-5.607695025821177,-4.1639475201097245
Overall,70,94,ReRZV_2d,2024,1,dC_GP_PHN,-1.741899086581452,-1.732844414067023,-2.144086086190749,-1.4153275144778241
Overall,70,94,ReRZV_2d,2024,1,dC_GP,-6.58473422603411,-6.556806694498581,-7.683442902340047,-5.604806159053054
Overall,70,94,ReRZV_2d,2024,1,dC_Med,-12.628313018196225,-12.5748938610134,-15.377010704871516,-10.177698529248804
Overall,70,94,ReRZV_2d,2024,1,dC_VacZVL,110,110,110,110
Overall,70,94,ReRZV_2d,2024,1,dC_VacRZV,34.38614390605068,34.38615949506233,34.38470270051751,34.387342805972466
Overall,70,94,ReRZV_2d,2024,1,dC_Vac,144.38614390605068,144.38615949506232,144.3847027005175,144.38734280597245
Overall,70,94,ReRZV_2d,2024,1,dC_All,131.75783088785445,131.8107090903061,129.009041914426,134.20856208429845
Overall,70,94,ReRZV_2d,2024,1,dC_Hosp_d,-4.936279916053513,-4.894981722606911,-6.454516626271561,-3.674212349953812
Overall,70,94,ReRZV_2d,2024,1,dC_GP_NonPHN_d,-4.406585686422764,-4.397642571823364,-5.060210830554025,-3.8257263799968144
Overall,70,94,ReRZV_2d,2024,1,dC_GP_PHN_d,-1.5655410560611096,-1.5569617917003948,-1.9140150274228684,-1.2830136658029831
Overall,70,94,ReRZV_2d,2024,1,dC_GP_d,-5.972126742483873,-5.949942496849096,-6.910333420334044,-5.144823622775002
Overall,70,94,ReRZV_2d,2024,1,dC_Med_d,-10.908406658537386,-10.847034561960612,-13.168691395934747,-8.9694213989713365
Overall,70,94,ReRZV_2d,2024,1,dC_VacZVL_d,110,110,110,110
Overall,70,94,ReRZV_2d,2024,1,dC_VacRZV_d,24.05461788469572,24.05462878989404,24.053609698128238,24.055456567846107
Overall,70,94,ReRZV_2d,2024,1,dC_Vac_d,134.05461788469572,134.05462878989402,134.05360969812824,134.0554565678461
Overall,70,94,ReRZV_2d,2024,1,dC_All_d,123.14621122615833,123.20797569024718,120.88651485532283,125.08456772660226
Overall,70,94,ReRZV_2d,2024,1,dN_VacZVL,1,1,1,1
Overall,70,94,ReRZV_2d,2024,1,dN_VacRZV,0.4045428694829491,0.4045430528830863,0.4045259141237354,0.40455697418791137
Overall,70,94,ReRZV_2d,2024,1,dN_VacZVL_d,1,1,1,1
Overall,70,94,ReRZV_2d,2024,1,dN_VacRZV_d,0.282995504525832,0.2829956328222828,0.2829836435073911,0.2830053713864248
Overall,70,94,ReRZV_2d,2024,1,ICER,23315.348563463616,23239.417737096865,19042.72590933749,28436.001185422123
Overall,70,94,ReRZV_2d,2024,1,Price0,85,85,84.99999999999999,85.00000000000001
Overall,70,94,ReRZV_2d,2024,1,Thres20,415.5998468277173,412.97630034296685,342.6434237959553,495.2706050368998
Overall,70,94,ReRZV_2d,2024,1,Thres30,604.1266722374162,600.1546168876195,498.0738843002331,720.8170722340228
Overall,70,94,ReRZV_2d,2024,1,Thres20_50,NA,412.97630034296685,NA,NA
Overall,70,94,ReRZV_2d,2024,1,Thres30_90,NA,529.9286728067732,NA,NA
Overall,70,94,ReRZV_2d,2024,1,Thres,NA,412.97630034296685,NA,NA
Overall,70,95,ReRZV_1d,2024,1,N0,1,1,1,1
Overall,70,95,ReRZV_1d,2024,1,dYear_Life,1.586175809651813e-4,1.5746191875720683e-4,1.1755698748983079e-4,2.0909510452149505e-4
Overall,70,95,ReRZV_1d,2024,1,dYear_Immunised,4.8522435198612826,4.84855810517542,4.18794611165451,5.582410478427823
Overall,70,95,ReRZV_1d,2024,1,dRisk_HZ,-0.04121197541217384,-0.04107953952514005,-0.04806756639014717,-0.035064408017668004
Overall,70,95,ReRZV_1d,2024,1,dRisk_Hosp,-0.0012908559784660534,-0.0012815573348041055,-0.0017084106418059572,-9.46936172893961e-4
Overall,70,95,ReRZV_1d,2024,1,dRisk_PHN,-0.003049847825824509,-0.003034469737075077,-0.0037392294737840885,-0.0024691279573342737
Overall,70,95,ReRZV_1d,2024,1,dRisk_Death,-2.243618049128343e-5,-2.2262112019798546e-5,-3.0500853744253915e-5,-1.5532821458986384e-5
Overall,70,95,ReRZV_1d,2024,1,dQ_Life,1.1038102801487781e-4,1.0954901878168499e-4,8.199168540192758e-5,1.4522243902410635e-4
Overall,70,95,ReRZV_1d,2024,1,dQ_HZ,0.005614372972601911,0.005570587361161632,0.00455378353536478,0.0068014945054361425
Overall,70,95,ReRZV_1d,2024,1,dQ_HZ_Norm,0.0019317964644233916,0.001920364441137018,0.001595907140267879,0.0023210473177493174
Overall,70,95,ReRZV_1d,2024,1,dQ_All,0.005722197710448567,0.005675889713413262,0.004635410545009888,0.006933168118724442
Overall,70,95,ReRZV_1d,2024,1,dQ_HZ_d,0.005090908454684647,0.005053222261738701,0.004176902374111374,0.006123578370081503
Overall,70,95,ReRZV_1d,2024,1,dQ_HZ_Norm_d,0.0017689826143227943,0.0017605881822984112,0.001476740298058808,0.0020991044373786984
Overall,70,95,ReRZV_1d,2024,1,dQ_Life_d,8.655607070945326e-5,8.600130534031081e-5,6.46585924998e-5,1.1311051474263143e-4
Overall,70,95,ReRZV_1d,2024,1,dQ_All_d,0.005177464525394122,0.005138447735704155,0.004249506751885068,0.006217768709951343
Overall,70,95,ReRZV_1d,2024,1,dC_Hosp,-5.328784114728512,-5.279106247364895,-7.140091922502685,-3.8501736433277856
Overall,70,95,ReRZV_1d,2024,1,dC_GP_NonPHN,-4.7048480576271885,-4.688909744678642,-5.468451694037139,-4.029480962226244
Overall,70,95,ReRZV_1d,2024,1,dC_GP_PHN,-1.6869738887588785,-1.6745041030064507,-2.087216726298874,-1.3643747558631782
Overall,70,95,ReRZV_1d,2024,1,dC_GP,-6.3918219463860675,-6.369598422823746,-7.488513039687917,-5.420475708865498
Overall,70,95,ReRZV_1d,2024,1,dC_Med,-11.720606061114578,-11.638495104941484,-14.466725629748785,-9.361254072131402
Overall,70,95,ReRZV_1d,2024,1,dC_VacZVL,110,110,110,110
Overall,70,95,ReRZV_1d,2024,1,dC_VacRZV,13.887231422719672,13.887239046379833,13.886560771180692,13.88778742658643
Overall,70,95,ReRZV_1d,2024,1,dC_Vac,123.88723142271967,123.88723904637983,123.88656077118068,123.88778742658643
Overall,70,95,ReRZV_1d,2024,1,dC_All,112.1666253616051,112.24850071844314,109.42064752159204,114.52602940858213
Overall,70,95,ReRZV_1d,2024,1,dC_Hosp_d,-4.439852995994024,-4.402319820560631,-5.913444537880926,-3.249510164954524
Overall,70,95,ReRZV_1d,2024,1,dC_GP_NonPHN_d,-4.310713557032038,-4.299427292831989,-4.963104548794943,-3.728382363119552
Overall,70,95,ReRZV_1d,2024,1,dC_GP_PHN_d,-1.5273681926644957,-1.5188988836499537,-1.8753718899305079,-1.2438151528625707
Overall,70,95,ReRZV_1d,2024,1,dC_GP_d,-5.838081749696534,-5.812315247947364,-6.7698118969430885,-5.015531081880595
Overall,70,95,ReRZV_1d,2024,1,dC_Med_d,-10.277934745690558,-10.21019260146565,-12.529559743799677,-8.348198709561823
Overall,70,95,ReRZV_1d,2024,1,dC_VacZVL_d,110,110,110,110
Overall,70,95,ReRZV_1d,2024,1,dC_VacRZV_d,9.571160887211745,9.571166141482788,9.570698670259823,9.571544088319344
Overall,70,95,ReRZV_1d,2024,1,dC_Vac_d,119.57116088721175,119.57116614148279,119.57069867025982,119.57154408831934
Overall,70,95,ReRZV_1d,2024,1,dC_All_d,109.29322614152119,109.36061308248873,107.04172906059898,111.22287488532288
Overall,70,95,ReRZV_1d,2024,1,dN_VacZVL,1,1,1,1
Overall,70,95,ReRZV_1d,2024,1,dN_VacRZV,0.16337919320846672,0.16337928289858625,0.16337130319036108,0.1633857344304286
Overall,70,95,ReRZV_1d,2024,1,dN_VacZVL_d,1,1,1,1
Overall,70,95,ReRZV_1d,2024,1,dN_VacRZV_d,0.11260189279072642,0.11260195460567987,0.11259645494423322,0.11260640103905109
Overall,70,95,ReRZV_1d,2024,1,ICER,21333.3108634931,21256.46177333764,17294.730636032444,26138.12207957856
Overall,70,95,ReRZV_1d,2024,1,Price0,85,85,84.99999999999999,85.00000000000001
Overall,70,95,ReRZV_1d,2024,1,Thres20,1010.8813939194469,1004.3439092599249,831.11991593481,1210.934963333539
Overall,70,95,ReRZV_1d,2024,1,Thres30,1470.6837479130188,1461.2955537007015,1207.5426583146889,1762.8602556681562
Overall,70,95,ReRZV_1d,2024,1,Thres20_50,NA,1004.3439092599249,NA,NA
Overall,70,95,ReRZV_1d,2024,1,Thres30_90,NA,1288.0915518658003,NA,NA
Overall,70,95,ReRZV_1d,2024,1,Thres,NA,1004.3439092599249,NA,NA
Overall,70,95,ReRZV_2d,2024,1,N0,1,1,1,1
Overall,70,95,ReRZV_2d,2024,1,dYear_Life,1.6086984426459772e-4,1.595373824212487e-4,1.202067189952416e-4,2.1125747817318788e-4
Overall,70,95,ReRZV_2d,2024,1,dYear_Immunised,4.89087858321986,4.88201585751319,4.23303533660656,5.629616993310754
Overall,70,95,ReRZV_2d,2024,1,dRisk_HZ,-0.041547147656771144,-0.04141143650974952,-0.04837334172484378,-0.03548482858354157
Overall,70,95,ReRZV_2d,2024,1,dRisk_Hosp,-0.0013290615129388742,-0.0013193805918004131,-0.0017443031600588629,-9.959666166242703e-4
Overall,70,95,ReRZV_2d,2024,1,dRisk_PHN,-0.0030762167687626457,-0.0030568009818806264,-0.0037644923583043293,-0.0024998656285001317
Overall,70,95,ReRZV_2d,2024,1,dRisk_Death,-2.3452704993872845e-5,-2.3241702717572496e-5,-3.133305110492505e-5,-1.678224181213813e-5
Overall,70,95,ReRZV_2d,2024,1,dQ_Life,1.117031665038395e-4,1.1079461078811192e-4,8.35195469347294e-5,1.4670063053516812e-4
Overall,70,95,ReRZV_2d,2024,1,dQ_HZ,0.005668124315323961,0.005624562915188147,0.004611134264750701,0.006871473726105654
Overall,70,95,ReRZV_2d,2024,1,dQ_HZ_Norm,0.0019459425291022368,0.0019359421635004432,0.0016110603058810558,0.0023331750988970154
Overall,70,95,ReRZV_2d,2024,1,dQ_All,0.005776980645246471,0.005734460186617163,0.00469867687042611,0.006999501209036739
Overall,70,95,ReRZV_2d,2024,1,dQ_HZ_d,0.0051272081945465415,0.005093669296136339,0.004220971770951749,0.006177088590001365
Overall,70,95,ReRZV_2d,2024,1,dQ_HZ_Norm_d,0.0017785376651690396,0.001770489895241653,0.001482881033881422,0.0021107147821034155
Overall,70,95,ReRZV_2d,2024,1,dQ_Life_d,8.742342497466549e-5,8.673793935720653e-5,6.575914889075386e-5,1.1384930859730246e-4
Overall,70,95,ReRZV_2d,2024,1,dQ_All_d,0.0052146316195211964,0.005178225311687434,0.004294728113316681,0.00627765409491836
Overall,70,95,ReRZV_2d,2024,1,dC_Hosp,-5.507779324399218,-5.455895930359324,-7.270204359863116,-4.052460768758805
Overall,70,95,ReRZV_2d,2024,1,dC_GP_NonPHN,-4.737888489955453,-4.723474464004872,-5.499237756329845,-4.067974751854197
Overall,70,95,ReRZV_2d,2024,1,dC_GP_PHN,-1.6997149581220594,-1.6891931049552844,-2.101481526280631,-1.3763891249832096
Overall,70,95,ReRZV_2d,2024,1,dC_GP,-6.437603448077512,-6.404805981772,-7.539588952631133,-5.4819668486724495
Overall,70,95,ReRZV_2d,2024,1,dC_Med,-11.94538277247673,-11.864640031306543,-14.70607511104889,-9.622048215579635
Overall,70,95,ReRZV_2d,2024,1,dC_VacZVL,110,110,110,110
Overall,70,95,ReRZV_2d,2024,1,dC_VacRZV,27.774462845439345,27.774478092759665,27.773121542361384,27.77557485317286
Overall,70,95,ReRZV_2d,2024,1,dC_Vac,137.77446284543933,137.77447809275967,137.7731215423614,137.77557485317286
Overall,70,95,ReRZV_2d,2024,1,dC_All,125.82908007296261,125.90983713592587,123.06871535570076,128.15213385592324
Overall,70,95,ReRZV_2d,2024,1,dC_Hosp_d,-4.560704138057742,-4.523025142970026,-6.024909335080142,-3.377353344120106
Overall,70,95,ReRZV_2d,2024,1,dC_GP_NonPHN_d,-4.333032921102636,-4.320860253257745,-4.987852821870058,-3.751673943639818
Overall,70,95,ReRZV_2d,2024,1,dC_GP_PHN_d,-1.5359785152210923,-1.5266368158442742,-1.8822056080611054,-1.2512940114918363
Overall,70,95,ReRZV_2d,2024,1,dC_GP_d,-5.869011436323729,-5.842832222178627,-6.811854410103178,-5.048957637718023
Overall,70,95,ReRZV_2d,2024,1,dC_Med_d,-10.42971557438147,-10.36367642270953,-12.680258913252814,-8.516859621112758
Overall,70,95,ReRZV_2d,2024,1,dC_VacZVL_d,110,110,110,110
Overall,70,95,ReRZV_2d,2024,1,dC_VacRZV_d,19.14232177442349,19.142332282965576,19.141397340519646,19.143088176638688
Overall,70,95,ReRZV_2d,2024,1,dC_Vac_d,129.1423217744235,129.14233228296558,129.14139734051966,129.14308817663868
Overall,70,95,ReRZV_2d,2024,1,dC_All_d,118.71260620004202,118.77896828018652,116.46229601702888,120.62509420862143
Overall,70,95,ReRZV_2d,2024,1,dN_VacZVL,1,1,1,1
Overall,70,95,ReRZV_2d,2024,1,dN_VacRZV,0.32675838641693344,0.3267585657971725,0.32674260638072217,0.3267714688608572
Overall,70,95,ReRZV_2d,2024,1,dN_VacZVL_d,1,1,1,1
Overall,70,95,ReRZV_2d,2024,1,dN_VacRZV_d,0.22520378558145285,0.22520390921135974,0.22519290988846644,0.22521280207810218
Overall,70,95,ReRZV_2d,2024,1,ICER,23001.986655368644,22932.997716386573,18710.113031224093,28082.76799122851
Overall,70,95,ReRZV_2d,2024,1,Price0,85,85,84.99999999999999,85.00000000000001
Overall,70,95,ReRZV_2d,2024,1,Thres20,509.415419188749,506.0585241706548,419.4792733220562,609.1751581566984
Overall,70,95,ReRZV_2d,2024,1,Thres30,740.9669719082257,735.9279481608617,610.0675850969347,886.9795058408625
Overall,70,95,ReRZV_2d,2024,1,Thres20_50,NA,506.0585241706548,NA,NA
Overall,70,95,ReRZV_2d,2024,1,Thres30_90,NA,649.7836947691607,NA,NA
Overall,70,95,ReRZV_2d,2024,1,Thres,NA,506.0585241706548,NA,NA
Overall,70,96,ReRZV_1d,2024,1,N0,1,1,1,1
Overall,70,96,ReRZV_1d,2024,1,dYear_Life,1.5254478593607247e-4,1.5137656312091963e-4,1.115655846407826e-4,2.0304760816154397e-4
Overall,70,96,ReRZV_1d,2024,1,dYear_Immunised,4.774384182461223,4.764000099793778,4.114044551163078,5.516597535426636
Overall,70,96,ReRZV_1d,2024,1,dRisk_HZ,-0.04052179467776207,-0.040376311289879514,-0.047470583771223304,-0.03447044371883664
Overall,70,96,ReRZV_1d,2024,1,dRisk_Hosp,-0.0012134323721727787,-0.0012006335712227032,-0.0016206799565861335,-8.841977906248934e-4
Overall,70,96,ReRZV_1d,2024,1,dRisk_PHN,-0.0029936541571368995,-0.0029771008735946106,-0.0036928585064924754,-0.0024119340137168737
Overall,70,96,ReRZV_1d,2024,1,dRisk_Death,-2.0385619793712435e-5,-2.0223662245375928e-5,-2.8010489869875612e-5,-1.4005338264385478e-5
Overall,70,96,ReRZV_1d,2024,1,dQ_Life,1.0658829343144482e-4,1.0570329828762937e-4,7.806721683087935e-5,1.4167837169454245e-4
Overall,70,96,ReRZV_1d,2024,1,dQ_HZ,0.005498771224034635,0.005457143804479925,0.0044587507626759676,0.0066827873518267135
Overall,70,96,ReRZV_1d,2024,1,dQ_HZ_Norm,0.0019010467634961122,0.001889508972204931,0.0015709517394771424,0.00228284106578623
Overall,70,96,ReRZV_1d,2024,1,dQ_All,0.005603197308190773,0.005562024543764643,0.004539638605093543,0.006807878069002092
Overall,70,96,ReRZV_1d,2024,1,dQ_HZ_d,0.0050111170586554345,0.0049761247458072946,0.004116152917009461,0.006054424833166509
Overall,70,96,ReRZV_1d,2024,1,dQ_HZ_Norm_d,0.0017477590261583637,0.0017401295738906663,0.0014551433974966266,0.0020800071178966413
Overall,70,96,ReRZV_1d,2024,1,dQ_Life_d,8.404343395367686e-5,8.321592086169005e-5,6.22504787069822e-5,1.1058598018021114e-4
Overall,70,96,ReRZV_1d,2024,1,dQ_All_d,0.005095160492609101,0.005059569222160221,0.004189444700030576,0.006141463466188623
Overall,70,96,ReRZV_1d,2024,1,dC_Hosp,-4.9500270167088045,-4.8898589137512065,-6.712418676817468,-3.546599463657247
Overall,70,96,ReRZV_1d,2024,1,dC_GP_NonPHN,-4.632740124471217,-4.618658546472361,-5.399439126768355,-3.963277790862662
Overall,70,96,ReRZV_1d,2024,1,dC_GP_PHN,-1.6582396452155843,-1.6473719996891099,-2.060016502114175,-1.335479122429808
Overall,70,96,ReRZV_1d,2024,1,dC_GP,-6.290979769686802,-6.259092022995214,-7.391746285936315,-5.333975167089163
Overall,70,96,ReRZV_1d,2024,1,dC_Med,-11.241006786395607,-11.183309461524864,-13.960701878316717,-8.965536478886076
Overall,70,96,ReRZV_1d,2024,1,dC_VacZVL,110,110,110,110
Overall,70,96,ReRZV_1d,2024,1,dC_VacRZV,10.945685142682676,10.945693672218113,10.945086342763199,10.946182053207524
Overall,70,96,ReRZV_1d,2024,1,dC_Vac,120.94568514268268,120.94569367221811,120.9450863427632,120.94618205320752
Overall,70,96,ReRZV_1d,2024,1,dC_All,109.70467835628706,109.76245071326152,106.98513598791594,111.9800903304263
Overall,70,96,ReRZV_1d,2024,1,dC_Hosp_d,-4.178413978280312,-4.1284329119639,-5.6325550645264455,-3.0332175484357933
Overall,70,96,ReRZV_1d,2024,1,dC_GP_NonPHN_d,-4.26094500662457,-4.247183595885267,-4.923047228668631,-3.6765314963139533
Overall,70,96,ReRZV_1d,2024,1,dC_GP_PHN_d,-1.5075372867652361,-1.4967398076341625,-1.8573430072140673,-1.2210717023205382
Overall,70,96,ReRZV_1d,2024,1,dC_GP_d,-5.7684822933898054,-5.739933389869986,-6.715768033179935,-4.936899134978843
Overall,70,96,ReRZV_1d,2024,1,dC_Med_d,-9.946896271670118,-9.884121587531915,-12.172363469481066,-8.070740752658574
Overall,70,96,ReRZV_1d,2024,1,dC_VacZVL_d,110,110,110,110
Overall,70,96,ReRZV_1d,2024,1,dC_VacRZV_d,7.432344862896936,7.432350654626559,7.431938265461746,7.432682275341981
Overall,70,96,ReRZV_1d,2024,1,dC_Vac_d,117.43234486289694,117.43235065462656,117.43193826546174,117.43268227534199
Overall,70,96,ReRZV_1d,2024,1,dC_All_d,107.48544859122681,107.54817651594425,105.2601487351465,109.36155691721906
Overall,70,96,ReRZV_1d,2024,1,dN_VacZVL,1,1,1,1
Overall,70,96,ReRZV_1d,2024,1,dN_VacRZV,0.12877276638450205,0.1287728667319778,0.12876572167956707,0.12877861239067676
Overall,70,96,ReRZV_1d,2024,1,dN_VacZVL_d,1,1,1,1
Overall,70,96,ReRZV_1d,2024,1,dN_VacRZV_d,0.08743935132819924,0.08743941946619482,0.08743456782896171,0.08744332088637624
Overall,70,96,ReRZV_1d,2024,1,ICER,21323.348619524055,21247.264463280822,17272.673190851045,26137.250819852143
Overall,70,96,ReRZV_1d,2024,1,Price0,85,85,84.99999999999999,85.00000000000001
Overall,70,96,ReRZV_1d,2024,1,Thres20,1279.172720897352,1270.7660055662973,1051.1546168033128,1533.672832880015
Overall,70,96,ReRZV_1d,2024,1,Thres30,1861.8802943372439,1849.163863956097,1528.708277844412,2232.5435869737457
Overall,70,96,ReRZV_1d,2024,1,Thres20_50,NA,1270.7660055662973,NA,NA
Overall,70,96,ReRZV_1d,2024,1,Thres30_90,NA,1628.9936772056599,NA,NA
Overall,70,96,ReRZV_1d,2024,1,Thres,NA,1270.7660055662973,NA,NA
Overall,70,96,ReRZV_2d,2024,1,N0,1,1,1,1
Overall,70,96,ReRZV_2d,2024,1,dYear_Life,1.5387910684466278e-4,1.5246996974660476e-4,1.1328672936548046e-4,2.042972981056045e-4
Overall,70,96,ReRZV_2d,2024,1,dYear_Immunised,4.801203357357418,4.793697034208117,4.1466030439783745,5.549450768843819
Overall,70,96,ReRZV_2d,2024,1,dRisk_HZ,-0.04075235422782053,-0.040599486461028504,-0.04769177358712185,-0.034721198358672434
Overall,70,96,ReRZV_2d,2024,1,dRisk_Hosp,-0.0012399328455481406,-0.0012252152001418566,-0.0016403887899611711,-9.169578072595606e-4
Overall,70,96,ReRZV_2d,2024,1,dRisk_PHN,-0.003011583681409353,-0.002992790134803011,-0.0037141734950019737,-0.002433009859049917
Overall,70,96,ReRZV_2d,2024,1,dRisk_Death,-2.1091264567569623e-5,-2.0833287038174054e-5,-2.872777478314097e-5,-1.4880078938208316e-5
Overall,70,96,ReRZV_2d,2024,1,dQ_Life,1.0733744308421578e-4,1.0627589811118554e-4,7.907607162813691e-5,1.4266973007437397e-4
Overall,70,96,ReRZV_2d,2024,1,dQ_HZ,0.0055350260035697966,0.005495489608696889,0.004504098306566034,0.00673869350407887
Overall,70,96,ReRZV_2d,2024,1,dQ_HZ_Norm,0.0019105350076730062,0.0019006390815452258,0.0015780421423125233,0.002293614064782087
Overall,70,96,ReRZV_2d,2024,1,dQ_All,0.005639970787046896,0.005597243796869655,0.004583106372763668,0.0068572397784171
Overall,70,96,ReRZV_2d,2024,1,dQ_HZ_d,0.00503534312446957,0.005003444890039659,0.004133457788206911,0.006082649990428488
Overall,70,96,ReRZV_2d,2024,1,dQ_HZ_Norm_d,0.0017540999837698686,0.0017465107770628847,0.0014614640685250769,0.002084300032032123
Overall,70,96,ReRZV_2d,2024,1,dQ_Life_d,8.453122217251607e-5,8.367503526418574e-5,6.295570814924822e-5,1.1128062318821459e-4
Overall,70,96,ReRZV_2d,2024,1,dQ_All_d,0.005119874346642055,0.005084549289910534,0.004211465362418654,0.0061766580867380835
Overall,70,96,ReRZV_2d,2024,1,dC_Hosp,-5.071771616692281,-5.013978199773129,-6.807668318009649,-3.661362382806203
Overall,70,96,ReRZV_2d,2024,1,dC_GP_NonPHN,-4.6548448303131424,-4.6383398411645,-5.428994747669619,-3.9849070262639312
Overall,70,96,ReRZV_2d,2024,1,dC_GP_PHN,-1.666665806802074,-1.654019410171713,-2.0697442625687112,-1.3441004595008679
Overall,70,96,ReRZV_2d,2024,1,dC_GP,-6.3215106371152165,-6.283586131733411,-7.4303085875584864,-5.367115814662435
Overall,70,96,ReRZV_2d,2024,1,dC_Med,-11.393282253807499,-11.308891127807865,-14.09206156774778,-9.135585205709335
Overall,70,96,ReRZV_2d,2024,1,dC_VacZVL,110,110,110,110
Overall,70,96,ReRZV_2d,2024,1,dC_VacRZV,21.89137028536535,21.891387344436225,21.890172685526398,21.892364106415048
Overall,70,96,ReRZV_2d,2024,1,dC_Vac,131.89137028536535,131.89138734443623,131.8901726855264,131.89236410641504
Overall,70,96,ReRZV_2d,2024,1,dC_All,120.49808803155786,120.58211269339931,117.79990395191705,122.75549152614717
Overall,70,96,ReRZV_2d,2024,1,dC_Hosp_d,-4.259757347731316,-4.2128757086789825,-5.707115045716438,-3.108958323630529
Overall,70,96,ReRZV_2d,2024,1,dC_GP_NonPHN_d,-4.275718348411793,-4.261751358796124,-4.938439439870381,-3.6908777307453904
Overall,70,96,ReRZV_2d,2024,1,dC_GP_PHN_d,-1.5131703266375998,-1.5024865858741094,-1.8615347105758453,-1.2275632062478512
Overall,70,96,ReRZV_2d,2024,1,dC_GP_d,-5.788888675049392,-5.760711468088084,-6.741349281872862,-4.960311198015321
Overall,70,96,ReRZV_2d,2024,1,dC_Med_d,-10.048646022780709,-9.979646470092606,-12.265867529845513,-8.15857415195108
Overall,70,96,ReRZV_2d,2024,1,dC_VacZVL_d,110,110,110,110
Overall,70,96,ReRZV_2d,2024,1,dC_VacRZV_d,14.864689725793871,14.864701309253118,14.863876530923491,14.865364550683962
Overall,70,96,ReRZV_2d,2024,1,dC_Vac_d,124.86468972579387,124.86470130925312,124.8638765309235,124.86536455068395
Overall,70,96,ReRZV_2d,2024,1,dC_All_d,114.81604370301316,114.88523969663086,112.59917226475714,116.70515477090645
Overall,70,96,ReRZV_2d,2024,1,dN_VacZVL,1,1,1,1
Overall,70,96,ReRZV_2d,2024,1,dN_VacRZV,0.2575455327690041,0.2575457334639556,0.25753144335913414,0.2575572247813535
Overall,70,96,ReRZV_2d,2024,1,dN_VacZVL_d,1,1,1,1
Overall,70,96,ReRZV_2d,2024,1,dN_VacRZV_d,0.1748787026563985,0.17487883893238965,0.17486913565792342,0.17488664177275248
Overall,70,96,ReRZV_2d,2024,1,ICER,22664.598415794095,22592.254164022692,18349.871558057654,27660.14596481219
Overall,70,96,ReRZV_2d,2024,1,Price0,85,85,84.99999999999999,85.00000000000001
Overall,70,96,ReRZV_2d,2024,1,Thres20,642.9945894388038,638.4821602596448,529.0524318762926,771.9305075119431
Overall,70,96,ReRZV_2d,2024,1,Thres30,935.761575563888,929.0098567094108,770.5344490912969,1124.651192814185
Overall,70,96,ReRZV_2d,2024,1,Thres20_50,NA,638.4821602596448,NA,NA
Overall,70,96,ReRZV_2d,2024,1,Thres30_90,NA,818.8409594469359,NA,NA
Overall,70,96,ReRZV_2d,2024,1,Thres,NA,638.4821602596448,NA,NA
Overall,70,97,ReRZV_1d,2024,1,N0,1,1,1,1
Overall,70,97,ReRZV_1d,2024,1,dYear_Life,1.4839168103882017e-4,1.4680534702904424e-4,1.0727020302745415e-4,1.9926153047071792e-4
Overall,70,97,ReRZV_1d,2024,1,dYear_Immunised,4.7138719794066795,4.704443938261285,4.066316838342218,5.465066694823796
Overall,70,97,ReRZV_1d,2024,1,dRisk_HZ,-0.0399936504021787,-0.039830044145773916,-0.04696472027907583,-0.03398356623622557
Overall,70,97,ReRZV_1d,2024,1,dRisk_Hosp,-0.0011525354672573874,-0.001138588832127857,-0.0015505414299759102,-8.368584534946894e-4
Overall,70,97,ReRZV_1d,2024,1,dRisk_PHN,-0.0029514867651956145,-0.002929556372351652,-0.0036538842728775435,-0.002378971918710813
Overall,70,97,ReRZV_1d,2024,1,dRisk_Death,-1.879191108758979e-5,-1.8597592081173713e-5,-2.649775885706877e-5,-1.2776521393475994e-5
Overall,70,97,ReRZV_1d,2024,1,dQ_Life,1.0406999500977853e-4,1.0288825604831686e-4,7.543307338675476e-5,1.3956536151389363e-4
Overall,70,97,ReRZV_1d,2024,1,dQ_HZ,0.005409164474677071,0.005364903665783422,0.004380615590600348,0.0065923974311100815
Overall,70,97,ReRZV_1d,2024,1,dQ_HZ_Norm,0.0018774169410710867,0.00186589218596588,0.0015463619576883117,0.002258938996123535
Overall,70,97,ReRZV_1d,2024,1,dQ_All,0.005511491054608427,0.005466927637853836,0.004469032174193633,0.006722562800796127
Overall,70,97,ReRZV_1d,2024,1,dQ_HZ_d,0.0049502100955554395,0.00491546975879226,0.004054839441855278,0.0059810298893809245
Overall,70,97,ReRZV_1d,2024,1,dQ_HZ_Norm_d,0.0017316977746346545,0.0017236448282598976,0.0014409311447929549,0.0020614692770700525
Overall,70,97,ReRZV_1d,2024,1,dQ_Life_d,8.239249899718538e-5,8.150087372271742e-5,6.0371726916663705e-5,1.0928618742913617e-4
Overall,70,97,ReRZV_1d,2024,1,dQ_All_d,0.005032602594552633,0.004997270534104814,0.004124654659728533,0.0060781789960807405
Overall,70,97,ReRZV_1d,2024,1,dC_Hosp,-4.648462389551676,-4.578022339013197,-6.352475894462261,-3.2776696792103786
Overall,70,97,ReRZV_1d,2024,1,dC_GP_NonPHN,-4.5775858366564455,-4.559019217909118,-5.36133845791424,-3.902000803575644
Overall,70,97,ReRZV_1d,2024,1,dC_GP_PHN,-1.6367145544240222,-1.6244940126846865,-2.0396430113978843,-1.312652084713282
Overall,70,97,ReRZV_1d,2024,1,dC_GP,-6.214300391080468,-6.173370163222213,-7.339336793463884,-5.2449054125195795
Overall,70,97,ReRZV_1d,2024,1,dC_Med,-10.862762780632144,-10.76897117125273,-13.574092825695901,-8.616443314279309
Overall,70,97,ReRZV_1d,2024,1,dC_VacZVL,110,110,110,110
Overall,70,97,ReRZV_1d,2024,1,dC_VacRZV,8.401392010151989,8.401399410712365,8.400870528981907,8.401820771593982
Overall,70,97,ReRZV_1d,2024,1,dC_Vac,118.401392010152,118.40139941071237,118.4008705289819,118.40182077159398
Overall,70,97,ReRZV_1d,2024,1,dC_All,107.53862922951984,107.63229908611194,104.82750120664446,109.78456863687566
Overall,70,97,ReRZV_1d,2024,1,dC_Hosp_d,-3.9734357424944746,-3.921434554268462,-5.417788541405165,-2.861289072290493
Overall,70,97,ReRZV_1d,2024,1,dC_GP_NonPHN_d,-4.223456739712988,-4.207894781882725,-4.887879111650355,-3.6387329117527853
Overall,70,97,ReRZV_1d,2024,1,dC_GP_PHN_d,-1.4929072200635918,-1.4820999679810039,-1.8427014243515025,-1.2067295528645752
Overall,70,97,ReRZV_1d,2024,1,dC_GP_d,-5.716363959776579,-5.689498120875078,-6.675578063681936,-4.883976069907332
Overall,70,97,ReRZV_1d,2024,1,dC_Med_d,-9.689799702271054,-9.607057897150511,-11.923708286494133,-7.821408976977799
Overall,70,97,ReRZV_1d,2024,1,dC_VacZVL_d,110,110,110,110
Overall,70,97,ReRZV_1d,2024,1,dC_VacRZV_d,5.620411434900587,5.620416385769934,5.62006257143512,5.620698270190324
Overall,70,97,ReRZV_1d,2024,1,dC_Vac_d,115.62041143490059,115.62041638576994,115.62006257143513,115.62069827019032
Overall,70,97,ReRZV_1d,2024,1,dC_All_d,105.93061173262953,106.01309055411583,103.69687835808723,107.79903250648826
Overall,70,97,ReRZV_1d,2024,1,dN_VacZVL,1,1,1,1
Overall,70,97,ReRZV_1d,2024,1,dN_VacRZV,0.0988399060017881,0.09883999306720431,0.09883377092919889,0.09884495025404685
Overall,70,97,ReRZV_1d,2024,1,dN_VacZVL_d,1,1,1,1
Overall,70,97,ReRZV_1d,2024,1,dN_VacRZV_d,0.06612248746941868,0.06612254571494039,0.06611838319335435,0.0661258620022391
Overall,70,97,ReRZV_1d,2024,1,ICER,21279.836934447198,21221.646025449525,17172.38678066618,26057.813315319374
Overall,70,97,ReRZV_1d,2024,1,Price0,85,85,84.99999999999999,85.00000000000001
Overall,70,97,ReRZV_1d,2024,1,Thres20,1668.7480571985118,1655.9514889240631,1369.7336360451804,2008.755829949305
Overall,70,97,ReRZV_1d,2024,1,Thres30,2429.8505586163033,2411.345313341564,1994.6778804023327,2927.327913692979
Overall,70,97,ReRZV_1d,2024,1,Thres20_50,NA,1655.9514889240631,NA,NA
Overall,70,97,ReRZV_1d,2024,1,Thres30_90,NA,2121.8821986293133,NA,NA
Overall,70,97,ReRZV_1d,2024,1,Thres,NA,1655.9514889240631,NA,NA
Overall,70,97,ReRZV_2d,2024,1,N0,1,1,1,1
Overall,70,97,ReRZV_2d,2024,1,dYear_Life,1.4910209040390222e-4,1.4752705435050473e-4,1.0794255492756477e-4,2.0011805110282664e-4
Overall,70,97,ReRZV_2d,2024,1,dYear_Immunised,4.731565445811422,4.718982766363811,4.0886610488614865,5.486760242747808
Overall,70,97,ReRZV_2d,2024,1,dRisk_HZ,-0.04014459814067077,-0.03999103965994878,-0.04715071542892866,-0.034176659949123576
Overall,70,97,ReRZV_2d,2024,1,dRisk_Hosp,-0.0011699427485584095,-0.001154806072682226,-0.0015730091795307431,-8.545547783032415e-4
Overall,70,97,ReRZV_2d,2024,1,dRisk_PHN,-0.0029630743513934603,-0.0029428542084937587,-0.003668226571658958,-0.002391787204219314
Overall,70,97,ReRZV_2d,2024,1,dRisk_Death,-1.925745287109178e-5,-1.9038585072305284e-5,-2.7044034836488607e-5,-1.3322025493098029e-5
Overall,70,97,ReRZV_2d,2024,1,dQ_Life,1.0444104017062639e-4,1.031872549344115e-4,7.58115997503861e-5,1.4001968702683773e-4
Overall,70,97,ReRZV_2d,2024,1,dQ_HZ,0.005431933790497477,0.005387474770580321,0.004407348140009553,0.006626256123538446
Overall,70,97,ReRZV_2d,2024,1,dQ_HZ_Norm,0.0018833464314682905,0.0018721855762918725,0.0015518249848338744,0.002263726600371213
Overall,70,97,ReRZV_2d,2024,1,dQ_All,0.0055344642237983,0.005489284394013083,0.0044869055309091355,0.006747348058913038
Overall,70,97,ReRZV_2d,2024,1,dQ_HZ_d,0.004965271394340942,0.004930323136712669,0.004069238551055966,0.006006796957230059
Overall,70,97,ReRZV_2d,2024,1,dQ_HZ_Norm_d,0.0017356202229058953,0.0017272497612950996,0.0014438121668587504,0.0020677938691304252
Overall,70,97,ReRZV_2d,2024,1,dQ_Life_d,8.263242316261987e-5,8.178019580817875e-5,6.063299177037074e-5,1.0972246347087377e-4
Overall,70,97,ReRZV_2d,2024,1,dQ_All_d,0.0050479038175035565,0.005009793983791866,0.004142904332740116,0.006101172556695422
Overall,70,97,ReRZV_2d,2024,1,dC_Hosp,-4.725200820454418,-4.652504608788902,-6.437618066338071,-3.363937130047152
Overall,70,97,ReRZV_2d,2024,1,dC_GP_NonPHN,-4.591371284093728,-4.572093492723556,-5.380095744375168,-3.9191288334454333
Overall,70,97,ReRZV_2d,2024,1,dC_GP_PHN,-1.6419018159674896,-1.6294465597280423,-2.0449820419096376,-1.3182486539400229
Overall,70,97,ReRZV_2d,2024,1,dC_GP,-6.233273100061218,-6.192442645493685,-7.364484466496795,-5.262304319949678
Overall,70,97,ReRZV_2d,2024,1,dC_Med,-10.958473920515635,-10.854233059782697,-13.64692450517265,-8.724718590181459
Overall,70,97,ReRZV_2d,2024,1,dC_VacZVL,110,110,110,110
Overall,70,97,ReRZV_2d,2024,1,dC_VacRZV,16.802784020303978,16.80279882142473,16.801741057963813,16.803641543187965
Overall,70,97,ReRZV_2d,2024,1,dC_Vac,126.80278402030397,126.80279882142474,126.80174105796381,126.80364154318796
Overall,70,97,ReRZV_2d,2024,1,dC_All,115.84431009978834,115.94835816990191,113.15581977104229,118.07729904596377
Overall,70,97,ReRZV_2d,2024,1,dC_Hosp_d,-4.024192429375309,-3.970625294867822,-5.437692846096232,-2.918097048670323
Overall,70,97,ReRZV_2d,2024,1,dC_GP_NonPHN_d,-4.232576395725405,-4.218281544523734,-4.897626153326716,-3.648781198649146
Overall,70,97,ReRZV_2d,2024,1,dC_GP_PHN_d,-1.4963392043874724,-1.4850259587261614,-1.8477660860311633,-1.2097340428635448
Overall,70,97,ReRZV_2d,2024,1,dC_GP_d,-5.728915600112877,-5.69794132366787,-6.690961408164735,-4.891950775078172
Overall,70,97,ReRZV_2d,2024,1,dC_Med_d,-9.753108029488187,-9.666023448864035,-11.994509114444138,-7.888869778772191
Overall,70,97,ReRZV_2d,2024,1,dC_VacZVL_d,110,110,110,110
Overall,70,97,ReRZV_2d,2024,1,dC_VacRZV_d,11.240822869801175,11.240832771539868,11.24012514287024,11.241396540380649
Overall,70,97,ReRZV_2d,2024,1,dC_Vac_d,121.24082286980118,121.24083277153986,121.24012514287023,121.24139654038066
Overall,70,97,ReRZV_2d,2024,1,dC_All_d,111.48771484031299,111.57459513343315,109.24659541795886,113.35206472869928
Overall,70,97,ReRZV_2d,2024,1,dN_VacZVL,1,1,1,1
Overall,70,97,ReRZV_2d,2024,1,dN_VacRZV,0.1976798120035762,0.19767998613440863,0.19766754185839777,0.1976899005080937
Overall,70,97,ReRZV_2d,2024,1,dN_VacZVL_d,1,1,1,1
Overall,70,97,ReRZV_2d,2024,1,dN_VacRZV_d,0.13224497493883736,0.13224509142988078,0.1322367663867087,0.1322517240044782
Overall,70,97,ReRZV_2d,2024,1,ICER,22326.338848058,22266.481681464127,18006.575447109844,27308.057604730642
Overall,70,97,ReRZV_2d,2024,1,Price0,85,85,84.99999999999999,85.00000000000001
Overall,70,97,ReRZV_2d,2024,1,Thres20,837.1668202380711,830.9050777767766,688.4328326717898,1008.8870240580814
Overall,70,97,ReRZV_2d,2024,1,Thres30,1218.875106844107,1209.0931666689467,1001.1534278531799,1469.1247431463626
Overall,70,97,ReRZV_2d,2024,1,Thres20_50,NA,830.9050777767766,NA,NA
Overall,70,97,ReRZV_2d,2024,1,Thres30_90,NA,1064.2605117854541,NA,NA
Overall,70,97,ReRZV_2d,2024,1,Thres,NA,830.9050777767766,NA,NA
Overall,70,98,ReRZV_1d,2024,1,N0,1,1,1,1
Overall,70,98,ReRZV_1d,2024,1,dYear_Life,1.4574538134899838e-4,1.4389233750122798e-4,1.0465495611580168e-4,1.970744264080615e-4
Overall,70,98,ReRZV_1d,2024,1,dYear_Immunised,4.668207279673512,4.653973387803774,4.026893233198559,5.422699176374776
Overall,70,98,ReRZV_1d,2024,1,dRisk_HZ,-0.03959915610274894,-0.039431767069106095,-0.04666513046077018,-0.03361389738574032
Overall,70,98,ReRZV_1d,2024,1,dRisk_Hosp,-0.0011072235406992138,-0.0010909022296498347,-0.0015130646650380773,-7.894052156548193e-4
Overall,70,98,ReRZV_1d,2024,1,dRisk_PHN,-0.0029205974061551295,-0.002900116688862698,-0.003626767405713655,-0.0023498353081198007
Overall,70,98,ReRZV_1d,2024,1,dRisk_Death,-1.7589227831403192e-5,-1.7357543866177574e-5,-2.52907648650248e-5,-1.1690425544462283e-5
Overall,70,98,ReRZV_1d,2024,1,dQ_Life,1.0254601896613113e-4,1.013487724765838e-4,7.391557275795436e-5,1.3821586978490783e-4
Overall,70,98,ReRZV_1d,2024,1,dQ_HZ,0.005341328612420142,0.005291327623002374,0.004318737966251957,0.006525998259452173
Overall,70,98,ReRZV_1d,2024,1,dQ_HZ_Norm,0.0018596698529910786,0.0018480561468238684,0.001530742514769846,0.0022392945975471066
Overall,70,98,ReRZV_1d,2024,1,dQ_All,0.005442577106242308,0.005395537467972389,0.004401445819011673,0.006644204827137654
Overall,70,98,ReRZV_1d,2024,1,dQ_HZ_d,0.004904801642659427,0.004868035984389106,0.00401632975031482,0.005937334074631836
Overall,70,98,ReRZV_1d,2024,1,dQ_HZ_Norm_d,0.001719818186330418,0.0017106046085311223,0.001429277421091447,0.0020495879026769404
Overall,70,98,ReRZV_1d,2024,1,dQ_Life_d,8.140322915051534e-5,8.057541576800276e-5,5.9414648700073514e-5,1.0847181661457483e-4
Overall,70,98,ReRZV_1d,2024,1,dQ_All_d,0.00498620487180992,0.004945649355783566,0.004085963078893019,0.006033507377805102
Overall,70,98,ReRZV_1d,2024,1,dC_Hosp,-4.42105530906638,-4.342601071976981,-6.122055796064425,-3.080640476379465
Overall,70,98,ReRZV_1d,2024,1,dC_GP_NonPHN,-4.536216428953422,-4.515694869496105,-5.334220113887502,-3.862487135635407
Overall,70,98,ReRZV_1d,2024,1,dC_GP_PHN,-1.6209042139850989,-1.6094536515982933,-2.0266649270375265,-1.295000418508746
Overall,70,98,ReRZV_1d,2024,1,dC_GP,-6.157120642938521,-6.1185540894741575,-7.298093287856823,-5.190450965366614
Overall,70,98,ReRZV_1d,2024,1,dC_Med,-10.578175952004901,-10.46183450260559,-13.298754515838116,-8.379314104110495
Overall,70,98,ReRZV_1d,2024,1,dC_VacZVL,110,110,110,110
Overall,70,98,ReRZV_1d,2024,1,dC_VacRZV,6.261835945423753,6.261842901596179,6.261402875183003,6.26218962579286
Overall,70,98,ReRZV_1d,2024,1,dC_Vac,116.26183594542375,116.26184290159617,116.261402875183,116.26218962579286
Overall,70,98,ReRZV_1d,2024,1,dC_All,105.68365999341886,105.80008949721636,102.96330964566673,107.8824056035153
Overall,70,98,ReRZV_1d,2024,1,dC_Hosp_d,-3.8212115301106704,-3.756830191427257,-5.22955310984924,-2.7052609541953663
Overall,70,98,ReRZV_1d,2024,1,dC_GP_NonPHN_d,-4.19576490490841,-4.180580711587323,-4.861480941553131,-3.61053388277225
Overall,70,98,ReRZV_1d,2024,1,dC_GP_PHN_d,-1.48232421959071,-1.4718099508938605,-1.8356900680688277,-1.1973738114035528
Overall,70,98,ReRZV_1d,2024,1,dC_GP_d,-5.67808912449912,-5.6471235391268175,-6.646127136446427,-4.842784126445902
Overall,70,98,ReRZV_1d,2024,1,dC_Med_d,-9.49930065460979,-9.41148275057806,-11.75941490426972,-7.654392793971364
Overall,70,98,ReRZV_1d,2024,1,dC_VacZVL_d,110,110,110,110
Overall,70,98,ReRZV_1d,2024,1,dC_VacRZV_d,4.127171371184236,4.127175955992261,4.126885934913641,4.127404481650025
Overall,70,98,ReRZV_1d,2024,1,dC_Vac_d,114.12717137118423,114.12717595599227,114.12688593491364,114.12740448165002
Overall,70,98,ReRZV_1d,2024,1,dC_All_d,104.62787071657445,104.71573079819736,102.36791071539827,106.47277440044623
Overall,70,98,ReRZV_1d,2024,1,dN_VacZVL,1,1,1,1
Overall,70,98,ReRZV_1d,2024,1,dN_VacRZV,0.07366865818145592,0.07366874001877857,0.07366356323744709,0.07367281912697483
Overall,70,98,ReRZV_1d,2024,1,dN_VacZVL_d,1,1,1,1
Overall,70,98,ReRZV_1d,2024,1,dN_VacRZV_d,0.04855495730804984,0.04855501124696777,0.048551599234278126,0.04855769978411795
Overall,70,98,ReRZV_1d,2024,1,ICER,21216.810764942507,21166.499662958424,17066.160110832447,26004.537029850788
Overall,70,98,ReRZV_1d,2024,1,Price0,85,85,84.99999999999999,85.00000000000001
Overall,70,98,ReRZV_1d,2024,1,Thres20,2249.4781080808043,2231.515095388143,1845.6585264854077,2715.270232235875
Overall,70,98,ReRZV_1d,2024,1,Thres30,3276.397163950386,3248.21112964068,2682.6673444754297,3958.8977506519855
Overall,70,98,ReRZV_1d,2024,1,Thres20_50,NA,2231.515095388143,NA,NA
Overall,70,98,ReRZV_1d,2024,1,Thres30_90,NA,2856.2795912928887,NA,NA
Overall,70,98,ReRZV_1d,2024,1,Thres,NA,2231.515095388143,NA,NA
Overall,70,98,ReRZV_2d,2024,1,N0,1,1,1,1
Overall,70,98,ReRZV_2d,2024,1,dYear_Life,1.4606046240301217e-4,1.4422002428915448e-4,1.0499557057688237e-4,1.973740367418486e-4
Overall,70,98,ReRZV_2d,2024,1,dYear_Immunised,4.679053300067155,4.66257496917182,4.037500973506775,5.435821677550565
Overall,70,98,ReRZV_2d,2024,1,dRisk_HZ,-0.03969092699835271,-0.039513632165783845,-0.04679830759122498,-0.03367625719956933
Overall,70,98,ReRZV_2d,2024,1,dRisk_Hosp,-0.001117837893900503,-0.0011011277290645686,-0.0015304846156711435,-8.04571550015176e-4
Overall,70,98,ReRZV_2d,2024,1,dRisk_PHN,-0.002927571900434084,-0.0029074880813438047,-0.0036338708479624637,-0.00235529634570786
Overall,70,98,ReRZV_2d,2024,1,dRisk_Death,-1.7874606779086603e-5,-1.7627010140944846e-5,-2.5629887735621566e-5,-1.2020237982719684e-5
Overall,70,98,ReRZV_2d,2024,1,dQ_Life,1.0268953231572731e-4,1.014502308898102e-4,7.410710404345266e-5,1.3833808131038513e-4
Overall,70,98,ReRZV_2d,2024,1,dQ_HZ,0.0053539430232686204,0.005305072099845189,0.004335131927817845,0.006545758235498061
Overall,70,98,ReRZV_2d,2024,1,dQ_HZ_Norm,0.001862940213397778,0.0018504315294454884,0.0015330429243401412,0.0022415417112022773
Overall,70,98,ReRZV_2d,2024,1,dQ_All,0.005455234617445862,0.005407806881995825,0.004416533413334412,0.00666031358188621
Overall,70,98,ReRZV_2d,2024,1,dQ_HZ_d,0.004913066014407401,0.004875910845719888,0.00402575333209279,0.005946254277099205
Overall,70,98,ReRZV_2d,2024,1,dQ_HZ_Norm_d,0.0017219608234388905,0.0017126632187499844,0.0014305722454811122,0.0020521941376629156
Overall,70,98,ReRZV_2d,2024,1,dQ_Life_d,8.149545720960915e-5,8.065787479516473e-5,5.950818316633466e-5,1.0860277177417998e-4
Overall,70,98,ReRZV_2d,2024,1,dQ_All_d,0.004994561471617011,0.0049540419998415075,0.004090528344155286,0.006040278052909453
Overall,70,98,ReRZV_2d,2024,1,dC_Hosp,-4.4637291520350875,-4.386862781838898,-6.161192442601305,-3.1241975399368553
Overall,70,98,ReRZV_2d,2024,1,dC_GP_NonPHN,-4.543800051822751,-4.523924936761545,-5.344211532257008,-3.868022159236355
Overall,70,98,ReRZV_2d,2024,1,dC_GP_PHN,-1.6237324082342954,-1.612494416924048,-2.0298265692356448,-1.295700865516526
Overall,70,98,ReRZV_2d,2024,1,dC_GP,-6.167532460057045,-6.129553775282686,-7.308741554762293,-5.202959572450117
Overall,70,98,ReRZV_2d,2024,1,dC_Med,-10.631261612092132,-10.511876729876533,-13.3754691522346,-8.436127738478392
Overall,70,98,ReRZV_2d,2024,1,dC_VacZVL,110,110,110,110
Overall,70,98,ReRZV_2d,2024,1,dC_VacRZV,12.523671890847506,12.523685803192357,12.522805750366006,12.52437925158572
Overall,70,98,ReRZV_2d,2024,1,dC_Vac,122.52367189084751,122.52368580319235,122.522805750366,122.52437925158573
Overall,70,98,ReRZV_2d,2024,1,dC_All,111.89241027875538,112.01163360335192,109.14867266843765,114.08800119119147
Overall,70,98,ReRZV_2d,2024,1,dC_Hosp_d,-3.849167825756473,-3.7851310666762714,-5.255229194889005,-2.7372486719584455
Overall,70,98,ReRZV_2d,2024,1,dC_GP_NonPHN_d,-4.200733565531338,-4.183648214582075,-4.868245632659667,-3.614611137845859
Overall,70,98,ReRZV_2d,2024,1,dC_GP_PHN_d,-1.4841772528534887,-1.4731866212574776,-1.8376150820411368,-1.1996096414435873
Overall,70,98,ReRZV_2d,2024,1,dC_GP_d,-5.684910818384827,-5.65582400796499,-6.651846090851216,-4.849824201481305
Overall,70,98,ReRZV_2d,2024,1,dC_Med_d,-9.5340786441413,-9.442778985150998,-11.797852861799003,-7.694636764586468
Overall,70,98,ReRZV_2d,2024,1,dC_VacZVL_d,110,110,110,110
Overall,70,98,ReRZV_2d,2024,1,dC_VacRZV_d,8.254342742368472,8.254351911984521,8.253771869827283,8.25480896330005
Overall,70,98,ReRZV_2d,2024,1,dC_Vac_d,118.25434274236848,118.25435191198451,118.25377186982728,118.25480896330005
Overall,70,98,ReRZV_2d,2024,1,dC_All_d,108.72026409822718,108.81108640005603,106.45646974227795,110.5595183592396
Overall,70,98,ReRZV_2d,2024,1,dN_VacZVL,1,1,1,1
Overall,70,98,ReRZV_2d,2024,1,dN_VacRZV,0.14733731636291184,0.14733748003755714,0.14732712647489418,0.14734563825394967
Overall,70,98,ReRZV_2d,2024,1,dN_VacZVL_d,1,1,1,1
Overall,70,98,ReRZV_2d,2024,1,dN_VacRZV_d,0.09710991461609968,0.09711002249393554,0.09710319846855625,0.0971153995682359
Overall,70,98,ReRZV_2d,2024,1,ICER,22008.59496554951,21959.92749745262,17738.99384394982,26967.67169193445
Overall,70,98,ReRZV_2d,2024,1,Price0,85,85,84.99999999999999,85.00000000000001
Overall,70,98,ReRZV_2d,2024,1,Thres20,1126.8182435146118,1117.7645246993702,925.3268073395348,1358.3570273520195
Overall,70,98,ReRZV_2d,2024,1,Thres30,1641.1383012047072,1627.6974222951922,1345.037042148537,1980.5671294594283
Overall,70,98,ReRZV_2d,2024,1,Thres20_50,NA,1117.7645246993702,NA,NA
Overall,70,98,ReRZV_2d,2024,1,Thres30_90,NA,1431.8766060008045,NA,NA
Overall,70,98,ReRZV_2d,2024,1,Thres,NA,1117.7645246993702,NA,NA
Overall,70,99,ReRZV_1d,2024,1,N0,1,1,1,1
Overall,70,99,ReRZV_1d,2024,1,dYear_Life,0.00014425286686498674,1.4249501026775135e-4,1.0318222793452847e-4,1.957309918035221e-4
Overall,70,99,ReRZV_1d,2024,1,dYear_Immunised,4.634834353420426,4.616186344834514,3.9901792031669263,5.395258235431603
Overall,70,99,ReRZV_1d,2024,1,dRisk_HZ,-0.03931402579142289,-0.03914245087560452,-0.04647476527026394,-0.03330573569914199
Overall,70,99,ReRZV_1d,2024,1,dRisk_Hosp,-0.0010744362355162838,-0.0010575293771562617,-0.0014931793737407357,-7.622951609712352e-4
Overall,70,99,ReRZV_1d,2024,1,dRisk_PHN,-0.0028985644686474327,-0.0028753101151835665,-0.003605488456982228,-0.0023281624904887403
Overall,70,99,ReRZV_1d,2024,1,dRisk_Death,-1.6710264497526845e-5,-1.6443261200571085e-5,-2.4374894030877407e-5,-1.0870537417819653e-5
Overall,70,99,ReRZV_1d,2024,1,dQ_Life,1.0177994613699948e-4,1.0053513331076402e-4,7.32195630835264e-5,1.3738325461534192e-4
Overall,70,99,ReRZV_1d,2024,1,dQ_HZ,0.00529158204216367,0.005243748402859484,0.004273369766273394,0.00648172747565886
Overall,70,99,ReRZV_1d,2024,1,dQ_HZ_Norm,0.0018467493906261494,0.001833218706961653,0.001517833590865334,0.002224650159166393
Overall,70,99,ReRZV_1d,2024,1,dQ_All,0.005392540111714031,0.005346315629163101,0.004360164883750484,0.006592235431354743
Overall,70,99,ReRZV_1d,2024,1,dQ_HZ_d,0.0048720057664047986,0.004831540656698497,0.003989676922589249,0.005895841931302727
Overall,70,99,ReRZV_1d,2024,1,dQ_HZ_Norm_d,0.0017113002698983051,0.0017015533296559377,0.0014205344220550003,0.002039830888432086
Overall,70,99,ReRZV_1d,2024,1,dQ_Life_d,8.091033749783172e-5,8.001431110837842e-5,5.883617062383273e-5,1.079981860347523e-4
Overall,70,99,ReRZV_1d,2024,1,dQ_All_d,0.004952916103902611,0.0049120316534736475,0.004054210532884595,0.005991572090229624
Overall,70,99,ReRZV_1d,2024,1,dC_Hosp,-4.254205258247006,-4.179594576018548,-5.964875925383184,-2.927079577852531
Overall,70,99,ReRZV_1d,2024,1,dC_GP_NonPHN,-4.506192697568699,-4.485448918295183,-5.313559824462845,-3.8293614329919636
Overall,70,99,ReRZV_1d,2024,1,dC_GP_PHN,-1.6095993726520146,-1.5971758019665452,-2.016400939326474,-1.2840701671754093
Overall,70,99,ReRZV_1d,2024,1,dC_GP,-6.115792070220714,-6.077673610179533,-7.263973190092255,-5.145111410253269
Overall,70,99,ReRZV_1d,2024,1,dC_Med,-10.369997328467718,-10.257587630534687,-13.112532968129319,-8.168915696796661
Overall,70,99,ReRZV_1d,2024,1,dC_VacZVL,110,110,110,110
Overall,70,99,ReRZV_1d,2024,1,dC_VacRZV,4.517129142692449,4.517135025514266,4.516781991565354,4.517410820578468
Overall,70,99,ReRZV_1d,2024,1,dC_Vac,114.51712914269245,114.51713502551426,114.51678199156534,114.51741082057846
Overall,70,99,ReRZV_1d,2024,1,dC_All,104.14713181422474,104.25961802124685,101.40493954348878,106.34796026130115
Overall,70,99,ReRZV_1d,2024,1,dC_Hosp_d,-3.7112136893822685,-3.650978900834768,-5.1281145806090604,-2.607064387727839
Overall,70,99,ReRZV_1d,2024,1,dC_GP_NonPHN_d,-4.17597155631484,-4.159225692161838,-4.846910234727661,-3.5904210410936344
Overall,70,99,ReRZV_1d,2024,1,dC_GP_PHN_d,-1.474871439636273,-1.463617400470224,-1.8266090728664304,-1.1920348242385017
Overall,70,99,ReRZV_1d,2024,1,dC_GP_d,-5.6508429959511135,-5.6196100870092005,-6.620089419288265,-4.812892200309382
Overall,70,99,ReRZV_1d,2024,1,dC_Med_d,-9.362056685333382,-9.265058196376309,-11.604653755929101,-7.524368914542018
Overall,70,99,ReRZV_1d,2024,1,dC_VacZVL_d,110,110,110,110
Overall,70,99,ReRZV_1d,2024,1,dC_VacRZV_d,2.933237859278298,2.9332416793408047,2.933012433615954,2.9334207693110406
Overall,70,99,ReRZV_1d,2024,1,dC_Vac_d,112.9332378592783,112.93324167934081,112.93301243361596,112.93342076931104
Overall,70,99,ReRZV_1d,2024,1,dC_All_d,103.57118117394492,103.66818985274675,101.3288099209874,105.40875401243493
Overall,70,99,ReRZV_1d,2024,1,dN_VacZVL,1,1,1,1
Overall,70,99,ReRZV_1d,2024,1,dN_VacRZV,0.05314269579638175,0.05314276500605019,0.053138611665474754,0.053146009653864325
Overall,70,99,ReRZV_1d,2024,1,dN_VacZVL_d,1,1,1,1
Overall,70,99,ReRZV_1d,2024,1,dN_VacRZV_d,0.03450868069739174,0.03450872563930358,0.034506028630775926,0.03451083258012989
Overall,70,99,ReRZV_1d,2024,1,ICER,21146.077214109377,21104.07468904926,17023.531704163495,25918.768765038083
Overall,70,99,ReRZV_1d,2024,1,Price0,85,85,84.99999999999999,85.00000000000001
Overall,70,99,ReRZV_1d,2024,1,Thres20,3141.8265444628087,3115.733700699502,2576.16791605736,3788.943794350005
Overall,70,99,ReRZV_1d,2024,1,Thres30,4577.09210377584,4539.198873366365,3750.9421580008916,5526.466918950492
Overall,70,99,ReRZV_1d,2024,1,Thres20_50,NA,3115.733700699502,NA,NA
Overall,70,99,ReRZV_1d,2024,1,Thres30_90,NA,3989.0666870351038,NA,NA
Overall,70,99,ReRZV_1d,2024,1,Thres,NA,3115.733700699502,NA,NA
Overall,70,99,ReRZV_2d,2024,1,N0,1,1,1,1
Overall,70,99,ReRZV_2d,2024,1,dYear_Life,1.443461273837947e-4,1.42592967888433e-4,1.0331010923945172e-4,1.9584470940756655e-4
Overall,70,99,ReRZV_2d,2024,1,dYear_Immunised,4.640702487934987,4.619949321678872,3.995952491454598,5.403648471088554
Overall,70,99,ReRZV_2d,2024,1,dRisk_HZ,-0.0393632698254618,-0.03918398472902396,-0.04654119017341258,-0.03336300111068986
Overall,70,99,ReRZV_2d,2024,1,dRisk_Hosp,-0.0010801572801799719,-0.0010641355839841092,-0.0015013388335190102,-7.669408373003418e-4
Overall,70,99,ReRZV_2d,2024,1,dRisk_PHN,-0.002902272531152322,-0.0028792808250007913,-0.0036086459379973163,-0.002334151482131506
Overall,70,99,ReRZV_2d,2024,1,dRisk_Death,-1.686466844007698e-5,-1.6555793811836413e-5,-2.4529287999467968e-5,-1.1014933111126237e-5
Overall,70,99,ReRZV_2d,2024,1,dQ_Life,1.0180966727652052e-4,1.005570505094866e-4,7.322405885115125e-5,1.374220270037973e-4
Overall,70,99,ReRZV_2d,2024,1,dQ_HZ,0.0052967954108458564,0.005248277149658442,0.0042812774581354905,0.006482832497981161
Overall,70,99,ReRZV_2d,2024,1,dQ_HZ_Norm,0.0018480957551172872,0.0018341851783026985,0.0015186764896119541,0.0022266306109105685
Overall,70,99,ReRZV_2d,2024,1,dQ_All,0.005397753480396235,0.005350504088011299,0.004364296778854149,0.006600020179965593
Overall,70,99,ReRZV_2d,2024,1,dQ_HZ_d,0.004875391113582155,0.004836450453905566,0.003992626109355184,0.005897044215437678
Overall,70,99,ReRZV_2d,2024,1,dQ_HZ_Norm_d,0.001712174543617971,0.0017025655808563665,0.00142156650905345,0.002040840928201048
Overall,70,99,ReRZV_2d,2024,1,dQ_Life_d,8.092935196624396e-5,8.002510119364814e-5,5.8849592564325094e-5,1.0802493449091344e-4
Overall,70,99,ReRZV_2d,2024,1,dQ_All_d,0.0049563204655483995,0.0049160579215614675,0.004058649388195601,0.0059954704611605795
Overall,70,99,ReRZV_2d,2024,1,dC_Hosp,-4.272010669902222,-4.200417407712589,-5.970689708801759,-2.945623171283419
Overall,70,99,ReRZV_2d,2024,1,dC_GP_NonPHN,-4.5093032327008205,-4.489168875318241,-5.317483734243163,-3.8322523405355344
Overall,70,99,ReRZV_2d,2024,1,dC_GP_PHN,-1.6107543183397692,-1.5991137263455846,-2.0178168053103462,-1.2851725930936158
Overall,70,99,ReRZV_2d,2024,1,dC_GP,-6.120057551040589,-6.081889222620003,-7.269954417283708,-5.149354946094444
Overall,70,99,ReRZV_2d,2024,1,dC_Med,-10.39206822094281,-10.275854254898185,-13.13683279162926,-8.191021964038136
Overall,70,99,ReRZV_2d,2024,1,dC_VacZVL,110,110,110,110
Overall,70,99,ReRZV_2d,2024,1,dC_VacRZV,9.034258285384897,9.034270051028532,9.033563983130708,9.034821641156936
Overall,70,99,ReRZV_2d,2024,1,dC_Vac,119.0342582853849,119.03427005102853,119.0335639831307,119.03482164115694
Overall,70,99,ReRZV_2d,2024,1,dC_All,108.64219006444209,108.75839956614114,105.89811223160697,110.84357433234592
Overall,70,99,ReRZV_2d,2024,1,dC_Hosp_d,-3.7227757913096853,-3.6620785942496488,-5.139854321430735,-2.626533300341726
Overall,70,99,ReRZV_2d,2024,1,dC_GP_NonPHN_d,-4.177991409881992,-4.161939825146078,-4.849773647908917,-3.5924496259496737
Overall,70,99,ReRZV_2d,2024,1,dC_GP_PHN_d,-1.4756214138587749,-1.464022797074844,-1.827348159377535,-1.192988203081071
Overall,70,99,ReRZV_2d,2024,1,dC_GP_d,-5.653612823740767,-5.621792184550499,-6.623420781582343,-4.815865227466231
Overall,70,99,ReRZV_2d,2024,1,dC_Med_d,-9.376388615050452,-9.278246008374495,-11.630307770913257,-7.541147615355693
Overall,70,99,ReRZV_2d,2024,1,dC_VacZVL_d,110,110,110,110
Overall,70,99,ReRZV_2d,2024,1,dC_VacRZV_d,5.866475718556596,5.866483358681609,5.866024867231908,5.866841538622081
Overall,70,99,ReRZV_2d,2024,1,dC_Vac_d,115.8664757185566,115.86648335868162,115.86602486723191,115.86684153862208
Overall,70,99,ReRZV_2d,2024,1,dC_All_d,106.49008710350614,106.58814773105381,104.2363589489799,108.32509105468334
Overall,70,99,ReRZV_2d,2024,1,dN_VacZVL,1,1,1,1
Overall,70,99,ReRZV_2d,2024,1,dN_VacRZV,0.1062853915927635,0.10628553001210038,0.10627722333094951,0.10629201930772865
Overall,70,99,ReRZV_2d,2024,1,dN_VacZVL_d,1,1,1,1
Overall,70,99,ReRZV_2d,2024,1,dN_VacRZV_d,0.06901736139478348,0.06901745127860716,0.06901205726155185,0.06902166516025977
Overall,70,99,ReRZV_2d,2024,1,ICER,21726.39135097457,21684.75180219557,17509.418806354493,26611.09191098533
Overall,70,99,ReRZV_2d,2024,1,Price0,85,85,84.99999999999999,85.00000000000001
Overall,70,99,ReRZV_2d,2024,1,Thres20,1572.1074519228282,1559.1252174991714,1289.5713335502185,1895.9123161735952
Overall,70,99,ReRZV_2d,2024,1,Thres30,2290.2334930175716,2270.8535186222107,1877.529640269468,2765.6099679645176
Overall,70,99,ReRZV_2d,2024,1,Thres20_50,NA,1559.1252174991714,NA,NA
Overall,70,99,ReRZV_2d,2024,1,Thres30_90,NA,1996.2724563879046,NA,NA
Overall,70,99,ReRZV_2d,2024,1,Thres,NA,1559.1252174991714,NA,NA
Overall,70,NA,Vac,2024,1,N0,1,1,1,1
Overall,70,NA,Vac,2024,1,dYear_Life,1.4362234540855567e-4,1.4194266143796597e-4,1.0260662195564763e-4,1.9531967219803547e-4
Overall,70,NA,Vac,2024,1,dYear_Immunised,4.595207151853868,4.571310483535025,3.9478608318284993,5.363716873986274
Overall,70,NA,Vac,2024,1,dRisk_HZ,-0.0389817555718894,-0.038791477656042586,-0.04620431149797125,-0.0329665376818185
Overall,70,NA,Vac,2024,1,dRisk_Hosp,-0.0010359125996055607,-0.0010195495448307727,-0.0014515977959815166,-7.252073196382275e-4
Overall,70,NA,Vac,2024,1,dRisk_PHN,-0.0028733885642928695,-0.0028503879593922725,-0.0035819756404075194,-0.00230642012700345
Overall,70,NA,Vac,2024,1,dRisk_Death,-1.56665481602679e-5,-1.534193846685202e-5,-2.3515402257517925e-5,-9.841745344547337e-6
Overall,70,NA,Vac,2024,1,dQ_Life,1.0157900562733868e-4,1.0034017577620347e-4,7.290877446695099e-5,1.3720301670940845e-4
Overall,70,NA,Vac,2024,1,dQ_HZ,0.005256376825780622,0.005207680827800482,0.004242936596785029,0.006441530554603503
Overall,70,NA,Vac,2024,1,dQ_HZ_Norm,0.0018376654060708775,0.0018240032208658528,0.0015078743038671539,0.002216654997654373
Overall,70,NA,Vac,2024,1,dQ_All,0.005357334895331017,0.005306926369308407,0.004326457627071134,0.006560194040664678
Overall,70,NA,Vac,2024,1,dQ_HZ_d,0.004849144947004518,0.0048099407543174474,0.003965554336418691,0.005869566318763403
Overall,70,NA,Vac,2024,1,dQ_HZ_Norm_d,0.0017054015039855066,0.0016952390963014844,0.0014155028923915503,0.0020329186189322317
Overall,70,NA,Vac,2024,1,dQ_Life_d,8.078178330908514e-5,7.985991684478222e-5,5.8715024980937616e-5,1.0785100998758068e-4
Overall,70,NA,Vac,2024,1,dQ_All_d,0.004929926730313586,0.0048880936292761135,0.0040305275270363875,0.00596407164191941
Overall,70,NA,Vac,2024,1,dC_Hosp,-4.134135779372218,-4.051212937544449,-5.868351405558842,-2.8053586256421172
Overall,70,NA,Vac,2024,1,dC_GP_NonPHN,-4.485217748827671,-4.462126448548069,-5.292784145134474,-3.804548238685052
Overall,70,NA,Vac,2024,1,dC_GP_PHN,-1.6017635785347848,-1.590054582501235,-2.0091597685441154,-1.276609527530767
Overall,70,NA,Vac,2024,1,dC_GP,-6.086981327362456,-6.049186410867714,-7.235140409608439,-5.115426507162083
Overall,70,NA,Vac,2024,1,dC_Med,-10.221117106734674,-10.095350053626806,-12.986350450027428,-8.02020299150891
Overall,70,NA,Vac,2024,1,dC_VacZVL,110,110,110,110
Overall,70,NA,Vac,2024,1,dC_VacRZV,0,0,0,0
Overall,70,NA,Vac,2024,1,dC_Vac,110,110,110,110
Overall,70,NA,Vac,2024,1,dC_All,99.77888289326533,99.9046499463732,97.01364954997257,101.97979700849108
Overall,70,NA,Vac,2024,1,dC_Hosp_d,-3.6332455086962905,-3.5658262843264215,-5.050722974706247,-2.5304996037194782
Overall,70,NA,Vac,2024,1,dC_GP_NonPHN_d,-4.1623512873785105,-4.146094362400875,-4.837794944097824,-3.574283514181193
Overall,70,NA,Vac,2024,1,dC_GP_PHN_d,-1.4697831972513167,-1.4587587068580037,-1.8203482893913856,-1.1862041759342898
Overall,70,NA,Vac,2024,1,dC_GP_d,-5.632134484629827,-5.598721669890783,-6.6042719056965,-4.793980691125975
Overall,70,NA,Vac,2024,1,dC_Med_d,-9.265379993326118,-9.163936832756697,-11.535681363780117,-7.424208553982224
Overall,70,NA,Vac,2024,1,dC_VacZVL_d,110,110,110,110
Overall,70,NA,Vac,2024,1,dC_VacRZV_d,0,0,0,0
Overall,70,NA,Vac,2024,1,dC_Vac_d,110,110,110,110
Overall,70,NA,Vac,2024,1,dC_All_d,100.73462000667388,100.83606316724331,98.4643186362199,102.57579144601776
Overall,70,NA,Vac,2024,1,dN_VacZVL,1,1,1,1
Overall,70,NA,Vac,2024,1,dN_VacRZV,0,0,0,0
Overall,70,NA,Vac,2024,1,dN_VacZVL_d,1,1,1,1
Overall,70,NA,Vac,2024,1,dN_VacRZV_d,0,0,0,0
Overall,70,NA,Vac,2024,1,ICER,20664.965529440935,20623.945962857295,16622.185715852473,25338.16522865496
Overall,70,NA,Vac,2024,1,Price0,NA,NA,NA,NA
Overall,70,NA,Vac,2024,1,Thres20,Inf,Inf,Inf,Inf
Overall,70,NA,Vac,2024,1,Thres30,Inf,Inf,Inf,Inf
Overall,70,NA,Vac,2024,1,Thres20_50,NA,Inf,NA,NA
Overall,70,NA,Vac,2024,1,Thres30_90,NA,Inf,NA,NA
Overall,70,NA,Vac,2024,1,Thres,NA,Inf,NA,NA
Overall,75,80,ReRZV_1d,2024,1,N0,1,1,1,1
Overall,75,80,ReRZV_1d,2024,1,dYear_Life,4.7589598305515854e-4,4.7703786786446045e-4,2.8272247216789556e-4,6.527963805971204e-4
Overall,75,80,ReRZV_1d,2024,1,dYear_Immunised,7.406643226464885,7.43516530608944,4.999158640413247,9.440500678938754
Overall,75,80,ReRZV_1d,2024,1,dRisk_HZ,-0.06868939463521213,-0.06891275207779246,-0.08767906702695559,-0.04611911448362236
Overall,75,80,ReRZV_1d,2024,1,dRisk_Hosp,-0.0036178454835551544,-0.00361041704700535,-0.005105398646207455,-0.002139484390867611
Overall,75,80,ReRZV_1d,2024,1,dRisk_PHN,-0.00599567616144097,-0.0060049107302875705,-0.007900496396592988,-0.003924780747762506
Overall,75,80,ReRZV_1d,2024,1,dRisk_Death,-7.793979332843852e-5,-7.792677712655178e-5,-1.1000347526990447e-4,-4.356176003846532e-5
Overall,75,80,ReRZV_1d,2024,1,dQ_Life,3.256878183035763e-4,3.261542283290453e-4,1.9434013606058897e-4,4.458123793738888e-4
Overall,75,80,ReRZV_1d,2024,1,dQ_HZ,0.0100015469405295,0.009992167544961536,0.006439940931050153,0.013246878336714233
Overall,75,80,ReRZV_1d,2024,1,dQ_HZ_Norm,0.0031087217990253624,0.003114148941795584,0.002056661250924313,0.004133439292313823
Overall,75,80,ReRZV_1d,2024,1,dQ_All,0.01032185520919736,0.010320987650530355,0.006646059978468832,0.013684664279056192
Overall,75,80,ReRZV_1d,2024,1,dQ_HZ_d,0.008935267968765334,0.008925165562348094,0.005875278566707881,0.011737953755550304
Overall,75,80,ReRZV_1d,2024,1,dQ_HZ_Norm_d,0.002794739746364001,0.0028014016857382438,0.0018914148419417515,0.003685289672955937
Overall,75,80,ReRZV_1d,2024,1,dQ_Life_d,2.612226343122934e-4,2.6157706100349287e-4,1.578303227308897e-4,3.562831243860475e-4
Overall,75,80,ReRZV_1d,2024,1,dQ_All_d,0.009196490603077605,0.009192953954944905,0.006045464883971619,0.012075639950833227
Overall,75,80,ReRZV_1d,2024,1,dC_Hosp,-15.685131511592061,-15.689802929530465,-22.256195635358043,-9.286198317349518
Overall,75,80,ReRZV_1d,2024,1,dC_GP_NonPHN,-7.568091699679621,-7.587250705104355,-9.642568328007291,-5.140817153482456
Overall,75,80,ReRZV_1d,2024,1,dC_GP_PHN,-3.2550588595446457,-3.2638378312050387,-4.327152520540509,-2.1204127959680132
Overall,75,80,ReRZV_1d,2024,1,dC_GP,-10.823150559224267,-10.867296551766948,-13.923121856498659,-7.304727485364751
Overall,75,80,ReRZV_1d,2024,1,dC_Med,-26.50828207081633,-26.67125003515821,-35.82182905936546,-16.62109003494848
Overall,75,80,ReRZV_1d,2024,1,dC_VacZVL,110,110,110,110
Overall,75,80,ReRZV_1d,2024,1,dC_VacRZV,75.33743847368007,75.33743957260415,75.33737092060078,75.33749849222414
Overall,75,80,ReRZV_1d,2024,1,dC_Vac,185.33743847368007,185.33743957260415,185.33737092060076,185.33749849222417
Overall,75,80,ReRZV_1d,2024,1,dC_All,158.82915640286373,158.66615283683421,149.51561693147897,168.7163922577674
Overall,75,80,ReRZV_1d,2024,1,dC_Hosp_d,-13.459669249607442,-13.439736373868696,-19.078286243412027,-8.081025513763873
Overall,75,80,ReRZV_1d,2024,1,dC_GP_NonPHN_d,-6.809696505855564,-6.823118162722707,-8.595607018245817,-4.712896963825886
Overall,75,80,ReRZV_1d,2024,1,dC_GP_PHN_d,-2.921052757582291,-2.927173129368584,-3.85244812423105,-1.9272985320499898
Overall,75,80,ReRZV_1d,2024,1,dC_GP_d,-9.730749263437856,-9.77719290718111,-12.406080595719015,-6.685685758362523
Overall,75,80,ReRZV_1d,2024,1,dC_Med_d,-23.190418513045298,-23.320088759233098,-31.042981129920253,-14.80438566763449
Overall,75,80,ReRZV_1d,2024,1,dC_VacZVL_d,110,110,110,110
Overall,75,80,ReRZV_1d,2024,1,dC_VacRZV_d,69.93275515280561,69.93275617289325,69.93269244596227,69.93281086563888
Overall,75,80,ReRZV_1d,2024,1,dC_Vac_d,179.9327551528056,179.93275617289325,179.93269244596226,179.93281086563886
Overall,75,80,ReRZV_1d,2024,1,dC_All_d,156.7423366397603,156.6126261271367,148.8897842231297,165.12835865484323
Overall,75,80,ReRZV_1d,2024,1,dN_VacZVL,1,1,1,1
Overall,75,80,ReRZV_1d,2024,1,dN_VacRZV,0.8863228055727066,0.8863228185012253,0.8863220108305974,0.8863235116732253
Overall,75,80,ReRZV_1d,2024,1,dN_VacZVL_d,1,1,1,1
Overall,75,80,ReRZV_1d,2024,1,dN_VacRZV_d,0.8227382959153602,0.8227383079163912,0.8227375581877913,0.8227389513604574
Overall,75,80,ReRZV_1d,2024,1,ICER,17692.426981818688,17038.0280979129,12432.621743203266,27370.06678187531
Overall,75,80,ReRZV_1d,2024,1,Price0,85,85,84.99999999999999,85.00000000000001
Overall,75,80,ReRZV_1d,2024,1,Thres20,251.74497299744183,251.8971648483909,164.58057304656487,329.43016988145206
Overall,75,80,ReRZV_1d,2024,1,Thres30,363.52402386572834,363.6406626172346,238.02809623900575,476.08775184578343
Overall,75,80,ReRZV_1d,2024,1,Thres20_50,NA,251.8971648483909,NA,NA
Overall,75,80,ReRZV_1d,2024,1,Thres30_90,NA,279.43564603645575,NA,NA
Overall,75,80,ReRZV_1d,2024,1,Thres,NA,251.8971648483909,NA,NA
Overall,75,80,ReRZV_2d,2024,1,N0,1,1,1,1
Overall,75,80,ReRZV_2d,2024,1,dYear_Life,5.331783376779074e-4,5.372405074526299e-4,3.607711701279825e-4,6.802341885965734e-4
Overall,75,80,ReRZV_2d,2024,1,dYear_Immunised,8.119909967505832,8.236965364844195,6.026195894972718,9.598168159701792
Overall,75,80,ReRZV_2d,2024,1,dRisk_HZ,-0.07542265015890116,-0.07648753420120272,-0.08961299882432604,-0.05594265804312683
Overall,75,80,ReRZV_2d,2024,1,dRisk_Hosp,-0.004059318308439872,-0.0040809515688438585,-0.005273798677161883,-0.0027587027192683177
Overall,75,80,ReRZV_2d,2024,1,dRisk_PHN,-0.0066029400205204185,-0.006658683986697528,-0.008045871836607458,-0.004758385800350329
Overall,75,80,ReRZV_2d,2024,1,dRisk_Death,-8.827278382854914e-5,-8.888946951418073e-5,-1.150283553808619e-4,-5.807985195127828e-5
Overall,75,80,ReRZV_2d,2024,1,dQ_Life,3.645156959233118e-4,3.673348111910002e-4,2.4732707753516436e-4,4.641421708718951e-4
Overall,75,80,ReRZV_2d,2024,1,dQ_HZ,0.011011148511912134,0.01107182252466113,0.007810961182441908,0.013753579265878415
Overall,75,80,ReRZV_2d,2024,1,dQ_HZ_Norm,0.003409362536911831,0.003435552821269156,0.0024695312022013013,0.004237119767615081
Overall,75,80,ReRZV_2d,2024,1,dQ_All,0.011369512685539823,0.01144201932478417,0.008087188724136584,0.014178740738201023
Overall,75,80,ReRZV_2d,2024,1,dQ_HZ_d,0.009799795898210298,0.009844229614879824,0.007025141449521328,0.01217696280215185
Overall,75,80,ReRZV_2d,2024,1,dQ_HZ_Norm_d,0.0030531114928109833,0.003077613348922131,0.0022364019840487434,0.0037800645923621204
Overall,75,80,ReRZV_2d,2024,1,dQ_Life_d,2.9177841973704853e-4,2.9416961824413335e-4,1.9895511062868466e-4,3.708453858801697e-4
Overall,75,80,ReRZV_2d,2024,1,dQ_All_d,0.010091574317947329,0.010145136459050796,0.007251684860647645,0.012514384362422823
Overall,75,80,ReRZV_2d,2024,1,dC_Hosp,-17.638292654704067,-17.738697771337893,-23.061032557688424,-11.903546472071712
Overall,75,80,ReRZV_2d,2024,1,dC_GP_NonPHN,-8.296902655587097,-8.393339664965623,-9.831425690881716,-6.19981996816021
Overall,75,80,ReRZV_2d,2024,1,dC_GP_PHN,-3.5805221336587425,-3.6164692302021595,-4.4231518133273235,-2.563760181461643
Overall,75,80,ReRZV_2d,2024,1,dC_GP,-11.87742478924584,-12.024160880932877,-14.118287868945039,-8.808904134715226
Overall,75,80,ReRZV_2d,2024,1,dC_Med,-29.515717443949907,-29.92093309773346,-36.63862454405729,-20.831368742102168
Overall,75,80,ReRZV_2d,2024,1,dC_VacZVL,110,110,110,110
Overall,75,80,ReRZV_2d,2024,1,dC_VacRZV,150.67487694736013,150.6748791452083,150.67474184120155,150.67499698444828
Overall,75,80,ReRZV_2d,2024,1,dC_Vac,260.67487694736013,260.6748791452083,260.6747418412015,260.6749969844483
Overall,75,80,ReRZV_2d,2024,1,dC_All,231.15915950341022,230.75386101125176,224.0362446448715,239.8434935539485
Overall,75,80,ReRZV_2d,2024,1,dC_Hosp_d,-15.094665800086482,-15.163854639959482,-19.683297969828462,-10.296951625749
Overall,75,80,ReRZV_2d,2024,1,dC_GP_NonPHN_d,-7.436536381964582,-7.521023896875354,-8.751929046659935,-5.626013676630957
Overall,75,80,ReRZV_2d,2024,1,dC_GP_PHN_d,-3.2015249823907115,-3.230604074336495,-3.940633073118458,-2.3095179247551374
Overall,75,80,ReRZV_2d,2024,1,dC_GP_d,-10.638061364355293,-10.765389315632351,-12.562489488110803,-7.974792600175122
Overall,75,80,ReRZV_2d,2024,1,dC_Med_d,-25.732727164441776,-26.06146496146223,-31.805366927901243,-18.384553518872114
Overall,75,80,ReRZV_2d,2024,1,dC_VacZVL_d,110,110,110,110
Overall,75,80,ReRZV_2d,2024,1,dC_VacRZV_d,139.86551030561122,139.8655123457865,139.86538489192455,139.86562173127777
Overall,75,80,ReRZV_2d,2024,1,dC_Vac_d,249.86551030561122,249.8655123457865,249.86538489192452,249.86562173127777
Overall,75,80,ReRZV_2d,2024,1,dC_All_d,224.13278314116945,223.8040884577066,218.06007426943845,231.48089388888744
Overall,75,80,ReRZV_2d,2024,1,dN_VacZVL,1,1,1,1
Overall,75,80,ReRZV_2d,2024,1,dN_VacRZV,1.7726456111454132,1.7726456370024506,1.7726440216611947,1.7726470233464506
Overall,75,80,ReRZV_2d,2024,1,dN_VacZVL_d,1,1,1,1
Overall,75,80,ReRZV_2d,2024,1,dN_VacRZV_d,1.6454765918307204,1.6454766158327825,1.6454751163755825,1.6454779027209148
Overall,75,80,ReRZV_2d,2024,1,ICER,22674.364948811213,22043.411927577108,17585.37820747993,31847.21812991757
Overall,75,80,ReRZV_2d,2024,1,Price0,85,85,84.99999999999999,85.00000000000001
Overall,75,80,ReRZV_2d,2024,1,Thres20,138.29684009614112,139.27182192971497,99.57341147831902,170.2560774361573
Overall,75,80,ReRZV_2d,2024,1,Thres30,199.62602795002883,200.84321624656116,143.69969613410532,246.2708075326639
Overall,75,80,ReRZV_2d,2024,1,Thres20_50,NA,139.27182192971497,NA,NA
Overall,75,80,ReRZV_2d,2024,1,Thres30_90,NA,165.31239155875494,NA,NA
Overall,75,80,ReRZV_2d,2024,1,Thres,NA,139.27182192971497,NA,NA
Overall,75,81,ReRZV_1d,2024,1,N0,1,1,1,1
Overall,75,81,ReRZV_1d,2024,1,dYear_Life,4.7055940570704105e-4,4.7207433973284196e-4,2.845178571158069e-4,6.420380185892859e-4
Overall,75,81,ReRZV_1d,2024,1,dYear_Immunised,7.226359424788263,7.247511125855375,5.020287572402673,9.071671210904883
Overall,75,81,ReRZV_1d,2024,1,dRisk_HZ,-0.06699440120534672,-0.06719015690921097,-0.08417130259172664,-0.04642307924181936
Overall,75,81,ReRZV_1d,2024,1,dRisk_Hosp,-0.0035821652592975648,-0.0035784801838632126,-0.0050016279468964595,-0.002153242653493514
Overall,75,81,ReRZV_1d,2024,1,dRisk_PHN,-0.005845687814536659,-0.0058459232505293085,-0.00759771021850352,-0.003946685988254165
Overall,75,81,ReRZV_1d,2024,1,dRisk_Death,-7.797714255342557e-5,-7.805301479806058e-5,-1.096105303438464e-4,-4.422062207780913e-5
Overall,75,81,ReRZV_1d,2024,1,dQ_Life,3.2170392495507017e-4,3.226841202446096e-4,1.956496803141583e-4,4.3806185684407416e-4
Overall,75,81,ReRZV_1d,2024,1,dQ_HZ,0.009770016042717775,0.009757410565392016,0.006503034524547737,0.012770439447297223
Overall,75,81,ReRZV_1d,2024,1,dQ_HZ_Norm,0.00303068844962994,0.0030405402673754356,0.00206476436045029,0.003974852545552925
Overall,75,81,ReRZV_1d,2024,1,dQ_All,0.010086265762366644,0.01007788260130571,0.0067117341031671445,0.013171420203540228
Overall,75,81,ReRZV_1d,2024,1,dQ_HZ_d,0.008709297678727353,0.008684359222668215,0.005898689767079522,0.011290449108923467
Overall,75,81,ReRZV_1d,2024,1,dQ_HZ_Norm_d,0.0027191555793558034,0.002730201350791392,0.0018999683131842074,0.003531671084387731
Overall,75,81,ReRZV_1d,2024,1,dQ_Life_d,2.5756511160162266e-4,2.5864877787462603e-4,1.5900374895010396e-4,3.491085988148956e-4
Overall,75,81,ReRZV_1d,2024,1,dQ_All_d,0.008966862790328985,0.00895554754536132,0.006085055545596285,0.011597356860704929
Overall,75,81,ReRZV_1d,2024,1,dC_Hosp,-15.563121353966572,-15.56268704915485,-21.881776010410775,-9.344624182560857
Overall,75,81,ReRZV_1d,2024,1,dC_GP_NonPHN,-7.374909069261908,-7.394759869659367,-9.237527063826475,-5.1571731373156835
Overall,75,81,ReRZV_1d,2024,1,dC_GP_PHN,-3.170667935703374,-3.179026608545117,-4.149029051638741,-2.1263147636907687
Overall,75,81,ReRZV_1d,2024,1,dC_GP,-10.545577004965281,-10.592016670857086,-13.339059737488817,-7.318530560771839
Overall,75,81,ReRZV_1d,2024,1,dC_Med,-26.108698358931854,-26.245904799684794,-34.84938249120713,-16.794712292469104
Overall,75,81,ReRZV_1d,2024,1,dC_VacZVL,110,110,110,110
Overall,75,81,ReRZV_1d,2024,1,dC_VacRZV,72.40547671185512,72.40547949413943,72.40538539035721,72.40556238467212
Overall,75,81,ReRZV_1d,2024,1,dC_Vac,182.40547671185513,182.40547949413943,182.4053853903572,182.40556238467212
Overall,75,81,ReRZV_1d,2024,1,dC_All,156.29677835292327,156.15959488918378,147.55601434257744,165.61073598252915
Overall,75,81,ReRZV_1d,2024,1,dC_Hosp_d,-13.319518726602801,-13.304506288411362,-18.62586538642051,-8.117936969294485
Overall,75,81,ReRZV_1d,2024,1,dC_GP_NonPHN_d,-6.62281941633491,-6.645715263905473,-8.225719316816575,-4.735281420926628
Overall,75,81,ReRZV_1d,2024,1,dC_GP_PHN_d,-2.8394072158088095,-2.84562378155463,-3.685825981170043,-1.935079394782247
Overall,75,81,ReRZV_1d,2024,1,dC_GP_d,-9.46222663214372,-9.504713349611928,-11.864762528266962,-6.6899183305486964
Overall,75,81,ReRZV_1d,2024,1,dC_Med_d,-22.78174535874652,-22.883987833190705,-30.142171490366444,-14.93456838865348
Overall,75,81,ReRZV_1d,2024,1,dC_VacZVL_d,110,110,110,110
Overall,75,81,ReRZV_1d,2024,1,dC_VacRZV_d,66.2178634223617,66.2178659668781,66.21777990499876,66.21794177376759
Overall,75,81,ReRZV_1d,2024,1,dC_Vac_d,176.2178634223617,176.2178659668781,176.21777990499876,176.2179417737676
Overall,75,81,ReRZV_1d,2024,1,dC_All_d,153.43611806361517,153.33386670651632,146.07570283047946,161.28332777087857
Overall,75,81,ReRZV_1d,2024,1,dN_VacZVL,1,1,1,1
Overall,75,81,ReRZV_1d,2024,1,dN_VacRZV,0.8518291377865308,0.8518291705192875,0.8518280634159672,0.851830145702025
Overall,75,81,ReRZV_1d,2024,1,dN_VacZVL_d,1,1,1,1
Overall,75,81,ReRZV_1d,2024,1,dN_VacRZV_d,0.7790336873219023,0.7790337172573893,0.7790327047646914,0.7790346091031483
Overall,75,81,ReRZV_1d,2024,1,ICER,17685.00089576923,17138.057404459872,12703.661904717055,26489.62145059512
Overall,75,81,ReRZV_1d,2024,1,Price0,85,85,84.99999999999999,85.00000000000001
Overall,75,81,ReRZV_1d,2024,1,Thres20,259.4483446103596,259.0427794498446,175.02444768128632,334.1455995382492
Overall,75,81,ReRZV_1d,2024,1,Thres30,374.55071966757396,373.8595518081919,253.88433066031865,482.5889139152979
Overall,75,81,ReRZV_1d,2024,1,Thres20_50,NA,259.0427794498446,NA,NA
Overall,75,81,ReRZV_1d,2024,1,Thres30_90,NA,292.40995615778473,NA,NA
Overall,75,81,ReRZV_1d,2024,1,Thres,NA,259.0427794498446,NA,NA
Overall,75,81,ReRZV_2d,2024,1,N0,1,1,1,1
Overall,75,81,ReRZV_2d,2024,1,dYear_Life,5.249777096468922e-4,5.286119800604894e-4,3.598639750471477e-4,6.674506819837056e-4
Overall,75,81,ReRZV_2d,2024,1,dYear_Immunised,7.871767027346472,7.9779638361286604,5.966892127803263,9.203187982993537
Overall,75,81,ReRZV_2d,2024,1,dRisk_HZ,-0.07308920535321824,-0.07399457821057426,-0.08585808089671308,-0.05529766054235318
Overall,75,81,ReRZV_2d,2024,1,dRisk_Hosp,-0.00400308783711273,-0.004019194909330989,-0.0051748373340113896,-0.002744147936715592
Overall,75,81,ReRZV_2d,2024,1,dRisk_PHN,-0.0063960622620493806,-0.006449284079454521,-0.007726542403372507,-0.00470612707690652
Overall,75,81,ReRZV_2d,2024,1,dRisk_Death,-8.807823206015819e-5,-8.869160341776504e-5,-1.1415980995737611e-4,-5.8388875113251264e-5
Overall,75,81,ReRZV_2d,2024,1,dQ_Life,3.584861505378978e-4,3.6096037861632624e-4,2.4695234109124443e-4,4.5484127847861256e-4
Overall,75,81,ReRZV_2d,2024,1,dQ_HZ,0.010690346271464379,0.010752943235375474,0.007709880689351957,0.013298730362102565
Overall,75,81,ReRZV_2d,2024,1,dQ_HZ_Norm,0.0033021571015228956,0.003329151353528517,0.002433438176309854,0.004078592932842848
Overall,75,81,ReRZV_2d,2024,1,dQ_All,0.011042602810735665,0.011103819269029813,0.00798273481675764,0.013695082817849879
Overall,75,81,ReRZV_2d,2024,1,dQ_HZ_d,0.009489536301511909,0.009540579591936358,0.006962252418467406,0.011749583228770746
Overall,75,81,ReRZV_2d,2024,1,dQ_HZ_Norm_d,0.0029500422866946046,0.002971613827765002,0.0022044420292908545,0.0036181629620367665
Overall,75,81,ReRZV_2d,2024,1,dQ_Life_d,2.8636281631460214e-4,2.8874152311608725e-4,1.986571987413033e-4,3.616769935562036e-4
Overall,75,81,ReRZV_2d,2024,1,dQ_All_d,0.009775899117826472,0.009834955813389001,0.007163550727950208,0.012062755276968894
Overall,75,81,ReRZV_2d,2024,1,dC_Hosp,-17.435531991930187,-17.52948782426867,-22.704645385399456,-11.878494606095881
Overall,75,81,ReRZV_2d,2024,1,dC_GP_NonPHN,-8.03187507291426,-8.117307104662814,-9.411178093532879,-6.1267851542925555
Overall,75,81,ReRZV_2d,2024,1,dC_GP_PHN,-3.46450303502874,-3.5006299180076264,-4.244109651166233,-2.531589230688263
Overall,75,81,ReRZV_2d,2024,1,dC_GP,-11.496378107943,-11.629188790478,-13.542927105429664,-8.69363145488061
Overall,75,81,ReRZV_2d,2024,1,dC_Med,-28.93191009987319,-29.30622740529514,-35.801774509906835,-20.80555215722067
Overall,75,81,ReRZV_2d,2024,1,dC_VacZVL,110,110,110,110
Overall,75,81,ReRZV_2d,2024,1,dC_VacRZV,144.81095342371023,144.81095898827886,144.81077078071442,144.81112476934425
Overall,75,81,ReRZV_2d,2024,1,dC_Vac,254.81095342371023,254.81095898827886,254.8107707807144,254.81112476934425
Overall,75,81,ReRZV_2d,2024,1,dC_All,225.87904332383704,225.50477882666195,219.00906682978936,234.00547001506658
Overall,75,81,ReRZV_2d,2024,1,dC_Hosp_d,-14.876088282125242,-14.92840774142134,-19.340412040064813,-10.256597892276975
Overall,75,81,ReRZV_2d,2024,1,dC_GP_NonPHN_d,-7.1819947831427635,-7.257978099043633,-8.362759608130427,-5.555565173124135
Overall,75,81,ReRZV_2d,2024,1,dC_GP_PHN_d,-3.090095382629368,-3.1185986392644236,-3.7666969749503205,-2.2898665031973398
Overall,75,81,ReRZV_2d,2024,1,dC_GP_d,-10.27209016577213,-10.390359440245826,-12.031707789630183,-7.857320858643589
Overall,75,81,ReRZV_2d,2024,1,dC_Med_d,-25.148178447897372,-25.457198420755702,-30.942894703290982,-18.35533376651298
Overall,75,81,ReRZV_2d,2024,1,dC_VacZVL_d,110,110,110,110
Overall,75,81,ReRZV_2d,2024,1,dC_VacRZV_d,132.4357268447234,132.4357319337562,132.43555980999753,132.43588354753518
Overall,75,81,ReRZV_2d,2024,1,dC_Vac_d,242.4357268447234,242.4357319337562,242.43555980999753,242.43588354753518
Overall,75,81,ReRZV_2d,2024,1,dC_All_d,217.28754839682603,216.9785339588721,211.4928114285109,224.08047638252398
Overall,75,81,ReRZV_2d,2024,1,dN_VacZVL,1,1,1,1
Overall,75,81,ReRZV_2d,2024,1,dN_VacRZV,1.7036582755730616,1.703658341038575,1.7036561268319343,1.70366029140405
Overall,75,81,ReRZV_2d,2024,1,dN_VacZVL_d,1,1,1,1
Overall,75,81,ReRZV_2d,2024,1,dN_VacRZV_d,1.5580673746438045,1.5580674345147787,1.5580654095293829,1.5580692182062965
Overall,75,81,ReRZV_2d,2024,1,ICER,22646.14275102101,22091.32039491531,17748.31154725307,31199.242717803943
Overall,75,81,ReRZV_2d,2024,1,Price0,85,85,84.99999999999999,85.00000000000001
Overall,75,81,ReRZV_2d,2024,1,Thres20,141.62812459651363,142.51922984314402,104.08296031512627,173.03957591547123
Overall,75,81,ReRZV_2d,2024,1,Thres30,204.37187531849742,205.44240425236052,150.06920866937952,250.27691476202577
Overall,75,81,ReRZV_2d,2024,1,Thres20_50,NA,142.51922984314402,NA,NA
Overall,75,81,ReRZV_2d,2024,1,Thres30_90,NA,170.59119517965286,NA,NA
Overall,75,81,ReRZV_2d,2024,1,Thres,NA,142.51922984314402,NA,NA
Overall,75,82,ReRZV_1d,2024,1,N0,1,1,1,1
Overall,75,82,ReRZV_1d,2024,1,dYear_Life,4.6191620321988844e-4,4.632589634718798e-4,2.861680936029565e-4,6.272470523227547e-4
Overall,75,82,ReRZV_1d,2024,1,dYear_Immunised,7.013800912135588,7.030007320767017,5.029381849235379,8.67213974062134
Overall,75,82,ReRZV_1d,2024,1,dRisk_HZ,-0.06496571811603648,-0.06515931702860461,-0.08055212444605363,-0.046341790919445826
Overall,75,82,ReRZV_1d,2024,1,dRisk_Hosp,-0.0035210766679295152,-0.003523678460581744,-0.004853961637019257,-0.002159551195386945
Overall,75,82,ReRZV_1d,2024,1,dRisk_PHN,-0.0056574141326572345,-0.005665890016560365,-0.007266443357087774,-0.003930635930169427
Overall,75,82,ReRZV_1d,2024,1,dRisk_Death,-7.754617012051854e-5,-7.779696538359762e-5,-1.0847867489200196e-4,-4.4555969422139334e-5
Overall,75,82,ReRZV_1d,2024,1,dQ_Life,3.154416661823385e-4,3.164412060145949e-4,1.9683712855753655e-4,4.273454080610417e-4
Overall,75,82,ReRZV_1d,2024,1,dQ_HZ,0.009486799623298521,0.009453692881311381,0.00648138348197987,0.012289990973156419
Overall,75,82,ReRZV_1d,2024,1,dQ_HZ_Norm,0.002938053860948575,0.002945935662292572,0.0020662555567287854,0.003800556645366296
Overall,75,82,ReRZV_1d,2024,1,dQ_All,0.009796725666605086,0.009758248719344387,0.006683820001802543,0.012641728382534585
Overall,75,82,ReRZV_1d,2024,1,dQ_HZ_d,0.008440913034718433,0.008420025550318734,0.005887030461855123,0.010820792137528507
Overall,75,82,ReRZV_1d,2024,1,dQ_HZ_Norm_d,0.002631786334192867,0.0026361545017583666,0.0018923418221169976,0.0033726758423553906
Overall,75,82,ReRZV_1d,2024,1,dQ_Life_d,2.5208978447061183e-4,2.5286532460455646e-4,1.5934267534318814e-4,3.3979984550471795e-4
Overall,75,82,ReRZV_1d,2024,1,dQ_All_d,0.008693002819189048,0.00866536690692854,0.006056170151795514,0.01112862420706664
Overall,75,82,ReRZV_1d,2024,1,dC_Hosp,-15.331472914940985,-15.318326490472245,-21.402911477427285,-9.322793311709692
Overall,75,82,ReRZV_1d,2024,1,dC_GP_NonPHN,-7.146939218757646,-7.173171343424233,-8.826986880154122,-5.15940792789043
Overall,75,82,ReRZV_1d,2024,1,dC_GP_PHN,-3.0658014697176643,-3.06669305103894,-3.9605719451939607,-2.120860047625963
Overall,75,82,ReRZV_1d,2024,1,dC_GP,-10.21274068847531,-10.261532715577511,-12.73158041974249,-7.281100516016648
Overall,75,82,ReRZV_1d,2024,1,dC_Med,-25.544213603416296,-25.65743750656101,-33.73815960335283,-16.78444184245667
Overall,75,82,ReRZV_1d,2024,1,dC_VacZVL,110,110,110,110
Overall,75,82,ReRZV_1d,2024,1,dC_VacRZV,69.24060045468671,69.24060356659882,69.24048015082913,69.24071524885177
Overall,75,82,ReRZV_1d,2024,1,dC_Vac,179.2406004546867,179.24060356659882,179.24048015082911,179.2407152488518
Overall,75,82,ReRZV_1d,2024,1,dC_All,153.6963868512704,153.58320515680572,145.50250587429977,162.45620146380327
Overall,75,82,ReRZV_1d,2024,1,dC_Hosp_d,-13.084039635794177,-13.065948811203278,-18.213065068682972,-8.084092625283452
Overall,75,82,ReRZV_1d,2024,1,dC_GP_NonPHN_d,-6.407983988770427,-6.433791465755573,-7.8215130605739915,-4.724185955746826
Overall,75,82,ReRZV_1d,2024,1,dC_GP_PHN_d,-2.7407374848486046,-2.7477989169949204,-3.5023123937673635,-1.9287358188671713
Overall,75,82,ReRZV_1d,2024,1,dC_GP_d,-9.148721473619032,-9.185653119382037,-11.287587706358282,-6.672474585617889
Overall,75,82,ReRZV_1d,2024,1,dC_Med_d,-22.232761109413207,-22.341409133446422,-29.1045047316783,-14.88823019090812
Overall,75,82,ReRZV_1d,2024,1,dC_VacZVL_d,110,110,110,110
Overall,75,82,ReRZV_1d,2024,1,dC_VacRZV_d,62.38763601091935,62.387638814835526,62.38752761392065,62.38773944353749
Overall,75,82,ReRZV_1d,2024,1,dC_Vac_d,172.38763601091935,172.38763881483553,172.38752761392064,172.3877394435375
Overall,75,82,ReRZV_1d,2024,1,dC_All_d,150.15487490150613,150.04623189668553,143.2831854600071,157.4994454161804
Overall,75,82,ReRZV_1d,2024,1,dN_VacZVL,1,1,1,1
Overall,75,82,ReRZV_1d,2024,1,dN_VacRZV,0.8145952994669025,0.814595336077633,0.8145938841274014,0.8145966499864915
Overall,75,82,ReRZV_1d,2024,1,dN_VacZVL_d,1,1,1,1
Overall,75,82,ReRZV_1d,2024,1,dN_VacRZV_d,0.7339721883637571,0.7339722213510061,0.7339709131049487,0.7339734052180881
Overall,75,82,ReRZV_1d,2024,1,ICER,17780.144683951912,17297.55464135653,13043.510702316042,25951.284042637428
Overall,75,82,ReRZV_1d,2024,1,Price0,85,85,84.99999999999999,85.00000000000001
Overall,75,82,ReRZV_1d,2024,1,Thres20,267.16654905970285,266.7100778941935,185.95766389367478,339.6641061130658
Overall,75,82,ReRZV_1d,2024,1,Thres30,385.60431718286736,384.9465628985849,268.3201904974189,490.7493811435675
Overall,75,82,ReRZV_1d,2024,1,Thres20_50,NA,266.7100778941935,NA,NA
Overall,75,82,ReRZV_1d,2024,1,Thres30_90,NA,306.2501822115568,NA,NA
Overall,75,82,ReRZV_1d,2024,1,Thres,NA,266.7100778941935,NA,NA
Overall,75,82,ReRZV_2d,2024,1,N0,1,1,1,1
Overall,75,82,ReRZV_2d,2024,1,dYear_Life,5.130858316145206e-4,5.168587211841214e-4,3.5661822643042737e-4,6.496242456786482e-4
Overall,75,82,ReRZV_2d,2024,1,dYear_Immunised,7.592724224462776,7.682960372662682,5.88137204167571,8.79516678818663
Overall,75,82,ReRZV_2d,2024,1,dRisk_HZ,-0.07042687485449416,-0.07121554467346403,-0.08184319781930698,-0.0542603485941151
Overall,75,82,ReRZV_2d,2024,1,dRisk_Hosp,-0.003918273968600563,-0.003936032972443631,-0.005038800529676655,-0.0027215191795550084
Overall,75,82,ReRZV_2d,2024,1,dRisk_PHN,-0.0061493418487471975,-0.006189509746177713,-0.007403912925351855,-0.004608474469560346
Overall,75,82,ReRZV_2d,2024,1,dRisk_Death,-8.734380898517115e-5,-8.793354513713678e-5,-1.1267362463123866e-4,-5.825748341217615e-5
Overall,75,82,ReRZV_2d,2024,1,dQ_Life,3.499208358213073e-4,3.5268411729205695e-4,2.4393802890720906e-4,4.4190855572572295e-4
Overall,75,82,ReRZV_2d,2024,1,dQ_HZ,0.010317393536089407,0.010369448557488215,0.007621954331035648,0.012750286907856654
Overall,75,82,ReRZV_2d,2024,1,dQ_HZ_Norm,0.003180727102165603,0.003203707161607762,0.002397188617279309,0.0038975072707196218
Overall,75,82,ReRZV_2d,2024,1,dQ_All,0.010661022272818373,0.01072740324027599,0.007860767599452112,0.013150002603593202
Overall,75,82,ReRZV_2d,2024,1,dQ_HZ_d,0.009137880140420766,0.009175390125162886,0.0068571415547292,0.011220434582758499
Overall,75,82,ReRZV_2d,2024,1,dQ_HZ_Norm_d,0.0028359975080178125,0.002854490397181779,0.002174407732544153,0.003454106417193834
Overall,75,82,ReRZV_2d,2024,1,dQ_Life_d,2.789385830851767e-4,2.8114737072204576e-4,1.9596730492494886e-4,3.504362117141113e-4
Overall,75,82,ReRZV_2d,2024,1,dQ_All_d,0.009416818723505914,0.009461918018216053,0.007042873503917057,0.01154345189874446
Overall,75,82,ReRZV_2d,2024,1,dC_Hosp,-17.108544219579063,-17.162658588779422,-22.265468698374907,-11.766835870696202
Overall,75,82,ReRZV_2d,2024,1,dC_GP_NonPHN,-7.733228613284547,-7.812918720424449,-8.979735383706245,-6.006015363476776
Overall,75,82,ReRZV_2d,2024,1,dC_GP_PHN,-3.3273321459065883,-3.352642914860392,-4.038650756564967,-2.4933172468367966
Overall,75,82,ReRZV_2d,2024,1,dC_GP,-11.060560759191135,-11.177810600266762,-12.90906145208688,-8.537495029377062
Overall,75,82,ReRZV_2d,2024,1,dC_Med,-28.169104978770196,-28.50750880050867,-34.70208049015566,-20.53204924123149
Overall,75,82,ReRZV_2d,2024,1,dC_VacZVL,110,110,110,110
Overall,75,82,ReRZV_2d,2024,1,dC_VacRZV,138.48120090937343,138.48120713319764,138.48096030165826,138.48143049770354
Overall,75,82,ReRZV_2d,2024,1,dC_Vac,248.48120090937343,248.48120713319764,248.48096030165823,248.48143049770354
Overall,75,82,ReRZV_2d,2024,1,dC_All,220.31209593060322,219.97379059368464,213.7792892265911,227.9492446640051
Overall,75,82,ReRZV_2d,2024,1,dC_Hosp_d,-14.55037515885165,-14.600041034559784,-18.832178499594203,-10.120017929725218
Overall,75,82,ReRZV_2d,2024,1,dC_GP_NonPHN_d,-6.901706009531294,-6.971766079373773,-7.961807365018731,-5.446677923222631
Overall,75,82,ReRZV_2d,2024,1,dC_GP_PHN_d,-2.961527599664417,-2.982140807643666,-3.574896408988885,-2.2446225020920547
Overall,75,82,ReRZV_2d,2024,1,dC_GP_d,-9.863233609195712,-9.963990100492149,-11.426225059006304,-7.720788309051895
Overall,75,82,ReRZV_2d,2024,1,dC_Med_d,-24.41360876804736,-24.670681640242112,-29.942143617716447,-18.017531293382216
Overall,75,82,ReRZV_2d,2024,1,dC_VacZVL_d,110,110,110,110
Overall,75,82,ReRZV_2d,2024,1,dC_VacRZV_d,124.7752720218387,124.77527762967105,124.7750552278413,124.77547888707498
Overall,75,82,ReRZV_2d,2024,1,dC_Vac_d,234.7752720218387,234.77527762967105,234.77505522784128,234.77547888707497
Overall,75,82,ReRZV_2d,2024,1,dC_All_d,210.36166325379133,210.10442408440989,204.83299247954727,216.75768726433577
Overall,75,82,ReRZV_2d,2024,1,dN_VacZVL,1,1,1,1
Overall,75,82,ReRZV_2d,2024,1,dN_VacRZV,1.629190598933805,1.629190672155266,1.6291877682548028,1.629193299972983
Overall,75,82,ReRZV_2d,2024,1,dN_VacZVL_d,1,1,1,1
Overall,75,82,ReRZV_2d,2024,1,dN_VacRZV_d,1.4679443767275142,1.4679444427020123,1.4679418262098973,1.4679468104361761
Overall,75,82,ReRZV_2d,2024,1,ICER,22719.240914301216,22235.326443279977,17937.899317876643,30718.322780288792
Overall,75,82,ReRZV_2d,2024,1,Price0,85,85,84.99999999999999,85.00000000000001
Overall,75,82,ReRZV_2d,2024,1,Thres20,144.93054765215692,145.55344363234622,108.5593756537494,176.13400631759748
Overall,75,82,ReRZV_2d,2024,1,Thres30,209.08024460699116,209.8610232413733,156.48726795179599,254.62600255047658
Overall,75,82,ReRZV_2d,2024,1,Thres20_50,NA,145.55344363234622,NA,NA
Overall,75,82,ReRZV_2d,2024,1,Thres30_90,NA,175.7349480690581,NA,NA
Overall,75,82,ReRZV_2d,2024,1,Thres,NA,145.55344363234622,NA,NA
Overall,75,83,ReRZV_1d,2024,1,N0,1,1,1,1
Overall,75,83,ReRZV_1d,2024,1,dYear_Life,4.4995410127890965e-4,4.503451187893859e-4,2.865025871532812e-4,6.06730074426709e-4
Overall,75,83,ReRZV_1d,2024,1,dYear_Immunised,6.777501219100485,6.800599736991806,5.035571692891134,8.256035750419686
Overall,75,83,ReRZV_1d,2024,1,dRisk_HZ,-0.06268687049821293,-0.06289077148840763,-0.07669995477960319,-0.0460334726889643
Overall,75,83,ReRZV_1d,2024,1,dRisk_Hosp,-0.00343587692493156,-0.0034397791831954983,-0.004734304900931852,-0.00214621297136193
Overall,75,83,ReRZV_1d,2024,1,dRisk_PHN,-0.0054452623796283905,-0.005445455932617275,-0.006894673399907537,-0.0038872225187329508
Overall,75,83,ReRZV_1d,2024,1,dRisk_Death,-7.65859945697724e-5,-7.682033175502822e-5,-1.070317053024773e-4,-4.4440222832123245e-5
Overall,75,83,ReRZV_1d,2024,1,dQ_Life,3.0691527557761053e-4,3.0753667538707674e-4,1.9676329747415623e-4,4.132060707415341e-4
Overall,75,83,ReRZV_1d,2024,1,dQ_HZ,0.009163053225438922,0.00914682317366967,0.006443517619008158,0.011756572098644174
Overall,75,83,ReRZV_1d,2024,1,dQ_HZ_Norm,0.002834693261833803,0.002841826017646758,0.0020549002715828306,0.003622669730844571
Overall,75,83,ReRZV_1d,2024,1,dQ_All,0.009464408368692837,0.009436269141735565,0.0066451169704393465,0.012129940216131585
Overall,75,83,ReRZV_1d,2024,1,dQ_HZ_d,0.008141344509174342,0.008122426068889344,0.0058508214062396756,0.010372560139589955
Overall,75,83,ReRZV_1d,2024,1,dQ_HZ_Norm_d,0.0025364471617435077,0.0025425188619497023,0.0018709744257083825,0.003208622512133734
Overall,75,83,ReRZV_1d,2024,1,dQ_Life_d,2.448458858032074e-4,2.4546431628102994e-4,1.590983557446357e-4,3.2795036820090214e-4
Overall,75,83,ReRZV_1d,2024,1,dQ_All_d,0.00838619039497751,0.008365761101738478,0.00603339413968329,0.010660383103363324
Overall,75,83,ReRZV_1d,2024,1,dC_Hosp,-14.992848938906961,-14.988714537705533,-20.812325719250705,-9.279197078737496
Overall,75,83,ReRZV_1d,2024,1,dC_GP_NonPHN,-6.892871999122163,-6.93164514348301,-8.409514557378621,-5.111584760473552
Overall,75,83,ReRZV_1d,2024,1,dC_GP_PHN,-2.9485473482869624,-2.9480438879440993,-3.7471811989559054,-2.0941740535744042
Overall,75,83,ReRZV_1d,2024,1,dC_GP,-9.841419347409126,-9.87044388138636,-12.075485056578097,-7.2499934461187046
Overall,75,83,ReRZV_1d,2024,1,dC_Med,-24.834268286316085,-24.93173466765988,-32.550087328295334,-16.676412066624458
Overall,75,83,ReRZV_1d,2024,1,dC_VacZVL,110,110,110,110
Overall,75,83,ReRZV_1d,2024,1,dC_VacRZV,65.83544681410888,65.83545007062591,65.83529367690288,65.83559319087534
Overall,75,83,ReRZV_1d,2024,1,dC_Vac,175.83544681410888,175.83545007062588,175.8352936769029,175.83559319087533
Overall,75,83,ReRZV_1d,2024,1,dC_All,151.0011785277928,150.9037098755389,143.28546714042034,159.15907049648172
Overall,75,83,ReRZV_1d,2024,1,dC_Hosp_d,-12.758409449237476,-12.747288776487164,-17.58493998352251,-8.050545392028823
Overall,75,83,ReRZV_1d,2024,1,dC_GP_NonPHN_d,-6.17378505635389,-6.206784118666755,-7.443197371426201,-4.6930877617492825
Overall,75,83,ReRZV_1d,2024,1,dC_GP_PHN_d,-2.632804943961121,-2.6338435453777826,-3.3179898902354448,-1.9070626789963898
Overall,75,83,ReRZV_1d,2024,1,dC_GP_d,-8.80659000031501,-8.84049529134116,-10.687680489701036,-6.648692562601742
Overall,75,83,ReRZV_1d,2024,1,dC_Med_d,-21.564999449552484,-21.64486963675313,-27.97673388664201,-14.819501569882924
Overall,75,83,ReRZV_1d,2024,1,dC_VacZVL_d,110,110,110,110
Overall,75,83,ReRZV_1d,2024,1,dC_VacRZV_d,58.44285847729271,58.44286136813909,58.44272253569147,58.442988417576565
Overall,75,83,ReRZV_1d,2024,1,dC_Vac_d,168.4428584772927,168.4428613681391,168.44272253569147,168.44298841757657
Overall,75,83,ReRZV_1d,2024,1,dC_All_d,146.87785902774021,146.79806149570445,140.46603195464928,153.62336520673063
Overall,75,83,ReRZV_1d,2024,1,dN_VacZVL,1,1,1,1
Overall,75,83,ReRZV_1d,2024,1,dN_VacRZV,0.774534668401281,0.774534706713246,0.7745328667870928,0.7745363904808863
Overall,75,83,ReRZV_1d,2024,1,dN_VacZVL_d,1,1,1,1
Overall,75,83,ReRZV_1d,2024,1,dN_VacRZV_d,0.687563040909326,0.6875630749192834,0.6875614415963703,0.6875645696185476
Overall,75,83,ReRZV_1d,2024,1,ICER,17962.71983530849,17534.748727865808,13394.749397260144,25454.717484569708
Overall,75,83,ReRZV_1d,2024,1,Price0,85,85,84.99999999999999,85.00000000000001
Overall,75,83,ReRZV_1d,2024,1,Thres20,275.3039283206939,274.9817683570891,197.55804019915362,346.50860800255913
Overall,75,83,ReRZV_1d,2024,1,Thres30,397.2736946565855,396.793795055685,284.5095139297492,500.85916940723797
Overall,75,83,ReRZV_1d,2024,1,Thres20_50,NA,274.9817683570891,NA,NA
Overall,75,83,ReRZV_1d,2024,1,Thres30_90,NA,320.6124157404331,NA,NA
Overall,75,83,ReRZV_1d,2024,1,Thres,NA,274.9817683570891,NA,NA
Overall,75,83,ReRZV_2d,2024,1,N0,1,1,1,1
Overall,75,83,ReRZV_2d,2024,1,dYear_Life,4.975243085464198e-4,5.014910509784087e-4,3.497317006527112e-4,6.255021028835017e-4
Overall,75,83,ReRZV_2d,2024,1,dYear_Immunised,7.292261938870822,7.371599131116321,5.776335366924056,8.368148800124825
Overall,75,83,ReRZV_2d,2024,1,dRisk_HZ,-0.06753121649551384,-0.06825788006710178,-0.07776417204931169,-0.05301300222929677
Overall,75,83,ReRZV_2d,2024,1,dRisk_Hosp,-0.003807000199115314,-0.003821989778932698,-0.0048743276743200906,-0.0026654905451820666
Overall,75,83,ReRZV_2d,2024,1,dRisk_PHN,-0.005879943893944921,-0.005909091622985386,-0.007047325915303292,-0.004493750576509982
Overall,75,83,ReRZV_2d,2024,1,dRisk_Death,-8.600441524830377e-5,-8.663797284588818e-5,-1.1073968913399093e-4,-5.7583764283948304e-5
Overall,75,83,ReRZV_2d,2024,1,dQ_Life,3.388605060763101e-4,3.418844443796587e-4,2.3917671540791828e-4,4.2496299102316997e-4
Overall,75,83,ReRZV_2d,2024,1,dQ_HZ,0.009905213792442568,0.00994117686929705,0.007464734810409223,0.012157294249059645
Overall,75,83,ReRZV_2d,2024,1,dQ_HZ_Norm,0.0030494774881529192,0.0030691538917712547,0.0023377330572229883,0.0037095660006886033
Overall,75,83,ReRZV_2d,2024,1,dQ_All,0.010237739447923128,0.010274122264243069,0.0077066038519766344,0.012539260047344713
Overall,75,83,ReRZV_2d,2024,1,dQ_HZ_d,0.00875762200382226,0.008786977262623709,0.006677717801370258,0.010685973597216757
Overall,75,83,ReRZV_2d,2024,1,dQ_HZ_Norm_d,0.0027152459770526252,0.002730330751905445,0.0021097483972721607,0.0032827161502149123
Overall,75,83,ReRZV_2d,2024,1,dQ_Life_d,2.6958093619045443e-4,2.719477578461138e-4,1.9224640557218285e-4,3.3642649151515157e-4
Overall,75,83,ReRZV_2d,2024,1,dQ_All_d,0.00902720294001273,0.009055459696388546,0.006882643278448786,0.010995102369836073
Overall,75,83,ReRZV_2d,2024,1,dC_Hosp,-16.663121714294565,-16.710151666684474,-21.533302439428457,-11.532785528858408
Overall,75,83,ReRZV_2d,2024,1,dC_GP_NonPHN,-7.410748171223925,-7.483139595502113,-8.53595023895967,-5.861524741479129
Overall,75,83,ReRZV_2d,2024,1,dC_GP_PHN,-3.178599825198393,-3.195869848618919,-3.8304727695964123,-2.4143738883946977
Overall,75,83,ReRZV_2d,2024,1,dC_GP,-10.589347996422317,-10.684681478945533,-12.250366963444147,-8.321573899410417
Overall,75,83,ReRZV_2d,2024,1,dC_Med,-27.25246971071688,-27.517647929320916,-33.36735286744514,-20.16114809036187
Overall,75,83,ReRZV_2d,2024,1,dC_VacZVL,110,110,110,110
Overall,75,83,ReRZV_2d,2024,1,dC_VacRZV,131.67089362821775,131.67090014125182,131.67058735380576,131.6711863817507
Overall,75,83,ReRZV_2d,2024,1,dC_Vac,241.67089362821775,241.67090014125182,241.6705873538058,241.6711863817507
Overall,75,83,ReRZV_2d,2024,1,dC_All,214.4184239175009,214.1531119538231,208.30384020009748,221.509639640611
Overall,75,83,ReRZV_2d,2024,1,dC_Hosp_d,-14.125878615334262,-14.164160516418718,-18.15975767828067,-9.87447424408655
Overall,75,83,ReRZV_2d,2024,1,dC_GP_NonPHN_d,-6.605186916888666,-6.669485689157133,-7.558096151510443,-5.317858763340311
Overall,75,83,ReRZV_2d,2024,1,dC_GP_PHN_d,-2.824940204880293,-2.8414379394479763,-3.3844892084508813,-2.1805299977403907
Overall,75,83,ReRZV_2d,2024,1,dC_GP_d,-9.43012712176896,-9.51350160488253,-10.843082317837823,-7.529988923496681
Overall,75,83,ReRZV_2d,2024,1,dC_Med_d,-23.55600573710322,-23.782912034568668,-28.713031421287504,-17.664435952386984
Overall,75,83,ReRZV_2d,2024,1,dC_VacZVL_d,110,110,110,110
Overall,75,83,ReRZV_2d,2024,1,dC_VacRZV_d,116.88571695458542,116.88572273627818,116.88544507138295,116.88597683515313
Overall,75,83,ReRZV_2d,2024,1,dC_Vac_d,226.88571695458543,226.88572273627818,226.88544507138295,226.88597683515312
Overall,75,83,ReRZV_2d,2024,1,dC_All_d,203.32971121748218,203.10289805819272,198.17256231115022,209.2215359283659
Overall,75,83,ReRZV_2d,2024,1,dN_VacZVL,1,1,1,1
Overall,75,83,ReRZV_2d,2024,1,dN_VacRZV,1.549069336802562,1.549069413426492,1.5490657335741855,1.5490727809617726
Overall,75,83,ReRZV_2d,2024,1,dN_VacZVL_d,1,1,1,1
Overall,75,83,ReRZV_2d,2024,1,dN_VacRZV_d,1.375126081818652,1.3751261498385667,1.3751228831927407,1.3751291392370952
Overall,75,83,ReRZV_2d,2024,1,ICER,22870.194445319936,22420.430311420845,18199.455529322124,30382.35432965632
Overall,75,83,ReRZV_2d,2024,1,Price0,85,85,84.99999999999999,85.00000000000001
Overall,75,83,ReRZV_2d,2024,1,Thres20,148.42279992646522,149.0264534906249,113.13853444641131,179.32011058072257
Overall,75,83,ReRZV_2d,2024,1,Thres30,214.06916507770015,214.91693314364696,163.0848839534139,258.9183141592755
Overall,75,83,ReRZV_2d,2024,1,Thres20_50,NA,149.0264534906249,NA,NA
Overall,75,83,ReRZV_2d,2024,1,Thres30_90,NA,181.99795360824484,NA,NA
Overall,75,83,ReRZV_2d,2024,1,Thres,NA,149.0264534906249,NA,NA
Overall,75,84,ReRZV_1d,2024,1,N0,1,1,1,1
Overall,75,84,ReRZV_1d,2024,1,dYear_Life,4.347451706828691e-4,4.360849430629088e-4,2.834334674646666e-4,5.829440302586697e-4
Overall,75,84,ReRZV_1d,2024,1,dYear_Immunised,6.525599502846356,6.538541549514722,4.983924541117203,7.855188805130427
Overall,75,84,ReRZV_1d,2024,1,dRisk_HZ,-0.06024821317954545,-0.06054529431331544,-0.0728148725580421,-0.04560157051756491
Overall,75,84,ReRZV_1d,2024,1,dRisk_Hosp,-0.0033259291963237164,-0.003320418118144321,-0.004536333822706419,-0.0021242583898879383
Overall,75,84,ReRZV_1d,2024,1,dRisk_PHN,-0.005214399935605012,-0.005212407676123611,-0.006515520822094492,-0.003837613147493878
Overall,75,84,ReRZV_1d,2024,1,dRisk_Death,-7.503970283128424e-5,-7.526503251898716e-5,-1.0455206337740524e-4,-4.3950328200624654e-5
Overall,75,84,ReRZV_1d,2024,1,dQ_Life,2.9619875055794865e-4,2.970279681182575e-4,1.950153048845049e-4,3.955890828212461e-4
Overall,75,84,ReRZV_1d,2024,1,dQ_HZ,0.008811237822084917,0.008784924480743047,0.006366549500118288,0.011189575137489175
Overall,75,84,ReRZV_1d,2024,1,dQ_HZ_Norm,0.0027246962697942004,0.0027303684756200975,0.0020222932109443532,0.0034458714392162798
Overall,75,84,ReRZV_1d,2024,1,dQ_All,0.009101853278750899,0.009080287726246361,0.006575747052823644,0.011550698933755219
Overall,75,84,ReRZV_1d,2024,1,dQ_HZ_d,0.007822509315939676,0.007797092705430541,0.0057878752568779395,0.009851473478158545
Overall,75,84,ReRZV_1d,2024,1,dQ_HZ_Norm_d,0.0024369824424235434,0.002444519936540755,0.0018447005092764855,0.003042688947461761
Overall,75,84,ReRZV_1d,2024,1,dQ_Life_d,2.3593052997889164e-4,2.3644125669175509e-4,1.5798501342088045e-4,3.128452439498108e-4
Overall,75,84,ReRZV_1d,2024,1,dQ_All_d,0.008058439845918561,0.008039610787252904,0.005964858272702678,0.010132102693393239
Overall,75,84,ReRZV_1d,2024,1,dC_Hosp,-14.542267805581272,-14.539821362094742,-20.103120402445477,-9.18325424407331
Overall,75,84,ReRZV_1d,2024,1,dC_GP_NonPHN,-6.623641351540515,-6.661468419296481,-7.984130529412108,-5.086774119761452
Overall,75,84,ReRZV_1d,2024,1,dC_GP_PHN,-2.8219675890909435,-2.8203481045731875,-3.5300601038388795,-2.0656591440679204
Overall,75,84,ReRZV_1d,2024,1,dC_GP,-9.445608940631459,-9.477441496294775,-11.441174400487446,-7.170959123217425
Overall,75,84,ReRZV_1d,2024,1,dC_Med,-23.98787674621273,-24.06721484632051,-31.066587590572308,-16.533588407732545
Overall,75,84,ReRZV_1d,2024,1,dC_VacZVL,110,110,110,110
Overall,75,84,ReRZV_1d,2024,1,dC_VacRZV,62.18114746094975,62.18115188409308,62.18095751459549,62.18133271721115
Overall,75,84,ReRZV_1d,2024,1,dC_Vac,172.18114746094975,172.18115188409308,172.1809575145955,172.18133271721118
Overall,75,84,ReRZV_1d,2024,1,dC_All,148.19327071473703,148.11395823150997,141.11441862251507,155.6476249825402
Overall,75,84,ReRZV_1d,2024,1,dC_Hosp_d,-12.34082318610079,-12.334826502984619,-16.934719511883152,-7.953575047958552
Overall,75,84,ReRZV_1d,2024,1,dC_GP_NonPHN_d,-5.930447719493325,-5.958631894165,-7.065542732500816,-4.6510502672711755
Overall,75,84,ReRZV_1d,2024,1,dC_GP_PHN_d,-2.518576698059494,-2.51641103818341,-3.120557661617776,-1.886965922552503
Overall,75,84,ReRZV_1d,2024,1,dC_GP_d,-8.44902441755282,-8.477796924486803,-10.10664196963049,-6.556053305831836
Overall,75,84,ReRZV_1d,2024,1,dC_Med_d,-20.789847603653612,-20.874880668812835,-26.738983653060814,-14.621974605321567
Overall,75,84,ReRZV_1d,2024,1,dC_VacZVL_d,110,110,110,110
Overall,75,84,ReRZV_1d,2024,1,dC_VacRZV_d,54.38314905595527,54.38315292440211,54.38298293034779,54.38331107964395
Overall,75,84,ReRZV_1d,2024,1,dC_Vac_d,164.38314905595527,164.3831529244021,164.3829829303478,164.38331107964393
Overall,75,84,ReRZV_1d,2024,1,dC_All_d,143.59330145230166,143.50826313870382,137.64434206610437,149.76120186485272
Overall,75,84,ReRZV_1d,2024,1,dN_VacZVL,1,1,1,1
Overall,75,84,ReRZV_1d,2024,1,dN_VacRZV,0.7315429113052911,0.7315429633422716,0.7315406766422999,0.7315450907907194
Overall,75,84,ReRZV_1d,2024,1,dN_VacZVL_d,1,1,1,1
Overall,75,84,ReRZV_1d,2024,1,dN_VacRZV_d,0.6398017535994738,0.6398017991106131,0.6397997991805623,0.639803659760517
Overall,75,84,ReRZV_1d,2024,1,ICER,18215.66190517805,17830.32895666035,13795.945229839484,25038.265847640374
Overall,75,84,ReRZV_1d,2024,1,Price0,85,85,84.99999999999999,85.00000000000001
Overall,75,84,ReRZV_1d,2024,1,Thres20,284.39847431156625,284.2500857850314,209.7835420459648,355.16441737782503
Overall,75,84,ReRZV_1d,2024,1,Thres30,410.3506105459802,408.9473600270576,303.0911540813974,513.2763074665464
Overall,75,84,ReRZV_1d,2024,1,Thres20_50,NA,284.2500857850314,NA,NA
Overall,75,84,ReRZV_1d,2024,1,Thres30_90,NA,336.5136219355167,NA,NA
Overall,75,84,ReRZV_1d,2024,1,Thres,NA,284.2500857850314,NA,NA
Overall,75,84,ReRZV_2d,2024,1,N0,1,1,1,1
Overall,75,84,ReRZV_2d,2024,1,dYear_Life,4.783904216725574e-4,4.821208392060683e-4,3.421815858420274e-4,5.979522366491352e-4
Overall,75,84,ReRZV_2d,2024,1,dYear_Immunised,6.979056806459979,7.050044701045255,5.632312503113074,7.952206296832381
Overall,75,84,ReRZV_2d,2024,1,dRisk_HZ,-0.06450133520274454,-0.06518873272985946,-0.07378070095898624,-0.05164904492234212
Overall,75,84,ReRZV_2d,2024,1,dRisk_Hosp,-0.003668484587772117,-0.0036753692222722687,-0.0046853070330943975,-0.002610150049004473
Overall,75,84,ReRZV_2d,2024,1,dRisk_PHN,-0.005593583124953054,-0.005613334752659009,-0.006668720009061194,-0.004382071895409407
Overall,75,84,ReRZV_2d,2024,1,dRisk_Death,-8.399772850345121e-5,-8.471084830537535e-5,-1.0759347492378273e-4,-5.666364780389417e-5
Overall,75,84,ReRZV_2d,2024,1,dQ_Life,3.25399464805014e-4,3.2774375564326164e-4,2.3411592747559772e-4,4.0602818146124876e-4
Overall,75,84,ReRZV_2d,2024,1,dQ_HZ,0.009467580439256915,0.009490362333728408,0.007239301547382129,0.0115302893351218
Overall,75,84,ReRZV_2d,2024,1,dQ_HZ_Norm,0.0029128671354045244,0.002926626049234899,0.0022673750129030973,0.003516337409147022
Overall,75,84,ReRZV_2d,2024,1,dQ_All,0.009786627101877915,0.009813253095027896,0.007508103636603458,0.011898901606170041
Overall,75,84,ReRZV_2d,2024,1,dQ_HZ_d,0.008361769191562443,0.008377193149672092,0.006483076568686101,0.01011509986591004
Overall,75,84,ReRZV_2d,2024,1,dQ_HZ_Norm_d,0.0025919228995369666,0.0025996621137136886,0.002053279100813714,0.003109845424064816
Overall,75,84,ReRZV_2d,2024,1,dQ_Life_d,2.5840718779944537e-4,2.6016270526341145e-4,1.878775785581599e-4,3.2081707916602474e-4
Overall,75,84,ReRZV_2d,2024,1,dQ_All_d,0.008620176379361874,0.008629999345453498,0.006686989979070334,0.010399593134491746
Overall,75,84,ReRZV_2d,2024,1,dC_Hosp,-16.0934608866406,-16.145695147693353,-20.81663594612449,-11.234489302759657
Overall,75,84,ReRZV_2d,2024,1,dC_GP_NonPHN,-7.076431546162007,-7.150042395858307,-8.099928456872023,-5.718149642103591
Overall,75,84,ReRZV_2d,2024,1,dC_GP_PHN,-3.021695126553125,-3.038633665565317,-3.6228491961286764,-2.3471123913335505
Overall,75,84,ReRZV_2d,2024,1,dC_GP,-10.098126672715132,-10.185058210530533,-11.583450102337133,-8.096024235420906
Overall,75,84,ReRZV_2d,2024,1,dC_Med,-26.19158755935573,-26.43532697143522,-32.039065486757245,-19.624949963470723
Overall,75,84,ReRZV_2d,2024,1,dC_VacZVL,110,110,110,110
Overall,75,84,ReRZV_2d,2024,1,dC_VacRZV,124.3622949218995,124.36230376818617,124.36191502919098,124.3626654344223
Overall,75,84,ReRZV_2d,2024,1,dC_Vac,234.3622949218995,234.36230376818617,234.36191502919098,234.36266543442233
Overall,75,84,ReRZV_2d,2024,1,dC_All,208.17070736254377,207.92668030294226,202.3232799167924,214.73732368355758
Overall,75,84,ReRZV_2d,2024,1,dC_Hosp_d,-13.600324546035123,-13.631328362322805,-17.494865738587382,-9.677684810141033
Overall,75,84,ReRZV_2d,2024,1,dC_GP_NonPHN_d,-6.30351522696831,-6.364132990322587,-7.168685743879801,-5.194790303305959
Overall,75,84,ReRZV_2d,2024,1,dC_GP_PHN_d,-2.683554182930129,-2.6973604922592234,-3.201538709647209,-2.111309488841946
Overall,75,84,ReRZV_2d,2024,1,dC_GP_d,-8.987069409898439,-9.065067043407295,-10.23863411899983,-7.321745693143525
Overall,75,84,ReRZV_2d,2024,1,dC_Med_d,-22.587393955933564,-22.767939848589595,-27.385345404854167,-17.2118082803325
Overall,75,84,ReRZV_2d,2024,1,dC_VacZVL_d,110,110,110,110
Overall,75,84,ReRZV_2d,2024,1,dC_VacRZV_d,108.76629811191054,108.76630584880422,108.76596586069557,108.7666221592879
Overall,75,84,ReRZV_2d,2024,1,dC_Vac_d,218.76629811191054,218.76630584880422,218.76596586069556,218.7666221592879
Overall,75,84,ReRZV_2d,2024,1,dC_All_d,196.178904155977,195.9984551591672,191.3811079332727,201.55457784813538
Overall,75,84,ReRZV_2d,2024,1,dN_VacZVL,1,1,1,1
Overall,75,84,ReRZV_2d,2024,1,dN_VacRZV,1.4630858226105823,1.4630859266845433,1.4630813532845999,1.4630901815814388
Overall,75,84,ReRZV_2d,2024,1,dN_VacZVL_d,1,1,1,1
Overall,75,84,ReRZV_2d,2024,1,dN_VacRZV_d,1.2796035071989476,1.2796035982212262,1.2795995983611246,1.279607319521034
Overall,75,84,ReRZV_2d,2024,1,ICER,23073.694099528755,22697.01506981535,18559.667569394467,30045.926322726693
Overall,75,84,ReRZV_2d,2024,1,Price0,85,85,84.99999999999999,85.00000000000001
Overall,75,84,ReRZV_2d,2024,1,Thres20,152.3838583348067,152.75085131172995,118.36824002717967,182.59648956082728
Overall,75,84,ReRZV_2d,2024,1,Thres30,219.74985293478562,220.28676980581264,170.72128774483755,263.89420884466847
Overall,75,84,ReRZV_2d,2024,1,Thres20_50,NA,152.75085131172995,NA,NA
Overall,75,84,ReRZV_2d,2024,1,Thres30_90,NA,188.39276380463264,NA,NA
Overall,75,84,ReRZV_2d,2024,1,Thres,NA,152.75085131172995,NA,NA
Overall,75,85,ReRZV_1d,2024,1,N0,1,1,1,1
Overall,75,85,ReRZV_1d,2024,1,dYear_Life,4.1644128637312593e-4,4.168251011771318e-4,2.771908964782188e-4,5.531068064904775e-4
Overall,75,85,ReRZV_1d,2024,1,dYear_Immunised,6.26559076968123,6.287840827329346,4.9255209804220685,7.444810484936967
Overall,75,85,ReRZV_1d,2024,1,dRisk_HZ,-0.057740071596931855,-0.05803457965733922,-0.06890672704881111,-0.04505236435670024
Overall,75,85,ReRZV_1d,2024,1,dRisk_Hosp,-0.0031986743247138455,-0.00318753334061953,-0.004338210007326343,-0.0020911516388314707
Overall,75,85,ReRZV_1d,2024,1,dRisk_PHN,-0.004977510902740113,-0.004976411746294646,-0.006148059878818415,-0.003771691443510727
Overall,75,85,ReRZV_1d,2024,1,dRisk_Death,-7.285639781203811e-5,-7.305603811916763e-5,-1.0099575358050535e-4,-4.3515541380732e-5
Overall,75,85,ReRZV_1d,2024,1,dQ_Life,2.83421671210486e-4,2.8373569102058127e-4,1.908039328304856e-4,3.7536674294118554e-4
Overall,75,85,ReRZV_1d,2024,1,dQ_HZ,0.008444279615522394,0.008419229142040654,0.006245109220121837,0.010652617652779937
Overall,75,85,ReRZV_1d,2024,1,dQ_HZ_Norm,0.002612096659642387,0.002619275543235165,0.0019835639008203244,0.0032651518138189155
Overall,75,85,ReRZV_1d,2024,1,dQ_All,0.008722121613382575,0.008702971149730843,0.006465137359726691,0.010980928057903894
Overall,75,85,ReRZV_1d,2024,1,dQ_HZ_d,0.00749622381706843,0.00747480993346927,0.0056686920087490635,0.00933924054298309
Overall,75,85,ReRZV_1d,2024,1,dQ_HZ_Norm_d,0.0023370234631532646,0.0023404650157873,0.0018140383037218584,0.002883101675785042
Overall,75,85,ReRZV_1d,2024,1,dQ_Life_d,2.25483260510126e-4,2.2566991619488164e-4,1.5425436423077699e-4,2.966053927919709e-4
Overall,75,85,ReRZV_1d,2024,1,dQ_All_d,0.0077217070775785265,0.007699431277050195,0.0058306474936306255,0.009619012048598562
Overall,75,85,ReRZV_1d,2024,1,dC_Hosp,-14.009288611826536,-14.017915200653569,-19.244555436846923,-9.026874129868123
Overall,75,85,ReRZV_1d,2024,1,dC_GP_NonPHN,-6.348310604132332,-6.376563282761255,-7.5554272152997015,-4.998109569477453
Overall,75,85,ReRZV_1d,2024,1,dC_GP_PHN,-2.692858641866999,-2.6909511043844274,-3.3292310457470773,-2.0312220929132625
Overall,75,85,ReRZV_1d,2024,1,dC_GP,-9.041169245999331,-9.061905582565123,-10.823552533856544,-7.070532479075919
Overall,75,85,ReRZV_1d,2024,1,dC_Med,-23.05045785782587,-23.135856769955403,-29.717226794554463,-16.20748474983657
Overall,75,85,ReRZV_1d,2024,1,dC_VacZVL,110,110,110,110
Overall,75,85,ReRZV_1d,2024,1,dC_VacRZV,58.2822556403795,58.28226202393915,58.28202052293383,58.28248108339915
Overall,75,85,ReRZV_1d,2024,1,dC_Vac,168.2822556403795,168.28226202393915,168.2820205229338,168.28248108339915
Overall,75,85,ReRZV_1d,2024,1,dC_All,145.23179778255363,145.14648462665605,138.56503913271663,152.0748406642989
Overall,75,85,ReRZV_1d,2024,1,dC_Hosp_d,-11.859793456777071,-11.858122921127412,-16.118671415696816,-7.783777816180232
Overall,75,85,ReRZV_1d,2024,1,dC_GP_NonPHN_d,-5.686123267434985,-5.710797252815464,-6.684478578199315,-4.571571260200674
Overall,75,85,ReRZV_1d,2024,1,dC_GP_PHN_d,-2.4041604651684017,-2.399698227974641,-2.9425926585291804,-1.8481791977384563
Overall,75,85,ReRZV_1d,2024,1,dC_GP_d,-8.090283732603387,-8.116009813094294,-9.566997131261362,-6.459306510438181
Overall,75,85,ReRZV_1d,2024,1,dC_Med_d,-19.95007718938046,-20.012314357103506,-25.401055232253906,-14.361179069003807
Overall,75,85,ReRZV_1d,2024,1,dC_VacZVL_d,110,110,110,110
Overall,75,85,ReRZV_1d,2024,1,dC_VacRZV_d,50.21990987617047,50.219915376674635,50.21970728317193,50.22010413303312
Overall,75,85,ReRZV_1d,2024,1,dC_Vac_d,160.21990987617048,160.21991537667463,160.21970728317194,160.2201041330331
Overall,75,85,ReRZV_1d,2024,1,dC_All_d,140.26983268679,140.20753158783202,134.81873732268042,145.85878801261654
Overall,75,85,ReRZV_1d,2024,1,dN_VacZVL,1,1,1,1
Overall,75,85,ReRZV_1d,2024,1,dN_VacRZV,0.6856735957691706,0.6856736708698723,0.6856708296815744,0.6856762480399899
Overall,75,85,ReRZV_1d,2024,1,dN_VacZVL_d,1,1,1,1
Overall,75,85,ReRZV_1d,2024,1,dN_VacRZV_d,0.5908224691314172,0.590822533843231,0.5908200856843756,0.5908247545062719
Overall,75,85,ReRZV_1d,2024,1,ICER,18516.807237128884,18187.71332453606,14189.738494474712,24878.49495595013
Overall,75,85,ReRZV_1d,2024,1,Price0,85,85,84.99999999999999,85.00000000000001
Overall,75,85,ReRZV_1d,2024,1,Thres20,295.15501651973125,294.5575225325105,222.96600428125896,365.23763299882467
Overall,75,85,ReRZV_1d,2024,1,Thres30,425.84921566174313,424.9612374653775,321.75905594330976,528.1913272458299
Overall,75,85,ReRZV_1d,2024,1,Thres20_50,NA,294.5575225325105,NA,NA
Overall,75,85,ReRZV_1d,2024,1,Thres30_90,NA,354.72441173244806,NA,NA
Overall,75,85,ReRZV_1d,2024,1,Thres,NA,294.5575225325105,NA,NA
Overall,75,85,ReRZV_2d,2024,1,N0,1,1,1,1
Overall,75,85,ReRZV_2d,2024,1,dYear_Life,4.5586558550736987e-4,4.5842079663049873e-4,3.3120129396775334e-4,5.667807508917377e-4
Overall,75,85,ReRZV_2d,2024,1,dYear_Immunised,6.661020594137993,6.721239548770592,5.505317994304576,7.520998704096934
Overall,75,85,ReRZV_2d,2024,1,dRisk_HZ,-0.06143505241844921,-0.06205965858304769,-0.06998321324260286,-0.050360907470539035
Overall,75,85,ReRZV_2d,2024,1,dRisk_Hosp,-0.0035113920225774164,-0.00352060209713091,-0.004457076140035248,-0.002541065441552998
Overall,75,85,ReRZV_2d,2024,1,dRisk_PHN,-0.005304376744473218,-0.005321428818777374,-0.006248605391288976,-0.004249540703304091
Overall,75,85,ReRZV_2d,2024,1,dRisk_Death,-8.126788019080874e-5,-8.19820631323235e-5,-1.0386667707252366e-4,-5.508252733772308e-5
Overall,75,85,ReRZV_2d,2024,1,dQ_Life,3.096904795112261e-4,3.1134309175051555e-4,2.2585764994813572e-4,3.837766730184988e-4
Overall,75,85,ReRZV_2d,2024,1,dQ_HZ,0.009018612532601073,0.009020926486397771,0.006999008549339545,0.010929431741760106
Overall,75,85,ReRZV_2d,2024,1,dQ_HZ_Norm,0.0027752482092952475,0.0027846052681783895,0.0021975356197758956,0.0033300878002204305
Overall,75,85,ReRZV_2d,2024,1,dQ_All,0.009321963274304929,0.009329733134139317,0.007214440901104613,0.011267399414842227
Overall,75,85,ReRZV_2d,2024,1,dQ_HZ_d,0.007963074252047871,0.007971629540597634,0.006276689547945558,0.009574881209255126
Overall,75,85,ReRZV_2d,2024,1,dQ_HZ_Norm_d,0.0024698925064115455,0.0024757293105431935,0.0019765216351859986,0.002959767610309639
Overall,75,85,ReRZV_2d,2024,1,dQ_Life_d,2.4557883102325204e-4,2.467586471395222e-4,1.8124815002864558e-4,3.025619271299629e-4
Overall,75,85,ReRZV_2d,2024,1,dQ_All_d,0.008208653083071086,0.008215967860909501,0.006466716555724127,0.00984616205475497
Overall,75,85,ReRZV_2d,2024,1,dC_Hosp,-15.434142783654847,-15.47764115200204,-19.760385894762813,-10.933836424922703
Overall,75,85,ReRZV_2d,2024,1,dC_GP_NonPHN,-6.739976222035982,-6.801608627444326,-7.6676853022194384,-5.5688774751968015
Overall,75,85,ReRZV_2d,2024,1,dC_GP_PHN,-2.864155690700989,-2.873828982834977,-3.407719121255924,-2.2678628274507835
Overall,75,85,ReRZV_2d,2024,1,dC_GP,-9.604131912736971,-9.682889054168701,-10.933492844334022,-7.866373822314335
Overall,75,85,ReRZV_2d,2024,1,dC_Med,-25.038274696391817,-25.23146740645061,-30.398635654040614,-19.042200115980556
Overall,75,85,ReRZV_2d,2024,1,dC_VacZVL,110,110,110,110
Overall,75,85,ReRZV_2d,2024,1,dC_VacRZV,116.564511280759,116.5645240478783,116.56404104586765,116.5649621667983
Overall,75,85,ReRZV_2d,2024,1,dC_Vac,226.564511280759,226.5645240478783,226.56404104586764,226.5649621667983
Overall,75,85,ReRZV_2d,2024,1,dC_All,201.52623658436718,201.33282544651638,196.16540184292305,207.5220744452415
Overall,75,85,ReRZV_2d,2024,1,dC_Hosp_d,-13.006890952188062,-13.038753392846285,-16.591481927355645,-9.370356999956064
Overall,75,85,ReRZV_2d,2024,1,dC_GP_NonPHN_d,-6.0052800494052105,-6.053574070516141,-6.784540293235662,-5.035056354017254
Overall,75,85,ReRZV_2d,2024,1,dC_GP_PHN_d,-2.5440815111282125,-2.5505613746301927,-3.0102910796956777,-2.037115479557141
Overall,75,85,ReRZV_2d,2024,1,dC_GP_d,-8.549361560533422,-8.606417202897479,-9.677567333412222,-7.114801806302135
Overall,75,85,ReRZV_2d,2024,1,dC_Med_d,-21.556252512721485,-21.715364863750906,-25.946192826816368,-16.61636732121966
Overall,75,85,ReRZV_2d,2024,1,dC_VacZVL_d,110,110,110,110
Overall,75,85,ReRZV_2d,2024,1,dC_VacRZV_d,100.43981975234094,100.43983075334927,100.43941456634386,100.44020826606624
Overall,75,85,ReRZV_2d,2024,1,dC_Vac_d,210.43981975234092,210.43983075334927,210.43941456634386,210.44020826606624
Overall,75,85,ReRZV_2d,2024,1,dC_All_d,188.88356723961945,188.72442741847075,184.4937277053636,193.82327684551987
Overall,75,85,ReRZV_2d,2024,1,dN_VacZVL,1,1,1,1
Overall,75,85,ReRZV_2d,2024,1,dN_VacRZV,1.3713471915383413,1.3713473417397446,1.371341659363149,1.3713524960799799
Overall,75,85,ReRZV_2d,2024,1,dN_VacZVL_d,1,1,1,1
Overall,75,85,ReRZV_2d,2024,1,dN_VacRZV_d,1.1816449382628345,1.181645067686462,1.1816401713687512,1.1816495090125438
Overall,75,85,ReRZV_2d,2024,1,ICER,23298.98305293672,22977.38392793664,18872.291247032088,29848.17509125949
Overall,75,85,ReRZV_2d,2024,1,Price0,85,85,84.99999999999999,85.00000000000001
Overall,75,85,ReRZV_2d,2024,1,Thres20,157.1786117542913,157.42378589163215,124.30477569106266,187.53448749666458
Overall,75,85,ReRZV_2d,2024,1,Thres30,226.64662774287063,226.87940831738442,178.92133350219953,271.14267920668357
Overall,75,85,ReRZV_2d,2024,1,Thres20_50,NA,157.42378589163215,NA,NA
Overall,75,85,ReRZV_2d,2024,1,Thres30_90,NA,195.93349061028886,NA,NA
Overall,75,85,ReRZV_2d,2024,1,Thres,NA,157.42378589163215,NA,NA
Overall,75,86,ReRZV_1d,2024,1,N0,1,1,1,1
Overall,75,86,ReRZV_1d,2024,1,dYear_Life,3.952844412093466e-4,3.952021069091316e-4,2.6986782637838935e-4,5.206213673011994e-4
Overall,75,86,ReRZV_1d,2024,1,dYear_Immunised,6.0043215023373575,6.027490058736977,4.810413324790817,7.044450944908756
Overall,75,86,ReRZV_1d,2024,1,dRisk_HZ,-0.05521564697707403,-0.055433825706418596,-0.06518927450087933,-0.04412961621802662
Overall,75,86,ReRZV_1d,2024,1,dRisk_Hosp,-0.0030507245258788803,-0.0030393923436574863,-0.004089417541598658,-0.0020482245454205195
Overall,75,86,ReRZV_1d,2024,1,dRisk_PHN,-0.004740906954943484,-0.004734266376424958,-0.005761216458203989,-0.0036837560586282453
Overall,75,86,ReRZV_1d,2024,1,dRisk_Death,-6.999546365032261e-5,-7.00461875956147e-5,-9.648057298854837e-5,-4.243237262970277e-5
Overall,75,86,ReRZV_1d,2024,1,dQ_Life,2.687752311002338e-4,2.6848681399993524e-4,1.8520524853729014e-4,3.5247775342264195e-4
Overall,75,86,ReRZV_1d,2024,1,dQ_HZ,0.008069938689080115,0.00805794740146213,0.00606995216866232,0.01004086423530633
Overall,75,86,ReRZV_1d,2024,1,dQ_HZ_Norm,0.0024992492904087698,0.002503283445158485,0.0019357291623146983,0.0030857935210730353
Overall,75,86,ReRZV_1d,2024,1,dQ_All,0.008333171290766137,0.008318256853718786,0.006274895345869824,0.010378065084779385
Overall,75,86,ReRZV_1d,2024,1,dQ_HZ_d,0.007169344684552872,0.0071620260106200415,0.005527525273418003,0.00884664564539414
Overall,75,86,ReRZV_1d,2024,1,dQ_HZ_Norm_d,0.0022385983055636907,0.0022396788529995635,0.0017667048671396201,0.00273712908395999
Overall,75,86,ReRZV_1d,2024,1,dQ_Life_d,2.1368890658468766e-4,2.1338513291180305e-4,1.5060150318051412e-4,2.776498661294368e-4
Overall,75,86,ReRZV_1d,2024,1,dQ_All_d,0.007383033591137552,0.007369131912428273,0.005683086134916948,0.00910649263697123
Overall,75,86,ReRZV_1d,2024,1,dC_Hosp,-13.377327087368059,-13.349345519192912,-18.17282881910402,-8.79114068011551
Overall,75,86,ReRZV_1d,2024,1,dC_GP_NonPHN,-6.073261349701317,-6.09612594484099,-7.1443360338073445,-4.891024058954241
Overall,75,86,ReRZV_1d,2024,1,dC_GP_PHN,-2.564925717043318,-2.558284809371016,-3.1441169621463145,-1.9828771920803725
Overall,75,86,ReRZV_1d,2024,1,dC_GP,-8.638187066744635,-8.661605552747083,-10.197079907483737,-6.915778898672123
Overall,75,86,ReRZV_1d,2024,1,dC_Med,-22.015514154112694,-22.10921988920631,-28.047834125528283,-15.813909387970435
Overall,75,86,ReRZV_1d,2024,1,dC_VacZVL,110,110,110,110
Overall,75,86,ReRZV_1d,2024,1,dC_VacRZV,54.152110665053634,54.152117797932206,54.151819264275055,54.15238266389918
Overall,75,86,ReRZV_1d,2024,1,dC_Vac,164.15211066505364,164.1521177979322,164.15181926427508,164.15238266389917
Overall,75,86,ReRZV_1d,2024,1,dC_All,142.13659651094093,142.04270281818276,136.10450763777789,148.3380765776055
Overall,75,86,ReRZV_1d,2024,1,dC_Hosp_d,-11.30285105937909,-11.290286611327918,-15.20895087352506,-7.600538603187252
Overall,75,86,ReRZV_1d,2024,1,dC_GP_NonPHN_d,-5.446301153462871,-5.4643918510668446,-6.334041775270047,-4.478261696696684
Overall,75,86,ReRZV_1d,2024,1,dC_GP_PHN_d,-2.2927358239347924,-2.2870101113651273,-2.781790529281286,-1.7968528589245143
Overall,75,86,ReRZV_1d,2024,1,dC_GP_d,-7.739036977397664,-7.755263794591648,-9.033564021030655,-6.3245971163380155
Overall,75,86,ReRZV_1d,2024,1,dC_Med_d,-19.041888036776754,-19.10574698929331,-23.97777532157996,-13.99779176627572
Overall,75,86,ReRZV_1d,2024,1,dC_VacZVL_d,110,110,110,110
Overall,75,86,ReRZV_1d,2024,1,dC_VacRZV_d,45.971526392778465,45.971532448116136,45.97127901297335,45.97175730163785
Overall,75,86,ReRZV_1d,2024,1,dC_Vac_d,155.97152639277846,155.97153244811614,155.97127901297335,155.97175730163784
Overall,75,86,ReRZV_1d,2024,1,dC_All_d,136.9296383560017,136.86572736163353,131.99369229537703,141.97358693185575
Overall,75,86,ReRZV_1d,2024,1,dN_VacZVL,1,1,1,1
Overall,75,86,ReRZV_1d,2024,1,dN_VacRZV,0.6370836548829839,0.6370837387992024,0.63708022663853,0.6370868548694022
Overall,75,86,ReRZV_1d,2024,1,dN_VacZVL_d,1,1,1,1
Overall,75,86,ReRZV_1d,2024,1,dN_VacRZV_d,0.5408414869738642,0.540841558213131,0.5408385766232159,0.5408442035486806
Overall,75,86,ReRZV_1d,2024,1,ICER,18857.21624164712,18599.096583769082,14667.958895705699,24920.038565504205
Overall,75,86,ReRZV_1d,2024,1,Price0,85,85,84.99999999999999,85.00000000000001
Overall,75,86,ReRZV_1d,2024,1,Thres20,308.2281204280448,307.5957099710487,237.04359326308025,377.82330043513184
Overall,75,86,ReRZV_1d,2024,1,Thres30,444.7382358217735,444.0353406996505,341.730698759308,546.058773055237
Overall,75,86,ReRZV_1d,2024,1,Thres20_50,NA,307.5957099710487,NA,NA
Overall,75,86,ReRZV_1d,2024,1,Thres30_90,NA,375.2978023475642,NA,NA
Overall,75,86,ReRZV_1d,2024,1,Thres,NA,307.5957099710487,NA,NA
Overall,75,86,ReRZV_2d,2024,1,N0,1,1,1,1
Overall,75,86,ReRZV_2d,2024,1,dYear_Life,4.3022767832387297e-4,4.327786083129226e-4,3.1823343039723e-4,5.310029005621163e-4
Overall,75,86,ReRZV_2d,2024,1,dYear_Immunised,6.3453282691735655,6.391888175386714,5.306286605122756,7.1305577619336615
Overall,75,86,ReRZV_2d,2024,1,dRisk_HZ,-0.058386324674913004,-0.05890255494065417,-0.0660532887544673,-0.04876924703625708
Overall,75,86,ReRZV_2d,2024,1,dRisk_Hosp,-0.0033316306304543466,-0.0033318949377969314,-0.004201534153102917,-0.0024450142976222477
Overall,75,86,ReRZV_2d,2024,1,dRisk_PHN,-0.005018977716522094,-0.005029134447923593,-0.005866141664882316,-0.004073150895688202
Overall,75,86,ReRZV_2d,2024,1,dRisk_Death,-7.777020695973393e-5,-7.840398542370279e-5,-9.932363370402346e-5,-5.3267069507932474e-5
Overall,75,86,ReRZV_2d,2024,1,dQ_Life,2.9195213311552414e-4,2.9352290005224546e-4,2.177836862614857e-4,3.5909742561046615e-4
Overall,75,86,ReRZV_2d,2024,1,dQ_HZ,0.00856630966174221,0.008575915086293748,0.006749740071665046,0.010309350388015828
Overall,75,86,ReRZV_2d,2024,1,dQ_HZ_Norm,0.002638985252598545,0.0026439029860355805,0.002113117604858087,0.0031649555040036857
Overall,75,86,ReRZV_2d,2024,1,dQ_All,0.008851973755369126,0.00886071757993001,0.006968873967886813,0.010637416322723414
Overall,75,86,ReRZV_2d,2024,1,dQ_HZ_d,0.007568465238758499,0.007573999023350578,0.0060493237510716325,0.009054933140768065
Overall,75,86,ReRZV_2d,2024,1,dQ_HZ_Norm_d,0.002351138757461885,0.0023533958463240797,0.0019013842170903714,0.0028056605117374807
Overall,75,86,ReRZV_2d,2024,1,dQ_Life_d,2.313053343499849e-4,2.322509728491795e-4,1.7435160700691733e-4,2.832015637742823e-4
Overall,75,86,ReRZV_2d,2024,1,dQ_All_d,0.00779977057310844,0.007801864936102021,0.006240841978581901,0.009311325917979518
Overall,75,86,ReRZV_2d,2024,1,dC_Hosp,-14.66534301574133,-14.70298331722698,-18.62103473874263,-10.560367046506075
Overall,75,86,ReRZV_2d,2024,1,dC_GP_NonPHN,-6.407900782969238,-6.457432481751567,-7.239634365507128,-5.3800688192550705
Overall,75,86,ReRZV_2d,2024,1,dC_GP_PHN,-2.709900854825635,-2.7151573996375973,-3.2073174929261805,-2.1814444640411184
Overall,75,86,ReRZV_2d,2024,1,dC_GP,-9.117801637794873,-9.181438547607122,-10.335011751936452,-7.591257405415793
Overall,75,86,ReRZV_2d,2024,1,dC_Med,-23.7831446535362,-23.95639951007027,-28.645903385135078,-18.319872362169146
Overall,75,86,ReRZV_2d,2024,1,dC_VacZVL,110,110,110,110
Overall,75,86,ReRZV_2d,2024,1,dC_VacRZV,108.30422133010727,108.30423559586441,108.30363852855011,108.30476532779836
Overall,75,86,ReRZV_2d,2024,1,dC_Vac,218.30422133010725,218.3042355958644,218.30363852855012,218.30476532779838
Overall,75,86,ReRZV_2d,2024,1,dC_All,194.52107667657106,194.34782421955964,189.6587510796828,199.9841323353035
Overall,75,86,ReRZV_2d,2024,1,dC_Hosp_d,-12.330451934863516,-12.371150138695373,-15.582217852556544,-9.006154264447094
Overall,75,86,ReRZV_2d,2024,1,dC_GP_NonPHN_d,-5.715958940377365,-5.752211427849009,-6.407809537275584,-4.871549616665577
Overall,75,86,ReRZV_2d,2024,1,dC_GP_PHN_d,-2.4098244526031625,-2.414276871337252,-2.834962975017539,-1.9596918015472726
Overall,75,86,ReRZV_2d,2024,1,dC_GP_d,-8.125783392980528,-8.17824843421512,-9.144667345587962,-6.878602700427505
Overall,75,86,ReRZV_2d,2024,1,dC_Med_d,-20.456235327844045,-20.553136014156912,-24.470443727267757,-16.027033795531995
Overall,75,86,ReRZV_2d,2024,1,dC_VacZVL_d,110,110,110,110
Overall,75,86,ReRZV_2d,2024,1,dC_VacRZV_d,91.94305278555693,91.94306489623227,91.9425580259467,91.9435146032757
Overall,75,86,ReRZV_2d,2024,1,dC_Vac_d,201.94305278555692,201.94306489623227,201.9425580259467,201.94351460327567
Overall,75,86,ReRZV_2d,2024,1,dC_All_d,181.48681745771287,181.38997260570846,177.4726653428588,185.91562280475887
Overall,75,86,ReRZV_2d,2024,1,dN_VacZVL,1,1,1,1
Overall,75,86,ReRZV_2d,2024,1,dN_VacRZV,1.2741673097659678,1.2741674775984049,1.27416045327706,1.2741737097388044
Overall,75,86,ReRZV_2d,2024,1,dN_VacZVL_d,1,1,1,1
Overall,75,86,ReRZV_2d,2024,1,dN_VacRZV_d,1.0816829739477285,1.081683116426262,1.0816771532464318,1.0816884070973611
Overall,75,86,ReRZV_2d,2024,1,ICER,23532.93583208531,23243.60728338014,19197.49749587103,29703.879496002613
Overall,75,86,ReRZV_2d,2024,1,Price0,85,85,84.99999999999999,85.00000000000001
Overall,75,86,ReRZV_2d,2024,1,Thres20,163.1269475641705,163.28040545557792,130.7972075114951,193.6052029580276
Overall,75,86,ReRZV_2d,2024,1,Thres30,235.2346773207035,235.46189861128937,188.39125702692954,279.52004876371393
Overall,75,86,ReRZV_2d,2024,1,Thres20_50,NA,163.28040545557792,NA,NA
Overall,75,86,ReRZV_2d,2024,1,Thres30_90,NA,204.9689966014045,NA,NA
Overall,75,86,ReRZV_2d,2024,1,Thres,NA,163.28040545557792,NA,NA
Overall,75,87,ReRZV_1d,2024,1,N0,1,1,1,1
Overall,75,87,ReRZV_1d,2024,1,dYear_Life,3.716025005731547e-4,3.707616975594519e-4,2.6006037665262657e-4,4.8392885116541604e-4
Overall,75,87,ReRZV_1d,2024,1,dYear_Immunised,5.7478673727894485,5.767975070969619,4.697089995658533,6.676265335155937
Overall,75,87,ReRZV_1d,2024,1,dRisk_HZ,-0.05274510119551329,-0.05291807715035726,-0.06150957864400179,-0.043073246926637915
Overall,75,87,ReRZV_1d,2024,1,dRisk_Hosp,-0.002889229221266062,-0.0028746047850893327,-0.0038616931295268955,-0.001984285564353644
Overall,75,87,ReRZV_1d,2024,1,dRisk_PHN,-0.004510968725769553,-0.004501224311469922,-0.005424747911830017,-0.003570377403189167
Overall,75,87,ReRZV_1d,2024,1,dRisk_Death,-6.643013934250798e-5,-6.653617396164484e-5,-9.097088235037875e-5,-4.0939322657973015e-5
Overall,75,87,ReRZV_1d,2024,1,dQ_Life,2.5250806239916556e-4,2.520281829383464e-4,1.7904234331020952e-4,3.265508865471388e-4
Overall,75,87,ReRZV_1d,2024,1,dQ_HZ,0.0076988936189396825,0.007675067129933382,0.0059189098811637374,0.00950587852761111
Overall,75,87,ReRZV_1d,2024,1,dQ_HZ_Norm,0.002389188346594335,0.002389611472403282,0.0018778360689395911,0.0029265809702039747
Overall,75,87,ReRZV_1d,2024,1,dQ_All,0.007945937697958854,0.00793270856106787,0.00610567671372495,0.009820437325161534
Overall,75,87,ReRZV_1d,2024,1,dQ_HZ_d,0.006850910635187508,0.0068340464249122615,0.005382973515631216,0.008367337073921023
Overall,75,87,ReRZV_1d,2024,1,dQ_HZ_Norm_d,0.0021442239846162716,0.0021435172490250395,0.0017112869304836938,0.002602024966069431
Overall,75,87,ReRZV_1d,2024,1,dQ_Life_d,2.0077214006982035e-4,2.0024722821165852e-4,1.4493508383197628e-4,2.576361649184288e-4
Overall,75,87,ReRZV_1d,2024,1,dQ_All_d,0.0070516827752573055,0.007038488491378558,0.005525596271381561,0.00861842561772934
Overall,75,87,ReRZV_1d,2024,1,dC_Hosp,-12.6753723247855,-12.63661558930595,-17.073520918324277,-8.595415932238728
Overall,75,87,ReRZV_1d,2024,1,dC_GP_NonPHN,-5.805805823216333,-5.817373257587855,-6.7577050085516035,-4.764060897082123
Overall,75,87,ReRZV_1d,2024,1,dC_GP_PHN,-2.4415243880583555,-2.4337880088265345,-2.959692755993256,-1.9255520658491954
Overall,75,87,ReRZV_1d,2024,1,dC_GP,-8.247330211274688,-8.2600817523912191,-9.629832834886967,-6.741192147065104
Overall,75,87,ReRZV_1d,2024,1,dC_Med,-20.92270253606019,-20.94562694565338,-26.435291780863093,-15.429367469815919
Overall,75,87,ReRZV_1d,2024,1,dC_VacZVL,110,110,110,110
Overall,75,87,ReRZV_1d,2024,1,dC_VacRZV,49.82225007965532,49.822258877324515,49.82189579506859,49.82258463506062
Overall,75,87,ReRZV_1d,2024,1,dC_Vac,159.8222500796553,159.82225887732451,159.8218957950686,159.82258463506062
Overall,75,87,ReRZV_1d,2024,1,dC_All,138.89954754359513,138.8765288567294,133.3870743801092,144.39277139739372
Overall,75,87,ReRZV_1d,2024,1,dC_Hosp_d,-10.69678089088642,-10.680075819665378,-14.259208722694707,-7.40142339363184
Overall,75,87,ReRZV_1d,2024,1,dC_GP_NonPHN_d,-5.2170229780340565,-5.229564566491753,-6.008726895920427,-4.373889278709337
Overall,75,87,ReRZV_1d,2024,1,dC_GP_PHN_d,-2.1870473560429935,-2.181378946712295,-2.6270573384645157,-1.752495965565351
Overall,75,87,ReRZV_1d,2024,1,dC_GP_d,-7.4040703340770495,-7.41623626876055,-8.55907131879417,-6.152931636172811
Overall,75,87,ReRZV_1d,2024,1,dC_Med_d,-18.10085122496347,-18.13099880264526,-22.59684303319517,-13.655253481168456
Overall,75,87,ReRZV_1d,2024,1,dC_VacZVL_d,110,110,110,110
Overall,75,87,ReRZV_1d,2024,1,dC_VacRZV_d,41.6707032971506,41.67071065541046,41.670406977978494,41.67098311508352
Overall,75,87,ReRZV_1d,2024,1,dC_Vac_d,151.6707032971506,151.67071065541046,151.6704069779785,151.67098311508354
Overall,75,87,ReRZV_1d,2024,1,dC_All_d,133.56985207218713,133.539485702134,129.07381332633696,138.01535042396148
Overall,75,87,ReRZV_1d,2024,1,dN_VacZVL,1,1,1,1
Overall,75,87,ReRZV_1d,2024,1,dN_VacRZV,0.5861441185841801,0.5861442220861708,0.5861399505302187,0.586148054530125
Overall,75,87,ReRZV_1d,2024,1,dN_VacZVL_d,1,1,1,1
Overall,75,87,ReRZV_1d,2024,1,dN_VacRZV_d,0.4902435682017718,0.4902436547695348,0.49024008209386466,0.49024686017745317
Overall,75,87,ReRZV_1d,2024,1,ICER,19217.825646286234,18975.667864121457,15120.880230050976,24759.493243275196
Overall,75,87,ReRZV_1d,2024,1,Price0,85,85,84.99999999999999,85.00000000000001
Overall,75,87,ReRZV_1d,2024,1,Thres20,324.6029313662951,324.11611959602624,255.75362630356221,394.76554686285044
Overall,75,87,ReRZV_1d,2024,1,Thres30,468.44331826337583,468.1216224820953,368.4210667574478,570.0867847251761
Overall,75,87,ReRZV_1d,2024,1,Thres20_50,NA,324.11611959602624,NA,NA
Overall,75,87,ReRZV_1d,2024,1,Thres30_90,NA,401.2556987347924,NA,NA
Overall,75,87,ReRZV_1d,2024,1,Thres,NA,324.11611959602624,NA,NA
Overall,75,87,ReRZV_2d,2024,1,N0,1,1,1,1
Overall,75,87,ReRZV_2d,2024,1,dYear_Life,4.018513972390982e-4,4.034595490383097e-4,3.0084618342920424e-4,4.936954388672365e-4
Overall,75,87,ReRZV_2d,2024,1,dYear_Immunised,6.0383545674164925,6.076376762290791,5.123094506358241,6.760976285634582
Overall,75,87,ReRZV_2d,2024,1,dRisk_HZ,-0.05542966581359023,-0.05580223610562319,-0.0623826064801257,-0.04694954491990546
Overall,75,87,ReRZV_2d,2024,1,dRisk_Hosp,-0.003137606143258694,-0.0031382811495446576,-0.003956907006869546,-0.002326642174788872
Overall,75,87,ReRZV_2d,2024,1,dRisk_PHN,-0.004744016203195396,-0.004745076760440165,-0.005529987698761862,-0.003903143493285911
Overall,75,87,ReRZV_2d,2024,1,dRisk_Death,-7.347597374533055e-5,-7.401873523145389e-5,-9.343878816260435e-5,-5.06949986959004e-5
Overall,75,87,ReRZV_2d,2024,1,dQ_Life,2.724676990860413e-4,2.7355410855367523e-4,2.0576519205253163e-4,3.3385717697060886e-4
Overall,75,87,ReRZV_2d,2024,1,dQ_HZ,0.008122127010022046,0.008128336467085329,0.006489653520876132,0.009747717929491506
Overall,75,87,ReRZV_2d,2024,1,dQ_HZ_Norm,0.0025072849509802475,0.002507888791674807,0.0020281339591851385,0.0030038812204413417
Overall,75,87,ReRZV_2d,2024,1,dQ_All,0.008388406380256239,0.008395466316985178,0.006690086880579038,0.010045229148974986
Overall,75,87,ReRZV_2d,2024,1,dQ_HZ_d,0.007187502669945901,0.00717763298052524,0.00581073026666779,0.008559300730696625
Overall,75,87,ReRZV_2d,2024,1,dQ_HZ_Norm_d,0.002238273840348016,0.0022384417206471417,0.0018332507759299761,0.0026622543803727873
Overall,75,87,ReRZV_2d,2024,1,dQ_Life_d,2.1584095232614865e-4,2.1662255487253645e-4,1.6579341910656354e-4,2.628595825744373e-4
Overall,75,87,ReRZV_2d,2024,1,dQ_All_d,0.0074033436222720175,0.0074021467236020655,0.0059842540074405365,0.008787779970364128
Overall,75,87,ReRZV_2d,2024,1,dC_Hosp,-13.821426187822688,-13.83061099282903,-17.565328573136483,-10.110453401572139
Overall,75,87,ReRZV_2d,2024,1,dC_GP_NonPHN,-6.0878943138835915,-6.122384773986957,-6.834732454124268,-5.1748647968603585
Overall,75,87,ReRZV_2d,2024,1,dC_GP_PHN,-2.5623817806722355,-2.565675905244903,-3.0133421243888616,-2.0881162242408413
Overall,75,87,ReRZV_2d,2024,1,dC_GP,-8.650276094555828,-8.703306325615735,-9.759725484026719,-7.323213253799473
Overall,75,87,ReRZV_2d,2024,1,dC_Med,-22.471702282378516,-22.561884079490557,-27.010719643458454,-17.618337924084724
Overall,75,87,ReRZV_2d,2024,1,dC_VacZVL,110,110,110,110
Overall,75,87,ReRZV_2d,2024,1,dC_VacRZV,99.64450015931064,99.64451775464903,99.64379159013718,99.64516927012124
Overall,75,87,ReRZV_2d,2024,1,dC_Vac,209.64450015931064,209.64451775464903,209.64379159013723,209.64516927012127
Overall,75,87,ReRZV_2d,2024,1,dC_All,187.17279787693212,187.08275914981675,182.63440261252617,192.02646911957513
Overall,75,87,ReRZV_2d,2024,1,dC_Hosp_d,-11.602566933641196,-11.64451192723821,-14.592062410826323,-8.611966874293477
Overall,75,87,ReRZV_2d,2024,1,dC_GP_NonPHN_d,-5.441783611784921,-5.4671376966550955,-6.075123151860985,-4.698558866447526
Overall,75,87,ReRZV_2d,2024,1,dC_GP_PHN_d,-2.283543238658207,-2.2870986084053007,-2.676441515577611,-1.8779284432076881
Overall,75,87,ReRZV_2d,2024,1,dC_GP_d,-7.725326850443129,-7.76448813395531,-8.667479193879121,-6.6314552781086595
Overall,75,87,ReRZV_2d,2024,1,dC_Med_d,-19.327893784084324,-19.409452032762537,-23.086637975084464,-15.419728992515795
Overall,75,87,ReRZV_2d,2024,1,dC_VacZVL_d,110,110,110,110
Overall,75,87,ReRZV_2d,2024,1,dC_VacRZV_d,83.3414065943012,83.34142131082092,83.34081395595699,83.34196623016705
Overall,75,87,ReRZV_2d,2024,1,dC_Vac_d,193.3414065943012,193.34142131082092,193.340813955957,193.34196623016706
Overall,75,87,ReRZV_2d,2024,1,dC_All_d,174.01351281021687,173.93168237912835,170.2546937718269,177.92192127453927
Overall,75,87,ReRZV_2d,2024,1,dN_VacZVL,1,1,1,1
Overall,75,87,ReRZV_2d,2024,1,dN_VacRZV,1.1722882371683603,1.1722884441723416,1.1722799010604374,1.17229610906025
Overall,75,87,ReRZV_2d,2024,1,dN_VacZVL_d,1,1,1,1
Overall,75,87,ReRZV_2d,2024,1,dN_VacRZV_d,0.9804871364035436,0.9804873095390696,0.9804801641877293,0.9804937203549063
Overall,75,87,ReRZV_2d,2024,1,ICER,23749.473703702497,23482.41608177703,19523.161875106438,29511.02478368342
Overall,75,87,ReRZV_2d,2024,1,Price0,85,85,84.99999999999999,85.00000000000001
Overall,75,87,ReRZV_2d,2024,1,Thres20,170.7261140086885,170.89726460094897,138.74193463942368,201.46165999460715
Overall,75,87,ReRZV_2d,2024,1,Thres30,246.2329005611062,246.2444642702124,200.19924792594136,291.0829304831958
Overall,75,87,ReRZV_2d,2024,1,Thres20_50,NA,170.89726460094897,NA,NA
Overall,75,87,ReRZV_2d,2024,1,Thres30_90,NA,216.00666031801802,NA,NA
Overall,75,87,ReRZV_2d,2024,1,Thres,NA,170.89726460094897,NA,NA
Overall,75,88,ReRZV_1d,2024,1,N0,1,1,1,1
Overall,75,88,ReRZV_1d,2024,1,dYear_Life,3.458153855923811e-4,3.45486780647164e-4,2.4920761022322323e-4,4.437849357000978e-4
Overall,75,88,ReRZV_1d,2024,1,dYear_Immunised,5.501520808997026,5.512611548850851,4.568399178460791,6.3292464201255605
Overall,75,88,ReRZV_1d,2024,1,dRisk_HZ,-0.05038509038769489,-0.05049010848566903,-0.05807034328337582,-0.041950614312649494
Overall,75,88,ReRZV_1d,2024,1,dRisk_Hosp,-0.0027190159601855656,-0.0027120179168655676,-0.0035812381488959486,-0.0019135955304206735
Overall,75,88,ReRZV_1d,2024,1,dRisk_PHN,-0.004295494967188102,-0.0042822751078391,-0.005112572241932499,-0.003455398823583555
Overall,75,88,ReRZV_1d,2024,1,dRisk_Death,-6.21525915923481e-5,-6.210757602218052e-5,-8.415504055312519e-5,-3.952938014873755e-5
Overall,75,88,ReRZV_1d,2024,1,dQ_Life,2.349291280533077e-4,2.3474462409289742e-4,1.7118823483590616e-4,2.996033093746408e-4
Overall,75,88,ReRZV_1d,2024,1,dQ_HZ,0.0073399282118868795,0.007332187463689212,0.005735959521126533,0.008984806273950681
Overall,75,88,ReRZV_1d,2024,1,dQ_HZ_Norm,0.0022843741518707755,0.0022816791197192627,0.0018245037143038206,0.002768851999634507
Overall,75,88,ReRZV_1d,2024,1,dQ_All,0.0075695236504412355,0.007560695112142746,0.005913228826384165,0.009247722691130453
Overall,75,88,ReRZV_1d,2024,1,dQ_HZ_d,0.00654798090423002,0.006528628160990995,0.005208925512453379,0.007924516958524344
Overall,75,88,ReRZV_1d,2024,1,dQ_HZ_Norm_d,0.002055827270562247,0.002053126096491054,0.0016644161834388962,0.0024677419423910756
Overall,75,88,ReRZV_1d,2024,1,dQ_Life_d,1.869977126273872e-4,1.866172401543409e-4,1.388749680303114e-4,2.3641506077156648e-4
Overall,75,88,ReRZV_1d,2024,1,dQ_All_d,0.006734978616857369,0.006720886936619763,0.005368322004665948,0.00812989912342119
Overall,75,88,ReRZV_1d,2024,1,dC_Hosp,-11.924646853195487,-11.903951720253437,-15.894206532993952,-8.256411933596912
Overall,75,88,ReRZV_1d,2024,1,dC_GP_NonPHN,-5.551660944288213,-5.563548827504759,-6.41193762068939,-4.6537512004697055
Overall,75,88,ReRZV_1d,2024,1,dC_GP_PHN,-2.3266637286973215,-2.32283234267131,-2.7897756501852284,-1.8676355377690617
Overall,75,88,ReRZV_1d,2024,1,dC_GP,-7.878324672985534,-7.896893967459435,-9.120671101280763,-6.554143777536048
Overall,75,88,ReRZV_1d,2024,1,dC_Med,-19.80297152618102,-19.80958651693161,-24.695942517103237,-14.952838062528986
Overall,75,88,ReRZV_1d,2024,1,dC_VacZVL,110,110,110,110
Overall,75,88,ReRZV_1d,2024,1,dC_VacRZV,45.33342340848179,45.33343013302061,45.333004330039444,45.33381878180545
Overall,75,88,ReRZV_1d,2024,1,dC_Vac,155.3334234084818,155.3334301330206,155.33300433003947,155.33381878180546
Overall,75,88,ReRZV_1d,2024,1,dC_All,135.53045188230078,135.52400348226195,130.63698013268132,140.38078711612837
Overall,75,88,ReRZV_1d,2024,1,dC_Hosp_d,-10.060718379811744,-10.063116075646445,-13.272733341141306,-7.143883180681379
Overall,75,88,ReRZV_1d,2024,1,dC_GP_NonPHN_d,-5.002731149972397,-5.0122717912600425,-5.7078860332503405,-4.271543986453978
Overall,75,88,ReRZV_1d,2024,1,dC_GP_PHN_d,-2.0902656431452167,-2.090866233479586,-2.482240595867439,-1.7026986293556547
Overall,75,88,ReRZV_1d,2024,1,dC_GP_d,-7.092996793117614,-7.109517392449485,-8.124101958978548,-6.009257153825013
Overall,75,88,ReRZV_1d,2024,1,dC_Med_d,-17.15371517292936,-17.158605359622683,-21.17411120337895,-13.296178856750473
Overall,75,88,ReRZV_1d,2024,1,dC_VacZVL_d,110,110,110,110
Overall,75,88,ReRZV_1d,2024,1,dC_VacRZV_d,37.35596564562807,37.355971186829734,37.35562031366948,37.35629144392842
Overall,75,88,ReRZV_1d,2024,1,dC_Vac_d,147.35596564562806,147.35597118682975,147.35562031366948,147.35629144392843
Overall,75,88,ReRZV_1d,2024,1,dC_All_d,130.20225047269872,130.19733093715965,126.1816383928613,134.05990613724114
Overall,75,88,ReRZV_1d,2024,1,dN_VacZVL,1,1,1,1
Overall,75,88,ReRZV_1d,2024,1,dN_VacRZV,0.5333343930409623,0.5333344721531836,0.5333294627063465,0.5333390444918288
Overall,75,88,ReRZV_1d,2024,1,dN_VacZVL_d,1,1,1,1
Overall,75,88,ReRZV_1d,2024,1,dN_VacRZV_d,0.43948194877209495,0.43948201396270276,0.4394778860431704,0.43948578169327557
Overall,75,88,ReRZV_1d,2024,1,ICER,19579.06535847328,19358.850488838572,15683.18606475891,24802.31291551164
Overall,75,88,ReRZV_1d,2024,1,Price0,85,85,84.99999999999999,85.00000000000001
Overall,75,88,ReRZV_1d,2024,1,Thres20,345.5279043339649,345.0974306235422,276.77659099196103,414.9172414291283
Overall,75,88,ReRZV_1d,2024,1,Thres30,498.77602220646133,497.9390061289771,398.7277659330999,600.0576257976669
Overall,75,88,ReRZV_1d,2024,1,Thres20_50,NA,345.0974306235422,NA,NA
Overall,75,88,ReRZV_1d,2024,1,Thres30_90,NA,431.18064646969975,NA,NA
Overall,75,88,ReRZV_1d,2024,1,Thres,NA,345.0974306235422,NA,NA
Overall,75,88,ReRZV_2d,2024,1,N0,1,1,1,1
Overall,75,88,ReRZV_2d,2024,1,dYear_Life,3.712154772120178e-4,3.7272904952967423e-4,2.8451701968750247e-4,4.5393476301320846e-4
Overall,75,88,ReRZV_2d,2024,1,dYear_Immunised,5.745650397110539,5.777463156051616,4.929402647040195,6.416120020397101
Overall,75,88,ReRZV_2d,2024,1,dRisk_HZ,-0.05262631341856594,-0.052875291649999136,-0.05902921610793953,-0.045186328260058674
Overall,75,88,ReRZV_2d,2024,1,dRisk_Hosp,-0.0029349872827361422,-0.002936015203927013,-0.003690348088023216,-0.0022047912346708507
Overall,75,88,ReRZV_2d,2024,1,dRisk_PHN,-0.0044882723536544015,-0.004486207435636271,-0.005206326993370977,-0.003727515180412626
Overall,75,88,ReRZV_2d,2024,1,dRisk_Death,-6.837814004491398e-5,-6.87825323724139e-5,-8.650274641035367e-5,-4.7765377139322275e-5
Overall,75,88,ReRZV_2d,2024,1,dQ_Life,2.515885663333339e-4,2.525499984038504e-4,1.942619654295541e-4,3.0687313296802183e-4
Overall,75,88,ReRZV_2d,2024,1,dQ_HZ,0.007695671579030866,0.007703154779946963,0.0061941296686514056,0.009188812649790101
Overall,75,88,ReRZV_2d,2024,1,dQ_HZ_Norm,0.002382791978538375,0.002382359879583226,0.00194908419967575,0.0028416225313152256
Overall,75,88,ReRZV_2d,2024,1,dQ_All,0.007941231053374914,0.007954873553428499,0.006398028097279074,0.009450647064208572
Overall,75,88,ReRZV_2d,2024,1,dQ_HZ_d,0.006827781179192857,0.006825866619533997,0.0055499741257319865,0.008100900159604645
Overall,75,88,ReRZV_2d,2024,1,dQ_HZ_Norm_d,0.0021333245777738746,0.002129691066561656,0.0017619587473941339,0.0025207291297403016
Overall,75,88,ReRZV_2d,2024,1,dQ_Life_d,1.9948512206747983e-4,2.0011740978542747e-4,1.5603922073839096e-4,2.422614802560119e-4
Overall,75,88,ReRZV_2d,2024,1,dQ_All_d,0.00702726630126031,0.007031895071765604,0.005723172904055751,0.008316012825730246
Overall,75,88,ReRZV_2d,2024,1,dC_Hosp,-12.927395987349533,-12.937492643875567,-16.368929392813676,-9.607313946719852
Overall,75,88,ReRZV_2d,2024,1,dC_GP_NonPHN,-5.786044234587656,-5.806623797460878,-6.488332123500179,-4.983832959390716
Overall,75,88,ReRZV_2d,2024,1,dC_GP_PHN,-2.4260822793286225,-2.4268703441959225,-2.844428043773541,-1.992850658040626
Overall,75,88,ReRZV_2d,2024,1,dC_GP,-8.212126513916278,-8.244767931974852,-9.23951764487221,-7.0364361635208
Overall,75,88,ReRZV_2d,2024,1,dC_Med,-21.139522501265812,-21.20554612315182,-25.345415845439312,-16.813532046017258
Overall,75,88,ReRZV_2d,2024,1,dC_VacZVL,110,110,110,110
Overall,75,88,ReRZV_2d,2024,1,dC_VacRZV,90.66684681696358,90.66686026604123,90.66600866007889,90.6676375636109
Overall,75,88,ReRZV_2d,2024,1,dC_Vac,200.66684681696358,200.66686026604123,200.66600866007892,200.66763756361087
Overall,75,88,ReRZV_2d,2024,1,dC_All,179.52732431569777,179.46098678212593,175.32215144006165,183.85290567026482
Overall,75,88,ReRZV_2d,2024,1,dC_Hosp_d,-10.84560365793949,-10.857862122362123,-13.647494950018745,-8.17806415277951
Overall,75,88,ReRZV_2d,2024,1,dC_GP_NonPHN_d,-5.187370792340651,-5.198151250730023,-5.7765661646936035,-4.533234803124466
Overall,75,88,ReRZV_2d,2024,1,dC_GP_PHN_d,-2.1687394811734815,-2.1705543497468214,-2.5366462261959977,-1.8041668600283465
Overall,75,88,ReRZV_2d,2024,1,dC_GP_d,-7.356110273514133,-7.373311758238812,-8.226716518995392,-6.3819988769195595
Overall,75,88,ReRZV_2d,2024,1,dC_Med_d,-18.20171393145362,-18.252831795490607,-21.62463785268298,-14.752266763731528
Overall,75,88,ReRZV_2d,2024,1,dC_VacZVL_d,110,110,110,110
Overall,75,88,ReRZV_2d,2024,1,dC_VacRZV_d,74.71193129125614,74.71194237365947,74.71124062733897,74.71258288785684
Overall,75,88,ReRZV_2d,2024,1,dC_Vac_d,184.71193129125615,184.7119423736595,184.71124062733895,184.71258288785685
Overall,75,88,ReRZV_2d,2024,1,dC_All_d,166.5102173598025,166.45882667325122,163.08729533231391,169.95913340485927
Overall,75,88,ReRZV_2d,2024,1,dN_VacZVL,1,1,1,1
Overall,75,88,ReRZV_2d,2024,1,dN_VacRZV,1.0666687860819246,1.0666689443063673,1.066658925412693,1.0666780889836576
Overall,75,88,ReRZV_2d,2024,1,dN_VacZVL_d,1,1,1,1
Overall,75,88,ReRZV_2d,2024,1,dN_VacRZV_d,0.8789638975441899,0.8789640279254055,0.8789557720863408,0.8789715633865511
Overall,75,88,ReRZV_2d,2024,1,ICER,23922.694007966613,23667.699387597386,19788.50831191301,29443.381635119465
Overall,75,88,ReRZV_2d,2024,1,Price0,85,85,84.99999999999999,85.00000000000001
Overall,75,88,ReRZV_2d,2024,1,Thres20,180.6069958138816,180.73628743484372,148.40176913884775,212.14411486266258
Overall,75,88,ReRZV_2d,2024,1,Thres30,260.556420863754,260.83995241703036,213.76768674772197,306.61027750789395
Overall,75,88,ReRZV_2d,2024,1,Thres20_50,NA,180.73628743484372,NA,NA
Overall,75,88,ReRZV_2d,2024,1,Thres30_90,NA,229.93757079161855,NA,NA
Overall,75,88,ReRZV_2d,2024,1,Thres,NA,180.73628743484372,NA,NA
Overall,75,89,ReRZV_1d,2024,1,N0,1,1,1,1
Overall,75,89,ReRZV_1d,2024,1,dYear_Life,3.1842548375097304e-4,3.1803142870856504e-4,2.368399546008426e-4,0.00040291789374733437
Overall,75,89,ReRZV_1d,2024,1,dYear_Immunised,5.269704251717975,5.28415013785043,4.468353062841105,6.016819676629509
Overall,75,89,ReRZV_1d,2024,1,dRisk_HZ,-0.04817738369518534,-0.048314577073219435,-0.055116660685033014,-0.040842601325632305
Overall,75,89,ReRZV_1d,2024,1,dRisk_Hosp,-0.002547259592077997,-0.002539005120206091,-0.003311964951838612,-0.0018290802590392346
Overall,75,89,ReRZV_1d,2024,1,dRisk_PHN,-0.0040936509247729725,-0.004086601869350044,-0.004841268351761966,-0.0033519314271357225
Overall,75,89,ReRZV_1d,2024,1,dRisk_Death,-5.7177882280573136e-5,-5.7040152124041855e-5,-7.665896928364744e-5,-3.7682169145491405e-5
Overall,75,89,ReRZV_1d,2024,1,dQ_Life,2.1639980223287837e-4,2.1623625714539685e-4,1.6253055143371497e-4,2.72031684129681e-4
Overall,75,89,ReRZV_1d,2024,1,dQ_HZ,0.0069999721466448535,0.006987682844718579,0.005554838274266735,0.008490389492832179
Overall,75,89,ReRZV_1d,2024,1,dQ_HZ_Norm,0.002186537775085015,0.0021834690575833994,0.0017643673603982347,0.00263700924909382
Overall,75,89,ReRZV_1d,2024,1,dQ_All,0.00721123260645356,0.007197511347436958,0.0057409510824667715,0.008714256618888649
Overall,75,89,ReRZV_1d,2024,1,dQ_HZ_d,0.006265775220727769,0.006260022795279481,0.005059485996135614,0.007516928166787264
Overall,75,89,ReRZV_1d,2024,1,dQ_HZ_Norm_d,0.0019746485296295176,0.0019745737967501865,0.0016188962518271118,0.0023550651524708493
Overall,75,89,ReRZV_1d,2024,1,dQ_Life_d,1.7266227907854946e-4,1.7243385872767192e-4,1.3199916148907143e-4,2.1425167440116688e-4
Overall,75,89,ReRZV_1d,2024,1,dQ_All_d,0.006438437499806305,0.006430269858168636,0.00520312549095654,0.007704350456942288
Overall,75,89,ReRZV_1d,2024,1,dC_Hosp,-11.156090638565319,-11.104133656858016,-14.669061301683763,-7.893793109045763
Overall,75,89,ReRZV_1d,2024,1,dC_GP_NonPHN,-5.315376956107389,-5.325403847663592,-6.069427809088593,-4.545991011783271
Overall,75,89,ReRZV_1d,2024,1,dC_GP_PHN,-2.219722200403455,-2.217226275548053,-2.6346836961097044,-1.809366984564647
Overall,75,89,ReRZV_1d,2024,1,dC_GP,-7.535099156510844,-7.55094978634635,-8.644925851549782,-6.382303272621254
Overall,75,89,ReRZV_1d,2024,1,dC_Med,-18.691189795076163,-18.66360082550299,-23.09143689758151,-14.473501796466048
Overall,75,89,ReRZV_1d,2024,1,dC_VacZVL,110,110,110,110
Overall,75,89,ReRZV_1d,2024,1,dC_VacRZV,40.745487259494034,40.74549233371961,40.74499010412392,40.745951961078156
Overall,75,89,ReRZV_1d,2024,1,dC_Vac,150.74548725949404,150.7454923337196,150.74499010412393,150.74595196107816
Overall,75,89,ReRZV_1d,2024,1,dC_All,132.05429746441786,132.08199225408856,127.6539833891588,136.27216451222375
Overall,75,89,ReRZV_1d,2024,1,dC_Hosp_d,-9.420979735823538,-9.390675531528213,-12.240136839193731,-6.837202169775447
Overall,75,89,ReRZV_1d,2024,1,dC_GP_NonPHN_d,-4.806709311817355,-4.814163815867701,-5.43928632767884,-4.161411737367281
Overall,75,89,ReRZV_1d,2024,1,dC_GP_PHN_d,-2.0016050094711124,-1.9997704890100363,-2.361545550822969,-1.6489071749176414
Overall,75,89,ReRZV_1d,2024,1,dC_GP_d,-6.808314321288467,-6.8215194295752895,-7.733212701931592,-5.856498521471583
Overall,75,89,ReRZV_1d,2024,1,dC_Med_d,-16.229294057112003,-16.22843743474389,-19.8281831006405,-12.893646504961861
Overall,75,89,ReRZV_1d,2024,1,dC_VacZVL_d,110,110,110,110
Overall,75,89,ReRZV_1d,2024,1,dC_VacRZV_d,33.0791943923317,33.079198511838065,33.07879077710368,33.07957165997701
Overall,75,89,ReRZV_1d,2024,1,dC_Vac_d,143.07919439233171,143.07919851183806,143.07879077710368,143.07957165997703
Overall,75,89,ReRZV_1d,2024,1,dC_All_d,126.8499003352197,126.85077315996625,123.25093005711857,130.1856539356598
Overall,75,89,ReRZV_1d,2024,1,dN_VacZVL,1,1,1,1
Overall,75,89,ReRZV_1d,2024,1,dN_VacRZV,0.47935867364110624,0.4793587333378777,0.4793528247543991,0.4793641407185664
Overall,75,89,ReRZV_1d,2024,1,dN_VacZVL_d,1,1,1,1
Overall,75,89,ReRZV_1d,2024,1,dN_VacRZV_d,0.3891669928509612,0.389167041315742,0.3891622444365139,0.38917143129384724
Overall,75,89,ReRZV_1d,2024,1,ICER,19924.77768688837,19733.750262950263,16145.394154061303,24863.4323459011
Overall,75,89,ReRZV_1d,2024,1,Price0,85,85,84.99999999999999,85.00000000000001
Overall,75,89,ReRZV_1d,2024,1,Thres20,372.58562956015163,372.0230565925441,302.599186112217,443.7602455384195
Overall,75,89,ReRZV_1d,2024,1,Thres30,538.0271228494712,536.9874770553932,436.923946489797,641.7179700873587
Overall,75,89,ReRZV_1d,2024,1,Thres20_50,NA,372.0230565925441,NA,NA
Overall,75,89,ReRZV_1d,2024,1,Thres30_90,NA,469.9878864842077,NA,NA
Overall,75,89,ReRZV_1d,2024,1,Thres,NA,372.0230565925441,NA,NA
Overall,75,89,ReRZV_2d,2024,1,N0,1,1,1,1
Overall,75,89,ReRZV_2d,2024,1,dYear_Life,3.3889137838720895e-4,3.395586014471874e-4,2.653942736279724e-4,4.120194707885715e-4
Overall,75,89,ReRZV_2d,2024,1,dYear_Immunised,5.471833317928157,5.493235015337154,4.74914508655796,6.093150809550749
Overall,75,89,ReRZV_2d,2024,1,dRisk_HZ,-0.05001949621261318,-0.05014190889045669,-0.05579645416096984,-0.04340622918764416
Overall,75,89,ReRZV_2d,2024,1,dRisk_Hosp,-0.002731950002165435,-0.002730087877924988,-0.0034106250038784666,-0.002074069430444927
Overall,75,89,ReRZV_2d,2024,1,dRisk_PHN,-0.004250136499754213,-0.0042484950956490205,-0.004927807514251112,-0.0035683804961775764
Overall,75,89,ReRZV_2d,2024,1,dRisk_Death,-6.249580557869288e-5,-6.283998891370879e-5,-7.883817351545158e-5,-4.475693648247338e-5
Overall,75,89,ReRZV_2d,2024,1,dQ_Life,2.2972496640794837e-4,2.301442106578122e-4,1.810351640913144e-4,2.789870379766856e-4
Overall,75,89,ReRZV_2d,2024,1,dQ_HZ,0.007294226351086528,0.007289654244411386,0.005911727624857632,0.00868939511230922
Overall,75,89,ReRZV_2d,2024,1,dQ_HZ_Norm,0.0022672767812442025,0.0022655841321667317,0.001868557240521677,0.0026870992313902512
Overall,75,89,ReRZV_2d,2024,1,dQ_All,0.007518155202684771,0.007517921143878503,0.006115030668950006,0.008921569816251694
Overall,75,89,ReRZV_2d,2024,1,dQ_HZ_d,0.006494642560519323,0.0064851551251364475,0.00533550228320821,0.007694651131804766
Overall,75,89,ReRZV_2d,2024,1,dQ_HZ_Norm_d,0.002037506658369736,0.00203375563365649,0.0016975200728393293,0.0023997519796687713
Overall,75,89,ReRZV_2d,2024,1,dQ_Life_d,1.8257297721811482e-4,1.827162114951264e-4,1.454531020267602e-4,2.2045573972344628e-4
Overall,75,89,ReRZV_2d,2024,1,dQ_All_d,0.006677215537737406,0.006670570573955814,0.005502152116851011,0.007880263272160182
Overall,75,89,ReRZV_2d,2024,1,dC_Hosp,-12.018639154385859,-12.039039214275157,-15.089653767455419,-9.047581636790145
Overall,75,89,ReRZV_2d,2024,1,dC_GP_NonPHN,-5.5070584429156515,-5.511749124007034,-6.150570088687465,-4.804039184481506
Overall,75,89,ReRZV_2d,2024,1,dC_GP_PHN,-2.299928915566895,-2.3006073803676284,-2.6921614366964444,-1.9023323179929224
Overall,75,89,ReRZV_2d,2024,1,dC_GP,-7.806987358482547,-7.8278200342131425,-8.769463533535067,-6.770843446975861
Overall,75,89,ReRZV_2d,2024,1,dC_Med,-19.825626512868407,-19.84805210207015,-23.56003843104032,-16.051589810979294
Overall,75,89,ReRZV_2d,2024,1,dC_VacZVL,110,110,110,110
Overall,75,89,ReRZV_2d,2024,1,dC_VacRZV,81.49097451898807,81.49098466743922,81.48998020824784,81.49190392215631
Overall,75,89,ReRZV_2d,2024,1,dC_Vac,191.49097451898805,191.4909846674392,191.48998020824783,191.4919039221563
Overall,75,89,ReRZV_2d,2024,1,dC_All,171.66534800611967,171.6424611017339,167.93143608503865,175.43964063804623
Overall,75,89,ReRZV_2d,2024,1,dC_Hosp_d,-10.089516377825177,-10.101677741897156,-12.580222720001638,-7.670449636140849
Overall,75,89,ReRZV_2d,2024,1,dC_GP_NonPHN_d,-4.955993228911899,-4.956343889394873,-5.506651872363036,-4.374010772134379
Overall,75,89,ReRZV_2d,2024,1,dC_GP_PHN_d,-2.064179357463325,-2.061379975644877,-2.403934744950863,-1.7301755751001788
Overall,75,89,ReRZV_2d,2024,1,dC_GP_d,-7.020172586375223,-7.034192485290759,-7.833527323587485,-6.153642771380999
Overall,75,89,ReRZV_2d,2024,1,dC_Med_d,-17.109688964200398,-17.119536394059942,-20.185515465896284,-14.075988523533992
Overall,75,89,ReRZV_2d,2024,1,dC_VacZVL_d,110,110,110,110
Overall,75,89,ReRZV_2d,2024,1,dC_VacRZV_d,66.1583887846634,66.15839702367613,66.15758155420735,66.15914331995403
Overall,75,89,ReRZV_2d,2024,1,dC_Vac_d,176.1583887846634,176.15839702367614,176.15758155420735,176.15914331995404
Overall,75,89,ReRZV_2d,2024,1,dC_All_d,159.048699820463,159.03851239828444,155.97240786683076,162.08207898089518
Overall,75,89,ReRZV_2d,2024,1,dN_VacZVL,1,1,1,1
Overall,75,89,ReRZV_2d,2024,1,dN_VacRZV,0.9587173472822125,0.9587174666757554,0.9587056495087982,0.9587282814371328
Overall,75,89,ReRZV_2d,2024,1,dN_VacZVL_d,1,1,1,1
Overall,75,89,ReRZV_2d,2024,1,dN_VacRZV_d,0.7783339857019224,0.778334082631484,0.7783244888730279,0.7783428625876945
Overall,75,89,ReRZV_2d,2024,1,ICER,24033.837172478394,23832.8674455581,19997.89441377859,29316.819432649965
Overall,75,89,ReRZV_2d,2024,1,Price0,85,85,84.99999999999999,85.00000000000001
Overall,75,89,ReRZV_2d,2024,1,Thres20,193.5595608160587,193.44630885543864,160.70204593528257,226.34874868901937
Overall,75,89,ReRZV_2d,2024,1,Thres30,279.34811681636415,279.2113290541743,231.1875042546633,327.8203265711027
Overall,75,89,ReRZV_2d,2024,1,Thres20_50,NA,193.44630885543864,NA,NA
Overall,75,89,ReRZV_2d,2024,1,Thres30_90,NA,248.05500180098676,NA,NA
Overall,75,89,ReRZV_2d,2024,1,Thres,NA,193.44630885543864,NA,NA
Overall,75,90,ReRZV_1d,2024,1,N0,1,1,1,1
Overall,75,90,ReRZV_1d,2024,1,dYear_Life,2.900078851145631e-4,2.8934164814309327e-4,2.2361442244798191e-4,3.6157301018246985e-4
Overall,75,90,ReRZV_1d,2024,1,dYear_Immunised,5.055946075588183,5.0687085827668215,4.358736806996273,5.727054568431761
Overall,75,90,ReRZV_1d,2024,1,dRisk_HZ,-0.0461583374555663,-0.04623225339464668,-0.05244548869536555,-0.03964684311265533
Overall,75,90,ReRZV_1d,2024,1,dRisk_Hosp,-0.0023722694342003855,-0.0023615180705611498,-0.0030640824523830916,-0.001749435650146916
Overall,75,90,ReRZV_1d,2024,1,dRisk_PHN,-0.003911391336867353,-0.003906767483108628,-0.004602472340409099,-0.0032359526451050365
Overall,75,90,ReRZV_1d,2024,1,dRisk_Death,-5.154825679361901e-5,-5.140787021243956e-5,-6.818399542450947e-5,-3.5163686379123496e-5
Overall,75,90,ReRZV_1d,2024,1,dQ_Life,1.9732599495543733e-4,1.969185573944543e-4,1.5362565627436984e-4,2.4498408174173926e-4
Overall,75,90,ReRZV_1d,2024,1,dQ_HZ,0.0066853482640778375,0.006675464572941579,0.005363123412820455,0.008051725637597257
Overall,75,90,ReRZV_1d,2024,1,dQ_HZ_Norm,0.0020972143398322414,0.0020929914950385013,0.0017140741113528567,0.002506107799205436
Overall,75,90,ReRZV_1d,2024,1,dQ_All,0.0068778086710415565,0.006866400130178363,0.005518059784523644,0.008265128833309364
Overall,75,90,ReRZV_1d,2024,1,dQ_HZ_d,0.006008787015982944,0.00599551703886437,0.004912823637374008,0.007165906617234996
Overall,75,90,ReRZV_1d,2024,1,dQ_HZ_Norm_d,0.0019017129280667314,0.001897277204302368,0.0015803521807355413,0.0022557679058238245
Overall,75,90,ReRZV_1d,2024,1,dQ_Life_d,1.5808662340284661e-4,1.5771762530114586e-4,1.2446514896078398e-4,1.9458101290426022e-4
Overall,75,90,ReRZV_1d,2024,1,dQ_All_d,0.006166873639385798,0.006153316100427908,0.005050271297522802,0.00734038028297643
Overall,75,90,ReRZV_1d,2024,1,dC_Hosp,-10.362249863703434,-10.32130826571128,-13.62757812275694,-7.50687450764981
Overall,75,90,ReRZV_1d,2024,1,dC_GP_NonPHN,-5.101063071057035,-5.105859877371124,-5.795855519446439,-4.404493711698588
Overall,75,90,ReRZV_1d,2024,1,dC_GP_PHN,-2.124082290283886,-2.1201084696920334,-2.506604671586108,-1.7486395676025819
Overall,75,90,ReRZV_1d,2024,1,dC_GP,-7.225145361340921,-7.2346596550041,-8.2255533932498,-6.194666833025806
Overall,75,90,ReRZV_1d,2024,1,dC_Med,-17.587395225044354,-17.57759315601185,-21.52574344138119,-13.870460718292794
Overall,75,90,ReRZV_1d,2024,1,dC_VacZVL,110,110,110,110
Overall,75,90,ReRZV_1d,2024,1,dC_VacRZV,36.12547336139947,36.12547876092813,36.1248869554566,36.12600723296194
Overall,75,90,ReRZV_1d,2024,1,dC_Vac,146.12547336139946,146.1254787609281,146.12488695545662,146.1260072329619
Overall,75,90,ReRZV_1d,2024,1,dC_All,128.53807813635513,128.5481433820553,124.59970517683838,132.25534697222116
Overall,75,90,ReRZV_1d,2024,1,dC_Hosp_d,-8.771561381093015,-8.75949361796492,-11.410265316552097,-6.4642733017649405
Overall,75,90,ReRZV_1d,2024,1,dC_GP_NonPHN_d,-4.631734731981688,-4.633711633895086,-5.21618467546936,-4.054261683288163
Overall,75,90,ReRZV_1d,2024,1,dC_GP_PHN_d,-1.9235625763797009,-1.9195547874316727,-2.2658465445868115,-1.5950689238585858
Overall,75,90,ReRZV_1d,2024,1,dC_GP_d,-6.555297308361389,-6.5595420507253985,-7.399851728718667,-5.686437941823384
Overall,75,90,ReRZV_1d,2024,1,dC_Med_d,-15.326858689454404,-15.308291749883987,-18.590056497272972,-12.35421681694117
Overall,75,90,ReRZV_1d,2024,1,dC_VacZVL_d,110,110,110,110
Overall,75,90,ReRZV_1d,2024,1,dC_VacRZV_d,28.895014233694678,28.8950185525158,28.894545196018786,28.895441251667346
Overall,75,90,ReRZV_1d,2024,1,dC_Vac_d,138.89501423369467,138.8950185525158,138.89454519601878,138.89544125166734
Overall,75,90,ReRZV_1d,2024,1,dC_All_d,123.56815554424027,123.58659833579556,120.30537390153259,126.54096206965202
Overall,75,90,ReRZV_1d,2024,1,dN_VacZVL,1,1,1,1
Overall,75,90,ReRZV_1d,2024,1,dN_VacRZV,0.4250055689576408,0.42500563248150736,0.42499867006419534,0.42501184979955225
Overall,75,90,ReRZV_1d,2024,1,dN_VacZVL_d,1,1,1,1
Overall,75,90,ReRZV_1d,2024,1,dN_VacRZV_d,0.3399413439258197,0.33994139473548,0.3399358258355151,0.3399463676666747
Overall,75,90,ReRZV_1d,2024,1,ICER,20242.47952145965,20079.092096609478,16589.99396035196,24940.373765605564
Overall,75,90,ReRZV_1d,2024,1,Price0,85,85,84.99999999999999,85.00000000000001
Overall,75,90,ReRZV_1d,2024,1,Thres20,407.9065793982077,407.1445462222895,335.1791669880442,482.4270250094521
Overall,75,90,ReRZV_1d,2024,1,Thres30,589.3164857514463,588.1017982986059,483.77124147970756,698.201280291568
Overall,75,90,ReRZV_1d,2024,1,Thres20_50,NA,407.1445462222895,NA,NA
Overall,75,90,ReRZV_1d,2024,1,Thres30_90,NA,517.6425601396809,NA,NA
Overall,75,90,ReRZV_1d,2024,1,Thres,NA,407.1445462222895,NA,NA
Overall,75,90,ReRZV_2d,2024,1,N0,1,1,1,1
Overall,75,90,ReRZV_2d,2024,1,dYear_Life,3.05532108883928e-4,3.0534831050932354e-4,2.4410571738977537e-4,3.711604581910333e-4
Overall,75,90,ReRZV_2d,2024,1,dYear_Immunised,5.2205539454057615,5.231350475579122,4.597286124149202,5.7968307308006946
Overall,75,90,ReRZV_2d,2024,1,dRisk_HZ,-0.04764645971775484,-0.04772640633725063,-0.053141880576715754,-0.04176776179608981
Overall,75,90,ReRZV_2d,2024,1,dRisk_Hosp,-0.0025260729461686585,-0.0025217546131998027,-0.0031368139226730127,-0.0019531483900864914
Overall,75,90,ReRZV_2d,2024,1,dRisk_PHN,-0.004036090586415947,-0.004035338450966604,-0.004687268291781348,-0.0034076067085281056
Overall,75,90,ReRZV_2d,2024,1,dRisk_Death,-5.587905189450259e-5,-5.608533004621673e-5,-7.03982909612224e-5,-4.1022736474715544e-5
Overall,75,90,ReRZV_2d,2024,1,dQ_Life,2.0733698510534015e-4,2.0711109828930319e-4,1.670425467063641e-4,2.5110504025533943e-4
Overall,75,90,ReRZV_2d,2024,1,dQ_HZ,0.006924439424544815,0.006923010526870605,0.005663034811845646,0.008242058063524727
Overall,75,90,ReRZV_2d,2024,1,dQ_HZ_Norm,0.0021622984411281162,0.0021579321172365868,0.0017956912637883146,0.0025632169440565388
Overall,75,90,ReRZV_2d,2024,1,dQ_All,0.0071263046001348385,0.007122483205082908,0.005832209241860297,0.008458193744685125
Overall,75,90,ReRZV_2d,2024,1,dQ_HZ_d,0.006192671511856364,0.006189624770605837,0.005131410316045957,0.007315001063056923
Overall,75,90,ReRZV_2d,2024,1,dQ_HZ_Norm_d,0.001951808270780934,0.0019476219106325503,0.001640246336214664,0.002300989743969995
Overall,75,90,ReRZV_2d,2024,1,dQ_Life_d,1.654665097001935e-4,1.6523045225280697e-4,1.34503387008289e-4,1.9917278695276146e-4
Overall,75,90,ReRZV_2d,2024,1,dQ_All_d,0.006358138021556522,0.006354359797247078,0.0052806787096678414,0.007503436947685936
Overall,75,90,ReRZV_2d,2024,1,dC_Hosp,-11.084517770290478,-11.088743288323434,-13.931805192751414,-8.399851795961743
Overall,75,90,ReRZV_2d,2024,1,dC_GP_NonPHN,-5.255183897138871,-5.255417737529221,-5.864403609021754,-4.618260746617187
Overall,75,90,ReRZV_2d,2024,1,dC_GP_PHN,-2.1876247489942893,-2.183102743428263,-2.556729544644958,-1.821736692419811
Overall,75,90,ReRZV_2d,2024,1,dC_GP,-7.442808646133161,-7.44961405554982,-8.343171468642467,-6.484301922377197
Overall,75,90,ReRZV_2d,2024,1,dC_Med,-18.52732641642364,-18.577698379468508,-21.996781359028528,-15.189376932804757
Overall,75,90,ReRZV_2d,2024,1,dC_VacZVL,110,110,110,110
Overall,75,90,ReRZV_2d,2024,1,dC_VacRZV,72.25094672279894,72.25095752185626,72.2497739109132,72.25201446592388
Overall,75,90,ReRZV_2d,2024,1,dC_Vac,182.25094672279894,182.25095752185626,182.2497739109132,182.25201446592388
Overall,75,90,ReRZV_2d,2024,1,dC_All,163.7236203063753,163.6727500071203,160.25460394190804,167.06155554959028
Overall,75,90,ReRZV_2d,2024,1,dC_Hosp_d,-9.325582457147249,-9.322428365137364,-11.64971584517533,-7.189092920191262
Overall,75,90,ReRZV_2d,2024,1,dC_GP_NonPHN_d,-4.750399482173994,-4.746566880490839,-5.2722892591787485,-4.222282535053812
Overall,75,90,ReRZV_2d,2024,1,dC_GP_PHN_d,-1.9725575927613612,-1.9653212334073786,-2.302181446538352,-1.6550530381477917
Overall,75,90,ReRZV_2d,2024,1,dC_GP_d,-6.722957074935355,-6.72561079734398,-7.496948193068511,-5.9179954649268005
Overall,75,90,ReRZV_2d,2024,1,dC_Med_d,-16.048539532082604,-16.068973676010014,-18.876954909820494,-13.301955350896712
Overall,75,90,ReRZV_2d,2024,1,dC_VacZVL_d,110,110,110,110
Overall,75,90,ReRZV_2d,2024,1,dC_VacRZV_d,57.790028467389355,57.7900371050316,57.78909039203757,57.79088250333469
Overall,75,90,ReRZV_2d,2024,1,dC_Vac_d,167.79002846738936,167.79003710503162,167.78909039203756,167.79088250333467
Overall,75,90,ReRZV_2d,2024,1,dC_All_d,151.74148893530676,151.72073932229478,148.91385045481232,154.48785876635873
Overall,75,90,ReRZV_2d,2024,1,dN_VacZVL,1,1,1,1
Overall,75,90,ReRZV_2d,2024,1,dN_VacRZV,0.8500111379152816,0.8500112649630147,0.8499973401283907,0.8500236995991045
Overall,75,90,ReRZV_2d,2024,1,dN_VacZVL_d,1,1,1,1
Overall,75,90,ReRZV_2d,2024,1,dN_VacRZV_d,0.6798826878516394,0.67988278947096,0.6798716516710303,0.6798927353333494
Overall,75,90,ReRZV_2d,2024,1,ICER,24070.692401111213,23876.647354941517,20044.191394073703,29098.821139389238
Overall,75,90,ReRZV_2d,2024,1,Price0,85,85,84.99999999999999,85.00000000000001
Overall,75,90,ReRZV_2d,2024,1,Thres20,210.64116137929548,210.4918641229037,175.91398919509038,246.30561242602863
Overall,75,90,ReRZV_2d,2024,1,Thres30,304.1593112147537,304.0821732505366,253.72173303781184,356.5722674673445
Overall,75,90,ReRZV_2d,2024,1,Thres20_50,NA,210.4918641229037,NA,NA
Overall,75,90,ReRZV_2d,2024,1,Thres30_90,NA,270.64671387189406,NA,NA
Overall,75,90,ReRZV_2d,2024,1,Thres,NA,210.4918641229037,NA,NA
Overall,75,91,ReRZV_1d,2024,1,N0,1,1,1,1
Overall,75,91,ReRZV_1d,2024,1,dYear_Life,2.663082500961753e-4,2.651400637097012e-4,2.096093756027706e-4,3.2870510086753236e-4
Overall,75,91,ReRZV_1d,2024,1,dYear_Immunised,4.862859484515024,4.866661792295105,4.244294198811057,5.482910531892012
Overall,75,91,ReRZV_1d,2024,1,dRisk_HZ,-0.04435443409471004,-0.044361207837476206,-0.050089769458338713,-0.038474781033427274
Overall,75,91,ReRZV_1d,2024,1,dRisk_Hosp,-0.002208400978474303,-0.002203906635872227,-0.0028488564869370366,-0.0016520930679432028
Overall,75,91,ReRZV_1d,2024,1,dRisk_PHN,-0.003753226104217122,-0.0037464951220000198,-0.00441038694437349,-0.0031341985104773123
Overall,75,91,ReRZV_1d,2024,1,dRisk_Death,-4.646305620613793e-5,-4.631461174744778e-5,-6.0687438673527133e-05,-3.282771799075101e-5
Overall,75,91,ReRZV_1d,2024,1,dQ_Life,1.8154211549598463e-4,1.8078263105092418e-4,1.4381329874311178e-4,2.233840812074117e-4
Overall,75,91,ReRZV_1d,2024,1,dQ_HZ,0.006400849019492259,0.0063895787238094906,0.005206780472475451,0.007663941677013735
Overall,75,91,ReRZV_1d,2024,1,dQ_HZ_Norm,0.0020174616256409135,0.0020109784155143695,0.0016666296724028046,0.002402925125002653
Overall,75,91,ReRZV_1d,2024,1,dQ_All,0.006577821390622937,0.006564363982463739,0.005358737385155621,0.007872677467648082
Overall,75,91,ReRZV_1d,2024,1,dQ_HZ_d,0.005780081849893036,0.0057657529456181964,0.004756150028976184,0.006865176134519862
Overall,75,91,ReRZV_1d,2024,1,dQ_HZ_Norm_d,0.001837616623091395,0.0018327940893942754,0.0015335397435387054,0.0021789633779868934
Overall,75,91,ReRZV_1d,2024,1,dQ_Life_d,1.4616464410743113e-4,1.4550733032958618e-4,1.1705084573674363e-4,1.7871368515729453e-4
Overall,75,91,ReRZV_1d,2024,1,dQ_All_d,0.005926246494000444,0.005913816484555134,0.0048928992390770976,0.007030547070304705
Overall,75,91,ReRZV_1d,2024,1,dC_Hosp,-9.609114237418916,-9.614030018145069,-12.458382306426873,-7.001570598241813
Overall,75,91,ReRZV_1d,2024,1,dC_GP_NonPHN,-4.909878504331701,-4.909779734646943,-5.55432085604005,-4.28426421688484
Overall,75,91,ReRZV_1d,2024,1,dC_GP_PHN,-2.0414193249546293,-2.0365216939108124,-2.4030781492336972,-1.6905726743123792
Overall,75,91,ReRZV_1d,2024,1,dC_GP,-6.9512978292863306,-6.955330096845011,-7.8764162186997035,-6.013834514356835
Overall,75,91,ReRZV_1d,2024,1,dC_Med,-16.560412066705247,-16.536202907594017,-20.074697856877652,-13.2331059812867
Overall,75,91,ReRZV_1d,2024,1,dC_VacZVL,110,110,110,110
Overall,75,91,ReRZV_1d,2024,1,dC_VacRZV,31.54710394608823,31.54711234543685,31.54641899965848,31.54771025684239
Overall,75,91,ReRZV_1d,2024,1,dC_Vac,141.54710394608824,141.54711234543686,141.5464189996585,141.5477102568424
Overall,75,91,ReRZV_1d,2024,1,dC_All,124.98669187938299,125.0111081889398,121.47222980407557,128.3137950900593
Overall,75,91,ReRZV_1d,2024,1,dC_Hosp_d,-8.165467127365119,-8.170172862025291,-10.472345032608342,-6.073502761724309
Overall,75,91,ReRZV_1d,2024,1,dC_GP_NonPHN_d,-4.4780976372830334,-4.473589470687765,-5.023625637101744,-3.949857233225206
Overall,75,91,ReRZV_1d,2024,1,dC_GP_PHN_d,-1.8571578044949026,-1.8525449072258975,-2.1823791817944365,-1.5537640448263728
Overall,75,91,ReRZV_1d,2024,1,dC_GP_d,-6.335255441777937,-6.335670743372419,-7.1268845397815905,-5.545363584129571
Overall,75,91,ReRZV_1d,2024,1,dC_Med_d,-14.500722569143056,-14.49431979302138,-17.387335827344092,-11.821893576201765
Overall,75,91,ReRZV_1d,2024,1,dC_VacZVL_d,110,110,110,110
Overall,75,91,ReRZV_1d,2024,1,dC_VacRZV_d,24.860097110172347,24.860103729119768,24.859557351125428,24.860574901866094
Overall,75,91,ReRZV_1d,2024,1,dC_Vac_d,134.86009711017235,134.86010372911977,134.85955735112543,134.86057490186607
Overall,75,91,ReRZV_1d,2024,1,dC_All_d,120.3593745410293,120.36600953164434,117.4727163440498,123.03799710021701
Overall,75,91,ReRZV_1d,2024,1,dN_VacZVL,1,1,1,1
Overall,75,91,ReRZV_1d,2024,1,dN_VacRZV,0.3711423993657439,0.37114249818161,0.37113434117245275,0.37114953243343984
Overall,75,91,ReRZV_1d,2024,1,dN_VacZVL_d,1,1,1,1
Overall,75,91,ReRZV_1d,2024,1,dN_VacRZV_d,0.29247173070790994,0.2924718085778796,0.29246538060147564,0.2924773517866599
Overall,75,91,ReRZV_1d,2024,1,ICER,20502.08758373111,20374.192953523037,16846.255170487384,25058.519919866474
Overall,75,91,ReRZV_1d,2024,1,Price0,85,85,84.99999999999999,85.00000000000001
Overall,75,91,ReRZV_1d,2024,1,Thres20,454.8324198078228,453.50764861500613,376.44591048602496,536.7571410870203
Overall,75,91,ReRZV_1d,2024,1,Thres30,657.4586797963236,655.7274189899397,543.6608908616951,777.0068412099347
Overall,75,91,ReRZV_1d,2024,1,Thres20_50,NA,453.50764861500613,NA,NA
Overall,75,91,ReRZV_1d,2024,1,Thres30_90,NA,580.9779920648735,NA,NA
Overall,75,91,ReRZV_1d,2024,1,Thres,NA,453.50764861500613,NA,NA
Overall,75,91,ReRZV_2d,2024,1,N0,1,1,1,1
Overall,75,91,ReRZV_2d,2024,1,dYear_Life,2.7781383242387567e-4,2.7673857950993863e-4,2.249384323639969e-4,3.3761002751484524e-4
Overall,75,91,ReRZV_2d,2024,1,dYear_Immunised,4.994466670379713,5.00037481879174,4.431878832986891,5.552968886323131
Overall,75,91,ReRZV_2d,2024,1,dRisk_HZ,-0.045534784929381573,-0.04546762558288045,-0.050902751858765145,-0.04021313589356661
Overall,75,91,ReRZV_2d,2024,1,dRisk_Hosp,-0.002334208937419157,-0.002333638381604599,-0.0028990179785740684,-0.0018033471191174668
Overall,75,91,ReRZV_2d,2024,1,dRisk_PHN,-0.0038510003951254903,-0.003845871209712437,-0.004477245764588277,-0.003260699655961818
Overall,75,91,ReRZV_2d,2024,1,dRisk_Death,-4.9925640460830665e-5,-4.993678817847348e-5,-6.242644221199933e-5,-3.757682679680803e-5
Overall,75,91,ReRZV_2d,2024,1,dQ_Life,1.8887865357444954e-4,1.8836886742779058e-4,1.5347244262691183e-4,2.291060498144759e-4
Overall,75,91,ReRZV_2d,2024,1,dQ_HZ,0.0065914061344462815,0.006582955665018242,0.005427824637266496,0.00784727467251315
Overall,75,91,ReRZV_2d,2024,1,dQ_HZ_Norm,0.00206894447118077,0.0020625553360021,0.0017307526553026512,0.002452675344195958
Overall,75,91,ReRZV_2d,2024,1,dQ_All,0.006775161423806348,0.0067693914130941835,0.005593079718506288,0.008043482065296327
Overall,75,91,ReRZV_2d,2024,1,dQ_HZ_d,0.005925000276644836,0.005914538504598545,0.004928948618677966,0.006998048242186791
Overall,75,91,ReRZV_2d,2024,1,dQ_HZ_Norm_d,0.001876793994218587,0.0018715659153550333,0.001579586153167835,0.00220790264783216
Overall,75,91,ReRZV_2d,2024,1,dQ_Life_d,1.5152554287874408e-4,1.5118181125117758e-4,1.235709763349746e-4,1.8295993564878543e-4
Overall,75,91,ReRZV_2d,2024,1,dQ_All_d,0.006076525819523589,0.006066393387442304,0.0050786711843630265,0.007163843938696601
Overall,75,91,ReRZV_2d,2024,1,dC_Hosp,-10.202616013547766,-10.217187102534751,-12.731608839020016,-7.802741618368533
Overall,75,91,ReRZV_2d,2024,1,dC_GP_NonPHN,-5.031387360275796,-5.025420836118331,-5.6143289077161125,-4.452319952806126
Overall,75,91,ReRZV_2d,2024,1,dC_GP_PHN,-2.0908983851069385,-2.0859450003143998,-2.4474108514277733,-1.7510941490079095
Overall,75,91,ReRZV_2d,2024,1,dC_GP,-7.122285745382735,-7.119337656050231,-7.992960062891167,-6.2410456775819965
Overall,75,91,ReRZV_2d,2024,1,dC_Med,-17.3249017589305,-17.33088759245493,-20.464621350315454,-14.265242500208025
Overall,75,91,ReRZV_2d,2024,1,dC_VacZVL,110,110,110,110
Overall,75,91,ReRZV_2d,2024,1,dC_VacRZV,63.09420789217646,63.0942246908737,63.09283799931696,63.09542051368478
Overall,75,91,ReRZV_2d,2024,1,dC_Vac,173.09420789217646,173.09422469087372,173.09283799931697,173.09542051368476
Overall,75,91,ReRZV_2d,2024,1,dC_All,155.76930613324598,155.76329843969876,152.63026268148408,158.82656146931964
Overall,75,91,ReRZV_2d,2024,1,dC_Hosp_d,-8.61602420915311,-8.610739119697634,-10.696632671398511,-6.660852477150916
Overall,75,91,ReRZV_2d,2024,1,dC_GP_NonPHN_d,-4.570586125068041,-4.562301607479226,-5.078764045363164,-4.068282100033675
Overall,75,91,ReRZV_2d,2024,1,dC_GP_PHN_d,-1.8948678116890565,-1.8891864064413362,-2.2158134618233865,-1.5940513141068353
Overall,75,91,ReRZV_2d,2024,1,dC_GP_d,-6.465453936757098,-6.463219090179507,-7.222402320732235,-5.7103404196735275
Overall,75,91,ReRZV_2d,2024,1,dC_Med_d,-15.081478145910207,-15.074075312495278,-17.709039158467235,-12.567290224071012
Overall,75,91,ReRZV_2d,2024,1,dC_VacZVL_d,110,110,110,110
Overall,75,91,ReRZV_2d,2024,1,dC_VacRZV_d,49.720194220344695,49.720207458239535,49.719114702250856,49.72114980373219
Overall,75,91,ReRZV_2d,2024,1,dC_Vac_d,159.7201942203447,159.72020745823954,159.71911470225086,159.7211498037322
Overall,75,91,ReRZV_2d,2024,1,dC_All_d,144.63871607443448,144.6458361064938,142.01166436367006,147.1528452175724
Overall,75,91,ReRZV_2d,2024,1,dN_VacZVL,1,1,1,1
Overall,75,91,ReRZV_2d,2024,1,dN_VacRZV,0.7422847987314878,0.74228499636322,0.7422686823449055,0.7422990648668797
Overall,75,91,ReRZV_2d,2024,1,dN_VacZVL_d,1,1,1,1
Overall,75,91,ReRZV_2d,2024,1,dN_VacRZV_d,0.5849434614158199,0.5849436171557592,0.5849307612029513,0.5849547035733198
Overall,75,91,ReRZV_2d,2024,1,ICER,24001.472701044164,23848.53754850632,20035.45353093679,28900.35937018582
Overall,75,91,ReRZV_2d,2024,1,Price0,85,85,84.99999999999999,85.00000000000001
Overall,75,91,ReRZV_2d,2024,1,Thres20,233.5473011810091,233.14930338334338,196.00530634704043,272.6149654676144
Overall,75,91,ReRZV_2d,2024,1,Thres30,337.429556620507,336.688411227359,282.6076464963689,394.8528826862041
Overall,75,91,ReRZV_2d,2024,1,Thres20_50,NA,233.14930338334338,NA,NA
Overall,75,91,ReRZV_2d,2024,1,Thres30_90,NA,300.69407655616453,NA,NA
Overall,75,91,ReRZV_2d,2024,1,Thres,NA,233.14930338334338,NA,NA
Overall,75,92,ReRZV_1d,2024,1,N0,1,1,1,1
Overall,75,92,ReRZV_1d,2024,1,dYear_Life,2.469820508332825e-4,2.4589270483943437e-4,1.9630519886790765e-4,3.039314410707039e-4
Overall,75,92,ReRZV_1d,2024,1,dYear_Immunised,4.692093042571163,4.688215672427587,4.099406896448521,5.2670061475351915
Overall,75,92,ReRZV_1d,2024,1,dRisk_HZ,-0.04277420791721211,-0.042718389399437104,-0.04827339880836443,-0.0373233626890317
Overall,75,92,ReRZV_1d,2024,1,dRisk_Hosp,-0.0020540675962028737,-0.002052618788669295,-0.0026162410279181557,-0.0015755834344960914
Overall,75,92,ReRZV_1d,2024,1,dRisk_PHN,-0.003615120160924178,-0.0036074609428450653,-0.004229045220286208,-0.003040521578779408
Overall,75,92,ReRZV_1d,2024,1,dRisk_Death,-4.1965684969489185e-5,-4.1794304279997235e-5,-5.426246125084857e-5,-3.050570963299955e-5
Overall,75,92,ReRZV_1d,2024,1,dQ_Life,1.6878109935479556e-4,1.6808610848872974e-4,1.3514335922022445e-4,2.069855217872174e-4
Overall,75,92,ReRZV_1d,2024,1,dQ_HZ,0.00614862778026567,0.006123683726879167,0.0050407558150740205,0.007346323061960279
Overall,75,92,ReRZV_1d,2024,1,dQ_HZ_Norm,0.001947604694302086,0.0019390897493738587,0.0016172218599192685,0.0023176198488892145
Overall,75,92,ReRZV_1d,2024,1,dQ_All,0.006313157516797078,0.006290286946584622,0.005186473800030988,0.00752751249704553
Overall,75,92,ReRZV_1d,2024,1,dQ_HZ_d,0.00558050251000387,0.005570899869930555,0.004621299912292874,0.006615899054502433
Overall,75,92,ReRZV_1d,2024,1,dQ_HZ_Norm_d,0.0017823495063365277,0.0017779350331147694,0.0014935298802833054,0.0021081233211793894
Overall,75,92,ReRZV_1d,2024,1,dQ_Life_d,1.3663713078793726e-4,1.3616218073941866e-4,1.1005145099964864e-4,1.6659402081447005e-4
Overall,75,92,ReRZV_1d,2024,1,dQ_All_d,0.0057171396407917855,0.005704952839747257,0.004741585316278263,0.006760139540581365
Overall,75,92,ReRZV_1d,2024,1,dC_Hosp,-8.890474184160498,-8.88266994482824,-11.46123839691241,-6.6135963426310855
Overall,75,92,ReRZV_1d,2024,1,dC_GP_NonPHN,-4.743561032780473,-4.737652539923498,-5.3355619425641105,-4.157940786019783
Overall,75,92,ReRZV_1d,2024,1,dC_GP_PHN,-1.9697822916282277,-1.9640622519319513,-2.3208453235828035,-1.6406336156191055
Overall,75,92,ReRZV_1d,2024,1,dC_GP,-6.713343324408701,-6.704478845352259,-7.603628482791254,-5.839019907652562
Overall,75,92,ReRZV_1d,2024,1,dC_Med,-15.603817508569199,-15.611291942892926,-18.79052869035919,-12.660515029534807
Overall,75,92,ReRZV_1d,2024,1,dC_VacZVL,110,110,110,110
Overall,75,92,ReRZV_1d,2024,1,dC_VacRZV,27.092707678111772,27.092718962128295,27.091942360877045,27.093355850778952
Overall,75,92,ReRZV_1d,2024,1,dC_Vac,137.09270767811176,137.0927189621283,137.09194236087703,137.09335585077895
Overall,75,92,ReRZV_1d,2024,1,dC_All,121.48889016954257,121.48136459058551,118.30254076600666,124.43233383067485
Overall,75,92,ReRZV_1d,2024,1,dC_Hosp_d,-7.596473654365832,-7.584993117815253,-9.674675389922996,-5.753066936045685
Overall,75,92,ReRZV_1d,2024,1,dC_GP_NonPHN_d,-4.346524720532149,-4.335533740531466,-4.86841654253536,-3.8407055542745545
Overall,75,92,ReRZV_1d,2024,1,dC_GP_PHN_d,-1.8005043444591562,-1.7954682177054286,-2.113955719386282,-1.5106845360641696
Overall,75,92,ReRZV_1d,2024,1,dC_GP_d,-6.1470290649913055,-6.136628951743437,-6.915601185298053,-5.39334753240044
Overall,75,92,ReRZV_1d,2024,1,dC_Med_d,-13.743502719357137,-13.730834021285256,-16.39803203556192,-11.307117857229715
Overall,75,92,ReRZV_1d,2024,1,dC_VacZVL_d,110,110,110,110
Overall,75,92,ReRZV_1d,2024,1,dC_VacRZV_d,21.034378905985893,21.034387666729998,21.033784724965308,21.034882137690893
Overall,75,92,ReRZV_1d,2024,1,dC_Vac_d,131.0343789059859,131.03438766673,131.0337847249653,131.0348821376909
Overall,75,92,ReRZV_1d,2024,1,dC_All_d,117.29087618662875,117.3036530169865,114.63693558655036,119.72644069168479
Overall,75,92,ReRZV_1d,2024,1,dN_VacZVL,1,1,1,1
Overall,75,92,ReRZV_1d,2024,1,dN_VacRZV,0.31873773738955025,0.31873787014268584,0.318728733657377,0.3187453629503406
Overall,75,92,ReRZV_1d,2024,1,dN_VacZVL_d,1,1,1,1
Overall,75,92,ReRZV_1d,2024,1,dN_VacRZV_d,0.24746328124689285,0.24746338431447057,0.2474562908819448,0.24746920161989286
Overall,75,92,ReRZV_1d,2024,1,ICER,20700.554581777207,20574.98027077695,17101.594451440138,25133.669182183134
Overall,75,92,ReRZV_1d,2024,1,Price0,85,85,84.99999999999999,85.00000000000001
Overall,75,92,ReRZV_1d,2024,1,Thres20,517.5970364153371,516.0707437844071,431.0472122117824,609.0674819793835
Overall,75,92,ReRZV_1d,2024,1,Thres30,748.6267917728868,746.7344085136383,622.6694288873434,882.3842086914916
Overall,75,92,ReRZV_1d,2024,1,Thres20_50,NA,516.0707437844071,NA,NA
Overall,75,92,ReRZV_1d,2024,1,Thres30_90,NA,663.4983641465815,NA,NA
Overall,75,92,ReRZV_1d,2024,1,Thres,NA,516.0707437844071,NA,NA
Overall,75,92,ReRZV_2d,2024,1,N0,1,1,1,1
Overall,75,92,ReRZV_2d,2024,1,dYear_Life,2.5528026786767464e-4,2.545111915415177e-4,2.062822335497927e-4,3.110092040728318e-4
Overall,75,92,ReRZV_2d,2024,1,dYear_Immunised,4.795166485627136,4.791981057063795,4.2471601756749715,5.332858626838846
Overall,75,92,ReRZV_2d,2024,1,dRisk_HZ,-0.04369077495774988,-0.04361297203133153,-0.048900718196297134,-0.0385824991433811
Overall,75,92,ReRZV_2d,2024,1,dRisk_Hosp,-0.0021541170498472944,-0.0021487625980157526,-0.002683170649759624,-0.0017005813507712624
Overall,75,92,ReRZV_2d,2024,1,dRisk_PHN,-0.0036898957599528037,-0.0036828450537515654,-0.004298183943312604,-0.0031294766682186726
Overall,75,92,ReRZV_2d,2024,1,dRisk_Death,-4.4677569787873275e-5,-4.455658393152365e-5,-5.6032887832490253e-5,-3.4161055596590435e-5
Overall,75,92,ReRZV_2d,2024,1,dQ_Life,1.7400126194334843e-4,1.7337791673277536e-4,1.4128188413153886e-4,2.1180028449259146e-4
Overall,75,92,ReRZV_2d,2024,1,dQ_HZ,0.0062971056967997254,0.0062873930713008815,0.00522052711227489,0.007459974197243439
Overall,75,92,ReRZV_2d,2024,1,dQ_HZ_Norm,0.001987430909114828,0.0019815046916897366,0.0016655188055655573,0.0023511440461439774
Overall,75,92,ReRZV_2d,2024,1,dQ_All,0.0064663568140100715,0.006455515578360327,0.005364635233314985,0.0076392810864137845
Overall,75,92,ReRZV_2d,2024,1,dQ_HZ_d,0.005692156858601014,0.005682982182234829,0.004746822537167769,0.006718961045527469
Overall,75,92,ReRZV_2d,2024,1,dQ_HZ_Norm_d,0.0018123133785732997,0.0018069133621901757,0.0015292419918068027,0.0021343040856566385
Overall,75,92,ReRZV_2d,2024,1,dQ_Life_d,1.4041857346253916e-4,1.399577481118186e-4,1.1465904152068163e-4,1.703120952656345e-4
Overall,75,92,ReRZV_2d,2024,1,dQ_All_d,0.005832575432063539,0.005822049664342188,0.004871880813553187,0.006861414674113896
Overall,75,92,ReRZV_2d,2024,1,dC_Hosp,-9.363986046831009,-9.360327118911007,-11.68752470761282,-7.209885043247728
Overall,75,92,ReRZV_2d,2024,1,dC_GP_NonPHN,-4.8373089881299425,-4.825151205189543,-5.4070387666465916,-4.270691586378155
Overall,75,92,ReRZV_2d,2024,1,dC_GP_PHN,-2.0073361728848966,-2.001966986886352,-2.358800301205974,-1.6808792484384332
Overall,75,92,ReRZV_2d,2024,1,dC_GP,-6.8446451610148396,-6.833022248537216,-7.70544530235084,-6.0121765024867795
Overall,75,92,ReRZV_2d,2024,1,dC_Med,-16.208631207845848,-16.195082136034376,-19.11655196094085,-13.424885325136568
Overall,75,92,ReRZV_2d,2024,1,dC_VacZVL,110,110,110,110
Overall,75,92,ReRZV_2d,2024,1,dC_VacRZV,54.185415356223544,54.18543792425659,54.18388472175409,54.186711701557904
Overall,75,92,ReRZV_2d,2024,1,dC_Vac,164.18541535622353,164.18543792425658,164.18388472175408,164.1867117015579
Overall,75,92,ReRZV_2d,2024,1,dC_All,147.9767841483777,147.98965113120764,145.06960375854536,150.76011765948022
Overall,75,92,ReRZV_2d,2024,1,dC_Hosp_d,-7.95213418043869,-7.936593610877815,-9.904618654869138,-6.172360043258421
Overall,75,92,ReRZV_2d,2024,1,dC_GP_NonPHN_d,-4.417071835823185,-4.408054230972403,-4.906207683086758,-3.9379310531507556
Overall,75,92,ReRZV_2d,2024,1,dC_GP_PHN_d,-1.828791431955611,-1.8258638583338351,-2.1451700224267505,-1.542678517486201
Overall,75,92,ReRZV_2d,2024,1,dC_GP_d,-6.245863267778796,-6.235743606653497,-6.994655072334814,-5.532821676766816
Overall,75,92,ReRZV_2d,2024,1,dC_Med_d,-14.197997448217485,-14.184369763154054,-16.65479503199825,-11.897503115143577
Overall,75,92,ReRZV_2d,2024,1,dC_VacZVL_d,110,110,110,110
Overall,75,92,ReRZV_2d,2024,1,dC_VacRZV_d,42.068757811971786,42.068775333459996,42.067569449930616,42.069764275381786
Overall,75,92,ReRZV_2d,2024,1,dC_Vac_d,152.06875781197178,152.06877533346,152.06756944993063,152.06976427538177
Overall,75,92,ReRZV_2d,2024,1,dC_All_d,137.8707603637543,137.8842635289172,135.41443269281507,140.17021820040728
Overall,75,92,ReRZV_2d,2024,1,dN_VacZVL,1,1,1,1
Overall,75,92,ReRZV_2d,2024,1,dN_VacRZV,0.6374754747791005,0.6374757402853717,0.637457467314754,0.6374907259006812
Overall,75,92,ReRZV_2d,2024,1,dN_VacZVL_d,1,1,1,1
Overall,75,92,ReRZV_2d,2024,1,dN_VacRZV_d,0.4949265624937857,0.49492676862894114,0.4949125817638896,0.4949384032397857
Overall,75,92,ReRZV_2d,2024,1,ICER,23833.122065830496,23670.815820007345,19922.083222633344,28684.980983219255
Overall,75,92,ReRZV_2d,2024,1,Price0,85,85,84.99999999999999,85.00000000000001
Overall,75,92,ReRZV_2d,2024,1,Thres20,264.38158936035785,264.02255766296463,221.97681032002666,308.33855051187777
Overall,75,92,ReRZV_2d,2024,1,Thres30,382.2288490006253,381.71492866232694,320.2581577814947,447.05582420340585
Overall,75,92,ReRZV_2d,2024,1,Thres20_50,NA,264.02255766296463,NA,NA
Overall,75,92,ReRZV_2d,2024,1,Thres30_90,NA,340.56157777267777,NA,NA
Overall,75,92,ReRZV_2d,2024,1,Thres,NA,264.02255766296463,NA,NA
Overall,75,93,ReRZV_1d,2024,1,N0,1,1,1,1
Overall,75,93,ReRZV_1d,2024,1,dYear_Life,2.3160457362712705e-4,2.3058444969237257e-4,1.8451052924888244e-4,2.854406558909783e-4
Overall,75,93,ReRZV_1d,2024,1,dYear_Immunised,4.544387454896629,4.5451584274927015,4.004821377772584,5.09744504755538
Overall,75,93,ReRZV_1d,2024,1,dRisk_HZ,-0.041421914942201245,-0.041342672013688075,-0.046716674853295566,-0.03630540983416269
Overall,75,93,ReRZV_1d,2024,1,dRisk_Hosp,-0.0019153431399665324,-0.0019111277138656388,-0.002439320973947328,-0.0014712651385803978
Overall,75,93,ReRZV_1d,2024,1,dRisk_PHN,-0.0035001184848100536,-0.0034895748254340085,-0.0040949964192746584,-0.0029500736291757684
Overall,75,93,ReRZV_1d,2024,1,dRisk_Death,-3.807564427470913e-5,-3.793578029241409e-5,-4.892609703447115e-5,-2.8135644856958807e-5
Overall,75,93,ReRZV_1d,2024,1,dQ_Life,1.5872623395722928e-4,1.5803816211068522e-4,1.2712703547683725e-4,1.9505547810161333e-4
Overall,75,93,ReRZV_1d,2024,1,dQ_HZ,0.005930157948174646,0.00591652065455789,0.004883474167221402,0.0070707803796960225
Overall,75,93,ReRZV_1d,2024,1,dQ_HZ_Norm,0.0018877705387272906,0.001880178834750618,0.001576985969192606,0.0022435365286828596
Overall,75,93,ReRZV_1d,2024,1,dQ_All,0.006084974377990431,0.006071760897256695,0.0050164776173393655,0.007232019485088381
Overall,75,93,ReRZV_1d,2024,1,dQ_HZ_d,0.005410317460695674,0.005400562127974532,0.004503728872898769,0.006406716391406314
Overall,75,93,ReRZV_1d,2024,1,dQ_HZ_Norm_d,0.001735745262310083,0.0017286608043059815,0.0014591564787670452,0.0020498117974025597
Overall,75,93,ReRZV_1d,2024,1,dQ_Life_d,1.2921614918202007e-4,1.2856610666123203e-4,1.0421928579593676e-4,1.5770925078903986e-4
Overall,75,93,ReRZV_1d,2024,1,dQ_All_d,0.005539533609877674,0.005531871171398528,0.004613166724248163,0.006542887284148113
Overall,75,93,ReRZV_1d,2024,1,dC_Hosp,-8.236763777133918,-8.19678766871586,-10.52686389020527,-6.197794556670713
Overall,75,93,ReRZV_1d,2024,1,dC_GP_NonPHN,-4.601599047502824,-4.590107403604979,-5.180208468330456,-4.051747857260124
Overall,75,93,ReRZV_1d,2024,1,dC_GP_PHN,-1.9104263948970113,-1.906247677232263,-2.257946221109473,-1.5965108454231718
Overall,75,93,ReRZV_1d,2024,1,dC_GP,-6.512025442399835,-6.497995153648619,-7.379090208361182,-5.697728364530675
Overall,75,93,ReRZV_1d,2024,1,dC_Med,-14.748789219533753,-14.716013726056994,-17.698057404897174,-12.10059775583925
Overall,75,93,ReRZV_1d,2024,1,dC_VacZVL,110,110,110,110
Overall,75,93,ReRZV_1d,2024,1,dC_VacRZV,22.839215995287073,22.839227719486868,22.83844189953794,22.83987444943134
Overall,75,93,ReRZV_1d,2024,1,dC_Vac,132.83921599528708,132.83922771948687,132.83844189953794,132.83987444943136
Overall,75,93,ReRZV_1d,2024,1,dC_All,118.09042677575331,118.12367250519672,115.14109682212596,120.73860398840492
Overall,75,93,ReRZV_1d,2024,1,dC_Hosp_d,-7.087064725097556,-7.057801303033564,-9.031810177534505,-5.381213559922472
Overall,75,93,ReRZV_1d,2024,1,dC_GP_NonPHN_d,-4.235957393287878,-4.224202824030149,-4.732499764064933,-3.761637123591014
Overall,75,93,ReRZV_1d,2024,1,dC_GP_PHN_d,-1.754284434791169,-1.7495478842015137,-2.0730811017694104,-1.4718449166346952
Overall,75,93,ReRZV_1d,2024,1,dC_GP_d,-5.990241828079047,-5.9820059518409465,-6.759728573808461,-5.285924334872235
Overall,75,93,ReRZV_1d,2024,1,dC_Med_d,-13.077306553176603,-13.052339328104207,-15.546181874928985,-10.896747403208972
Overall,75,93,ReRZV_1d,2024,1,dC_VacZVL_d,110,110,110,110
Overall,75,93,ReRZV_1d,2024,1,dC_VacRZV_d,17.46998094398826,17.469989911964532,17.469388829180605,17.470484603192467
Overall,75,93,ReRZV_1d,2024,1,dC_Vac_d,127.46998094398826,127.46998991196453,127.4693888291806,127.47048460319246
Overall,75,93,ReRZV_1d,2024,1,dC_All_d,114.39267439081166,114.4176287140165,111.9240002477208,116.57317671033019
Overall,75,93,ReRZV_1d,2024,1,dN_VacZVL,1,1,1,1
Overall,75,93,ReRZV_1d,2024,1,dN_VacRZV,0.2686966587680832,0.2686967966998455,0.2686875517592699,0.26870440528742756
Overall,75,93,ReRZV_1d,2024,1,dN_VacZVL_d,1,1,1,1
Overall,75,93,ReRZV_1d,2024,1,dN_VacRZV_d,0.2055291875763325,0.20552929308193565,0.20552222151977181,0.20553511297873495
Overall,75,93,ReRZV_1d,2024,1,ICER,20831.355028505226,20697.574314355614,17275.585670730972,25224.981919602094
Overall,75,93,ReRZV_1d,2024,1,Price0,85,85,84.99999999999999,85.00000000000001
Overall,75,93,ReRZV_1d,2024,1,Thres20,602.6780835947562,601.4711956590941,503.03673766154856,706.9271088961113
Overall,75,93,ReRZV_1d,2024,1,Thres30,872.2033927052241,870.8159644458192,727.5333764266232,1024.489570455621
Overall,75,93,ReRZV_1d,2024,1,Thres20_50,NA,601.4711956590941,NA,NA
Overall,75,93,ReRZV_1d,2024,1,Thres30_90,NA,773.3341441944067,NA,NA
Overall,75,93,ReRZV_1d,2024,1,Thres,NA,601.4711956590941,NA,NA
Overall,75,93,ReRZV_2d,2024,1,N0,1,1,1,1
Overall,75,93,ReRZV_2d,2024,1,dYear_Life,2.373973644394729e-4,2.364752566110795e-4,1.919109781920003e-4,2.9000707672341956e-4
Overall,75,93,ReRZV_2d,2024,1,dYear_Immunised,4.62325123377145,4.618841515707244,4.11675143959063,5.154225217394708
Overall,75,93,ReRZV_2d,2024,1,dRisk_HZ,-0.04211717397964609,-0.04204214435268207,-0.047217924086154606,-0.03722923280797563
Overall,75,93,ReRZV_2d,2024,1,dRisk_Hosp,-0.0019927621854435255,-0.001987840789769581,-0.002497181999620869,-0.0015627666640822765
Overall,75,93,ReRZV_2d,2024,1,dRisk_PHN,-0.0035561767286522595,-0.0035456921660132674,-0.004146120542164759,-0.0030080047496011714
Overall,75,93,ReRZV_2d,2024,1,dRisk_Death,-4.015058554545769e-5,-4.0059702174546905e-5,-5.051318439931976e-5,-3.094483756607051e-5
Overall,75,93,ReRZV_2d,2024,1,dQ_Life,1.623092341755772e-4,1.6158889272599453e-4,1.315697650133618e-4,1.982218147743353e-4
Overall,75,93,ReRZV_2d,2024,1,dQ_HZ,0.0060429092768479725,0.00602942506053616,0.005012134218439757,0.007162221183320557
Overall,75,93,ReRZV_2d,2024,1,dQ_HZ_Norm,0.0019178084411647922,0.0019099369984530588,0.0016102640307899142,0.0022747876432363265
Overall,75,93,ReRZV_2d,2024,1,dQ_All,0.006200867192623703,0.00618152121178106,0.005143962029530513,0.007340728540380369
Overall,75,93,ReRZV_2d,2024,1,dQ_HZ_d,0.005494162055241848,0.005482051916252282,0.004598841287294321,0.006487301414477545
Overall,75,93,ReRZV_2d,2024,1,dQ_HZ_Norm_d,0.0017580905689400972,0.00175141958986044,0.0014840946598749856,0.00207265278523293
Overall,75,93,ReRZV_2d,2024,1,dQ_Life_d,1.3178965897778027e-4,1.3122068088122774e-4,1.0719585371026241e-4,1.6023510112228576e-4
Overall,75,93,ReRZV_2d,2024,1,dQ_All_d,0.005625951714219638,0.005612388349168107,0.004720901844972847,0.006633709125888831
Overall,75,93,ReRZV_2d,2024,1,dC_Hosp,-8.603578874263146,-8.561590834940237,-10.81660544050722,-6.6128777037691835
Overall,75,93,ReRZV_2d,2024,1,dC_GP_NonPHN,-4.672102559036647,-4.6601460206530625,-5.233313011688002,-4.141755210246284
Overall,75,93,ReRZV_2d,2024,1,dC_GP_PHN,-1.9383205898562779,-1.9350129524787558,-2.289829442645295,-1.6241652479229591
Overall,75,93,ReRZV_2d,2024,1,dC_GP,-6.6104231488929255,-6.5952505798025864,-7.472901966854772,-5.827167786912285
Overall,75,93,ReRZV_2d,2024,1,dC_Med,-15.214002023156072,-15.188539820780342,-17.955348638142446,-12.657755441310647
Overall,75,93,ReRZV_2d,2024,1,dC_VacZVL,110,110,110,110
Overall,75,93,ReRZV_2d,2024,1,dC_VacRZV,45.67843199057415,45.678455438973735,45.67688379907588,45.67974889886268
Overall,75,93,ReRZV_2d,2024,1,dC_Vac,155.67843199057415,155.67845543897374,155.67688379907588,155.6797488988627
Overall,75,93,ReRZV_2d,2024,1,dC_All,140.46442996741808,140.4894321600874,137.7247993238252,143.01874916056772
Overall,75,93,ReRZV_2d,2024,1,dC_Hosp_d,-7.3596491985196595,-7.3343060076533995,-9.203957254813792,-5.728228825461034
Overall,75,93,ReRZV_2d,2024,1,dC_GP_NonPHN_d,-4.288413295958701,-4.279469065748247,-4.789892196936492,-3.825871785779024
Overall,75,93,ReRZV_2d,2024,1,dC_GP_PHN_d,-1.7750545536270643,-1.7709558381648158,-2.0901028271543387,-1.493727166228344
Overall,75,93,ReRZV_2d,2024,1,dC_GP_d,-6.0634678495857655,-6.050052457176418,-6.828023213364652,-5.3708651872726225
Overall,75,93,ReRZV_2d,2024,1,dC_Med_d,-13.423117048105425,-13.39434097784028,-15.751830137030698,-11.297784182311858
Overall,75,93,ReRZV_2d,2024,1,dC_VacZVL_d,110,110,110,110
Overall,75,93,ReRZV_2d,2024,1,dC_VacRZV_d,34.93996188797652,34.939979823929065,34.93877765836121,34.940969206384935
Overall,75,93,ReRZV_2d,2024,1,dC_Vac_d,144.93996188797652,144.93997982392906,144.9387776583612,144.94096920638492
Overall,75,93,ReRZV_2d,2024,1,dC_All_d,131.5168448398711,131.54544780322954,129.18854509013678,133.64122295317443
Overall,75,93,ReRZV_2d,2024,1,dN_VacZVL,1,1,1,1
Overall,75,93,ReRZV_2d,2024,1,dN_VacRZV,0.5373933175361664,0.537393593399691,0.5373751035185398,0.5374088105748551
Overall,75,93,ReRZV_2d,2024,1,dN_VacZVL_d,1,1,1,1
Overall,75,93,ReRZV_2d,2024,1,dN_VacRZV_d,0.411058375152665,0.4110585861638713,0.41104444303954363,0.4110702259574699
Overall,75,93,ReRZV_2d,2024,1,ICER,23570.275237317477,23420.32304732986,19638.18770343356,28278.555710683853
Overall,75,93,ReRZV_2d,2024,1,Price0,85,85,84.99999999999999,85.00000000000001
Overall,75,93,ReRZV_2d,2024,1,Thres20,306.3849728846273,306.1024770787743,257.5218097607113,358.4545555935848
Overall,75,93,ReRZV_2d,2024,1,Thres30,443.249958794419,442.4609344577784,372.3758530448757,520.0000390732826
Overall,75,93,ReRZV_2d,2024,1,Thres20_50,NA,306.1024770787743,NA,NA
Overall,75,93,ReRZV_2d,2024,1,Thres30_90,NA,395.01817295711817,NA,NA
Overall,75,93,ReRZV_2d,2024,1,Thres,NA,306.1024770787743,NA,NA
Overall,75,94,ReRZV_1d,2024,1,N0,1,1,1,1
Overall,75,94,ReRZV_1d,2024,1,dYear_Life,2.1969939956671602e-4,2.1838689774789088e-4,1.7511131511152025e-4,2.715045392705839e-4
Overall,75,94,ReRZV_1d,2024,1,dYear_Immunised,4.41958293260311,4.4180460143586,3.9307086251144305,4.952018788558141
Overall,75,94,ReRZV_1d,2024,1,dRisk_HZ,-0.04029509146083037,-0.04020355876600503,-0.04551889995429241,-0.03540117079898475
Overall,75,94,ReRZV_1d,2024,1,dRisk_Hosp,-0.0017955631352495232,-0.001789541168679869,-0.0022892060675950296,-0.0013806153726117101
Overall,75,94,ReRZV_1d,2024,1,dRisk_PHN,-0.00340545808997079,-0.003395290124242127,-0.0039966049303789275,-0.002869543444580488
Overall,75,94,ReRZV_1d,2024,1,dRisk_Death,-3.478872405271897e-5,-3.463301378401619e-5,-4.4721324378367965e-5,-2.5954668200009754e-5
Overall,75,94,ReRZV_1d,2024,1,dQ_Life,1.510314980477645e-4,1.5008142183869921e-4,1.2084944487580351e-4,1.860310775724905e-4
Overall,75,94,ReRZV_1d,2024,1,dQ_HZ,0.005745920230848964,0.005730147643576234,0.004745179918330732,0.00683658605856206
Overall,75,94,ReRZV_1d,2024,1,dQ_HZ_Norm,0.0018378513000650248,0.0018291484722403847,0.0015369735371962964,0.0021821020765436685
Overall,75,94,ReRZV_1d,2024,1,dQ_All,0.0058934075644232866,0.005875776076587513,0.004875423705871284,0.0069970892977054165
Overall,75,94,ReRZV_1d,2024,1,dQ_HZ_d,0.00526901431198642,0.005256006689737098,0.0043900107726588715,0.006227465218774218
Overall,75,94,ReRZV_1d,2024,1,dQ_HZ_Norm_d,0.0016974623382688848,0.0016902295691072018,0.001428758474530416,0.0020073879200740927
Overall,75,94,ReRZV_1d,2024,1,dQ_Life_d,1.2360149557629984e-4,1.228713725085484e-4,9.96299362209907e-5,1.516234633268443e-4
Overall,75,94,ReRZV_1d,2024,1,dQ_All_d,0.005392615807562683,0.005381266766718795,0.004506276600266412,0.006354854068850989
Overall,75,94,ReRZV_1d,2024,1,dC_Hosp,-7.665013441420245,-7.617086702469804,-9.799139647408309,-5.792668161131402
Overall,75,94,ReRZV_1d,2024,1,dC_GP_NonPHN,-4.48360380095849,-4.472389613090178,-5.049317019781437,-3.951852109646535
Overall,75,94,ReRZV_1d,2024,1,dC_GP_PHN,-1.8617478237307752,-1.8574228869104592,-2.207453903951298,-1.5498885439016836
Overall,75,94,ReRZV_1d,2024,1,dC_GP,-6.345351624689266,-6.32513646675956,-7.206650585643616,-5.563309398519881
Overall,75,94,ReRZV_1d,2024,1,dC_Med,-14.010365066109511,-13.986004546525482,-16.66036325138654,-11.5433827017468
Overall,75,94,ReRZV_1d,2024,1,dC_VacZVL,110,110,110,110
Overall,75,94,ReRZV_1d,2024,1,dC_VacRZV,18.86494232900974,18.864952161817477,18.86419822905434,18.865580492178804
Overall,75,94,ReRZV_1d,2024,1,dC_Vac,128.86494232900975,128.86495216181748,128.86419822905432,128.8655804921788
Overall,75,94,ReRZV_1d,2024,1,dC_All,114.85457726290024,114.87891777992535,112.2048233252429,117.32194241997277
Overall,75,94,ReRZV_1d,2024,1,dC_Hosp_d,-6.648467415408367,-6.611810237862455,-8.423259468462737,-5.071556648108321
Overall,75,94,ReRZV_1d,2024,1,dC_GP_NonPHN_d,-4.145470398303435,-4.1366060657119705,-4.644913135208983,-3.6837206686367896
Overall,75,94,ReRZV_1d,2024,1,dC_GP_PHN_d,-1.7169601966558743,-1.7124324514915292,-2.031705394392131,-1.4427628916558606
Overall,75,94,ReRZV_1d,2024,1,dC_GP_d,-5.86243059495931,-5.844731583120906,-6.624538615182441,-5.170221295299944
Overall,75,94,ReRZV_1d,2024,1,dC_Med_d,-12.510898010367677,-12.48573572799433,-14.773542508281745,-10.418561178665374
Overall,75,94,ReRZV_1d,2024,1,dC_VacZVL_d,110,110,110,110
Overall,75,94,ReRZV_1d,2024,1,dC_VacRZV_d,14.216761545099018,14.216768955176423,14.216200785810859,14.217242469633172
Overall,75,94,ReRZV_1d,2024,1,dC_Vac_d,124.21676154509902,124.21676895517643,124.21620078581087,124.21724246963318
Overall,75,94,ReRZV_1d,2024,1,dC_All_d,111.70586353473134,111.73104691303101,109.44373596462577,113.79843209778434
Overall,75,94,ReRZV_1d,2024,1,dN_VacZVL,1,1,1,1
Overall,75,94,ReRZV_1d,2024,1,dN_VacRZV,0.2219404979883499,0.2219406136684409,0.22193174387122758,0.22194800579033885
Overall,75,94,ReRZV_1d,2024,1,dN_VacZVL_d,1,1,1,1
Overall,75,94,ReRZV_1d,2024,1,dN_VacRZV_d,0.1672560181776355,0.16725610535501673,0.1672494210095395,0.16726167611333145
Overall,75,94,ReRZV_1d,2024,1,ICER,20894.29734240971,20739.34803514636,17342.649279328125,25186.087816595398
Overall,75,94,ReRZV_1d,2024,1,Price0,85,85,84.99999999999999,85.00000000000001
Overall,75,94,ReRZV_1d,2024,1,Thres20,719.6342870954112,718.8249489886025,602.585268600895,843.6762128784438
Overall,75,94,ReRZV_1d,2024,1,Thres30,1042.0510070047255,1040.5223338941998,872.8863098606789,1223.8164100949978
Overall,75,94,ReRZV_1d,2024,1,Thres20_50,NA,718.8249489886025,NA,NA
Overall,75,94,ReRZV_1d,2024,1,Thres30_90,NA,925.0660564449669,NA,NA
Overall,75,94,ReRZV_1d,2024,1,Thres,NA,718.8249489886025,NA,NA
Overall,75,94,ReRZV_2d,2024,1,N0,1,1,1,1
Overall,75,94,ReRZV_2d,2024,1,dYear_Life,2.235830944922821e-4,2.2253344949252352e-4,1.7978535602423127e-4,2.7513863257686564e-4
Overall,75,94,ReRZV_2d,2024,1,dYear_Immunised,4.478325574161285,4.474508186271386,3.9994732301544396,4.995327820082303
Overall,75,94,ReRZV_2d,2024,1,dRisk_HZ,-0.04080893166190819,-0.040713987884364235,-0.045928977979327226,-0.03607317377078804
Overall,75,94,ReRZV_2d,2024,1,dRisk_Hosp,-0.0018535728323030589,-0.0018486246236009284,-0.002324169626345591,-0.00144945970963692
Overall,75,94,ReRZV_2d,2024,1,dRisk_PHN,-0.003446319347629901,-0.003434524395319792,-0.004045580423689682,-0.0029177793788609245
Overall,75,94,ReRZV_2d,2024,1,dRisk_Death,-3.633428309999577e-5,-3.614233963077466e-5,-4.582269893083886e-5,-2.8011855837250542e-5
Overall,75,94,ReRZV_2d,2024,1,dQ_Life,1.5338136319272344e-4,1.5264859206887138e-4,1.236520806464192e-4,1.8851677994988767e-4
Overall,75,94,ReRZV_2d,2024,1,dQ_HZ,0.005829041281108086,0.005816175842643745,0.00484929782048857,0.006909312095129039
Overall,75,94,ReRZV_2d,2024,1,dQ_HZ_Norm,0.0018598567359756227,0.0018522190049648462,0.001560351260518766,0.002207761547336051
Overall,75,94,ReRZV_2d,2024,1,dQ_All,0.005978496879115049,0.00596341386860999,0.004976708598240221,0.0070753207825911876
Overall,75,94,ReRZV_2d,2024,1,dQ_HZ_d,0.005330146465827128,0.00532281921273422,0.004452807269401816,0.0062907873704886284
Overall,75,94,ReRZV_2d,2024,1,dQ_HZ_Norm_d,0.0017136509225942277,0.0017084347239922418,0.0014452518306863412,0.0020226933896251046
Overall,75,94,ReRZV_2d,2024,1,dQ_Life_d,1.2527541939191965e-4,1.2472405215557814e-4,1.015298153926203e-4,1.532305509997833e-4
Overall,75,94,ReRZV_2d,2024,1,dQ_All_d,0.005455421885219041,0.005443658549507013,0.004561454655660491,0.006424362941642813
Overall,75,94,ReRZV_2d,2024,1,dC_Hosp,-7.9391534433403015,-7.894851033442052,-9.970436185252296,-6.118451086140619
Overall,75,94,ReRZV_2d,2024,1,dC_GP_NonPHN,-4.535128167240889,-4.526133152939713,-5.102754655472733,-4.020311340450079
Overall,75,94,ReRZV_2d,2024,1,dC_GP_PHN,-1.881837576745546,-1.8790980742152839,-2.2267163213369288,-1.5719863142848807
Overall,75,94,ReRZV_2d,2024,1,dC_GP,-6.4169657439864345,-6.3953232038775,-7.282610671055387,-5.63939141429839
Overall,75,94,ReRZV_2d,2024,1,dC_Med,-14.356119187326737,-14.309465651554692,-16.9340174581153,-11.959594175273645
Overall,75,94,ReRZV_2d,2024,1,dC_VacZVL,110,110,110,110
Overall,75,94,ReRZV_2d,2024,1,dC_VacRZV,37.72988465801948,37.729904323634955,37.72839645810868,37.73116098435761
Overall,75,94,ReRZV_2d,2024,1,dC_Vac,147.72988465801947,147.72990432363497,147.7283964581087,147.73116098435762
Overall,75,94,ReRZV_2d,2024,1,dC_All,133.37376547069275,133.42013394456592,130.79629741534183,135.76934933848702
Overall,75,94,ReRZV_2d,2024,1,dC_Hosp_d,-6.8500041270016006,-6.814258148245951,-8.589732966027254,-5.318624880812407
Overall,75,94,ReRZV_2d,2024,1,dC_GP_NonPHN_d,-4.183379545141681,-4.173560184945467,-4.687462560130793,-3.727714686863956
Overall,75,94,ReRZV_2d,2024,1,dC_GP_PHN_d,-1.7317492956522624,-1.72631006568596,-2.0438985848227413,-1.4565864072360253
Overall,75,94,ReRZV_2d,2024,1,dC_GP_d,-5.915128840793943,-5.894735192137006,-6.684978071122838,-5.236678434355501
Overall,75,94,ReRZV_2d,2024,1,dC_Med_d,-12.765132967795543,-12.725196881497157,-15.006409680858201,-10.729742670099935
Overall,75,94,ReRZV_2d,2024,1,dC_VacZVL_d,110,110,110,110
Overall,75,94,ReRZV_2d,2024,1,dC_VacRZV_d,28.433523090198037,28.433537910352847,28.432401571621718,28.434484939266344
Overall,75,94,ReRZV_2d,2024,1,dC_Vac_d,138.43352309019804,138.43353791035287,138.4324015716217,138.43448493926635
Overall,75,94,ReRZV_2d,2024,1,dC_All_d,125.6683901224025,125.70815791463653,123.42834001319537,127.70283139975115
Overall,75,94,ReRZV_2d,2024,1,dN_VacZVL,1,1,1,1
Overall,75,94,ReRZV_2d,2024,1,dN_VacRZV,0.4438809959766998,0.4438812273368818,0.44386348774245515,0.4438960115806777
Overall,75,94,ReRZV_2d,2024,1,dN_VacZVL_d,1,1,1,1
Overall,75,94,ReRZV_2d,2024,1,dN_VacRZV_d,0.334512036355271,0.33451221071003345,0.334498842019079,0.3345233522266629
Overall,75,94,ReRZV_2d,2024,1,ICER,23228.044153396975,23076.73879744685,19313.363283611947,27882.491230153726
Overall,75,94,ReRZV_2d,2024,1,Price0,85,85,84.99999999999999,85.00000000000001
Overall,75,94,ReRZV_2d,2024,1,Thres20,364.33224629416657,363.8029145786559,306.6473817261603,427.0652629619768
Overall,75,94,ReRZV_2d,2024,1,Thres30,527.4181490395046,526.2662580888477,442.657182119239,619.2181341146065
Overall,75,94,ReRZV_2d,2024,1,Thres20_50,NA,363.8029145786559,NA,NA
Overall,75,94,ReRZV_2d,2024,1,Thres30_90,NA,469.0261693547203,NA,NA
Overall,75,94,ReRZV_2d,2024,1,Thres,NA,363.8029145786559,NA,NA
Overall,75,95,ReRZV_1d,2024,1,N0,1,1,1,1
Overall,75,95,ReRZV_1d,2024,1,dYear_Life,2.1076920228892338e-4,2.0980688096550182e-4,1.6761805151004338e-4,2.6191360389931083e-4
Overall,75,95,ReRZV_1d,2024,1,dYear_Immunised,4.316711808497165,4.307175010645436,3.8253561005114256,4.8464730246415275
Overall,75,95,ReRZV_1d,2024,1,dRisk_HZ,-0.03937605958581053,-0.039272612674685146,-0.04449947350793473,-0.03461421898380729
Overall,75,95,ReRZV_1d,2024,1,dRisk_Hosp,-0.0016940559330475833,-0.001689804534338903,-0.0021565136714725487,-0.001305695242921066
Overall,75,95,ReRZV_1d,2024,1,dRisk_PHN,-0.0033300183211304605,-0.0033180193914998882,-0.003925544945110197,-0.002799633912544694
Overall,75,95,ReRZV_1d,2024,1,dRisk_Death,-3.2079440445355517e-5,-3.184245261120083e-5,-4.138899191682204e-5,-2.40271357231196e-5
Overall,75,95,ReRZV_1d,2024,1,dQ_Life,1.4534283169640006e-4,1.4463548957710515e-4,1.1606199959173225e-4,1.8011767201073778e-4
Overall,75,95,ReRZV_1d,2024,1,dQ_HZ,0.005593846093239842,0.005579456466106834,0.004631627608977456,0.006645661259639958
Overall,75,95,ReRZV_1d,2024,1,dQ_HZ_Norm,0.0017970334386520409,0.0017910379304487954,0.0015040675879649144,0.002135247903651971
Overall,75,95,ReRZV_1d,2024,1,dQ_All,0.005736035653431688,0.005716920341945375,0.0047519139180754785,0.006811567111085814
Overall,75,95,ReRZV_1d,2024,1,dQ_HZ_d,0.005154172155138011,0.00514120728586082,0.004299330758017584,0.006091604676079837
Overall,75,95,ReRZV_1d,2024,1,dQ_HZ_Norm_d,0.0016666395028234308,0.0016609806215853995,0.0014037859521760041,0.001967942997437113
Overall,75,95,ReRZV_1d,2024,1,dQ_Life_d,1.1949691671149676e-4,1.1891181284351404e-4,9.603834562943447e-5,1.4718862183897842e-4
Overall,75,95,ReRZV_1d,2024,1,dQ_All_d,0.005273669071849504,0.005258303224832339,0.004405316943265625,0.006224598180393892
Overall,75,95,ReRZV_1d,2024,1,dC_Hosp,-7.174418515579546,-7.139101107769028,-9.133956302597246,-5.436568993105794
Overall,75,95,ReRZV_1d,2024,1,dC_GP_NonPHN,-4.387548153752859,-4.3762055964407525,-4.957638751468258,-3.8672062046812705
Overall,75,95,ReRZV_1d,2024,1,dC_GP_PHN,-1.8231026231474905,-1.8188401463862216,-2.164703450491648,-1.5236396531077445
Overall,75,95,ReRZV_1d,2024,1,dC_GP,-6.21065077690035,-6.191185807622894,-7.073374408934505,-5.453707283074174
Overall,75,95,ReRZV_1d,2024,1,dC_Med,-13.385069292479896,-13.349794087097127,-16.005098686912977,-11.059872194814144
Overall,75,95,ReRZV_1d,2024,1,dC_VacZVL,110,110,110,110
Overall,75,95,ReRZV_1d,2024,1,dC_VacRZV,15.237651770711466,15.237662518441196,15.236951796270754,15.238243966356157
Overall,75,95,ReRZV_1d,2024,1,dC_Vac,125.23765177071147,125.2376625184412,125.23695179627076,125.23824396635617
Overall,75,95,ReRZV_1d,2024,1,dC_All,111.85258247823157,111.88791657110141,109.23249369972046,114.17774805833076
Overall,75,95,ReRZV_1d,2024,1,dC_Hosp_d,-6.27795349321437,-6.244677163324396,-7.960887079814936,-4.787835984305992
Overall,75,95,ReRZV_1d,2024,1,dC_GP_NonPHN_d,-4.072937441212967,-4.061740818345881,-4.572221815669312,-3.612987534834307
Overall,75,95,ReRZV_1d,2024,1,dC_GP_PHN_d,-1.6877813816319298,-1.681996602864984,-2.00152835044417,-1.417531054254717
Overall,75,95,ReRZV_1d,2024,1,dC_GP_d,-5.760718822844897,-5.741039646132365,-6.52220955278113,-5.089480379557106
Overall,75,95,ReRZV_1d,2024,1,dC_Med_d,-12.038672316059268,-12.000389519122825,-14.277655841087212,-10.02579378682288
Overall,75,95,ReRZV_1d,2024,1,dC_VacZVL_d,110,110,110,110
Overall,75,95,ReRZV_1d,2024,1,dC_VacRZV_d,11.31350568294835,11.313513662819737,11.312985972632607,11.313945370696333
Overall,75,95,ReRZV_1d,2024,1,dC_Vac_d,121.31350568294835,121.31351366281973,121.3129859726326,121.31394537069633
Overall,75,95,ReRZV_1d,2024,1,dC_All_d,109.27483336688908,109.31303337244336,107.03607499802,111.2877483870871
Overall,75,95,ReRZV_1d,2024,1,dN_VacZVL,1,1,1,1
Overall,75,95,ReRZV_1d,2024,1,dN_VacRZV,0.1792664914201349,0.17926661786401407,0.17925825642671475,0.17927345842771947
Overall,75,95,ReRZV_1d,2024,1,dN_VacZVL_d,1,1,1,1
Overall,75,95,ReRZV_1d,2024,1,dN_VacRZV_d,0.13310006685821588,0.13310016073905573,0.13309395261920715,0.13310523965525095
Overall,75,95,ReRZV_1d,2024,1,ICER,20901.077713378734,20773.05712127328,17308.336247286585,25191.281255513357
Overall,75,95,ReRZV_1d,2024,1,Price0,85,85,84.99999999999999,85.00000000000001
Overall,75,95,ReRZV_1d,2024,1,Thres20,882.884592291766,880.8648626383729,739.5636313214505,1037.8258028336822
Overall,75,95,ReRZV_1d,2024,1,Thres30,1279.10277414025,1276.106104730519,1071.03732336642,1503.9543362950776
Overall,75,95,ReRZV_1d,2024,1,Thres20_50,NA,880.8648626383729,NA,NA
Overall,75,95,ReRZV_1d,2024,1,Thres30_90,NA,1135.091632351323,NA,NA
Overall,75,95,ReRZV_1d,2024,1,Thres,NA,880.8648626383729,NA,NA
Overall,75,95,ReRZV_2d,2024,1,N0,1,1,1,1
Overall,75,95,ReRZV_2d,2024,1,dYear_Life,2.1324048200292811e-4,2.1208090307389682e-4,1.7039458489098713e-4,2.644141963094704e-4
Overall,75,95,ReRZV_2d,2024,1,dYear_Immunised,4.359103849733832,4.353701214354245,3.873799394232587,4.87618566693011
Overall,75,95,ReRZV_2d,2024,1,dRisk_HZ,-0.03974382488410701,-0.039649069942842376,-0.0448145882457931,-0.03502592079401769
Overall,75,95,ReRZV_2d,2024,1,dRisk_Hosp,-0.0017359766764177469,-0.001727426576257953,-0.002196456383975635,-0.0013581194509808222
Overall,75,95,ReRZV_2d,2024,1,dRisk_PHN,-0.003358951450868318,-0.0033464507820888736,-0.003963841867461105,-0.0028325027238484124
Overall,75,95,ReRZV_2d,2024,1,dRisk_Death,-3.319481464793322e-5,-3.300853965319152e-5,-4.240994427429374e-5,-2.5459120503835878e-5
Overall,75,95,ReRZV_2d,2024,1,dQ_Life,1.4679353864881329e-4,1.4598064975857028e-4,1.1749371440634704e-4,1.8166996743409488e-4
Overall,75,95,ReRZV_2d,2024,1,dQ_HZ,0.005652824361931845,0.005633635698406882,0.004692387387083923,0.0067139719347999735
Overall,75,95,ReRZV_2d,2024,1,dQ_HZ_Norm,0.0018125551047573844,0.0018038556028948773,0.0015193825506572716,0.0021499381479714343
Overall,75,95,ReRZV_2d,2024,1,dQ_All,0.005796145829113094,0.005777001945630467,0.004806401458987341,0.006880948948823162
Overall,75,95,ReRZV_2d,2024,1,dQ_HZ_d,0.0051970799727738565,0.005184607116855302,0.004346360503782537,0.006143478899380525
Overall,75,95,ReRZV_2d,2024,1,dQ_HZ_Norm_d,0.0016779339742519998,0.001670952968133926,0.001416554214014845,0.0019788334658850442
Overall,75,95,ReRZV_2d,2024,1,dQ_Life_d,1.2052216599361909e-4,1.1997457665380296e-4,9.704569764954484e-5,1.4851675890867889e-4
Overall,75,95,ReRZV_2d,2024,1,dQ_All_d,0.005317602138767436,0.005303149753746794,0.004446292911596039,0.006275923310595609
Overall,75,95,ReRZV_2d,2024,1,dC_Hosp,-7.370819700594495,-7.332752769519926,-9.318311268054751,-5.676683274252465
Overall,75,95,ReRZV_2d,2024,1,dC_GP_NonPHN,-4.423801526994421,-4.411760116478814,-4.986219445290325,-3.9084574232963694
Overall,75,95,ReRZV_2d,2024,1,dC_GP_PHN,-1.8370826683114576,-1.8327396924717805,-2.182035437092306,-1.5374867440855908
Overall,75,95,ReRZV_2d,2024,1,dC_GP,-6.260884195305878,-6.239270152446993,-7.115082039108955,-5.510272381837529
Overall,75,95,ReRZV_2d,2024,1,dC_Med,-13.631703895900372,-13.579742193604767,-16.210332497077335,-11.344158809337047
Overall,75,95,ReRZV_2d,2024,1,dC_VacZVL,110,110,110,110
Overall,75,95,ReRZV_2d,2024,1,dC_VacRZV,30.47530354142293,30.475325036882392,30.473903592541507,30.476487932712313
Overall,75,95,ReRZV_2d,2024,1,dC_Vac,140.47530354142293,140.4753250368824,140.4739035925415,140.47648793271233
Overall,75,95,ReRZV_2d,2024,1,dC_All,126.84359964552256,126.89460618681744,124.26476897267074,129.13043974716192
Overall,75,95,ReRZV_2d,2024,1,dC_Hosp_d,-6.4208046184416085,-6.389496956469929,-8.098990193965479,-4.955873362006958
Overall,75,95,ReRZV_2d,2024,1,dC_GP_NonPHN_d,-4.099319867207467,-4.089678687797131,-4.596781710840782,-3.6433685449567723
Overall,75,95,ReRZV_2d,2024,1,dC_GP_PHN_d,-1.697959144470796,-1.6912826753327073,-2.0102632766984856,-1.4270854629757013
Overall,75,95,ReRZV_2d,2024,1,dC_GP_d,-5.797279011678263,-5.774894128792849,-6.548794244989981,-5.128947620463802
Overall,75,95,ReRZV_2d,2024,1,dC_Med_d,-12.218083630119871,-12.171523617914115,-14.420414261084835,-10.211982361081764
Overall,75,95,ReRZV_2d,2024,1,dC_VacZVL_d,110,110,110,110
Overall,75,95,ReRZV_2d,2024,1,dC_VacRZV_d,22.6270113658967,22.627027325639474,22.625971945265213,22.627890741392665
Overall,75,95,ReRZV_2d,2024,1,dC_Vac_d,132.6270113658967,132.62702732563946,132.6259719452652,132.62789074139266
Overall,75,95,ReRZV_2d,2024,1,dC_All_d,120.40892773577683,120.45594440679389,118.20670328939298,122.414743816288
Overall,75,95,ReRZV_2d,2024,1,dN_VacZVL,1,1,1,1
Overall,75,95,ReRZV_2d,2024,1,dN_VacRZV,0.3585329828402698,0.35853323572802814,0.3585165128534295,0.35854691685543894
Overall,75,95,ReRZV_2d,2024,1,dN_VacZVL_d,1,1,1,1
Overall,75,95,ReRZV_2d,2024,1,dN_VacRZV_d,0.26620013371643175,0.26620032147811146,0.2661879052384143,0.2662104793105019
Overall,75,95,ReRZV_2d,2024,1,ICER,22835.91792882223,22723.351579384977,18976.341426965195,27396.205138849295
Overall,75,95,ReRZV_2d,2024,1,Price0,85,85,84.99999999999999,85.00000000000001
Overall,75,95,ReRZV_2d,2024,1,Thres20,445.41702143093545,444.01929543505685,374.127012733387,522.431028367301
Overall,75,95,ReRZV_2d,2024,1,Thres30,645.1764893469937,643.1761770167244,541.7823161092072,758.1864149285032
Overall,75,95,ReRZV_2d,2024,1,Thres20_50,NA,444.01929543505685,NA,NA
Overall,75,95,ReRZV_2d,2024,1,Thres30_90,NA,572.6452998656755,NA,NA
Overall,75,95,ReRZV_2d,2024,1,Thres,NA,444.01929543505685,NA,NA
Overall,75,96,ReRZV_1d,2024,1,N0,1,1,1,1
Overall,75,96,ReRZV_1d,2024,1,dYear_Life,2.0432385005298226e-4,2.0287753236214456e-4,1.6203389727253992e-4,2.548512877830866e-4
Overall,75,96,ReRZV_1d,2024,1,dYear_Immunised,4.2341281288267,4.2331904557660085,3.744392240352711,4.763952782702152
Overall,75,96,ReRZV_1d,2024,1,dRisk_HZ,-0.0386439511211892,-0.038541560651894416,-0.043781296368929606,-0.03390213014874699
Overall,75,96,ReRZV_1d,2024,1,dRisk_Hosp,-0.0016119333715661967,-0.0016040766430402116,-0.002056095373487536,-0.001237414840291596
Overall,75,96,ReRZV_1d,2024,1,dRisk_PHN,-0.003270400459269649,-0.003257031414652798,-0.003866669874008993,-0.0027573359466160673
Overall,75,96,ReRZV_1d,2024,1,dRisk_Death,-2.990444736834001e-5,-2.9687002515462192e-5,-3.873847596258953e-5,-2.2395294380305666e-5
Overall,75,96,ReRZV_1d,2024,1,dQ_Life,1.4131696603439804e-4,1.4040672490800432e-4,1.1217336855020576e-4,1.7601094085875063e-4
Overall,75,96,ReRZV_1d,2024,1,dQ_HZ,0.0054712088518359256,0.00544897464043067,0.004515491268102008,0.006518757967385328
Overall,75,96,ReRZV_1d,2024,1,dQ_HZ_Norm,0.0017644119203927577,0.0017552450905022807,0.0014786967067825566,0.0020972480157325345
Overall,75,96,ReRZV_1d,2024,1,dQ_All,0.005609790029485944,0.005584907257072835,0.004628001575516283,0.0066785436609855696
Overall,75,96,ReRZV_1d,2024,1,dQ_HZ_d,0.005062978156550805,0.005045597695628906,0.00421142518512264,0.005994003910975402
Overall,75,96,ReRZV_1d,2024,1,dQ_HZ_Norm_d,0.001642382684782293,0.001634362876142583,0.0013860615432855715,0.001939905475734493
Overall,75,96,ReRZV_1d,2024,1,dQ_Life_d,1.1662366134510282e-4,1.1608011013830577e-4,9.31906802528637e-5,1.4453314371811742e-4
Overall,75,96,ReRZV_1d,2024,1,dQ_All_d,0.005179601817895903,0.005158857058265021,0.004311369116431907,0.006132597463831457
Overall,75,96,ReRZV_1d,2024,1,dC_Hosp,-6.77263201988078,-6.735680254938551,-8.65321422892948,-5.1179596456333645
Overall,75,96,ReRZV_1d,2024,1,dC_GP_NonPHN,-4.311049901912133,-4.297238233148343,-4.87201761743311,-3.793751511575959
Overall,75,96,ReRZV_1d,2024,1,dC_GP_PHN,-1.792613539570613,-1.7871849604698387,-2.137716750661319,-1.4948640723518543
Overall,75,96,ReRZV_1d,2024,1,dC_GP,-6.103663441482746,-6.078609170898632,-6.962478179410022,-5.350600963720939
Overall,75,96,ReRZV_1d,2024,1,dC_Med,-12.876295461363526,-12.808889158780499,-15.419059065986358,-10.62688029032948
Overall,75,96,ReRZV_1d,2024,1,dC_VacZVL,110,110,110,110
Overall,75,96,ReRZV_1d,2024,1,dC_VacRZV,12.01007323671443,12.01008324268463,12.009439544817786,12.010602852939908
Overall,75,96,ReRZV_1d,2024,1,dC_Vac,122.01007323671443,122.01008324268463,122.0094395448178,122.01060285293991
Overall,75,96,ReRZV_1d,2024,1,dC_All,109.13377777535091,109.2013303914813,106.59144667889555,111.38334822986064
Overall,75,96,ReRZV_1d,2024,1,dC_Hosp_d,-5.979169150444868,-5.942331797981588,-7.677680186871948,-4.564544245434563
Overall,75,96,ReRZV_1d,2024,1,dC_GP_NonPHN_d,-4.0160554239911805,-4.004759052221942,-4.519417936656298,-3.5568378034927157
Overall,75,96,ReRZV_1d,2024,1,dC_GP_PHN_d,-1.665112108964757,-1.6575944177867181,-1.977919055928974,-1.394957940606832
Overall,75,96,ReRZV_1d,2024,1,dC_GP_d,-5.6811675329559375,-5.661118148291968,-6.439038781479247,-5.010296013441915
Overall,75,96,ReRZV_1d,2024,1,dC_Med_d,-11.660336683400805,-11.597945676822288,-13.896412319569292,-9.717068277384932
Overall,75,96,ReRZV_1d,2024,1,dC_VacZVL_d,110,110,110,110
Overall,75,96,ReRZV_1d,2024,1,dC_VacRZV_d,8.785343939863546,8.785351259210225,8.78488039554086,8.785731353046234
Overall,75,96,ReRZV_1d,2024,1,dC_Vac_d,118.78534393986355,118.78535125921022,118.78488039554085,118.78573135304624
Overall,75,96,ReRZV_1d,2024,1,dC_All_d,107.12500725646274,107.18733988834359,104.88904897493987,109.06810851262148
Overall,75,96,ReRZV_1d,2024,1,dN_VacZVL,1,1,1,1
Overall,75,96,ReRZV_1d,2024,1,dN_VacRZV,0.1412949792554639,0.14129509697276035,0.14128752405667985,0.14130121003458715
Overall,75,96,ReRZV_1d,2024,1,dN_VacZVL_d,1,1,1,1
Overall,75,96,ReRZV_1d,2024,1,dN_VacRZV_d,0.10335698752780642,0.10335707363776736,0.10335153406518659,0.1033615453299557
Overall,75,96,ReRZV_1d,2024,1,ICER,20863.749271987857,20757.772835535434,17243.74645193756,25154.58668242125
Overall,75,96,ReRZV_1d,2024,1,Price0,85,85,84.99999999999999,85.00000000000001
Overall,75,96,ReRZV_1d,2024,1,Thres20,1115.089689226342,1111.391391002227,934.0767588078346,1312.213427034835
Overall,75,96,ReRZV_1d,2024,1,Thres30,1616.2265003559307,1609.2796375014834,1352.1194486863515,1903.4529579440843
Overall,75,96,ReRZV_1d,2024,1,Thres20_50,NA,1111.391391002227,NA,NA
Overall,75,96,ReRZV_1d,2024,1,Thres30_90,NA,1431.8062524911397,NA,NA
Overall,75,96,ReRZV_1d,2024,1,Thres,NA,1111.391391002227,NA,NA
Overall,75,96,ReRZV_2d,2024,1,N0,1,1,1,1
Overall,75,96,ReRZV_2d,2024,1,dYear_Life,2.057879251019905e-4,2.043731745091648e-4,1.6345387734939543e-4,2.5695146636506294e-4
Overall,75,96,ReRZV_2d,2024,1,dYear_Immunised,4.263555293115951,4.2605574525838605,3.7837745156178757,4.792483475855527
Overall,75,96,ReRZV_2d,2024,1,dRisk_HZ,-0.03889693107977415,-0.03878142690635354,-0.04401759892067004,-0.03420945738944814
Overall,75,96,ReRZV_2d,2024,1,dRisk_Hosp,-0.0016410108423622072,-0.0016289526997988607,-0.002077655387885549,-0.0012723193097189786
Overall,75,96,ReRZV_2d,2024,1,dRisk_PHN,-0.003290073512297208,-0.0032765725635676315,-0.0038887939489890507,-0.0027765745720378784
Overall,75,96,ReRZV_2d,2024,1,dRisk_Death,-3.0678711565184243e-5,-3.049858396588687e-5,-3.9528500552548756e-5,-2.3364962537052814e-5
Overall,75,96,ReRZV_2d,2024,1,dQ_Life,1.421389656804495e-4,1.4123987776493152e-4,1.1290654366802322e-4,1.77147100660413e-4
Overall,75,96,ReRZV_2d,2024,1,dQ_HZ,0.005510989171834842,0.005490529312470584,0.00455737621770701,0.006570829248424372
Overall,75,96,ReRZV_2d,2024,1,dQ_HZ_Norm,0.0017748228342081118,0.0017651334089554562,0.0014895136864781506,0.002110985579115202
Overall,75,96,ReRZV_2d,2024,1,dQ_All,0.005650139488984164,0.0056265035798386265,0.004677329275677833,0.006730507970431132
Overall,75,96,ReRZV_2d,2024,1,dQ_HZ_d,0.005091614404080464,0.005074470107768336,0.004240555812888444,0.006035534885783448
Overall,75,96,ReRZV_2d,2024,1,dQ_HZ_Norm_d,0.0016498779682093086,0.001642252848296649,0.001394221473035001,0.0019489902800906428
Overall,75,96,ReRZV_2d,2024,1,dQ_Life_d,1.1720024797311978e-4,1.166086456407811e-4,9.394461430201062e-5,1.4524010456917755e-4
Overall,75,96,ReRZV_2d,2024,1,dQ_All_d,0.005208814652053561,0.005187955114125842,0.004334088440737638,0.006170880227135323
Overall,75,96,ReRZV_2d,2024,1,dC_Hosp,-6.906215484488078,-6.871290708328736,-8.823032815896687,-5.27321588091707
Overall,75,96,ReRZV_2d,2024,1,dC_GP_NonPHN,-4.335304145912952,-4.3205464685245945,-4.899620344423024,-3.81971844606474
Overall,75,96,ReRZV_2d,2024,1,dC_GP_PHN,-1.8018590901662546,-1.7960237672342998,-2.1462660928047668,-1.5035971298556314
Overall,75,96,ReRZV_2d,2024,1,dC_GP,-6.137163236079206,-6.110562879544441,-7.007093524691742,-5.389881231134795
Overall,75,96,ReRZV_2d,2024,1,dC_Med,-13.043378720567285,-12.972312303372444,-15.612358317689553,-10.842025025319852
Overall,75,96,ReRZV_2d,2024,1,dC_VacZVL,110,110,110,110
Overall,75,96,ReRZV_2d,2024,1,dC_VacRZV,24.02014647342886,24.02016648536926,24.018879089635572,24.021205705879815
Overall,75,96,ReRZV_2d,2024,1,dC_Vac,134.02014647342887,134.02016648536926,134.01887908963556,134.02120570587982
Overall,75,96,ReRZV_2d,2024,1,dC_All,120.97676775286158,121.04743401182088,118.40815074691484,123.17729535391967
Overall,75,96,ReRZV_2d,2024,1,dC_Hosp_d,-6.075320495814047,-6.04468852878779,-7.717658022208313,-4.6551763590938835
Overall,75,96,ReRZV_2d,2024,1,dC_GP_NonPHN_d,-4.033518146751895,-4.021777285088813,-4.530200962867936,-3.579608791758789
Overall,75,96,ReRZV_2d,2024,1,dC_GP_PHN_d,-1.6717706032741173,-1.6651083384574694,-1.984231589743655,-1.4008548588147887
Overall,75,96,ReRZV_2d,2024,1,dC_GP_d,-5.705288750026012,-5.681194521937506,-6.463065669093434,-5.0339066168171875
Overall,75,96,ReRZV_2d,2024,1,dC_Med_d,-11.78060924584006,-11.72254761461243,-14.024887575349009,-9.861179838749807
Overall,75,96,ReRZV_2d,2024,1,dC_VacZVL_d,110,110,110,110
Overall,75,96,ReRZV_2d,2024,1,dC_VacRZV_d,17.570687879727092,17.57070251842045,17.56976079108172,17.57146270609247
Overall,75,96,ReRZV_2d,2024,1,dC_Vac_d,127.57068787972709,127.57070251842045,127.56976079108172,127.57146270609248
Overall,75,96,ReRZV_2d,2024,1,dC_All_d,115.79007863388703,115.84847781479806,113.54618408063166,117.70972604524904
Overall,75,96,ReRZV_2d,2024,1,dN_VacZVL,1,1,1,1
Overall,75,96,ReRZV_2d,2024,1,dN_VacRZV,0.2825899585109278,0.2825901939455207,0.2825750481133597,0.2826024200691743
Overall,75,96,ReRZV_2d,2024,1,dN_VacZVL_d,1,1,1,1
Overall,75,96,ReRZV_2d,2024,1,dN_VacRZV_d,0.20671397505561284,0.20671414727553472,0.20670306813037317,0.2067230906599114
Overall,75,96,ReRZV_2d,2024,1,ICER,22422.1643018142,22312.194274974165,18568.389948865177,26971.667300410405
Overall,75,96,ReRZV_2d,2024,1,Price0,85,85,84.99999999999999,85.00000000000001
Overall,75,96,ReRZV_2d,2024,1,Thres20,560.9530759679202,558.9900530399209,470.13569304467603,659.555202742414
Overall,75,96,ReRZV_2d,2024,1,Thres30,812.9346819185287,810.0305484600246,680.7090685904891,957.8504837426253
Overall,75,96,ReRZV_2d,2024,1,Thres20_50,NA,558.9900530399209,NA,NA
Overall,75,96,ReRZV_2d,2024,1,Thres30_90,NA,720.5413736207149,NA,NA
Overall,75,96,ReRZV_2d,2024,1,Thres,NA,558.9900530399209,NA,NA
Overall,75,97,ReRZV_1d,2024,1,N0,1,1,1,1
Overall,75,97,ReRZV_1d,2024,1,dYear_Life,1.9989637269694782e-4,1.9851137778736927e-4,1.5783919737981654e-4,2.505897731770012e-4
Overall,75,97,ReRZV_1d,2024,1,dYear_Immunised,4.169652803994884,4.165994029531394,3.6805154531785598,4.7028896634008435
Overall,75,97,ReRZV_1d,2024,1,dRisk_HZ,-0.03808119577445412,-0.03796042940282844,-0.04334326213391884,-0.033430391310012075
Overall,75,97,ReRZV_1d,2024,1,dRisk_Hosp,-0.001547037854122526,-0.0015361409950516284,-0.001982649408464787,-0.0011844825479678828
Overall,75,97,ReRZV_1d,2024,1,dRisk_PHN,-0.003225466130727289,-0.0032113441510264176,-0.003814789170895365,-0.0027170497512965237
Overall,75,97,ReRZV_1d,2024,1,dRisk_Death,-2.820635833728211e-5,-2.801011672577954e-5,-3.679338215055601e-5,-2.112988665410236e-5
Overall,75,97,ReRZV_1d,2024,1,dQ_Life,1.3863201598640894e-4,1.3767083236970734e-4,1.098097801722986e-4,1.7349019978118993e-4
Overall,75,97,ReRZV_1d,2024,1,dQ_HZ,0.005375716633883996,0.005349502220513303,0.004428846095242533,0.006418008166942231
Overall,75,97,ReRZV_1d,2024,1,dQ_HZ_Norm,0.0017392300098145515,0.001730540640132891,0.0014581882687472632,0.0020716856504095988
Overall,75,97,ReRZV_1d,2024,1,dQ_All,0.0055120588715017,0.005488433857486541,0.0045516106411554345,0.006577059480244295
Overall,75,97,ReRZV_1d,2024,1,dQ_HZ_d,0.004993052342548708,0.004972918106556143,0.004140944185004887,0.005920307768050116
Overall,75,97,ReRZV_1d,2024,1,dQ_HZ_Norm_d,0.0016239431180115197,0.0016153792761314017,0.001370408930857529,0.0019186180770586609
Overall,75,97,ReRZV_1d,2024,1,dQ_Life_d,1.1472742235266242e-4,1.1411420780671477e-4,9.162253037042767e-5,1.4274090978934063e-4
Overall,75,97,ReRZV_1d,2024,1,dQ_All_d,0.005107779764901334,0.005087160687766712,0.004236953890596729,0.006054124674010231
Overall,75,97,ReRZV_1d,2024,1,dC_Hosp,-6.45122131133242,-6.417832221091228,-8.380293562615375,-4.8425999446642
Overall,75,97,ReRZV_1d,2024,1,dC_GP_NonPHN,-4.252273107151952,-4.238648052348284,-4.815459569490396,-3.735304053947116
Overall,75,97,ReRZV_1d,2024,1,dC_GP_PHN,-1.7696729706661924,-1.7621983947226016,-2.1164812760391314,-1.472063015994668
Overall,75,97,ReRZV_1d,2024,1,dC_GP,-6.021946077818145,-5.994312423545431,-6.897402552523008,-5.261963607144294
Overall,75,97,ReRZV_1d,2024,1,dC_Med,-12.473167389150564,-12.400521115246505,-15.028296363823705,-10.29540613736271
Overall,75,97,ReRZV_1d,2024,1,dC_VacZVL,110,110,110,110
Overall,75,97,ReRZV_1d,2024,1,dC_VacRZV,9.218372515683308,9.218381265100483,9.217820810100045,9.21883119299584
Overall,75,97,ReRZV_1d,2024,1,dC_Vac,119.21837251568331,119.21838126510048,119.21782081010004,119.21883119299584
Overall,75,97,ReRZV_1d,2024,1,dC_All,106.74520512653274,106.8180369852708,104.19018573336356,108.92278827460723
Overall,75,97,ReRZV_1d,2024,1,dC_Hosp_d,-5.743810047601943,-5.709610782275073,-7.419998007290897,-4.339565322216082
Overall,75,97,ReRZV_1d,2024,1,dC_GP_NonPHN_d,-3.9730161427807107,-3.960747946306056,-4.472128149728684,-3.515432772963956
Overall,75,97,ReRZV_1d,2024,1,dC_GP_PHN_d,-1.6483144771760287,-1.639905875721635,-1.9642157066103008,-1.3787487021331233
Overall,75,97,ReRZV_1d,2024,1,dC_GP_d,-5.62133061995674,-5.596454629573183,-6.384550051880938,-4.9421196966348155
Overall,75,97,ReRZV_1d,2024,1,dC_Med_d,-11.365140667558682,-11.291309145296495,-13.605022631805904,-9.430787987646903
Overall,75,97,ReRZV_1d,2024,1,dC_VacZVL_d,110,110,110,110
Overall,75,97,ReRZV_1d,2024,1,dC_VacRZV_d,6.643567082008219,6.6435733876049845,6.643169474616493,6.643897645075573
Overall,75,97,ReRZV_1d,2024,1,dC_Vac_d,116.64356708200822,116.64357338760499,116.64316947461649,116.64389764507558
Overall,75,97,ReRZV_1d,2024,1,dC_All_d,105.27842641444954,105.35233783966137,103.03886571394145,107.21248296524296
Overall,75,97,ReRZV_1d,2024,1,dN_VacZVL,1,1,1,1
Overall,75,97,ReRZV_1d,2024,1,dN_VacRZV,0.1084514413609801,0.1084515442952998,0.10844495070705935,0.10845683756465693
Overall,75,97,ReRZV_1d,2024,1,dN_VacZVL_d,1,1,1,1
Overall,75,97,ReRZV_1d,2024,1,dN_VacRZV_d,0.07815961272950846,0.07815968691299982,0.07815493499548816,0.07816350170677146
Overall,75,97,ReRZV_1d,2024,1,ICER,20794.521199793257,20699.271365367596,17151.424007128462,25124.873885618912
Overall,75,97,ReRZV_1d,2024,1,Price0,85,85,84.99999999999999,85.00000000000001
Overall,75,97,ReRZV_1d,2024,1,Thres20,1452.4210644462771,1446.6254853263088,1214.209223055775,1713.0785692507357
Overall,75,97,ReRZV_1d,2024,1,Thres30,2105.9269630902145,2098.305399886729,1755.9602947563471,2486.2974293668863
Overall,75,97,ReRZV_1d,2024,1,Thres20_50,NA,1446.6254853263088,NA,NA
Overall,75,97,ReRZV_1d,2024,1,Thres30_90,NA,1866.4373179821537,NA,NA
Overall,75,97,ReRZV_1d,2024,1,Thres,NA,1446.6254853263088,NA,NA
Overall,75,97,ReRZV_2d,2024,1,N0,1,1,1,1
Overall,75,97,ReRZV_2d,2024,1,dYear_Life,2.0067586530511682e-4,1.9929049334876936e-4,1.5851802793793724e-4,2.5164233291126155e-4
Overall,75,97,ReRZV_2d,2024,1,dYear_Immunised,4.189066856515254,4.18656278686098,3.706907610823603,4.726671654937778
Overall,75,97,ReRZV_2d,2024,1,dRisk_HZ,-0.038246822297442654,-0.03813498953043189,-0.04354468974382899,-0.03361924916789107
Overall,75,97,ReRZV_2d,2024,1,dRisk_Hosp,-0.0015661378913906026,-0.0015548581641141577,-0.002002573394349044,-0.0012060051230333429
Overall,75,97,ReRZV_2d,2024,1,dRisk_PHN,-0.0032381805417553726,-0.0032229528770636178,-0.003827911066443946,-0.0027307262368779983
Overall,75,97,ReRZV_2d,2024,1,dRisk_Death,-2.871717139358043e-5,-2.849562666056503e-5,-3.7389234396388594e-5,-2.1779167999687803e-5
Overall,75,97,ReRZV_2d,2024,1,dQ_Life,1.3903914316466004e-4,1.381019986155252e-4,1.1023215566132726e-4,1.7406981657415162e-4
Overall,75,97,ReRZV_2d,2024,1,dQ_HZ,0.005400700132619257,0.005375068163103109,0.00445513786214537,0.00644675988462805
Overall,75,97,ReRZV_2d,2024,1,dQ_HZ_Norm,0.0017457361084235717,0.0017370679833371573,0.0014640053618877088,0.0020794895435065804
Overall,75,97,ReRZV_2d,2024,1,dQ_All,0.005537266047179404,0.005511575202662655,0.004573490147052039,0.006605879393641789
Overall,75,97,ReRZV_2d,2024,1,dQ_HZ_d,0.005010855454059546,0.004990035315462201,0.004156735132131375,0.005943534733131908
Overall,75,97,ReRZV_2d,2024,1,dQ_HZ_Norm_d,0.0016285796227439695,0.001620490164579821,0.0013755545261731489,0.0019250717205202973
Overall,75,97,ReRZV_2d,2024,1,dQ_Life_d,1.1501102320211043e-4,1.1441202705952946e-4,9.179151566867106e-5,1.4295013871032936e-4
Overall,75,97,ReRZV_2d,2024,1,dQ_All_d,0.0051258664772616605,0.005105449557494701,0.004248017586929276,0.006074958419756537
Overall,75,97,ReRZV_2d,2024,1,dC_Hosp,-6.535422104197732,-6.499369727708878,-8.453800521143478,-4.953218460194503
Overall,75,97,ReRZV_2d,2024,1,dC_GP_NonPHN,-4.267399108753319,-4.254131284763688,-4.830737266976138,-3.7480777609410056
Overall,75,97,ReRZV_2d,2024,1,dC_GP_PHN,-1.775364662989758,-1.7681005217030659,-2.12396778024139,-1.4779474210483885
Overall,75,97,ReRZV_2d,2024,1,dC_GP,-6.042763771743077,-6.0104112031448365,-6.919461235899021,-5.283115107524252
Overall,75,97,ReRZV_2d,2024,1,dC_Med,-12.57818587594081,-12.504422209313287,-15.142364548778803,-10.394403266816589
Overall,75,97,ReRZV_2d,2024,1,dC_VacZVL,110,110,110,110
Overall,75,97,ReRZV_2d,2024,1,dC_VacRZV,18.436745031366616,18.436762530200966,18.43564162020009,18.43766238599168
Overall,75,97,ReRZV_2d,2024,1,dC_Vac,128.43674503136663,128.43676253020095,128.43564162020007,128.43766238599167
Overall,75,97,ReRZV_2d,2024,1,dC_All,115.85855915542581,115.93241358930047,113.29396577123862,118.04209081978243
Overall,75,97,ReRZV_2d,2024,1,dC_Hosp_d,-5.803806661937043,-5.768667634976868,-7.468888069293838,-4.413539525222063
Overall,75,97,ReRZV_2d,2024,1,dC_GP_NonPHN_d,-3.9837959735739594,-3.972247267138589,-4.486459240690943,-3.527171493134528
Overall,75,97,ReRZV_2d,2024,1,dC_GP_PHN_d,-1.6523712321398647,-1.644332860338045,-1.9683879763901586,-1.3836360412294515
Overall,75,97,ReRZV_2d,2024,1,dC_GP_d,-5.636167205713824,-5.609620921737522,-6.403394303736774,-4.95882879687188
Overall,75,97,ReRZV_2d,2024,1,dC_Med_d,-11.439973867650867,-11.37722338628812,-13.66722622460718,-9.528364781937762
Overall,75,97,ReRZV_2d,2024,1,dC_VacZVL_d,110,110,110,110
Overall,75,97,ReRZV_2d,2024,1,dC_VacRZV_d,13.287134164016438,13.287146775209969,13.286338949232986,13.287795290151147
Overall,75,97,ReRZV_2d,2024,1,dC_Vac_d,123.28713416401644,123.28714677520998,123.28633894923298,123.28779529015115
Overall,75,97,ReRZV_2d,2024,1,dC_All_d,111.84716029636557,111.90993020250104,109.61933529451359,113.75877327047502
Overall,75,97,ReRZV_2d,2024,1,dN_VacZVL,1,1,1,1
Overall,75,97,ReRZV_2d,2024,1,dN_VacRZV,0.2169028827219602,0.2169030885905996,0.2168899014141187,0.21691367512931387
Overall,75,97,ReRZV_2d,2024,1,dN_VacZVL_d,1,1,1,1
Overall,75,97,ReRZV_2d,2024,1,dN_VacRZV_d,0.15631922545901691,0.15631937382599964,0.15630986999097632,0.15632700341354291
Overall,75,97,ReRZV_2d,2024,1,ICER,22012.379576501295,21923.579472698817,18152.878604593392,26564.606807814696
Overall,75,97,ReRZV_2d,2024,1,Price0,85,85,84.99999999999999,85.00000000000001
Overall,75,97,ReRZV_2d,2024,1,Thres20,729.003325617476,725.9800690085675,609.6452878971094,860.6957621752715
Overall,75,97,ReRZV_2d,2024,1,Thres30,1056.9133115640311,1052.928530578357,881.9615148153372,1248.5566892167242
Overall,75,97,ReRZV_2d,2024,1,Thres20_50,NA,725.9800690085675,NA,NA
Overall,75,97,ReRZV_2d,2024,1,Thres30_90,NA,937.269589289608,NA,NA
Overall,75,97,ReRZV_2d,2024,1,Thres,NA,725.9800690085675,NA,NA
Overall,75,98,ReRZV_1d,2024,1,N0,1,1,1,1
Overall,75,98,ReRZV_1d,2024,1,dYear_Life,1.9706449096445322e-4,1.9555437488882887e-4,1.5545536564234296e-4,2.4859747587582245e-4
Overall,75,98,ReRZV_1d,2024,1,dYear_Immunised,4.120808052957226,4.116160354938672,3.645416964974544,4.664809732603417
Overall,75,98,ReRZV_1d,2024,1,dRisk_HZ,-0.037659224714791974,-0.037542530766215526,-0.042967024644573186,-0.03302537531103051
Overall,75,98,ReRZV_1d,2024,1,dRisk_Hosp,-0.0014985720050994093,-0.001487856705697981,-0.0019350815446270869,-0.001136056980834075
Overall,75,98,ReRZV_1d,2024,1,dRisk_PHN,-0.0031924228624128923,-0.0031755551018889275,-0.0037802224316240366,-0.0026849031399500643
Overall,75,98,ReRZV_1d,2024,1,dRisk_Death,-2.691992018678377e-5,-2.671231555328341e-5,-3.541050077373079e-5,-2.002799025322684e-5
Overall,75,98,ReRZV_1d,2024,1,dQ_Life,1.3700100776391366e-4,1.3609799782710041e-4,1.0840741947002464e-4,1.7194464238099445e-4
Overall,75,98,ReRZV_1d,2024,1,dQ_HZ,0.005303142772648986,0.005277630245081517,0.004366011392255921,0.0063414669664118
Overall,75,98,ReRZV_1d,2024,1,dQ_HZ_Norm,0.001720243549367497,0.0017131384775446882,0.0014412335014464075,0.0020515016487948306
Overall,75,98,ReRZV_1d,2024,1,dQ_All,0.005438330964953352,0.005411575050870532,0.004487747740682613,0.006496431675626635
Overall,75,98,ReRZV_1d,2024,1,dQ_HZ_d,0.004940717073307905,0.004914241710048819,0.004096616501987633,0.00587109121675472
Overall,75,98,ReRZV_1d,2024,1,dQ_HZ_Norm_d,0.0016102514898764084,0.001601956188807688,0.001357347540838051,0.0019037796923493428
Overall,75,98,ReRZV_1d,2024,1,dQ_Life_d,1.1358684542315079e-4,1.1294552338103614e-4,9.03419869107136e-5,1.416381158762636e-4
Overall,75,98,ReRZV_1d,2024,1,dQ_All_d,0.005054303918731034,0.005032045836730781,0.004193047443360066,0.00599832266690754
Overall,75,98,ReRZV_1d,2024,1,dC_Hosp,-6.207941882955716,-6.162399740115495,-8.142006462206766,-4.6397739488711975
Overall,75,98,ReRZV_1d,2024,1,dC_GP_NonPHN,-4.2080139272008,-4.1954350033045,-4.779672841039314,-3.6880397082931955
Overall,75,98,ReRZV_1d,2024,1,dC_GP_PHN,-1.752757017940221,-1.7440442341875957,-2.1025517748516016,-1.4572172568047903
Overall,75,98,ReRZV_1d,2024,1,dC_GP,-5.960770945141021,-5.925211928295396,-6.84022108898309,-5.199982023325187
Overall,75,98,ReRZV_1d,2024,1,dC_Med,-12.168712828096735,-12.10030888044834,-14.745124261399873,-10.019773193102552
Overall,75,98,ReRZV_1d,2024,1,dC_VacZVL,110,110,110,110
Overall,75,98,ReRZV_1d,2024,1,dC_VacRZV,6.870762897459139,6.8707700187844765,6.870299526355371,6.8711423691871225
Overall,75,98,ReRZV_1d,2024,1,dC_Vac,116.87076289745914,116.87077001878447,116.87029952635538,116.87114236918713
Overall,75,98,ReRZV_1d,2024,1,dC_All,104.7020500693624,104.77054857573876,102.12506611230539,106.85081303221517
Overall,75,98,ReRZV_1d,2024,1,dC_Hosp_d,-5.568372684866689,-5.5341958864502345,-7.229578068118075,-4.181118441035039
Overall,75,98,ReRZV_1d,2024,1,dC_GP_NonPHN_d,-3.941099842594232,-3.9298473064461446,-4.446312979008984,-3.478477125229158
Overall,75,98,ReRZV_1d,2024,1,dC_GP_PHN_d,-1.6361161391526498,-1.6270012635102131,-1.9526317950341912,-1.3648240327638317
Overall,75,98,ReRZV_1d,2024,1,dC_GP_d,-5.577215981746882,-5.548317081851413,-6.349869823003119,-4.897143025070609
Overall,75,98,ReRZV_1d,2024,1,dC_Med_d,-11.14558866661357,-11.087729539880693,-13.397550769636409,-9.243334194209023
Overall,75,98,ReRZV_1d,2024,1,dC_VacZVL_d,110,110,110,110
Overall,75,98,ReRZV_1d,2024,1,dC_VacRZV_d,4.878496413386063,4.8785014697911,4.878167402721377,4.878765852383098
Overall,75,98,ReRZV_1d,2024,1,dC_Vac_d,114.87849641338606,114.8785014697911,114.87816740272137,114.8787658523831
Overall,75,98,ReRZV_1d,2024,1,dC_All_d,103.7329077467725,103.79069576824317,101.48099740596884,105.63501610227857
Overall,75,98,ReRZV_1d,2024,1,dN_VacZVL,1,1,1,1
Overall,75,98,ReRZV_1d,2024,1,dN_VacRZV,0.08083250467598987,0.08083258845628796,0.08082705325123966,0.08083696904926026
Overall,75,98,ReRZV_1d,2024,1,dN_VacZVL_d,1,1,1,1
Overall,75,98,ReRZV_1d,2024,1,dN_VacRZV_d,0.057394075451600746,0.057394134938718824,0.057390204737898555,0.05739724532215409
Overall,75,98,ReRZV_1d,2024,1,ICER,20708.01261845002,20625.244833846205,17037.167299573422,25086.600749487603
Overall,75,98,ReRZV_1d,2024,1,Price0,85,85,84.99999999999999,85.00000000000001
Overall,75,98,ReRZV_1d,2024,1,Thres20,1955.4560719626436,1946.704471452133,1631.010952192234,2311.005496571455
Overall,75,98,ReRZV_1d,2024,1,Thres30,2836.0871584419383,2824.531008220705,2363.719712588365,3358.42693147504
Overall,75,98,ReRZV_1d,2024,1,Thres20_50,NA,1946.704471452133,NA,NA
Overall,75,98,ReRZV_1d,2024,1,Thres30_90,NA,2510.5192207304513,NA,NA
Overall,75,98,ReRZV_1d,2024,1,Thres,NA,1946.704471452133,NA,NA
Overall,75,98,ReRZV_2d,2024,1,N0,1,1,1,1
Overall,75,98,ReRZV_2d,2024,1,dYear_Life,1.9741021204636145e-4,1.9600161227995017e-4,1.5587026808270288e-4,2.4894907293528947e-4
Overall,75,98,ReRZV_2d,2024,1,dYear_Immunised,4.132708792201686,4.1231100486894015,3.6553810380197174,4.676468279120063
Overall,75,98,ReRZV_2d,2024,1,dRisk_HZ,-0.03775991985077834,-0.03762854965806279,-0.04307613126391298,-0.03311558288912132
Overall,75,98,ReRZV_2d,2024,1,dRisk_Hosp,-0.0015102185484856224,-0.0014974143282828686,-0.0019468338368520955,-0.001146440452327863
Overall,75,98,ReRZV_2d,2024,1,dRisk_PHN,-0.0032000755898035824,-0.003182443034057448,-0.003792617546809244,-0.00269474462628461
Overall,75,98,ReRZV_2d,2024,1,dRisk_Death,-2.7233050783745104e-5,-2.701804682572877e-5,-3.573213726401163e-5,-2.039161391666105e-5
Overall,75,98,ReRZV_2d,2024,1,dQ_Life,1.371584770559231e-4,1.362078718782911e-4,1.0853749012333936e-4,1.7205748659132597e-4
Overall,75,98,ReRZV_2d,2024,1,dQ_HZ,0.005316983869172072,0.005292841642817268,0.004378377746880284,0.006360940136656402
Overall,75,98,ReRZV_2d,2024,1,dQ_HZ_Norm,0.0017238319352214126,0.0017161499271009912,0.0014441312183605406,0.002055974966359594
Overall,75,98,ReRZV_2d,2024,1,dQ_All,0.005452219353121515,0.005425703463235898,0.004503473860150109,0.006515397893327046
Overall,75,98,ReRZV_2d,2024,1,dQ_HZ_d,0.004950485926458469,0.0049242798508103355,0.004108266563371734,0.005881662521652854
Overall,75,98,ReRZV_2d,2024,1,dQ_HZ_Norm_d,0.0016127841817281006,0.0016052134474695125,0.0013605345825537319,0.0019078090530904373
Overall,75,98,ReRZV_2d,2024,1,dQ_Life_d,1.1369586308271451e-4,1.1305022542718035e-4,9.048801340751921e-5,1.4173880961019234e-4
Overall,75,98,ReRZV_2d,2024,1,dQ_All_d,0.005064181789541151,0.0050421791184973586,0.004204764368812031,0.006011052625492841
Overall,75,98,ReRZV_2d,2024,1,dC_Hosp,-6.254765533217706,-6.210651532558938,-8.182746347700306,-4.698084714104737
Overall,75,98,ReRZV_2d,2024,1,dC_GP_NonPHN,-4.2163350178185715,-4.202937723789829,-4.7888349145462366,-3.6967655716149297
Overall,75,98,ReRZV_2d,2024,1,dC_GP_PHN,-1.75586023930138,-1.747491863939226,-2.105037309161134,-1.4600281160637467
Overall,75,98,ReRZV_2d,2024,1,dC_GP,-5.972195257119951,-5.936819063441539,-6.854749174214167,-5.21137875067896
Overall,75,98,ReRZV_2d,2024,1,dC_Med,-12.226960790337657,-12.159336789565,-14.806349789902832,-10.086264782792115
Overall,75,98,ReRZV_2d,2024,1,dC_VacZVL,110,110,110,110
Overall,75,98,ReRZV_2d,2024,1,dC_VacRZV,13.741525794918278,13.741540037568953,13.740599052710742,13.742284738374245
Overall,75,98,ReRZV_2d,2024,1,dC_Vac,123.74152579491827,123.74154003756895,123.74059905271075,123.74228473837425
Overall,75,98,ReRZV_2d,2024,1,dC_All,111.51456500458062,111.58241659757189,108.93537105742038,113.65490844064412
Overall,75,98,ReRZV_2d,2024,1,dC_Hosp_d,-5.601418262547319,-5.565527835487847,-7.2692136790263895,-4.216314952371185
Overall,75,98,ReRZV_2d,2024,1,dC_GP_NonPHN_d,-3.946973019320827,-3.9346689686152008,-4.453503419455229,-3.4843775427409343
Overall,75,98,ReRZV_2d,2024,1,dC_GP_PHN_d,-1.6383065064548892,-1.6289902596033987,-1.9542150979022568,-1.3672989843903642
Overall,75,98,ReRZV_2d,2024,1,dC_GP_d,-5.585279525775716,-5.557220426476177,-6.36048064240235,-4.905141830854871
Overall,75,98,ReRZV_2d,2024,1,dC_Med_d,-11.186697788323034,-11.131172557818699,-13.454686504374717,-9.295493737195526
Overall,75,98,ReRZV_2d,2024,1,dC_VacZVL_d,110,110,110,110
Overall,75,98,ReRZV_2d,2024,1,dC_VacRZV_d,9.756992826772127,9.7570029395822,9.756334805442753,9.757531704766196
Overall,75,98,ReRZV_2d,2024,1,dC_Vac_d,119.75699282677213,119.75700293958221,119.75633480544276,119.7575317047662
Overall,75,98,ReRZV_2d,2024,1,dC_All_d,108.57029503844909,108.6259084857835,106.30249925266014,110.46148832582332
Overall,75,98,ReRZV_2d,2024,1,dN_VacZVL,1,1,1,1
Overall,75,98,ReRZV_2d,2024,1,dN_VacRZV,0.16166500935197975,0.16166517691257593,0.16165410650247933,0.16167393809852051
Overall,75,98,ReRZV_2d,2024,1,dN_VacZVL_d,1,1,1,1
Overall,75,98,ReRZV_2d,2024,1,dN_VacRZV_d,0.11478815090320149,0.11478826987743765,0.11478040947579711,0.11479449064430818
Overall,75,98,ReRZV_2d,2024,1,ICER,21630.439179182824,21540.624597118484,17796.555719050673,26186.18576279066
Overall,75,98,ReRZV_2d,2024,1,Price0,85,85,84.99999999999999,85.00000000000001
Overall,75,98,ReRZV_2d,2024,1,Thres20,979.8072266448747,975.5260245020299,817.5921249653528,1158.789997219952
Overall,75,98,ReRZV_2d,2024,1,Thres30,1420.9833001322438,1415.1511532211277,1183.8499572537685,1682.084113799043
Overall,75,98,ReRZV_2d,2024,1,Thres20_50,NA,975.5260245020299,NA,NA
Overall,75,98,ReRZV_2d,2024,1,Thres30_90,NA,1257.1225460278638,NA,NA
Overall,75,98,ReRZV_2d,2024,1,Thres,NA,975.5260245020299,NA,NA
Overall,75,99,ReRZV_1d,2024,1,N0,1,1,1,1
Overall,75,99,ReRZV_1d,2024,1,dYear_Life,1.954620632648423e-4,1.9398572326334573e-4,1.536936183125004e-4,2.4666410320262067e-4
Overall,75,99,ReRZV_1d,2024,1,dYear_Immunised,4.084991202107099,4.075605753440152,3.606271184275458,4.6286062538568356
Overall,75,99,ReRZV_1d,2024,1,dRisk_HZ,-0.037353210833646684,-0.03721568531265352,-0.042701723230982175,-0.032710940191202555
Overall,75,99,ReRZV_1d,2024,1,dRisk_Hosp,-0.0014633838694527214,-0.0014519080256492735,-0.0019033828243761918,-0.0011002389963789838
Overall,75,99,ReRZV_1d,2024,1,dRisk_PHN,-0.003168776027529867,-0.0031489798078082726,-0.0037625800215399714,-0.0026603087217369962
Overall,75,99,ReRZV_1d,2024,1,dRisk_Death,-2.5976589866110777e-5,-2.5761925137046492e-5,-3.4415093679762456e-5,-1.9238475730808044e-5
Overall,75,99,ReRZV_1d,2024,1,dQ_Life,1.3617845266961925e-4,1.3513742421711328e-4,1.0740794201091752e-4,1.7088576750734488e-4
Overall,75,99,ReRZV_1d,2024,1,dQ_HZ,0.005249740324337239,0.0052214371694964765,0.0043278586677733925,0.006288342390660538
Overall,75,99,ReRZV_1d,2024,1,dQ_HZ_Norm,0.0017063737170643569,0.001697792753519849,0.0014273432416626298,0.0020370009714725467
Overall,75,99,ReRZV_1d,2024,1,dQ_All,0.005384616638282212,0.005355842719195536,0.004449469073133772,0.006442223393568857
Overall,75,99,ReRZV_1d,2024,1,dQ_HZ_d,0.004902789958808456,0.004879143336220957,0.004074413636528636,0.005835404500779106
Overall,75,99,ReRZV_1d,2024,1,dQ_HZ_Norm_d,0.0016004009722346722,0.0015925711929192234,0.0013479533447598128,0.0018961704310777494
Overall,75,99,ReRZV_1d,2024,1,dQ_Life_d,1.1301671142919289e-4,1.1226809743458688e-4,8.98106044965541e-5,1.4113817506835601e-4
Overall,75,99,ReRZV_1d,2024,1,dQ_All_d,0.005015806670237642,0.004993855658424806,0.004159716589453977,0.005961637647915285
Overall,75,99,ReRZV_1d,2024,1,dC_Hosp,-6.028832841910754,-5.988114760216428,-7.943619015812553,-4.448712548075841
Overall,75,99,ReRZV_1d,2024,1,dC_GP_NonPHN,-4.175783624640515,-4.161572707813287,-4.756303104612825,-3.6537259210059547
Overall,75,99,ReRZV_1d,2024,1,dC_GP_PHN,-1.7406213160414332,-1.7308092143667329,-2.094517261636479,-1.4448059182494435
Overall,75,99,ReRZV_1d,2024,1,dC_GP,-5.916404940681948,-5.884366124269431,-6.799829988760748,-5.155654840436277
Overall,75,99,ReRZV_1d,2024,1,dC_Med,-11.945237782592702,-11.871528185543827,-14.551022596012167,-9.793415351527882
Overall,75,99,ReRZV_1d,2024,1,dC_VacZVL,110,110,110,110
Overall,75,99,ReRZV_1d,2024,1,dC_VacRZV,4.956396376052527,4.956402667873297,4.956025512429911,4.956697603355851
Overall,75,99,ReRZV_1d,2024,1,dC_Vac,114.95639637605252,114.95640266787329,114.95602551242992,114.95669760335585
Overall,75,99,ReRZV_1d,2024,1,dC_All,103.01115859345983,103.08486944915785,100.40490357910706,105.16284540492099
Overall,75,99,ReRZV_1d,2024,1,dC_Hosp_d,-5.441166594621474,-5.406007859480855,-7.114881412455771,-4.04030891568365
Overall,75,99,ReRZV_1d,2024,1,dC_GP_NonPHN_d,-3.9182095419936367,-3.9049286726828862,-4.427141316574067,-3.451915433120594
Overall,75,99,ReRZV_1d,2024,1,dC_GP_PHN_d,-1.6274972515735353,-1.6175573479934462,-1.9459762035182433,-1.3576163584892393
Overall,75,99,ReRZV_1d,2024,1,dC_GP_d,-5.545706793567172,-5.516325066326769,-6.327239168763491,-4.869380507001299
Overall,75,99,ReRZV_1d,2024,1,dC_Med_d,-10.986873388188647,-10.924341952468529,-13.260219462097817,-9.099751193516099
Overall,75,99,ReRZV_1d,2024,1,dC_VacZVL_d,110,110,110,110
Overall,75,99,ReRZV_1d,2024,1,dC_VacRZV_d,3.467216947523306,3.467221348928269,3.4669575121311405,3.4674276692517356
Overall,75,99,ReRZV_1d,2024,1,dC_Vac_d,113.46721694752331,113.46722134892826,113.46695751213113,113.46742766925175
Overall,75,99,ReRZV_1d,2024,1,dC_All_d,102.48034355933466,102.54289236126537,100.2070172439542,104.36738234596537
Overall,75,99,ReRZV_1d,2024,1,dN_VacZVL,1,1,1,1
Overall,75,99,ReRZV_1d,2024,1,dN_VacRZV,0.058310545600617956,0.05831061962203878,0.05830618249917543,0.058314089451245305
Overall,75,99,ReRZV_1d,2024,1,dN_VacZVL_d,1,1,1,1
Overall,75,99,ReRZV_1d,2024,1,dN_VacRZV_d,0.04079078761792125,0.040790839399156106,0.04078773543683695,0.04079326669707924
Overall,75,99,ReRZV_1d,2024,1,ICER,20616.592404353003,20534.233686393833,16937.83942677274,24997.06401308408
Overall,75,99,ReRZV_1d,2024,1,Price0,85,85,84.99999999999999,85.00000000000001
Overall,75,99,ReRZV_1d,2024,1,Thres20,2728.6290438639044,2716.551413893952,2274.3622358966322,3230.2874676944602
Overall,75,99,ReRZV_1d,2024,1,Thres30,3958.2702237014423,3940.0681869664177,3294.1649401291493,4692.569472946636
Overall,75,99,ReRZV_1d,2024,1,Thres20_50,NA,2716.551413893952,NA,NA
Overall,75,99,ReRZV_1d,2024,1,Thres30_90,NA,3500.189082883695,NA,NA
Overall,75,99,ReRZV_1d,2024,1,Thres,NA,2716.551413893952,NA,NA
Overall,75,99,ReRZV_2d,2024,1,N0,1,1,1,1
Overall,75,99,ReRZV_2d,2024,1,dYear_Life,1.955643929480937e-4,1.9404757394347882e-4,1.5378708797246786e-4,2.467376738010785e-4
Overall,75,99,ReRZV_2d,2024,1,dYear_Immunised,4.091429985430357,4.084019758408537,3.6125480733672486,4.634199669423628
Overall,75,99,ReRZV_2d,2024,1,dRisk_HZ,-0.03740724362104896,-0.03725120244629001,-0.042765214765767806,-0.03275913087750551
Overall,75,99,ReRZV_2d,2024,1,dRisk_Hosp,-0.0014696612590476869,-0.0014579121685106377,-0.0019082819857926547,-0.0011069897972338138
Overall,75,99,ReRZV_2d,2024,1,dRisk_PHN,-0.003172844681828587,-0.0031534314210317814,-0.0037675339631815436,-0.002665258850247152
Overall,75,99,ReRZV_2d,2024,1,dRisk_Death,-2.614600889509702e-5,-2.5951991661870712e-5,-3.4606565975871394e-5,-1.942109697934756e-5
Overall,75,99,ReRZV_2d,2024,1,dQ_Life,1.3621106405577077e-4,1.3516265929691684e-4,1.0743487279496478e-4,1.7092819143864617e-4
Overall,75,99,ReRZV_2d,2024,1,dQ_HZ,0.005255460668913069,0.005227031966153294,0.004332237907680331,0.006293773336627777
Overall,75,99,ReRZV_2d,2024,1,dQ_HZ_Norm,0.0017078510092289074,0.0016991066185098656,0.0014293181143145996,0.0020378503069122702
Overall,75,99,ReRZV_2d,2024,1,dQ_All,0.00539033698285806,0.0053620867615906675,0.00445378710272477,0.006452228142815164
Overall,75,99,ReRZV_2d,2024,1,dQ_HZ_d,0.00490679159107395,0.004881537232974125,0.004079041149722072,0.00584012311104611
Overall,75,99,ReRZV_2d,2024,1,dQ_HZ_Norm_d,0.0016014344029857159,0.0015934579504371688,0.0013492719123353967,0.0018975048801995584
Overall,75,99,ReRZV_2d,2024,1,dQ_Life_d,1.1303918738672181e-4,1.1229670390378033e-4,8.984048888986962e-5,1.4116442185692078e-4
Overall,75,99,ReRZV_2d,2024,1,dQ_All_d,0.005019830778460686,0.004998674795259284,0.004164392883457957,0.005968324254357204
Overall,75,99,ReRZV_2d,2024,1,dC_Hosp,-6.048369746899183,-6.0045709115054144,-7.971120548520308,-4.468733418784437
Overall,75,99,ReRZV_2d,2024,1,dC_GP_NonPHN,-4.179196644851355,-4.164654592291416,-4.759925820084324,-3.6571228187160805
Overall,75,99,ReRZV_2d,2024,1,dC_GP_PHN,-1.7418885748038668,-1.7318102840995628,-2.095812444874961,-1.4465144857931256
Overall,75,99,ReRZV_2d,2024,1,dC_GP,-5.921085219655222,-5.888197941335296,-6.806328989425626,-5.162526421956351
Overall,75,99,ReRZV_2d,2024,1,dC_Med,-11.969454966554403,-11.89583564464256,-14.579040545766441,-9.82125375384528
Overall,75,99,ReRZV_2d,2024,1,dC_VacZVL,110,110,110,110
Overall,75,99,ReRZV_2d,2024,1,dC_VacRZV,9.912792752105053,9.912805335746594,9.912051024859823,9.913395206711701
Overall,75,99,ReRZV_2d,2024,1,dC_Vac,119.91279275210505,119.91280533574658,119.91205102485982,119.9133952067117
Overall,75,99,ReRZV_2d,2024,1,dC_All,107.94333778555065,108.01665048332706,105.33386855611587,110.09178508754556
Overall,75,99,ReRZV_2d,2024,1,dC_Hosp_d,-5.454833517712073,-5.4198117756238915,-7.1237422526836784,-4.054834102661681
Overall,75,99,ReRZV_2d,2024,1,dC_GP_NonPHN_d,-3.9205970995292763,-3.907177576774938,-4.42991661847078,-3.4541579566185674
Overall,75,99,ReRZV_2d,2024,1,dC_GP_PHN_d,-1.6283837547352351,-1.6183235462675467,-1.9465080521246387,-1.3583810494572393
Overall,75,99,ReRZV_2d,2024,1,dC_GP_d,-5.548980854264512,-5.520339375360821,-6.330476923333096,-4.8743330791327795
Overall,75,99,ReRZV_2d,2024,1,dC_Med_d,-11.003814371976585,-10.939287559803182,-13.273709347783925,-9.127178245126977
Overall,75,99,ReRZV_2d,2024,1,dC_VacZVL_d,110,110,110,110
Overall,75,99,ReRZV_2d,2024,1,dC_VacRZV_d,6.934433895046612,6.934442697856538,6.933915024262281,6.934855338503471
Overall,75,99,ReRZV_2d,2024,1,dC_Vac_d,116.93443389504661,116.93444269785654,116.93391502426228,116.93485533850347
Overall,75,99,ReRZV_2d,2024,1,dC_All_d,105.93061952307004,105.99530875826986,103.6608323201121,107.80708883383593
Overall,75,99,ReRZV_2d,2024,1,dN_VacZVL,1,1,1,1
Overall,75,99,ReRZV_2d,2024,1,dN_VacRZV,0.11662109120123591,0.11662123924407757,0.11661236499835086,0.11662817890249061
Overall,75,99,ReRZV_2d,2024,1,dN_VacZVL_d,1,1,1,1
Overall,75,99,ReRZV_2d,2024,1,dN_VacRZV_d,0.0815815752358425,0.08158167879831221,0.0815754708736739,0.08158653339415849
Overall,75,99,ReRZV_2d,2024,1,ICER,21293.04598017918,21209.23864859943,17503.068396372782,25797.672203607195
Overall,75,99,ReRZV_2d,2024,1,Price0,85,85,84.99999999999999,85.00000000000001
Overall,75,99,ReRZV_2d,2024,1,Thres20,1365.5087022475466,1359.2449186408753,1138.6575526492525,1616.1686803927528
Overall,75,99,ReRZV_2d,2024,1,Thres30,1980.82255386246,1971.2375710213928,1648.7955006784582,2348.67931559295
Overall,75,99,ReRZV_2d,2024,1,Thres20_50,NA,1359.2449186408753,NA,NA
Overall,75,99,ReRZV_2d,2024,1,Thres30_90,NA,1751.6437655767509,NA,NA
Overall,75,99,ReRZV_2d,2024,1,Thres,NA,1359.2449186408753,NA,NA
Overall,75,NA,Vac,2024,1,N0,1,1,1,1
Overall,75,NA,Vac,2024,1,dYear_Life,1.947831869565917e-4,1.932947268175056e-4,1.5290871854598543e-4,2.456744275184608e-4
Overall,75,NA,Vac,2024,1,dYear_Immunised,4.042293187600402,4.032627367740899,3.558660147232599,4.586326506095596
Overall,75,NA,Vac,2024,1,dRisk_HZ,-0.0369951967589882,-0.03680676564054243,-0.042325525803950825,-0.032319878768614
Overall,75,NA,Vac,2024,1,dRisk_Hosp,-0.0014218749071745348,-0.001407470853530162,-0.0018575260485007362,-0.0010622123046750266
Overall,75,NA,Vac,2024,1,dRisk_PHN,-0.0031416491985502668,-0.0031202680155736737,-0.003738146402767137,-0.0026296869694222872
Overall,75,NA,Vac,2024,1,dRisk_Death,-2.4851994458647404e-5,-2.456402438058577e-5,-3.332930409292194e-5,-1.8144661307458258e-5
Overall,75,NA,Vac,2024,1,dQ_Life,1.3596210198086478e-4,1.348875591657972e-4,1.071461791692041e-4,1.706914233805534e-4
Overall,75,NA,Vac,2024,1,dQ_HZ,0.005211835016297264,0.00518295431626422,0.004289301275534862,0.006260694744373618
Overall,75,NA,Vac,2024,1,dQ_HZ_Norm,0.0016965931560397642,0.0016869555850609424,0.0014185928711529232,0.0020238861742598135
Overall,75,NA,Vac,2024,1,dQ_All,0.005346711330242254,0.005319377509533929,0.00441330585154498,0.0064102214847600696
Overall,75,NA,Vac,2024,1,dQ_HZ_d,0.004876273531052133,0.004852506170735787,0.004046191870317277,0.005810404735424643
Overall,75,NA,Vac,2024,1,dQ_HZ_Norm_d,0.0015935590402405726,0.0015852219000136777,0.0013415735816220517,0.0018877308252653025
Overall,75,NA,Vac,2024,1,dQ_Life_d,1.128676012727352e-4,1.1213108868801669e-4,8.96724426448614e-5,1.4099800021099006e-4
Overall,75,NA,Vac,2024,1,dQ_All_d,0.004989141132324857,0.00496695700311367,0.004140234200381032,0.005936535152594579
Overall,75,NA,Vac,2024,1,dC_Hosp,-5.899553125813439,-5.851823129918209,-7.813073799399497,-4.320738156791652
Overall,75,NA,Vac,2024,1,dC_GP_NonPHN,-4.1532001411178605,-4.1379760437500055,-4.742949579736142,-3.6287143819850596
Overall,75,NA,Vac,2024,1,dC_GP_PHN,-1.7321842989414888,-1.7219023160192466,-2.088455504236625,-1.4365263838561109
Overall,75,NA,Vac,2024,1,dC_GP,-5.885384440059349,-5.854778607835693,-6.773401988429579,-5.1301089585232464
Overall,75,NA,Vac,2024,1,dC_Med,-11.784937565872788,-11.708026484395546,-14.420663297823218,-9.628266889983557
Overall,75,NA,Vac,2024,1,dC_VacZVL,110,110,110,110
Overall,75,NA,Vac,2024,1,dC_VacRZV,0,0,0,0
Overall,75,NA,Vac,2024,1,dC_Vac,110,110,110,110
Overall,75,NA,Vac,2024,1,dC_All,98.21506243412722,98.29197351560445,95.57933670217678,100.37173311001644
Overall,75,NA,Vac,2024,1,dC_Hosp_d,-5.350729755310287,-5.317888107656174,-7.03527180910583,-3.9602878266685493
Overall,75,NA,Vac,2024,1,dC_GP_NonPHN_d,-3.902411403414126,-3.8884325676612197,-4.416357112837681,-3.4374846012020637
Overall,75,NA,Vac,2024,1,dC_GP_PHN_d,-1.621595187562511,-1.6117259481176323,-1.9400943414241218,-1.351686178447525
Overall,75,NA,Vac,2024,1,dC_GP_d,-5.524006590976637,-5.497841592851706,-6.309053515608761,-4.849981332473399
Overall,75,NA,Vac,2024,1,dC_Med_d,-10.874736346286923,-10.80829161692202,-13.151002359992694,-8.972104604353799
Overall,75,NA,Vac,2024,1,dC_VacZVL_d,110,110,110,110
Overall,75,NA,Vac,2024,1,dC_VacRZV_d,0,0,0,0
Overall,75,NA,Vac,2024,1,dC_Vac_d,110,110,110,110
Overall,75,NA,Vac,2024,1,dC_All_d,99.12526365371308,99.19170838307798,96.8489976400073,101.02789539564621
Overall,75,NA,Vac,2024,1,dN_VacZVL,1,1,1,1
Overall,75,NA,Vac,2024,1,dN_VacRZV,0,0,0,0
Overall,75,NA,Vac,2024,1,dN_VacZVL_d,1,1,1,1
Overall,75,NA,Vac,2024,1,dN_VacRZV_d,0,0,0,0
Overall,75,NA,Vac,2024,1,ICER,20049.754505639212,19967.515076346084,16443.02924713169,24292.12773875869
Overall,75,NA,Vac,2024,1,Price0,NA,NA,NA,NA
Overall,75,NA,Vac,2024,1,Thres20,Inf,Inf,Inf,Inf
Overall,75,NA,Vac,2024,1,Thres30,Inf,Inf,Inf,Inf
Overall,75,NA,Vac,2024,1,Thres20_50,NA,Inf,NA,NA
Overall,75,NA,Vac,2024,1,Thres30_90,NA,Inf,NA,NA
Overall,75,NA,Vac,2024,1,Thres,NA,Inf,NA,NA
Second_80,70,80,ReRZV_1d,2024,0.8077861308578528,N0,0.8077861308578528,0.8077861308578528,0.8077861308578528,0.8077861308578528
Second_80,70,80,ReRZV_1d,2024,0.8077861308578528,dYear_Life,3.730914300014979e-4,3.76550155483293e-4,1.4789156754827475e-4,5.698709367764379e-4
Second_80,70,80,ReRZV_1d,2024,0.8077861308578528,dYear_Immunised,4.5721430918966,4.636285060848018,1.7804241992457013,6.880434827800982
Second_80,70,80,ReRZV_1d,2024,0.8077861308578528,dRisk_HZ,-0.055559198819552874,-0.05627217939841188,-0.08424937621312709,-0.021762504887355087
Second_80,70,80,ReRZV_1d,2024,0.8077861308578528,dRisk_Hosp,-0.0037228467488148354,-0.003767305392852165,-0.005813333043040931,-0.0015337659069848948
Second_80,70,80,ReRZV_1d,2024,0.8077861308578528,dRisk_PHN,-0.005013942712466544,-0.005071557158035081,-0.007772007856323571,-0.0019355651701506592
Second_80,70,80,ReRZV_1d,2024,0.8077861308578528,dRisk_Death,-8.828640838128731e-5,-8.848879480593198e-5,-1.3456792011516788e-4,-3.6535741274782674e-5
Second_80,70,80,ReRZV_1d,2024,0.8077861308578528,dQ_Life,2.5246500317105386e-4,2.547131650741507e-4,9.944316294273276e-5,3.8595952233615416e-4
Second_80,70,80,ReRZV_1d,2024,0.8077861308578528,dQ_HZ,0.006490130075137512,0.00651880696548958,0.002545855481425546,0.01010774697155006
Second_80,70,80,ReRZV_1d,2024,0.8077861308578528,dQ_HZ_Norm,0.001924523960942566,0.001944819997960818,7.416844313796143e-4,0.002976546745340046
Second_80,70,80,ReRZV_1d,2024,0.8077861308578528,dQ_All,0.006737306050613988,0.006771849124416635,0.002643710357455559,0.010472868873977576
Second_80,70,80,ReRZV_1d,2024,0.8077861308578528,dQ_HZ_d,0.005963227343923098,0.00598997703110328,0.00232126346256569,0.009297218494920342
Second_80,70,80,ReRZV_1d,2024,0.8077861308578528,dQ_HZ_Norm_d,0.0017748034632325761,0.0017925386497650627,6.774893679497039e-4,0.002748586240195146
Second_80,70,80,ReRZV_1d,2024,0.8077861308578528,dQ_Life_d,2.1349622647018292e-4,2.1519794170399889e-4,8.335754111747176e-5,3.268181670375676e-4
Second_80,70,80,ReRZV_1d,2024,0.8077861308578528,dQ_All_d,0.006176723570393295,0.006204542294122279,0.00241024781226027,0.00962218299012531
Second_80,70,80,ReRZV_1d,2024,0.8077861308578528,dC_Hosp,-12.823574070673603,-12.941649253851807,-20.111008708861583,-5.2871680854746375
Second_80,70,80,ReRZV_1d,2024,0.8077861308578528,dC_GP_NonPHN,-4.6598078783554095,-4.718113341097391,-7.089457465918557,-1.795799148212096
Second_80,70,80,ReRZV_1d,2024,0.8077861308578528,dC_GP_PHN,-2.082622954607618,-2.1028847533155584,-3.2300055550022924,-0.7852335147404218
Second_80,70,80,ReRZV_1d,2024,0.8077861308578528,dC_GP,-6.742430832963027,-6.819609802712564,-10.249440592892947,-2.5804223953036542
Second_80,70,80,ReRZV_1d,2024,0.8077861308578528,dC_Med,-19.566004903636628,-19.818170154297512,-29.88905891655001,-7.958597575471697
Second_80,70,80,ReRZV_1d,2024,0.8077861308578528,dC_VacZVL,0,0,0,0
Second_80,70,80,ReRZV_1d,2024,0.8077861308578528,dC_VacRZV,85,85,84.99999999999999,85.00000000000001
Second_80,70,80,ReRZV_1d,2024,0.8077861308578528,dC_Vac,85,85,84.99999999999999,85.00000000000001
Second_80,70,80,ReRZV_1d,2024,0.8077861308578528,dC_All,65.43399509636338,65.1818298457025,55.11094108344997,77.0414024245283
Second_80,70,80,ReRZV_1d,2024,0.8077861308578528,dC_Hosp_d,-11.517585948332076,-11.645478458324288,-18.053853898955694,-4.704287251007723
Second_80,70,80,ReRZV_1d,2024,0.8077861308578528,dC_GP_NonPHN_d,-4.300867329309143,-4.352049574709084,-6.557588700283112,-1.6421245314064978
Second_80,70,80,ReRZV_1d,2024,0.8077861308578528,dC_GP_PHN_d,-1.9261103970474875,-1.9518219905138794,-3.000095460591299,-0.7161577278449217
Second_80,70,80,ReRZV_1d,2024,0.8077861308578528,dC_GP_d,-6.226977726356631,-6.2869420428122655,-9.50421327873382,-2.3584931100233506
Second_80,70,80,ReRZV_1d,2024,0.8077861308578528,dC_Med_d,-17.744563674688706,-17.935926287848872,-27.13740724615499,-7.203266960546694
Second_80,70,80,ReRZV_1d,2024,0.8077861308578528,dC_VacZVL_d,0,0,0,0
Second_80,70,80,ReRZV_1d,2024,0.8077861308578528,dC_VacRZV_d,85,85,84.99999999999999,85.00000000000001
Second_80,70,80,ReRZV_1d,2024,0.8077861308578528,dC_Vac_d,85,85,84.99999999999999,85.00000000000001
Second_80,70,80,ReRZV_1d,2024,0.8077861308578528,dC_All_d,67.2554363253113,67.06407371215113,57.862592753845014,77.7967330394533
Second_80,70,80,ReRZV_1d,2024,0.8077861308578528,dN_VacZVL,0,0,0,0
Second_80,70,80,ReRZV_1d,2024,0.8077861308578528,dN_VacRZV,1,1,1,1
Second_80,70,80,ReRZV_1d,2024,0.8077861308578528,dN_VacZVL_d,0,0,0,0
Second_80,70,80,ReRZV_1d,2024,0.8077861308578528,dN_VacRZV_d,1,1,1,1
Second_80,70,80,ReRZV_1d,2024,0.8077861308578528,ICER,12789.231022559517,10795.487978911511,6095.434849011677,32105.47029155214
Second_80,70,80,ReRZV_1d,2024,0.8077861308578528,Price0,85,85,84.99999999999999,85.00000000000001
Second_80,70,80,ReRZV_1d,2024,0.8077861308578528,Thres20,141.2790350825546,142.16485111404165,55.79688046664215,218.68572347429844
Second_80,70,80,ReRZV_1d,2024,0.8077861308578528,Thres30,203.04627078648755,204.10084113093006,79.92080333653048,314.190996492042
Second_80,70,80,ReRZV_1d,2024,0.8077861308578528,Thres20_50,NA,142.16485111404165,NA,NA
Second_80,70,80,ReRZV_1d,2024,0.8077861308578528,Thres30_90,NA,118.39106147241998,NA,NA
Second_80,70,80,ReRZV_1d,2024,0.8077861308578528,Thres,NA,118.39106147241998,NA,NA
Second_80,70,80,ReRZV_2d,2024,0.8077861308578528,N0,0.8077861308578528,0.8077861308578528,0.8077861308578528,0.8077861308578528
Second_80,70,80,ReRZV_2d,2024,0.8077861308578528,dYear_Life,4.3781963255825647e-4,4.426832520459253e-4,2.379166277658549e-4,5.954912785299601e-4
Second_80,70,80,ReRZV_2d,2024,0.8077861308578528,dYear_Immunised,5.378825727799801,5.512061063253496,2.9289506120288107,7.093586453210345
Second_80,70,80,ReRZV_2d,2024,0.8077861308578528,dRisk_HZ,-0.06536797185033816,-0.06697734327665528,-0.0861033263307722,-0.03559424928562647
Second_80,70,80,ReRZV_2d,2024,0.8077861308578528,dRisk_Hosp,-0.00436542636350729,-0.004420136163670905,-0.006105137381182467,-0.0024503568406138323
Second_80,70,80,ReRZV_2d,2024,0.8077861308578528,dRisk_PHN,-0.005898525313499851,-0.006017491500990044,-0.00801537468043477,-0.0032059117301427853
Second_80,70,80,ReRZV_2d,2024,0.8077861308578528,dRisk_Death,-1.0331748215352537e-4,-1.040087795814303e-4,-1.413155279749969e-4,-5.76910248125817e-5
Second_80,70,80,ReRZV_2d,2024,0.8077861308578528,dQ_Life,2.9634238197325175e-4,3.0001248881255223e-4,1.6091739571631318e-4,4.028578744159634e-4
Second_80,70,80,ReRZV_2d,2024,0.8077861308578528,dQ_HZ,0.007631811454823089,0.007767499738534748,0.004132602302253415,0.01053313932082058
Second_80,70,80,ReRZV_2d,2024,0.8077861308578528,dQ_HZ_Norm,0.002264543867634647,0.002301718195709808,0.0012013638718438471,0.0031011440006759408
Second_80,70,80,ReRZV_2d,2024,0.8077861308578528,dQ_All,0.007921993525209831,0.008062424828166607,0.004306000518168451,0.010910901829910233
Second_80,70,80,ReRZV_2d,2024,0.8077861308578528,dQ_HZ_d,0.0070165974723502425,0.0071451007373987616,0.0037580629385180952,0.009686321959225147
Second_80,70,80,ReRZV_2d,2024,0.8077861308578528,dQ_HZ_Norm_d,0.002089657633385212,0.002125744879226406,0.0011047565022122069,0.002863085747573679
Second_80,70,80,ReRZV_2d,2024,0.8077861308578528,dQ_Life_d,2.5069801054005433e-4,2.541022505998711e-4,1.3581257965737293e-4,3.405399857980581e-4
Second_80,70,80,ReRZV_2d,2024,0.8077861308578528,dQ_All_d,0.007267295482890319,0.007405916480453038,0.003914143880230538,0.009996912416947688
Second_80,70,80,ReRZV_2d,2024,0.8077861308578528,dC_Hosp,-15.030385784097803,-15.190883699514593,-21.10395416705302,-8.344881778489338
Second_80,70,80,ReRZV_2d,2024,0.8077861308578528,dC_GP_NonPHN,-5.484122554776131,-5.613188562624642,-7.2644720663494615,-2.9661602390682873
Second_80,70,80,ReRZV_2d,2024,0.8077861308578528,dC_GP_PHN,-2.4506883473245145,-2.4996520776373874,-3.3388672392096526,-1.3082949764011222
Second_80,70,80,ReRZV_2d,2024,0.8077861308578528,dC_GP,-7.934810902100645,-8.153941913627584,-10.50771117722664,-4.325346216152408
Second_80,70,80,ReRZV_2d,2024,0.8077861308578528,dC_Med,-22.96519668619845,-23.43097635380056,-31.217377704628905,-13.036088442077794
Second_80,70,80,ReRZV_2d,2024,0.8077861308578528,dC_VacZVL,0,0,0,0
Second_80,70,80,ReRZV_2d,2024,0.8077861308578528,dC_VacRZV,170,170,169.99999999999997,170.00000000000003
Second_80,70,80,ReRZV_2d,2024,0.8077861308578528,dC_Vac,170,170,169.99999999999997,170.00000000000003
Second_80,70,80,ReRZV_2d,2024,0.8077861308578528,dC_All,147.03480331380155,146.56902364619944,138.7826222953711,156.96391155792222
Second_80,70,80,ReRZV_2d,2024,0.8077861308578528,dC_Hosp_d,-13.507972475891211,-13.664048333626294,-19.00940902095147,-7.4710367320225854
Second_80,70,80,ReRZV_2d,2024,0.8077861308578528,dC_GP_NonPHN_d,-5.0647794704216995,-5.185841384498792,-6.719381679338245,-2.726293530075768
Second_80,70,80,ReRZV_2d,2024,0.8077861308578528,dC_GP_PHN_d,-2.2678656923885723,-2.312852860553032,-3.0930947929705157,-1.202950079484709
Second_80,70,80,ReRZV_2d,2024,0.8077861308578528,dC_GP_d,-7.332645162810272,-7.532234355365148,-9.747827116688034,-3.975221563873584
Second_80,70,80,ReRZV_2d,2024,0.8077861308578528,dC_Med_d,-20.84061763870148,-21.276151911999364,-28.319786387053703,-11.802753493104134
Second_80,70,80,ReRZV_2d,2024,0.8077861308578528,dC_VacZVL_d,0,0,0,0
Second_80,70,80,ReRZV_2d,2024,0.8077861308578528,dC_VacRZV_d,170,170,169.99999999999997,170.00000000000003
Second_80,70,80,ReRZV_2d,2024,0.8077861308578528,dC_Vac_d,170,170,169.99999999999997,170.00000000000003
Second_80,70,80,ReRZV_2d,2024,0.8077861308578528,dC_All_d,149.15938236129853,148.72384808800064,141.6802136129463,158.19724650689585
Second_80,70,80,ReRZV_2d,2024,0.8077861308578528,dN_VacZVL,0,0,0,0
Second_80,70,80,ReRZV_2d,2024,0.8077861308578528,dN_VacRZV,2,2,2,2
Second_80,70,80,ReRZV_2d,2024,0.8077861308578528,dN_VacZVL_d,0,0,0,0
Second_80,70,80,ReRZV_2d,2024,0.8077861308578528,dN_VacRZV_d,2,2,2,2
Second_80,70,80,ReRZV_2d,2024,0.8077861308578528,ICER,21865.414711410907,20131.187731766193,14265.91965681269,40411.43225383344
Second_80,70,80,ReRZV_2d,2024,0.8077861308578528,Price0,85,85,84.99999999999999,85.00000000000001
Second_80,70,80,ReRZV_2d,2024,0.8077861308578528,Thres20,83.09326364825392,84.5146800532564,45.33530297969718,113.6096665793533
Second_80,70,80,ReRZV_2d,2024,0.8077861308578528,Thres30,119.42974106270552,121.4971626782428,64.76374283073316,163.76816923336048
Second_80,70,80,ReRZV_2d,2024,0.8077861308578528,Thres20_50,NA,84.5146800532564,NA,NA
Second_80,70,80,ReRZV_2d,2024,0.8077861308578528,Thres30_90,NA,85.07141089564956,NA,NA
Second_80,70,80,ReRZV_2d,2024,0.8077861308578528,Thres,NA,84.5146800532564,NA,NA
Second_80,75,80,ReRZV_1d,2024,0.8863228055727066,N0,0.8863228055727066,0.8863228055727066,0.8863228055727066,0.8863228055727066
Second_80,75,80,ReRZV_1d,2024,0.8863228055727066,dYear_Life,3.1716751201358494e-4,3.196503188561033e-4,9.329766137045318e-5,5.134810502557947e-4
Second_80,75,80,ReRZV_1d,2024,0.8863228055727066,dYear_Immunised,3.795851822929844,3.8603772199700055,1.0440694251625284,6.095886223645856
Second_80,75,80,ReRZV_1d,2024,0.8863228055727066,dRisk_HZ,-0.041979315406219214,-0.04259719887423676,-0.06802512473197815,-0.011338844894899412
Second_80,75,80,ReRZV_1d,2024,0.8863228055727066,dRisk_Hosp,-0.002908587287152763,-0.0029332023583510027,-0.004783896990021156,-9.352433701158566e-4
Second_80,75,80,ReRZV_1d,2024,0.8863228055727066,dRisk_PHN,-0.0037801902454206626,-0.003822967087645129,-0.006248759978500512,-0.0010050855221994926
Second_80,75,80,ReRZV_1d,2024,0.8863228055727066,dRisk_Death,-7.03153781004956e-5,-7.061937621175859e-5,-1.12348000001195e-4,-2.353025384591332e-5
Second_80,75,80,ReRZV_1d,2024,0.8863228055727066,dQ_Life,2.1405938917679342e-4,2.158008903390033e-4,6.207378588364881e-5,3.469094942216079e-4
Second_80,75,80,ReRZV_1d,2024,0.8863228055727066,dQ_HZ,0.00540402649574398,0.00545180747841126,0.0014978711692867112,0.008958036835865246
Second_80,75,80,ReRZV_1d,2024,0.8863228055727066,dQ_HZ_Norm,0.001593244169029013,0.0016186287855793344,4.274519010901973e-4,0.0026372471021200226
Second_80,75,80,ReRZV_1d,2024,0.8863228055727066,dQ_All,0.005613241417874825,0.005665660179695081,0.0015498510083713662,0.00928657606399423
Second_80,75,80,ReRZV_1d,2024,0.8863228055727066,dQ_HZ_d,0.004933518299846713,0.004977707082762319,0.0013154125056723278,0.00821345070617045
Second_80,75,80,ReRZV_1d,2024,0.8863228055727066,dQ_HZ_Norm_d,0.0014599790860158747,0.001483084508579741,3.783905959600688e-4,0.002428475554377336
Second_80,75,80,ReRZV_1d,2024,0.8863228055727066,dQ_Life_d,1.8031862066350773e-4,1.8182432540594907e-4,5.119404033644262e-5,2.9269718754038553e-4
Second_80,75,80,ReRZV_1d,2024,0.8863228055727066,dQ_All_d,0.005113836920510234,0.005168312405447902,0.0013677490508794943,0.008492820525055407
Second_80,75,80,ReRZV_1d,2024,0.8863228055727066,dC_Hosp,-11.040648290139668,-11.19344736333797,-18.181230477743075,-3.649423834241182
Second_80,75,80,ReRZV_1d,2024,0.8863228055727066,dC_GP_NonPHN,-3.852875653910873,-3.9045767941757816,-6.2716151251767736,-1.0191773584444592
Second_80,75,80,ReRZV_1d,2024,0.8863228055727066,dC_GP_PHN,-1.7181940359324626,-1.7428903978212507,-2.857923296001394,-0.4486270204891823
Second_80,75,80,ReRZV_1d,2024,0.8863228055727066,dC_GP,-5.571069689843336,-5.6458729606332625,-9.074630502359561,-1.4868057679527535
Second_80,75,80,ReRZV_1d,2024,0.8863228055727066,dC_Med,-16.611717979983005,-16.80896126876029,-26.792216371776977,-5.143272103444373
Second_80,75,80,ReRZV_1d,2024,0.8863228055727066,dC_VacZVL,0,0,0,0
Second_80,75,80,ReRZV_1d,2024,0.8863228055727066,dC_VacRZV,85,85,84.99999999999999,85.00000000000001
Second_80,75,80,ReRZV_1d,2024,0.8863228055727066,dC_Vac,85,85,84.99999999999999,85.00000000000001
Second_80,75,80,ReRZV_1d,2024,0.8863228055727066,dC_All,68.388282020017,68.1910387312397,58.207783628223034,79.85672789655563
Second_80,75,80,ReRZV_1d,2024,0.8863228055727066,dC_Hosp_d,-9.85603747912143,-9.97978458653755,-16.31037741583004,-3.163961882928479
Second_80,75,80,ReRZV_1d,2024,0.8863228055727066,dC_GP_NonPHN_d,-3.533669354682159,-3.5801355833451756,-5.784896292762247,-0.9075713172514803
Second_80,75,80,ReRZV_1d,2024,0.8863228055727066,dC_GP_PHN_d,-1.5794300263109973,-1.6004192945451228,-2.6442193066076722,-0.39670312618041037
Second_80,75,80,ReRZV_1d,2024,0.8863228055727066,dC_GP_d,-5.113099380993156,-5.180911798963793,-8.364634935040636,-1.3253703009441187
Second_80,75,80,ReRZV_1d,2024,0.8863228055727066,dC_Med_d,-14.969136860114585,-15.132337502708216,-24.26063930821192,-4.497440579682709
Second_80,75,80,ReRZV_1d,2024,0.8863228055727066,dC_VacZVL_d,0,0,0,0
Second_80,75,80,ReRZV_1d,2024,0.8863228055727066,dC_VacRZV_d,85,85,84.99999999999999,85.00000000000001
Second_80,75,80,ReRZV_1d,2024,0.8863228055727066,dC_Vac_d,85,85,84.99999999999999,85.00000000000001
Second_80,75,80,ReRZV_1d,2024,0.8863228055727066,dC_All_d,70.03086313988541,69.86766249729178,60.73936069178807,80.5025594203173
Second_80,75,80,ReRZV_1d,2024,0.8863228055727066,dN_VacZVL,0,0,0,0
Second_80,75,80,ReRZV_1d,2024,0.8863228055727066,dN_VacRZV,1,1,1,1
Second_80,75,80,ReRZV_1d,2024,0.8863228055727066,dN_VacZVL_d,0,0,0,0
Second_80,75,80,ReRZV_1d,2024,0.8863228055727066,dN_VacRZV_d,1,1,1,1
Second_80,75,80,ReRZV_1d,2024,0.8863228055727066,ICER,17810.86188119529,13491.60982417564,7182.013514397022,58737.15375819598
Second_80,75,80,ReRZV_1d,2024,0.8863228055727066,Price0,85,85,84.99999999999999,85.00000000000001
Second_80,75,80,ReRZV_1d,2024,0.8863228055727066,Thres20,117.24587527031927,118.6053887110848,32.02404916924004,193.88321964858284
Second_80,75,80,ReRZV_1d,2024,0.8863228055727066,Thres30,168.3842444754216,170.28317200288137,45.69479151590599,278.57964880112775
Second_80,75,80,ReRZV_1d,2024,0.8863228055727066,Thres20_50,NA,118.6053887110848,NA,NA
Second_80,75,80,ReRZV_1d,2024,0.8863228055727066,Thres30_90,NA,83.70247648222313,NA,NA
Second_80,75,80,ReRZV_1d,2024,0.8863228055727066,Thres,NA,83.70247648222313,NA,NA
Second_80,75,80,ReRZV_2d,2024,0.8863228055727066,N0,0.8863228055727066,0.8863228055727066,0.8863228055727066,0.8863228055727066
Second_80,75,80,ReRZV_2d,2024,0.8863228055727066,dYear_Life,3.8179673630520024e-4,3.8604805786455977e-4,1.855838400137397e-4,5.374996771178947e-4
Second_80,75,80,ReRZV_2d,2024,0.8863228055727066,dYear_Immunised,4.600600090401421,4.730353812402893,2.1651752841760983,6.298816081750638
Second_80,75,80,ReRZV_2d,2024,0.8863228055727066,dRisk_HZ,-0.050897586746581173,-0.05231049755964135,-0.06992621074389943,-0.023920131592716505
Second_80,75,80,ReRZV_2d,2024,0.8863228055727066,dRisk_Hosp,-0.0034933229199791103,-0.0035593106994473655,-0.0050314909016202485,-0.0017561376354698851
Second_80,75,80,ReRZV_2d,2024,0.8863228055727066,dRisk_PHN,-0.00458451793431801,-0.0046975399991797204,-0.006479325925522091,-0.0021216641788931656
Second_80,75,80,ReRZV_2d,2024,0.8863228055727066,dRisk_Death,-8.400153856118744e-5,-8.468750013558465e-5,-1.1817682477787566e-4,-4.273789546060292e-5
Second_80,75,80,ReRZV_2d,2024,0.8863228055727066,dQ_Life,2.578672184534478e-4,2.6077403641847985e-4,1.246214601437802e-4,3.6294069520086445e-4
Second_80,75,80,ReRZV_2d,2024,0.8863228055727066,dQ_HZ,0.006543116642203375,0.006666680353925109,0.0030918479385530578,0.009359658350639623
Second_80,75,80,ReRZV_2d,2024,0.8863228055727066,dQ_HZ_Norm,0.0019324442170588721,0.0019720031050194592,8.985790804641256e-4,0.002737327047714668
Second_80,75,80,ReRZV_2d,2024,0.8863228055727066,dQ_All,0.006795268409967292,0.006924104654296612,0.003223739268653079,0.009696018394634168
Second_80,75,80,ReRZV_2d,2024,0.8863228055727066,dQ_HZ_d,0.005984311652188224,0.006099749246221305,0.002784222929793406,0.008568728850708763
Second_80,75,80,ReRZV_2d,2024,0.8863228055727066,dQ_HZ_Norm_d,0.001774017885504714,0.0018134485772551697,8.15729372577618e-4,0.002518615601685716
Second_80,75,80,ReRZV_2d,2024,0.8863228055727066,dQ_Life_d,2.1745775227088448e-4,2.2015778485627436e-4,1.0426982053433842e-4,3.06699639447096e-4
Second_80,75,80,ReRZV_2d,2024,0.8863228055727066,dQ_All_d,0.006201769404459121,0.006326908768396243,0.0029059070330983506,0.00886122581397176
Second_80,75,80,ReRZV_2d,2024,0.8863228055727066,dC_Hosp,-13.24431622344889,-13.43118227101057,-19.110698946984005,-6.747780772503541
Second_80,75,80,ReRZV_2d,2024,0.8863228055727066,dC_GP_NonPHN,-4.675161792676496,-4.802879044990001,-6.439741679112426,-2.171854502061441
Second_80,75,80,ReRZV_2d,2024,0.8863228055727066,dC_GP_PHN,-2.085400286755642,-2.1432367942521076,-2.954299249905476,-0.9662730536102344
Second_80,75,80,ReRZV_2d,2024,0.8863228055727066,dC_GP,-6.760562079432138,-6.964746590344073,-9.339864608794826,-3.186882199054198
Second_80,75,80,ReRZV_2d,2024,0.8863228055727066,dC_Med,-20.004878302881025,-20.499740265129297,-28.060946582870567,-10.072181735249865
Second_80,75,80,ReRZV_2d,2024,0.8863228055727066,dC_VacZVL,0,0,0,0
Second_80,75,80,ReRZV_2d,2024,0.8863228055727066,dC_VacRZV,170,170,169.99999999999997,170.00000000000003
Second_80,75,80,ReRZV_2d,2024,0.8863228055727066,dC_Vac,170,170,169.99999999999997,170.00000000000003
Second_80,75,80,ReRZV_2d,2024,0.8863228055727066,dC_All,149.99512169711898,149.50025973487067,141.93905341712943,159.9278182647501
Second_80,75,80,ReRZV_2d,2024,0.8863228055727066,dC_Hosp_d,-11.843299480172652,-12.027106155991067,-17.1641112085321,-5.932106343399514
Second_80,75,80,ReRZV_2d,2024,0.8863228055727066,dC_GP_NonPHN_d,-4.295563970021524,-4.417284255975423,-5.935230952426656,-1.9767943944101103
Second_80,75,80,ReRZV_2d,2024,0.8863228055727066,dC_GP_PHN_d,-1.9203309257831043,-1.9762935690230121,-2.7278813527845633,-0.8781484878858646
Second_80,75,80,ReRZV_2d,2024,0.8863228055727066,dC_GP_d,-6.215894895804628,-6.401030539705614,-8.611281784204241,-2.8954977394462293
Second_80,75,80,ReRZV_2d,2024,0.8863228055727066,dC_Med_d,-18.05919437597728,-18.490619482988404,-25.413810820408937,-8.969428679947617
Second_80,75,80,ReRZV_2d,2024,0.8863228055727066,dC_VacZVL_d,0,0,0,0
Second_80,75,80,ReRZV_2d,2024,0.8863228055727066,dC_VacRZV_d,170,170,169.99999999999997,170.00000000000003
Second_80,75,80,ReRZV_2d,2024,0.8863228055727066,dC_Vac_d,170,170,169.99999999999997,170.00000000000003
Second_80,75,80,ReRZV_2d,2024,0.8863228055727066,dC_All_d,151.94080562402272,151.5093805170116,144.5861891795911,161.0305713200524
Second_80,75,80,ReRZV_2d,2024,0.8863228055727066,dN_VacZVL,0,0,0,0
Second_80,75,80,ReRZV_2d,2024,0.8863228055727066,dN_VacRZV,2,2,2,2
Second_80,75,80,ReRZV_2d,2024,0.8863228055727066,dN_VacZVL_d,0,0,0,0
Second_80,75,80,ReRZV_2d,2024,0.8863228055727066,dN_VacRZV_d,2,2,2,2
Second_80,75,80,ReRZV_2d,2024,0.8863228055727066,ICER,26785.829614870723,24015.194627186665,16474.80594090375,55071.922764087845
Second_80,75,80,ReRZV_2d,2024,0.8863228055727066,Price0,85,85,84.99999999999999,85.00000000000001
Second_80,75,80,ReRZV_2d,2024,0.8863228055727066,Thres20,71.04729123257985,72.36358687394915,34.04231170586945,100.47763939940992
Second_80,75,80,ReRZV_2d,2024,0.8863228055727066,Thres30,102.05613825487546,103.88675687254175,48.5718468713612,144.5292943248707
Second_80,75,80,ReRZV_2d,2024,0.8863228055727066,Thres20_50,NA,72.36358687394915,NA,NA
Second_80,75,80,ReRZV_2d,2024,0.8863228055727066,Thres30_90,NA,68.23036407946931,NA,NA
Second_80,75,80,ReRZV_2d,2024,0.8863228055727066,Thres,NA,68.23036407946931,NA,NA
Second_81,70,81,ReRZV_1d,2024,0.7763482778040065,N0,0.7763482778040065,0.7763482778040065,0.7763482778040065,0.7763482778040065
Second_81,70,81,ReRZV_1d,2024,0.7763482778040065,dYear_Life,3.743108348749793e-4,3.772239718461805e-4,1.50915760606608e-4,5.7093148717948e-4
Second_81,70,81,ReRZV_1d,2024,0.7763482778040065,dYear_Immunised,4.389236166044703,4.444233631714166,1.769509212152748,6.553090735305824
Second_81,70,81,ReRZV_1d,2024,0.7763482778040065,dRisk_HZ,-0.05578742910862271,-0.05652690752434292,-0.0836530452008291,-0.022440730790781488
Second_81,70,81,ReRZV_1d,2024,0.7763482778040065,dRisk_Hosp,-0.0039190771869137215,-0.003955301814207274,-0.006105098150263849,-0.0016690380236433538
Second_81,70,81,ReRZV_1d,2024,0.7763482778040065,dRisk_PHN,-0.005041100597612135,-0.005089958803915523,-0.007744581411201939,-0.0019909006764496006
Second_81,70,81,ReRZV_1d,2024,0.7763482778040065,dRisk_Death,-9.500190189652252e-5,-9.534563800205103e-5,-1.4432462401085252e-4,-3.982958909082189e-5
Second_81,70,81,ReRZV_1d,2024,0.7763482778040065,dQ_Life,2.5264407378809266e-4,2.5462091587960436e-4,1.0128567442210962e-4,3.8596124764984875e-4
Second_81,70,81,ReRZV_1d,2024,0.7763482778040065,dQ_HZ,0.006272534642867708,0.006297241570641316,0.002512468358345798,0.009704360833318531
Second_81,70,81,ReRZV_1d,2024,0.7763482778040065,dQ_HZ_Norm,0.001843813296409548,0.0018610932276133538,7.341458430918992e-4,0.0028477275384540396
Second_81,70,81,ReRZV_1d,2024,0.7763482778040065,dQ_All,0.006519609856280667,0.006543099909207633,0.0026256587098651947,0.01008877437988564
Second_81,70,81,ReRZV_1d,2024,0.7763482778040065,dQ_HZ_d,0.0057959736290460915,0.0058157690200840734,0.0023017364632396124,0.00898053040042734
Second_81,70,81,ReRZV_1d,2024,0.7763482778040065,dQ_HZ_Norm_d,0.001709307519937695,0.0017243165804184143,6.754832374258633e-4,0.002641640436815412
Second_81,70,81,ReRZV_1d,2024,0.7763482778040065,dQ_Life_d,2.1585001427201932e-4,2.1763772428716775e-4,8.5899809061348e-5,3.299873455088554e-4
Second_81,70,81,ReRZV_1d,2024,0.7763482778040065,dQ_All_d,0.006011823643318092,0.006040625348516552,0.0024009853009806154,0.009321553969127625
Second_81,70,81,ReRZV_1d,2024,0.7763482778040065,dC_Hosp,-12.972191215757787,-13.081163818267118,-20.216763014573786,-5.405263657639382
Second_81,70,81,ReRZV_1d,2024,0.7763482778040065,dC_GP_NonPHN,-4.457067137394021,-4.501686834549128,-6.723942563158127,-1.780259833721842
Second_81,70,81,ReRZV_1d,2024,0.7763482778040065,dC_GP_PHN,-1.9952284892960952,-2.0164768948720666,-3.071946174654198,-0.7780933438400445
Second_81,70,81,ReRZV_1d,2024,0.7763482778040065,dC_GP,-6.452295626690116,-6.503486803082453,-9.726818935886648,-2.553153784717204
Second_81,70,81,ReRZV_1d,2024,0.7763482778040065,dC_Med,-19.424486842447905,-19.661786544565526,-29.566107042365168,-8.1658758355014
Second_81,70,81,ReRZV_1d,2024,0.7763482778040065,dC_VacZVL,0,0,0,0
Second_81,70,81,ReRZV_1d,2024,0.7763482778040065,dC_VacRZV,85,85,84.99999999999999,85.00000000000001
Second_81,70,81,ReRZV_1d,2024,0.7763482778040065,dC_Vac,85,85,84.99999999999999,85.00000000000001
Second_81,70,81,ReRZV_1d,2024,0.7763482778040065,dC_All,65.5755131575521,65.33821345543447,55.43389295763483,76.8341241644986
Second_81,70,81,ReRZV_1d,2024,0.7763482778040065,dC_Hosp_d,-11.752991951919677,-11.837688054163817,-18.40972914964479,-4.864518835995823
Second_81,70,81,ReRZV_1d,2024,0.7763482778040065,dC_GP_NonPHN_d,-4.135147618655414,-4.172731007413438,-6.249473947890626,-1.638710761454954
Second_81,70,81,ReRZV_1d,2024,0.7763482778040065,dC_GP_PHN_d,-1.855615530981846,-1.8746867528977331,-2.865392842572243,-0.7150721534748636
Second_81,70,81,ReRZV_1d,2024,0.7763482778040065,dC_GP_d,-5.99076314963726,-6.052840495795337,-9.045328422426373,-2.341724379004819
Second_81,70,81,ReRZV_1d,2024,0.7763482778040065,dC_Med_d,-17.743755101556935,-17.947473229527155,-27.03259828668044,-7.355227417239031
Second_81,70,81,ReRZV_1d,2024,0.7763482778040065,dC_VacZVL_d,0,0,0,0
Second_81,70,81,ReRZV_1d,2024,0.7763482778040065,dC_VacRZV_d,85,85,84.99999999999999,85.00000000000001
Second_81,70,81,ReRZV_1d,2024,0.7763482778040065,dC_Vac_d,85,85,84.99999999999999,85.00000000000001
Second_81,70,81,ReRZV_1d,2024,0.7763482778040065,dC_All_d,67.25624489844306,67.05252677047285,57.967401713319546,77.64477258276096
Second_81,70,81,ReRZV_1d,2024,0.7763482778040065,dN_VacZVL,0,0,0,0
Second_81,70,81,ReRZV_1d,2024,0.7763482778040065,dN_VacRZV,1,1,1,1
Second_81,70,81,ReRZV_1d,2024,0.7763482778040065,dN_VacZVL_d,0,0,0,0
Second_81,70,81,ReRZV_1d,2024,0.7763482778040065,dN_VacRZV_d,1,1,1,1
Second_81,70,81,ReRZV_1d,2024,0.7763482778040065,ICER,13042.710166993182,11104.632969905058,6326.036679618795,31967.083600299902
Second_81,70,81,ReRZV_1d,2024,0.7763482778040065,Price0,85,85,84.99999999999999,85.00000000000001
Second_81,70,81,ReRZV_1d,2024,0.7763482778040065,Thres20,137.98022796791878,138.76134535310797,56.101885998805884,211.64014599648718
Second_81,70,81,ReRZV_1d,2024,0.7763482778040065,Thres30,198.09846440109968,199.02455853810437,80.25000877057263,304.6779150422774
Second_81,70,81,ReRZV_1d,2024,0.7763482778040065,Thres20_50,NA,138.76134535310797,NA,NA
Second_81,70,81,ReRZV_1d,2024,0.7763482778040065,Thres30_90,NA,116.23018986752498,NA,NA
Second_81,70,81,ReRZV_1d,2024,0.7763482778040065,Thres,NA,116.23018986752498,NA,NA
Second_81,70,81,ReRZV_2d,2024,0.7763482778040065,N0,0.7763482778040065,0.7763482778040065,0.7763482778040065,0.7763482778040065
Second_81,70,81,ReRZV_2d,2024,0.7763482778040065,dYear_Life,4.382240485528703e-4,4.433614683882476e-4,2.389172888602321e-4,5.96781377554488e-4
Second_81,70,81,ReRZV_2d,2024,0.7763482778040065,dYear_Immunised,5.1474271442115205,5.263754519488728,2.851387523013902,6.735027343371561
Second_81,70,81,ReRZV_2d,2024,0.7763482778040065,dRisk_HZ,-0.06543144231344132,-0.067091162723611375,-0.0860915894169904,-0.03612124500026629
Second_81,70,81,ReRZV_2d,2024,0.7763482778040065,dRisk_Hosp,-0.004584965457650814,-0.00463577407795567,-0.006407101693779289,-0.0025789055629725902
Second_81,70,81,ReRZV_2d,2024,0.7763482778040065,dRisk_PHN,-0.005911970874969227,-0.0060265141483084915,-0.007983854889171265,-0.0032339729884354714
Second_81,70,81,ReRZV_2d,2024,0.7763482778040065,dRisk_Death,-1.1097893627011364e-4,-1.1190578611416878e-4,-1.5146205192901566e-4,-6.190857780106837e-5
Second_81,70,81,ReRZV_2d,2024,0.7763482778040065,dQ_Life,2.9584476565852104e-4,2.994349057191714e-4,1.6088004994119242e-4,4.029032750574667e-4
Second_81,70,81,ReRZV_2d,2024,0.7763482778040065,dQ_HZ,0.007353657491082034,0.007464197581377177,0.003987961155971411,0.01010626469927103
Second_81,70,81,ReRZV_2d,2024,0.7763482778040065,dQ_HZ_Norm,0.0021627224037613015,0.002198883423259625,0.0011551456698679775,0.0029521875212580205
Second_81,70,81,ReRZV_2d,2024,0.7763482778040065,dQ_All,0.00764302301592823,0.007764756702523697,0.0041753224804612745,0.01047802116264577
Second_81,70,81,ReRZV_2d,2024,0.7763482778040065,dQ_HZ_d,0.006798224227740623,0.006901767776329631,0.0036739668606060464,0.009349687963234604
Second_81,70,81,ReRZV_2d,2024,0.7763482778040065,dQ_HZ_Norm_d,0.0020059025419032423,0.0020422999294086256,0.0010677109968384713,0.002741712744663441
Second_81,70,81,ReRZV_2d,2024,0.7763482778040065,dQ_Life_d,2.528344410875443e-4,2.5591111422980015e-4,1.3738620375962712e-4,3.4378260802828543e-4
Second_81,70,81,ReRZV_2d,2024,0.7763482778040065,dQ_All_d,0.0070510586688281715,0.007168138739617142,0.003834158135173126,0.009665067055133626
Second_81,70,81,ReRZV_2d,2024,0.7763482778040065,dC_Hosp,-15.171219826368352,-15.341411452604989,-21.14473103468143,-8.48877221353627
Second_81,70,81,ReRZV_2d,2024,0.7763482778040065,dC_GP_NonPHN,-5.2288500812899565,-5.35148884814763,-6.895441755617977,-2.8587016147933992
Second_81,70,81,ReRZV_2d,2024,0.7763482778040065,dC_GP_PHN,-2.3404069080882746,-2.3898706190679144,-3.1751148017980944,-1.2807613163840599
Second_81,70,81,ReRZV_2d,2024,0.7763482778040065,dC_GP,-7.569256989378231,-7.775095647094175,-9.98114712506807,-4.168826277632062
Second_81,70,81,ReRZV_2d,2024,0.7763482778040065,dC_Med,-22.740476815746582,-23.16390777722356,-30.72553188425761,-12.88238264724829
Second_81,70,81,ReRZV_2d,2024,0.7763482778040065,dC_VacZVL,0,0,0,0
Second_81,70,81,ReRZV_2d,2024,0.7763482778040065,dC_VacRZV,170,170,169.99999999999997,170.00000000000003
Second_81,70,81,ReRZV_2d,2024,0.7763482778040065,dC_Vac,170,170,169.99999999999997,170.00000000000003
Second_81,70,81,ReRZV_2d,2024,0.7763482778040065,dC_All,147.25952318425342,146.83609222277641,139.2744681157424,157.11761735275172
Second_81,70,81,ReRZV_2d,2024,0.7763482778040065,dC_Hosp_d,-13.751988498305906,-13.896742487860534,-19.19082941096774,-7.638849157870008
Second_81,70,81,ReRZV_2d,2024,0.7763482778040065,dC_GP_NonPHN_d,-4.853467912538115,-4.971729929980347,-6.416295154552478,-2.6467013865101845
Second_81,70,81,ReRZV_2d,2024,0.7763482778040065,dC_GP_PHN_d,-2.177640844484233,-2.2236416986648058,-2.9627016214050914,-1.1871984050834685
Second_81,70,81,ReRZV_2d,2024,0.7763482778040065,dC_GP_d,-7.031108757022348,-7.222728933987836,-9.289333239044074,-3.8457459588565603
Second_81,70,81,ReRZV_2d,2024,0.7763482778040065,dC_Med_d,-20.783097255328254,-21.16075084923965,-28.116947226181146,-11.728056575527754
Second_81,70,81,ReRZV_2d,2024,0.7763482778040065,dC_VacZVL_d,0,0,0,0
Second_81,70,81,ReRZV_2d,2024,0.7763482778040065,dC_VacRZV_d,170,170,169.99999999999997,170.00000000000003
Second_81,70,81,ReRZV_2d,2024,0.7763482778040065,dC_Vac_d,170,170,169.99999999999997,170.00000000000003
Second_81,70,81,ReRZV_2d,2024,0.7763482778040065,dC_All_d,149.21690274467176,148.83924915076034,141.88305277381886,158.27194342447225
Second_81,70,81,ReRZV_2d,2024,0.7763482778040065,dN_VacZVL,0,0,0,0
Second_81,70,81,ReRZV_2d,2024,0.7763482778040065,dN_VacRZV,2,2,2,2
Second_81,70,81,ReRZV_2d,2024,0.7763482778040065,dN_VacZVL_d,0,0,0,0
Second_81,70,81,ReRZV_2d,2024,0.7763482778040065,dN_VacRZV_d,2,2,2,2
Second_81,70,81,ReRZV_2d,2024,0.7763482778040065,ICER,22502.614089490562,20784.482752136377,14798.27450060599,41258.68012256433
Second_81,70,81,ReRZV_2d,2024,0.7763482778040065,Price0,85,85,84.99999999999999,85.00000000000001
Second_81,70,81,ReRZV_2d,2024,0.7763482778040065,Thres20,80.90213531594584,82.20685116690285,44.455378844627695,110.07743364117009
Second_81,70,81,ReRZV_2d,2024,0.7763482778040065,Thres30,116.1574286600867,117.9907059913836,63.52773066753493,158.512142344594
Second_81,70,81,ReRZV_2d,2024,0.7763482778040065,Thres20_50,NA,82.20685116690285,NA,NA
Second_81,70,81,ReRZV_2d,2024,0.7763482778040065,Thres30_90,NA,83.18995589564261,NA,NA
Second_81,70,81,ReRZV_2d,2024,0.7763482778040065,Thres,NA,82.20685116690285,NA,NA
Second_81,75,81,ReRZV_1d,2024,0.8518291377865308,N0,0.8518291377865308,0.8518291377865308,0.8518291377865308,0.8518291377865308
Second_81,75,81,ReRZV_1d,2024,0.8518291377865308,dYear_Life,3.237459402458177e-4,3.265040073014969e-4,1.0004004543644838e-4,5.194911411990734e-4
Second_81,75,81,ReRZV_1d,2024,0.8518291377865308,dYear_Immunised,3.7379165741722202,3.794577399291802,1.1230675822045526,5.90015186265939
Second_81,75,81,ReRZV_1d,2024,0.8518291377865308,dRisk_HZ,-0.04323299825598773,-0.04390223463997381,-0.06876788853922348,-0.012925179867638288
Second_81,75,81,ReRZV_1d,2024,0.8518291377865308,dRisk_Hosp,-0.0031132768403107198,-0.0031430430021138693,-0.005078299022463247,-0.0010472671761306525
Second_81,75,81,ReRZV_1d,2024,0.8518291377865308,dRisk_PHN,-0.003896893214233436,-0.003934088555539076,-0.0063272789974864125,-0.0011278214142256173
Second_81,75,81,ReRZV_1d,2024,0.8518291377865308,dRisk_Death,-7.656068124414273e-5,-7.707351951540646e-5,-1.2138371501379133e-4,-2.636112973321031e-5
Second_81,75,81,ReRZV_1d,2024,0.8518291377865308,dQ_Life,2.180505679881883e-4,2.2026337171587813e-4,6.672840821971113e-5,3.5012166026376077e-4
Second_81,75,81,ReRZV_1d,2024,0.8518291377865308,dQ_HZ,0.005351050875268142,0.005381409579885801,0.0016286448073035875,0.008754601873007722
Second_81,75,81,ReRZV_1d,2024,0.8518291377865308,dQ_HZ_Norm,0.0015661536335101027,0.00158707346002286,4.620736092627553e-4,0.002550666141542377
Second_81,75,81,ReRZV_1d,2024,0.8518291377865308,dQ_All,0.005563973164416516,0.005599613275662415,0.0016957170311644046,0.009106735643663185
Second_81,75,81,ReRZV_1d,2024,0.8518291377865308,dQ_HZ_d,0.0049202290393017285,0.004948715173422285,0.0014628212004797214,0.008082270140850292
Second_81,75,81,ReRZV_1d,2024,0.8518291377865308,dQ_HZ_Norm_d,0.0014448624782598953,0.0014669488307037164,4.157304255041998e-4,0.002362862281849889
Second_81,75,81,ReRZV_1d,2024,0.8518291377865308,dQ_Life_d,1.857397390137675e-4,1.8765196191798783e-4,5.5962264502350615e-5,2.9862727009814e-4
Second_81,75,81,ReRZV_1d,2024,0.8518291377865308,dQ_All_d,0.005105968778315496,0.005139577588619066,0.001519931297497541,0.008403811841845635
Second_81,75,81,ReRZV_1d,2024,0.8518291377865308,dC_Hosp,-11.344491316497216,-11.483897987625884,-18.442246980522025,-3.8860680869764463
Second_81,75,81,ReRZV_1d,2024,0.8518291377865308,dC_GP_NonPHN,-3.7821070025019057,-3.8308762916413057,-6.0264522425493885,-1.1146844358596748
Second_81,75,81,ReRZV_1d,2024,0.8518291377865308,dC_GP_PHN,-1.6886997383007836,-1.707488822083989,-2.746913248796122,-0.4739791931690117
Second_81,75,81,ReRZV_1d,2024,0.8518291377865308,dC_GP,-5.470806740802689,-5.542921181632487,-8.720953802531099,-1.6061040245238154
Second_81,75,81,ReRZV_1d,2024,0.8518291377865308,dC_Med,-16.815298057299906,-17.026125598002594,-26.853869820731912,-5.532463853953994
Second_81,75,81,ReRZV_1d,2024,0.8518291377865308,dC_VacZVL,0,0,0,0
Second_81,75,81,ReRZV_1d,2024,0.8518291377865308,dC_VacRZV,85,85,84.99999999999999,85.00000000000001
Second_81,75,81,ReRZV_1d,2024,0.8518291377865308,dC_Vac,85,85,84.99999999999999,85.00000000000001
Second_81,75,81,ReRZV_1d,2024,0.8518291377865308,dC_All,68.1847019427001,67.97387440199739,58.146130179268084,79.46753614604602
Second_81,75,81,ReRZV_1d,2024,0.8518291377865308,dC_Hosp_d,-10.229068557289333,-10.332790946089975,-16.69600500340136,-3.40461151093497
Second_81,75,81,ReRZV_1d,2024,0.8518291377865308,dC_GP_NonPHN_d,-3.4920287447388323,-3.5394098051234906,-5.578426109775019,-1.0083718222748752
Second_81,75,81,ReRZV_1d,2024,0.8518291377865308,dC_GP_PHN_d,-1.5632341101802252,-1.5810783543610725,-2.551769126559407,-0.4270172945539491
Second_81,75,81,ReRZV_1d,2024,0.8518291377865308,dC_GP_d,-5.055262854919057,-5.117548879663809,-8.085843078891969,-1.4417614755157577
Second_81,75,81,ReRZV_1d,2024,0.8518291377865308,dC_Med_d,-15.28433141220839,-15.4656879424302,-24.483859963575423,-4.928941836546539
Second_81,75,81,ReRZV_1d,2024,0.8518291377865308,dC_VacZVL_d,0,0,0,0
Second_81,75,81,ReRZV_1d,2024,0.8518291377865308,dC_VacRZV_d,85,85,84.99999999999999,85.00000000000001
Second_81,75,81,ReRZV_1d,2024,0.8518291377865308,dC_Vac_d,85,85,84.99999999999999,85.00000000000001
Second_81,75,81,ReRZV_1d,2024,0.8518291377865308,dC_All_d,69.71566858779161,69.5343120575698,60.51614003642459,80.07105816345344
Second_81,75,81,ReRZV_1d,2024,0.8518291377865308,dN_VacZVL,0,0,0,0
Second_81,75,81,ReRZV_1d,2024,0.8518291377865308,dN_VacRZV,1,1,1,1
Second_81,75,81,ReRZV_1d,2024,0.8518291377865308,dN_VacZVL_d,0,0,0,0
Second_81,75,81,ReRZV_1d,2024,0.8518291377865308,dN_VacRZV_d,1,1,1,1
Second_81,75,81,ReRZV_1d,2024,0.8518291377865308,ICER,17295.952676748784,13462.06922989768,7297.483221605201,52608.081999704365
Second_81,75,81,ReRZV_1d,2024,0.8518291377865308,Price0,85,85,84.99999999999999,85.00000000000001
Second_81,75,81,ReRZV_1d,2024,0.8518291377865308,Thres20,117.40370697851831,118.69471619772384,35.55805848781147,191.13225754176844
Second_81,75,81,ReRZV_1d,2024,0.8518291377865308,Thres30,168.46339476167327,169.9945657643751,50.753974814458175,274.93996499052815
Second_81,75,81,ReRZV_1d,2024,0.8518291377865308,Thres20_50,NA,118.69471619772384,NA,NA
Second_81,75,81,ReRZV_1d,2024,0.8518291377865308,Thres30_90,NA,87.53820764907928,NA,NA
Second_81,75,81,ReRZV_1d,2024,0.8518291377865308,Thres,NA,87.53820764907928,NA,NA
Second_81,75,81,ReRZV_2d,2024,0.8518291377865308,N0,0.8518291377865308,0.8518291377865308,0.8518291377865308,0.8518291377865308
Second_81,75,81,ReRZV_2d,2024,0.8518291377865308,dYear_Life,3.8763000172709446e-4,3.9229374497883686e-4,1.907922501860971e-4,5.441948784405089e-4
Second_81,75,81,ReRZV_2d,2024,0.8518291377865308,dYear_Immunised,4.495589180465174,4.62512344471174,2.1958346339100667,6.094521167168627
Second_81,75,81,ReRZV_2d,2024,0.8518291377865308,dRisk_HZ,-0.05201645290784893,-0.053486539797607764,-0.0706803940918984,-0.025291584959617527
Second_81,75,81,ReRZV_2d,2024,0.8518291377865308,dRisk_Hosp,-0.0037198844139615006,-0.0037740858554783136,-0.005333394484915634,-0.001913545700485661
Second_81,75,81,ReRZV_2d,2024,0.8518291377865308,dRisk_PHN,-0.00469005881353386,-0.004800971352251729,-0.006544565478696401,-0.002264311954199453
Second_81,75,81,ReRZV_2d,2024,0.8518291377865308,dRisk_Death,-9.111774712815741e-5,-9.184261283482169e-5,-1.2742412086180709e-4,-4.685934708637622e-5
Second_81,75,81,ReRZV_2d,2024,0.8518291377865308,dQ_Life,2.612308545989147e-4,2.6473670867207264e-4,1.2792661694518802e-4,3.667404047572743e-4
Second_81,75,81,ReRZV_2d,2024,0.8518291377865308,dQ_HZ,0.006431467346630939,0.006544989518736773,0.0031034440276001035,0.009098802934949128
Second_81,75,81,ReRZV_2d,2024,0.8518291377865308,dQ_HZ_Norm,0.0018848427224675268,0.0019269524093946454,9.058758548546298e-4,0.0026522498249213623
Second_81,75,81,ReRZV_2d,2024,0.8518291377865308,dQ_All,0.006686659638934033,0.00680909168056768,0.0032488717949212265,0.00947487452288074
Second_81,75,81,ReRZV_2d,2024,0.8518291377865308,dQ_HZ_d,0.005921775747284636,0.006027718469706424,0.002830277414595167,0.008383936660703861
Second_81,75,81,ReRZV_2d,2024,0.8518291377865308,dQ_HZ_Norm_d,0.0017412382461987987,0.0017801882254881206,8.32757181691362e-4,0.002451812251566404
Second_81,75,81,ReRZV_2d,2024,0.8518291377865308,dQ_Life_d,2.2270566970618015e-4,2.2550746614889879e-4,1.0862918782271763e-4,3.1226480903455677e-4
Second_81,75,81,ReRZV_2d,2024,0.8518291377865308,dQ_All_d,0.006144481416990815,0.006255069439306125,0.0029567179228006386,0.008708514827506274
Second_81,75,81,ReRZV_2d,2024,0.8518291377865308,dC_Hosp,-13.54259719752508,-13.695622557991907,-19.33640723265772,-6.968962858691706
Second_81,75,81,ReRZV_2d,2024,0.8518291377865308,dC_GP_NonPHN,-4.553348529130607,-4.684568606109014,-6.204709794423347,-2.193664253109044
Second_81,75,81,ReRZV_2d,2024,0.8518291377865308,dC_GP_PHN,-2.0336457918620896,-2.0869931606528516,-2.8574076241913415,-0.9779917684520255
Second_81,75,81,ReRZV_2d,2024,0.8518291377865308,dC_GP,-6.586994320992696,-6.797759467084401,-9.021212008170785,-3.203804351043552
Second_81,75,81,ReRZV_2d,2024,0.8518291377865308,dC_Med,-20.129591518517774,-20.557615107058588,-27.999925056135584,-10.316771866136076
Second_81,75,81,ReRZV_2d,2024,0.8518291377865308,dC_VacZVL,0,0,0,0
Second_81,75,81,ReRZV_2d,2024,0.8518291377865308,dC_VacRZV,170,170,169.99999999999997,170.00000000000003
Second_81,75,81,ReRZV_2d,2024,0.8518291377865308,dC_Vac,170,170,169.99999999999997,170.00000000000003
Second_81,75,81,ReRZV_2d,2024,0.8518291377865308,dC_All,149.87040848148223,149.44238489294145,142.0000749438644,159.68322813386393
Second_81,75,81,ReRZV_2d,2024,0.8518291377865308,dC_Hosp_d,-12.227145893930128,-12.37633515433024,-17.489735198179268,-6.247009951218398
Second_81,75,81,ReRZV_2d,2024,0.8518291377865308,dC_GP_NonPHN_d,-4.209809473330488,-4.326210054467506,-5.756664058255721,-2.012240239371481
Second_81,75,81,ReRZV_2d,2024,0.8518291377865308,dC_GP_PHN_d,-1.8850278541091434,-1.9336656877241596,-2.6590509156064273,-0.8970325241112844
Second_81,75,81,ReRZV_2d,2024,0.8518291377865308,dC_GP_d,-6.094837327439631,-6.28661445478126,-8.363154307686186,-2.949311150642479
Second_81,75,81,ReRZV_2d,2024,0.8518291377865308,dC_Med_d,-18.32198322136976,-18.694192622281328,-25.5609367283634,-9.31609054589729
Second_81,75,81,ReRZV_2d,2024,0.8518291377865308,dC_VacZVL_d,0,0,0,0
Second_81,75,81,ReRZV_2d,2024,0.8518291377865308,dC_VacRZV_d,170,170,169.99999999999997,170.00000000000003
Second_81,75,81,ReRZV_2d,2024,0.8518291377865308,dC_Vac_d,170,170,169.99999999999997,170.00000000000003
Second_81,75,81,ReRZV_2d,2024,0.8518291377865308,dC_All_d,151.67801677863025,151.30580737771868,144.43906327163657,160.68390945410272
Second_81,75,81,ReRZV_2d,2024,0.8518291377865308,dN_VacZVL,0,0,0,0
Second_81,75,81,ReRZV_2d,2024,0.8518291377865308,dN_VacRZV,2,2,2,2
Second_81,75,81,ReRZV_2d,2024,0.8518291377865308,dN_VacZVL_d,0,0,0,0
Second_81,75,81,ReRZV_2d,2024,0.8518291377865308,dN_VacRZV_d,2,2,2,2
Second_81,75,81,ReRZV_2d,2024,0.8518291377865308,ICER,26813.616163516268,24189.714066641587,16762.82279071907,54017.918883146056
Second_81,75,81,ReRZV_2d,2024,0.8518291377865308,Price0,85,85,84.99999999999999,85.00000000000001
Second_81,75,81,ReRZV_2d,2024,0.8518291377865308,Thres20,70.60580578059303,71.92303632607442,34.71448352438491,98.95669305833331
Second_81,75,81,ReRZV_2d,2024,0.8518291377865308,Thres30,101.32821286554712,103.16657278050798,49.49675151636295,142.76486327780532
Second_81,75,81,ReRZV_2d,2024,0.8518291377865308,Thres20_50,NA,71.92303632607442,NA,NA
Second_81,75,81,ReRZV_2d,2024,0.8518291377865308,Thres30_90,NA,68.68764491373702,NA,NA
Second_81,75,81,ReRZV_2d,2024,0.8518291377865308,Thres,NA,68.68764491373702,NA,NA
Second_82,70,82,ReRZV_1d,2024,0.7424130916630741,N0,0.7424130916630741,0.7424130916630741,0.7424130916630741,0.7424130916630741
Second_82,70,82,ReRZV_1d,2024,0.7424130916630741,dYear_Life,3.7336323686829227e-4,3.7626536178867603e-4,1.5186827599134115e-4,5.688212741410966e-4
Second_82,70,82,ReRZV_1d,2024,0.7424130916630741,dYear_Immunised,4.19246560237794,4.248943559950812,1.7365438181786073,6.223812360679925
Second_82,70,82,ReRZV_1d,2024,0.7424130916630741,dRisk_HZ,-0.05598697369366877,-0.05679712355564623,-0.08346937974859012,-0.023029044973805774
Second_82,70,82,ReRZV_1d,2024,0.7424130916630741,dRisk_Hosp,-0.004125914721661774,-0.004142808039120674,-0.006407064792540133,-0.001767829585081254
Second_82,70,82,ReRZV_1d,2024,0.7424130916630741,dRisk_PHN,-0.005047409110805584,-0.005089513330970555,-0.007723274385427753,-0.0020380672652664964
Second_82,70,82,ReRZV_1d,2024,0.7424130916630741,dRisk_Death,-1.0250828295048009e-4,-1.0302301194278985e-4,-1.5587583224612998e-4,-4.343884244709771e-5
Second_82,70,82,ReRZV_1d,2024,0.7424130916630741,dQ_Life,2.512861793483596e-4,2.5324395954686915e-4,1.0179959594115515e-4,3.828990538459164e-4
Second_82,70,82,ReRZV_1d,2024,0.7424130916630741,dQ_HZ,0.0060255955443753225,0.006052217498248163,0.002456666097126176,0.009295045076083345
Second_82,70,82,ReRZV_1d,2024,0.7424130916630741,dQ_HZ_Norm,0.0017555316850912843,0.001771389854326595,7.09465441980234e-4,0.0027005554022906655
Second_82,70,82,ReRZV_1d,2024,0.7424130916630741,dQ_All,0.0062710070174471595,0.006303439865926089,0.002564221636616212,0.009642977022251984
Second_82,70,82,ReRZV_1d,2024,0.7424130916630741,dQ_HZ_d,0.005597391085091017,0.0056220133026578965,0.0022572926002894828,0.00863791368342429
Second_82,70,82,ReRZV_1d,2024,0.7424130916630741,dQ_HZ_Norm_d,0.0016354887425024758,0.0016487896233480176,6.563468523068476e-4,0.0025153350554470003
Second_82,70,82,ReRZV_1d,2024,0.7424130916630741,dQ_Life_d,2.1682857746682156e-4,2.1840493320798545e-4,8.741070954317188e-5,3.305829135455528e-4
Second_82,70,82,ReRZV_1d,2024,0.7424130916630741,dQ_All_d,0.005814219662557852,0.0058489533986832605,0.0023595340450634737,0.008950843611362093
Second_82,70,82,ReRZV_1d,2024,0.7424130916630741,dC_Hosp,-13.05331335253803,-13.123536760929657,-20.263022658870096,-5.534665591419181
Second_82,70,82,ReRZV_1d,2024,0.7424130916630741,dC_GP_NonPHN,-4.236862673467491,-4.292776777336564,-6.348621497342167,-1.7303052843586488
Second_82,70,82,ReRZV_1d,2024,0.7424130916630741,dC_GP_PHN,-1.8919747945563397,-1.9136629730550694,-2.88404522922916,-0.7536469076487015
Second_82,70,82,ReRZV_1d,2024,0.7424130916630741,dC_GP,-6.12883746802383,-6.177528228358391,-9.180559217726982,-2.4740423284736273
Second_82,70,82,ReRZV_1d,2024,0.7424130916630741,dC_Med,-19.18215082056186,-19.362019408157828,-29.107642789445972,-8.125460072323579
Second_82,70,82,ReRZV_1d,2024,0.7424130916630741,dC_VacZVL,0,0,0,0
Second_82,70,82,ReRZV_1d,2024,0.7424130916630741,dC_VacRZV,85,85,85,85
Second_82,70,82,ReRZV_1d,2024,0.7424130916630741,dC_Vac,85,85,85,85
Second_82,70,82,ReRZV_1d,2024,0.7424130916630741,dC_All,65.81784917943814,65.63798059184217,55.892357210554025,76.87453992767644
Second_82,70,82,ReRZV_1d,2024,0.7424130916630741,dC_Hosp_d,-11.922868755054056,-11.966956694291163,-18.529668724995553,-5.005070125148568
Second_82,70,82,ReRZV_1d,2024,0.7424130916630741,dC_GP_NonPHN_d,-3.950083135363992,-4.001405849362589,-5.923625032095895,-1.6045641589969648
Second_82,70,82,ReRZV_1d,2024,0.7424130916630741,dC_GP_PHN_d,-1.7684025425683405,-1.7849791505895363,-2.706212767351138,-0.7013894922578665
Second_82,70,82,ReRZV_1d,2024,0.7424130916630741,dC_GP_d,-5.718485677932333,-5.767821046250861,-8.57634865439331,-2.278693481169761
Second_82,70,82,ReRZV_1d,2024,0.7424130916630741,dC_Med_d,-17.64135443298639,-17.786365602061892,-26.789092195211115,-7.461529503605178
Second_82,70,82,ReRZV_1d,2024,0.7424130916630741,dC_VacZVL_d,0,0,0,0
Second_82,70,82,ReRZV_1d,2024,0.7424130916630741,dC_VacRZV_d,85,85,85,85
Second_82,70,82,ReRZV_1d,2024,0.7424130916630741,dC_Vac_d,85,85,85,85
Second_82,70,82,ReRZV_1d,2024,0.7424130916630741,dC_All_d,67.35864556701361,67.21363439793811,58.21090780478888,77.53847049639481
Second_82,70,82,ReRZV_1d,2024,0.7424130916630741,dN_VacZVL,0,0,0,0
Second_82,70,82,ReRZV_1d,2024,0.7424130916630741,dN_VacRZV,1,1,1,1
Second_82,70,82,ReRZV_1d,2024,0.7424130916630741,dN_VacZVL_d,0,0,0,0
Second_82,70,82,ReRZV_1d,2024,0.7424130916630741,dN_VacRZV_d,1,1,1,1
Second_82,70,82,ReRZV_1d,2024,0.7424130916630741,ICER,13421.353550995473,11484.435008546874,6586.586978439963,32544.511747973764
Second_82,70,82,ReRZV_1d,2024,0.7424130916630741,Price0,85,85,85,85
Second_82,70,82,ReRZV_1d,2024,0.7424130916630741,Thres20,133.92574768414343,134.4603494286652,55.25405916756813,204.27695625303707
Second_82,70,82,ReRZV_1d,2024,0.7424130916630741,Thres30,192.06794430972195,192.56487803591023,78.9726313469351,293.4819662443878
Second_82,70,82,ReRZV_1d,2024,0.7424130916630741,Thres20_50,NA,134.4603494286652,NA,NA
Second_82,70,82,ReRZV_1d,2024,0.7424130916630741,Thres30_90,NA,114.56190685215837,NA,NA
Second_82,70,82,ReRZV_1d,2024,0.7424130916630741,Thres,NA,114.56190685215837,NA,NA
Second_82,70,82,ReRZV_2d,2024,0.7424130916630741,N0,0.7424130916630741,0.7424130916630741,0.7424130916630741,0.7424130916630741
Second_82,70,82,ReRZV_2d,2024,0.7424130916630741,dYear_Life,4.3618519673232814e-4,4.408798242348488e-4,2.3876177698643183e-4,5.940495528978318e-4
Second_82,70,82,ReRZV_2d,2024,0.7424130916630741,dYear_Immunised,4.903251330821726,5.015114228962284,2.739082336589395,6.36585844258693
Second_82,70,82,ReRZV_2d,2024,0.7424130916630741,dRisk_HZ,-0.06548555134783476,-0.06705659519109841,-0.08568479774207058,-0.03642784951944361
Second_82,70,82,ReRZV_2d,2024,0.7424130916630741,dRisk_Hosp,-0.004816731278156922,-0.004866711467022529,-0.006724523315660988,-0.0027196532756501553
Second_82,70,82,ReRZV_2d,2024,0.7424130916630741,dRisk_PHN,-0.005903018045543349,-0.006007711362822273,-0.00795498911902955,-0.0032284561383517617
Second_82,70,82,ReRZV_2d,2024,0.7424130916630741,dRisk_Death,-1.1954798073298876e-4,-1.2079135457651019e-4,-1.6285159732147957e-4,-6.669806174143806e-5
Second_82,70,82,ReRZV_2d,2024,0.7424130916630741,dQ_Life,2.9361707597869066e-4,2.969105333223476e-4,1.6035575069956782e-4,4.0001333451916406e-4
Second_82,70,82,ReRZV_2d,2024,0.7424130916630741,dQ_HZ,0.007045372274770739,0.007139935297232201,0.0038517425262096353,0.009651916068121
Second_82,70,82,ReRZV_2d,2024,0.7424130916630741,dQ_HZ_Norm,0.002053480477412939,0.0020869760543111866,0.0011096542257586323,0.0027870400898356265
Second_82,70,82,ReRZV_2d,2024,0.7424130916630741,dQ_All,0.00733216141843055,0.007443042004357345,0.004001469913413058,0.010002196678199012
Second_82,70,82,ReRZV_2d,2024,0.7424130916630741,dQ_HZ_d,0.0065471103531081435,0.0066407273428296405,0.0035653327801166523,0.008968425741867143
Second_82,70,82,ReRZV_2d,2024,0.7424130916630741,dQ_HZ_Norm_d,0.0019137584396436205,0.0019492458837329165,0.0010281449690024579,0.002599773461589081
Second_82,70,82,ReRZV_2d,2024,0.7424130916630741,dQ_Life_d,2.5341249695136277e-4,2.56465416701376e-4,1.3805540704154686e-4,3.453630430227178e-4
Second_82,70,82,ReRZV_2d,2024,0.7424130916630741,dQ_All_d,0.0068005228500595,0.00690199680107359,0.0036973757581506266,0.009301175977415399
Second_82,70,82,ReRZV_2d,2024,0.7424130916630741,dC_Hosp,-15.235049692369849,-15.336164493005848,-21.20011057631652,-8.606553137913465
Second_82,70,82,ReRZV_2d,2024,0.7424130916630741,dC_GP_NonPHN,-4.956695574788631,-5.067542983440368,-6.522644130785517,-2.7333073503061605
Second_82,70,82,ReRZV_2d,2024,0.7424130916630741,dC_GP_PHN,-2.2130746741519673,-2.2543095624671663,-3.0072785370270187,-1.2149662392408844
Second_82,70,82,ReRZV_2d,2024,0.7424130916630741,dC_GP,-7.1697702489405986,-7.361300016669602,-9.424059508549067,-3.982536004903133
Second_82,70,82,ReRZV_2d,2024,0.7424130916630741,dC_Med,-22.404819941310446,-22.773314342083538,-30.303236205100944,-12.741105204705319
Second_82,70,82,ReRZV_2d,2024,0.7424130916630741,dC_VacZVL,0,0,0,0
Second_82,70,82,ReRZV_2d,2024,0.7424130916630741,dC_VacRZV,170,170,170,170
Second_82,70,82,ReRZV_2d,2024,0.7424130916630741,dC_Vac,170,170,170,170
Second_82,70,82,ReRZV_2d,2024,0.7424130916630741,dC_All,147.59518005868955,147.22668565791648,139.69676379489906,157.25889479529468
Second_82,70,82,ReRZV_2d,2024,0.7424130916630741,dC_Hosp_d,-13.920874390888969,-14.01141409979393,-19.37953020703285,-7.845574923966001
Second_82,70,82,ReRZV_2d,2024,0.7424130916630741,dC_GP_NonPHN_d,-4.622856475493739,-4.725892686157074,-6.0879984435052,-2.540829936073242
Second_82,70,82,ReRZV_2d,2024,0.7424130916630741,dC_GP_PHN_d,-2.0692618440363115,-2.1074891144316465,-2.809338762407576,-1.134195880710094
Second_82,70,82,ReRZV_2d,2024,0.7424130916630741,dC_GP_d,-6.692118319530051,-6.868054811871552,-8.798299233415461,-3.7072902600163493
Second_82,70,82,ReRZV_2d,2024,0.7424130916630741,dC_Med_d,-20.612992710419018,-20.958104142253372,-27.884698288356677,-11.620338748304732
Second_82,70,82,ReRZV_2d,2024,0.7424130916630741,dC_VacZVL_d,0,0,0,0
Second_82,70,82,ReRZV_2d,2024,0.7424130916630741,dC_VacRZV_d,170,170,170,170
Second_82,70,82,ReRZV_2d,2024,0.7424130916630741,dC_Vac_d,170,170,170,170
Second_82,70,82,ReRZV_2d,2024,0.7424130916630741,dC_All_d,149.387007289581,149.04189585774662,142.1153017116433,158.37966125169527
Second_82,70,82,ReRZV_2d,2024,0.7424130916630741,dN_VacZVL,0,0,0,0
Second_82,70,82,ReRZV_2d,2024,0.7424130916630741,dN_VacRZV,2,2,2,2
Second_82,70,82,ReRZV_2d,2024,0.7424130916630741,dN_VacZVL_d,0,0,0,0
Second_82,70,82,ReRZV_2d,2024,0.7424130916630741,dN_VacRZV_d,2,2,2,2
Second_82,70,82,ReRZV_2d,2024,0.7424130916630741,ICER,23320.80706588586,21605.259491465935,15407.087640782018,42687.0876150663
Second_82,70,82,ReRZV_2d,2024,0.7424130916630741,Price0,85,85,85,85
Second_82,70,82,ReRZV_2d,2024,0.7424130916630741,Thres20,78.31172485580451,79.453600628352,43.21871035951487,106.26298876251899
Second_82,70,82,ReRZV_2d,2024,0.7424130916630741,Thres30,112.31433910610201,113.88114449579295,61.62469973992654,152.62690410523456
Second_82,70,82,ReRZV_2d,2024,0.7424130916630741,Thres20_50,NA,79.453600628352,NA,NA
Second_82,70,82,ReRZV_2d,2024,0.7424130916630741,Thres30_90,NA,80.53537435216445,NA,NA
Second_82,70,82,ReRZV_2d,2024,0.7424130916630741,Thres,NA,79.453600628352,NA,NA
Second_82,75,82,ReRZV_1d,2024,0.8145952994669025,N0,0.8145952994669025,0.8145952994669025,0.8145952994669025,0.8145952994669025
Second_82,75,82,ReRZV_1d,2024,0.8145952994669025,dYear_Life,3.2793342628737327e-4,3.3066240190309567e-4,1.068923043765102e-4,5.209425047010263e-4
Second_82,75,82,ReRZV_1d,2024,0.8145952994669025,dYear_Immunised,3.647833182859734,3.695627390951428,1.186881303465364,5.687777442829987
Second_82,75,82,ReRZV_1d,2024,0.8145952994669025,dRisk_HZ,-0.04433205038441013,-0.04492490505309973,-0.06973423009183838,-0.014309162610294813
Second_82,75,82,ReRZV_1d,2024,0.8145952994669025,dRisk_Hosp,-0.0033271427516581276,-0.0033587383151402793,-0.005363810542922053,-0.0011598866540298593
Second_82,75,82,ReRZV_1d,2024,0.8145952994669025,dRisk_PHN,-0.003987377125207411,-0.0040298380645637545,-0.006419009978124083,-0.0012391699927515349
Second_82,75,82,ReRZV_1d,2024,0.8145952994669025,dRisk_Death,-8.351796439501623e-5,-8.413816315810641e-5,-1.3171512581734715e-4,-2.9799943648561662e-5
Second_82,75,82,ReRZV_1d,2024,0.8145952994669025,dQ_Life,2.2032974162744642e-4,2.221691197054665e-4,7.114375499905976e-5,3.504234677627177e-4
Second_82,75,82,ReRZV_1d,2024,0.8145952994669025,dQ_HZ,0.005247961377162443,0.00527408213548201,0.001721691747711791,0.008463440325051547
Second_82,75,82,ReRZV_1d,2024,0.8145952994669025,dQ_HZ_Norm,0.0015240214628292764,0.0015460635912952778,4.8376803329155255e-4,0.0024561278379444306
Second_82,75,82,ReRZV_1d,2024,0.8145952994669025,dQ_All,0.005462853038070789,0.005487505043666679,0.0017978886158602353,0.008817005534980306
Second_82,75,82,ReRZV_1d,2024,0.8145952994669025,dQ_HZ_d,0.004856641182296299,0.004879294640649378,0.001567830414609528,0.007854059697488019
Second_82,75,82,ReRZV_1d,2024,0.8145952994669025,dQ_HZ_Norm_d,0.001414532216881118,0.0014334782206843746,4.412637283245958e-4,0.0022857591114550037
Second_82,75,82,ReRZV_1d,2024,0.8145952994669025,dQ_Life_d,1.896831942666959e-4,1.913897231748171e-4,6.053023191608955e-5,3.0214600940739174e-4
Second_82,75,82,ReRZV_1d,2024,0.8145952994669025,dQ_All_d,0.005046324376563011,0.005070275245384948,0.001633405225015892,0.008167620257419177
Second_82,75,82,ReRZV_1d,2024,0.8145952994669025,dC_Hosp,-11.57865739379706,-11.692280241621157,-18.738312384560174,-4.111699556250195
Second_82,75,82,ReRZV_1d,2024,0.8145952994669025,dC_GP_NonPHN,-3.675124473818126,-3.718797016245031,-5.776681802307861,-1.1788509911014682
Second_82,75,82,ReRZV_1d,2024,0.8145952994669025,dC_GP_PHN,-1.6371530582537448,-1.6580430563695208,-2.6239100202536147,-0.5001460168936822
Second_82,75,82,ReRZV_1d,2024,0.8145952994669025,dC_GP,-5.312277532071871,-5.375332192601196,-8.357831779244968,-1.679202193480747
Second_82,75,82,ReRZV_1d,2024,0.8145952994669025,dC_Med,-16.89093492586893,-17.098504902370593,-26.724073059115316,-5.905702957102842
Second_82,75,82,ReRZV_1d,2024,0.8145952994669025,dC_VacZVL,0,0,0,0
Second_82,75,82,ReRZV_1d,2024,0.8145952994669025,dC_VacRZV,85,85,84.99999999999999,85.00000000000001
Second_82,75,82,ReRZV_1d,2024,0.8145952994669025,dC_Vac,85,85,84.99999999999999,85.00000000000001
Second_82,75,82,ReRZV_1d,2024,0.8145952994669025,dC_All,68.10906507413107,67.90149509762941,58.275926940884695,79.09429704289715
Second_82,75,82,ReRZV_1d,2024,0.8145952994669025,dC_Hosp_d,-10.536243858905136,-10.633474253037999,-17.094968150092885,-3.6747151654900936
Second_82,75,82,ReRZV_1d,2024,0.8145952994669025,dC_GP_NonPHN_d,-3.4137160265428066,-3.455752039512853,-5.387619698659518,-1.078689851568039
Second_82,75,82,ReRZV_1d,2024,0.8145952994669025,dC_GP_PHN_d,-1.5247748183168732,-1.5429882184062471,-2.4543962285430814,-0.4567165387491581
Second_82,75,82,ReRZV_1d,2024,0.8145952994669025,dC_GP_d,-4.93849084485968,-4.99224876189831,-7.792135963778647,-1.530302002658258
Second_82,75,82,ReRZV_1d,2024,0.8145952994669025,dC_Med_d,-15.474734703764815,-15.654727205669971,-24.509431600885318,-5.271829802006903
Second_82,75,82,ReRZV_1d,2024,0.8145952994669025,dC_VacZVL_d,0,0,0,0
Second_82,75,82,ReRZV_1d,2024,0.8145952994669025,dC_VacRZV_d,85,85,84.99999999999999,85.00000000000001
Second_82,75,82,ReRZV_1d,2024,0.8145952994669025,dC_Vac_d,85,85,84.99999999999999,85.00000000000001
Second_82,75,82,ReRZV_1d,2024,0.8145952994669025,dC_All_d,69.52526529623519,69.34527279433004,60.490568399114686,79.72817019799312
Second_82,75,82,ReRZV_1d,2024,0.8145952994669025,dN_VacZVL,0,0,0,0
Second_82,75,82,ReRZV_1d,2024,0.8145952994669025,dN_VacRZV,1,1,1,1
Second_82,75,82,ReRZV_1d,2024,0.8145952994669025,dN_VacZVL_d,0,0,0,0
Second_82,75,82,ReRZV_1d,2024,0.8145952994669025,dN_VacRZV_d,1,1,1,1
Second_82,75,82,ReRZV_1d,2024,0.8145952994669025,ICER,17062.64086913282,13578.182841724472,7528.37890578306,48977.44676808619
Second_82,75,82,ReRZV_1d,2024,0.8145952994669025,Price0,85,85,84.99999999999999,85.00000000000001
Second_82,75,82,ReRZV_1d,2024,0.8145952994669025,Thres20,116.40122223502503,117.44081856801564,38.061494403742444,186.7155390751759
Second_82,75,82,ReRZV_1d,2024,0.8145952994669025,Thres30,166.86446600065514,168.12123371787357,54.258261641791094,268.7861368307228
Second_82,75,82,ReRZV_1d,2024,0.8145952994669025,Thres20_50,NA,117.44081856801564,NA,NA
Second_82,75,82,ReRZV_1d,2024,0.8145952994669025,Thres30_90,NA,89.14838681249225,NA,NA
Second_82,75,82,ReRZV_1d,2024,0.8145952994669025,Thres,NA,89.14838681249225,NA,NA
Second_82,75,82,ReRZV_2d,2024,0.8145952994669025,N0,0.8145952994669025,0.8145952994669025,0.8145952994669025,0.8145952994669025
Second_82,75,82,ReRZV_2d,2024,0.8145952994669025,dYear_Life,3.907494404115017e-4,3.95415905781344e-4,1.9581630390426427e-4,5.455872543374188e-4
Second_82,75,82,ReRZV_2d,2024,0.8145952994669025,dYear_Immunised,4.3585214373234455,4.483301797415433,2.1969521780069403,5.860427273032134
Second_82,75,82,ReRZV_2d,2024,0.8145952994669025,dRisk_HZ,-0.05298774404470657,-0.05456730814024945,-0.07153811636838853,-0.026539464817761926
Second_82,75,82,ReRZV_2d,2024,0.8145952994669025,dRisk_Hosp,-0.0039566830291119905,-0.004012943051894398,-0.005655266206652483,-0.0020781254617489465
Second_82,75,82,ReRZV_2d,2024,0.8145952994669025,dRisk_PHN,-0.004767060952656502,-0.004876117247535455,-0.006609436338958512,-0.002343810367770444
Second_82,75,82,ReRZV_2d,2024,0.8145952994669025,dRisk_Death,-9.904679293316759e-5,-1.0003570897696321e-4,-1.380088276161517e-4,-5.1309106768700746e-5
Second_82,75,82,ReRZV_2d,2024,0.8145952994669025,dQ_Life,2.626564904310478e-4,2.6579040372341344e-4,1.3118838112455573e-4,3.6683617182735193e-4
Second_82,75,82,ReRZV_2d,2024,0.8145952994669025,dQ_HZ,0.006267601331286442,0.006371274650530276,0.003120661652370135,0.008806901044794441
Second_82,75,82,ReRZV_2d,2024,0.8145952994669025,dQ_HZ_Norm,0.0018219279701347873,0.0018578192664849642,8.92672212367755e-4,0.0025464531368030677
Second_82,75,82,ReRZV_2d,2024,0.8145952994669025,dQ_All,0.006523866536094345,0.006630947788720046,0.0032655918362322566,0.009185714740583476
Second_82,75,82,ReRZV_2d,2024,0.8145952994669025,dQ_HZ_d,0.005806223629152898,0.0059041703319138595,0.0028521019478123127,0.008175103469097215
Second_82,75,82,ReRZV_2d,2024,0.8145952994669025,dQ_HZ_Norm_d,0.0016927596163565871,0.0017294443421923766,8.229486092039783e-4,0.002369894315311497
Second_82,75,82,ReRZV_2d,2024,0.8145952994669025,dQ_Life_d,2.2626332606055208e-4,2.2921909013172897e-4,1.1252737644533048e-4,3.160854558682631e-4
Second_82,75,82,ReRZV_2d,2024,0.8145952994669025,dQ_All_d,0.006032486955213442,0.006138606501101616,0.002979710831030979,0.008485342881712762
Second_82,75,82,ReRZV_2d,2024,0.8145952994669025,dC_Hosp,-13.760196250291001,-13.921674472433665,-19.66059130002947,-7.185671821994273
Second_82,75,82,ReRZV_2d,2024,0.8145952994669025,dC_GP_NonPHN,-4.394855356997704,-4.510926816291872,-5.952807121999843,-2.185020355182404
Second_82,75,82,ReRZV_2d,2024,0.8145952994669025,dC_GP_PHN,-1.958209017715006,-2.005547037715515,-2.7376926281403153,-0.9657677587347413
Second_82,75,82,ReRZV_2d,2024,0.8145952994669025,dC_GP,-6.35306437471271,-6.54539020616669,-8.608240178203074,-3.185103415776963
Second_82,75,82,ReRZV_2d,2024,0.8145952994669025,dC_Med,-20.11326062500371,-20.502667861916777,-27.955251691762857,-10.440360616093175
Second_82,75,82,ReRZV_2d,2024,0.8145952994669025,dC_VacZVL,0,0,0,0
Second_82,75,82,ReRZV_2d,2024,0.8145952994669025,dC_VacRZV,170,170,169.99999999999997,170.00000000000003
Second_82,75,82,ReRZV_2d,2024,0.8145952994669025,dC_Vac,170,170,169.99999999999997,170.00000000000003
Second_82,75,82,ReRZV_2d,2024,0.8145952994669025,dC_All,149.8867393749963,149.4973321380832,142.04474830823713,159.55963938390684
Second_82,75,82,ReRZV_2d,2024,0.8145952994669025,dC_Hosp_d,-12.53405186968046,-12.693958339167885,-17.902639985878746,-6.475067933626426
Second_82,75,82,ReRZV_2d,2024,0.8145952994669025,dC_GP_NonPHN_d,-4.086387319037571,-4.192302869393821,-5.547462244681702,-2.0212501637010627
Second_82,75,82,ReRZV_2d,2024,0.8145952994669025,dC_GP_PHN_d,-1.825590186649803,-1.8691992856026107,-2.55399478591355,-0.8917823009620705
Second_82,75,82,ReRZV_2d,2024,0.8145952994669025,dC_GP_d,-5.911977505687374,-6.091181887001925,-8.01495081644978,-2.943090402078516
Second_82,75,82,ReRZV_2d,2024,0.8145952994669025,dC_Med_d,-18.446029375367836,-18.800186123680334,-25.715867389489322,-9.498597804789217
Second_82,75,82,ReRZV_2d,2024,0.8145952994669025,dC_VacZVL_d,0,0,0,0
Second_82,75,82,ReRZV_2d,2024,0.8145952994669025,dC_VacRZV_d,170,170,169.99999999999997,170.00000000000003
Second_82,75,82,ReRZV_2d,2024,0.8145952994669025,dC_Vac_d,170,170,169.99999999999997,170.00000000000003
Second_82,75,82,ReRZV_2d,2024,0.8145952994669025,dC_All_d,151.55397062463217,151.19981387631964,144.28413261051065,160.5014021952108
Second_82,75,82,ReRZV_2d,2024,0.8145952994669025,dN_VacZVL,0,0,0,0
Second_82,75,82,ReRZV_2d,2024,0.8145952994669025,dN_VacRZV,2,2,2,2
Second_82,75,82,ReRZV_2d,2024,0.8145952994669025,dN_VacZVL_d,0,0,0,0
Second_82,75,82,ReRZV_2d,2024,0.8145952994669025,dN_VacRZV_d,2,2,2,2
Second_82,75,82,ReRZV_2d,2024,0.8145952994669025,ICER,27150.03265376346,24645.02688360861,17164.42212919164,53863.03396004074
Second_82,75,82,ReRZV_2d,2024,0.8145952994669025,Price0,85,85,84.99999999999999,85.00000000000001
Second_82,75,82,ReRZV_2d,2024,0.8145952994669025,Thres20,69.54788423981834,70.74807129925156,34.83498354363177,97.17549176771709
Second_82,75,82,ReRZV_2d,2024,0.8145952994669025,Thres30,99.71031901588556,101.41186705017748,49.635215847309496,139.68320202527468
Second_82,75,82,ReRZV_2d,2024,0.8145952994669025,Thres20_50,NA,70.74807129925156,NA,NA
Second_82,75,82,ReRZV_2d,2024,0.8145952994669025,Thres30_90,NA,68.2758943387532,NA,NA
Second_82,75,82,ReRZV_2d,2024,0.8145952994669025,Thres,NA,68.2758943387532,NA,NA
Second_83,70,83,ReRZV_1d,2024,0.7059016341159987,N0,0.7059016341159987,0.7059016341159987,0.7059016341159987,0.7059016341159987
Second_83,70,83,ReRZV_1d,2024,0.7059016341159987,dYear_Life,3.699928018293472e-4,3.717562532005858e-4,1.5241882782021172e-4,5.626554822298455e-4
Second_83,70,83,ReRZV_1d,2024,0.7059016341159987,dYear_Immunised,3.985576198311921,4.041472151813171,1.6828067481928988,5.8903558733085415
Second_83,70,83,ReRZV_1d,2024,0.7059016341159987,dRisk_HZ,-0.05622434454048068,-0.05697641044221926,-0.08332832954921275,-0.023536194841655148
Second_83,70,83,ReRZV_1d,2024,0.7059016341159987,dRisk_Hosp,-0.004349416978878677,-0.004387143053381489,-0.00674845310860414,-0.0018811087932525696
Second_83,70,83,ReRZV_1d,2024,0.7059016341159987,dRisk_PHN,-0.005052028543286106,-0.005070533962730625,-0.007666094194574401,-0.002049757547638127
Second_83,70,83,ReRZV_1d,2024,0.7059016341159987,dRisk_Death,-1.109398274491962e-4,-1.113631927132964e-4,-1.68404675069569e-4,-4.7088225607572704e-5
Second_83,70,83,ReRZV_1d,2024,0.7059016341159987,dQ_Life,2.4822737000749617e-4,2.4956948518292465e-4,1.0202424235158093e-4,3.7777330347748845e-4
Second_83,70,83,ReRZV_1d,2024,0.7059016341159987,dQ_HZ,0.005754626771084125,0.005768804140636975,0.0023973292853931923,0.008821561732616745
Second_83,70,83,ReRZV_1d,2024,0.7059016341159987,dQ_HZ_Norm,0.0016615797964941688,0.0016740117074457118,6.822265908338268e-4,0.002540358969779607
Second_83,70,83,ReRZV_1d,2024,0.7059016341159987,dQ_All,0.005996644612056361,0.006010419600126096,0.0025068724014294078,0.009198471407858334
Second_83,70,83,ReRZV_1d,2024,0.7059016341159987,dQ_HZ_d,0.005372399933489091,0.005387396111916562,0.002218396560412383,0.008247889979961004
Second_83,70,83,ReRZV_1d,2024,0.7059016341159987,dQ_HZ_Norm_d,0.0015551455855584973,0.0015676757585674117,6.352491960139505e-4,0.002380805056473346
Second_83,70,83,ReRZV_1d,2024,0.7059016341159987,dQ_Life_d,2.162519353944082e-4,2.1738406628495538e-4,8.864452659721169e-5,3.2938331058015853e-4
Second_83,70,83,ReRZV_1d,2024,0.7059016341159987,dQ_All_d,0.005588651868883503,0.005605000418435739,0.0023241839079179826,0.008573130125985751
Second_83,70,83,ReRZV_1d,2024,0.7059016341159987,dC_Hosp,-13.06835538186054,-13.11548615191317,-20.29656056501996,-5.61083574282807
Second_83,70,83,ReRZV_1d,2024,0.7059016341159987,dC_GP_NonPHN,-4.002430001419435,-4.042696518664286,-5.9775259173815645,-1.6694508979875853
Second_83,70,83,ReRZV_1d,2024,0.7059016341159987,dC_GP_PHN,-1.7809620262236832,-1.7965622026993588,-2.7134018641108195,-0.728382515923083
Second_83,70,83,ReRZV_1d,2024,0.7059016341159987,dC_GP,-5.783392027643118,-5.847289696288575,-8.610322217673001,-2.387792213003402
Second_83,70,83,ReRZV_1d,2024,0.7059016341159987,dC_Med,-18.851747409503655,-19.008865273440144,-28.42401921974033,-8.084493444726734
Second_83,70,83,ReRZV_1d,2024,0.7059016341159987,dC_VacZVL,0,0,0,0
Second_83,70,83,ReRZV_1d,2024,0.7059016341159987,dC_VacRZV,85,85,85,85
Second_83,70,83,ReRZV_1d,2024,0.7059016341159987,dC_Vac,85,85,85,85
Second_83,70,83,ReRZV_1d,2024,0.7059016341159987,dC_All,66.14825259049634,65.99113472655986,56.57598078025967,76.91550655527327
Second_83,70,83,ReRZV_1d,2024,0.7059016341159987,dC_Hosp_d,-12.027785300396957,-12.064227897693272,-18.751952608225128,-5.137694688863263
Second_83,70,83,ReRZV_1d,2024,0.7059016341159987,dC_GP_NonPHN_d,-3.7486535633395106,-3.7917291685051238,-5.600969642012299,-1.5533951740577472
Second_83,70,83,ReRZV_1d,2024,0.7059016341159987,dC_GP_PHN_d,-1.672442029898875,-1.6852376671681206,-2.5510091275372755,-0.6802299894579282
Second_83,70,83,ReRZV_1d,2024,0.7059016341159987,dC_GP_d,-5.421095593238386,-5.475679798158939,-8.073378400279562,-2.2198616981700487
Second_83,70,83,ReRZV_1d,2024,0.7059016341159987,dC_Med_d,-17.44888089363534,-17.60661415710152,-26.402137494346942,-7.438376265796662
Second_83,70,83,ReRZV_1d,2024,0.7059016341159987,dC_VacZVL_d,0,0,0,0
Second_83,70,83,ReRZV_1d,2024,0.7059016341159987,dC_VacRZV_d,85,85,85,85
Second_83,70,83,ReRZV_1d,2024,0.7059016341159987,dC_Vac_d,85,85,85,85
Second_83,70,83,ReRZV_1d,2024,0.7059016341159987,dC_All_d,67.55111910636465,67.39338584289848,58.59786250565305,77.56162373420334
Second_83,70,83,ReRZV_1d,2024,0.7059016341159987,dN_VacZVL,0,0,0,0
Second_83,70,83,ReRZV_1d,2024,0.7059016341159987,dN_VacRZV,1,1,1,1
Second_83,70,83,ReRZV_1d,2024,0.7059016341159987,dN_VacZVL_d,0,0,0,0
Second_83,70,83,ReRZV_1d,2024,0.7059016341159987,dN_VacRZV_d,1,1,1,1
Second_83,70,83,ReRZV_1d,2024,0.7059016341159987,ICER,13927.110375029344,11997.273758037512,6945.595406972043,33363.087613805976
Second_83,70,83,ReRZV_1d,2024,0.7059016341159987,Price0,85,85,85,85
Second_83,70,83,ReRZV_1d,2024,0.7059016341159987,Thres20,129.2219182713054,129.67059046604467,53.93384732256679,196.54704524227483
Second_83,70,83,ReRZV_1d,2024,0.7059016341159987,Thres30,185.10843696014044,185.46586576972672,77.18158285095186,282.1524503353486
Second_83,70,83,ReRZV_1d,2024,0.7059016341159987,Thres20_50,NA,129.67059046604467,NA,NA
Second_83,70,83,ReRZV_1d,2024,0.7059016341159987,Thres30_90,NA,111.6528657634093,NA,NA
Second_83,70,83,ReRZV_1d,2024,0.7059016341159987,Thres,NA,111.6528657634093,NA,NA
Second_83,70,83,ReRZV_2d,2024,0.7059016341159987,N0,0.7059016341159987,0.7059016341159987,0.7059016341159987,0.7059016341159987
Second_83,70,83,ReRZV_2d,2024,0.7059016341159987,dYear_Life,4.3141053529614597e-4,4.3611008714301874e-4,2.3686812010603758e-4,5.893121573502876e-4
Second_83,70,83,ReRZV_2d,2024,0.7059016341159987,dYear_Immunised,4.650181992261352,4.760933533557877,2.6074060559630756,6.009746302210819
Second_83,70,83,ReRZV_2d,2024,0.7059016341159987,dRisk_HZ,-0.0656053880661206,-0.06719059419840497,-0.08567683680935982,-0.03680495644365631
Second_83,70,83,ReRZV_2d,2024,0.7059016341159987,dRisk_Hosp,-0.005068094698709925,-0.0051242865188295406,-0.007093410377620502,-0.0028668079213419123
Second_83,70,83,ReRZV_2d,2024,0.7059016341159987,dRisk_PHN,-0.005893786370048477,-0.005990930082466403,-0.00791665255192452,-0.0032438224610692188
Second_83,70,83,ReRZV_2d,2024,0.7059016341159987,dRisk_Death,-1.2917853805765095e-4,-1.3065247392502312e-4,-1.763733280862995e-4,-7.21218026537587e-5
Second_83,70,83,ReRZV_2d,2024,0.7059016341159987,dQ_Life,2.8947174890191414e-4,2.9250553576003815e-4,1.5873880665333973e-4,3.955899944433339e-4
Second_83,70,83,ReRZV_2d,2024,0.7059016341159987,dQ_HZ,0.006712827728862196,0.0068082294994375,0.0037000388333546705,0.009185323897716912
Second_83,70,83,ReRZV_2d,2024,0.7059016341159987,dQ_HZ_Norm,0.0019388869715809744,0.00197120713143811,0.0010617145995231432,0.002635786581232182
Second_83,70,83,ReRZV_2d,2024,0.7059016341159987,dQ_All,0.006995089712596875,0.007108120524705708,0.0038544489835216178,0.009547030400034504
Second_83,70,83,ReRZV_2d,2024,0.7059016341159987,dQ_HZ_d,0.006268720520598425,0.0063568405856786045,0.0034452869531064407,0.008577300836777886
Second_83,70,83,ReRZV_2d,2024,0.7059016341159987,dQ_HZ_Norm_d,0.0018151924957030114,0.001847264555512275,9.872893857326918e-4,0.002469841211529913
Second_83,70,83,ReRZV_2d,2024,0.7059016341159987,dQ_Life_d,2.522268589086171e-4,2.5524332150579643e-4,1.3800424677843818e-4,3.445245169025485e-4
Second_83,70,83,ReRZV_2d,2024,0.7059016341159987,dQ_All_d,0.00652094737950705,0.0066278419706387115,0.0035831985899639194,0.008907672078717895
Second_83,70,83,ReRZV_2d,2024,0.7059016341159987,dC_Hosp,-15.224838809170876,-15.329114409377585,-21.127111104947698,-8.690049863970506
Second_83,70,83,ReRZV_2d,2024,0.7059016341159987,dC_GP_NonPHN,-4.671058146363073,-4.777181653817513,-6.116843494830495,-2.5982594547567563
Second_83,70,83,ReRZV_2d,2024,0.7059016341159987,dC_GP_PHN,-2.0779819871192684,-2.1152858262248735,-2.802040957498807,-1.1435764193016513
Second_83,70,83,ReRZV_2d,2024,0.7059016341159987,dC_GP,-6.7490401334823416,-6.918542751483726,-8.818848267361288,-3.804852387998464
Second_83,70,83,ReRZV_2d,2024,0.7059016341159987,dC_Med,-21.97387894265322,-22.36148214603192,-29.642366566007176,-12.519539215283148
Second_83,70,83,ReRZV_2d,2024,0.7059016341159987,dC_VacZVL,0,0,0,0
Second_83,70,83,ReRZV_2d,2024,0.7059016341159987,dC_VacRZV,170,170,170,170
Second_83,70,83,ReRZV_2d,2024,0.7059016341159987,dC_Vac,170,170,170,170
Second_83,70,83,ReRZV_2d,2024,0.7059016341159987,dC_All,148.02612105734678,147.6385178539681,140.35763343399285,157.48046078471688
Second_83,70,83,ReRZV_2d,2024,0.7059016341159987,dC_Hosp_d,-14.016647085366836,-14.126600385170875,-19.477295735132525,-7.949195312675931
Second_83,70,83,ReRZV_2d,2024,0.7059016341159987,dC_GP_NonPHN_d,-4.376089047410609,-4.476695374801727,-5.730151960964204,-2.4282480613908395
Second_83,70,83,ReRZV_2d,2024,0.7059016341159987,dC_GP_PHN_d,-1.9518856092602725,-1.9877497985045858,-2.6334037268028236,-1.0729759133401506
Second_83,70,83,ReRZV_2d,2024,0.7059016341159987,dC_GP_d,-6.327974656670881,-6.485099350658404,-8.282504830957423,-3.5567572845819386
Second_83,70,83,ReRZV_2d,2024,0.7059016341159987,dC_Med_d,-20.344621742037717,-20.70704068729451,-27.450855872820686,-11.557361068564624
Second_83,70,83,ReRZV_2d,2024,0.7059016341159987,dC_VacZVL_d,0,0,0,0
Second_83,70,83,ReRZV_2d,2024,0.7059016341159987,dC_VacRZV_d,170,170,170,170
Second_83,70,83,ReRZV_2d,2024,0.7059016341159987,dC_Vac_d,170,170,170,170
Second_83,70,83,ReRZV_2d,2024,0.7059016341159987,dC_All_d,149.65537825796227,149.29295931270548,142.54914412717932,158.44263893143537
Second_83,70,83,ReRZV_2d,2024,0.7059016341159987,dN_VacZVL,0,0,0,0
Second_83,70,83,ReRZV_2d,2024,0.7059016341159987,dN_VacRZV,2,2,2,2
Second_83,70,83,ReRZV_2d,2024,0.7059016341159987,dN_VacZVL_d,0,0,0,0
Second_83,70,83,ReRZV_2d,2024,0.7059016341159987,dN_VacRZV_d,2,2,2,2
Second_83,70,83,ReRZV_2d,2024,0.7059016341159987,ICER,24331.508906693,22572.543970193306,16169.485391388398,44048.03409607566
Second_83,70,83,ReRZV_2d,2024,0.7059016341159987,Price0,85,85,85,85
Second_83,70,83,ReRZV_2d,2024,0.7059016341159987,Thres20,75.38178466608936,76.4478442876765,41.855782873677825,102.07680591339113
Second_83,70,83,ReRZV_2d,2024,0.7059016341159987,Thres30,107.98652156362462,109.61586811688159,59.7212605964123,146.5631012950457
Second_83,70,83,ReRZV_2d,2024,0.7059016341159987,Thres20_50,NA,76.4478442876765,NA,NA
Second_83,70,83,ReRZV_2d,2024,0.7059016341159987,Thres30_90,NA,77.60975387110204,NA,NA
Second_83,70,83,ReRZV_2d,2024,0.7059016341159987,Thres,NA,76.4478442876765,NA,NA
Second_83,75,83,ReRZV_1d,2024,0.774534668401281,N0,0.774534668401281,0.774534668401281,0.774534668401281,0.774534668401281
Second_83,75,83,ReRZV_1d,2024,0.774534668401281,dYear_Life,3.2945062713767156e-4,3.3229253663540114e-4,1.1248452244224847e-4,5.208908074998178e-4
Second_83,75,83,ReRZV_1d,2024,0.774534668401281,dYear_Immunised,3.5314211387217087,3.5685513903096755,1.2263887409489818,5.431191501480998
Second_83,75,83,ReRZV_1d,2024,0.774534668401281,dRisk_HZ,-0.04534315769378377,-0.045845543784006584,-0.07026678148822271,-0.015586701446779865
Second_83,75,83,ReRZV_1d,2024,0.774534668401281,dRisk_Hosp,-0.003554506064229184,-0.0035841932303637574,-0.005727730364709218,-0.0012823310496311846
Second_83,75,83,ReRZV_1d,2024,0.774534668401281,dRisk_PHN,-0.0040656399301596405,-0.004084728460892735,-0.0064144087598124,-0.0013500739349647237
Second_83,75,83,ReRZV_1d,2024,0.774534668401281,dRisk_Death,-9.130519071140433e-5,-9.18016612046273e-5,-1.4336741117944405e-4,-3.3493508883502184e-5
Second_83,75,83,ReRZV_1d,2024,0.774534668401281,dQ_Life,2.2071728049097387e-4,2.2250976100704475e-4,7.470956733366931e-5,3.4951206046471734e-4
Second_83,75,83,ReRZV_1d,2024,0.774534668401281,dQ_HZ,0.005101409243604752,0.005120968385553818,0.0017666662989815722,0.00815555899160931
Second_83,75,83,ReRZV_1d,2024,0.774534668401281,dQ_HZ_Norm,0.0014693985679085735,0.0014840385171357214,4.971246462602102e-4,0.002339020885452691
Second_83,75,83,ReRZV_1d,2024,0.774534668401281,dQ_All,0.005316349707713915,0.005338497342494216,0.0018519225151797819,0.008490108557759992
Second_83,75,83,ReRZV_1d,2024,0.774534668401281,dQ_HZ_d,0.004748758839373538,0.004767871344423512,0.0016295585041913594,0.007606884093403303
Second_83,75,83,ReRZV_1d,2024,0.774534668401281,dQ_HZ_Norm_d,0.0013713479170124286,0.0013866661992416162,4.5801358517144587e-4,0.0021849894836274233
Second_83,75,83,ReRZV_1d,2024,0.774534668401281,dQ_Life_d,1.919508263771679e-4,1.932979036402135e-4,6.456155418576236e-5,3.047057320982836e-4
Second_83,75,83,ReRZV_1d,2024,0.774534668401281,dQ_All_d,0.004940709665750719,0.004963213951506489,0.0016900925726677485,0.007900429471411435
Second_83,75,83,ReRZV_1d,2024,0.774534668401281,dC_Hosp,-11.740334401026516,-11.83155279459374,-18.895657374322077,-4.237449128917453
Second_83,75,83,ReRZV_1d,2024,0.774534668401281,dC_GP_NonPHN,-3.5371843824148814,-3.579414699248038,-5.5041473017425275,-1.2021851363615288
Second_83,75,83,ReRZV_1d,2024,0.774534668401281,dC_GP_PHN,-1.57044368158902,-1.5889709364553728,-2.5003082884788297,-0.5104906993828386
Second_83,75,83,ReRZV_1d,2024,0.774534668401281,dC_GP,-5.107628064003902,-5.154031140095099,-7.930812326930406,-1.707540276062448
Second_83,75,83,ReRZV_1d,2024,0.774534668401281,dC_Med,-16.847962465030417,-17.074489782970204,-26.412549837575646,-6.0740276975296
Second_83,75,83,ReRZV_1d,2024,0.774534668401281,dC_VacZVL,0,0,0,0
Second_83,75,83,ReRZV_1d,2024,0.774534668401281,dC_VacRZV,85,85,84.99999999999999,85.00000000000001
Second_83,75,83,ReRZV_1d,2024,0.774534668401281,dC_Vac,85,85,84.99999999999999,85.00000000000001
Second_83,75,83,ReRZV_1d,2024,0.774534668401281,dC_All,68.15203753496958,67.9255102170298,58.587450162424346,78.9259723024704
Second_83,75,83,ReRZV_1d,2024,0.774534668401281,dC_Hosp_d,-10.773819152053195,-10.864094267943223,-17.37580058889383,-3.854856548863646
Second_83,75,83,ReRZV_1d,2024,0.774534668401281,dC_GP_NonPHN_d,-3.3035133949993867,-3.344310925553782,-5.150517637449235,-1.1089207059740254
Second_83,75,83,ReRZV_1d,2024,0.774534668401281,dC_GP_PHN_d,-1.4707157291041426,-1.4872976803221367,-2.3489987039229328,-0.47540274851145903
Second_83,75,83,ReRZV_1d,2024,0.774534668401281,dC_GP_d,-4.774229124103529,-4.8169586339822414,-7.431131343263017,-1.5669453899300416
Second_83,75,83,ReRZV_1d,2024,0.774534668401281,dC_Med_d,-15.548048276156724,-15.714167567248008,-24.430826667548992,-5.48693706694223
Second_83,75,83,ReRZV_1d,2024,0.774534668401281,dC_VacZVL_d,0,0,0,0
Second_83,75,83,ReRZV_1d,2024,0.774534668401281,dC_VacRZV_d,85,85,84.99999999999999,85.00000000000001
Second_83,75,83,ReRZV_1d,2024,0.774534668401281,dC_Vac_d,85,85,84.99999999999999,85.00000000000001
Second_83,75,83,ReRZV_1d,2024,0.774534668401281,dC_All_d,69.45195172384328,69.28583243275199,60.569173332451015,79.51306293305777
Second_83,75,83,ReRZV_1d,2024,0.774534668401281,dN_VacZVL,0,0,0,0
Second_83,75,83,ReRZV_1d,2024,0.774534668401281,dN_VacRZV,1,1,1,1
Second_83,75,83,ReRZV_1d,2024,0.774534668401281,dN_VacZVL_d,0,0,0,0
Second_83,75,83,ReRZV_1d,2024,0.774534668401281,dN_VacRZV_d,1,1,1,1
Second_83,75,83,ReRZV_1d,2024,0.774534668401281,ICER,17088.637931146684,13916.706104533816,7720.723521158176,46654.998501048285
Second_83,75,83,ReRZV_1d,2024,0.774534668401281,Price0,85,85,84.99999999999999,85.00000000000001
Second_83,75,83,ReRZV_1d,2024,0.774534668401281,Thres20,114.36224159117111,115.20796294991439,39.76427600399445,182.0314844387312
Second_83,75,83,ReRZV_1d,2024,0.774534668401281,Thres30,163.7693382486783,164.81584065716604,56.655697600851084,260.8416287479432
Second_83,75,83,ReRZV_1d,2024,0.774534668401281,Thres20_50,NA,115.20796294991439,NA,NA
Second_83,75,83,ReRZV_1d,2024,0.774534668401281,Thres30_90,NA,88.70154249409381,NA,NA
Second_83,75,83,ReRZV_1d,2024,0.774534668401281,Thres,NA,88.70154249409381,NA,NA
Second_83,75,83,ReRZV_2d,2024,0.774534668401281,N0,0.774534668401281,0.774534668401281,0.774534668401281,0.774534668401281
Second_83,75,83,ReRZV_2d,2024,0.774534668401281,dYear_Life,3.9086841917687593e-4,3.9546398514640876e-4,1.9843135481256323e-4,5.445031227422302e-4
Second_83,75,83,ReRZV_2d,2024,0.774534668401281,dYear_Immunised,4.196027564117459,4.313052776893754,2.1733027905532474,5.604296098109317
Second_83,75,83,ReRZV_2d,2024,0.774534668401281,dRisk_HZ,-0.053892928660097865,-0.05544462499210473,-0.07228272499474188,-0.02778224243606337
Second_83,75,83,ReRZV_2d,2024,0.774534668401281,dRisk_Hosp,-0.004209500352380583,-0.00427377767718165,-0.005997612052547386,-0.0022487975977354526
Second_83,75,83,ReRZV_2d,2024,0.774534668401281,dRisk_PHN,-0.00483280795697405,-0.004929933543675193,-0.006661592484096221,-0.002447053766875906
Second_83,75,83,ReRZV_2d,2024,0.774534668401281,dRisk_Death,-1.079277334550646e-4,-1.090932397447196e-4,-1.4996197262636974e-4,-5.6214017727835795e-5
Second_83,75,83,ReRZV_2d,2024,0.774534668401281,dQ_Life,2.6196169871906834e-4,2.6513771525256e-4,1.327768826593157e-4,3.6498176689629566e-4
Second_83,75,83,ReRZV_2d,2024,0.774534668401281,dQ_HZ,0.006059611111904797,0.006164522835797749,0.003065901462460502,0.00847325670290566
Second_83,75,83,ReRZV_2d,2024,0.774534668401281,dQ_HZ_Norm,0.001746706006439751,0.0017806929361525304,8.764531300164383e-4,0.002427414040386155
Second_83,75,83,ReRZV_2d,2024,0.774534668401281,dQ_All,0.006314795757156218,0.006434482803111903,0.0032158740595662,0.008815198254508666
Second_83,75,83,ReRZV_2d,2024,0.774534668401281,dQ_HZ_d,0.005645080278208771,0.005747805889977082,0.0028411185566423144,0.007904515179683783
Second_83,75,83,ReRZV_2d,2024,0.774534668401281,dQ_HZ_Norm_d,0.0016313950742056146,0.001664754233634169,8.13529621980842e-4,0.002270469885867321
Second_83,75,83,ReRZV_2d,2024,0.774534668401281,dQ_Life_d,2.279257841997175e-4,2.3076140893258247e-4,1.1528831861204572e-4,3.1765450465421415e-4
Second_83,75,83,ReRZV_2d,2024,0.774534668401281,dQ_All_d,0.005873006062408486,0.005984912757801298,0.002976309049475222,0.008200395490432704
Second_83,75,83,ReRZV_2d,2024,0.774534668401281,dC_Hosp,-13.896819876596084,-14.045666491752145,-19.729244583599826,-7.348525359607105
Second_83,75,83,ReRZV_2d,2024,0.774534668401281,dC_GP_NonPHN,-4.205813162685779,-4.312264967845369,-5.651298956018232,-2.150105932065221
Second_83,75,83,ReRZV_2d,2024,0.774534668401281,dC_GP_PHN,-1.8674639246055678,-1.9061659601809282,-2.584009960039801,-0.9295495917919291
Second_83,75,83,ReRZV_2d,2024,0.774534668401281,dC_GP,-6.073277087291347,-6.250094340596684,-8.14505065553232,-3.1281207235749524
Second_83,75,83,ReRZV_2d,2024,0.774534668401281,dC_Med,-19.97009696388743,-20.349686904125488,-27.66797868032979,-10.50523397239193
Second_83,75,83,ReRZV_2d,2024,0.774534668401281,dC_VacZVL,0,0,0,0
Second_83,75,83,ReRZV_2d,2024,0.774534668401281,dC_VacRZV,170,170,169.99999999999997,170.00000000000003
Second_83,75,83,ReRZV_2d,2024,0.774534668401281,dC_Vac,170,170,169.99999999999997,170.00000000000003
Second_83,75,83,ReRZV_2d,2024,0.774534668401281,dC_All,150.02990303611256,149.65031309587454,142.33202131967028,159.49476602760808
Second_83,75,83,ReRZV_2d,2024,0.774534668401281,dC_Hosp_d,-12.762682826081221,-12.898346194355963,-18.104917941603627,-6.681001726680788
Second_83,75,83,ReRZV_2d,2024,0.774534668401281,dC_GP_NonPHN_d,-3.9309494752597534,-4.026955044235859,-5.291885522370497,-1.9970251929970206
Second_83,75,83,ReRZV_2d,2024,0.774534668401281,dC_GP_PHN_d,-1.7501595738956532,-1.7894341265867926,-2.424538050511519,-0.866982687052378
Second_83,75,83,ReRZV_2d,2024,0.774534668401281,dC_GP_d,-5.681109049155406,-5.847436819924429,-7.627973765672313,-2.9083073788170357
Second_83,75,83,ReRZV_2d,2024,0.774534668401281,dC_Med_d,-18.443791875236627,-18.805835644841363,-25.53551159584448,-9.659956544449125
Second_83,75,83,ReRZV_2d,2024,0.774534668401281,dC_VacZVL_d,0,0,0,0
Second_83,75,83,ReRZV_2d,2024,0.774534668401281,dC_VacRZV_d,170,170,169.99999999999997,170.00000000000003
Second_83,75,83,ReRZV_2d,2024,0.774534668401281,dC_Vac_d,170,170,169.99999999999997,170.00000000000003
Second_83,75,83,ReRZV_2d,2024,0.774534668401281,dC_All_d,151.55620812476337,151.19416435515862,144.46448840415547,160.34004345555087
Second_83,75,83,ReRZV_2d,2024,0.774534668401281,dN_VacZVL,0,0,0,0
Second_83,75,83,ReRZV_2d,2024,0.774534668401281,dN_VacRZV,2,2,2,2
Second_83,75,83,ReRZV_2d,2024,0.774534668401281,dN_VacZVL_d,0,0,0,0
Second_83,75,83,ReRZV_2d,2024,0.774534668401281,dN_VacRZV_d,2,2,2,2
Second_83,75,83,ReRZV_2d,2024,0.774534668401281,ICER,27773.873851888628,25347.175037103585,17719.673856400263,53666.297463137285
Second_83,75,83,ReRZV_2d,2024,0.774534668401281,Price0,85,85,84.99999999999999,85.00000000000001
Second_83,75,83,ReRZV_2d,2024,0.774534668401281,Thres20,67.95195656170317,68.99566818785834,34.696145988338714,94.36275836200299
Second_83,75,83,ReRZV_2d,2024,0.774534668401281,Thres30,97.3169868737456,98.97777113771426,49.63810451581232,135.47574375907394
Second_83,75,83,ReRZV_2d,2024,0.774534668401281,Thres20_50,NA,68.99566818785834,NA,NA
Second_83,75,83,ReRZV_2d,2024,0.774534668401281,Thres30_90,NA,67.18870863965591,NA,NA
Second_83,75,83,ReRZV_2d,2024,0.774534668401281,Thres,NA,67.18870863965591,NA,NA
Second_84,70,84,ReRZV_1d,2024,0.6667188262423928,N0,0.6667188262423928,0.6667188262423928,0.6667188262423928,0.6667188262423928
Second_84,70,84,ReRZV_1d,2024,0.6667188262423928,dYear_Life,3.6392921479167525e-4,3.6579166056006e-4,1.5256378662084863e-4,5.537063659637681e-4
Second_84,70,84,ReRZV_1d,2024,0.6667188262423928,dYear_Immunised,3.772407678464293,3.8241040759732625,1.6164587837804472,5.546384487660859
Second_84,70,84,ReRZV_1d,2024,0.6667188262423928,dRisk_HZ,-0.056590965826677594,-0.057403529551386764,-0.08357508119572163,-0.024176384818727716
Second_84,70,84,ReRZV_1d,2024,0.6667188262423928,dRisk_Hosp,-0.004589591666157913,-0.004616841844144599,-0.007119259955938478,-0.001990576905975852
Second_84,70,84,ReRZV_1d,2024,0.6667188262423928,dRisk_PHN,-0.005053518797943135,-0.005067055245811396,-0.00767542767017632,-0.0020727347569921297
Second_84,70,84,ReRZV_1d,2024,0.6667188262423928,dRisk_Death,-1.2044383813483397e-4,-1.2089635637048126e-4,-1.8279901442705507e-4,-5.1575216049117405e-5
Second_84,70,84,ReRZV_1d,2024,0.6667188262423928,dQ_Life,2.4329661892329927e-4,2.4433016036358955e-4,1.01793370729655e-4,3.701667736279829e-4
Second_84,70,84,ReRZV_1d,2024,0.6667188262423928,dQ_HZ,0.005466886305845008,0.005478923104372743,0.0023051803610080568,0.008356486630633597
Second_84,70,84,ReRZV_1d,2024,0.6667188262423928,dQ_HZ_Norm,0.0015643550525078647,0.001573916119361524,6.531396746970798e-4,0.0023890373517601706
Second_84,70,84,ReRZV_1d,2024,0.6667188262423928,dQ_All,0.005703606139693744,0.0057240558389729905,0.002400351231610464,0.008703860857744019
Second_84,70,84,ReRZV_1d,2024,0.6667188262423928,dQ_HZ_d,0.005127930661033584,0.00514219919183552,0.0021459673940933317,0.007839147774496399
Second_84,70,84,ReRZV_1d,2024,0.6667188262423928,dQ_HZ_Norm_d,0.001470597305932563,0.0014781872354887628,6.093783420951441e-4,0.0022493656646843116
Second_84,70,84,ReRZV_1d,2024,0.6667188262423928,dQ_Life_d,2.1392947523905565e-4,2.1507121362213355e-4,8.93158914492442e-5,3.2551499064858844e-4
Second_84,70,84,ReRZV_1d,2024,0.6667188262423928,dQ_All_d,0.005341860136272637,0.005353280138722331,0.0022367996612245315,0.008159544014425679
Second_84,70,84,ReRZV_1d,2024,0.6667188262423928,dC_Hosp,-13.000740725605993,-13.002984308544061,-20.136746367436146,-5.599408429344903
Second_84,70,84,ReRZV_1d,2024,0.6667188262423928,dC_GP_NonPHN,-3.761017945256041,-3.7963651088223407,-5.579938934080582,-1.5924164353666908
Second_84,70,84,ReRZV_1d,2024,0.6667188262423928,dC_GP_PHN,-1.6622032462842553,-1.670048732700797,-2.5296302738961276,-0.6858933091368684
Second_84,70,84,ReRZV_1d,2024,0.6667188262423928,dC_GP,-5.423221191540296,-5.472402545151652,-8.031734247888108,-2.286177514147552
Second_84,70,84,ReRZV_1d,2024,0.6667188262423928,dC_Med,-18.42396191714629,-18.56058890186906,-27.763948909052818,-7.926551045952785
Second_84,70,84,ReRZV_1d,2024,0.6667188262423928,dC_VacZVL,0,0,0,0
Second_84,70,84,ReRZV_1d,2024,0.6667188262423928,dC_VacRZV,85,85,85,85
Second_84,70,84,ReRZV_1d,2024,0.6667188262423928,dC_Vac,85,85,85,85
Second_84,70,84,ReRZV_1d,2024,0.6667188262423928,dC_All,66.57603808285371,66.43941109813093,57.23605109094719,77.07344895404721
Second_84,70,84,ReRZV_1d,2024,0.6667188262423928,dC_Hosp_d,-12.049991901203153,-12.042510591351114,-18.749407084379005,-5.1902802235795065
Second_84,70,84,ReRZV_1d,2024,0.6667188262423928,dC_GP_NonPHN_d,-3.537931152091357,-3.5720174982770425,-5.258604735618381,-1.4906474847441447
Second_84,70,84,ReRZV_1d,2024,0.6667188262423928,dC_GP_PHN_d,-1.567604803929405,-1.5745313073524603,-2.3873639151612434,-0.6427334616074866
Second_84,70,84,ReRZV_1d,2024,0.6667188262423928,dC_GP_d,-5.105535956020762,-5.150678436788216,-7.5700357605236714,-2.1335730202143828
Second_84,70,84,ReRZV_1d,2024,0.6667188262423928,dC_Med_d,-17.155527857223916,-17.30278923104955,-25.909231586595332,-7.342364263867885
Second_84,70,84,ReRZV_1d,2024,0.6667188262423928,dC_VacZVL_d,0,0,0,0
Second_84,70,84,ReRZV_1d,2024,0.6667188262423928,dC_VacRZV_d,85,85,85,85
Second_84,70,84,ReRZV_1d,2024,0.6667188262423928,dC_Vac_d,85,85,85,85
Second_84,70,84,ReRZV_1d,2024,0.6667188262423928,dC_All_d,67.84447214277608,67.69721076895046,59.09076841340467,77.65763573613211
Second_84,70,84,ReRZV_1d,2024,0.6667188262423928,dN_VacZVL,0,0,0,0
Second_84,70,84,ReRZV_1d,2024,0.6667188262423928,dN_VacRZV,1,1,1,1
Second_84,70,84,ReRZV_1d,2024,0.6667188262423928,dN_VacZVL_d,0,0,0,0
Second_84,70,84,ReRZV_1d,2024,0.6667188262423928,dN_VacRZV_d,1,1,1,1
Second_84,70,84,ReRZV_1d,2024,0.6667188262423928,ICER,14562.814150292334,12638.916040455924,7386.587585809204,34535.28509416956
Second_84,70,84,ReRZV_1d,2024,0.6667188262423928,Price0,85,85,85,85
Second_84,70,84,ReRZV_1d,2024,0.6667188262423928,Thres20,123.99273058267664,124.36640677688086,52.62153216625046,187.60455447515344
Second_84,70,84,ReRZV_1d,2024,0.6667188262423928,Thres30,177.41133194540302,178.12607999914468,74.89727273214169,269.0100174505503
Second_84,70,84,ReRZV_1d,2024,0.6667188262423928,Thres20_50,NA,124.36640677688086,NA,NA
Second_84,70,84,ReRZV_1d,2024,0.6667188262423928,Thres30_90,NA,107.23237818902763,NA,NA
Second_84,70,84,ReRZV_1d,2024,0.6667188262423928,Thres,NA,107.23237818902763,NA,NA
Second_84,70,84,ReRZV_2d,2024,0.6667188262423928,N0,0.6667188262423928,0.6667188262423928,0.6667188262423928,0.6667188262423928
Second_84,70,84,ReRZV_2d,2024,0.6667188262423928,dYear_Life,4.23591073792315e-4,4.2786546954357214e-4,2.3276116661240324e-4,5.794771012192711e-4
Second_84,70,84,ReRZV_2d,2024,0.6667188262423928,dYear_Immunised,4.392271314777545,4.505920236715861,2.4832682902580037,5.660877723586061
Second_84,70,84,ReRZV_2d,2024,0.6667188262423928,dRisk_HZ,-0.06589449414050993,-0.06735793312874727,-0.08575412551019339,-0.03742841533511594
Second_84,70,84,ReRZV_2d,2024,0.6667188262423928,dRisk_Hosp,-0.005338917389664047,-0.005381161610572922,-0.007407996727662563,-0.0030247087099493143
Second_84,70,84,ReRZV_2d,2024,0.6667188262423928,dRisk_PHN,-0.005882966308721442,-0.0059722989867772285,-0.007917110678563129,-0.003264360200525581
Second_84,70,84,ReRZV_2d,2024,0.6667188262423928,dRisk_Death,-1.4003915180528577e-4,-1.4148734651277223e-4,-1.915198302754712e-4,-7.816976536922521e-5
Second_84,70,84,ReRZV_2d,2024,0.6667188262423928,dQ_Life,2.8321319304871724e-4,2.861779997059891e-4,1.554552771446417e-4,3.875608976398102e-4
Second_84,70,84,ReRZV_2d,2024,0.6667188262423928,dQ_HZ,0.006364088578489259,0.006454976293171032,0.00354177495140209,0.008688611373724585
Second_84,70,84,ReRZV_2d,2024,0.6667188262423928,dQ_HZ_Norm,0.00182157943907387,0.001851662089449349,0.0010034209582693637,0.002481769296880005
Second_84,70,84,ReRZV_2d,2024,0.6667188262423928,dQ_All,0.0066396730897736,0.0067459027652140525,0.0036915046452865798,0.009027151830618621
Second_84,70,84,ReRZV_2d,2024,0.6667188262423928,dQ_HZ_d,0.005970784458771689,0.006059081299932347,0.003303088784669734,0.008154285418939096
Second_84,70,84,ReRZV_2d,2024,0.6667188262423928,dQ_HZ_Norm_d,0.001712766541369825,0.0017422433398031757,9.409942791844604e-4,0.002336136112671437
Second_84,70,84,ReRZV_2d,2024,0.6667188262423928,dQ_Life_d,2.490601021960239e-4,2.517666987526348e-4,1.3658089185134272e-4,3.404210979977661e-4
Second_84,70,84,ReRZV_2d,2024,0.6667188262423928,dQ_All_d,0.006219844560967711,0.006322717192129559,0.0034460324259658307,0.008460068242860976
Second_84,70,84,ReRZV_2d,2024,0.6667188262423928,dC_Hosp,-15.121178910831345,-15.238514581129898,-21.09635257693647,-8.566615874481103
Second_84,70,84,ReRZV_2d,2024,0.6667188262423928,dC_GP_NonPHN,-4.3799696634894785,-4.476235559706996,-5.7120879831563665,-2.466018203507024
Second_84,70,84,ReRZV_2d,2024,0.6667188262423928,dC_GP_PHN,-1.935225284432845,-1.966492094273276,-2.620177542129794,-1.0670970313517028
Second_84,70,84,ReRZV_2d,2024,0.6667188262423928,dC_GP,-6.315194947922323,-6.46536615848399,-8.223758570913093,-3.570903975083443
Second_84,70,84,ReRZV_2d,2024,0.6667188262423928,dC_Med,-21.43637385875367,-21.804703044573323,-28.965691831587485,-12.245972019411914
Second_84,70,84,ReRZV_2d,2024,0.6667188262423928,dC_VacZVL,0,0,0,0
Second_84,70,84,ReRZV_2d,2024,0.6667188262423928,dC_VacRZV,170,170,170,170
Second_84,70,84,ReRZV_2d,2024,0.6667188262423928,dC_Vac,170,170,170,170
Second_84,70,84,ReRZV_2d,2024,0.6667188262423928,dC_All,148.56362614124635,148.19529695542667,141.03430816841254,157.75402798058812
Second_84,70,84,ReRZV_2d,2024,0.6667188262423928,dC_Hosp_d,-14.018570586813977,-14.133026798170018,-19.56404756958826,-7.908042996053582
Second_84,70,84,ReRZV_2d,2024,0.6667188262423928,dC_GP_NonPHN_d,-4.12102917020065,-4.21320789295428,-5.374031212779774,-2.3158790618746163
Second_84,70,84,ReRZV_2d,2024,0.6667188262423928,dC_GP_PHN_d,-1.8254617385869154,-1.8548754569273411,-2.478820495864856,-1.0009245382207927
Second_84,70,84,ReRZV_2d,2024,0.6667188262423928,dC_GP_d,-5.946490908787565,-6.088292586628222,-7.757789031197061,-3.3500804768889734
Second_84,70,84,ReRZV_2d,2024,0.6667188262423928,dC_Med_d,-19.965061495601542,-20.284296237095703,-26.968235549700246,-11.34648763522111
Second_84,70,84,ReRZV_2d,2024,0.6667188262423928,dC_VacZVL_d,0,0,0,0
Second_84,70,84,ReRZV_2d,2024,0.6667188262423928,dC_VacRZV_d,170,170,170,170
Second_84,70,84,ReRZV_2d,2024,0.6667188262423928,dC_Vac_d,170,170,170,170
Second_84,70,84,ReRZV_2d,2024,0.6667188262423928,dC_All_d,150.03493850439847,149.7157037629043,143.03176445029976,158.6535123647789
Second_84,70,84,ReRZV_2d,2024,0.6667188262423928,dN_VacZVL,0,0,0,0
Second_84,70,84,ReRZV_2d,2024,0.6667188262423928,dN_VacRZV,2,2,2,2
Second_84,70,84,ReRZV_2d,2024,0.6667188262423928,dN_VacZVL_d,0,0,0,0
Second_84,70,84,ReRZV_2d,2024,0.6667188262423928,dN_VacRZV_d,2,2,2,2
Second_84,70,84,ReRZV_2d,2024,0.6667188262423928,ICER,25542.41111344502,23728.427353453037,17089.095358623952,46093.81866201579
Second_84,70,84,ReRZV_2d,2024,0.6667188262423928,Price0,85,85,85,85
Second_84,70,84,ReRZV_2d,2024,0.6667188262423928,Thres20,72.18097635747789,73.24864073476678,40.27325095099808,97.42280116917911
Second_84,70,84,ReRZV_2d,2024,0.6667188262423928,Thres30,103.28019916231645,104.82005060163283,57.41297651891587,139.70678071722983
Second_84,70,84,ReRZV_2d,2024,0.6667188262423928,Thres20_50,NA,73.24864073476678,NA,NA
Second_84,70,84,ReRZV_2d,2024,0.6667188262423928,Thres30_90,NA,74.57529225379521,NA,NA
Second_84,70,84,ReRZV_2d,2024,0.6667188262423928,Thres,NA,73.24864073476678,NA,NA
Second_84,75,84,ReRZV_1d,2024,0.7315429113052911,N0,0.7315429113052911,0.7315429113052911,0.7315429113052911,0.7315429113052911
Second_84,75,84,ReRZV_1d,2024,0.7315429113052911,dYear_Life,3.280217827566422e-4,3.3076843056225973e-4,1.1652540746617812e-4,5.17598770911396e-4
Second_84,75,84,ReRZV_1d,2024,0.7315429113052911,dYear_Immunised,3.394614832613792,3.4382008856342834,1.240119813217742,5.158379148581079
Second_84,75,84,ReRZV_1d,2024,0.7315429113052911,dRisk_HZ,-0.04635772482382508,-0.0469584687676142,-0.07098226643108548,-0.01673803321222134
Second_84,75,84,ReRZV_1d,2024,0.7315429113052911,dRisk_Hosp,-0.003795964460772566,-0.003822031802316326,-0.006050604835865841,-0.001416665587589002
Second_84,75,84,ReRZV_1d,2024,0.7315429113052911,dRisk_PHN,-0.004132281386773498,-0.00414782619302565,-0.006514698244377841,-0.0014537198840258456
Second_84,75,84,ReRZV_1d,2024,0.7315429113052911,dRisk_Death,-1.0005533496995269e-4,-1.006683211893054e-4,-1.563793167988005e-4,-3.7113218749793516e-5
Second_84,75,84,ReRZV_1d,2024,0.7315429113052911,dQ_Life,2.1903932585326454e-4,0.00022076514217095144,7.749716888403345e-5,3.4579860645671744e-4
Second_84,75,84,ReRZV_1d,2024,0.7315429113052911,dQ_HZ,0.0049202895785578436,0.004938451168067232,0.0017697077095158152,0.007788050113264329
Second_84,75,84,ReRZV_1d,2024,0.7315429113052911,dQ_HZ_Norm,0.0014053900833834192,0.0014197594578479128,5.000529486677499e-4,0.002222049687324016
Second_84,75,84,ReRZV_1d,2024,0.7315429113052911,dQ_All,0.005133180931090383,0.00514105373412356,0.001854309047899058,0.0081226528144753
Second_84,75,84,ReRZV_1d,2024,0.7315429113052911,dQ_HZ_d,0.004604920036458737,0.004614485266968817,0.0016411261472580056,0.007292165955781968
Second_84,75,84,ReRZV_1d,2024,0.7315429113052911,dQ_HZ_Norm_d,0.0013182574603309563,0.0013309114806014032,4.6452370403851444e-4,0.002086282406638191
Second_84,75,84,ReRZV_1d,2024,0.7315429113052911,dQ_Life_d,1.9234542814858247e-4,1.938371334783751e-4,6.75196421161763e-5,3.0378279267402386e-4
Second_84,75,84,ReRZV_1d,2024,0.7315429113052911,dQ_All_d,0.004797265464607334,0.004807355573596553,0.001717207895723157,0.0075949014667979495
Second_84,75,84,ReRZV_1d,2024,0.7315429113052911,dC_Hosp,-11.81436505832992,-11.882391862140969,-18.878240183702303,-4.379601577286135
Second_84,75,84,ReRZV_1d,2024,0.7315429113052911,dC_GP_NonPHN,-3.3770285786509477,-3.414776102231123,-5.206903557426189,-1.206467570456647
Second_84,75,84,ReRZV_1d,2024,0.7315429113052911,dC_GP_PHN,-1.4897052696168216,-1.5044410347871695,-2.368810090110291,-0.5102485786803804
Second_84,75,84,ReRZV_1d,2024,0.7315429113052911,dC_GP,-4.866733848267769,-4.923299038639486,-7.487189645316999,-1.7080521168733334
Second_84,75,84,ReRZV_1d,2024,0.7315429113052911,dC_Med,-16.68109890659769,-16.821254726789626,-26.00305842078646,-6.208602566269841
Second_84,75,84,ReRZV_1d,2024,0.7315429113052911,dC_VacZVL,0,0,0,0
Second_84,75,84,ReRZV_1d,2024,0.7315429113052911,dC_VacRZV,85,85,85,85
Second_84,75,84,ReRZV_1d,2024,0.7315429113052911,dC_Vac,85,85,85,85
Second_84,75,84,ReRZV_1d,2024,0.7315429113052911,dC_All,68.31890109340232,68.17874527321038,58.99694157921353,78.79139743373015
Second_84,75,84,ReRZV_1d,2024,0.7315429113052911,dC_Hosp_d,-10.925405662561667,-10.980146337595315,-17.527168400264625,-4.012220688186198
Second_84,75,84,ReRZV_1d,2024,0.7315429113052911,dC_GP_NonPHN_d,-3.1697887567667222,-3.2035297930981685,-4.890056734771193,-1.1200308820151668
Second_84,75,84,ReRZV_1d,2024,0.7315429113052911,dC_GP_PHN_d,-1.401967935428924,-1.4152928170906838,-2.227614157003762,-0.47519557411609487
Second_84,75,84,ReRZV_1d,2024,0.7315429113052911,dC_GP_d,-4.571756692195646,-4.619202061149609,-7.050837545359072,-1.5848764105122397
Second_84,75,84,ReRZV_1d,2024,0.7315429113052911,dC_Med_d,-15.497162354757313,-15.632128914398255,-24.233354669192753,-5.738837052525341
Second_84,75,84,ReRZV_1d,2024,0.7315429113052911,dC_VacZVL_d,0,0,0,0
Second_84,75,84,ReRZV_1d,2024,0.7315429113052911,dC_VacRZV_d,85,85,85,85
Second_84,75,84,ReRZV_1d,2024,0.7315429113052911,dC_Vac_d,85,85,85,85
Second_84,75,84,ReRZV_1d,2024,0.7315429113052911,dC_All_d,69.50283764524269,69.36787108560175,60.766645330807236,79.26116294747466
Second_84,75,84,ReRZV_1d,2024,0.7315429113052911,dN_VacZVL,0,0,0,0
Second_84,75,84,ReRZV_1d,2024,0.7315429113052911,dN_VacRZV,1,1,1,1
Second_84,75,84,ReRZV_1d,2024,0.7315429113052911,dN_VacZVL_d,0,0,0,0
Second_84,75,84,ReRZV_1d,2024,0.7315429113052911,dN_VacRZV_d,1,1,1,1
Second_84,75,84,ReRZV_1d,2024,0.7315429113052911,ICER,17351.636256418293,14365.21402563058,8092.845356811709,45716.79840064737
Second_84,75,84,ReRZV_1d,2024,0.7315429113052911,Price0,85,85,85,85
Second_84,75,84,ReRZV_1d,2024,0.7315429113052911,Thres20,111.442471646904,112.02452453593133,40.46800277339648,175.99583034032364
Second_84,75,84,ReRZV_1d,2024,0.7315429113052911,Thres30,159.41512629297733,160.11912032209494,57.93436870778358,251.73999227654832
Second_84,75,84,ReRZV_1d,2024,0.7315429113052911,Thres20_50,NA,112.02452453593133,NA,NA
Second_84,75,84,ReRZV_1d,2024,0.7315429113052911,Thres30_90,NA,88.43275072140008,NA,NA
Second_84,75,84,ReRZV_1d,2024,0.7315429113052911,Thres,NA,88.43275072140008,NA,NA
Second_84,75,84,ReRZV_2d,2024,0.7315429113052911,N0,0.7315429113052911,0.7315429113052911,0.7315429113052911,0.7315429113052911
Second_84,75,84,ReRZV_2d,2024,0.7315429113052911,dYear_Life,3.876837012351994e-4,3.919320315485603e-4,1.9914970137729934e-4,5.383807067052083e-4
Second_84,75,84,ReRZV_2d,2024,0.7315429113052911,dYear_Immunised,4.0144790842537175,4.127205141154221,2.1293645854566905,5.328560871562211
Second_84,75,84,ReRZV_2d,2024,0.7315429113052911,dRisk_HZ,-0.054836841294776784,-0.056244526958925845,-0.07290871917933998,-0.028972131242058524
Second_84,75,84,ReRZV_2d,2024,0.7315429113052911,dRisk_Hosp,-0.004478890324138354,-0.004520421786096395,-0.00635393810975905,-0.0023607440731336516
Second_84,75,84,ReRZV_2d,2024,0.7315429113052911,dRisk_PHN,-0.004888229221220146,-0.004973075903612269,-0.0067380807852930385,-0.0025032229472575526
Second_84,75,84,ReRZV_2d,2024,0.7315429113052911,dRisk_Death,-1.179142525087531e-4,-1.1924257349195491e-4,-1.6401223167551468e-4,-6.184478766963369e-5
Second_84,75,84,ReRZV_2d,2024,0.7315429113052911,dQ_Life,2.589559397720958e-4,2.6197130948154993e-4,1.3276605413491414e-4,3.597900784612864e-4
Second_84,75,84,ReRZV_2d,2024,0.7315429113052911,dQ_HZ,0.005817492741994094,0.005919540895533816,0.002973486794145383,0.00809165060103652
Second_84,75,84,ReRZV_2d,2024,0.7315429113052911,dQ_HZ_Norm,0.001662614725266229,0.0016945666945295031,8.524335477438286e-4,0.002297513933158384
Second_84,75,84,ReRZV_2d,2024,0.7315429113052911,dQ_All,0.006069248810706964,0.0061806487828601955,0.00312148142371122,0.008448770531397325
Second_84,75,84,ReRZV_2d,2024,0.7315429113052911,dQ_HZ_d,0.0054477746710341,0.005546580070286517,0.0027721314923508707,0.007578469564233467
Second_84,75,84,ReRZV_2d,2024,0.7315429113052911,dQ_HZ_Norm_d,0.001560426936143365,0.001589744595602223,7.968106724120119e-4,0.002163072866165778
Second_84,75,84,ReRZV_2d,2024,0.7315429113052911,dQ_Life_d,2.274760901276609e-4,2.3004060693157866e-4,1.1649548586016787e-4,3.164170135726196e-4
Second_84,75,84,ReRZV_2d,2024,0.7315429113052911,dQ_All_d,0.005675250761161765,0.005777026369481311,0.002904724345665923,0.007882088446635502
Second_84,75,84,ReRZV_2d,2024,0.7315429113052911,dC_Hosp,-13.934805348024677,-14.071418781388363,-19.751771833085346,-7.345533510631692
Second_84,75,84,ReRZV_2d,2024,0.7315429113052911,dC_GP_NonPHN,-3.9959809113741382,-4.099105460312302,-5.347414932935061,-2.0932433984914836
Second_84,75,84,ReRZV_2d,2024,0.7315429113052911,dC_GP_PHN,-1.7627275787166647,-1.7929658777256279,-2.4380212788675726,-0.8978519432851273
Second_84,75,84,ReRZV_2d,2024,0.7315429113052911,dC_GP,-5.758708490090803,-5.914399425394988,-7.692875995874832,-3.019847756266641
Second_84,75,84,ReRZV_2d,2024,0.7315429113052911,dC_Med,-19.69351383811548,-20.02708324198284,-27.140472906684106,-10.481402924529027
Second_84,75,84,ReRZV_2d,2024,0.7315429113052911,dC_VacZVL,0,0,0,0
Second_84,75,84,ReRZV_2d,2024,0.7315429113052911,dC_VacRZV,170,170,170,170
Second_84,75,84,ReRZV_2d,2024,0.7315429113052911,dC_Vac,170,170,170,170
Second_84,75,84,ReRZV_2d,2024,0.7315429113052911,dC_All,150.30648616188452,149.97291675801716,142.85952709331588,159.518597075471
Second_84,75,84,ReRZV_2d,2024,0.7315429113052911,dC_Hosp_d,-12.893986301952502,-13.03515166830672,-18.304915983979594,-6.774888976134401
Second_84,75,84,ReRZV_2d,2024,0.7315429113052911,dC_GP_NonPHN_d,-3.7528873537738,-3.8511895164067553,-5.0274750408832745,-1.9569492825780317
Second_84,75,84,ReRZV_2d,2024,0.7315429113052911,dC_GP_PHN_d,-1.6598251259902057,-1.6894203500749767,-2.297784071385822,-0.8398468021266846
Second_84,75,84,ReRZV_2d,2024,0.7315429113052911,dC_GP_d,-5.412712479764005,-5.556124680174207,-7.238386125043372,-2.8189134820748993
Second_84,75,84,ReRZV_2d,2024,0.7315429113052911,dC_Med_d,-18.30669878171651,-18.60539904887242,-25.266166740313786,-9.665037654924562
Second_84,75,84,ReRZV_2d,2024,0.7315429113052911,dC_VacZVL_d,0,0,0,0
Second_84,75,84,ReRZV_2d,2024,0.7315429113052911,dC_VacRZV_d,170,170,170,170
Second_84,75,84,ReRZV_2d,2024,0.7315429113052911,dC_Vac_d,170,170,170,170
Second_84,75,84,ReRZV_2d,2024,0.7315429113052911,dC_All_d,151.6933012182835,151.3946009511276,144.73383325968624,160.33496234507544
Second_84,75,84,ReRZV_2d,2024,0.7315429113052911,dN_VacZVL,0,0,0,0
Second_84,75,84,ReRZV_2d,2024,0.7315429113052911,dN_VacRZV,2,2,2,2
Second_84,75,84,ReRZV_2d,2024,0.7315429113052911,dN_VacZVL_d,0,0,0,0
Second_84,75,84,ReRZV_2d,2024,0.7315429113052911,dN_VacRZV_d,2,2,2,2
Second_84,75,84,ReRZV_2d,2024,0.7315429113052911,ICER,28669.522509412738,26196.3151100232,18500.945578203486,55045.26501987734
Second_84,75,84,ReRZV_2d,2024,0.7315429113052911,Price0,85,85,85,85
Second_84,75,84,ReRZV_2d,2024,0.7315429113052911,Thres20,65.90585700247591,67.11245061185565,34.303634297682834,90.97219715159517
Second_84,75,84,ReRZV_2d,2024,0.7315429113052911,Thres30,94.28211080828473,96.01455780589785,48.79249787248554,130.45187473566384
Second_84,75,84,ReRZV_2d,2024,0.7315429113052911,Thres20_50,NA,67.11245061185565,NA,NA
Second_84,75,84,ReRZV_2d,2024,0.7315429113052911,Thres30_90,NA,65.43117599893475,NA,NA
Second_84,75,84,ReRZV_2d,2024,0.7315429113052911,Thres,NA,65.43117599893475,NA,NA
Second_85,70,85,ReRZV_1d,2024,0.6249134990564751,N0,0.6249134990564751,0.6249134990564751,0.6249134990564751,0.6249134990564751
Second_85,70,85,ReRZV_1d,2024,0.6249134990564751,dYear_Life,3.547861226124632e-4,3.5626513454671375e-4,1.4961210835821227e-4,5.397124994141287e-4
Second_85,70,85,ReRZV_1d,2024,0.6249134990564751,dYear_Immunised,3.556088501517357,3.6065501663344994,1.5435373697893078,5.207599720435109
Second_85,70,85,ReRZV_1d,2024,0.6249134990564751,dRisk_HZ,-0.05720393001602686,-0.05788647965248346,-0.08430376597505812,-0.0247418894226204
Second_85,70,85,ReRZV_1d,2024,0.6249134990564751,dRisk_Hosp,-0.004866264397634176,-0.004887699804637793,-0.007581705946302243,-0.002107986609174212
Second_85,70,85,ReRZV_1d,2024,0.6249134990564751,dRisk_PHN,-0.005069904289873148,-0.005079277695207525,-0.007694030783525782,-0.0021150287408915358
Second_85,70,85,ReRZV_1d,2024,0.6249134990564751,dRisk_Death,-1.311532279640346e-4,-1.3165074806879753e-4,-1.9931638192569002e-4,-5.641040900697458e-5
Second_85,70,85,ReRZV_1d,2024,0.6249134990564751,dQ_Life,2.3624816614161145e-4,2.3734793170845686e-4,9.953852969339404e-5,3.5949051665353085e-4
Second_85,70,85,ReRZV_1d,2024,0.6249134990564751,dQ_HZ,0.005170451192261542,0.005184776588146655,0.002204306703905861,0.007887360936874442
Second_85,70,85,ReRZV_1d,2024,0.6249134990564751,dQ_HZ_Norm,0.0014663836383390653,0.001474317848397388,6.128670731761388e-4,0.0022419090985560486
Second_85,70,85,ReRZV_1d,2024,0.6249134990564751,dQ_All,0.00539972063420254,0.005416365939817293,0.0022911825269909046,0.008225242952640556
Second_85,70,85,ReRZV_1d,2024,0.6249134990564751,dQ_HZ_d,0.004871902563455211,0.004885520789495855,0.00206362332611511,0.007435566393583505
Second_85,70,85,ReRZV_1d,2024,0.6249134990564751,dQ_HZ_Norm_d,0.001384343545889187,0.0013930227220472068,5.78676390339433e-4,0.0021156795414691678
Second_85,70,85,ReRZV_1d,2024,0.6249134990564751,dQ_Life_d,2.095993479535672e-4,2.1073648238345655e-4,8.840533902895429e-5,3.18980062450743e-4
Second_85,70,85,ReRZV_1d,2024,0.6249134990564751,dQ_All_d,0.005081501911408772,0.005094735595292269,0.0021451692609949814,0.007748497162535308
Second_85,70,85,ReRZV_1d,2024,0.6249134990564751,dC_Hosp,-12.883528713499619,-12.931592480218093,-20.05111436953978,-5.598223713784324
Second_85,70,85,ReRZV_1d,2024,0.6249134990564751,dC_GP_NonPHN,-3.51745665597956,-3.5589162345414262,-5.180020094877909,-1.5169067176738984
Second_85,70,85,ReRZV_1d,2024,0.6249134990564751,dC_GP_PHN,-1.541769608709631,-1.5483284783912883,-2.3655536379713187,-0.6421505152881702
Second_85,70,85,ReRZV_1d,2024,0.6249134990564751,dC_GP,-5.059226264689191,-5.101179042661323,-7.4692184299792315,-2.1653143638330907
Second_85,70,85,ReRZV_1d,2024,0.6249134990564751,dC_Med,-17.94275497818881,-18.111354491862727,-27.14909753505872,-7.832087631718571
Second_85,70,85,ReRZV_1d,2024,0.6249134990564751,dC_VacZVL,0,0,0,0
Second_85,70,85,ReRZV_1d,2024,0.6249134990564751,dC_VacRZV,85,85,85,85
Second_85,70,85,ReRZV_1d,2024,0.6249134990564751,dC_Vac,85,85,85,85
Second_85,70,85,ReRZV_1d,2024,0.6249134990564751,dC_All,67.05724502181118,66.88864550813727,57.85090246494128,77.1679123682814
Second_85,70,85,ReRZV_1d,2024,0.6249134990564751,dC_Hosp_d,-12.02201104171703,-12.061123252900284,-18.73709642157734,-5.193923161656118
Second_85,70,85,ReRZV_1d,2024,0.6249134990564751,dC_GP_NonPHN_d,-3.322675612298639,-3.3624715335984545,-4.894786895065373,-1.4253305285449214
Second_85,70,85,ReRZV_1d,2024,0.6249134990564751,dC_GP_PHN_d,-1.4599189156881418,-1.4670662333370488,-2.2411701544401534,-0.6040552900727886
Second_85,70,85,ReRZV_1d,2024,0.6249134990564751,dC_GP_d,-4.782594527986781,-4.827026075530777,-7.069272234789521,-2.0350215344355873
Second_85,70,85,ReRZV_1d,2024,0.6249134990564751,dC_Med_d,-16.80460556970381,-16.947076492475453,-25.379987611402125,-7.319152456892928
Second_85,70,85,ReRZV_1d,2024,0.6249134990564751,dC_VacZVL_d,0,0,0,0
Second_85,70,85,ReRZV_1d,2024,0.6249134990564751,dC_VacRZV_d,85,85,85,85
Second_85,70,85,ReRZV_1d,2024,0.6249134990564751,dC_Vac_d,85,85,85,85
Second_85,70,85,ReRZV_1d,2024,0.6249134990564751,dC_All_d,68.19539443029619,68.05292350752455,59.620012388597864,77.68084754310708
Second_85,70,85,ReRZV_1d,2024,0.6249134990564751,dN_VacZVL,0,0,0,0
Second_85,70,85,ReRZV_1d,2024,0.6249134990564751,dN_VacRZV,1,1,1,1
Second_85,70,85,ReRZV_1d,2024,0.6249134990564751,dN_VacZVL_d,0,0,0,0
Second_85,70,85,ReRZV_1d,2024,0.6249134990564751,dN_VacRZV_d,1,1,1,1
Second_85,70,85,ReRZV_1d,2024,0.6249134990564751,ICER,15324.142339271233,13349.183410841888,7850.385601558154,35858.471776511935
Second_85,70,85,ReRZV_1d,2024,0.6249134990564751,Price0,85,85,85,85
Second_85,70,85,ReRZV_1d,2024,0.6249134990564751,Thres20,118.43464379787925,118.83675047546157,50.98370397526217,179.0002669827046
Second_85,70,85,ReRZV_1d,2024,0.6249134990564751,Thres30,169.24966291196696,169.7651710325685,72.43362352424003,256.32271444739894
Second_85,70,85,ReRZV_1d,2024,0.6249134990564751,Thres20_50,NA,118.83675047546157,NA,NA
Second_85,70,85,ReRZV_1d,2024,0.6249134990564751,Thres30_90,NA,102.5311062690957,NA,NA
Second_85,70,85,ReRZV_1d,2024,0.6249134990564751,Thres,NA,102.5311062690957,NA,NA
Second_85,70,85,ReRZV_2d,2024,0.6249134990564751,N0,0.6249134990564751,0.6249134990564751,0.6249134990564751,0.6249134990564751
Second_85,70,85,ReRZV_2d,2024,0.6249134990564751,dYear_Life,4.1228324888130174e-4,4.169311064455848e-4,2.2619047155119924e-4,5.630789623402279e-4
Second_85,70,85,ReRZV_2d,2024,0.6249134990564751,dYear_Immunised,4.13279060812821,4.240962149862854,2.3531414044360908,5.312673204597618
Second_85,70,85,ReRZV_2d,2024,0.6249134990564751,dRisk_HZ,-0.06648495190991144,-0.06796637396988371,-0.08608160571782578,-0.038096803877629724
Second_85,70,85,ReRZV_2d,2024,0.6249134990564751,dRisk_Hosp,-0.005651746078781783,-0.005690964726725338,-0.007934468079635276,-0.0032395771298471022
Second_85,70,85,ReRZV_2d,2024,0.6249134990564751,dRisk_PHN,-0.005890923164109257,-0.005954107946969281,-0.007933961485607972,-0.0032956316765263144
Second_85,70,85,ReRZV_2d,2024,0.6249134990564751,dRisk_Death,-1.5228112447128646e-4,-1.5388474579377962e-4,-2.0862393256432514e-4,-8.43724154930135e-5
Second_85,70,85,ReRZV_2d,2024,0.6249134990564751,dQ_Life,2.7455908151846284e-4,2.776387573337571e-4,1.5048405245997464e-4,3.7498247948188377e-4
Second_85,70,85,ReRZV_2d,2024,0.6249134990564751,dQ_HZ,0.00600806885472288,0.0060950784308293985,0.003366361283313252,0.008214678888426936
Second_85,70,85,ReRZV_2d,2024,0.6249134990564751,dQ_HZ_Norm,0.0017043268491538231,0.0017307997197560073,9.41601137999041e-4,0.0023214102585579805
Second_85,70,85,ReRZV_2d,2024,0.6249134990564751,dQ_All,0.006274540719996268,0.006375866171817653,0.0035112407852384434,0.008537143142312405
Second_85,70,85,ReRZV_2d,2024,0.6249134990564751,dQ_HZ_d,0.0056620721483959455,0.005748005918758629,0.0031553281546332305,0.007733417873734941
Second_85,70,85,ReRZV_2d,2024,0.6249134990564751,dQ_HZ_Norm_d,0.0016092315783607287,0.0016354362813731675,8.868053223444521e-4,0.002190273218808633
Second_85,70,85,ReRZV_2d,2024,0.6249134990564751,dQ_Life_d,2.4361218986322755e-4,2.465550356005405e-4,1.3340204924324793e-4,3.327193978283125e-4
Second_85,70,85,ReRZV_2d,2024,0.6249134990564751,dQ_All_d,0.005905684338259174,0.0060022451182312414,0.0032878088306604086,0.008034458382696575
Second_85,70,85,ReRZV_2d,2024,0.6249134990564751,dC_Hosp,-14.961562157772988,-15.110433006249522,-21.00793560403811,-8.499799258221334
Second_85,70,85,ReRZV_2d,2024,0.6249134990564751,dC_GP_NonPHN,-4.088668976330769,-4.181923867145212,-5.309269813980869,-2.3335187811944564
Second_85,70,85,ReRZV_2d,2024,0.6249134990564751,dC_GP_PHN,-1.7915923653848267,-1.8142700407340344,-2.4436761613692846,-0.9892059560701557
Second_85,70,85,ReRZV_2d,2024,0.6249134990564751,dC_GP,-5.880261341715596,-6.007720726762241,-7.644107757565172,-3.355646847404378
Second_85,70,85,ReRZV_2d,2024,0.6249134990564751,dC_Med,-20.841823499488584,-21.157968935601694,-28.311780408483386,-11.921177069302244
Second_85,70,85,ReRZV_2d,2024,0.6249134990564751,dC_VacZVL,0,0,0,0
Second_85,70,85,ReRZV_2d,2024,0.6249134990564751,dC_VacRZV,170,170,170,170
Second_85,70,85,ReRZV_2d,2024,0.6249134990564751,dC_Vac,170,170,170,170
Second_85,70,85,ReRZV_2d,2024,0.6249134990564751,dC_All,149.15817650051142,148.84203106439833,141.6882195915166,158.07882293069775
Second_85,70,85,ReRZV_2d,2024,0.6249134990564751,dC_Hosp_d,-13.963535512153808,-14.082334526749147,-19.64440147084526,-7.925804267693999
Second_85,70,85,ReRZV_2d,2024,0.6249134990564751,dC_GP_NonPHN_d,-3.862865707856882,-3.95365956844737,-5.022762003972154,-2.197532180030488
Second_85,70,85,ReRZV_2d,2024,0.6249134990564751,dC_GP_PHN_d,-1.6967428441374897,-1.7201531592248531,-2.313057025076274,-0.9364298409804558
Second_85,70,85,ReRZV_2d,2024,0.6249134990564751,dC_GP_d,-5.559608551994372,-5.681612970468138,-7.231616470121495,-3.161715442228353
Second_85,70,85,ReRZV_2d,2024,0.6249134990564751,dC_Med_d,-19.52314406414818,-19.84568883002924,-26.55419288660438,-11.089973633024034
Second_85,70,85,ReRZV_2d,2024,0.6249134990564751,dC_VacZVL_d,0,0,0,0
Second_85,70,85,ReRZV_2d,2024,0.6249134990564751,dC_VacRZV_d,170,170,170,170
Second_85,70,85,ReRZV_2d,2024,0.6249134990564751,dC_Vac_d,170,170,170,170
Second_85,70,85,ReRZV_2d,2024,0.6249134990564751,dC_All_d,150.47685593585183,150.15431116997075,143.44580711339563,158.91002636697596
Second_85,70,85,ReRZV_2d,2024,0.6249134990564751,dN_VacZVL,0,0,0,0
Second_85,70,85,ReRZV_2d,2024,0.6249134990564751,dN_VacRZV,2,2,2,2
Second_85,70,85,ReRZV_2d,2024,0.6249134990564751,dN_VacZVL_d,0,0,0,0
Second_85,70,85,ReRZV_2d,2024,0.6249134990564751,dN_VacRZV_d,2,2,2,2
Second_85,70,85,ReRZV_2d,2024,0.6249134990564751,ICER,26952.693574770656,25000.799671301516,18072.54073429525,47929.06498592185
Second_85,70,85,ReRZV_2d,2024,0.6249134990564751,Price0,85,85,85,85
Second_85,70,85,ReRZV_2d,2024,0.6249134990564751,Thres20,68.81841541466582,69.98486004142993,38.599055990052406,92.65033828977175
Second_85,70,85,ReRZV_2d,2024,0.6249134990564751,Thres30,98.3468371059617,99.98322497244625,55.211185625317775,132.7306528997601
Second_85,70,85,ReRZV_2d,2024,0.6249134990564751,Thres20_50,NA,69.98486004142993,NA,NA
Second_85,70,85,ReRZV_2d,2024,0.6249134990564751,Thres30_90,NA,71.04766736809307,NA,NA
Second_85,70,85,ReRZV_2d,2024,0.6249134990564751,Thres,NA,69.98486004142993,NA,NA
Second_85,75,85,ReRZV_1d,2024,0.6856735957691706,N0,0.6856735957691706,0.6856735957691706,0.6856735957691706,0.6856735957691706
Second_85,75,85,ReRZV_1d,2024,0.6856735957691706,dYear_Life,3.232706302846233e-4,3.2566980502755016e-4,1.1872228447298833e-4,5.066694511613164e-4
Second_85,75,85,ReRZV_1d,2024,0.6856735957691706,dYear_Immunised,3.242501580512203,3.2877081995472963,1.233066048031489,4.897612884902384
Second_85,75,85,ReRZV_1d,2024,0.6856735957691706,dRisk_HZ,-0.04748943443066372,-0.04811767213256475,-0.07203277763961859,-0.017820054327905913
Second_85,75,85,ReRZV_1d,2024,0.6856735957691706,dRisk_Hosp,-0.00406747203090415,-0.004094296532294834,-0.006516767747124029,-0.001553728978662444
Second_85,75,85,ReRZV_1d,2024,0.6856735957691706,dRisk_PHN,-0.004202678179492048,-0.004225333751708995,-0.006590770377729366,-0.0015256009930920001
Second_85,75,85,ReRZV_1d,2024,0.6856735957691706,dRisk_Death,-1.0989232427293366e-4,-1.1061836619709998e-4,-1.7099790493350475e-4,-4.193146420290858e-5
Second_85,75,85,ReRZV_1d,2024,0.6856735957691706,dQ_Life,2.1505800161310216e-4,2.165964548811409e-4,7.855371602058545e-5,3.3735877830988936e-4
Second_85,75,85,ReRZV_1d,2024,0.6856735957691706,dQ_HZ,0.004714261752236211,0.004740927237873614,0.0017527488600314275,0.007416250358549104
Second_85,75,85,ReRZV_1d,2024,0.6856735957691706,dQ_HZ_Norm,0.0013351885815873596,0.0013492613379121532,4.941840487366997e-4,0.0020968376145652804
Second_85,75,85,ReRZV_1d,2024,0.6856735957691706,dQ_All,0.004922765781194549,0.0049460957016584945,0.0018316074829323678,0.007707607252019326
Second_85,75,85,ReRZV_1d,2024,0.6856735957691706,dQ_HZ_d,0.004434412353303524,0.004462341427679492,0.0016385666235566427,0.006988782737361355
Second_85,75,85,ReRZV_1d,2024,0.6856735957691706,dQ_HZ_Norm_d,0.001258355097334389,0.001271472980329827,4.6199521103790784e-4,0.00197775120529565
Second_85,75,85,ReRZV_1d,2024,0.6856735957691706,dQ_Life_d,1.9060831893326688e-4,1.9192973815605668e-4,6.924726816155567e-5,2.9886191418819616e-4
Second_85,75,85,ReRZV_1d,2024,0.6856735957691706,dQ_All_d,0.004625020672236806,0.00464758248567345,0.0017120479828620092,0.00725747238609526
Second_85,75,85,ReRZV_1d,2024,0.6856735957691706,dC_Hosp,-11.827400083719441,-11.884886190690874,-18.92258745679498,-4.550311623841473
Second_85,75,85,ReRZV_1d,2024,0.6856735957691706,dC_GP_NonPHN,-3.2013929332680426,-3.233477355202113,-4.874017826099815,-1.1905177513461138
Second_85,75,85,ReRZV_1d,2024,0.6856735957691706,dC_GP_PHN,-1.4010666352964107,-1.409681857368724,-2.2237853264055176,-0.49827333116536077
Second_85,75,85,ReRZV_1d,2024,0.6856735957691706,dC_GP,-4.602459568564454,-4.643044770636422,-7.020526408058767,-1.6828096288769196
Second_85,75,85,ReRZV_1d,2024,0.6856735957691706,dC_Med,-16.429859652283895,-16.615076629665687,-25.69505271617716,-6.317316033174913
Second_85,75,85,ReRZV_1d,2024,0.6856735957691706,dC_VacZVL,0,0,0,0
Second_85,75,85,ReRZV_1d,2024,0.6856735957691706,dC_VacRZV,85,85,85,85
Second_85,75,85,ReRZV_1d,2024,0.6856735957691706,dC_Vac,85,85,85,85
Second_85,75,85,ReRZV_1d,2024,0.6856735957691706,dC_All,68.5701403477161,68.3849233703343,59.30494728382285,78.68268396682508
Second_85,75,85,ReRZV_1d,2024,0.6856735957691706,dC_Hosp_d,-11.016954183887881,-11.076897666097864,-17.602811851808557,-4.197056441305827
Second_85,75,85,ReRZV_1d,2024,0.6856735957691706,dC_GP_NonPHN_d,-3.0190320656246588,-3.0524911218364243,-4.601305683944982,-1.113693904325006
Second_85,75,85,ReRZV_1d,2024,0.6856735957691706,dC_GP_PHN_d,-1.3245354799846405,-1.3347782131223838,-2.104274156194343,-0.466308389854234
Second_85,75,85,ReRZV_1d,2024,0.6856735957691706,dC_GP_d,-4.343567545609299,-4.3789774287190575,-6.629438954505845,-1.5733396879871333
Second_85,75,85,ReRZV_1d,2024,0.6856735957691706,dC_Med_d,-15.360521729497181,-15.541984115604656,-24.049890527881317,-5.864086617123335
Second_85,75,85,ReRZV_1d,2024,0.6856735957691706,dC_VacZVL_d,0,0,0,0
Second_85,75,85,ReRZV_1d,2024,0.6856735957691706,dC_VacRZV_d,85,85,85,85
Second_85,75,85,ReRZV_1d,2024,0.6856735957691706,dC_Vac_d,85,85,85,85
Second_85,75,85,ReRZV_1d,2024,0.6856735957691706,dC_All_d,69.63947827050282,69.45801588439535,60.95010947211868,79.13591338287667
Second_85,75,85,ReRZV_1d,2024,0.6856735957691706,dN_VacZVL,0,0,0,0
Second_85,75,85,ReRZV_1d,2024,0.6856735957691706,dN_VacRZV,1,1,1,1
Second_85,75,85,ReRZV_1d,2024,0.6856735957691706,dN_VacZVL_d,0,0,0,0
Second_85,75,85,ReRZV_1d,2024,0.6856735957691706,dN_VacRZV_d,1,1,1,1
Second_85,75,85,ReRZV_1d,2024,0.6856735957691706,ICER,17823.50531344708,14903.452743679962,8524.347226138609,45832.82118131048
Second_85,75,85,ReRZV_1d,2024,0.6856735957691706,Price0,85,85,85,85
Second_85,75,85,ReRZV_1d,2024,0.6856735957691706,Thres20,107.86093517423329,108.59417722978662,40.56479871659189,168.48822122464153
Second_85,75,85,ReRZV_1d,2024,0.6856735957691706,Thres30,154.11114189660137,155.04050456726333,57.84456880971109,241.37262512973192
Second_85,75,85,ReRZV_1d,2024,0.6856735957691706,Thres20_50,NA,108.59417722978662,NA,NA
Second_85,75,85,ReRZV_1d,2024,0.6856735957691706,Thres30_90,NA,87.48511624766854,NA,NA
Second_85,75,85,ReRZV_1d,2024,0.6856735957691706,Thres,NA,87.48511624766854,NA,NA
Second_85,75,85,ReRZV_2d,2024,0.6856735957691706,N0,0.6856735957691706,0.6856735957691706,0.6856735957691706,0.6856735957691706
Second_85,75,85,ReRZV_2d,2024,0.6856735957691706,dYear_Life,3.807678165831959e-4,3.855013862437181e-4,1.9744820890525873e-4,5.303935483627604e-4
Second_85,75,85,ReRZV_2d,2024,0.6856735957691706,dYear_Immunised,3.8192042863181297,3.928016548035356,2.059262047405917,5.039869484937203
Second_85,75,85,ReRZV_2d,2024,0.6856735957691706,dRisk_HZ,-0.055948030441944255,-0.057412001418896366,-0.07398795110365908,-0.02999905793934667
Second_85,75,85,ReRZV_2d,2024,0.6856735957691706,dRisk_Hosp,-0.004783349260018595,-0.0048386125307263595,-0.006827172905180847,-0.002557758965794794
Second_85,75,85,ReRZV_2d,2024,0.6856735957691706,dRisk_PHN,-0.004950943519289831,-0.005008501908823786,-0.006813634220011213,-0.0025723074797205274
Second_85,75,85,ReRZV_2d,2024,0.6856735957691706,dRisk_Death,-1.2914799897392854e-4,-1.3035884430147036e-4,-1.7923733101338977e-4,-6.828274424099934e-5
Second_85,75,85,ReRZV_2d,2024,0.6856735957691706,dQ_Life,2.533689569882108e-4,2.56616760703283e-4,1.3109328682981013e-4,3.5315409457760324e-4
Second_85,75,85,ReRZV_2d,2024,0.6856735957691706,dQ_HZ,0.0055518802851549035,0.0056502257248746204,0.002899002349576984,0.0077161228035907345
Second_85,75,85,ReRZV_2d,2024,0.6856735957691706,dQ_HZ_Norm,0.001573132039597295,0.0016033769785883804,8.171563740403525e-4,0.0021796264949710425
Second_85,75,85,ReRZV_2d,2024,0.6856735957691706,dQ_All,0.005797586776286467,0.0058982153382288955,0.003020124073009256,0.0080343457544444
Second_85,75,85,ReRZV_2d,2024,0.6856735957691706,dQ_HZ_d,0.005224582759397852,0.005315967930946195,0.0027195833701041993,0.007267488421384431
Second_85,75,85,ReRZV_2d,2024,0.6856735957691706,dQ_HZ_Norm_d,0.0014832433634399587,0.001512195292643804,7.671780511118643e-4,0.002058550160489153
Second_85,75,85,ReRZV_2d,2024,0.6856735957691706,dQ_Life_d,2.2462119635361513e-4,2.274584325562875e-4,1.1597223788670493e-4,3.132210540736582e-4
Second_85,75,85,ReRZV_2d,2024,0.6856735957691706,dQ_All_d,0.005449203955751468,0.005545352030396272,0.002830331404817385,0.007552065725966825
Second_85,75,85,ReRZV_2d,2024,0.6856735957691706,dC_Hosp,-13.905435686508161,-14.058852476800087,-19.804984972720945,-7.411988585650326
Second_85,75,85,ReRZV_2d,2024,0.6856735957691706,dC_GP_NonPHN,-3.772605847168439,-3.8679050164525446,-5.017343915963744,-2.007804054885508
Second_85,75,85,ReRZV_2d,2024,0.6856735957691706,dC_GP_PHN,-1.6508896515275129,-1.673031894843538,-2.2909598722529396,-0.8557602353310139
Second_85,75,85,ReRZV_2d,2024,0.6856735957691706,dC_GP,-5.423495498695952,-5.5570491218276095,-7.193181514939904,-2.886942285433829
Second_85,75,85,ReRZV_2d,2024,0.6856735957691706,dC_Med,-19.328931185204112,-19.68555653229729,-26.67590264315096,-10.311936462794998
Second_85,75,85,ReRZV_2d,2024,0.6856735957691706,dC_VacZVL,0,0,0,0
Second_85,75,85,ReRZV_2d,2024,0.6856735957691706,dC_VacRZV,170,170,170,170
Second_85,75,85,ReRZV_2d,2024,0.6856735957691706,dC_Vac,170,170,170,170
Second_85,75,85,ReRZV_2d,2024,0.6856735957691706,dC_All,150.6710688147959,150.31444346770274,143.32409735684902,159.688063537205
Second_85,75,85,ReRZV_2d,2024,0.6856735957691706,dC_Hosp_d,-12.958480671066459,-13.092496665640823,-18.531725818490944,-6.874091731189064
Second_85,75,85,ReRZV_2d,2024,0.6856735957691706,dC_GP_NonPHN_d,-3.5592227224989914,-3.6499835921048707,-4.738644694360885,-1.8885892490259992
Second_85,75,85,ReRZV_2d,2024,0.6856735957691706,dC_GP_PHN_d,-1.5613596544894257,-1.5836887813241396,-2.1669155558384485,-0.8065258139264381
Second_85,75,85,ReRZV_2d,2024,0.6856735957691706,dC_GP_d,-5.120582376988417,-5.248866276170343,-6.796713820741742,-2.711943963700039
Second_85,75,85,ReRZV_2d,2024,0.6856735957691706,dC_Med_d,-18.079063048054877,-18.40017709733333,-25.023140332459047,-9.60666240000454
Second_85,75,85,ReRZV_2d,2024,0.6856735957691706,dC_VacZVL_d,0,0,0,0
Second_85,75,85,ReRZV_2d,2024,0.6856735957691706,dC_VacRZV_d,170,170,170,170
Second_85,75,85,ReRZV_2d,2024,0.6856735957691706,dC_Vac_d,170,170,170,170
Second_85,75,85,ReRZV_2d,2024,0.6856735957691706,dC_All_d,151.92093695194512,151.59982290266666,144.97685966754094,160.39333759999545
Second_85,75,85,ReRZV_2d,2024,0.6856735957691706,dN_VacZVL,0,0,0,0
Second_85,75,85,ReRZV_2d,2024,0.6856735957691706,dN_VacRZV,2,2,2,2
Second_85,75,85,ReRZV_2d,2024,0.6856735957691706,dN_VacZVL_d,0,0,0,0
Second_85,75,85,ReRZV_2d,2024,0.6856735957691706,dN_VacRZV_d,2,2,2,2
Second_85,75,85,ReRZV_2d,2024,0.6856735957691706,ICER,29820.19115925644,27353.40531748927,19369.614904715225,56588.98333539141
Second_85,75,85,ReRZV_2d,2024,0.6856735957691706,Price0,85,85,85,85
Second_85,75,85,ReRZV_2d,2024,0.6856735957691706,Thres20,63.53157108154212,64.6317754549602,33.40802954117573,87.35352327057385
Second_85,75,85,ReRZV_2d,2024,0.6856735957691706,Thres30,90.77759086029945,92.32003033429267,47.58378402356981,125.11802268229549
Second_85,75,85,ReRZV_2d,2024,0.6856735957691706,Thres20_50,NA,64.6317754549602,NA,NA
Second_85,75,85,ReRZV_2d,2024,0.6856735957691706,Thres30_90,NA,63.43056115885765,NA,NA
Second_85,75,85,ReRZV_2d,2024,0.6856735957691706,Thres,NA,63.43056115885765,NA,NA
Second_86,70,86,ReRZV_1d,2024,0.5806286900737984,N0,0.5806286900737984,0.5806286900737984,0.5806286900737984,0.5806286900737984
Second_86,70,86,ReRZV_1d,2024,0.5806286900737984,dYear_Life,3.420613909578372e-4,3.43079561458308e-4,1.4550219914491973e-4,5.216804169125704e-4
Second_86,70,86,ReRZV_1d,2024,0.5806286900737984,dYear_Immunised,3.339461254717287,3.381240848510031,1.4676938864024327,4.87292992408648
Second_86,70,86,ReRZV_1d,2024,0.5806286900737984,dRisk_HZ,-0.05810240003542206,-0.05879321958693377,-0.0852421953120077,-0.025476539812336097
Second_86,70,86,ReRZV_1d,2024,0.5806286900737984,dRisk_Hosp,-0.005169049692596021,-0.005171847015530707,-0.008066155016098255,-0.0022578738495795812
Second_86,70,86,ReRZV_1d,2024,0.5806286900737984,dRisk_PHN,-0.0051059973430459095,-0.0050997434628662994,-0.007740940163126175,-0.0021574879447585128
Second_86,70,86,ReRZV_1d,2024,0.5806286900737984,dRisk_Death,-1.4313901831101273e-4,-1.4358761645615926e-4,-2.1779208234055166e-4,-6.182703012835943e-5
Second_86,70,86,ReRZV_1d,2024,0.5806286900737984,dQ_Life,2.267630138723676e-4,2.2740345783207015e-4,9.641870730928418e-5,3.4573111573217417e-4
Second_86,70,86,ReRZV_1d,2024,0.5806286900737984,dQ_HZ,0.004865522245466513,0.004878612620908907,0.0020936832677228576,0.007388777316078924
Second_86,70,86,ReRZV_1d,2024,0.5806286900737984,dQ_HZ_Norm,0.0013677941383580371,0.001375469725698871,5.770951869837562e-4,0.0020884754423469687
Second_86,70,86,ReRZV_1d,2024,0.5806286900737984,dQ_All,0.00508486936704375,0.0051001122547968195,0.0021843908507051895,0.007724771831363337
Second_86,70,86,ReRZV_1d,2024,0.5806286900737984,dQ_HZ_d,0.0046043750147154415,0.004614359106094999,0.001977109069754227,0.0070093554265529354
Second_86,70,86,ReRZV_1d,2024,0.5806286900737984,dQ_HZ_Norm_d,0.0012964920949407816,0.001304158403684838,5.453651325051834e-4,0.0019830193554838857
Second_86,70,86,ReRZV_1d,2024,0.5806286900737984,dQ_Life_d,2.0292656683097403e-4,2.0353031817209373e-4,8.625074780058798e-5,3.094493075287388e-4
Second_86,70,86,ReRZV_1d,2024,0.5806286900737984,dQ_All_d,0.004807301581546416,0.004827852108779571,0.002060185073551099,0.007311047560237204
Second_86,70,86,ReRZV_1d,2024,0.5806286900737984,dC_Hosp,-12.66817585230923,-12.676593755347628,-19.69820763722112,-5.615377033327559
Second_86,70,86,ReRZV_1d,2024,0.5806286900737984,dC_GP_NonPHN,-3.273067494126333,-3.3078525591377863,-4.806301552263789,-1.4182707781595572
Second_86,70,86,ReRZV_1d,2024,0.5806286900737984,dC_GP_PHN,-1.421332617912265,-1.4268616567512082,-2.1588867487892207,-0.60396284914408
Second_86,70,86,ReRZV_1d,2024,0.5806286900737984,dC_GP,-4.694400112038598,-4.74830277297146,-6.927544715914611,-2.042966335711133
Second_86,70,86,ReRZV_1d,2024,0.5806286900737984,dC_Med,-17.362575964347826,-17.458797101025155,-26.26091032210556,-7.620071575148683
Second_86,70,86,ReRZV_1d,2024,0.5806286900737984,dC_VacZVL,0,0,0,0
Second_86,70,86,ReRZV_1d,2024,0.5806286900737984,dC_VacRZV,85,85,85,85
Second_86,70,86,ReRZV_1d,2024,0.5806286900737984,dC_Vac,85,85,85,85
Second_86,70,86,ReRZV_1d,2024,0.5806286900737984,dC_All,67.63742403565217,67.54120289897484,58.73908967789444,77.37992842485131
Second_86,70,86,ReRZV_1d,2024,0.5806286900737984,dC_Hosp_d,-11.894132568750184,-11.910587225980045,-18.483509205122797,-5.251653679777113
Second_86,70,86,ReRZV_1d,2024,0.5806286900737984,dC_GP_NonPHN_d,-3.1041653949832475,-3.1387135362103633,-4.559372686929289,-1.3422116960429975
Second_86,70,86,ReRZV_1d,2024,0.5806286900737984,dC_GP_PHN_d,-1.3510391601338214,-1.3560532636532634,-2.05391858361111,-0.5705854983000176
Second_86,70,86,ReRZV_1d,2024,0.5806286900737984,dC_GP_d,-4.455204555117069,-4.5137742029153145,-6.579752799791537,-1.92730294783765
Second_86,70,86,ReRZV_1d,2024,0.5806286900737984,dC_Med_d,-16.34933712386725,-16.410664987214915,-24.84134921721099,-7.150267509199532
Second_86,70,86,ReRZV_1d,2024,0.5806286900737984,dC_VacZVL_d,0,0,0,0
Second_86,70,86,ReRZV_1d,2024,0.5806286900737984,dC_VacRZV_d,85,85,85,85
Second_86,70,86,ReRZV_1d,2024,0.5806286900737984,dC_Vac_d,85,85,85,85
Second_86,70,86,ReRZV_1d,2024,0.5806286900737984,dC_All_d,68.65066287613274,68.58933501278509,60.158650782788996,77.84973249080046
Second_86,70,86,ReRZV_1d,2024,0.5806286900737984,dN_VacZVL,0,0,0,0
Second_86,70,86,ReRZV_1d,2024,0.5806286900737984,dN_VacRZV,1,1,1,1
Second_86,70,86,ReRZV_1d,2024,0.5806286900737984,dN_VacZVL_d,0,0,0,0
Second_86,70,86,ReRZV_1d,2024,0.5806286900737984,dN_VacRZV_d,1,1,1,1
Second_86,70,86,ReRZV_1d,2024,0.5806286900737984,ICER,16246.86290461566,14183.337067070286,8430.588119463631,37464.76250710945
Second_86,70,86,ReRZV_1d,2024,0.5806286900737984,Price0,85,85,85,85
Second_86,70,86,ReRZV_1d,2024,0.5806286900737984,Thres20,112.49536875479558,113.12054636739026,48.92903186127557,169.54519268944864
Second_86,70,86,ReRZV_1d,2024,0.5806286900737984,Thres30,160.56838457025972,161.51086584371873,69.62121177211667,242.6988412738202
Second_86,70,86,ReRZV_1d,2024,0.5806286900737984,Thres20_50,NA,113.12054636739026,NA,NA
Second_86,70,86,ReRZV_1d,2024,0.5806286900737984,Thres30_90,NA,97.49478444301681,NA,NA
Second_86,70,86,ReRZV_1d,2024,0.5806286900737984,Thres,NA,97.49478444301681,NA,NA
Second_86,70,86,ReRZV_2d,2024,0.5806286900737984,N0,0.5806286900737984,0.5806286900737984,0.5806286900737984,0.5806286900737984
Second_86,70,86,ReRZV_2d,2024,0.5806286900737984,dYear_Life,3.969100797861865e-4,4.016469578669175e-4,2.1856118910134614e-4,5.426986674399001e-4
Second_86,70,86,ReRZV_2d,2024,0.5806286900737984,dYear_Immunised,3.874722807833618,3.9712792645372206,2.219539761613531,4.973809029750045
Second_86,70,86,ReRZV_2d,2024,0.5806286900737984,dRisk_HZ,-0.06741882226441744,-0.0690824199976436,-0.08678420174408245,-0.038728107943355336
Second_86,70,86,ReRZV_2d,2024,0.5806286900737984,dRisk_Hosp,-0.005994437846692736,-0.006026343662681899,-0.008371587572823656,-0.0033993907216206664
Second_86,70,86,ReRZV_2d,2024,0.5806286900737984,dRisk_PHN,-0.0059230544001297476,-0.006004442645909046,-0.00801226264272689,-0.003324182669485881
Second_86,70,86,ReRZV_2d,2024,0.5806286900737984,dRisk_Death,-1.65983604146479e-4,-1.6777122507255992e-4,-2.2689127940486609e-4,-9.196296182297615e-5
Second_86,70,86,ReRZV_2d,2024,0.5806286900737984,dQ_Life,2.6314266245833646e-4,2.6637104958903985e-4,1.4453507695099034e-4,3.600355961031196e-4
Second_86,70,86,ReRZV_2d,2024,0.5806286900737984,dQ_HZ,0.0056446513584650065,0.005730019886333174,0.0031920769779867045,0.007680558791808284
Second_86,70,86,ReRZV_2d,2024,0.5806286900737984,dQ_HZ_Norm,0.0015871308057551106,0.0016095908866355837,8.837054805527888e-4,0.002153961093202098
Second_86,70,86,ReRZV_2d,2024,0.5806286900737984,dQ_All,0.005899208094923727,0.005991854882716957,0.003322051081176748,0.0079985083278102
Second_86,70,86,ReRZV_2d,2024,0.5806286900737984,dQ_HZ_d,0.005342336361677391,0.00542179231990957,0.003013032529622649,0.00726694676758567
Second_86,70,86,ReRZV_2d,2024,0.5806286900737984,dQ_HZ_Norm_d,0.001504575847021317,0.0015262236789842704,8.357566512759908e-4,0.0020433733292542456
Second_86,70,86,ReRZV_2d,2024,0.5806286900737984,dQ_Life_d,2.3549879189996628e-4,2.3847437804059497e-4,1.2906390036493363e-4,3.2239977188498883e-4
Second_86,70,86,ReRZV_2d,2024,0.5806286900737984,dQ_All_d,0.005577835153577355,0.005665814693687898,0.0031291967652836566,0.007567313884493787
Second_86,70,86,ReRZV_2d,2024,0.5806286900737984,dC_Hosp,-14.689911108061109,-14.791537507641515,-20.443208571094292,-8.428432575594455
Second_86,70,86,ReRZV_2d,2024,0.5806286900737984,dC_GP_NonPHN,-3.7983345586252546,-3.8853441321723494,-4.9220037219465445,-2.177496471801328
Second_86,70,86,ReRZV_2d,2024,0.5806286900737984,dC_GP_PHN,-1.6488929624304676,-1.6681554505551683,-2.252236421956866,-0.9152577607409508
Second_86,70,86,ReRZV_2d,2024,0.5806286900737984,dC_GP,-5.447227521055722,-5.574907913583019,-7.089332875894544,-3.1206685477785365
Second_86,70,86,ReRZV_2d,2024,0.5806286900737984,dC_Med,-20.13713862911683,-20.463574357655023,-27.33915790398305,-11.627321433716238
Second_86,70,86,ReRZV_2d,2024,0.5806286900737984,dC_VacZVL,0,0,0,0
Second_86,70,86,ReRZV_2d,2024,0.5806286900737984,dC_VacRZV,170,170,170,170
Second_86,70,86,ReRZV_2d,2024,0.5806286900737984,dC_Vac,170,170,170,170
Second_86,70,86,ReRZV_2d,2024,0.5806286900737984,dC_All,149.86286137088317,149.53642564234497,142.66084209601698,158.37267856628375
Second_86,70,86,ReRZV_2d,2024,0.5806286900737984,dC_Hosp_d,-13.794134231925701,-13.879097085992115,-19.13779086165363,-7.901309515898696
Second_86,70,86,ReRZV_2d,2024,0.5806286900737984,dC_GP_NonPHN_d,-3.602754156478731,-3.6829970800524268,-4.674105520729314,-2.058744083314299
Second_86,70,86,ReRZV_2d,2024,0.5806286900737984,dC_GP_PHN_d,-1.567532348681091,-1.5857587839162393,-2.13595230945343,-0.8701115453217348
Second_86,70,86,ReRZV_2d,2024,0.5806286900737984,dC_GP_d,-5.170286505159822,-5.293750040383557,-6.73531602738993,-2.9577975444354827
Second_86,70,86,ReRZV_2d,2024,0.5806286900737984,dC_Med_d,-18.964420737085522,-19.276602648368765,-25.784871527920657,-10.925106424934988
Second_86,70,86,ReRZV_2d,2024,0.5806286900737984,dC_VacZVL_d,0,0,0,0
Second_86,70,86,ReRZV_2d,2024,0.5806286900737984,dC_VacRZV_d,170,170,170,170
Second_86,70,86,ReRZV_2d,2024,0.5806286900737984,dC_Vac_d,170,170,170,170
Second_86,70,86,ReRZV_2d,2024,0.5806286900737984,dC_All_d,151.03557926291447,150.72339735163126,144.21512847207933,159.074893575065
Second_86,70,86,ReRZV_2d,2024,0.5806286900737984,dN_VacZVL,0,0,0,0
Second_86,70,86,ReRZV_2d,2024,0.5806286900737984,dN_VacRZV,2,2,2,2
Second_86,70,86,ReRZV_2d,2024,0.5806286900737984,dN_VacZVL_d,0,0,0,0
Second_86,70,86,ReRZV_2d,2024,0.5806286900737984,dN_VacRZV_d,2,2,2,2
Second_86,70,86,ReRZV_2d,2024,0.5806286900737984,ICER,28619.296866971294,26600.183693823856,19236.85251349601,50751.68064316973
Second_86,70,86,ReRZV_2d,2024,0.5806286900737984,Price0,85,85,85,85
Second_86,70,86,ReRZV_2d,2024,0.5806286900737984,Thres20,65.26056190431632,66.36532109618078,36.75471078644205,87.83051859490253
Second_86,70,86,ReRZV_2d,2024,0.5806286900737984,Thres30,93.14973767220309,94.67201523678719,52.411848843159866,125.58397364443806
Second_86,70,86,ReRZV_2d,2024,0.5806286900737984,Thres20_50,NA,66.36532109618078,NA,NA
Second_86,70,86,ReRZV_2d,2024,0.5806286900737984,Thres30_90,NA,67.41725987133636,NA,NA
Second_86,70,86,ReRZV_2d,2024,0.5806286900737984,Thres,NA,66.36532109618078,NA,NA
Second_86,75,86,ReRZV_1d,2024,0.6370836548829839,N0,0.6370836548829839,0.6370836548829839,0.6370836548829839,0.6370836548829839
Second_86,75,86,ReRZV_1d,2024,0.6370836548829839,dYear_Life,3.147173842280487e-4,3.162574590170143e-4,1.192232289561084e-4,4.913305214197713e-4
Second_86,75,86,ReRZV_1d,2024,0.6370836548829839,dYear_Immunised,3.0797030618263643,3.122637115266464,1.2095783471875465,4.628863225592732
Second_86,75,86,ReRZV_1d,2024,0.6370836548829839,dRisk_HZ,-0.048793089826868745,-0.04934560725633394,-0.073390730486536,-0.018895825874562216
Second_86,75,86,ReRZV_1d,2024,0.6370836548829839,dRisk_Hosp,-0.004361945132040205,-0.004369168573257896,-0.006961359129059494,-0.0017247302039079513
Second_86,75,86,ReRZV_1d,2024,0.6370836548829839,dRisk_PHN,-0.0042827001968837545,-0.00429157887440725,-0.0066583486679987714,-0.0015981778915178646
Second_86,75,86,ReRZV_1d,2024,0.6370836548829839,dRisk_Death,-1.2089109225570475e-4,-1.2142030858298329e-4,-1.8799519741404552e-4,-4.6977256790963596e-5
Second_86,75,86,ReRZV_1d,2024,0.6370836548829839,dQ_Life,2.0847051933782311e-4,2.0961475515889982e-4,7.860877308290981e-5,3.2548165710779377e-4
Second_86,75,86,ReRZV_1d,2024,0.6370836548829839,dQ_HZ,0.004486230192434219,0.0045112873750649905,0.0017097087295242024,0.0070185658401714455
Second_86,75,86,ReRZV_1d,2024,0.6370836548829839,dQ_HZ_Norm,0.0012598913687901327,0.0012690385681642749,4.8025820714912994e-4,0.0019676483998881497
Second_86,75,86,ReRZV_1d,2024,0.6370836548829839,dQ_All,0.004687705017658173,0.004719814208546597,0.0017902251450774521,0.007308817186791642
Second_86,75,86,ReRZV_1d,2024,0.6370836548829839,dQ_HZ_d,0.004239821490202179,0.004260688546432492,0.001602969795060904,0.0066439107484338004
Second_86,75,86,ReRZV_1d,2024,0.6370836548829839,dQ_HZ_Norm_d,0.0011926587223154879,0.001201467811504926,4.517891544706004e-4,0.0018642892122292148
Second_86,75,86,ReRZV_1d,2024,0.6370836548829839,dQ_Life_d,1.8641567171012884e-4,1.8750535042861497e-4,6.998662053664592e-5,2.9132200344338e-4
Second_86,75,86,ReRZV_1d,2024,0.6370836548829839,dQ_All_d,0.004426237161912304,0.004451721480200009,0.0016828273663949337,0.006917747709530445
Second_86,75,86,ReRZV_1d,2024,0.6370836548829839,dC_Hosp,-11.737508083407064,-11.771562428894523,-18.78764918570955,-4.66603371539301
Second_86,75,86,ReRZV_1d,2024,0.6370836548829839,dC_GP_NonPHN,-3.013829291777832,-3.054390606119078,-4.559790577831285,-1.1678445567083096
Second_86,75,86,ReRZV_1d,2024,0.6370836548829839,dC_GP_PHN,-1.307114814771541,-1.3143601857148763,-2.0511005476233946,-0.48618564430646577
Second_86,75,86,ReRZV_1d,2024,0.6370836548829839,dC_GP,-4.320944106549373,-4.366616496198172,-6.555894528998357,-1.634130458032422
Second_86,75,86,ReRZV_1d,2024,0.6370836548829839,dC_Med,-16.058452189956437,-16.182959043879798,-24.982490607394745,-6.2903426396687205
Second_86,75,86,ReRZV_1d,2024,0.6370836548829839,dC_VacZVL,0,0,0,0
Second_86,75,86,ReRZV_1d,2024,0.6370836548829839,dC_VacRZV,85,85,85,85
Second_86,75,86,ReRZV_1d,2024,0.6370836548829839,dC_Vac,85,85,85,85
Second_86,75,86,ReRZV_1d,2024,0.6370836548829839,dC_All,68.94154781004356,68.81704095612021,60.01750939260525,78.70965736033128
Second_86,75,86,ReRZV_1d,2024,0.6370836548829839,dC_Hosp_d,-11.005298076076238,-11.034380029624113,-17.57851216428623,-4.349832819437683
Second_86,75,86,ReRZV_1d,2024,0.6370836548829839,dC_GP_NonPHN_d,-2.8546069896731274,-2.894401840789186,-4.326318665062824,-1.1000504531345994
Second_86,75,86,ReRZV_1d,2024,0.6370836548829839,dC_GP_PHN_d,-1.2409193927001267,-1.2487119803124345,-1.9449738271135952,-0.45794982197794853
Second_86,75,86,ReRZV_1d,2024,0.6370836548829839,dC_GP_d,-4.095526382373254,-4.140225734369542,-6.219894958125241,-1.536821056921604
Second_86,75,86,ReRZV_1d,2024,0.6370836548829839,dC_Med_d,-15.100824458449493,-15.216849896875935,-23.50083905916231,-5.877411761567936
Second_86,75,86,ReRZV_1d,2024,0.6370836548829839,dC_VacZVL_d,0,0,0,0
Second_86,75,86,ReRZV_1d,2024,0.6370836548829839,dC_VacRZV_d,85,85,85,85
Second_86,75,86,ReRZV_1d,2024,0.6370836548829839,dC_Vac_d,85,85,85,85
Second_86,75,86,ReRZV_1d,2024,0.6370836548829839,dC_All_d,69.8991755415505,69.78315010312406,61.49916094083769,79.12258823843207
Second_86,75,86,ReRZV_1d,2024,0.6370836548829839,dN_VacZVL,0,0,0,0
Second_86,75,86,ReRZV_1d,2024,0.6370836548829839,dN_VacRZV,1,1,1,1
Second_86,75,86,ReRZV_1d,2024,0.6370836548829839,dN_VacZVL_d,0,0,0,0
Second_86,75,86,ReRZV_1d,2024,0.6370836548829839,dN_VacRZV_d,1,1,1,1
Second_86,75,86,ReRZV_1d,2024,0.6370836548829839,ICER,18516.773471714703,15666.367541309452,9012.988737374515,46709.83736989128
Second_86,75,86,ReRZV_1d,2024,0.6370836548829839,Price0,85,85,85,85
Second_86,75,86,ReRZV_1d,2024,0.6370836548829839,Thres20,103.62556769669557,104.20524276135696,40.05337379563764,160.75125446264764
Second_86,75,86,ReRZV_1d,2024,0.6370836548829839,Thres30,147.8879393158186,148.72206588212038,56.88054806571003,229.71779195575368
Second_86,75,86,ReRZV_1d,2024,0.6370836548829839,Thres20_50,NA,104.20524276135696,NA,NA
Second_86,75,86,ReRZV_1d,2024,0.6370836548829839,Thres30_90,NA,84.46826450150542,NA,NA
Second_86,75,86,ReRZV_1d,2024,0.6370836548829839,Thres,NA,84.46826450150542,NA,NA
Second_86,75,86,ReRZV_2d,2024,0.6370836548829839,N0,0.6370836548829839,0.6370836548829839,0.6370836548829839,0.6370836548829839
Second_86,75,86,ReRZV_2d,2024,0.6370836548829839,dYear_Life,3.6956613314532695e-4,3.7419615626599844e-4,1.9309088695586047e-4,5.156127980420476e-4
Second_86,75,86,ReRZV_2d,2024,0.6370836548829839,dYear_Immunised,3.614965198128788,3.7122015644931112,1.9751003144337704,4.744308817941675
Second_86,75,86,ReRZV_2d,2024,0.6370836548829839,dRisk_HZ,-0.05728394039353625,-0.05875875605362642,-0.07527730179242123,-0.031148841304176285
Second_86,75,86,ReRZV_2d,2024,0.6370836548829839,dRisk_Hosp,-0.005114191791886015,-0.005153193766878233,-0.0072565538178765735,-0.0027597691969591274
Second_86,75,86,ReRZV_2d,2024,0.6370836548829839,dRisk_PHN,-0.005027354017082627,-0.005096167110270328,-0.006928477904892304,-0.002647453691051324
Second_86,75,86,ReRZV_2d,2024,0.6370836548829839,dRisk_Death,-1.417113123136781e-4,-1.431682752358138e-4,-1.965520394131925e-4,-7.517073309475688e-5
Second_86,75,86,ReRZV_2d,2024,0.6370836548829839,dQ_Life,2.4485020777899146e-4,2.481197976229203e-4,1.2771467227270635e-4,3.41577970584029e-4
Second_86,75,86,ReRZV_2d,2024,0.6370836548829839,dQ_HZ,0.0052653601545113475,0.005356130661790444,0.002774640114915062,0.0072716351398479425
Second_86,75,86,ReRZV_2d,2024,0.6370836548829839,dQ_HZ_Norm,0.0014792282751307352,0.0015066832113573348,7.761272562143541e-4,0.0020448982994621186
Second_86,75,86,ReRZV_2d,2024,0.6370836548829839,dQ_All,0.005502044633190046,0.00560211585086241,0.0029008285230090127,0.0075867550743201695
Second_86,75,86,ReRZV_2d,2024,0.6370836548829839,dQ_HZ_d,0.004977783641383153,0.00507070310649489,0.0026185896383785707,0.006878795791057005
Second_86,75,86,ReRZV_2d,2024,0.6370836548829839,dQ_HZ_Norm_d,0.0014007427010822918,0.0014276814931999983,7.320759086419898e-4,0.00193538419485613
Second_86,75,86,ReRZV_2d,2024,0.6370836548829839,dQ_Life_d,2.1898793246294648e-4,2.2188289618532144e-4,1.139986303128541e-4,3.056591624897693e-4
Second_86,75,86,ReRZV_2d,2024,0.6370836548829839,dQ_All_d,0.0051967715738460915,0.005289171238380911,0.0027333280213519585,0.007174282193350173
Second_86,75,86,ReRZV_2d,2024,0.6370836548829839,dC_Hosp,-13.759245540948836,-13.908585942853946,-19.48297393393568,-7.476634326254211
Second_86,75,86,ReRZV_2d,2024,0.6370836548829839,dC_GP_NonPHN,-3.539096928641678,-3.622603600727753,-4.685659009994522,-1.8981187102513257
Second_86,75,86,ReRZV_2d,2024,0.6370836548829839,dC_GP_PHN,-1.5346754072368756,-1.5522525367545215,-2.1300345999351227,-0.807659211008106
Second_86,75,86,ReRZV_2d,2024,0.6370836548829839,dC_GP,-5.073772335878553,-5.209328050661858,-6.697706894235809,-2.7239715396894533
Second_86,75,86,ReRZV_2d,2024,0.6370836548829839,dC_Med,-18.83301787682739,-19.157507430710204,-26.040105776188113,-10.204728480214103
Second_86,75,86,ReRZV_2d,2024,0.6370836548829839,dC_VacZVL,0,0,0,0
Second_86,75,86,ReRZV_2d,2024,0.6370836548829839,dC_VacRZV,170,170,170,170
Second_86,75,86,ReRZV_2d,2024,0.6370836548829839,dC_Vac,170,170,170,170
Second_86,75,86,ReRZV_2d,2024,0.6370836548829839,dC_All,151.1669821231726,150.8424925692898,143.9598942238119,159.7952715197859
Second_86,75,86,ReRZV_2d,2024,0.6370836548829839,dC_Hosp_d,-12.905301808464504,-13.039669916740898,-18.290015637877236,-6.991676844593324
Second_86,75,86,ReRZV_2d,2024,0.6370836548829839,dC_GP_NonPHN_d,-3.353196294465727,-3.4308583965334902,-4.447051877346996,-1.791338779873845
Second_86,75,86,ReRZV_2d,2024,0.6370836548829839,dC_GP_PHN_d,-1.4574128171408698,-1.4758899635192546,-2.022743528609598,-0.765273585767883
Second_86,75,86,ReRZV_2d,2024,0.6370836548829839,dC_GP_d,-4.810609111606597,-4.939115236070709,-6.350867536385128,-2.57212454718619
Second_86,75,86,ReRZV_2d,2024,0.6370836548829839,dC_Med_d,-17.7159109200711,-18.01611871056367,-24.460996887813387,-9.565492706063559
Second_86,75,86,ReRZV_2d,2024,0.6370836548829839,dC_VacZVL_d,0,0,0,0
Second_86,75,86,ReRZV_2d,2024,0.6370836548829839,dC_VacRZV_d,170,170,170,170
Second_86,75,86,ReRZV_2d,2024,0.6370836548829839,dC_Vac_d,170,170,170,170
Second_86,75,86,ReRZV_2d,2024,0.6370836548829839,dC_All_d,152.2840890799289,151.98388128943634,145.53900311218663,160.4345072939364
Second_86,75,86,ReRZV_2d,2024,0.6370836548829839,dN_VacZVL,0,0,0,0
Second_86,75,86,ReRZV_2d,2024,0.6370836548829839,dN_VacRZV,2,2,2,2
Second_86,75,86,ReRZV_2d,2024,0.6370836548829839,dN_VacZVL_d,0,0,0,0
Second_86,75,86,ReRZV_2d,2024,0.6370836548829839,dN_VacRZV_d,2,2,2,2
Second_86,75,86,ReRZV_2d,2024,0.6370836548829839,ICER,31272.028836981128,28751.74592286875,20425.923835479232,58888.28545791302
Second_86,75,86,ReRZV_2d,2024,0.6370836548829839,Price0,85,85,85,85
Second_86,75,86,ReRZV_2d,2024,0.6370836548829839,Thres20,60.825671198496465,61.96419586892471,32.25605657168765,83.44504523456428
Second_86,75,86,ReRZV_2d,2024,0.6370836548829839,Thres30,86.80952906772693,88.31663716294909,45.74061516238341,119.57516872095766
Second_86,75,86,ReRZV_2d,2024,0.6370836548829839,Thres20_50,NA,61.96419586892471,NA,NA
Second_86,75,86,ReRZV_2d,2024,0.6370836548829839,Thres30_90,NA,61.05762252556934,NA,NA
Second_86,75,86,ReRZV_2d,2024,0.6370836548829839,Thres,NA,61.05762252556934,NA,NA
Second_87,70,87,ReRZV_1d,2024,0.5342025618181757,N0,0.5342025618181757,0.5342025618181757,0.5342025618181757,0.5342025618181757
Second_87,70,87,ReRZV_1d,2024,0.5342025618181757,dYear_Life,3.250234631689484e-4,3.256821490489037e-4,1.3904244516975517e-4,4.966633274234982e-4
Second_87,70,87,ReRZV_1d,2024,0.5342025618181757,dYear_Immunised,3.1245489493391814,3.1584662874043934,1.3854438068767043,4.547415780856838
Second_87,70,87,ReRZV_1d,2024,0.5342025618181757,dRisk_HZ,-0.059401366113987185,-0.05996852032200149,-0.08687981498676264,-0.026117823032666007
Second_87,70,87,ReRZV_1d,2024,0.5342025618181757,dRisk_Hosp,-0.005515423891303008,-0.005516887353573224,-0.008628908163799704,-0.0024214703472834245
Second_87,70,87,ReRZV_1d,2024,0.5342025618181757,dRisk_PHN,-0.005169387757355814,-0.005175329433679425,-0.007945125933163382,-0.002214748574173342
Second_87,70,87,ReRZV_1d,2024,0.5342025618181757,dRisk_Death,-1.5632508632054917e-4,-1.5668391801625464e-4,-2.3798309670952403e-4,-6.780915861694792e-5
Second_87,70,87,ReRZV_1d,2024,0.5342025618181757,dQ_Life,2.143748823458316e-4,2.1476570286999602e-4,9.144291266641126e-5,3.2766422569435115e-4
Second_87,70,87,ReRZV_1d,2024,0.5342025618181757,dQ_HZ,0.004557388064059123,0.004567094160248515,0.0019709297796290386,0.0069114083956180634
Second_87,70,87,ReRZV_1d,2024,0.5342025618181757,dQ_HZ_Norm,0.0012700923269015382,0.0012773850949902394,5.480889281831686e-4,0.0019454533793758287
Second_87,70,87,ReRZV_1d,2024,0.5342025618181757,dQ_All,0.0047638789344430586,0.004776154508517988,0.0020655240136330856,0.007191502752589353
Second_87,70,87,ReRZV_1d,2024,0.5342025618181757,dQ_HZ_d,0.004330628037381625,0.004339642972885259,0.0018641696719271703,0.0065665605547315774
Second_87,70,87,ReRZV_1d,2024,0.5342025618181757,dQ_HZ_Norm_d,0.0012085651777224802,0.001215912714269685,5.18946143575617e-4,0.0018519916813357043
Second_87,70,87,ReRZV_1d,2024,0.5342025618181757,dQ_Life_d,1.9343231420237918e-4,1.937344540450811e-4,8.231862991089578e-5,2.9567604272693736e-4
Second_87,70,87,ReRZV_1d,2024,0.5342025618181757,dQ_All_d,0.0045240603515840005,0.0045402532846023445,0.0019583025427377526,0.006834062566783196
Second_87,70,87,ReRZV_1d,2024,0.5342025618181757,dC_Hosp,-12.37420436604502,-12.33077334747739,-19.319168967132445,-5.439680408029137
Second_87,70,87,ReRZV_1d,2024,0.5342025618181757,dC_GP_NonPHN,-3.0314013876335877,-3.0643352138486826,-4.4326678146785845,-1.3322376996312062
Second_87,70,87,ReRZV_1d,2024,0.5342025618181757,dC_GP_PHN,-1.302436336848015,-1.300319511105286,-2.0090801189421916,-0.5595193913681535
Second_87,70,87,ReRZV_1d,2024,0.5342025618181757,dC_GP,-4.333837724481603,-4.360629344069441,-6.38720449573859,-1.9044320846658094
Second_87,70,87,ReRZV_1d,2024,0.5342025618181757,dC_Med,-16.708042090526625,-16.740159876689233,-25.568705692512403,-7.344270758509864
Second_87,70,87,ReRZV_1d,2024,0.5342025618181757,dC_VacZVL,0,0,0,0
Second_87,70,87,ReRZV_1d,2024,0.5342025618181757,dC_VacRZV,85,85,85,85
Second_87,70,87,ReRZV_1d,2024,0.5342025618181757,dC_Vac,85,85,85,85
Second_87,70,87,ReRZV_1d,2024,0.5342025618181757,dC_All,68.29195790947338,68.25984012331077,59.43129430748761,77.65572924149014
Second_87,70,87,ReRZV_1d,2024,0.5342025618181757,dC_Hosp_d,-11.685164439065687,-11.650521929962771,-18.245787167975234,-5.139917527641618
Second_87,70,87,ReRZV_1d,2024,0.5342025618181757,dC_GP_NonPHN_d,-2.8859964002438065,-2.9173296573813166,-4.222450576892332,-1.266506934785658
Second_87,70,87,ReRZV_1d,2024,0.5342025618181757,dC_GP_PHN_d,-1.2425293669583461,-1.2432731102314567,-1.9132703241385303,-0.532705872436926
Second_87,70,87,ReRZV_1d,2024,0.5342025618181757,dC_GP_d,-4.128525767202152,-4.158419417373639,-6.081081662359408,-1.8045537848181223
Second_87,70,87,ReRZV_1d,2024,0.5342025618181757,dC_Med_d,-15.81369020626784,-15.866985284191895,-24.214085332765208,-6.909278917695777
Second_87,70,87,ReRZV_1d,2024,0.5342025618181757,dC_VacZVL_d,0,0,0,0
Second_87,70,87,ReRZV_1d,2024,0.5342025618181757,dC_VacRZV_d,85,85,85,85
Second_87,70,87,ReRZV_1d,2024,0.5342025618181757,dC_Vac_d,85,85,85,85
Second_87,70,87,ReRZV_1d,2024,0.5342025618181757,dC_All_d,69.18630979373216,69.1330147158081,60.78591466723479,78.09072108230424
Second_87,70,87,ReRZV_1d,2024,0.5342025618181757,dN_VacZVL,0,0,0,0
Second_87,70,87,ReRZV_1d,2024,0.5342025618181757,dN_VacRZV,1,1,1,1
Second_87,70,87,ReRZV_1d,2024,0.5342025618181757,dN_VacZVL_d,0,0,0,0
Second_87,70,87,ReRZV_1d,2024,0.5342025618181757,dN_VacRZV_d,1,1,1,1
Second_87,70,87,ReRZV_1d,2024,0.5342025618181757,ICER,17343.40349588193,15229.604784580457,9083.450593546668,39488.07509885108
Second_87,70,87,ReRZV_1d,2024,0.5342025618181757,Price0,85,85,85,85
Second_87,70,87,ReRZV_1d,2024,0.5342025618181757,Thres20,106.29489723794785,106.71536218499226,46.82426405291733,159.76523418806727
Second_87,70,87,ReRZV_1d,2024,0.5342025618181757,Thres30,151.53550075378786,151.8883471818997,66.50563748080614,228.1100979195113
Second_87,70,87,ReRZV_1d,2024,0.5342025618181757,Thres20_50,NA,106.71536218499226,NA,NA
Second_87,70,87,ReRZV_1d,2024,0.5342025618181757,Thres30_90,NA,92.76659236834918,NA,NA
Second_87,70,87,ReRZV_1d,2024,0.5342025618181757,Thres,NA,92.76659236834918,NA,NA
Second_87,70,87,ReRZV_2d,2024,0.5342025618181757,N0,0.5342025618181757,0.5342025618181757,0.5342025618181757,0.5342025618181757
Second_87,70,87,ReRZV_2d,2024,0.5342025618181757,dYear_Life,3.766299986276682e-4,3.81306548984496e-4,2.0721575447781018e-4,5.16437506137721e-4
Second_87,70,87,ReRZV_2d,2024,0.5342025618181757,dYear_Immunised,3.620138415896019,3.7089616822593756,2.0844132908404434,4.641449791161301
Second_87,70,87,ReRZV_2d,2024,0.5342025618181757,dRisk_HZ,-0.06882391197761437,-0.07028752738815128,-0.08851675925955996,-0.03990838738933502
Second_87,70,87,ReRZV_2d,2024,0.5342025618181757,dRisk_Hosp,-0.006387201333357578,-0.006422233859031526,-0.008999900417935544,-0.0036547867792312548
Second_87,70,87,ReRZV_2d,2024,0.5342025618181757,dRisk_PHN,-0.0059873604370504485,-0.006042542092022791,-0.008186253043961237,-0.003374615864844829
Second_87,70,87,ReRZV_2d,2024,0.5342025618181757,dRisk_Death,-1.8105525435715294e-4,-1.8295112832118548e-4,-2.4755458300382917e-4,-1.0043889577264694e-4
Second_87,70,87,ReRZV_2d,2024,0.5342025618181757,dQ_Life,2.4842728795259624e-4,2.5147650369771254e-4,1.3655872798397226e-4,3.4109952433706106e-4
Second_87,70,87,ReRZV_2d,2024,0.5342025618181757,dQ_HZ,0.005279450916726368,0.005350027765539313,0.002985910482382752,0.007198179056835929
Second_87,70,87,ReRZV_2d,2024,0.5342025618181757,dQ_HZ_Norm,0.0014715725774937316,0.0014912642823742155,8.205640494088515e-4,0.001994355851730125
Second_87,70,87,ReRZV_2d,2024,0.5342025618181757,dQ_All,0.005518758413420052,0.005587125851909127,0.0031171467191400703,0.007496066898464663
Second_87,70,87,ReRZV_2d,2024,0.5342025618181757,dQ_HZ_d,0.005017208467131179,0.005085182176952476,0.0028309095701207665,0.006838129261041173
Second_87,70,87,ReRZV_2d,2024,0.5342025618181757,dQ_HZ_Norm_d,0.0014004080696252599,0.0014191646433978234,7.797988342276933e-4,0.0019006703469424664
Second_87,70,87,ReRZV_2d,2024,0.5342025618181757,dQ_Life_d,2.2416968349066695e-4,2.268944906119414e-4,1.2313568511347804e-4,3.078686886417781e-4
Second_87,70,87,ReRZV_2d,2024,0.5342025618181757,dQ_All_d,0.005241378150621843,0.0053089047340693345,0.0029562218568749015,0.007122535505943179
Second_87,70,87,ReRZV_2d,2024,0.5342025618181757,dC_Hosp,-14.329444493293654,-14.414942845080166,-20.13785446517512,-8.198246309143554
Second_87,70,87,ReRZV_2d,2024,0.5342025618181757,dC_GP_NonPHN,-3.512662137519306,-3.582452359575658,-4.537357952560985,-2.028847030247069
Second_87,70,87,ReRZV_2d,2024,0.5342025618181757,dC_GP_PHN,-1.5086266675280415,-1.5218715986200542,-2.0814760885969927,-0.8353887564242686
Second_87,70,87,ReRZV_2d,2024,0.5342025618181757,dC_GP,-5.021288805047347,-5.1478486014373885,-6.511736071221738,-2.8846475194193952
Second_87,70,87,ReRZV_2d,2024,0.5342025618181757,dC_Med,-19.350733298341,-19.587698122344108,-26.417641375786378,-10.98969974294434
Second_87,70,87,ReRZV_2d,2024,0.5342025618181757,dC_VacZVL,0,0,0,0
Second_87,70,87,ReRZV_2d,2024,0.5342025618181757,dC_VacRZV,170,170,170,170
Second_87,70,87,ReRZV_2d,2024,0.5342025618181757,dC_Vac,170,170,170,170
Second_87,70,87,ReRZV_2d,2024,0.5342025618181757,dC_All,150.649266701659,150.41230187765586,143.58235862421367,159.01030025705563
Second_87,70,87,ReRZV_2d,2024,0.5342025618181757,dC_Hosp_d,-13.532786774540577,-13.61378862925918,-19.034181375543053,-7.718889029677798
Second_87,70,87,ReRZV_2d,2024,0.5342025618181757,dC_GP_NonPHN_d,-3.3444631366382755,-3.4118185069663873,-4.321499208185689,-1.9257278804882916
Second_87,70,87,ReRZV_2d,2024,0.5342025618181757,dC_GP_PHN_d,-1.4393616657171726,-1.4539457267397802,-1.983841715914998,-0.7982287363573014
Second_87,70,87,ReRZV_2d,2024,0.5342025618181757,dC_GP_d,-4.783824802355448,-4.901619020741055,-6.205689778014679,-2.7468644817734615
Second_87,70,87,ReRZV_2d,2024,0.5342025618181757,dC_Med_d,-18.316611576896026,-18.525150036631032,-24.996805964257018,-10.44888320749647
Second_87,70,87,ReRZV_2d,2024,0.5342025618181757,dC_VacZVL_d,0,0,0,0
Second_87,70,87,ReRZV_2d,2024,0.5342025618181757,dC_VacRZV_d,170,170,170,170
Second_87,70,87,ReRZV_2d,2024,0.5342025618181757,dC_Vac_d,170,170,170,170
Second_87,70,87,ReRZV_2d,2024,0.5342025618181757,dC_All_d,151.68338842310396,151.47484996336897,145.00319403574298,159.55111679250356
Second_87,70,87,ReRZV_2d,2024,0.5342025618181757,dN_VacZVL,0,0,0,0
Second_87,70,87,ReRZV_2d,2024,0.5342025618181757,dN_VacRZV,2,2,2,2
Second_87,70,87,ReRZV_2d,2024,0.5342025618181757,dN_VacZVL_d,0,0,0,0
Second_87,70,87,ReRZV_2d,2024,0.5342025618181757,dN_VacRZV_d,2,2,2,2
Second_87,70,87,ReRZV_2d,2024,0.5342025618181757,ICER,30567.000702070964,28487.752824826985,20659.234831659385,53931.332422144
Second_87,70,87,ReRZV_2d,2024,0.5342025618181757,Price0,85,85,85,85
Second_87,70,87,ReRZV_2d,2024,0.5342025618181757,Thres20,61.57208729466644,62.42905498970767,34.794405229029756,82.73344438726022
Second_87,70,87,ReRZV_2d,2024,0.5342025618181757,Thres30,87.77897804777565,88.99819364277212,49.65638954986701,118.18478626888606
Second_87,70,87,ReRZV_2d,2024,0.5342025618181757,Thres20_50,NA,62.42905498970767,NA,NA
Second_87,70,87,ReRZV_2d,2024,0.5342025618181757,Thres30_90,NA,63.58486495114351,NA,NA
Second_87,70,87,ReRZV_2d,2024,0.5342025618181757,Thres,NA,62.42905498970767,NA,NA
Second_87,75,87,ReRZV_1d,2024,0.5861441185841801,N0,0.5861441185841801,0.5861441185841801,0.5861441185841801,0.5861441185841801
Second_87,75,87,ReRZV_1d,2024,0.5861441185841801,dYear_Life,3.0166535293022726e-4,3.02884580103279e-4,1.1716552655596454e-4,4.703493468214596e-4
Second_87,75,87,ReRZV_1d,2024,0.5861441185841801,dYear_Immunised,2.9098208558912955,2.9523456259526055,1.1732441549919226,4.339809722623107
Second_87,75,87,ReRZV_1d,2024,0.5861441185841801,dRisk_HZ,-0.050381841744757724,-0.05085879550638038,-0.07537211476010826,-0.020052877105003374
Second_87,75,87,ReRZV_1d,2024,0.5861441185841801,dRisk_Hosp,-0.004693870464195736,-0.004705799822722899,-0.007516816860847181,-0.001888063495458968
Second_87,75,87,ReRZV_1d,2024,0.5861441185841801,dRisk_PHN,-0.004380270253826979,-0.004380325857178513,-0.006889238504550962,-0.0016693365969720209
Second_87,75,87,ReRZV_1d,2024,0.5861441185841801,dRisk_Death,-1.3300300377552254e-4,-1.3344822518480699e-4,-2.0629168495411984e-4,-5.289711518295275e-5
Second_87,75,87,ReRZV_1d,2024,0.5861441185841801,dQ_Life,1.9883505696764977e-4,1.9964670886106462e-4,7.693240758833255e-5,3.1040604747415676e-4
Second_87,75,87,ReRZV_1d,2024,0.5861441185841801,dQ_HZ,0.004243084281188035,0.0042597810056498805,0.001645252938370635,0.006587583917648999
Second_87,75,87,ReRZV_1d,2024,0.5861441185841801,dQ_HZ_Norm,0.0011816125781586536,0.0011919772005105354,4.6416457105939664e-4,0.001843353082926416
Second_87,75,87,ReRZV_1d,2024,0.5861441185841801,dQ_All,0.00443444984967286,0.004457300522355116,0.0017275556515181313,0.006866808420692762
Second_87,75,87,ReRZV_1d,2024,0.5861441185841801,dQ_HZ_d,0.004027869953518821,0.004040874078700481,0.0015555452543788784,0.00625837239245413
Second_87,75,87,ReRZV_1d,2024,0.5861441185841801,dQ_HZ_Norm_d,0.001123247785680167,0.0011335058371399497,4.3744489856770765e-4,0.0017530020601495989
Second_87,75,87,ReRZV_1d,2024,0.5861441185841801,dQ_Life_d,1.7930794768497398e-4,1.8004836355735407e-4,6.925362794900248e-5,2.800495126332335e-4
Second_87,75,87,ReRZV_1d,2024,0.5861441185841801,dQ_All_d,0.004207177901203795,0.004230184877363338,0.0016353238737238493,0.006523260014126091
Second_87,75,87,ReRZV_1d,2024,0.5861441185841801,dC_Hosp,-11.559989612430302,-11.535722191719607,-18.499950210924467,-4.625180864753777
Second_87,75,87,ReRZV_1d,2024,0.5861441185841801,dC_GP_NonPHN,-2.819453143622911,-2.8532601494600627,-4.232380582677942,-1.1243829410625972
Second_87,75,87,ReRZV_1d,2024,0.5861441185841801,dC_GP_PHN,-1.2101804672690635,-1.2103230902278783,-1.911010571825199,-0.4573453086254653
Second_87,75,87,ReRZV_1d,2024,0.5861441185841801,dC_GP,-4.029633610891975,-4.060648037190329,-6.072250404469325,-1.5808969909796118
Second_87,75,87,ReRZV_1d,2024,0.5861441185841801,dC_Med,-15.589623223322278,-15.625726888848023,-24.306386052813814,-6.252548567917509
Second_87,75,87,ReRZV_1d,2024,0.5861441185841801,dC_VacZVL,0,0,0,0
Second_87,75,87,ReRZV_1d,2024,0.5861441185841801,dC_VacRZV,85,85,85,85
Second_87,75,87,ReRZV_1d,2024,0.5861441185841801,dC_Vac,85,85,85,85
Second_87,75,87,ReRZV_1d,2024,0.5861441185841801,dC_All,69.41037677667772,69.37427311115198,60.69361394718619,78.74745143208249
Second_87,75,87,ReRZV_1d,2024,0.5861441185841801,dC_Hosp_d,-10.904889035467592,-10.87285847226222,-17.45940640094705,-4.345518669930293
Second_87,75,87,ReRZV_1d,2024,0.5861441185841801,dC_GP_NonPHN_d,-2.681548145099098,-2.7103152814550437,-4.033456038642193,-1.0644656529386216
Second_87,75,87,ReRZV_1d,2024,0.5861441185841801,dC_GP_PHN_d,-1.1534108037586672,-1.1541517526316865,-1.8265545069576437,-0.434651588438583
Second_87,75,87,ReRZV_1d,2024,0.5861441185841801,dC_GP_d,-3.834958948857765,-3.8624926301619107,-5.785118715988586,-1.4956091070379414
Second_87,75,87,ReRZV_1d,2024,0.5861441185841801,dC_Med_d,-14.739847984325356,-14.803040042277722,-23.067636466595733,-5.860693081479864
Second_87,75,87,ReRZV_1d,2024,0.5861441185841801,dC_VacZVL_d,0,0,0,0
Second_87,75,87,ReRZV_1d,2024,0.5861441185841801,dC_VacRZV_d,85,85,85,85
Second_87,75,87,ReRZV_1d,2024,0.5861441185841801,dC_Vac_d,85,85,85,85
Second_87,75,87,ReRZV_1d,2024,0.5861441185841801,dC_All_d,70.26015201567465,70.19695995772227,61.93236353340426,79.13930691852015
Second_87,75,87,ReRZV_1d,2024,0.5861441185841801,dN_VacZVL,0,0,0,0
Second_87,75,87,ReRZV_1d,2024,0.5861441185841801,dN_VacRZV,1,1,1,1
Second_87,75,87,ReRZV_1d,2024,0.5861441185841801,dN_VacZVL_d,0,0,0,0
Second_87,75,87,ReRZV_1d,2024,0.5861441185841801,dN_VacRZV_d,1,1,1,1
Second_87,75,87,ReRZV_1d,2024,0.5861441185841801,ICER,19428.93587842687,16598.938180419646,9664.40406305718,48064.26296564437
Second_87,75,87,ReRZV_1d,2024,0.5861441185841801,Price0,85,85,85,85
Second_87,75,87,ReRZV_1d,2024,0.5861441185841801,Thres20,98.88340600840127,99.32109319518464,39.145315463627426,152.09893937498686
Second_87,75,87,ReRZV_1d,2024,0.5861441185841801,Thres30,140.95518502043922,141.56985061121088,55.48448805589621,217.18589053968032
Second_87,75,87,ReRZV_1d,2024,0.5861441185841801,Thres20_50,NA,99.32109319518464,NA,NA
Second_87,75,87,ReRZV_1d,2024,0.5861441185841801,Thres30_90,NA,82.1798911135984,NA,NA
Second_87,75,87,ReRZV_1d,2024,0.5861441185841801,Thres,NA,82.1798911135984,NA,NA
Second_87,75,87,ReRZV_2d,2024,0.5861441185841801,N0,0.5861441185841801,0.5861441185841801,0.5861441185841801,0.5861441185841801
Second_87,75,87,ReRZV_2d,2024,0.5861441185841801,dYear_Life,3.532719478462144e-4,3.579213812466929e-4,1.855135192268836e-4,4.926597321832143e-4
Second_87,75,87,ReRZV_2d,2024,0.5861441185841801,dYear_Immunised,3.405410889896653,3.491148581026923,1.8846444866101424,4.446413636923521
Second_87,75,87,ReRZV_2d,2024,0.5861441185841801,dRisk_HZ,-0.05896940247926184,-0.0603376380256081,-0.07712327629193773,-0.03238823061129313
Second_87,75,87,ReRZV_2d,2024,0.5861441185841801,dRisk_Hosp,-0.0054883947744456705,-0.005540028139148811,-0.007843969711610787,-0.0029739593479215765
Second_87,75,87,ReRZV_2d,2024,0.5861441185841801,dRisk_PHN,-0.005125757746784321,-0.005183485338385834,-0.007115005437634114,-0.002730369502698033
Second_87,75,87,ReRZV_2d,2024,0.5861441185841801,dRisk_Death,-1.5554169108558972e-4,-1.5731530812911832e-4,-2.1579474674382303e-4,-8.297163353877383e-5
Second_87,75,87,ReRZV_2d,2024,0.5861441185841801,dQ_Life,2.328875018069789e-4,2.3598824650815917e-4,1.2211668787439806e-4,3.2480277088968554e-4
Second_87,75,87,ReRZV_2d,2024,0.5861441185841801,dQ_HZ,0.004965147960813789,0.005035433778484423,0.0026435804091565333,0.006865579535845383
Second_87,75,87,ReRZV_2d,2024,0.5861441185841801,dQ_HZ_Norm,0.0013830930594074505,0.0014055032374932182,7.376109076496584e-4,0.0019048559671586886
Second_87,75,87,ReRZV_2d,2024,0.5861441185841801,dQ_All,0.005189330193417067,0.0052699442727154756,0.002764815131883938,0.007156328672465302
Second_87,75,87,ReRZV_2d,2024,0.5861441185841801,dQ_HZ_d,0.004714451169592911,0.004784292281806756,0.0025061383335343097,0.006524454966333184
Second_87,75,87,ReRZV_2d,2024,0.5861441185841801,dQ_HZ_Norm_d,0.001315090897207924,0.0013365536098017881,6.993385492747757e-4,0.0018114860951977025
Second_87,75,87,ReRZV_2d,2024,0.5861441185841801,dQ_Life_d,2.1004535238636527e-4,2.128351398598067e-4,1.1001088825782944e-4,2.9292563562294087e-4
Second_87,75,87,ReRZV_2d,2024,0.5861441185841801,dQ_All_d,0.004924496521979268,0.005003635679348019,0.00261981341690766,0.006798857071591609
Second_87,75,87,ReRZV_2d,2024,0.5861441185841801,dC_Hosp,-13.515231977406271,-13.625709765128777,-19.210033257374832,-7.3372790536135195
Second_87,75,87,ReRZV_2d,2024,0.5861441185841801,dC_GP_NonPHN,-3.300714444614021,-3.3693211673642134,-4.332906688279935,-1.7995280166131358
Second_87,75,87,ReRZV_2d,2024,0.5861441185841801,dC_GP_PHN,-1.4163710340438256,-1.4315332505042946,-1.9804454373631837,-0.7478929985227846
Second_87,75,87,ReRZV_2d,2024,0.5861441185841801,dC_GP,-4.717085478657847,-4.833204191322878,-6.226956901706828,-2.5634792833980917
Second_87,75,87,ReRZV_2d,2024,0.5861441185841801,dC_Med,-18.232317456064116,-18.482310086999124,-25.333492254764927,-9.910134764406502
Second_87,75,87,ReRZV_2d,2024,0.5861441185841801,dC_VacZVL,0,0,0,0
Second_87,75,87,ReRZV_2d,2024,0.5861441185841801,dC_VacRZV,170,170,170,170
Second_87,75,87,ReRZV_2d,2024,0.5861441185841801,dC_Vac,170,170,170,170
Second_87,75,87,ReRZV_2d,2024,0.5861441185841801,dC_All,151.76768254393588,151.51768991300088,144.6665077452351,160.0898652355935
Second_87,75,87,ReRZV_2d,2024,0.5861441185841801,dC_Hosp_d,-12.752513485498392,-12.842306877998691,-18.171744129162857,-6.866879496720597
Second_87,75,87,ReRZV_2d,2024,0.5861441185841801,dC_GP_NonPHN_d,-3.1400154064991095,-3.2015053161110636,-4.126529938286418,-1.708407096351531
Second_87,75,87,ReRZV_2d,2024,0.5861441185841801,dC_GP_PHN_d,-1.3502433279006794,-1.3668555224815282,-1.8890782988465122,-0.7153308460050276
Second_87,75,87,ReRZV_2d,2024,0.5861441185841801,dC_GP_d,-4.490258734399789,-4.59882651335628,-5.926877282081431,-2.427246153085321
Second_87,75,87,ReRZV_2d,2024,0.5861441185841801,dC_Med_d,-17.242772219898182,-17.463378480564767,-23.97008598201217,-9.354655588164219
Second_87,75,87,ReRZV_2d,2024,0.5861441185841801,dC_VacZVL_d,0,0,0,0
Second_87,75,87,ReRZV_2d,2024,0.5861441185841801,dC_VacRZV_d,170,170,170,170
Second_87,75,87,ReRZV_2d,2024,0.5861441185841801,dC_Vac_d,170,170,170,170
Second_87,75,87,ReRZV_2d,2024,0.5861441185841801,dC_All_d,152.75722778010183,152.53662151943524,146.02991401798786,160.64534441183577
Second_87,75,87,ReRZV_2d,2024,0.5861441185841801,dN_VacZVL,0,0,0,0
Second_87,75,87,ReRZV_2d,2024,0.5861441185841801,dN_VacRZV,2,2,2,2
Second_87,75,87,ReRZV_2d,2024,0.5861441185841801,dN_VacZVL_d,0,0,0,0
Second_87,75,87,ReRZV_2d,2024,0.5861441185841801,dN_VacRZV_d,2,2,2,2
Second_87,75,87,ReRZV_2d,2024,0.5861441185841801,ICER,33041.17526799449,30471.64463036489,21737.452383247823,61443.9869884207
Second_87,75,87,ReRZV_2d,2024,0.5861441185841801,Price0,85,85,85,85
Second_87,75,87,ReRZV_2d,2024,0.5861441185841801,Thres20,57.866351329741775,58.85366810210975,30.858047158246634,79.00914301137426
Second_87,75,87,ReRZV_2d,2024,0.5861441185841801,Thres30,82.48883393963811,83.82170074267913,43.931055095717404,112.81131030371859
Second_87,75,87,ReRZV_2d,2024,0.5861441185841801,Thres20_50,NA,58.85366810210975,NA,NA
Second_87,75,87,ReRZV_2d,2024,0.5861441185841801,Thres30_90,NA,58.41737159509754,NA,NA
Second_87,75,87,ReRZV_2d,2024,0.5861441185841801,Thres,NA,58.41737159509754,NA,NA
Second_88,70,88,ReRZV_1d,2024,0.48607204870814474,N0,0.48607204870814474,0.48607204870814474,0.48607204870814474,0.48607204870814474
Second_88,70,88,ReRZV_1d,2024,0.48607204870814474,dYear_Life,3.027003861479083e-4,3.035303627109549e-4,1.2941347266865407e-4,4.6350908180677503e-4
Second_88,70,88,ReRZV_1d,2024,0.48607204870814474,dYear_Immunised,2.9131978213194185,2.952532425282508,1.3030438791427381,4.224490588175368
Second_88,70,88,ReRZV_1d,2024,0.48607204870814474,dRisk_HZ,-0.06122202919704427,-0.06175354479600301,-0.08920171642724707,-0.02738990036911653
Second_88,70,88,ReRZV_1d,2024,0.48607204870814474,dRisk_Hosp,-0.005916987335800653,-0.005900446267575436,-0.00930977090568286,-0.002568402472386144
Second_88,70,88,ReRZV_1d,2024,0.48607204870814474,dRisk_PHN,-0.005279972424771648,-0.005267124573032802,-0.008129171082380307,-0.0022470767422187723
Second_88,70,88,ReRZV_1d,2024,0.48607204870814474,dRisk_Death,-1.7030900139934621e-4,-1.7082027185017423e-4,-2.5972933283824085e-4,-7.39160706078531e-5
Second_88,70,88,ReRZV_1d,2024,0.48607204870814474,dQ_Life,1.9846587161656524e-4,1.9921230313701507e-4,8.474627459524446e-5,3.03762471456133e-4
Second_88,70,88,ReRZV_1d,2024,0.48607204870814474,dQ_HZ,0.004249847176660605,0.004260929846853726,0.00187023064302593,0.006438395489665841
Second_88,70,88,ReRZV_1d,2024,0.48607204870814474,dQ_HZ_Norm,0.0011744599334046618,0.0011783375921436134,5.10281591175202e-4,0.0017901574295302732
Second_88,70,88,ReRZV_1d,2024,0.48607204870814474,dQ_All,0.004439941500198259,0.004453160311444868,0.0019480257289810593,0.006690973667851332
Second_88,70,88,ReRZV_1d,2024,0.48607204870814474,dQ_HZ_d,0.004054509259121977,0.004065377381536718,0.001782290331295969,0.006152063424821086
Second_88,70,88,ReRZV_1d,2024,0.48607204870814474,dQ_HZ_Norm_d,0.0011217786286287406,0.0011252094884913666,4.8548301952133424e-4,0.0017105464176041306
Second_88,70,88,ReRZV_1d,2024,0.48607204870814474,dQ_Life_d,1.8048315695243846e-4,1.8110728583211081e-4,7.700065615389416e-5,2.763033952935855e-4
Second_88,70,88,ReRZV_1d,2024,0.48607204870814474,dQ_All_d,0.0042349924160744136,0.004247846267283192,0.001851714701582856,0.006383767584741958
Second_88,70,88,ReRZV_1d,2024,0.48607204870814474,dC_Hosp,-12.004207740697403,-11.954469341450242,-18.947799862454865,-5.191843296638647
Second_88,70,88,ReRZV_1d,2024,0.48607204870814474,dC_GP_NonPHN,-2.794877656520825,-2.816742534983243,-4.066155122593933,-1.246690974873494
Second_88,70,88,ReRZV_1d,2024,0.48607204870814474,dC_GP_PHN,-1.189081944385691,-1.1891489105015003,-1.8278414353661683,-0.5121590705110661
Second_88,70,88,ReRZV_1d,2024,0.48607204870814474,dC_GP,-3.983959600906516,-4.005212571671137,-5.872989500430193,-1.772103724827438
Second_88,70,88,ReRZV_1d,2024,0.48607204870814474,dC_Med,-15.98816734160392,-16.026317987931307,-24.54063631457891,-7.100399449600857
Second_88,70,88,ReRZV_1d,2024,0.48607204870814474,dC_VacZVL,0,0,0,0
Second_88,70,88,ReRZV_1d,2024,0.48607204870814474,dC_VacRZV,85,85,85,85
Second_88,70,88,ReRZV_1d,2024,0.48607204870814474,dC_Vac,85,85,85,85
Second_88,70,88,ReRZV_1d,2024,0.48607204870814474,dC_All,69.01183265839607,68.97368201206869,60.459363685421096,77.89960055039914
Second_88,70,88,ReRZV_1d,2024,0.48607204870814474,dC_Hosp_d,-11.39706385764547,-11.337080990363873,-18.012594372880702,-4.919563637118545
Second_88,70,88,ReRZV_1d,2024,0.48607204870814474,dC_GP_NonPHN_d,-2.6706682735500697,-2.6935859377771743,-3.890762458629173,-1.1875898163827987
Second_88,70,88,ReRZV_1d,2024,0.48607204870814474,dC_GP_PHN_d,-1.1384676502895166,-1.138152259153946,-1.748744167147044,-0.49016908553648086
Second_88,70,88,ReRZV_1d,2024,0.48607204870814474,dC_GP_d,-3.809135923839586,-3.8338182126049,-5.610980405379733,-1.6903891200197825
Second_88,70,88,ReRZV_1d,2024,0.48607204870814474,dC_Med_d,-15.206199781485058,-15.237106038270385,-23.418780890969085,-6.698517657599286
Second_88,70,88,ReRZV_1d,2024,0.48607204870814474,dC_VacZVL_d,0,0,0,0
Second_88,70,88,ReRZV_1d,2024,0.48607204870814474,dC_VacRZV_d,85,85,85,85
Second_88,70,88,ReRZV_1d,2024,0.48607204870814474,dC_Vac_d,85,85,85,85
Second_88,70,88,ReRZV_1d,2024,0.48607204870814474,dC_All_d,69.79380021851495,69.76289396172962,61.581219109030904,78.3014823424007
Second_88,70,88,ReRZV_1d,2024,0.48607204870814474,dN_VacZVL,0,0,0,0
Second_88,70,88,ReRZV_1d,2024,0.48607204870814474,dN_VacRZV,1,1,1,1
Second_88,70,88,ReRZV_1d,2024,0.48607204870814474,dN_VacZVL_d,0,0,0,0
Second_88,70,88,ReRZV_1d,2024,0.48607204870814474,dN_VacRZV_d,1,1,1,1
Second_88,70,88,ReRZV_1d,2024,0.48607204870814474,ICER,18634.8150809775,16334.113989106372,9846.048874558115,42087.9695362934
Second_88,70,88,ReRZV_1d,2024,0.48607204870814474,Price0,85,85,85,85
Second_88,70,88,ReRZV_1d,2024,0.48607204870814474,Thres20,99.90604810297332,100.5783516695663,44.20347754812104,149.6499584188262
Second_88,70,88,ReRZV_1d,2024,0.48607204870814474,Thres30,142.25597226371747,142.94855966347035,62.67045760455354,213.4375075868795
Second_88,70,88,ReRZV_1d,2024,0.48607204870814474,Thres20_50,NA,100.5783516695663,NA,NA
Second_88,70,88,ReRZV_1d,2024,0.48607204870814474,Thres30_90,NA,87.6352006205722,NA,NA
Second_88,70,88,ReRZV_1d,2024,0.48607204870814474,Thres,NA,87.6352006205722,NA,NA
Second_88,70,88,ReRZV_2d,2024,0.48607204870814474,N0,0.48607204870814474,0.48607204870814474,0.48607204870814474,0.48607204870814474
Second_88,70,88,ReRZV_2d,2024,0.48607204870814474,dYear_Life,3.503254178052206e-4,3.547188548199148e-4,1.9282620938631235e-4,4.8155176035429383e-4
Second_88,70,88,ReRZV_2d,2024,0.48607204870814474,dYear_Immunised,3.3709393129653575,3.4510991795617096,1.9495035138345986,4.305954539909767
Second_88,70,88,ReRZV_2d,2024,0.48607204870814474,dRisk_HZ,-0.07084089306367741,-0.0723781673364437,-0.09083929376271808,-0.04121650432269707
Second_88,70,88,ReRZV_2d,2024,0.48607204870814474,dRisk_Hosp,-0.006843891362127003,-0.006891687880575758,-0.009626042213867094,-0.0038667672260874744
Second_88,70,88,ReRZV_2d,2024,0.48607204870814474,dRisk_PHN,-0.006107332918230559,-0.006151287723991118,-0.008400777123659641,-0.003420175037101676
Second_88,70,88,ReRZV_2d,2024,0.48607204870814474,dRisk_Death,-1.9702778341716055e-4,-1.9914320350315656e-4,-2.6960085694108834e-4,-1.0940378371264777e-4
Second_88,70,88,ReRZV_2d,2024,0.48607204870814474,dQ_Life,2.2970222648379163e-4,2.325792712469098e-4,1.2634126087975319e-4,3.159496459477843e-4
Second_88,70,88,ReRZV_2d,2024,0.48607204870814474,dQ_HZ,0.004916863832274122,0.004977419314430735,0.002807849357119578,0.00670449990799168
Second_88,70,88,ReRZV_2d,2024,0.48607204870814474,dQ_HZ_Norm,0.0013589927576278492,0.0013747724238027715,7.611842089397037e-4,0.001844546479421527
Second_88,70,88,ReRZV_2d,2024,0.48607204870814474,dQ_All,0.005136890634847315,0.005198681523499806,0.0029264320986927073,0.006972789421715147
Second_88,70,88,ReRZV_2d,2024,0.48607204870814474,dQ_HZ_d,0.004691167776252114,0.004749983485155339,0.002675840869783159,0.006389803368163968
Second_88,70,88,ReRZV_2d,2024,0.48607204870814474,dQ_HZ_Norm_d,0.0012981162668896555,0.0013135428169126827,7.262424990314249e-4,0.0017620746071550224
Second_88,70,88,ReRZV_2d,2024,0.48607204870814474,dQ_Life_d,2.088970600596213e-4,2.1159396861196775e-4,1.14839296103351e-4,2.874577697700476e-4
Second_88,70,88,ReRZV_2d,2024,0.48607204870814474,dQ_All_d,0.00490006483631174,0.0049591563068865935,0.0027897775864099807,0.006650220401800612
Second_88,70,88,ReRZV_2d,2024,0.48607204870814474,dC_Hosp,-13.884356238919585,-13.976422287215511,-19.565512853187595,-7.925799655333634
Second_88,70,88,ReRZV_2d,2024,0.48607204870814474,dC_GP_NonPHN,-3.234344901596973,-3.298168246437662,-4.168342248687982,-1.8897654804494421
Second_88,70,88,ReRZV_2d,2024,0.48607204870814474,dC_GP_PHN,-1.3754911211316565,-1.3844173650119425,-1.9075836691742944,-0.756804508394928
Second_88,70,88,ReRZV_2d,2024,0.48607204870814474,dC_GP,-4.60983602272863,-4.712197049388784,-5.999632616453201,-2.658493168939633
Second_88,70,88,ReRZV_2d,2024,0.48607204870814474,dC_Med,-18.494192261648212,-18.758216852688378,-25.337690689357633,-10.551915386219402
Second_88,70,88,ReRZV_2d,2024,0.48607204870814474,dC_VacZVL,0,0,0,0
Second_88,70,88,ReRZV_2d,2024,0.48607204870814474,dC_VacRZV,170,170,170,170
Second_88,70,88,ReRZV_2d,2024,0.48607204870814474,dC_Vac,170,170,170,170
Second_88,70,88,ReRZV_2d,2024,0.48607204870814474,dC_All,151.5058077383518,151.2417831473116,144.66230931064234,159.44808461378062
Second_88,70,88,ReRZV_2d,2024,0.48607204870814474,dC_Hosp_d,-13.182994500444671,-13.256791758887893,-18.633631997395526,-7.4633407294715655
Second_88,70,88,ReRZV_2d,2024,0.48607204870814474,dC_GP_NonPHN_d,-3.0907979544335626,-3.149807244820761,-3.984014552260867,-1.801782576816779
Second_88,70,88,ReRZV_2d,2024,0.48607204870814474,dC_GP_PHN_d,-1.3170272912654395,-1.3270938034812696,-1.8276950693795437,-0.7233712854077822
Second_88,70,88,ReRZV_2d,2024,0.48607204870814474,dC_GP_d,-4.407825245699002,-4.504731207674425,-5.742379298506814,-2.5374698737072747
Second_88,70,88,ReRZV_2d,2024,0.48607204870814474,dC_Med_d,-17.590819746143673,-17.83055478728391,-24.190561283230515,-9.998928641243165
Second_88,70,88,ReRZV_2d,2024,0.48607204870814474,dC_VacZVL_d,0,0,0,0
Second_88,70,88,ReRZV_2d,2024,0.48607204870814474,dC_VacRZV_d,170,170,170,170
Second_88,70,88,ReRZV_2d,2024,0.48607204870814474,dC_Vac_d,170,170,170,170
Second_88,70,88,ReRZV_2d,2024,0.48607204870814474,dC_All_d,152.40918025385633,152.16944521271608,145.80943871676945,160.00107135875683
Second_88,70,88,ReRZV_2d,2024,0.48607204870814474,dN_VacZVL,0,0,0,0
Second_88,70,88,ReRZV_2d,2024,0.48607204870814474,dN_VacRZV,2,2,2,2
Second_88,70,88,ReRZV_2d,2024,0.48607204870814474,dN_VacZVL_d,0,0,0,0
Second_88,70,88,ReRZV_2d,2024,0.48607204870814474,dN_VacRZV_d,2,2,2,2
Second_88,70,88,ReRZV_2d,2024,0.48607204870814474,ICER,32833.20821217526,30620.382846694058,22244.459413250286,57049.71563287098
Second_88,70,88,ReRZV_2d,2024,0.48607204870814474,Price0,85,85,85,85
Second_88,70,88,ReRZV_2d,2024,0.48607204870814474,Thres20,57.79605823618924,58.655986941386715,32.906281742144806,77.54754359339063
Second_88,70,88,ReRZV_2d,2024,0.48607204870814474,Thres30,82.29638241774794,83.4548399371781,46.93080699688866,110.66794694842713
Second_88,70,88,ReRZV_2d,2024,0.48607204870814474,Thres20_50,NA,58.655986941386715,NA,NA
Second_88,70,88,ReRZV_2d,2024,0.48607204870814474,Thres30_90,NA,59.83914947232675,NA,NA
Second_88,70,88,ReRZV_2d,2024,0.48607204870814474,Thres,NA,58.655986941386715,NA,NA
Second_88,75,88,ReRZV_1d,2024,0.5333343930409623,N0,0.5333343930409623,0.5333343930409623,0.5333343930409623,0.5333343930409623
Second_88,75,88,ReRZV_1d,2024,0.5333343930409623,dYear_Life,2.831849405744587e-4,2.8450715836873537e-4,1.1235999931796335e-4,4.41114046857852e-4
Second_88,75,88,ReRZV_1d,2024,0.5333343930409623,dYear_Immunised,2.736046761320518,2.777866485522899,1.1270579967687548,4.050271630224277
Second_88,75,88,ReRZV_1d,2024,0.5333343930409623,dRisk_HZ,-0.05237416345032505,-0.05279274295573863,-0.07790429676310102,-0.021277907452714035
Second_88,75,88,ReRZV_1d,2024,0.5333343930409623,dRisk_Hosp,-0.005073727711032863,-0.005076129394255672,-0.008123724485863612,-0.0020492690317865108
Second_88,75,88,ReRZV_1d,2024,0.5333343930409623,dRisk_PHN,-0.004513232583810059,-0.004495550251765684,-0.007111303499042564,-0.0017714661043804084
Second_88,75,88,ReRZV_1d,2024,0.5333343930409623,dRisk_Death,-1.4590026369835078e-4,-1.461863860039187e-4,-2.2600747385651026e-4,-5.8871828077003045e-5
Second_88,75,88,ReRZV_1d,2024,0.5333343930409623,dQ_Life,1.8556289098759068e-4,1.8644214977181565e-4,7.337578265214449e-5,2.8920819450928856e-4
Second_88,75,88,ReRZV_1d,2024,0.5333343930409623,dQ_HZ,0.003990167427934863,0.003999390595468907,0.001596338632916712,0.006169009129070731
Second_88,75,88,ReRZV_1d,2024,0.5333343930409623,dQ_HZ_Norm,0.0011020873279747512,0.001110230320234547,4.39596457364217e-4,0.0017096673482524896
Second_88,75,88,ReRZV_1d,2024,0.5333343930409623,dQ_All,0.004167765515946939,0.004186070843876743,0.0016754227485113902,0.006425643551084575
Second_88,75,88,ReRZV_1d,2024,0.5333343930409623,dQ_HZ_d,0.0038038140963499037,0.0038140991815214503,0.0015136769042688742,0.0058893697817063205
Second_88,75,88,ReRZV_1d,2024,0.5333343930409623,dQ_HZ_Norm_d,0.001051848193393447,0.0010583631960569737,4.1748691112897604e-4,0.0016354428543040348
Second_88,75,88,ReRZV_1d,2024,0.5333343930409623,dQ_Life_d,1.686762012945761e-4,1.6952265151298296e-4,6.653331356315788e-5,2.6304432124015593e-4
Second_88,75,88,ReRZV_1d,2024,0.5333343930409623,dQ_All_d,0.003972490297644476,0.003991887244014642,0.0015925237017282243,0.006125648462738499
Second_88,75,88,ReRZV_1d,2024,0.5333343930409623,dC_Hosp,-11.297029777098405,-11.269417245464979,-18.209481427626383,-4.555929430895019
Second_88,75,88,ReRZV_1d,2024,0.5333343930409623,dC_GP_NonPHN,-2.6221092056625817,-2.645951054686008,-3.9021578815676947,-1.0639446460366155
Second_88,75,88,ReRZV_1d,2024,0.5333343930409623,dC_GP_PHN,-1.1146468640449412,-1.1137863250622289,-1.752740651313065,-0.42937593998815815
Second_88,75,88,ReRZV_1d,2024,0.5333343930409623,dC_GP,-3.7367560697075226,-3.7585603319686225,-5.613025300790508,-1.5108236726391149
Second_88,75,88,ReRZV_1d,2024,0.5333343930409623,dC_Med,-15.033785846805928,-15.083906103530225,-23.52552348752114,-6.1116487144462095
Second_88,75,88,ReRZV_1d,2024,0.5333343930409623,dC_VacZVL,0,0,0,0
Second_88,75,88,ReRZV_1d,2024,0.5333343930409623,dC_VacRZV,85,85,85,85
Second_88,75,88,ReRZV_1d,2024,0.5333343930409623,dC_Vac,85,85,85,85
Second_88,75,88,ReRZV_1d,2024,0.5333343930409623,dC_All,69.96621415319407,69.91609389646979,61.474476512478866,78.88835128555378
Second_88,75,88,ReRZV_1d,2024,0.5333343930409623,dC_Hosp_d,-10.717139260026045,-10.684822012672797,-17.263807174328083,-4.294110781125707
Second_88,75,88,ReRZV_1d,2024,0.5333343930409623,dC_GP_NonPHN_d,-2.5036748889784173,-2.5269951699549633,-3.7276752883525197,-1.012822706487657
Second_88,75,88,ReRZV_1d,2024,0.5333343930409623,dC_GP_PHN_d,-1.0664158548794915,-1.064989604740489,-1.6757053560856798,-0.40975032825847857
Second_88,75,88,ReRZV_1d,2024,0.5333343930409623,dC_GP_d,-3.570090743857909,-3.590545164360034,-5.373620357176752,-1.4373805495633312
Second_88,75,88,ReRZV_1d,2024,0.5333343930409623,dC_Med_d,-14.287230003883952,-14.342721957955861,-22.35799707925255,-5.749341921660669
Second_88,75,88,ReRZV_1d,2024,0.5333343930409623,dC_VacZVL_d,0,0,0,0
Second_88,75,88,ReRZV_1d,2024,0.5333343930409623,dC_VacRZV_d,85,85,85,85
Second_88,75,88,ReRZV_1d,2024,0.5333343930409623,dC_Vac_d,85,85,85,85
Second_88,75,88,ReRZV_1d,2024,0.5333343930409623,dC_All_d,70.71276999611605,70.65727804204414,62.642002920747466,79.25065807833934
Second_88,75,88,ReRZV_1d,2024,0.5333343930409623,dN_VacZVL,0,0,0,0
Second_88,75,88,ReRZV_1d,2024,0.5333343930409623,dN_VacRZV,1,1,1,1
Second_88,75,88,ReRZV_1d,2024,0.5333343930409623,dN_VacZVL_d,0,0,0,0
Second_88,75,88,ReRZV_1d,2024,0.5333343930409623,dN_VacRZV_d,1,1,1,1
Second_88,75,88,ReRZV_1d,2024,0.5333343930409623,ICER,20571.0189491394,17705.391535554452,10411.13532450621,49637.124935021784
Second_88,75,88,ReRZV_1d,2024,0.5333343930409623,Price0,85,85,85,85
Second_88,75,88,ReRZV_1d,2024,0.5333343930409623,Thres20,93.73703595677348,94.12512846376444,37.97374472799407,143.38691421826766
Second_88,75,88,ReRZV_1d,2024,0.5333343930409623,Thres30,133.46193893321825,134.11318768745548,53.77138124532002,204.75196588416117
Second_88,75,88,ReRZV_1d,2024,0.5333343930409623,Thres20_50,NA,94.12512846376444,NA,NA
Second_88,75,88,ReRZV_1d,2024,0.5333343930409623,Thres30_90,NA,78.40361527508935,NA,NA
Second_88,75,88,ReRZV_1d,2024,0.5333343930409623,Thres,NA,78.40361527508935,NA,NA
Second_88,75,88,ReRZV_2d,2024,0.5333343930409623,N0,0.5333343930409623,0.5333343930409623,0.5333343930409623,0.5333343930409623
Second_88,75,88,ReRZV_2d,2024,0.5333343930409623,dYear_Life,3.3081003006614853e-4,3.351096907689494e-4,1.747248379578362e-4,4.618156671586842e-4
Second_88,75,88,ReRZV_2d,2024,0.5333343930409623,dYear_Immunised,3.1937888049809677,3.2697398109587033,1.7866394959323308,4.151469695721591
Second_88,75,88,ReRZV_2d,2024,0.5333343930409623,dRisk_HZ,-0.06114063529905773,-0.06248879171179707,-0.07965278897753562,-0.034000837610034744
Second_88,75,88,ReRZV_2d,2024,0.5333343930409623,dRisk_Hosp,-0.0059184925611870665,-0.0059695055997695725,-0.008459569002983211,-0.0032079579463453623
Second_88,75,88,ReRZV_2d,2024,0.5333343930409623,dRisk_PHN,-0.005267275120465393,-0.005319226123288973,-0.007363724804576889,-0.002801478785251804
Second_88,75,88,ReRZV_2d,2024,0.5333343930409623,dRisk_Death,-1.7025131456003495e-4,-1.7245608394531362e-4,-2.366269873136278e-4,-9.129670570175905e-5
Second_88,75,88,ReRZV_2d,2024,0.5333343930409623,dQ_Life,2.1679928378726503e-4,2.1950054843894066e-4,1.1427170104620578e-4,3.0289346289726727e-4
Second_88,75,88,ReRZV_2d,2024,0.5333343930409623,dQ_HZ,0.004657184888148873,0.004729280417728207,0.0025132558060902708,0.006427392708647472
Second_88,75,88,ReRZV_2d,2024,0.5333343930409623,dQ_HZ_Norm,0.0012866203746908795,0.0013037578878087636,6.86430597244472e-4,0.0017658541966196655
Second_88,75,88,ReRZV_2d,2024,0.5333343930409623,dQ_All,0.004864715491545536,0.004938631504826454,0.002616290085209215,0.006693649984662717
Second_88,75,88,ReRZV_2d,2024,0.5333343930409623,dQ_HZ_d,0.0044404733814626795,0.0045115891466620695,0.002396518841224272,0.006128896472769373
Second_88,75,88,ReRZV_2d,2024,0.5333343930409623,dQ_HZ_Norm_d,0.001228186044267324,0.001245197057187604,6.540870919451276e-4,0.0016855020143934942
Second_88,75,88,ReRZV_2d,2024,0.5333343930409623,dQ_Life_d,1.9709013890665506e-4,1.9949505981793072e-4,1.037316425137296e-4,2.755644531320024e-4
Second_88,75,88,ReRZV_2d,2024,0.5333343930409623,dQ_All_d,0.004637563520369334,0.0047121459740714945,0.002490223733377813,0.006381002398406347
Second_88,75,88,ReRZV_2d,2024,0.5333343930409623,dC_Hosp,-13.177180541469383,-13.293018548826794,-18.866169477596287,-7.136551585629647
Second_88,75,88,ReRZV_2d,2024,0.5333343930409623,dC_GP_NonPHN,-3.061576980772833,-3.121068836033565,-4.004284373391179,-1.6882390792451594
Second_88,75,88,ReRZV_2d,2024,0.5333343930409623,dC_GP_PHN,-1.3010562656166988,-1.3106435974044914,-1.8293336848317483,-0.6917000990496838
Second_88,75,88,ReRZV_2d,2024,0.5333343930409623,dC_GP,-4.362633246389532,-4.462177032775125,-5.753281075757496,-2.414318608698773
Second_88,75,88,ReRZV_2d,2024,0.5333343930409623,dC_Med,-17.539813787858915,-17.819030563158158,-24.35955808485963,-9.612324085432535
Second_88,75,88,ReRZV_2d,2024,0.5333343930409623,dC_VacZVL,0,0,0,0
Second_88,75,88,ReRZV_2d,2024,0.5333343930409623,dC_VacRZV,170,170,170,170
Second_88,75,88,ReRZV_2d,2024,0.5333343930409623,dC_Vac,170,170,170,170
Second_88,75,88,ReRZV_2d,2024,0.5333343930409623,dC_All,152.46018621214108,152.18096943684182,145.64044191514037,160.3876759145674
Second_88,75,88,ReRZV_2d,2024,0.5333343930409623,dC_Hosp_d,-12.503072055392696,-12.615276201642654,-17.914876504253904,-6.736135990377597
Second_88,75,88,ReRZV_2d,2024,0.5333343930409623,dC_GP_NonPHN_d,-2.9238050765752615,-2.981167803220502,-3.8215669787370325,-1.6099965730116175
Second_88,75,88,ReRZV_2d,2024,0.5333343930409623,dC_GP_PHN_d,-1.2449757112175848,-1.2538578068322017,-1.751865804968359,-0.6608127152796529
Second_88,75,88,ReRZV_2d,2024,0.5333343930409623,dC_GP_d,-4.168780787792847,-4.262535224309852,-5.501377750121467,-2.3015061363404974
Second_88,75,88,ReRZV_2d,2024,0.5333343930409623,dC_Med_d,-16.671852843185544,-16.90781517918625,-23.12529603072094,-9.095062503826426
Second_88,75,88,ReRZV_2d,2024,0.5333343930409623,dC_VacZVL_d,0,0,0,0
Second_88,75,88,ReRZV_2d,2024,0.5333343930409623,dC_VacRZV_d,170,170,170,170
Second_88,75,88,ReRZV_2d,2024,0.5333343930409623,dC_Vac_d,170,170,170,170
Second_88,75,88,ReRZV_2d,2024,0.5333343930409623,dC_All_d,153.32814715681445,153.09218482081377,146.8747039692791,160.90493749617355
Second_88,75,88,ReRZV_2d,2024,0.5333343930409623,dN_VacZVL,0,0,0,0
Second_88,75,88,ReRZV_2d,2024,0.5333343930409623,dN_VacRZV,2,2,2,2
Second_88,75,88,ReRZV_2d,2024,0.5333343930409623,dN_VacZVL_d,0,0,0,0
Second_88,75,88,ReRZV_2d,2024,0.5333343930409623,dN_VacRZV_d,2,2,2,2
Second_88,75,88,ReRZV_2d,2024,0.5333343930409623,ICER,35159.10214423726,32511.62897629168,23264.60841430085,64142.11005347062
Second_88,75,88,ReRZV_2d,2024,0.5333343930409623,Price0,85,85,85,85
Second_88,75,88,ReRZV_2d,2024,0.5333343930409623,Thres20,54.711561625286116,55.47282680301278,29.840395664943475,74.63876979250507
Second_88,75,88,ReRZV_2d,2024,0.5333343930409623,Thres30,77.8993792271328,79.0086308583549,42.2810594913538,106.24019579273376
Second_88,75,88,ReRZV_2d,2024,0.5333343930409623,Thres20_50,NA,55.47282680301278,NA,NA
Second_88,75,88,ReRZV_2d,2024,0.5333343930409623,Thres30_90,NA,55.48118613228911,NA,NA
Second_88,75,88,ReRZV_2d,2024,0.5333343930409623,Thres,NA,55.47282680301278,NA,NA
Second_89,70,89,ReRZV_1d,2024,0.43687895333608423,N0,0.43687895333608423,0.43687895333608423,0.43687895333608423,0.43687895333608423
Second_89,70,89,ReRZV_1d,2024,0.43687895333608423,dYear_Life,2.736908054695925e-4,2.7485013402964956e-4,1.1802261318307174e-4,4.1938017808344514e-4
Second_89,70,89,ReRZV_1d,2024,0.43687895333608423,dYear_Immunised,2.7063662178883034,2.7401377732519028,1.217737725721131,3.910602236922767
Second_89,70,89,ReRZV_1d,2024,0.43687895333608423,dRisk_HZ,-0.06368277853839653,-0.06436091249929149,-0.09237258263553694,-0.028657213039541038
Second_89,70,89,ReRZV_1d,2024,0.43687895333608423,dRisk_Hosp,-0.006399514703014469,-0.00638659965875504,-0.01003766834938062,-0.002803091348046587
Second_89,70,89,ReRZV_1d,2024,0.43687895333608423,dRisk_PHN,-0.005425007299149244,-0.005386569778414764,-0.00846101317962199,-0.002333433196684903
Second_89,70,89,ReRZV_1d,2024,0.43687895333608423,dRisk_Death,-1.840117929699116e-4,-1.845200782418591e-4,-2.8138739973145927e-4,-8.011487344074986e-5
Second_89,70,89,ReRZV_1d,2024,0.43687895333608423,dQ_Life,1.7814556138242722e-4,1.79015656935868e-4,7.668463485686138e-5,2.728969171815488e-4
Second_89,70,89,ReRZV_1d,2024,0.43687895333608423,dQ_HZ,0.003944079198094817,0.003955447717468618,0.0017374206248394926,0.005978831277443145
Second_89,70,89,ReRZV_1d,2024,0.43687895333608423,dQ_HZ_Norm,0.0010811052721562192,0.0010842361433855041,4.7024910069744507e-4,0.0016490800333811369
Second_89,70,89,ReRZV_1d,2024,0.43687895333608423,dQ_All,0.004113373340941521,0.00412941521181919,0.0018132788900040008,0.006195499494264536
Second_89,70,89,ReRZV_1d,2024,0.43687895333608423,dQ_HZ_d,0.003777320979268065,0.003788630694431921,0.0016613046961389485,0.0057287720641857965
Second_89,70,89,ReRZV_1d,2024,0.43687895333608423,dQ_HZ_Norm_d,0.0010363931081017923,0.0010399563860243217,4.498854667548556e-4,0.0015811234548451674
Second_89,70,89,ReRZV_1d,2024,0.43687895333608423,dQ_Life_d,1.63171698536888e-4,1.640288675974401e-4,7.014941984067691e-5,2.5000023511322463e-4
Second_89,70,89,ReRZV_1d,2024,0.43687895333608423,dQ_All_d,0.003940492677804956,0.003954131517666021,0.0017346221351457324,0.0059396319549476235
Second_89,70,89,ReRZV_1d,2024,0.43687895333608423,dC_Hosp,-11.577134316935629,-11.524807197132258,-18.249413153926398,-5.098981687717632
Second_89,70,89,ReRZV_1d,2024,0.43687895333608423,dC_GP_NonPHN,-2.564828955910251,-2.585084920445569,-3.7361172947668204,-1.1579043740897523
Second_89,70,89,ReRZV_1d,2024,0.43687895333608423,dC_GP_PHN,-1.0766261820557272,-1.0743633041504563,-1.6750308409292451,-0.4577806962972041
Second_89,70,89,ReRZV_1d,2024,0.43687895333608423,dC_GP,-3.641455137965978,-3.6685507905082146,-5.343799070447857,-1.6373764063735448
Second_89,70,89,ReRZV_1d,2024,0.43687895333608423,dC_Med,-15.218589454901608,-15.184357771925345,-23.149478624657696,-6.790482149764793
Second_89,70,89,ReRZV_1d,2024,0.43687895333608423,dC_VacZVL,0,0,0,0
Second_89,70,89,ReRZV_1d,2024,0.43687895333608423,dC_VacRZV,85,85,84.99999999999999,85.00000000000001
Second_89,70,89,ReRZV_1d,2024,0.43687895333608423,dC_Vac,85,85,84.99999999999999,85.00000000000001
Second_89,70,89,ReRZV_1d,2024,0.43687895333608423,dC_All,69.7814105450984,69.81564222807464,61.85052137534231,78.20951785023523
Second_89,70,89,ReRZV_1d,2024,0.43687895333608423,dC_Hosp_d,-11.04863282312145,-11.002110324557963,-17.461333843528205,-4.8553575228088555
Second_89,70,89,ReRZV_1d,2024,0.43687895333608423,dC_GP_NonPHN_d,-2.459647510875293,-2.4788313592279985,-3.585008781118244,-1.111241541963248
Second_89,70,89,ReRZV_1d,2024,0.43687895333608423,dC_GP_PHN_d,-1.0342350458215415,-1.03206816093713,-1.6108065375894975,-0.44060021904862234
Second_89,70,89,ReRZV_1d,2024,0.43687895333608423,dC_GP_d,-3.4938825566968346,-3.520229505887171,-5.128934952740364,-1.5661595611672314
Second_89,70,89,ReRZV_1d,2024,0.43687895333608423,dC_Med_d,-14.542515379818283,-14.495640664727844,-22.128334891355955,-6.469912099005687
Second_89,70,89,ReRZV_1d,2024,0.43687895333608423,dC_VacZVL_d,0,0,0,0
Second_89,70,89,ReRZV_1d,2024,0.43687895333608423,dC_VacRZV_d,85,85,84.99999999999999,85.00000000000001
Second_89,70,89,ReRZV_1d,2024,0.43687895333608423,dC_Vac_d,85,85,84.99999999999999,85.00000000000001
Second_89,70,89,ReRZV_1d,2024,0.43687895333608423,dC_All_d,70.45748462018172,70.50435933527216,62.871665108644045,78.53008790099432
Second_89,70,89,ReRZV_1d,2024,0.43687895333608423,dN_VacZVL,0,0,0,0
Second_89,70,89,ReRZV_1d,2024,0.43687895333608423,dN_VacRZV,1,1,1,1
Second_89,70,89,ReRZV_1d,2024,0.43687895333608423,dN_VacZVL_d,0,0,0,0
Second_89,70,89,ReRZV_1d,2024,0.43687895333608423,dN_VacRZV_d,1,1,1,1
Second_89,70,89,ReRZV_1d,2024,0.43687895333608423,ICER,20162.741231024946,17757.63457273816,10756.26772927327,44936.26261991884
Second_89,70,89,ReRZV_1d,2024,0.43687895333608423,Price0,85,85,84.99999999999999,85.00000000000001
Second_89,70,89,ReRZV_1d,2024,0.43687895333608423,Thres20,93.3523689359174,93.94225795871355,41.216989449718135,139.82295264770642
Second_89,70,89,ReRZV_1d,2024,0.43687895333608423,Thres30,132.75729571396695,133.33753202043863,58.81679573798933,199.32126631179537
Second_89,70,89,ReRZV_1d,2024,0.43687895333608423,Thres20_50,NA,93.94225795871355,NA,NA
Second_89,70,89,ReRZV_1d,2024,0.43687895333608423,Thres30_90,NA,82.20056666053279,NA,NA
Second_89,70,89,ReRZV_1d,2024,0.43687895333608423,Thres,NA,82.20056666053279,NA,NA
Second_89,70,89,ReRZV_2d,2024,0.43687895333608423,N0,0.43687895333608423,0.43687895333608423,0.43687895333608423,0.43687895333608423
Second_89,70,89,ReRZV_2d,2024,0.43687895333608423,dYear_Life,3.163850906963217e-4,3.2078332119559393e-4,1.749510581948112e-4,4.356946370823751e-4
Second_89,70,89,ReRZV_2d,2024,0.43687895333608423,dYear_Immunised,3.1280312570238555,3.205918666609566,1.8158711041327904,3.990347448969282
Second_89,70,89,ReRZV_2d,2024,0.43687895333608423,dRisk_HZ,-0.07360389003501917,-0.0751180910886688,-0.09413528871525331,-0.04307895118851248
Second_89,70,89,ReRZV_2d,2024,0.43687895333608423,dRisk_Hosp,-0.007394206434505343,-0.007425627841956394,-0.010427062106075165,-0.004251398182524183
Second_89,70,89,ReRZV_2d,2024,0.43687895333608423,dRisk_PHN,-0.006267795548781648,-0.006286882041310178,-0.008747496062190782,-0.0034894952241739715
Second_89,70,89,ReRZV_2d,2024,0.43687895333608423,dRisk_Death,-2.1265269676587224e-4,-2.149430650146748e-4,-2.91466832876634e-4,-1.1851578625904812e-4
Second_89,70,89,ReRZV_2d,2024,0.43687895333608423,dQ_Life,2.0594343536470646e-4,2.0881390557891545e-4,1.1368894401133041e-4,2.8378161008362634e-4
Second_89,70,89,ReRZV_2d,2024,0.43687895333608423,dQ_HZ,0.004557928135619962,0.004618137352258177,0.0026169384717037586,0.006223467599528855
Second_89,70,89,ReRZV_2d,2024,0.43687895333608423,dQ_HZ_Norm,0.0012495363466273012,0.0012626217607349848,7.024967755984824e-4,0.0017017027915055755
Second_89,70,89,ReRZV_2d,2024,0.43687895333608423,dQ_All,0.00475365004730641,0.004812149379948843,0.0027172645888430083,0.006467613514560872
Second_89,70,89,ReRZV_2d,2024,0.43687895333608423,dQ_HZ_d,0.00436541565127744,0.0044254844219711814,0.002498604967063057,0.005962653168709746
Second_89,70,89,ReRZV_2d,2024,0.43687895333608423,dQ_HZ_Norm_d,0.0011979125702106877,0.0012108061483641708,6.736287990811212e-4,0.0016330386933903695
Second_89,70,89,ReRZV_2d,2024,0.43687895333608423,dQ_Life_d,1.8863811595782305e-4,1.9136357148905487e-4,1.0406100461081546e-4,2.6003047854634027e-4
Second_89,70,89,ReRZV_2d,2024,0.43687895333608423,dQ_All_d,0.004554053767235263,0.004610572317307952,0.002597313047027762,0.006193794706042362
Second_89,70,89,ReRZV_2d,2024,0.43687895333608423,dC_Hosp,-13.37651210308093,-13.446900530018919,-18.906644566143747,-7.552886224255824
Second_89,70,89,ReRZV_2d,2024,0.43687895333608423,dC_GP_NonPHN,-2.964699116744599,-3.0274500590023377,-3.8091392565828963,-1.7429210418055001
Second_89,70,89,ReRZV_2d,2024,0.43687895333608423,dC_GP_PHN,-1.2439468357690961,-1.2509457437353417,-1.7466342407764999,-0.6890235898315419
Second_89,70,89,ReRZV_2d,2024,0.43687895333608423,dC_GP,-4.208645952513695,-4.294752941227285,-5.447925955358906,-2.416610338892377
Second_89,70,89,ReRZV_2d,2024,0.43687895333608423,dC_Med,-17.585158055594626,-17.800052995840392,-24.0685339913678,-10.132007773120003
Second_89,70,89,ReRZV_2d,2024,0.43687895333608423,dC_VacZVL,0,0,0,0
Second_89,70,89,ReRZV_2d,2024,0.43687895333608423,dC_VacRZV,170,170,169.99999999999997,170.00000000000003
Second_89,70,89,ReRZV_2d,2024,0.43687895333608423,dC_Vac,170,170,169.99999999999997,170.00000000000003
Second_89,70,89,ReRZV_2d,2024,0.43687895333608423,dC_All,152.41484194440537,152.19994700415958,145.9314660086322,159.86799222687998
Second_89,70,89,ReRZV_2d,2024,0.43687895333608423,dC_Hosp_d,-12.766496234619082,-12.826679770127225,-18.06631517927264,-7.1924913487378745
Second_89,70,89,ReRZV_2d,2024,0.43687895333608423,dC_GP_NonPHN_d,-2.843245605831058,-2.9055732752433925,-3.6548158432346045,-1.6671471546059733
Second_89,70,89,ReRZV_2d,2024,0.43687895333608423,dC_GP_PHN_d,-1.195025309343069,-1.2013082943395377,-1.677869959237189,-0.6595737412229996
Second_89,70,89,ReRZV_2d,2024,0.43687895333608423,dC_GP_d,-4.0382709151741265,-4.118794606771047,-5.234647546093574,-2.315511002785993
Second_89,70,89,ReRZV_2d,2024,0.43687895333608423,dC_Med_d,-16.804767149793207,-16.98156134675523,-23.05636623634764,-9.650074668846973
Second_89,70,89,ReRZV_2d,2024,0.43687895333608423,dC_VacZVL_d,0,0,0,0
Second_89,70,89,ReRZV_2d,2024,0.43687895333608423,dC_VacRZV_d,170,170,169.99999999999997,170.00000000000003
Second_89,70,89,ReRZV_2d,2024,0.43687895333608423,dC_Vac_d,170,170,169.99999999999997,170.00000000000003
Second_89,70,89,ReRZV_2d,2024,0.43687895333608423,dC_All_d,153.1952328502068,153.0184386532448,146.94363376365237,160.34992533115303
Second_89,70,89,ReRZV_2d,2024,0.43687895333608423,dN_VacZVL,0,0,0,0
Second_89,70,89,ReRZV_2d,2024,0.43687895333608423,dN_VacRZV,2,2,2,2
Second_89,70,89,ReRZV_2d,2024,0.43687895333608423,dN_VacZVL_d,0,0,0,0
Second_89,70,89,ReRZV_2d,2024,0.43687895333608423,dN_VacRZV_d,2,2,2,2
Second_89,70,89,ReRZV_2d,2024,0.43687895333608423,ICER,35490.720666386456,33164.974861460636,24010.628058326627,61586.31076102396
Second_89,70,89,ReRZV_2d,2024,0.43687895333608423,Price0,85,85,84.99999999999999,85.00000000000001
Second_89,70,89,ReRZV_2d,2024,0.43687895333608423,Thres20,53.94292124724923,54.65482340225766,30.95697159819659,72.47563437251132
Second_89,70,89,ReRZV_2d,2024,0.43687895333608423,Thres30,76.71319008342554,77.73844241430135,43.9728840311822,103.56872805316056
Second_89,70,89,ReRZV_2d,2024,0.43687895333608423,Thres20_50,NA,54.65482340225766,NA,NA
Second_89,70,89,ReRZV_2d,2024,0.43687895333608423,Thres30_90,NA,56.011944879329306,NA,NA
Second_89,70,89,ReRZV_2d,2024,0.43687895333608423,Thres,NA,54.65482340225766,NA,NA
Second_89,75,89,ReRZV_1d,2024,0.47935867364110624,N0,0.47935867364110624,0.47935867364110624,0.47935867364110624,0.47935867364110624
Second_89,75,89,ReRZV_1d,2024,0.47935867364110624,dYear_Life,2.579329043331362e-4,2.59749025874043e-4,1.0359312656598788e-4,4.015690125616663e-4
Second_89,75,89,ReRZV_1d,2024,0.47935867364110624,dYear_Immunised,2.5605279792020177,2.593102354559123,1.073469887700131,3.767525616994953
Second_89,75,89,ReRZV_1d,2024,0.47935867364110624,dRisk_HZ,-0.05488728279283285,-0.05537389551587569,-0.0812943029477275,-0.02273760998090736
Second_89,75,89,ReRZV_1d,2024,0.47935867364110624,dRisk_Hosp,-0.0055239020015141315,-0.005509549956553495,-0.008780152625127904,-0.0022391511834921845
Second_89,75,89,ReRZV_1d,2024,0.47935867364110624,dRisk_PHN,-0.004672859225611908,-0.004668484808712012,-0.007433488425184964,-0.001861409394914424
Second_89,75,89,ReRZV_1d,2024,0.47935867364110624,dRisk_Death,-1.586703915948179e-4,-1.5897624590189167e-4,-2.457969889237957e-4,-6.486646661726364e-5
Second_89,75,89,ReRZV_1d,2024,0.47935867364110624,dQ_Life,1.6780284899157102e-4,1.6890168274392411e-4,6.721660151631335e-5,2.6139194131602353e-4
Second_89,75,89,ReRZV_1d,2024,0.47935867364110624,dQ_HZ,0.0037302704234065138,0.0037414436127931835,0.0015262750709532646,0.005772551109252384
Second_89,75,89,ReRZV_1d,2024,0.47935867364110624,dQ_HZ_Norm,0.00102208373689637,0.0010260478190266729,4.165935480030372e-4,0.0015871925147868575
Second_89,75,89,ReRZV_1d,2024,0.47935867364110624,dQ_All,0.003889617063930984,0.003907767551807945,0.0015893718971153304,0.00599775535716442
Second_89,75,89,ReRZV_1d,2024,0.47935867364110624,dQ_HZ_d,0.003570451734511845,0.0035816756839248285,0.0014584059496717066,0.005526423360531274
Second_89,75,89,ReRZV_1d,2024,0.47935867364110624,dQ_HZ_Norm_d,9.792442915874135e-4,9.833372108086894e-4,3.9735000508087933e-4,0.0015241562668953039
Second_89,75,89,ReRZV_1d,2024,0.47935867364110624,dQ_Life_d,1.5364796281713394e-4,1.5467976121865746e-4,6.144538746736355e-5,2.3942038556459645e-4
Second_89,75,89,ReRZV_1d,2024,0.47935867364110624,dQ_All_d,0.0037240996973289756,0.0037425476698724376,0.0015192993119933541,0.0057426211554400764
Second_89,75,89,ReRZV_1d,2024,0.47935867364110624,dC_Hosp,-10.965773073836392,-10.93784898102712,-17.494882898352795,-4.445721600480564
Second_89,75,89,ReRZV_1d,2024,0.47935867364110624,dC_GP_NonPHN,-2.42444146824836,-2.441963338006466,-3.6012719292664577,-1.0066912696070354
Second_89,75,89,ReRZV_1d,2024,0.47935867364110624,dC_GP_PHN,-1.017063031053935,-1.0155682493367784,-1.6114035029936695,-0.39907992382791546
Second_89,75,89,ReRZV_1d,2024,0.47935867364110624,dC_GP,-3.4415044993022947,-3.465577820519523,-5.141707155756489,-1.428789529481433
Second_89,75,89,ReRZV_1d,2024,0.47935867364110624,dC_Med,-14.407277573138686,-14.363866649742214,-22.28283034059602,-5.915252400240469
Second_89,75,89,ReRZV_1d,2024,0.47935867364110624,dC_VacZVL,0,0,0,0
Second_89,75,89,ReRZV_1d,2024,0.47935867364110624,dC_VacRZV,85,85,85,85
Second_89,75,89,ReRZV_1d,2024,0.47935867364110624,dC_Vac,85,85,85,85
Second_89,75,89,ReRZV_1d,2024,0.47935867364110624,dC_All,70.59272242686131,70.63613335025778,62.717169659403964,79.08474759975952
Second_89,75,89,ReRZV_1d,2024,0.47935867364110624,dC_Hosp_d,-10.458879546260095,-10.431748885945554,-16.75850329632861,-4.202937172589895
Second_89,75,89,ReRZV_1d,2024,0.47935867364110624,dC_GP_NonPHN_d,-2.323676226454777,-2.341985950132287,-3.452409205085761,-0.9591945274905916
Second_89,75,89,ReRZV_1d,2024,0.47935867364110624,dC_GP_PHN_d,-0.9764699853039456,-0.9751789614677153,-1.5451535138878023,-0.3828931651026348
Second_89,75,89,ReRZV_1d,2024,0.47935867364110624,dC_GP_d,-3.300146211758723,-3.3196918578120265,-4.936660831260933,-1.3649035215787084
Second_89,75,89,ReRZV_1d,2024,0.47935867364110624,dC_Med_d,-13.759025758018817,-13.720642967308404,-21.325005215875592,-5.626178163595829
Second_89,75,89,ReRZV_1d,2024,0.47935867364110624,dC_VacZVL_d,0,0,0,0
Second_89,75,89,ReRZV_1d,2024,0.47935867364110624,dC_VacRZV_d,85,85,85,85
Second_89,75,89,ReRZV_1d,2024,0.47935867364110624,dC_Vac_d,85,85,85,85
Second_89,75,89,ReRZV_1d,2024,0.47935867364110624,dC_All_d,71.24097424198118,71.27935703269159,63.674994784124394,79.37382183640418
Second_89,75,89,ReRZV_1d,2024,0.47935867364110624,dN_VacZVL,0,0,0,0
Second_89,75,89,ReRZV_1d,2024,0.47935867364110624,dN_VacRZV,1,1,1,1
Second_89,75,89,ReRZV_1d,2024,0.47935867364110624,dN_VacZVL_d,0,0,0,0
Second_89,75,89,ReRZV_1d,2024,0.47935867364110624,dN_VacRZV_d,1,1,1,1
Second_89,75,89,ReRZV_1d,2024,0.47935867364110624,ICER,21979.06546681795,19030.688907070362,11284.996546240483,52109.27627581668
Second_89,75,89,ReRZV_1d,2024,0.47935867364110624,Price0,85,85,85,85
Second_89,75,89,ReRZV_1d,2024,0.47935867364110624,Thres20,88.24101970459833,88.68839481486401,36.28260650950175,134.80013831982038
Second_89,75,89,ReRZV_1d,2024,0.47935867364110624,Thres30,125.48201667788808,126.11733885242577,51.41704775087813,191.95606321497914
Second_89,75,89,ReRZV_1d,2024,0.47935867364110624,Thres20_50,NA,88.68839481486401,NA,NA
Second_89,75,89,ReRZV_1d,2024,0.47935867364110624,Thres30_90,NA,74.6386792919225,NA,NA
Second_89,75,89,ReRZV_1d,2024,0.47935867364110624,Thres,NA,74.6386792919225,NA,NA
Second_89,75,89,ReRZV_2d,2024,0.47935867364110624,N0,0.47935867364110624,0.47935867364110624,0.47935867364110624,0.47935867364110624
Second_89,75,89,ReRZV_2d,2024,0.47935867364110624,dYear_Life,3.00627244342061e-4,3.0438761101804165e-4,1.6003207402155874e-4,4.1962619147337143e-4
Second_89,75,89,ReRZV_2d,2024,0.47935867364110624,dYear_Immunised,2.982193555237756,3.0536121069095237,1.6800676420582978,3.8650966498000736
Second_89,75,89,ReRZV_2d,2024,0.47935867364110624,dRisk_HZ,-0.06392920717462332,-0.0652882734322962,-0.08311166990850775,-0.03594105166491264
Second_89,75,89,ReRZV_2d,2024,0.47935867364110624,dRisk_Hosp,-0.006430446339032683,-0.006465261694262642,-0.009179305208441055,-0.003505495363148596
Second_89,75,89,ReRZV_2d,2024,0.47935867364110624,dRisk_PHN,-0.005440961435137733,-0.0054648086866736015,-0.007668282077751485,-0.002901930788993664
Second_89,75,89,ReRZV_2d,2024,0.47935867364110624,dRisk_Death,-1.8477320039045328e-4,-1.86983947665762e-4,-2.57055597005584e-4,-9.962997515035739e-5
Second_89,75,89,ReRZV_2d,2024,0.47935867364110624,dQ_Life,1.9560075864212203e-4,1.9803861134888172e-4,1.0392397475647259e-4,2.73060679288629e-4
Second_89,75,89,ReRZV_2d,2024,0.47935867364110624,dQ_HZ,0.004344120142754244,0.004409586470136089,0.0023724337697325873,0.0059952479731069
Second_89,75,89,ReRZV_2d,2024,0.47935867364110624,dQ_HZ_Norm,0.001190515025774828,0.0012070457639751244,6.437934824435956e-4,0.0016395402667244475
Second_89,75,89,ReRZV_2d,2024,0.47935867364110624,dQ_All,0.004529894586028798,0.00459250305340861,0.0024755864055910314,0.006237287690844794
Second_89,75,89,ReRZV_2d,2024,0.47935867364110624,dQ_HZ_d,0.004158547155543315,0.004221199830053479,0.0022707393858921766,0.005735253001300768
Second_89,75,89,ReRZV_2d,2024,0.47935867364110624,dQ_HZ_Norm_d,0.0011407639593060987,0.0011570903912299715,6.161931072587956e-4,0.0015695645508931337
Second_89,75,89,ReRZV_2d,2024,0.47935867364110624,dQ_Life_d,1.7911441291480504e-4,1.8136318371177982e-4,9.50576440050729e-5,2.500628131885308e-4
Second_89,75,89,ReRZV_2d,2024,0.47935867364110624,dQ_All_d,0.004337661568458113,0.004398686050775764,0.0023622568208377243,0.005975632293557721
Second_89,75,89,ReRZV_2d,2024,0.47935867364110624,dC_Hosp,-12.765153149918683,-12.8195298404609,-18.227365105257945,-6.95348791749585
Second_89,75,89,ReRZV_2d,2024,0.47935867364110624,dC_GP_NonPHN,-2.8243121382762735,-2.8788118997675802,-3.6817516378549313,-1.5723448323261249
Second_89,75,89,ReRZV_2d,2024,0.47935867364110624,dC_GP_PHN,-1.1843838978392238,-1.194050125224739,-1.6809297681465636,-0.6238879839356384
Second_89,75,89,ReRZV_2d,2024,0.47935867364110624,dC_GP,-4.008696036115498,-4.094179336112981,-5.267041186353177,-2.225001432033158
Second_89,75,89,ReRZV_2d,2024,0.47935867364110624,dC_Med,-16.77384918603418,-16.99602779709878,-23.151970756346234,-9.219694204436502
Second_89,75,89,ReRZV_2d,2024,0.47935867364110624,dC_VacZVL,0,0,0,0
Second_89,75,89,ReRZV_2d,2024,0.47935867364110624,dC_VacRZV,170,170,170,170
Second_89,75,89,ReRZV_2d,2024,0.47935867364110624,dC_Vac,170,170,170,170
Second_89,75,89,ReRZV_2d,2024,0.47935867364110624,dC_All,153.22615081396583,153.0039722029012,146.8480292436538,160.7803057955635
Second_89,75,89,ReRZV_2d,2024,0.47935867364110624,dC_Hosp_d,-12.176745143932989,-12.211372349189823,-17.429348449998194,-6.613431626351171
Second_89,75,89,ReRZV_2d,2024,0.47935867364110624,dC_GP_NonPHN_d,-2.7072748098847628,-2.758644987064018,-3.5308677117870597,-1.50677831495482
Second_89,75,89,ReRZV_2d,2024,0.47935867364110624,dC_GP_PHN_d,-1.1372604535840805,-1.1457712929337636,-1.616484751342667,-0.5988178885236434
Second_89,75,89,ReRZV_2d,2024,0.47935867364110624,dC_GP_d,-3.8445352634688432,-3.9260730599596494,-5.0542852485637155,-2.128606492425108
Second_89,75,89,ReRZV_2d,2024,0.47935867364110624,dC_Med_d,-16.021280407401832,-16.216270357014917,-22.159640466465255,-8.759351393042401
Second_89,75,89,ReRZV_2d,2024,0.47935867364110624,dC_VacZVL_d,0,0,0,0
Second_89,75,89,ReRZV_2d,2024,0.47935867364110624,dC_VacRZV_d,170,170,170,170
Second_89,75,89,ReRZV_2d,2024,0.47935867364110624,dC_Vac_d,170,170,170,170
Second_89,75,89,ReRZV_2d,2024,0.47935867364110624,dC_All_d,153.97871959259817,153.7837296429851,147.84035953353475,161.2406486069576
Second_89,75,89,ReRZV_2d,2024,0.47935867364110624,dN_VacZVL,0,0,0,0
Second_89,75,89,ReRZV_2d,2024,0.47935867364110624,dN_VacRZV,2,2,2,2
Second_89,75,89,ReRZV_2d,2024,0.47935867364110624,dN_VacZVL_d,0,0,0,0
Second_89,75,89,ReRZV_2d,2024,0.47935867364110624,dN_VacRZV_d,2,2,2,2
Second_89,75,89,ReRZV_2d,2024,0.47935867364110624,ICER,37695.422580105,34925.59823561103,25024.044622219026,68569.5981161888
Second_89,75,89,ReRZV_2d,2024,0.47935867364110624,Price0,85,85,85,85
Second_89,75,89,ReRZV_2d,2024,0.47935867364110624,Thres20,51.38725588828204,52.18078036387428,28.136217413848353,70.08437807703349
Second_89,75,89,ReRZV_2d,2024,0.47935867364110624,Thres30,73.07556373057261,74.17260689011712,39.79613223480735,99.9335454354661
Second_89,75,89,ReRZV_2d,2024,0.47935867364110624,Thres20_50,NA,52.18078036387428,NA,NA
Second_89,75,89,ReRZV_2d,2024,0.47935867364110624,Thres30_90,NA,52.01375111188264,NA,NA
Second_89,75,89,ReRZV_2d,2024,0.47935867364110624,Thres,NA,52.01375111188264,NA,NA
Second_90,70,90,ReRZV_1d,2024,0.3873420089460723,N0,0.3873420089460723,0.3873420089460723,0.3873420089460723,0.3873420089460723
Second_90,70,90,ReRZV_1d,2024,0.3873420089460723,dYear_Life,2.3606832491980957e-4,2.3735011009621307e-4,1.0196003274707063e-4,3.613272712353053e-4
Second_90,70,90,ReRZV_1d,2024,0.3873420089460723,dYear_Immunised,2.504820085581531,2.53328865918063,1.13486903826119,3.6144358778783676
Second_90,70,90,ReRZV_1d,2024,0.3873420089460723,dRisk_HZ,-0.06696393335662854,-0.06745656680712754,-0.09723067787202706,-0.030363980023129414
Second_90,70,90,ReRZV_1d,2024,0.3873420089460723,dRisk_Hosp,-0.00693850253491114,-0.006896935567424974,-0.010793624041734822,-0.0030802986320122776
Second_90,70,90,ReRZV_1d,2024,0.3873420089460723,dRisk_PHN,-0.005627764558994299,-0.005592343479775282,-0.008874609333288624,-0.0024279454238041063
Second_90,70,90,ReRZV_1d,2024,0.3873420089460723,dRisk_Death,-1.9502621652538445e-4,-1.9553363711800024e-4,-2.978740799528931e-4,-8.523192383366831e-5
Second_90,70,90,ReRZV_1d,2024,0.3873420089460723,dQ_Life,1.5219469666038774e-4,1.529873389101507e-4,6.561402141699162e-5,2.328379197118679e-4
Second_90,70,90,ReRZV_1d,2024,0.3873420089460723,dQ_HZ,0.0036424922258997106,0.0036488622771076893,0.0016347939282048518,0.005540926782520568
Second_90,70,90,ReRZV_1d,2024,0.3873420089460723,dQ_HZ_Norm,9.906196266172204e-4,9.914601853572161e-4,4.346433425590118e-4,0.0015154362745699776
Second_90,70,90,ReRZV_1d,2024,0.3873420089460723,dQ_All,0.0037854160676564015,0.0037971668617585988,0.001703840016313199,0.005725905804545653
Second_90,70,90,ReRZV_1d,2024,0.3873420089460723,dQ_HZ_d,0.0035016312506058137,0.003510432123654917,0.001574774639232613,0.005329950580973557
Second_90,70,90,ReRZV_1d,2024,0.3873420089460723,dQ_HZ_Norm_d,9.530611341528138e-4,9.535629518851888e-4,4.172941080341555e-4,0.001458844187974022
Second_90,70,90,ReRZV_1d,2024,0.3873420089460723,dQ_Life_d,1.40250063005921e-4,1.4099214657551805e-4,6.041112933146151e-5,2.145277577700433e-4
Second_90,70,90,ReRZV_1d,2024,0.3873420089460723,dQ_All_d,0.00364188131361174,0.003652753633211112,0.0016413631163401997,0.005518127518567365
Second_90,70,90,ReRZV_1d,2024,0.3873420089460723,dC_Hosp,-11.020819946709373,-11.007846433257253,-17.28280520142854,-4.88902056518758
Second_90,70,90,ReRZV_1d,2024,0.3873420089460723,dC_GP_NonPHN,-2.3440594778047696,-2.3570559995297904,-3.3969743925559293,-1.074220496346956
Second_90,70,90,ReRZV_1d,2024,0.3873420089460723,dC_GP_PHN,-0.9695903021839044,-0.9672999858131237,-1.531551956346165,-0.4144693116666964
Second_90,70,90,ReRZV_1d,2024,0.3873420089460723,dC_GP,-3.3136497799886744,-3.336565473424828,-4.84124953720235,-1.4866225901768355
Second_90,70,90,ReRZV_1d,2024,0.3873420089460723,dC_Med,-14.334469726698048,-14.31628792311487,-21.750163645788263,-6.547078898186358
Second_90,70,90,ReRZV_1d,2024,0.3873420089460723,dC_VacZVL,0,0,0,0
Second_90,70,90,ReRZV_1d,2024,0.3873420089460723,dC_VacRZV,85,85,84.99999999999999,85.00000000000001
Second_90,70,90,ReRZV_1d,2024,0.3873420089460723,dC_Vac,85,85,84.99999999999999,85.00000000000001
Second_90,70,90,ReRZV_1d,2024,0.3873420089460723,dC_All,70.66553027330195,70.68371207688512,63.249836354211716,78.45292110181364
Second_90,70,90,ReRZV_1d,2024,0.3873420089460723,dC_Hosp_d,-10.566569189326792,-10.54286579252361,-16.559995030882664,-4.682605918345761
Second_90,70,90,ReRZV_1d,2024,0.3873420089460723,dC_GP_NonPHN_d,-2.255913077964696,-2.2676317581853542,-3.2750238336738002,-1.0325078843561097
Second_90,70,90,ReRZV_1d,2024,0.3873420089460723,dC_GP_PHN_d,-0.9344358495828223,-0.9332672171673744,-1.475306204095568,-0.39986970503413893
Second_90,70,90,ReRZV_1d,2024,0.3873420089460723,dC_GP_d,-3.1903489275475185,-3.2095703395131707,-4.662255476764328,-1.4285754578058476
Second_90,70,90,ReRZV_1d,2024,0.3873420089460723,dC_Med_d,-13.75691811687431,-13.76173259696553,-20.907442383778843,-6.273758535642679
Second_90,70,90,ReRZV_1d,2024,0.3873420089460723,dC_VacZVL_d,0,0,0,0
Second_90,70,90,ReRZV_1d,2024,0.3873420089460723,dC_VacRZV_d,85,85,84.99999999999999,85.00000000000001
Second_90,70,90,ReRZV_1d,2024,0.3873420089460723,dC_Vac_d,85,85,84.99999999999999,85.00000000000001
Second_90,70,90,ReRZV_1d,2024,0.3873420089460723,dC_All_d,71.2430818831257,71.23826740303446,64.09255761622117,78.72624146435732
Second_90,70,90,ReRZV_1d,2024,0.3873420089460723,dN_VacZVL,0,0,0,0
Second_90,70,90,ReRZV_1d,2024,0.3873420089460723,dN_VacRZV,1,1,1,1
Second_90,70,90,ReRZV_1d,2024,0.3873420089460723,dN_VacZVL_d,0,0,0,0
Second_90,70,90,ReRZV_1d,2024,0.3873420089460723,dN_VacRZV_d,1,1,1,1
Second_90,70,90,ReRZV_1d,2024,0.3873420089460723,ICER,22008.85545418375,19396.835286183978,11861.595151132473,48310.28788847914
Second_90,70,90,ReRZV_1d,2024,0.3873420089460723,Price0,85,85,84.99999999999999,85.00000000000001
Second_90,70,90,ReRZV_1d,2024,0.3873420089460723,Thres20,86.5945443891091,87.20345712759581,38.53813644501003,129.81737720840408
Second_90,70,90,ReRZV_1d,2024,0.3873420089460723,Thres30,123.0133575252265,123.6409614820799,54.667325040724315,185.18489863556343
Second_90,70,90,ReRZV_1d,2024,0.3873420089460723,Thres20_50,NA,87.20345712759581,NA,NA
Second_90,70,90,ReRZV_1d,2024,0.3873420089460723,Thres30_90,NA,76.03285175452974,NA,NA
Second_90,70,90,ReRZV_1d,2024,0.3873420089460723,Thres,NA,76.03285175452974,NA,NA
Second_90,70,90,ReRZV_2d,2024,0.3873420089460723,N0,0.3873420089460723,0.3873420089460723,0.3873420089460723,0.3873420089460723
Second_90,70,90,ReRZV_2d,2024,0.3873420089460723,dYear_Life,2.7259540082881327e-4,2.7669970869406664e-4,1.5094438306414426e-4,3.7524130239605124e-4
Second_90,70,90,ReRZV_2d,2024,0.3873420089460723,dYear_Immunised,2.8921270845572833,2.9642914304466546,1.684377500592406,3.685334649528177
Second_90,70,90,ReRZV_2d,2024,0.3873420089460723,dRisk_HZ,-0.0773154344871979,-0.078840179195314,-0.0987650466184392,-0.045487755210594796
Second_90,70,90,ReRZV_2d,2024,0.3873420089460723,dRisk_Hosp,-0.008008372390082234,-0.00801629393946474,-0.011252644101943685,-0.0046183746763781945
Second_90,70,90,ReRZV_2d,2024,0.3873420089460723,dRisk_PHN,-0.006495182781276517,-0.006505833233494688,-0.009195184738791986,-0.003608656368982887
Second_90,70,90,ReRZV_2d,2024,0.3873420089460723,dRisk_Death,-2.2515162966127173e-4,-2.2789557720956136e-4,-3.086291244252987e-4,-1.2556478726853313e-4
Second_90,70,90,ReRZV_2d,2024,0.3873420089460723,dQ_Life,1.7574963909120986e-4,1.7838334081831815e-4,9.724061396290359e-5,2.4187476935475769e-4
Second_90,70,90,ReRZV_2d,2024,0.3873420089460723,dQ_HZ,0.004205051485034607,0.004251878589289341,0.0024093871029562267,0.005765363257710816
Second_90,70,90,ReRZV_2d,2024,0.3873420089460723,dQ_HZ_Norm,0.001143756457239604,0.0011559415313551296,6.429062768253382e-4,0.0015646446714869004
Second_90,70,90,ReRZV_2d,2024,0.3873420089460723,dQ_All,0.004370103885534312,0.0044190617146546455,0.0025042790127969253,0.005973320157859463
Second_90,70,90,ReRZV_2d,2024,0.3873420089460723,dQ_HZ_d,0.004042560548612634,0.004090298149242952,0.002319351507909112,0.005536872151694707
Second_90,70,90,ReRZV_2d,2024,0.3873420089460723,dQ_HZ_Norm_d,0.0011004255843539278,0.0011131506338455865,6.184356746782886e-4,0.0015069176648332555
Second_90,70,90,ReRZV_2d,2024,0.3873420089460723,dQ_Life_d,1.6195933787809083e-4,1.6438284511628617e-4,8.95750524379208e-5,2.228724537152606e-4
Second_90,70,90,ReRZV_2d,2024,0.3873420089460723,dQ_All_d,0.004204519886490718,0.00425241628541825,0.002411114805458061,0.0057485187307477
Second_90,70,90,ReRZV_2d,2024,0.3873420089460723,dC_Hosp,-12.720249089128902,-12.7756752960088,-18.017614209452752,-7.364897464345238
Second_90,70,90,ReRZV_2d,2024,0.3873420089460723,dC_GP_NonPHN,-2.7066914409538376,-2.7609515739304706,-3.457606656065684,-1.5898413992738676
Second_90,70,90,ReRZV_2d,2024,0.3873420089460723,dC_GP_PHN,-1.1190997925786357,-1.1231367253630329,-1.591134985590728,-0.6220437509146165
Second_90,70,90,ReRZV_2d,2024,0.3873420089460723,dC_GP,-3.8257912335324735,-3.899955209335804,-4.959956745390798,-2.202652401074039
Second_90,70,90,ReRZV_2d,2024,0.3873420089460723,dC_Med,-16.546040322661376,-16.7335431059024,-22.58900504809611,-9.666286812029371
Second_90,70,90,ReRZV_2d,2024,0.3873420089460723,dC_VacZVL,0,0,0,0
Second_90,70,90,ReRZV_2d,2024,0.3873420089460723,dC_VacRZV,170,170,169.99999999999997,170.00000000000003
Second_90,70,90,ReRZV_2d,2024,0.3873420089460723,dC_Vac,170,170,169.99999999999997,170.00000000000003
Second_90,70,90,ReRZV_2d,2024,0.3873420089460723,dC_All,153.45395967733862,153.26645689409762,147.41099495190392,160.33371318797066
Second_90,70,90,ReRZV_2d,2024,0.3873420089460723,dC_Hosp_d,-12.196321719864917,-12.233131341410296,-17.3235349475788,-7.025651192116635
Second_90,70,90,ReRZV_2d,2024,0.3873420089460723,dC_GP_NonPHN_d,-2.6049867673569738,-2.6576782260660714,-3.331990094045572,-1.5284756402808826
Second_90,70,90,ReRZV_2d,2024,0.3873420089460723,dC_GP_PHN_d,-1.0785634933619626,-1.0827063834612904,-1.531137023676593,-0.600326331158947
Second_90,70,90,ReRZV_2d,2024,0.3873420089460723,dC_GP_d,-3.683550260718936,-3.7542458610143354,-4.7751810301375786,-2.117617440583645
Second_90,70,90,ReRZV_2d,2024,0.3873420089460723,dC_Med_d,-15.879871980583854,-16.056123383549313,-21.657278451225274,-9.290852158815504
Second_90,70,90,ReRZV_2d,2024,0.3873420089460723,dC_VacZVL_d,0,0,0,0
Second_90,70,90,ReRZV_2d,2024,0.3873420089460723,dC_VacRZV_d,170,170,169.99999999999997,170.00000000000003
Second_90,70,90,ReRZV_2d,2024,0.3873420089460723,dC_Vac_d,170,170,169.99999999999997,170.00000000000003
Second_90,70,90,ReRZV_2d,2024,0.3873420089460723,dC_All_d,154.12012801941614,153.94387661645067,148.34272154877473,160.70914784118452
Second_90,70,90,ReRZV_2d,2024,0.3873420089460723,dN_VacZVL,0,0,0,0
Second_90,70,90,ReRZV_2d,2024,0.3873420089460723,dN_VacRZV,2,2,2,2
Second_90,70,90,ReRZV_2d,2024,0.3873420089460723,dN_VacZVL_d,0,0,0,0
Second_90,70,90,ReRZV_2d,2024,0.3873420089460723,dN_VacRZV_d,2,2,2,2
Second_90,70,90,ReRZV_2d,2024,0.3873420089460723,ICER,38663.0802937893,36223.60576070075,26178.961806914194,66501.79019212205
Second_90,70,90,ReRZV_2d,2024,0.3873420089460723,Price0,85,85,84.99999999999999,85.00000000000001
Second_90,70,90,ReRZV_2d,2024,0.3873420089460723,Thres20,49.98513485519911,50.54351493413719,28.654737386554647,67.29262754780049
Second_90,70,90,ReRZV_2d,2024,0.3873420089460723,Thres30,71.0077342876527,71.75589603712714,40.8380939525866,95.98268296183514
Second_90,70,90,ReRZV_2d,2024,0.3873420089460723,Thres20_50,NA,50.54351493413719,NA,NA
Second_90,70,90,ReRZV_2d,2024,0.3873420089460723,Thres30_90,NA,51.66710651339565,NA,NA
Second_90,70,90,ReRZV_2d,2024,0.3873420089460723,Thres,NA,50.54351493413719,NA,NA
Second_90,75,90,ReRZV_1d,2024,0.4250055689576408,N0,0.4250055689576408,0.4250055689576408,0.4250055689576408,0.4250055689576408
Second_90,75,90,ReRZV_1d,2024,0.4250055689576408,dYear_Life,2.2405536754145237e-4,2.2521347234945874e-4,9.109395992315959e-5,3.4737085557651285e-4
Second_90,75,90,ReRZV_1d,2024,0.4250055689576408,dYear_Immunised,2.385034927211097,2.4180808237071307,1.0148388102105423,3.495625465264192
Second_90,75,90,ReRZV_1d,2024,0.4250055689576408,dRisk_HZ,-0.05809107301852823,-0.0586059305376939,-0.08574878958249486,-0.024515265668289727
Second_90,75,90,ReRZV_1d,2024,0.4250055689576408,dRisk_Hosp,-0.006025164896105186,-0.005988591831476729,-0.009506747203057287,-0.0025024531305136875
Second_90,75,90,ReRZV_1d,2024,0.4250055689576408,dRisk_PHN,-0.004879892809587075,-0.004862153705195363,-0.007841867528405643,-0.001957107060828873
Second_90,75,90,ReRZV_1d,2024,0.4250055689576408,dRisk_Death,-1.6924510961156022e-4,-1.6978347741485853e-4,-2.6128582924138426e-4,-6.993634601724363e-5
Second_90,75,90,ReRZV_1d,2024,0.4250055689576408,dQ_Life,1.4438386124199793e-4,1.4514665914528254e-4,5.858136747013666e-5,2.2396144775750624e-4
Second_90,75,90,ReRZV_1d,2024,0.4250055689576408,dQ_HZ,0.003467045399235884,0.003477437015960631,0.0014414412449954333,0.0053573636978275704
Second_90,75,90,ReRZV_1d,2024,0.4250055689576408,dQ_HZ_Norm,9.426259271064897e-4,9.473475279593372e-4,3.889125283782503e-4,0.0014638175872892113
Second_90,75,90,ReRZV_1d,2024,0.4250055689576408,dQ_All,0.003602535722686266,0.0036149439367526032,0.0014982464825977779,0.005543698622113486
Second_90,75,90,ReRZV_1d,2024,0.4250055689576408,dQ_HZ_d,0.003331497562303312,0.003342462605272667,0.001383277110584358,0.005152719042643719
Second_90,75,90,ReRZV_1d,2024,0.4250055689576408,dQ_HZ_Norm_d,9.064915426513499e-4,9.110192315616328e-4,3.7309094369620676e-4,0.0014078918641722915
Second_90,75,90,ReRZV_1d,2024,0.4250055689576408,dQ_Life_d,1.3302018528810625e-4,1.3370282336245908e-4,5.3914464884727955e-5,2.06387678951427e-4
Second_90,75,90,ReRZV_1d,2024,0.4250055689576408,dQ_All_d,0.0034645177475914404,0.0034803020777631373,0.0014391535862733058,0.005335955756317565
Second_90,75,90,ReRZV_1d,2024,0.4250055689576408,dC_Hosp,-10.500327463254665,-10.490610886375821,-16.64202454873545,-4.349755705581059
Second_90,75,90,ReRZV_1d,2024,0.4250055689576408,dC_GP_NonPHN,-2.2302370396151154,-2.2439134532220315,-3.2907331459179363,-0.9388282274556428
Second_90,75,90,ReRZV_1d,2024,0.4250055689576408,dC_GP_PHN,-0.9221010372208226,-0.921455159253882,-1.4822466785898138,-0.3666083945019196
Second_90,75,90,ReRZV_1d,2024,0.4250055689576408,dC_GP,-3.152338076835938,-3.179095958495571,-4.687917805245989,-1.3157633040328667
Second_90,75,90,ReRZV_1d,2024,0.4250055689576408,dC_Med,-13.652665540090602,-13.65392141345636,-20.98515020183529,-5.863776712200975
Second_90,75,90,ReRZV_1d,2024,0.4250055689576408,dC_VacZVL,0,0,0,0
Second_90,75,90,ReRZV_1d,2024,0.4250055689576408,dC_VacRZV,85,85,84.99999999999999,85.00000000000001
Second_90,75,90,ReRZV_1d,2024,0.4250055689576408,dC_Vac,85,85,84.99999999999999,85.00000000000001
Second_90,75,90,ReRZV_1d,2024,0.4250055689576408,dC_All,71.34733445990939,71.34607858654364,64.01484979816472,79.13622328779904
Second_90,75,90,ReRZV_1d,2024,0.4250055689576408,dC_Hosp_d,-10.063007599077388,-10.037460544197568,-15.98159652429656,-4.150803170030794
Second_90,75,90,ReRZV_1d,2024,0.4250055689576408,dC_GP_NonPHN_d,-2.145439267043283,-2.158578513080302,-3.17033625019646,-0.9014022638133139
Second_90,75,90,ReRZV_1d,2024,0.4250055689576408,dC_GP_PHN_d,-0.888292817879588,-0.8864761177397135,-1.4293742854834173,-0.35294544296376423
Second_90,75,90,ReRZV_1d,2024,0.4250055689576408,dC_GP_d,-3.033732084922871,-3.0564267984958873,-4.51131617283363,-1.2628047351484062
Second_90,75,90,ReRZV_1d,2024,0.4250055689576408,dC_Med_d,-13.096739684000259,-13.092846713081565,-20.173289260967366,-5.6052525244747695
Second_90,75,90,ReRZV_1d,2024,0.4250055689576408,dC_VacZVL_d,0,0,0,0
Second_90,75,90,ReRZV_1d,2024,0.4250055689576408,dC_VacRZV_d,85,85,84.99999999999999,85.00000000000001
Second_90,75,90,ReRZV_1d,2024,0.4250055689576408,dC_Vac_d,85,85,84.99999999999999,85.00000000000001
Second_90,75,90,ReRZV_1d,2024,0.4250055689576408,dC_All_d,71.903260315999745,71.90715328691843,64.82671073903265,79.39474747552525
Second_90,75,90,ReRZV_1d,2024,0.4250055689576408,dN_VacZVL,0,0,0,0
Second_90,75,90,ReRZV_1d,2024,0.4250055689576408,dN_VacRZV,1,1,1,1
Second_90,75,90,ReRZV_1d,2024,0.4250055689576408,dN_VacZVL_d,0,0,0,0
Second_90,75,90,ReRZV_1d,2024,0.4250055689576408,dN_VacRZV_d,1,1,1,1
Second_90,75,90,ReRZV_1d,2024,0.4250055689576408,ICER,23729.858229838836,20653.91709503655,12381.63409087821,55092.00335116574
Second_90,75,90,ReRZV_1d,2024,0.4250055689576408,Price0,85,85,84.99999999999999,85.00000000000001
Second_90,75,90,ReRZV_1d,2024,0.4250055689576408,Thres20,82.38709463582907,82.69658544738621,34.41304853864744,125.32207209944477
Second_90,75,90,ReRZV_1d,2024,0.4250055689576408,Thres30,117.03227211174347,117.6545330899981,48.826990170004805,178.820914188379
Second_90,75,90,ReRZV_1d,2024,0.4250055689576408,Thres20_50,NA,82.69658544738621,NA,NA
Second_90,75,90,ReRZV_1d,2024,0.4250055689576408,Thres30_90,NA,69.90005581427188,NA,NA
Second_90,75,90,ReRZV_1d,2024,0.4250055689576408,Thres,NA,69.90005581427188,NA,NA
Second_90,75,90,ReRZV_2d,2024,0.4250055689576408,N0,0.4250055689576408,0.4250055689576408,0.4250055689576408,0.4250055689576408
Second_90,75,90,ReRZV_2d,2024,0.4250055689576408,dYear_Life,2.605824931016246e-4,2.639578150877949e-4,1.398254276762356e-4,3.620580069524413e-4
Second_90,75,90,ReRZV_2d,2024,0.4250055689576408,dYear_Immunised,2.772342448275311,2.8388777984729945,1.5705162247611453,3.5835344889350385
Second_90,75,90,ReRZV_2d,2024,0.4250055689576408,dRisk_HZ,-0.06752523483506305,-0.06880273138397812,-0.08721892062866991,-0.038082253187695064
Second_90,75,90,ReRZV_2d,2024,0.4250055689576408,dRisk_Hosp,-0.007000223997432378,-0.007023567429707863,-0.009955724841320889,-0.0038959156144432
Second_90,75,90,ReRZV_2d,2024,0.4250055689576408,dRisk_PHN,-0.005670441330880338,-0.005693098529606314,-0.008116234271863806,-0.0030323011304433994
Second_90,75,90,ReRZV_2d,2024,0.4250055689576408,dRisk_Death,-1.9670083850653359e-4,-1.990298785735448e-4,-2.727591862182041e-4,-1.067001499540914e-4
Second_90,75,90,ReRZV_2d,2024,0.4250055689576408,dQ_Life,1.6793883569103264e-4,1.7019465104509536e-4,8.995273807456226e-5,2.3335658865082198e-4
Second_90,75,90,ReRZV_2d,2024,0.4250055689576408,dQ_HZ,0.004029605416915864,0.00408297961202815,0.0022099102851816967,0.005584877065018407
Second_90,75,90,ReRZV_2d,2024,0.4250055689576408,dQ_HZ_Norm,0.0010957629640958478,0.0011100519114937927,5.896580836827126e-4,0.001513127532844632
Second_90,75,90,ReRZV_2d,2024,0.4250055689576408,dQ_All,0.00418722432918866,0.004240923355854182,0.0022940219077016936,0.005789571044720422
Second_90,75,90,ReRZV_2d,2024,0.4250055689576408,dQ_HZ_d,0.003872427589689577,0.0039234450775910215,0.002121747222419499,0.0053722404478401455
Second_90,75,90,ReRZV_2d,2024,0.4250055689576408,dQ_HZ_Norm_d,0.0010538561914409425,0.0010677574599616065,5.659402670965502e-4,0.001455228124136786
Second_90,75,90,ReRZV_2d,2024,0.4250055689576408,dQ_Life_d,1.547294896697001e-4,1.568319746129837e-4,8.280338034547496e-5,2.150467297048222e-4
Second_90,75,90,ReRZV_2d,2024,0.4250055689576408,dQ_All_d,0.004027157079359274,0.004080595669506557,0.002205293786289565,0.005565659528246966
Second_90,75,90,ReRZV_2d,2024,0.4250055689576408,dC_Hosp,-12.199758896021338,-12.257272074311075,-17.423781377401642,-6.822851678430141
Second_90,75,90,ReRZV_2d,2024,0.4250055689576408,dC_GP_NonPHN,-2.59286949160311,-2.645923097421657,-3.3493014255495943,-1.4661893264075365
Second_90,75,90,ReRZV_2d,2024,0.4250055689576408,dC_GP_PHN,-1.0716107291771488,-1.0761822579168454,-1.5408577663675556,-0.5665644345388068
Second_90,75,90,ReRZV_2d,2024,0.4250055689576408,dC_GP,-3.6644802207802587,-3.7385159150881333,-4.802577551354495,-2.0503738304840278
Second_90,75,90,ReRZV_2d,2024,0.4250055689576408,dC_Med,-15.864239116801597,-16.05296368778399,-21.90258325653898,-8.77114408501934
Second_90,75,90,ReRZV_2d,2024,0.4250055689576408,dC_VacZVL,0,0,0,0
Second_90,75,90,ReRZV_2d,2024,0.4250055689576408,dC_VacRZV,170,170,169.99999999999997,170.00000000000003
Second_90,75,90,ReRZV_2d,2024,0.4250055689576408,dC_Vac,170,170,169.99999999999997,170.00000000000003
Second_90,75,90,ReRZV_2d,2024,0.4250055689576408,dC_All,154.1357608831984,153.94703631221603,148.09741674346105,161.22885591498067
Second_90,75,90,ReRZV_2d,2024,0.4250055689576408,dC_Hosp_d,-11.692762326063582,-11.738932548210286,-16.701192868986645,-6.520236233765884
Second_90,75,90,ReRZV_2d,2024,0.4250055689576408,dC_GP_NonPHN_d,-2.494513426997575,-2.5458308519436645,-3.2221886706156324,-1.4074609565275338
Second_90,75,90,ReRZV_2d,2024,0.4250055689576408,dC_GP_PHN_d,-1.032420655966489,-1.0373831115134564,-1.4801483639569317,-0.5452921857393254
Second_90,75,90,ReRZV_2d,2024,0.4250055689576408,dC_GP_d,-3.526934082964064,-3.596595523566138,-4.628032538515569,-1.9695478932030501
Second_90,75,90,ReRZV_2d,2024,0.4250055689576408,dC_Med_d,-15.219696409027645,-15.411641108780994,-21.010656851352852,-8.403261098012097
Second_90,75,90,ReRZV_2d,2024,0.4250055689576408,dC_VacZVL_d,0,0,0,0
Second_90,75,90,ReRZV_2d,2024,0.4250055689576408,dC_VacRZV_d,170,170,169.99999999999997,170.00000000000003
Second_90,75,90,ReRZV_2d,2024,0.4250055689576408,dC_Vac_d,170,170,169.99999999999997,170.00000000000003
Second_90,75,90,ReRZV_2d,2024,0.4250055689576408,dC_All_d,154.78030359097235,154.588358891219,148.98934314864712,161.59673890198792
Second_90,75,90,ReRZV_2d,2024,0.4250055689576408,dN_VacZVL,0,0,0,0
Second_90,75,90,ReRZV_2d,2024,0.4250055689576408,dN_VacRZV,2,2,2,2
Second_90,75,90,ReRZV_2d,2024,0.4250055689576408,dN_VacZVL_d,0,0,0,0
Second_90,75,90,ReRZV_2d,2024,0.4250055689576408,dN_VacRZV_d,2,2,2,2
Second_90,75,90,ReRZV_2d,2024,0.4250055689576408,ICER,40770.70506397266,37877.15243265553,27143.997146322563,72880.50763149073
Second_90,75,90,ReRZV_2d,2024,0.4250055689576408,Price0,85,85,84.99999999999999,85.00000000000001
Second_90,75,90,ReRZV_2d,2024,0.4250055689576408,Thres20,47.88141899810656,48.58230889923913,26.310060110867806,65.2015026073291
Second_90,75,90,ReRZV_2d,2024,0.4250055689576408,Thres30,68.01720439490293,68.96126162192498,37.37029620837162,92.82937486336667
Second_90,75,90,ReRZV_2d,2024,0.4250055689576408,Thres20_50,NA,48.58230889923913,NA,NA
Second_90,75,90,ReRZV_2d,2024,0.4250055689576408,Thres30_90,NA,48.632550314132125,NA,NA
Second_90,75,90,ReRZV_2d,2024,0.4250055689576408,Thres,NA,48.58230889923913,NA,NA
Second_91,70,91,ReRZV_1d,2024,0.3382516826021863,N0,0.3382516826021863,0.3382516826021863,0.3382516826021863,0.3382516826021863
Second_91,70,91,ReRZV_1d,2024,0.3382516826021863,dYear_Life,2.018130609534886e-4,2.025393028866246e-4,8.773202931806139e-5,3.085900180761061e-4
Second_91,70,91,ReRZV_1d,2024,0.3382516826021863,dYear_Immunised,2.309061490501063,2.3323427160032413,1.0535956730756717,3.326242256882094
Second_91,70,91,ReRZV_1d,2024,0.3382516826021863,dRisk_HZ,-0.07130808077059257,-0.07188558506965079,-0.10322485404730693,-0.032684155672380213
Second_91,70,91,ReRZV_1d,2024,0.3382516826021863,dRisk_Hosp,-0.007616643581951796,-0.007609459770237147,-0.01197026669214758,-0.003382931724531896
Second_91,70,91,ReRZV_1d,2024,0.3382516826021863,dRisk_PHN,-0.005927950019939559,-0.005895450768708477,-0.009459518107850817,-0.002569643631152356
Second_91,70,91,ReRZV_1d,2024,0.3382516826021863,dRisk_Death,-2.0934492699518394e-4,-2.102246849566766e-4,-3.193982531749516e-4,-9.163882573223677e-5
Second_91,70,91,ReRZV_1d,2024,0.3382516826021863,dQ_Life,1.2866048179046254e-4,1.291177419935604e-4,5.5873159511466276e-5,1.966351041787044e-4
Second_91,70,91,ReRZV_1d,2024,0.3382516826021863,dQ_HZ,0.0033471698624941092,0.003354322786739204,0.0015070464783961462,0.0050883589315468955
Second_91,70,91,ReRZV_1d,2024,0.3382516826021863,dQ_HZ_Norm,9.034635925770953e-4,9.046804476512538e-4,4.0089137589171284e-4,0.0013783773077221337
Second_91,70,91,ReRZV_1d,2024,0.3382516826021863,dQ_All,0.0034660807157259666,0.003478208486312471,0.001556273060771329,0.005255141897582654
Second_91,70,91,ReRZV_1d,2024,0.3382516826021863,dQ_HZ_d,0.003229728412185845,0.003236247338568709,0.0014535585931017521,0.004913751143862909
Second_91,70,91,ReRZV_1d,2024,0.3382516826021863,dQ_HZ_Norm_d,8.723148532879022e-4,8.736068077238124e-4,3.863853801941773e-4,0.001330361800845972
Second_91,70,91,ReRZV_1d,2024,0.3382516826021863,dQ_Life_d,1.1929124186174276e-4,1.1973537901064717e-4,5.1782861138826405e-5,1.8228104346221854e-4
Second_91,70,91,ReRZV_1d,2024,0.3382516826021863,dQ_All_d,0.0033490196540475873,0.003363602633656244,0.0015006325417326414,0.005081181810123433
Second_91,70,91,ReRZV_1d,2024,0.3382516826021863,dC_Hosp,-10.436716984299448,-10.417775362139384,-16.53564461652038,-4.6635274595749525
Second_91,70,91,ReRZV_1d,2024,0.3382516826021863,dC_GP_NonPHN,-2.1307293655440906,-2.1468955835584564,-3.088163791377738,-0.9787121593308594
Second_91,70,91,ReRZV_1d,2024,0.3382516826021863,dC_GP_PHN,-0.8710605923435677,-0.8664927847156904,-1.4023816298453053,-0.3654753774876804
Second_91,70,91,ReRZV_1d,2024,0.3382516826021863,dC_GP,-3.0017899578876586,-3.0265611840437137,-4.387129593263491,-1.3581475425330853
Second_91,70,91,ReRZV_1d,2024,0.3382516826021863,dC_Med,-13.438506942187106,-13.485532411492317,-20.58087382842026,-5.9872736867451115
Second_91,70,91,ReRZV_1d,2024,0.3382516826021863,dC_VacZVL,0,0,0,0
Second_91,70,91,ReRZV_1d,2024,0.3382516826021863,dC_VacRZV,85,85,85,85
Second_91,70,91,ReRZV_1d,2024,0.3382516826021863,dC_Vac,85,85,85,85
Second_91,70,91,ReRZV_1d,2024,0.3382516826021863,dC_All,71.5614930578129,71.51446758850769,64.41912617157975,79.01272631325487
Second_91,70,91,ReRZV_1d,2024,0.3382516826021863,dC_Hosp_d,-10.052646109148386,-10.035678480719588,-15.930611590276783,-4.485991925660344
Second_91,70,91,ReRZV_1d,2024,0.3382516826021863,dC_GP_NonPHN_d,-2.057782719503656,-2.072479937223946,-2.9839232958557824,-0.9423949624304963
Second_91,70,91,ReRZV_1d,2024,0.3382516826021863,dC_GP_PHN_d,-0.8422860373748766,-0.8375322493145405,-1.354347678961657,-0.35258932506875085
Second_91,70,91,ReRZV_1d,2024,0.3382516826021863,dC_GP_d,-2.900068756878533,-2.923432671574429,-4.2421945623251345,-1.3108201792667056
Second_91,70,91,ReRZV_1d,2024,0.3382516826021863,dC_Med_d,-12.952714866026918,-12.999596093733253,-19.886143785408386,-5.786512870411232
Second_91,70,91,ReRZV_1d,2024,0.3382516826021863,dC_VacZVL_d,0,0,0,0
Second_91,70,91,ReRZV_1d,2024,0.3382516826021863,dC_VacRZV_d,85,85,85,85
Second_91,70,91,ReRZV_1d,2024,0.3382516826021863,dC_Vac_d,85,85,85,85
Second_91,70,91,ReRZV_1d,2024,0.3382516826021863,dC_All_d,72.04728513397308,72.00040390626674,65.11385621459162,79.21348712958877
Second_91,70,91,ReRZV_1d,2024,0.3382516826021863,dN_VacZVL,0,0,0,0
Second_91,70,91,ReRZV_1d,2024,0.3382516826021863,dN_VacRZV,1,1,1,1
Second_91,70,91,ReRZV_1d,2024,0.3382516826021863,dN_VacZVL_d,0,0,0,0
Second_91,70,91,ReRZV_1d,2024,0.3382516826021863,dN_VacRZV_d,1,1,1,1
Second_91,70,91,ReRZV_1d,2024,0.3382516826021863,ICER,24150.33464287748,21383.874358981986,13160.637407400209,52765.81423195247
Second_91,70,91,ReRZV_1d,2024,0.3382516826021863,Price0,85,85,85,85
Second_91,70,91,ReRZV_1d,2024,0.3382516826021863,Thres20,79.93310794697867,80.37373029658677,35.59392717953419,119.84428525525237
Second_91,70,91,ReRZV_1d,2024,0.3382516826021863,Thres30,113.42330448745453,114.08404104296777,50.55230253285646,170.42578867631744
Second_91,70,91,ReRZV_1d,2024,0.3382516826021863,Thres20_50,NA,80.37373029658677,NA,NA
Second_91,70,91,ReRZV_1d,2024,0.3382516826021863,Thres30_90,NA,70.59916570081312,NA,NA
Second_91,70,91,ReRZV_1d,2024,0.3382516826021863,Thres,NA,70.59916570081312,NA,NA
Second_91,70,91,ReRZV_2d,2024,0.3382516826021863,N0,0.3382516826021863,0.3382516826021863,0.3382516826021863,0.3382516826021863
Second_91,70,91,ReRZV_2d,2024,0.3382516826021863,dYear_Life,2.3281349813758411e-4,2.362937808426534e-4,1.296119301971035e-4,3.197941860521976e-4
Second_91,70,91,ReRZV_2d,2024,0.3382516826021863,dYear_Immunised,2.6636612641098156,2.725193537253586,1.555645215430745,3.387861780145682
Second_91,70,91,ReRZV_2d,2024,0.3382516826021863,dRisk_HZ,-0.08225614972872053,-0.08391532239159746,-0.10523213350363132,-0.048410666222860756
Second_91,70,91,ReRZV_2d,2024,0.3382516826021863,dRisk_Hosp,-0.008783545908852159,-0.008825900994880962,-0.012334626248130122,-0.005026853084767358
Second_91,70,91,ReRZV_2d,2024,0.3382516826021863,dRisk_PHN,-0.006834832665107474,-0.006839577809723213,-0.009760363872086682,-0.003809813379667086
Second_91,70,91,ReRZV_2d,2024,0.3382516826021863,dRisk_Death,-2.4146138361029167e-4,-2.447283466173452e-4,-3.3063858602696113e-4,-1.3540752370251043e-4
Second_91,70,91,ReRZV_2d,2024,0.3382516826021863,dQ_Life,1.484279200133453e-4,1.5063818847983634e-4,8.254179205345754e-5,2.040516144187383e-4
Second_91,70,91,ReRZV_2d,2024,0.3382516826021863,dQ_HZ,0.0038606031580509345,0.0039006996238746174,0.0022233057353653143,0.005313739515437468
Second_91,70,91,ReRZV_2d,2024,0.3382516826021863,dQ_HZ_Norm,0.0010421779401769348,0.0010544991139790952,5.898876456812588e-4,0.0014265999460232044
Second_91,70,91,ReRZV_2d,2024,0.3382516826021863,dQ_All,0.003997789785996909,0.004037867193674218,0.002296780105921627,0.005475139031816673
Second_91,70,91,ReRZV_2d,2024,0.3382516826021863,dQ_HZ_d,0.003725223264106689,0.0037633105648566664,0.0021395011252276336,0.005129451162982194
Second_91,70,91,ReRZV_2d,2024,0.3382516826021863,dQ_HZ_Norm_d,0.0010062673483833072,0.001018184587218144,5.686873208933623e-4,0.0013783753621592874
Second_91,70,91,ReRZV_2d,2024,0.3382516826021863,dQ_Life_d,1.3762086335470007e-4,1.3965768876568672e-4,7.648445152318911e-5,1.892840255351009e-4
Second_91,70,91,ReRZV_2d,2024,0.3382516826021863,dQ_All_d,0.0038628441274613894,0.00390279387266476,0.0022165343075817383,0.005291673875087666
Second_91,70,91,ReRZV_2d,2024,0.3382516826021863,dC_Hosp,-12.035836288094117,-12.110780380259026,-17.06540707128505,-6.860295806715628
Second_91,70,91,ReRZV_2d,2024,0.3382516826021863,dC_GP_NonPHN,-2.458120402313746,-2.5084708657989756,-3.134588124979813,-1.45023398582832
Second_91,70,91,ReRZV_2d,2024,0.3382516826021863,dC_GP_PHN,-1.004375985750761,-1.0051014048840585,-1.449382143013826,-0.5503212059379268
Second_91,70,91,ReRZV_2d,2024,0.3382516826021863,dC_GP,-3.462496388064507,-3.531194017631759,-4.505717166139959,-2.0062282897507826
Second_91,70,91,ReRZV_2d,2024,0.3382516826021863,dC_Med,-15.498332676158624,-15.693637209822292,-21.401891448859708,-8.899054979718006
Second_91,70,91,ReRZV_2d,2024,0.3382516826021863,dC_VacZVL,0,0,0,0
Second_91,70,91,ReRZV_2d,2024,0.3382516826021863,dC_VacRZV,170,170,170,170
Second_91,70,91,ReRZV_2d,2024,0.3382516826021863,dC_Vac,170,170,170,170
Second_91,70,91,ReRZV_2d,2024,0.3382516826021863,dC_All,154.5016673238414,154.30636279017767,148.59810855114026,161.100945020282
Second_91,70,91,ReRZV_2d,2024,0.3382516826021863,dC_Hosp_d,-11.593159009433093,-11.661564437866641,-16.466946617146593,-6.582859389578688
Second_91,70,91,ReRZV_2d,2024,0.3382516826021863,dC_GP_NonPHN_d,-2.374012821572982,-2.422836733130336,-3.031953682573149,-1.3973295909491417
Second_91,70,91,ReRZV_2d,2024,0.3382516826021863,dC_GP_PHN_d,-0.9712214304981897,-0.9729534344942634,-1.4007019953524318,-0.5323921511706483
Second_91,70,91,ReRZV_2d,2024,0.3382516826021863,dC_GP_d,-3.345234252071172,-3.4117766372738174,-4.352921309967957,-1.9360248791369168
Second_91,70,91,ReRZV_2d,2024,0.3382516826021863,dC_Med_d,-14.938393261504265,-15.112690799581195,-20.635399872424827,-8.57208651222091
Second_91,70,91,ReRZV_2d,2024,0.3382516826021863,dC_VacZVL_d,0,0,0,0
Second_91,70,91,ReRZV_2d,2024,0.3382516826021863,dC_VacRZV_d,170,170,170,170
Second_91,70,91,ReRZV_2d,2024,0.3382516826021863,dC_Vac_d,170,170,170,170
Second_91,70,91,ReRZV_2d,2024,0.3382516826021863,dC_All_d,155.06160673849573,154.8873092004188,149.3646001275752,161.42791348777908
Second_91,70,91,ReRZV_2d,2024,0.3382516826021863,dN_VacZVL,0,0,0,0
Second_91,70,91,ReRZV_2d,2024,0.3382516826021863,dN_VacRZV,2,2,2,2
Second_91,70,91,ReRZV_2d,2024,0.3382516826021863,dN_VacZVL_d,0,0,0,0
Second_91,70,91,ReRZV_2d,2024,0.3382516826021863,dN_VacRZV_d,2,2,2,2
Second_91,70,91,ReRZV_2d,2024,0.3382516826021863,ICER,42327.30200355077,39601.064377800736,28684.20510499552,72609.5285041393
Second_91,70,91,ReRZV_2d,2024,0.3382516826021863,Price0,85,85,85,85
Second_91,70,91,ReRZV_2d,2024,0.3382516826021863,Thres20,46.09763790536603,46.696750672937355,26.459270773685304,62.16964487141541
Second_91,70,91,ReRZV_2d,2024,0.3382516826021863,Thres30,65.41185854267297,66.16796003395648,37.47350194973412,88.5208138207508
Second_91,70,91,ReRZV_2d,2024,0.3382516826021863,Thres20_50,NA,46.696750672937355,NA,NA
Second_91,70,91,ReRZV_2d,2024,0.3382516826021863,Thres30_90,NA,47.85882771604816,NA,NA
Second_91,70,91,ReRZV_2d,2024,0.3382516826021863,Thres,NA,46.696750672937355,NA,NA
Second_91,75,91,ReRZV_1d,2024,0.3711423993657439,N0,0.3711423993657439,0.3711423993657439,0.3711423993657439,0.3711423993657439
Second_91,75,91,ReRZV_1d,2024,0.3711423993657439,dYear_Life,1.92716175758821e-4,1.9360049280984018e-4,7.932180394305843e-5,2.9794367600171175e-4
Second_91,75,91,ReRZV_1d,2024,0.3711423993657439,dYear_Immunised,2.210921023606561,2.239226684996893,0.9521952279235596,3.227490356191745
Second_91,75,91,ReRZV_1d,2024,0.3711423993657439,dRisk_HZ,-0.06220983261852482,-0.06265781210659215,-0.09150382773857944,-0.026621793907449173
Second_91,75,91,ReRZV_1d,2024,0.3711423993657439,dRisk_Hosp,-0.006648739340501126,-0.006649619354408234,-0.010599665357961812,-0.0027538586980435814
Second_91,75,91,ReRZV_1d,2024,0.3711423993657439,dRisk_PHN,-0.0051698422523554985,-0.005134451437738782,-0.008381921014198965,-0.0020714057383851912
Second_91,75,91,ReRZV_1d,2024,0.3711423993657439,dRisk_Death,-1.826851100391072e-4,-1.8335137693013172e-4,-2.8154909372957534e-4,-7.649204871915454e-5
Second_91,75,91,ReRZV_1d,2024,0.3711423993657439,dQ_Life,1.2281018036239345e-4,1.2348312322682986e-4,5.046714738741937e-5,1.8996560339954358e-4
Second_91,75,91,ReRZV_1d,2024,0.3711423993657439,dQ_HZ,0.003203660790785716,0.0032173691624803645,0.001339769226011592,0.0049479753380258906
Second_91,75,91,ReRZV_1d,2024,0.3711423993657439,dQ_HZ_Norm,8.645429687465706e-4,8.70289562151989e-4,3.623790236669471e-4,0.0013354054463547167
Second_91,75,91,ReRZV_1d,2024,0.3711423993657439,dQ_All,0.0033170838458899555,0.0033321359651770984,0.0013877292869382619,0.0051144180499903425
Second_91,75,91,ReRZV_1d,2024,0.3711423993657439,dQ_HZ_d,0.0030902425448240266,0.003104317994914644,0.001291058573187425,0.004776481445409186
Second_91,75,91,ReRZV_1d,2024,0.3711423993657439,dQ_HZ_Norm_d,8.344657620009213e-4,8.393279823279331e-4,3.4904881922961467e-4,0.0012896902955443052
Second_91,75,91,ReRZV_1d,2024,0.3711423993657439,dQ_Life_d,1.138471755283114e-4,1.1451441037905083e-4,4.675359054141327e-5,1.7613717047395688e-4
Second_91,75,91,ReRZV_1d,2024,0.3711423993657439,dQ_All_d,0.003204089720352349,0.0032195656337319937,0.0013398432444214929,0.004942235622964142
Second_91,75,91,ReRZV_1d,2024,0.3711423993657439,dC_Hosp,-9.994983169390432,-9.974229987241753,-16.04714270638313,-4.151947939758277
Second_91,75,91,ReRZV_1d,2024,0.3711423993657439,dC_GP_NonPHN,-2.038782390897514,-2.050492368270328,-2.9999524997954357,-0.8668710228860816
Second_91,75,91,ReRZV_1d,2024,0.3711423993657439,dC_GP_PHN,-0.8331980231662072,-0.8301256006610196,-1.3546026832085591,-0.3285294032346272
Second_91,75,91,ReRZV_1d,2024,0.3711423993657439,dC_GP,-2.871980414063721,-2.8929396133684335,-4.264069676279221,-1.2229848619786905
Second_91,75,91,ReRZV_1d,2024,0.3711423993657439,dC_Med,-12.866963583454153,-12.910958813134124,-19.922415760655845,-5.388725604508443
Second_91,75,91,ReRZV_1d,2024,0.3711423993657439,dC_VacZVL,0,0,0,0
Second_91,75,91,ReRZV_1d,2024,0.3711423993657439,dC_VacRZV,85,85,85,85
Second_91,75,91,ReRZV_1d,2024,0.3711423993657439,dC_Vac,85,85,85,85
Second_91,75,91,ReRZV_1d,2024,0.3711423993657439,dC_All,72.13303641654585,72.08904118686587,65.07758423934416,79.61127439549156
Second_91,75,91,ReRZV_1d,2024,0.3711423993657439,dC_Hosp_d,-9.623966289179972,-9.60249703053971,-15.493374850868541,-3.995011343105065
Second_91,75,91,ReRZV_1d,2024,0.3711423993657439,dC_GP_NonPHN_d,-1.9683488872356734,-1.9804110656055562,-2.8948162618771804,-0.8364303947105035
Second_91,75,91,ReRZV_1d,2024,0.3711423993657439,dC_GP_PHN_d,-0.8054203510016446,-0.8036799203425512,-1.30676378230429,-0.31739146615973074
Second_91,75,91,ReRZV_1d,2024,0.3711423993657439,dC_GP_d,-2.773769238237318,-2.795511750822775,-4.121651694191939,-1.1780211186868021
Second_91,75,91,ReRZV_1d,2024,0.3711423993657439,dC_Med_d,-12.397735527417291,-12.440525153802355,-19.2340158584806,-5.176319672909476
Second_91,75,91,ReRZV_1d,2024,0.3711423993657439,dC_VacZVL_d,0,0,0,0
Second_91,75,91,ReRZV_1d,2024,0.3711423993657439,dC_VacRZV_d,85,85,85,85
Second_91,75,91,ReRZV_1d,2024,0.3711423993657439,dC_Vac_d,85,85,85,85
Second_91,75,91,ReRZV_1d,2024,0.3711423993657439,dC_All_d,72.6022644725827,72.55947484619765,65.7659841415194,79.82368032709054
Second_91,75,91,ReRZV_1d,2024,0.3711423993657439,dN_VacZVL,0,0,0,0
Second_91,75,91,ReRZV_1d,2024,0.3711423993657439,dN_VacRZV,1,1,1,1
Second_91,75,91,ReRZV_1d,2024,0.3711423993657439,dN_VacZVL_d,0,0,0,0
Second_91,75,91,ReRZV_1d,2024,0.3711423993657439,dN_VacRZV_d,1,1,1,1
Second_91,75,91,ReRZV_1d,2024,0.3711423993657439,ICER,25795.949585820465,22481.944840945784,13617.18804761189,58989.266626755845
Second_91,75,91,ReRZV_1d,2024,0.3711423993657439,Price0,85,85,85,85
Second_91,75,91,ReRZV_1d,2024,0.3711423993657439,Thres20,76.47952993446427,76.95691567385845,31.993204298203406,116.80693006844744
Second_91,75,91,ReRZV_1d,2024,0.3711423993657439,Thres30,108.52042713798777,109.24234067244313,45.5884362426591,165.92896967486718
Second_91,75,91,ReRZV_1d,2024,0.3711423993657439,Thres20_50,NA,76.95691567385845,NA,NA
Second_91,75,91,ReRZV_1d,2024,0.3711423993657439,Thres30_90,NA,65.43008853656279,NA,NA
Second_91,75,91,ReRZV_1d,2024,0.3711423993657439,Thres,NA,65.43008853656279,NA,NA
Second_91,75,91,ReRZV_2d,2024,0.3711423993657439,N0,0.3711423993657439,0.3711423993657439,0.3711423993657439,0.3711423993657439
Second_91,75,91,ReRZV_2d,2024,0.3711423993657439,dYear_Life,2.2371665037222363e-4,2.2681116840278317e-4,1.2085548975196368e-4,3.110992661534882e-4
Second_91,75,91,ReRZV_2d,2024,0.3711423993657439,dYear_Immunised,2.5655212217816743,2.6236452348932486,1.4603239308502178,3.302151115127635
Second_91,75,91,ReRZV_2d,2024,0.3711423993657439,dRisk_HZ,-0.07218768159059605,-0.07360993912348943,-0.09328718113073456,-0.04099702776631978
Second_91,75,91,ReRZV_2d,2024,0.3711423993657439,dRisk_Hosp,-0.00771223056284442,-0.0077671700649565,-0.010913245690178198,-0.00421383572253251
Second_91,75,91,ReRZV_2d,2024,0.3711423993657439,dRisk_PHN,-0.00599635678575298,-0.005994115265474051,-0.008630799192445316,-0.00322241602883525
Second_91,75,91,ReRZV_2d,2024,0.3711423993657439,dRisk_Death,-2.119553983252767e-4,-2.1451711254678112e-4,-2.933543461129949e-4,-1.1555669972950654e-4
Second_91,75,91,ReRZV_2d,2024,0.3711423993657439,dQ_Life,1.4257764245211846e-4,1.445802933860173e-4,7.689016198811921e-5,1.9822563441234374e-4
Second_91,75,91,ReRZV_2d,2024,0.3711423993657439,dQ_HZ,0.0037170947013321896,0.003758580137731453,0.0020600278088985257,0.005153961827074642
Second_91,75,91,ReRZV_2d,2024,0.3711423993657439,dQ_HZ_Norm,0.0010032574823915018,0.0010155189672789568,5.445007401548853e-4,0.0013889641479023673
Second_91,75,91,ReRZV_2d,2024,0.3711423993657439,dQ_All,0.003848793553216418,0.00389554903299079,0.0021275304526301108,0.00532321221897552
Second_91,75,91,ReRZV_2d,2024,0.3711423993657439,dQ_HZ_d,0.003585737990249668,0.0036266375739916314,0.00198442256909189,0.004971767191432487
Second_91,75,91,ReRZV_2d,2024,0.3711423993657439,dQ_HZ_Norm_d,9.684184174420746e-4,9.80447477993761e-4,5.248496500594272e-4,0.0013397899063313896
Second_91,75,91,ReRZV_2d,2024,0.3711423993657439,dQ_Life_d,1.3217681915212167e-4,1.340064898581179e-4,7.123224010661601e-5,1.8374945793417604e-4
Second_91,75,91,ReRZV_2d,2024,0.3711423993657439,dQ_All_d,0.0037179148094017866,0.0037644444865328032,0.0020537508653590384,0.005144044797529511
Second_91,75,91,ReRZV_2d,2024,0.3711423993657439,dC_Hosp,-11.594104387970662,-11.711585829992556,-16.560885911593452,-6.381504309954057
Second_91,75,91,ReRZV_2d,2024,0.3711423993657439,dC_GP_NonPHN,-2.366173819679374,-2.4148277047666715,-3.0564398347164463,-1.3441142217692397
Second_91,75,91,ReRZV_2d,2024,0.3711423993657439,dC_GP_PHN,-0.9665135762565903,-0.9696475067844821,-1.4129194142838555,-0.5089203525044343
Second_91,75,91,ReRZV_2d,2024,0.3711423993657439,dC_GP,-3.3326873959359644,-3.4009157817255096,-4.3739856453459875,-1.867159937752441
Second_91,75,91,ReRZV_2d,2024,0.3711423993657439,dC_Med,-14.926791783906626,-15.129048658707852,-20.789843268580725,-8.2158112241777
Second_91,75,91,ReRZV_2d,2024,0.3711423993657439,dC_VacZVL,0,0,0,0
Second_91,75,91,ReRZV_2d,2024,0.3711423993657439,dC_VacRZV,170,170,170,170
Second_91,75,91,ReRZV_2d,2024,0.3711423993657439,dC_Vac,170,170,170,170
Second_91,75,91,ReRZV_2d,2024,0.3711423993657439,dC_All,155.07320821609338,154.87095134129214,149.21015673141926,161.78418877582232
Second_91,75,91,ReRZV_2d,2024,0.3711423993657439,dC_Hosp_d,-11.164481034104298,-11.270998070343072,-15.98833044156323,-6.128229031474744
Second_91,75,91,ReRZV_2d,2024,0.3711423993657439,dC_GP_NonPHN_d,-2.284579367953716,-2.331599774227799,-2.952074973109804,-1.2963601074498783
Second_91,75,91,ReRZV_2d,2024,0.3711423993657439,dC_GP_PHN_d,-0.9343558985646131,-0.9372601343713904,-1.3649061420897302,-0.4908512963330164
Second_91,75,91,ReRZV_2d,2024,0.3711423993657439,dC_GP_d,-3.2189352665183293,-3.2819176699789883,-4.224791094295418,-1.8011732852708247
Second_91,75,91,ReRZV_2d,2024,0.3711423993657439,dC_Med_d,-14.383416300622628,-14.598309076895298,-20.091344300361275,-7.894675304035287
Second_91,75,91,ReRZV_2d,2024,0.3711423993657439,dC_VacZVL_d,0,0,0,0
Second_91,75,91,ReRZV_2d,2024,0.3711423993657439,dC_VacRZV_d,170,170,170,170
Second_91,75,91,ReRZV_2d,2024,0.3711423993657439,dC_Vac_d,170,170,170,170
Second_91,75,91,ReRZV_2d,2024,0.3711423993657439,dC_All_d,155.61658369937737,155.40169092310472,149.90865569963873,162.10532469596473
Second_91,75,91,ReRZV_2d,2024,0.3711423993657439,dN_VacZVL,0,0,0,0
Second_91,75,91,ReRZV_2d,2024,0.3711423993657439,dN_VacRZV,2,2,2,2
Second_91,75,91,ReRZV_2d,2024,0.3711423993657439,dN_VacZVL_d,0,0,0,0
Second_91,75,91,ReRZV_2d,2024,0.3711423993657439,dN_VacRZV_d,2,2,2,2
Second_91,75,91,ReRZV_2d,2024,0.3711423993657439,ICER,44357.670493887206,41322.66609318108,29531.906535731876,78897.1954691513
Second_91,75,91,ReRZV_2d,2024,0.3711423993657439,Price0,85,85,85,85
Second_91,75,91,ReRZV_2d,2024,0.3711423993657439,Thres20,44.37085624432918,44.9803777960244,24.47449226659845,60.57823533555752
Second_91,75,91,ReRZV_2d,2024,0.3711423993657439,Thres30,62.96043029133811,63.70252452158809,34.710833481042265,86.19921450386437
Second_91,75,91,ReRZV_2d,2024,0.3711423993657439,Thres20_50,NA,44.9803777960244,NA,NA
Second_91,75,91,ReRZV_2d,2024,0.3711423993657439,Thres30_90,NA,45.25161175766703,NA,NA
Second_91,75,91,ReRZV_2d,2024,0.3711423993657439,Thres,NA,44.9803777960244,NA,NA
Second_92,70,92,ReRZV_1d,2024,0.29049078508758003,N0,0.29049078508758003,0.29049078508758003,0.29049078508758003,0.29049078508758003
Second_92,70,92,ReRZV_1d,2024,0.29049078508758003,dYear_Life,1.705943439987761e-4,1.71327012457218e-4,7.450760803902395e-5,2.606043684791871e-4
Second_92,70,92,ReRZV_1d,2024,0.29049078508758003,dYear_Immunised,2.1188293513041057,2.138444168734563,0.9715589807644964,3.0482639370092257
Second_92,70,92,ReRZV_1d,2024,0.29049078508758003,dRisk_HZ,-0.0769652731528037,-0.07750727502695279,-0.11144568836557793,-0.03546492918145155
Second_92,70,92,ReRZV_1d,2024,0.29049078508758003,dRisk_Hosp,-0.00841665785261388,-0.00839283787376411,-0.013279578066628535,-0.0037404341437270437
Second_92,70,92,ReRZV_1d,2024,0.29049078508758003,dRisk_PHN,-0.006307023091369085,-0.006235886135071717,-0.010248680909932554,-0.0027253507508779983
Second_92,70,92,ReRZV_1d,2024,0.29049078508758003,dRisk_Death,-2.2787549027676973e-4,-2.285502524448143e-4,-3.4771206256653634e-4,-1.0025358639185527e-4
Second_92,70,92,ReRZV_1d,2024,0.29049078508758003,dQ_Life,1.0729848945592046e-4,1.0771998659753226e-4,4.680778442948753e-5,1.6384275719484608e-4
Second_92,70,92,ReRZV_1d,2024,0.29049078508758003,dQ_HZ,0.0030558829398443198,0.003067043821419678,0.0013846812744369268,0.004649048027726793
Second_92,70,92,ReRZV_1d,2024,0.29049078508758003,dQ_HZ_Norm,8.189418303453734e-4,8.201667550248825e-4,3.663679105035697e-4,0.0012544473580994382
Second_92,70,92,ReRZV_1d,2024,0.29049078508758003,dQ_All,0.0031528998547452657,0.003167752472181601,0.0014259655513422626,0.0047801079714712225
Second_92,70,92,ReRZV_1d,2024,0.29049078508758003,dQ_HZ_d,0.002959600923469232,0.0029706099827310666,0.001339835860178792,0.0045042507362221176
Second_92,70,92,ReRZV_1d,2024,0.29049078508758003,dQ_HZ_Norm_d,7.93532163804055e-4,7.940560147787722e-4,3.5452324786847166e-4,0.001216219427186903
Second_92,70,92,ReRZV_1d,2024,0.29049078508758003,dQ_Life_d,1.0010705794362736e-4,1.0049520548924471e-4,4.365492402246104e-5,1.5287897546124152e-4
Second_92,70,92,ReRZV_1d,2024,0.29049078508758003,dQ_All_d,0.003059707981412868,0.0030754989860187175,0.0013825365338474447,0.004639693528001465
Second_92,70,92,ReRZV_1d,2024,0.29049078508758003,dC_Hosp,-9.753309028373467,-9.760355404240258,-15.4961982836896,-4.310991260728813
Second_92,70,92,ReRZV_1d,2024,0.29049078508758003,dC_GP_NonPHN,-1.9261991801877196,-1.9458058039279647,-2.796771720556569,-0.8905649895320931
Second_92,70,92,ReRZV_1d,2024,0.29049078508758003,dC_GP_PHN,-0.7753669104798768,-0.7660922039242495,-1.258925670137083,-0.32718144763248663
Second_92,70,92,ReRZV_1d,2024,0.29049078508758003,dC_GP,-2.7015660906675962,-2.714883355929427,-3.956446562746788,-1.2387082555590263
Second_92,70,92,ReRZV_1d,2024,0.29049078508758003,dC_Med,-12.454875119041063,-12.491677489171515,-19.16895541360321,-5.60077280692354
Second_92,70,92,ReRZV_1d,2024,0.29049078508758003,dC_VacZVL,0,0,0,0
Second_92,70,92,ReRZV_1d,2024,0.29049078508758003,dC_VacRZV,85,85,85,85
Second_92,70,92,ReRZV_1d,2024,0.29049078508758003,dC_Vac,85,85,85,85
Second_92,70,92,ReRZV_1d,2024,0.29049078508758003,dC_All,72.54512488095894,72.50832251082849,65.8310445863968,79.39922719307646
Second_92,70,92,ReRZV_1d,2024,0.29049078508758003,dC_Hosp_d,-9.434841139069789,-9.437236187773141,-14.998432327542897,-4.1798416639537646
Second_92,70,92,ReRZV_1d,2024,0.29049078508758003,dC_GP_NonPHN_d,-1.8668186259529245,-1.886641960616,-2.7095859448328747,-0.8626810234486963
Second_92,70,92,ReRZV_1d,2024,0.29049078508758003,dC_GP_PHN_d,-0.7521760281457638,-0.7440041914874167,-1.2208936537162023,-0.31725175522731996
Second_92,70,92,ReRZV_1d,2024,0.29049078508758003,dC_GP_d,-2.6189946540986884,-2.6325828490712864,-3.8347078448299414,-1.2002031201311254
Second_92,70,92,ReRZV_1d,2024,0.29049078508758003,dC_Med_d,-12.053835793168478,-12.085364594397149,-18.57087981106669,-5.405212514051471
Second_92,70,92,ReRZV_1d,2024,0.29049078508758003,dC_VacZVL_d,0,0,0,0
Second_92,70,92,ReRZV_1d,2024,0.29049078508758003,dC_VacRZV_d,85,85,85,85
Second_92,70,92,ReRZV_1d,2024,0.29049078508758003,dC_Vac_d,85,85,85,85
Second_92,70,92,ReRZV_1d,2024,0.29049078508758003,dC_All_d,72.94616420683153,72.91463540560287,66.42912018893331,79.59478748594852
Second_92,70,92,ReRZV_1d,2024,0.29049078508758003,dN_VacZVL,0,0,0,0
Second_92,70,92,ReRZV_1d,2024,0.29049078508758003,dN_VacRZV,1,1,1,1
Second_92,70,92,ReRZV_1d,2024,0.29049078508758003,dN_VacZVL_d,0,0,0,0
Second_92,70,92,ReRZV_1d,2024,0.29049078508758003,dN_VacRZV_d,1,1,1,1
Second_92,70,92,ReRZV_1d,2024,0.29049078508758003,ICER,26714.57523822827,23748.931896643335,14602.710029919275,57690.197218889
Second_92,70,92,ReRZV_1d,2024,0.29049078508758003,Price0,85,85,85,85
Second_92,70,92,ReRZV_1d,2024,0.29049078508758003,Thres20,73.24799542142584,73.44889956896667,32.98751103918882,109.89252249488155
Second_92,70,92,ReRZV_1d,2024,0.29049078508758003,Thres30,103.84507523555452,104.27262763404897,46.807862740666295,156.27868277084718
Second_92,70,92,ReRZV_1d,2024,0.29049078508758003,Thres20_50,NA,73.44889956896667,NA,NA
Second_92,70,92,ReRZV_1d,2024,0.29049078508758003,Thres30_90,NA,64.7018973799917,NA,NA
Second_92,70,92,ReRZV_1d,2024,0.29049078508758003,Thres,NA,64.7018973799917,NA,NA
Second_92,70,92,ReRZV_2d,2024,0.29049078508758003,N0,0.29049078508758003,0.29049078508758003,0.29049078508758003,0.29049078508758003
Second_92,70,92,ReRZV_2d,2024,0.29049078508758003,dYear_Life,1.966289634899181e-4,1.9954133516260282e-4,1.095235520074052e-4,2.7002138170734125e-4
Second_92,70,92,ReRZV_2d,2024,0.29049078508758003,dYear_Immunised,2.4422090577769695,2.497060090986251,1.4281501198277802,3.102104284799909
Second_92,70,92,ReRZV_2d,2024,0.29049078508758003,dRisk_HZ,-0.08870801305623197,-0.0905345849961554,-0.11314572671306462,-0.052569335218499755
Second_92,70,92,ReRZV_2d,2024,0.29049078508758003,dRisk_Hosp,-0.009698456740457946,-0.009746126870963358,-0.01373566384515085,-0.005467420854400445
Second_92,70,92,ReRZV_2d,2024,0.29049078508758003,dRisk_PHN,-0.007265022175014091,-0.00722449236676119,-0.010653313650344233,-0.003970234661967339
Second_92,70,92,ReRZV_2d,2024,0.29049078508758003,dRisk_Death,-2.626193067841905e-4,-2.665230758482535e-4,-3.5935263335493746e-4,-1.4767339585673988e-4
Second_92,70,92,ReRZV_2d,2024,0.29049078508758003,dQ_Life,1.23676097577429e-4,1.2549491879384567e-4,6.873097744011143e-5,1.6989261026267976e-4
Second_92,70,92,ReRZV_2d,2024,0.29049078508758003,dQ_HZ,0.0035217133678356245,0.0035619148361680612,0.002019974133869185,0.004847355298885585
Second_92,70,92,ReRZV_2d,2024,0.29049078508758003,dQ_HZ_Norm,9.438914666494962e-4,9.529710095862162e-4,5.369855045156928e-4,0.0012984085190666948
Second_92,70,92,ReRZV_2d,2024,0.29049078508758003,dQ_All,0.00363354302491951,0.003673819082846982,0.0020854258281000674,0.004978458682486207
Second_92,70,92,ReRZV_2d,2024,0.29049078508758003,dQ_HZ_d,0.003410795996959375,0.0034492159448627725,0.0019546421440233943,0.004696079571602089
Second_92,70,92,ReRZV_2d,2024,0.29049078508758003,dQ_HZ_Norm_d,9.146161248228049e-4,9.232915468636066e-4,5.20127712233579e-4,0.0012589206646951272
Second_92,70,92,ReRZV_2d,2024,0.29049078508758003,dQ_Life_d,1.1538787881153657e-4,1.1708279993725991e-4,6.408147131161335e-5,1.5858375709126821e-4
Second_92,70,92,ReRZV_2d,2024,0.29049078508758003,dQ_All_d,0.003526183875770914,0.00356415453350052,0.0020229877014504255,0.004832428976374702
Second_92,70,92,ReRZV_2d,2024,0.29049078508758003,dC_Hosp,-11.238891705347681,-11.312031715779938,-15.975446933784205,-6.359488419053561
Second_92,70,92,ReRZV_2d,2024,0.29049078508758003,dC_GP_NonPHN,-2.2203213667190003,-2.2689301103782036,-2.8470843636004184,-1.309292368326535
Second_92,70,92,ReRZV_2d,2024,0.29049078508758003,dC_GP_PHN,-0.8931873956656614,-0.8885879931758257,-1.3232939860609942,-0.48117985777745065
Second_92,70,92,ReRZV_2d,2024,0.29049078508758003,dC_GP,-3.113508762384662,-3.1687435404025805,-4.043682530683163,-1.8065874731708773
Second_92,70,92,ReRZV_2d,2024,0.29049078508758003,dC_Med,-14.352400467732343,-14.599311569906018,-19.78091518507077,-8.183475471201035
Second_92,70,92,ReRZV_2d,2024,0.29049078508758003,dC_VacZVL,0,0,0,0
Second_92,70,92,ReRZV_2d,2024,0.29049078508758003,dC_VacRZV,170,170,170,170
Second_92,70,92,ReRZV_2d,2024,0.29049078508758003,dC_Vac,170,170,170,170
Second_92,70,92,ReRZV_2d,2024,0.29049078508758003,dC_All,155.64759953226766,155.400688430094,150.21908481492923,161.81652452879896
Second_92,70,92,ReRZV_2d,2024,0.29049078508758003,dC_Hosp_d,-10.872064765152691,-10.94415089093962,-15.472258405437744,-6.111774835141897
Second_92,70,92,ReRZV_2d,2024,0.29049078508758003,dC_GP_NonPHN_d,-2.151899420012474,-2.1989662427167804,-2.760868531148912,-1.2676041322426568
Second_92,70,92,ReRZV_2d,2024,0.29049078508758003,dC_GP_PHN_d,-0.866484108315569,-0.8621838187864388,-1.283531909002936,-0.46642580766761416
Second_92,70,92,ReRZV_2d,2024,0.29049078508758003,dC_GP_d,-3.0183835283280427,-3.072856958528922,-3.9234444832906656,-1.7543783302716152
Second_92,70,92,ReRZV_2d,2024,0.29049078508758003,dC_Med_d,-13.890448293480734,-14.119547457730757,-19.12936339294003,-7.9217322201270015
Second_92,70,92,ReRZV_2d,2024,0.29049078508758003,dC_VacZVL_d,0,0,0,0
Second_92,70,92,ReRZV_2d,2024,0.29049078508758003,dC_VacRZV_d,170,170,170,170
Second_92,70,92,ReRZV_2d,2024,0.29049078508758003,dC_Vac_d,170,170,170,170
Second_92,70,92,ReRZV_2d,2024,0.29049078508758003,dC_All_d,156.10955170651926,155.88045254226924,150.87063660705996,162.07826777987304
Second_92,70,92,ReRZV_2d,2024,0.29049078508758003,dN_VacZVL,0,0,0,0
Second_92,70,92,ReRZV_2d,2024,0.29049078508758003,dN_VacRZV,2,2,2,2
Second_92,70,92,ReRZV_2d,2024,0.29049078508758003,dN_VacZVL_d,0,0,0,0
Second_92,70,92,ReRZV_2d,2024,0.29049078508758003,dN_VacRZV_d,2,2,2,2
Second_92,70,92,ReRZV_2d,2024,0.29049078508758003,ICER,46677.852368649495,43748.62217247661,31656.77183116733,79723.90258884044
Second_92,70,92,ReRZV_2d,2024,0.29049078508758003,Price0,85,85,85,85
Second_92,70,92,ReRZV_2d,2024,0.29049078508758003,Thres20,42.20706290444951,42.689464991472875,24.28926095747281,56.85149656728612
Second_92,70,92,ReRZV_2d,2024,0.29049078508758003,Thres30,59.83798228330408,60.4748532469501,34.338387516849714,80.97278418206261
Second_92,70,92,ReRZV_2d,2024,0.29049078508758003,Thres20_50,NA,42.689464991472875,NA,NA
Second_92,70,92,ReRZV_2d,2024,0.29049078508758003,Thres30_90,NA,43.71825872057154,NA,NA
Second_92,70,92,ReRZV_2d,2024,0.29049078508758003,Thres,NA,42.689464991472875,NA,NA
Second_92,75,92,ReRZV_1d,2024,0.31873773738955025,N0,0.31873773738955025,0.31873773738955025,0.31873773738955025,0.31873773738955025
Second_92,75,92,ReRZV_1d,2024,0.31873773738955025,dYear_Life,1.6376767289975297e-4,1.6499116720770002e-4,6.864808142215276e-5,2.52550162972366e-4
Second_92,75,92,ReRZV_1d,2024,0.31873773738955025,dYear_Immunised,2.038666896263141,2.0604951357194174,0.8836691330344751,2.9671300882724516
Second_92,75,92,ReRZV_1d,2024,0.31873773738955025,dRisk_HZ,-0.06747736285495431,-0.06790271481448307,-0.09891376388016536,-0.029326200134676284
Second_92,75,92,ReRZV_1d,2024,0.31873773738955025,dRisk_Hosp,-0.007381658960963407,-0.007372135743117075,-0.01180200399362926,-0.0031134280873630405
Second_92,75,92,ReRZV_1d,2024,0.31873773738955025,dRisk_PHN,-0.005528380088500867,-0.005459711407576081,-0.009087851299927306,-0.002260900226304083
Second_92,75,92,ReRZV_1d,2024,0.31873773738955025,dRisk_Death,-1.9982474716155634e-4,-2.0073640767767398e-4,-3.0766739195889066e-4,-8.452778916669271e-5
Second_92,75,92,ReRZV_1d,2024,0.31873773738955025,dQ_Life,1.0296566695322666e-4,1.0370259652701996e-4,4.3092192136383355e-5,1.5889198018284844e-4
Second_92,75,92,ReRZV_1d,2024,0.31873773738955025,dQ_HZ,0.002939071765245412,0.00294973319937435,0.0012526033024555679,0.004526199069216989
Second_92,75,92,ReRZV_1d,2024,0.31873773738955025,dQ_HZ_Norm,7.875177075147042e-4,7.908085896246515e-4,3.3121617607447695e-4,0.0012247497048772855
Second_92,75,92,ReRZV_1d,2024,0.31873773738955025,dQ_All,0.0030321058212822785,0.003043039309685131,0.0012913362866044603,0.00466190557143853
Second_92,75,92,ReRZV_1d,2024,0.31873773738955025,dQ_HZ_d,0.002845792786439115,0.0028546765573128933,0.0012116508251289397,0.004385509312487492
Second_92,75,92,ReRZV_1d,2024,0.31873773738955025,dQ_HZ_Norm_d,7.629031710111254e-4,7.657183239999337e-4,3.2015450240101306e-4,0.0011867874345988783
Second_92,75,92,ReRZV_1d,2024,0.31873773738955025,dQ_Life_d,9.605288900172107e-5,9.673604709363326e-5,4.0179287609680574e-5,1.482446242617952e-4
Second_92,75,92,ReRZV_1d,2024,0.31873773738955025,dQ_All_d,0.0029418456754408324,0.002952124310225954,0.0012511757985065822,0.004519941709453292
Second_92,75,92,ReRZV_1d,2024,0.31873773738955025,dC_Hosp,-9.383645308226383,-9.392776652429639,-15.04580049876592,-3.9713752416584067
Second_92,75,92,ReRZV_1d,2024,0.31873773738955025,dC_GP_NonPHN,-1.852184502953352,-1.8652943016457746,-2.7236738741717845,-0.8086018514233094
Second_92,75,92,ReRZV_1d,2024,0.31873773738955025,dC_GP_PHN,-0.7454343815689479,-0.7385441385102021,-1.2248821985155482,-0.2991025214284458
Second_92,75,92,ReRZV_1d,2024,0.31873773738955025,dC_GP,-2.5976188845223,-2.616807305690116,-3.8456741507770307,-1.1161450369187182
Second_92,75,92,ReRZV_1d,2024,0.31873773738955025,dC_Med,-11.981264192748682,-12.031832694513216,-18.64143651915991,-5.172866899806611
Second_92,75,92,ReRZV_1d,2024,0.31873773738955025,dC_VacZVL,0,0,0,0
Second_92,75,92,ReRZV_1d,2024,0.31873773738955025,dC_VacRZV,85,85,85,85
Second_92,75,92,ReRZV_1d,2024,0.31873773738955025,dC_Vac,85,85,85,85
Second_92,75,92,ReRZV_1d,2024,0.31873773738955025,dC_All,73.01873580725132,72.96816730548679,66.3585634808401,79.8271331001934
Second_92,75,92,ReRZV_1d,2024,0.31873773738955025,dC_Hosp_d,-9.075061570914553,-9.08934101296279,-14.554200882899309,-3.822658654580284
Second_92,75,92,ReRZV_1d,2024,0.31873773738955025,dC_GP_NonPHN_d,-1.7946641229264397,-1.8080785592484654,-2.63935177132629,-0.782002554275088
Second_92,75,92,ReRZV_1d,2024,0.31873773738955025,dC_GP_PHN_d,-0.722972770657953,-0.7168612010685531,-1.186333890287513,-0.29000519276154835
Second_92,75,92,ReRZV_1d,2024,0.31873773738955025,dC_GP_d,-2.5176368935843927,-2.535852457100898,-3.7257763246861497,-1.0797645295969045
Second_92,75,92,ReRZV_1d,2024,0.31873773738955025,dC_Med_d,-11.592698464498945,-11.626741466827287,-18.076573098617484,-4.987044410354991
Second_92,75,92,ReRZV_1d,2024,0.31873773738955025,dC_VacZVL_d,0,0,0,0
Second_92,75,92,ReRZV_1d,2024,0.31873773738955025,dC_VacRZV_d,85,85,85,85
Second_92,75,92,ReRZV_1d,2024,0.31873773738955025,dC_Vac_d,85,85,85,85
Second_92,75,92,ReRZV_1d,2024,0.31873773738955025,dC_All_d,73.40730153550105,73.3732585331727,66.92342690138251,80.01295558964499
Second_92,75,92,ReRZV_1d,2024,0.31873773738955025,dN_VacZVL,0,0,0,0
Second_92,75,92,ReRZV_1d,2024,0.31873773738955025,dN_VacRZV,1,1,1,1
Second_92,75,92,ReRZV_1d,2024,0.31873773738955025,dN_VacZVL_d,0,0,0,0
Second_92,75,92,ReRZV_1d,2024,0.31873773738955025,dN_VacRZV_d,1,1,1,1
Second_92,75,92,ReRZV_1d,2024,0.31873773738955025,ICER,28303.997245370796,24826.22416489492,15040.81478810749,64245.61988404638
Second_92,75,92,ReRZV_1d,2024,0.31873773738955025,Price0,85,85,85,85
Second_92,75,92,ReRZV_1d,2024,0.31873773738955025,Thres20,70.42961197331559,70.67641114507589,29.87220697823159,107.37204719233546
Second_92,75,92,ReRZV_1d,2024,0.31873773738955025,Thres30,99.84806872772391,100.2704516879997,42.2390215394402,152.23306015297595
Second_92,75,92,ReRZV_1d,2024,0.31873773738955025,Thres20_50,NA,70.67641114507589,NA,NA
Second_92,75,92,ReRZV_1d,2024,0.31873773738955025,Thres30_90,NA,60.80802774107638,NA,NA
Second_92,75,92,ReRZV_1d,2024,0.31873773738955025,Thres,NA,60.80802774107638,NA,NA
Second_92,75,92,ReRZV_2d,2024,0.31873773738955025,N0,0.31873773738955025,0.31873773738955025,0.31873773738955025,0.31873773738955025
Second_92,75,92,ReRZV_2d,2024,0.31873773738955025,dYear_Life,1.898023203964488e-4,1.9245447753672172e-4,1.0307877548667953e-4,2.631398887367234e-4
Second_92,75,92,ReRZV_2d,2024,0.31873773738955025,dYear_Immunised,2.3620469476872055,2.4173428450067913,1.3468978314446651,3.0318433226904067
Second_92,75,92,ReRZV_2d,2024,0.31873773738955025,dRisk_HZ,-0.0781794460708393,-0.07979914905229407,-0.10068103576284673,-0.04489513509295356
Second_92,75,92,ReRZV_2d,2024,0.31873773738955025,dRisk_Hosp,-0.00854986318924398,-0.008600914471279534,-0.012225749178259703,-0.004685852079212521
Second_92,75,92,ReRZV_2d,2024,0.31873773738955025,dRisk_PHN,-0.006401480069135875,-0.006359669537448246,-0.009461275954749894,-0.0034161194544845403
Second_92,75,92,ReRZV_2d,2024,0.31873773738955025,dRisk_Death,-2.314895198226177e-4,-2.3449050008520633e-4,-3.2004032953112554e-4,-1.2670510389917254e-4
Second_92,75,92,ReRZV_2d,2024,0.31873773738955025,dQ_Life,1.1934329269222419e-4,1.2107537436434927e-4,6.470267841919356e-5,1.6562904166931067e-4
Second_92,75,92,ReRZV_2d,2024,0.31873773738955025,dQ_HZ,0.0034049026903565367,0.003444736511449554,0.001899194885538071,0.0047344204270298226
Second_92,75,92,ReRZV_2d,2024,0.31873773738955025,dQ_HZ_Norm,9.124674770682708e-4,9.22970382760939e-4,4.979168381896078e-4,0.0012614674078113169
Second_92,75,92,ReRZV_2d,2024,0.31873773738955025,dQ_All,0.003512749504510514,0.003555281127049977,0.0019615690132414217,0.00487119858287317
Second_92,75,92,ReRZV_2d,2024,0.31873773738955025,dQ_HZ_d,0.0032969883414320543,0.003335445638373113,0.0018379000650334642,0.004586519872712764
Second_92,75,92,ReRZV_2d,2024,0.31873773738955025,dQ_HZ_Norm_d,8.839872611574003e-4,8.945339481587798e-4,4.8169955798149807e-4,0.0012226921903515575
Second_92,75,92,ReRZV_2d,2024,0.31873773738955025,dQ_Life_d,1.1133372630729595e-4,1.1298586444771476e-4,6.032431134085706e-5,1.545486280929448e-4
Second_92,75,92,ReRZV_2d,2024,0.31873773738955025,dQ_All_d,0.003408322067739349,0.003450492359581384,0.0019012703745672978,0.0047219700239314166
Second_92,75,92,ReRZV_2d,2024,0.31873773738955025,dC_Hosp,-10.869229569774557,-10.956238884348299,-15.500168242221516,-5.87037169969118
Second_92,75,92,ReRZV_2d,2024,0.31873773738955025,dC_GP_NonPHN,-2.1463070032522635,-2.195555250080187,-2.775168994411031,-1.2355936686867357
Second_92,75,92,ReRZV_2d,2024,0.31873773738955025,dC_GP_PHN,-0.8632549924634901,-0.8603572703782368,-1.2922773941958607,-0.45086198675130074
Second_92,75,92,ReRZV_2d,2024,0.31873773738955025,dC_GP,-3.0095619957157536,-3.0665230384543376,-3.954468732772929,-1.6849865691416472
Second_92,75,92,ReRZV_2d,2024,0.31873773738955025,dC_Med,-13.87879156549031,-14.096875883883321,-19.241467321591617,-7.629200678221173
Second_92,75,92,ReRZV_2d,2024,0.31873773738955025,dC_VacZVL,0,0,0,0
Second_92,75,92,ReRZV_2d,2024,0.31873773738955025,dC_VacRZV,170,170,170,170
Second_92,75,92,ReRZV_2d,2024,0.31873773738955025,dC_Vac,170,170,170,170
Second_92,75,92,ReRZV_2d,2024,0.31873773738955025,dC_All,156.1212084345097,155.9031241161167,150.75853267840836,162.37079932177883
Second_92,75,92,ReRZV_2d,2024,0.31873773738955025,dC_Hosp_d,-10.512286730008206,-10.601051237670937,-15.026283470506884,-5.646809410709142
Second_92,75,92,ReRZV_2d,2024,0.31873773738955025,dC_GP_NonPHN_d,-2.079745221108951,-2.1259447165707837,-2.6888809779933256,-1.1961807734780998
Second_92,75,92,ReRZV_2d,2024,0.31873773738955025,dC_GP_PHN_d,-0.8372809727900723,-0.8353706807158179,-1.2490911029344927,-0.43774230532838165
Second_92,75,92,ReRZV_2d,2024,0.31873773738955025,dC_GP_d,-2.9170261938990234,-2.9716898875473783,-3.834118997094375,-1.6333514351185017
Second_92,75,92,ReRZV_2d,2024,0.31873773738955025,dC_Med_d,-13.42931292390723,-13.62788866976351,-18.616171696540913,-7.382773556803011
Second_92,75,92,ReRZV_2d,2024,0.31873773738955025,dC_VacZVL_d,0,0,0,0
Second_92,75,92,ReRZV_2d,2024,0.31873773738955025,dC_VacRZV_d,170,170,170,170
Second_92,75,92,ReRZV_2d,2024,0.31873773738955025,dC_Vac_d,170,170,170,170
Second_92,75,92,ReRZV_2d,2024,0.31873773738955025,dC_All_d,156.57068707609278,156.37211133023646,151.3838283034591,162.617226443197
Second_92,75,92,ReRZV_2d,2024,0.31873773738955025,dN_VacZVL,0,0,0,0
Second_92,75,92,ReRZV_2d,2024,0.31873773738955025,dN_VacRZV,2,2,2,2
Second_92,75,92,ReRZV_2d,2024,0.31873773738955025,dN_VacZVL_d,0,0,0,0
Second_92,75,92,ReRZV_2d,2024,0.31873773738955025,dN_VacRZV_d,2,2,2,2
Second_92,75,92,ReRZV_2d,2024,0.31873773738955025,ICER,48651.50494569944,45252.31754162285,32433.683229307353,85747.03377003262
Second_92,75,92,ReRZV_2d,2024,0.31873773738955025,Price0,85,85,85,85
Second_92,75,92,ReRZV_2d,2024,0.31873773738955025,Thres20,40.79787713934711,41.35028235197065,22.62977595507571,55.55788644743288
Second_92,75,92,ReRZV_2d,2024,0.31873773738955025,Thres30,57.83948747804385,58.68457972732982,32.2329737695964,79.19602034367361
Second_92,75,92,ReRZV_2d,2024,0.31873773738955025,Thres20_50,NA,41.35028235197065,NA,NA
Second_92,75,92,ReRZV_2d,2024,0.31873773738955025,Thres30_90,NA,41.623939818585484,NA,NA
Second_92,75,92,ReRZV_2d,2024,0.31873773738955025,Thres,NA,41.35028235197065,NA,NA
Second_93,70,93,ReRZV_1d,2024,0.2448841509154721,N0,0.2448841509154721,0.2448841509154721,0.2448841509154721,0.2448841509154721
Second_93,70,93,ReRZV_1d,2024,0.2448841509154721,dYear_Life,1.4209708831699092e-4,1.4247078307179584e-4,6.229139929644109e-5,2.1715166826322764e-4
Second_93,70,93,ReRZV_1d,2024,0.2448841509154721,dYear_Immunised,1.9338688197368004,1.9558027709741201,0.8901105345702943,2.782663858679181
Second_93,70,93,ReRZV_1d,2024,0.2448841509154721,dRisk_HZ,-0.08430525719630255,-0.08481637421211062,-0.12193116464694026,-0.03897882492497282
Second_93,70,93,ReRZV_1d,2024,0.2448841509154721,dRisk_Hosp,-0.00939627078304794,-0.00934841735328241,-0.014905376765071436,-0.004192128839715683
Second_93,70,93,ReRZV_1d,2024,0.2448841509154721,dRisk_PHN,-0.006827859854400613,-0.006691712017841812,-0.011223826943167623,-0.0028948970047140746
Second_93,70,93,ReRZV_1d,2024,0.2448841509154721,dRisk_Death,-2.5180128052595876e-4,-2.522188820482061e-4,-3.840319961260258e-4,-1.1109835635566717e-4
Second_93,70,93,ReRZV_1d,2024,0.2448841509154721,dQ_Life,8.787972881874909e-5,8.805049068636329e-5,3.847971161401881e-5,1.3429398833187246e-4
Second_93,70,93,ReRZV_1d,2024,0.2448841509154721,dQ_HZ,0.0027679157352082655,0.00277134666259516,0.001263453853879871,0.004212466638783633
Second_93,70,93,ReRZV_1d,2024,0.2448841509154721,dQ_HZ_Norm,7.367434899061646e-4,7.384441993723019e-4,3.307166992580514e-4,0.0011305875975871833
Second_93,70,93,ReRZV_1d,2024,0.2448841509154721,dQ_All,0.002844946685190677,0.002852118066507999,0.0012976966854803197,0.004315358130433249
Second_93,70,93,ReRZV_1d,2024,0.2448841509154721,dQ_HZ_d,0.002690742829548409,0.002693642142775287,0.0012273489121176994,0.004092464694961871
Second_93,70,93,ReRZV_1d,2024,0.2448841509154721,dQ_HZ_Norm_d,7.164713159020096e-4,7.177762193461928e-4,3.2181976640644546e-4,0.001099843112735295
Second_93,70,93,ReRZV_1d,2024,0.2448841509154721,dQ_Life_d,8.251665753811492e-5,8.267628649314071e-5,3.612205099435269e-5,1.2609778274170246e-4
Second_93,70,93,ReRZV_1d,2024,0.2448841509154721,dQ_All_d,0.0027732594870865214,0.0027808673803057377,0.0012652848850040305,0.004204346670538397
Second_93,70,93,ReRZV_1d,2024,0.2448841509154721,dC_Hosp,-9.004469748082522,-8.989696161632512,-14.406815114720104,-4.037414370818448
Second_93,70,93,ReRZV_1d,2024,0.2448841509154721,dC_GP_NonPHN,-1.7280627086463376,-1.740738167723007,-2.5117223570705067,-0.8034410690345222
Second_93,70,93,ReRZV_1d,2024,0.2448841509154721,dC_GP_PHN,-0.6869971506068437,-0.6739463487241677,-1.13975516993746,-0.2917239997389196
Second_93,70,93,ReRZV_1d,2024,0.2448841509154721,dC_GP,-2.4150598592531813,-2.431338951613707,-3.5356472186927554,-1.1040594929795864
Second_93,70,93,ReRZV_1d,2024,0.2448841509154721,dC_Med,-11.419529607335702,-11.43127745855916,-17.62823797946717,-5.158239871188394
Second_93,70,93,ReRZV_1d,2024,0.2448841509154721,dC_VacZVL,0,0,0,0
Second_93,70,93,ReRZV_1d,2024,0.2448841509154721,dC_VacRZV,85,85,85,85
Second_93,70,93,ReRZV_1d,2024,0.2448841509154721,dC_Vac,85,85,85,85
Second_93,70,93,ReRZV_1d,2024,0.2448841509154721,dC_All,73.5804703926643,73.56872254144085,67.37176202053283,79.84176012881159
Second_93,70,93,ReRZV_1d,2024,0.2448841509154721,dC_Hosp_d,-8.74695484736949,-8.729789473414119,-13.990343813186902,-3.90925048642746
Second_93,70,93,ReRZV_1d,2024,0.2448841509154721,dC_GP_NonPHN_d,-1.6807839898173866,-1.6936781600129964,-2.4430119832479402,-0.7812255847535119
Second_93,70,93,ReRZV_1d,2024,0.2448841509154721,dC_GP_PHN_d,-0.6687136233774714,-0.6564980629241592,-1.1107839352325768,-0.2830585494641172
Second_93,70,93,ReRZV_1d,2024,0.2448841509154721,dC_GP_d,-2.349497613194858,-2.3643850093349905,-3.4397753283795884,-1.0729600623586795
Second_93,70,93,ReRZV_1d,2024,0.2448841509154721,dC_Med_d,-11.096452460564349,-11.10778185133615,-17.16492653924751,-5.015891927028399
Second_93,70,93,ReRZV_1d,2024,0.2448841509154721,dC_VacZVL_d,0,0,0,0
Second_93,70,93,ReRZV_1d,2024,0.2448841509154721,dC_VacRZV_d,85,85,85,85
Second_93,70,93,ReRZV_1d,2024,0.2448841509154721,dC_Vac_d,85,85,85,85
Second_93,70,93,ReRZV_1d,2024,0.2448841509154721,dC_All_d,73.90354753943565,73.89221814866386,67.8350734607525,79.9841080729716
Second_93,70,93,ReRZV_1d,2024,0.2448841509154721,dN_VacZVL,0,0,0,0
Second_93,70,93,ReRZV_1d,2024,0.2448841509154721,dN_VacRZV,1,1,1,1
Second_93,70,93,ReRZV_1d,2024,0.2448841509154721,dN_VacZVL_d,0,0,0,0
Second_93,70,93,ReRZV_1d,2024,0.2448841509154721,dN_VacRZV_d,1,1,1,1
Second_93,70,93,ReRZV_1d,2024,0.2448841509154721,ICER,29799.595254032738,26506.616267087287,16471.566309335347,63380.91323699703
Second_93,70,93,ReRZV_1d,2024,0.2448841509154721,Price0,85,85,85,85
Second_93,70,93,ReRZV_1d,2024,0.2448841509154721,Thres20,66.56164220229478,66.96771028436346,30.030214663501283,100.05864634704358
Second_93,70,93,ReRZV_1d,2024,0.2448841509154721,Thres30,94.29423707315999,94.6277862272444,42.60480678034661,141.77523076323996
Second_93,70,93,ReRZV_1d,2024,0.2448841509154721,Thres20_50,NA,66.96771028436346,NA,NA
Second_93,70,93,ReRZV_1d,2024,0.2448841509154721,Thres30_90,NA,58.92205083428425,NA,NA
Second_93,70,93,ReRZV_1d,2024,0.2448841509154721,Thres,NA,58.92205083428425,NA,NA
Second_93,70,93,ReRZV_2d,2024,0.2448841509154721,N0,0.2448841509154721,0.2448841509154721,0.2448841509154721,0.2448841509154721
Second_93,70,93,ReRZV_2d,2024,0.2448841509154721,dYear_Life,1.636559413177521e-4,1.661490321103272e-4,9.12041842041831e-5,2.2504566867523497e-4
Second_93,70,93,ReRZV_2d,2024,0.2448841509154721,dYear_Immunised,2.227373354835329,2.273767673113567,1.3014294243598297,2.827062341146133
Second_93,70,93,ReRZV_2d,2024,0.2448841509154721,dRisk_HZ,-0.09709757359697498,-0.09916003613201105,-0.12435150860973074,-0.05742070298192746
Second_93,70,93,ReRZV_2d,2024,0.2448841509154721,dRisk_Hosp,-0.010820731053096583,-0.01083763981507796,-0.01555200415499209,-0.006104602488301135
Second_93,70,93,ReRZV_2d,2024,0.2448841509154721,dRisk_PHN,-0.007859295242142395,-0.0077736814763007,-0.011665040279780207,-0.004289053266618386
Second_93,70,93,ReRZV_2d,2024,0.2448841509154721,dRisk_Death,-2.899789728653966e-4,-2.9447734690677795e-4,-3.963268980397142e-4,-1.6308953668745942e-4
Second_93,70,93,ReRZV_2d,2024,0.2448841509154721,dQ_Life,1.0121447152355754e-4,1.0277845466737181e-4,5.637148507794625e-5,1.3931432821700804e-4
Second_93,70,93,ReRZV_2d,2024,0.2448841509154721,dQ_HZ,0.003187538368026093,0.003225148098628572,0.0018344366054608592,0.004371212172457571
Second_93,70,93,ReRZV_2d,2024,0.2448841509154721,dQ_HZ_Norm,8.485344816392873e-4,8.587048569542371e-4,4.8200832088553545e-4,0.0011615458947719151
Second_93,70,93,ReRZV_2d,2024,0.2448841509154721,dQ_All,0.003276260890559617,0.003315592768215213,0.0018848673816968036,0.004487863941569389
Second_93,70,93,ReRZV_2d,2024,0.2448841509154721,dQ_HZ_d,0.003098687313699858,0.0031343497354616194,0.0017823478865883677,0.0042502031570050836
Second_93,70,93,ReRZV_2d,2024,0.2448841509154721,dQ_HZ_Norm_d,8.2519202734852e-4,8.35355954767294e-4,4.690116010539047e-4,0.0011300907182995822
Second_93,70,93,ReRZV_2d,2024,0.2448841509154721,dQ_Life_d,9.50380431935086e-5,9.649339475127893e-5,5.2924161285611647e-5,1.30840498064851e-4
Second_93,70,93,ReRZV_2d,2024,0.2448841509154721,dQ_All_d,0.0031937253568933744,0.0032313209704990034,0.0018348050677458934,0.004372344977330148
Second_93,70,93,ReRZV_2d,2024,0.2448841509154721,dC_Hosp,-10.369632454342192,-10.388833139121537,-14.994914810357544,-5.837857895599399
Second_93,70,93,ReRZV_2d,2024,0.2448841509154721,dC_GP_NonPHN,-1.990453128289704,-2.037967817563608,-2.5626912937712136,-1.1758115670675808
Second_93,70,93,ReRZV_2d,2024,0.2448841509154721,dC_GP_PHN,-0.7908099868381945,-0.7849841654362255,-1.1908325443969936,-0.42624368461754525
Second_93,70,93,ReRZV_2d,2024,0.2448841509154721,dC_GP,-2.7812631151278984,-2.836744457537325,-3.6332861770043454,-1.6187567191433938
Second_93,70,93,ReRZV_2d,2024,0.2448841509154721,dC_Med,-13.15089556947009,-13.290920407631035,-18.358176967350115,-7.499513930992506
Second_93,70,93,ReRZV_2d,2024,0.2448841509154721,dC_VacZVL,0,0,0,0
Second_93,70,93,ReRZV_2d,2024,0.2448841509154721,dC_VacRZV,170,170,170,170
Second_93,70,93,ReRZV_2d,2024,0.2448841509154721,dC_Vac,170,170,170,170
Second_93,70,93,ReRZV_2d,2024,0.2448841509154721,dC_All,156.8491044305299,156.70907959236897,151.64182303264988,162.50048606900754
Second_93,70,93,ReRZV_2d,2024,0.2448841509154721,dC_Hosp_d,-10.07321001500171,-10.094070526998031,-14.553025727542693,-5.672198092601297
Second_93,70,93,ReRZV_2d,2024,0.2448841509154721,dC_GP_NonPHN_d,-1.9360073082958742,-1.9819608057823817,-2.492748140313794,-1.1436458406381496
Second_93,70,93,ReRZV_2d,2024,0.2448841509154721,dC_GP_PHN_d,-0.7697702895519384,-0.7650009412558505,-1.160948913169073,-0.4146334480549639
Second_93,70,93,ReRZV_2d,2024,0.2448841509154721,dC_GP_d,-2.7057775978478125,-2.75844278824293,-3.5333740967491454,-1.5736979267408473
Second_93,70,93,ReRZV_2d,2024,0.2448841509154721,dC_Med_d,-12.778987612849523,-12.91488881248624,-17.82610094898184,-7.289502407655637
Second_93,70,93,ReRZV_2d,2024,0.2448841509154721,dC_VacZVL_d,0,0,0,0
Second_93,70,93,ReRZV_2d,2024,0.2448841509154721,dC_VacRZV_d,170,170,170,170
Second_93,70,93,ReRZV_2d,2024,0.2448841509154721,dC_Vac_d,170,170,170,170
Second_93,70,93,ReRZV_2d,2024,0.2448841509154721,dC_All_d,157.22101238715047,157.08511118751377,152.17389905101817,162.7104975923444
Second_93,70,93,ReRZV_2d,2024,0.2448841509154721,dN_VacZVL,0,0,0,0
Second_93,70,93,ReRZV_2d,2024,0.2448841509154721,dN_VacRZV,2,2,2,2
Second_93,70,93,ReRZV_2d,2024,0.2448841509154721,dN_VacZVL_d,0,0,0,0
Second_93,70,93,ReRZV_2d,2024,0.2448841509154721,dN_VacRZV_d,2,2,2,2
Second_93,70,93,ReRZV_2d,2024,0.2448841509154721,ICER,51887.71062936581,48480.60672509011,35279.23678371807,88571.34546470158
Second_93,70,93,ReRZV_2d,2024,0.2448841509154721,Price0,85,85,85,85
Second_93,70,93,ReRZV_2d,2024,0.2448841509154721,Thres20,38.32674737535851,38.7635650616546,22.18050973914355,51.65080918549842
Second_93,70,93,ReRZV_2d,2024,0.2448841509154721,Thres30,54.29537415982538,54.96919921866386,31.35966805932767,73.5151943873463
Second_93,70,93,ReRZV_2d,2024,0.2448841509154721,Thres20_50,NA,38.7635650616546,NA,NA
Second_93,70,93,ReRZV_2d,2024,0.2448841509154721,Thres30_90,NA,39.775229632263574,NA,NA
Second_93,70,93,ReRZV_2d,2024,0.2448841509154721,Thres,NA,38.7635650616546,NA,NA
Second_93,75,93,ReRZV_1d,2024,0.2686966587680832,N0,0.2686966587680832,0.2686966587680832,0.2686966587680832,0.2686966587680832
Second_93,75,93,ReRZV_1d,2024,0.2686966587680832,dYear_Life,1.370372421783706e-4,1.379922192483335e-4,5.7984740365821506e-5,2.1087140071656942e-4
Second_93,75,93,ReRZV_1d,2024,0.2686966587680832,dYear_Immunised,1.8686293337046216,1.8885559915951262,0.8195665874250978,2.7138361307718037
Second_93,75,93,ReRZV_1d,2024,0.2686966587680832,dRisk_HZ,-0.07423067198557357,-0.07475048834891009,-0.10835081346853428,-0.03274765230340816
Second_93,75,93,ReRZV_1d,2024,0.2686966587680832,dRisk_Hosp,-0.008274860117797182,-0.008245039198343613,-0.013282147252004961,-0.0035320633455387285
Second_93,75,93,ReRZV_1d,2024,0.2686966587680832,dRisk_PHN,-0.006011092949466417,-0.005906646454718462,-0.010042301707472803,-0.0024388158321207443
Second_93,75,93,ReRZV_1d,2024,0.2686966587680832,dRisk_Death,-2.2174514317511036e-4,-2.2310856254675524e-4,-0.00034035301388770424,-9.473519414250194e-5
Second_93,75,93,ReRZV_1d,2024,0.2686966587680832,dQ_Life,8.472070589896472e-5,8.526974958134934e-5,3.579163140964635e-5,1.3043558382494955e-4
Second_93,75,93,ReRZV_1d,2024,0.2686966587680832,dQ_HZ,0.0026733611056276906,0.0026798482351301656,0.0011487663043956518,0.004095437489950649
Second_93,75,93,ReRZV_1d,2024,0.2686966587680832,dQ_HZ_Norm,7.114991421360963e-4,7.130436612226146e-4,3.0342953808910737e-4,0.0010991249876087896
Second_93,75,93,ReRZV_1d,2024,0.2686966587680832,dQ_All,0.0027475717409613915,0.002758159744959286,0.0011825823884239358,0.004199496564255282
Second_93,75,93,ReRZV_1d,2024,0.2686966587680832,dQ_HZ_d,0.002598385821241268,0.0026056076507811766,0.0011138969267093502,0.003983614546740182
Second_93,75,93,ReRZV_1d,2024,0.2686966587680832,dQ_HZ_Norm_d,6.918057143275769e-4,6.93681982417015e-4,2.9468907275257555e-4,0.0010693675404047675
Second_93,75,93,ReRZV_1d,2024,0.2686966587680832,dQ_Life_d,7.954381490992588e-5,8.005452024834685e-5,3.3592604960954744e-5,1.2247953662188957e-4
Second_93,75,93,ReRZV_1d,2024,0.2686966587680832,dQ_All_d,0.002677929636151198,0.0026887705976865995,0.0011525129081639098,0.004095351756117664
Second_93,75,93,ReRZV_1d,2024,0.2686966587680832,dC_Hosp,-8.698326821939082,-8.679455712685062,-14.068003124049438,-3.6993912682549572
Second_93,75,93,ReRZV_1d,2024,0.2686966587680832,dC_GP_NonPHN,-1.6687928928821112,-1.6843309075666237,-2.4505185234632205,-0.7358016048098089
Second_93,75,93,ReRZV_1d,2024,0.2686966587680832,dC_GP_PHN,-0.6633582924300229,-0.6498361697844657,-1.11208053666966,-0.2636742521952322
Second_93,75,93,ReRZV_1d,2024,0.2686966587680832,dC_GP,-2.332151185312134,-2.3557419933492683,-3.4581925464304697,-1.018636916590767
Second_93,75,93,ReRZV_1d,2024,0.2686966587680832,dC_Med,-11.030478007251215,-11.064609702331772,-17.21847909706223,-4.7291667990293345
Second_93,75,93,ReRZV_1d,2024,0.2686966587680832,dC_VacZVL,0,0,0,0
Second_93,75,93,ReRZV_1d,2024,0.2686966587680832,dC_VacRZV,85,85,85,85
Second_93,75,93,ReRZV_1d,2024,0.2686966587680832,dC_Vac,85,85,85,85
Second_93,75,93,ReRZV_1d,2024,0.2686966587680832,dC_All,73.96952199274878,73.93539029766822,67.78152090293777,80.27083320097067
Second_93,75,93,ReRZV_1d,2024,0.2686966587680832,dC_Hosp_d,-8.448121232536932,-8.437937806322104,-13.657699429676985,-3.583497839963321
Second_93,75,93,ReRZV_1d,2024,0.2686966587680832,dC_GP_NonPHN_d,-1.622864951594163,-1.6385833840513344,-2.3835645485407064,-0.7148463637946132
Second_93,75,93,ReRZV_1d,2024,0.2686966587680832,dC_GP_PHN_d,-0.6455982933866626,-0.6338332941892262,-1.082572385832863,-0.2562684638887781
Second_93,75,93,ReRZV_1d,2024,0.2686966587680832,dC_GP_d,-2.268463244980826,-2.2905593702112803,-3.3666753449622644,-0.9906505944020203
Second_93,75,93,ReRZV_1d,2024,0.2686966587680832,dC_Med_d,-10.716584477517758,-10.74683251130105,-16.744508943461803,-4.580697421864362
Second_93,75,93,ReRZV_1d,2024,0.2686966587680832,dC_VacZVL_d,0,0,0,0
Second_93,75,93,ReRZV_1d,2024,0.2686966587680832,dC_VacRZV_d,85,85,85,85
Second_93,75,93,ReRZV_1d,2024,0.2686966587680832,dC_Vac_d,85,85,85,85
Second_93,75,93,ReRZV_1d,2024,0.2686966587680832,dC_All_d,74.28341552248224,74.25316748869895,68.25549105653819,80.41930257813566
Second_93,75,93,ReRZV_1d,2024,0.2686966587680832,dN_VacZVL,0,0,0,0
Second_93,75,93,ReRZV_1d,2024,0.2686966587680832,dN_VacRZV,1,1,1,1
Second_93,75,93,ReRZV_1d,2024,0.2686966587680832,dN_VacZVL_d,0,0,0,0
Second_93,75,93,ReRZV_1d,2024,0.2686966587680832,dN_VacRZV_d,1,1,1,1
Second_93,75,93,ReRZV_1d,2024,0.2686966587680832,ICER,31351.98471444452,27554.27853248809,16845.620504940656,69672.15992424964
Second_93,75,93,ReRZV_1d,2024,0.2686966587680832,Price0,85,85,85,85
Second_93,75,93,ReRZV_1d,2024,0.2686966587680832,Thres20,64.27517720054172,64.63141214864851,27.679025182754106,97.86629590479863
Second_93,75,93,ReRZV_1d,2024,0.2686966587680832,Thres30,91.0544735620537,91.60868681570523,39.16578896145704,138.74858761191916
Second_93,75,93,ReRZV_1d,2024,0.2686966587680832,Thres20_50,NA,64.63141214864851,NA,NA
Second_93,75,93,ReRZV_1d,2024,0.2686966587680832,Thres30_90,NA,55.85667289466864,NA,NA
Second_93,75,93,ReRZV_1d,2024,0.2686966587680832,Thres,NA,55.85667289466864,NA,NA
Second_93,75,93,ReRZV_2d,2024,0.2686966587680832,N0,0.2686966587680832,0.2686966587680832,0.2686966587680832,0.2686966587680832
Second_93,75,93,ReRZV_2d,2024,0.2686966587680832,dYear_Life,1.5859611590331575e-4,1.6087740884123953e-4,8.61918833118876e-5,2.1994706322648155e-4
Second_93,75,93,ReRZV_2d,2024,0.2686966587680832,dYear_Immunised,2.1621341485768664,2.2157650861085565,1.2362878061169833,2.7681895859674923
Second_93,75,93,ReRZV_2d,2024,0.2686966587680832,dRisk_HZ,-0.08588930445228082,-0.08783302526551515,-0.1108529564024635,-0.04945151089438036
Second_93,75,93,ReRZV_2d,2024,0.2686966587680832,dRisk_Hosp,-0.009573081509317854,-0.009597753022733219,-0.013868115293045302,-0.005292774284025696
Second_93,75,93,ReRZV_2d,2024,0.2686966587680832,dRisk_PHN,-0.006951120213927265,-0.006864633823349906,-0.01038993398603809,-0.00368791996821885
Second_93,75,93,ReRZV_2d,2024,0.2686966587680832,dRisk_Death,-2.565394395324615e-4,-2.6017184589700534e-4,-3.5430421577167635e-4,-1.4091390293739933e-4
Second_93,75,93,ReRZV_2d,2024,0.2686966587680832,dQ_Life,9.805546142226515e-5,9.947361134735879e-5,5.318521077492697e-5,1.36092270215459e-4
Second_93,75,93,ReRZV_2d,2024,0.2686966587680832,dQ_HZ,0.0030929841386488567,0.0031312856781116564,0.0017348712945085597,0.004272084544090676
Second_93,75,93,ReRZV_2d,2024,0.2686966587680832,dQ_HZ_Norm,8.232902404070087e-4,8.337653910529103e-4,4.547804831860634e-4,0.001133796669939808
Second_93,75,93,ReRZV_2d,2024,0.2686966587680832,dQ_All,0.003178886357772614,0.0032182706511628837,0.0017782396906991151,0.004383925868175151
Second_93,75,93,ReRZV_2d,2024,0.2686966587680832,dQ_HZ_d,0.0030063306944607304,0.0030430629100673496,0.0016851491311926448,0.004149085944981691
Second_93,75,93,ReRZV_2d,2024,0.2686966587680832,dQ_HZ_Norm_d,8.00526529386613e-4,8.111254599700269e-4,4.4173139826815555e-4,0.0011029657947199374
Second_93,75,93,ReRZV_2d,2024,0.2686966587680832,dQ_Life_d,9.206521260195119e-5,9.33935704138761e-5,4.991467181833702e-5,1.2781301185995966e-4
Second_93,75,93,ReRZV_2d,2024,0.2686966587680832,dQ_All_d,0.0030983959070626857,0.003138232629844695,0.0017317227336977508,0.004271107598053074
Second_93,75,93,ReRZV_2d,2024,0.2686966587680832,dC_Hosp,-10.06349082956587,-10.109631909142566,-14.699345671159351,-5.533741572592347
Second_93,75,93,ReRZV_2d,2024,0.2686966587680832,dC_GP_NonPHN,-1.9311835626736296,-1.9766487945203375,-2.5080238862173605,-1.1148168143568695
Second_93,75,93,ReRZV_2d,2024,0.2686966587680832,dC_GP_PHN,-0.7671712276508249,-0.7603120420920816,-1.1689699830193747,-0.401883751517062
Second_93,75,93,ReRZV_2d,2024,0.2686966587680832,dC_GP,-2.6983547903244545,-2.7511284520809225,-3.560611295669754,-1.534782046877651
Second_93,75,93,ReRZV_2d,2024,0.2686966587680832,dC_Med,-12.761845619890325,-12.915352283535992,-17.954464577921534,-7.132872182244195
Second_93,75,93,ReRZV_2d,2024,0.2686966587680832,dC_VacZVL,0,0,0,0
Second_93,75,93,ReRZV_2d,2024,0.2686966587680832,dC_VacRZV,170,170,170,170
Second_93,75,93,ReRZV_2d,2024,0.2686966587680832,dC_Vac,170,170,170,170
Second_93,75,93,ReRZV_2d,2024,0.2686966587680832,dC_All,157.23815438010968,157.08464771646402,152.04553542207847,162.86712781775583
Second_93,75,93,ReRZV_2d,2024,0.2686966587680832,dC_Hosp_d,-9.774377664472198,-9.81852902791307,-14.301455256908977,-5.384753178954384
Second_93,75,93,ReRZV_2d,2024,0.2686966587680832,dC_GP_NonPHN_d,-1.8780885133892844,-1.9218776139304266,-2.4389293039534996,-1.0834204612580807
Second_93,75,93,ReRZV_2d,2024,0.2686966587680832,dC_GP_PHN_d,-0.7466550559234245,-0.7398501648115857,-1.1371566855919522,-0.391838947295729
Second_93,75,93,ReRZV_2d,2024,0.2686966587680832,dC_GP_d,-2.624743569312709,-2.675880002554991,-3.4633039164386834,-1.4912527060180785
Second_93,75,93,ReRZV_2d,2024,0.2686966587680832,dC_Med_d,-12.399121233784905,-12.550579824712077,-17.440527652066613,-6.9222532470078235
Second_93,75,93,ReRZV_2d,2024,0.2686966587680832,dC_VacZVL_d,0,0,0,0
Second_93,75,93,ReRZV_2d,2024,0.2686966587680832,dC_VacRZV_d,170,170,170,170
Second_93,75,93,ReRZV_2d,2024,0.2686966587680832,dC_Vac_d,170,170,170,170
Second_93,75,93,ReRZV_2d,2024,0.2686966587680832,dC_All_d,157.6008787662151,157.4494201752879,152.5594723479334,163.07774675299217
Second_93,75,93,ReRZV_2d,2024,0.2686966587680832,dN_VacZVL,0,0,0,0
Second_93,75,93,ReRZV_2d,2024,0.2686966587680832,dN_VacRZV,2,2,2,2
Second_93,75,93,ReRZV_2d,2024,0.2686966587680832,dN_VacZVL_d,0,0,0,0
Second_93,75,93,ReRZV_2d,2024,0.2686966587680832,dN_VacRZV_d,2,2,2,2
Second_93,75,93,ReRZV_2d,2024,0.2686966587680832,ICER,53825.97534369909,50106.0055661826,36066.93475215353,94010.990638081
Second_93,75,93,ReRZV_2d,2024,0.2686966587680832,Price0,85,85,85,85
Second_93,75,93,ReRZV_2d,2024,0.2686966587680832,Thres20,37.183519687519315,37.676173872456474,20.690742103455616,50.61067600663679
Second_93,75,93,ReRZV_2d,2024,0.2686966587680832,Thres30,52.67549922283274,53.383151325456886,29.459434174470342,72.07680398142455
Second_93,75,93,ReRZV_2d,2024,0.2686966587680832,Thres20_50,NA,37.676173872456474,NA,NA
Second_93,75,93,ReRZV_2d,2024,0.2686966587680832,Thres30_90,NA,37.97015945298044,NA,NA
Second_93,75,93,ReRZV_2d,2024,0.2686966587680832,Thres,NA,37.676173872456474,NA,NA
Second_94,70,94,ReRZV_1d,2024,0.20227143474147455,N0,0.20227143474147455,0.20227143474147455,0.20227143474147455,0.20227143474147455
Second_94,70,94,ReRZV_1d,2024,0.20227143474147455,dYear_Life,1.1594836569573255e-4,1.1615099931055396e-4,5.111242663475507e-5,1.7681717281470486e-4
Second_94,70,94,ReRZV_1d,2024,0.20227143474147455,dYear_Immunised,1.7527892459910297,1.7700652865079234,0.8078757885360114,2.519519314426094
Second_94,70,94,ReRZV_1d,2024,0.20227143474147455,dRisk_HZ,-0.09384395427849196,-0.094679777726006345,-0.1360563322204875,-0.04334258951085438
Second_94,70,94,ReRZV_1d,2024,0.20227143474147455,dRisk_Hosp,-0.010625857442541903,-0.010549910989852342,-0.016982691037363648,-0.004697011203352858
Second_94,70,94,ReRZV_1d,2024,0.20227143474147455,dRisk_PHN,-0.0075028324947835545,-0.007299266720780299,-0.012556157977670825,-0.003173801526127329
Second_94,70,94,ReRZV_1d,2024,0.20227143474147455,dRisk_Death,-2.825542156032122e-4,-2.8302490715069874e-4,-4.3083750148109807e-4,-1.2553762569271823e-4
Second_94,70,94,ReRZV_1d,2024,0.20227143474147455,dQ_Life,7.014888119183446e-5,7.020398552340195e-5,3.087681968153754e-5,1.0714924163973302e-4
Second_94,70,94,ReRZV_1d,2024,0.20227143474147455,dQ_HZ,0.0024823987107360805,0.0024908862471326758,0.001124523232630194,0.0037790014181458224
Second_94,70,94,ReRZV_1d,2024,0.20227143474147455,dQ_HZ_Norm,6.566097310475455e-4,6.570375896806716e-4,2.920386182459044e-4,0.001003945836802934
Second_94,70,94,ReRZV_1d,2024,0.20227143474147455,dQ_All,0.002541143676809168,0.0025483135826779094,0.0011511011590942038,0.003860236660608416
Second_94,70,94,ReRZV_1d,2024,0.20227143474147455,dQ_HZ_d,0.0024225446547184466,0.002430078384775985,0.0010961489231791194,0.003691198329870266
Second_94,70,94,ReRZV_1d,2024,0.20227143474147455,dQ_HZ_Norm_d,6.409551622411778e-4,6.415270752382295e-4,2.848268803916444e-4,9.805485895019654e-4
Second_94,70,94,ReRZV_1d,2024,0.20227143474147455,dQ_Life_d,6.63071503889635e-5,6.635864456066964e-5,2.917897033480383e-5,1.0131217161021235e-4
Second_94,70,94,ReRZV_1d,2024,0.20227143474147455,dQ_All_d,0.002488851805107414,0.0024973961740443985,0.00112602132955613,0.0037827608437154036
Second_94,70,94,ReRZV_1d,2024,0.20227143474147455,dC_Hosp,-8.204810616843845,-8.159544508888118,-13.124864021975437,-3.598495058330732
Second_94,70,94,ReRZV_1d,2024,0.20227143474147455,dC_GP_NonPHN,-1.5358541543881667,-1.5509963861566787,-2.22444767557825,-0.7020636221441476
Second_94,70,94,ReRZV_1d,2024,0.20227143474147455,dC_GP_PHN,-0.6022907621648079,-0.5863802482917604,-1.0093879549792715,-0.2531777434280488
Second_94,70,94,ReRZV_1d,2024,0.20227143474147455,dC_GP,-2.138144916552975,-2.1515485591224843,-3.1228218900624736,-0.9784576351804463
Second_94,70,94,ReRZV_1d,2024,0.20227143474147455,dC_Med,-10.342955533396822,-10.30223741975972,-16.10902362813347,-4.671500818366844
Second_94,70,94,ReRZV_1d,2024,0.20227143474147455,dC_VacZVL,0,0,0,0
Second_94,70,94,ReRZV_1d,2024,0.20227143474147455,dC_VacRZV,85,85,84.99999999999999,85.00000000000001
Second_94,70,94,ReRZV_1d,2024,0.20227143474147455,dC_Vac,85,85,84.99999999999999,85.00000000000001
Second_94,70,94,ReRZV_1d,2024,0.20227143474147455,dC_All,74.65704446660318,74.69776258024027,68.89097637186654,80.32849918163316
Second_94,70,94,ReRZV_1d,2024,0.20227143474147455,dC_Hosp_d,-8.003913795026515,-7.965648631660952,-12.796756156908831,-3.509305437043009
Second_94,70,94,ReRZV_1d,2024,0.20227143474147455,dC_GP_NonPHN_d,-1.499412879312623,-1.5149636890723865,-2.1726707786268054,-0.6850872738705729
Second_94,70,94,ReRZV_1d,2024,0.20227143474147455,dC_GP_PHN_d,-0.5883230262181993,-0.5732254626749351,-0.9852086429888276,-0.24745408989607698
Second_94,70,94,ReRZV_1d,2024,0.20227143474147455,dC_GP_d,-2.0877359055308222,-2.100617556396333,-3.050331998640318,-0.9548784474441758
Second_94,70,94,ReRZV_1d,2024,0.20227143474147455,dC_Med_d,-10.091649700557337,-10.039145309623708,-15.749591748849543,-4.542489360270624
Second_94,70,94,ReRZV_1d,2024,0.20227143474147455,dC_VacZVL_d,0,0,0,0
Second_94,70,94,ReRZV_1d,2024,0.20227143474147455,dC_VacRZV_d,85,85,84.99999999999999,85.00000000000001
Second_94,70,94,ReRZV_1d,2024,0.20227143474147455,dC_Vac_d,85,85,84.99999999999999,85.00000000000001
Second_94,70,94,ReRZV_1d,2024,0.20227143474147455,dC_All_d,74.90835029944266,74.9608546903763,69.25040825115046,80.45751063972939
Second_94,70,94,ReRZV_1d,2024,0.20227143474147455,dN_VacZVL,0,0,0,0
Second_94,70,94,ReRZV_1d,2024,0.20227143474147455,dN_VacRZV,1,1,1,1
Second_94,70,94,ReRZV_1d,2024,0.20227143474147455,dN_VacZVL_d,0,0,0,0
Second_94,70,94,ReRZV_1d,2024,0.20227143474147455,dN_VacRZV_d,1,1,1,1
Second_94,70,94,ReRZV_1d,2024,0.20227143474147455,ICER,33595.99815420743,29945.658133629102,18600.13739622242,71360.12026485693
Second_94,70,94,ReRZV_1d,2024,0.20227143474147455,Price0,85,85,84.99999999999999,85.00000000000001
Second_94,70,94,ReRZV_1d,2024,0.20227143474147455,Thres20,59.86868580270562,60.10905975789668,27.296801819840766,90.2949276807954
Second_94,70,94,ReRZV_1d,2024,0.20227143474147455,Thres30,84.75720385377976,85.13611483540697,38.44948211006386,128.43944398962623
Second_94,70,94,ReRZV_1d,2024,0.20227143474147455,Thres20_50,NA,60.10905975789668,NA,NA
Second_94,70,94,ReRZV_1d,2024,0.20227143474147455,Thres30_90,NA,52.80349831687872,NA,NA
Second_94,70,94,ReRZV_1d,2024,0.20227143474147455,Thres,NA,52.80349831687872,NA,NA
Second_94,70,94,ReRZV_2d,2024,0.20227143474147455,N0,0.20227143474147455,0.20227143474147455,0.20227143474147455,0.20227143474147455
Second_94,70,94,ReRZV_2d,2024,0.20227143474147455,dYear_Life,1.334471855694303e-4,1.354609291119175e-4,7.450921794225501e-5,1.8340996228451728e-4
Second_94,70,94,ReRZV_2d,2024,0.20227143474147455,dYear_Immunised,2.0174663920305065,2.063419455262769,1.1775927712116812,2.5586181626066846
Second_94,70,94,ReRZV_2d,2024,0.20227143474147455,dRisk_HZ,-0.10801474741260636,-0.11019547696486746,-0.1382224837526743,-0.06335468757007158
Second_94,70,94,ReRZV_2d,2024,0.20227143474147455,dRisk_Hosp,-0.012225661031550797,-0.012208593418662199,-0.01762487771637852,-0.006790931871494792
Second_94,70,94,ReRZV_2d,2024,0.20227143474147455,dRisk_PHN,-0.008629712675195505,-0.008500102416143768,-0.013071937237051209,-0.004629584741500809
Second_94,70,94,ReRZV_2d,2024,0.20227143474147455,dRisk_Death,-3.2517811945866163e-4,-3.3042770862209926e-4,-4.452792543063063e-4,-1.8286883403088018e-4
Second_94,70,94,ReRZV_2d,2024,0.20227143474147455,dQ_Life,8.073670224824409e-5,8.195329851926601e-5,4.501777347869996e-5,1.110725984543151e-4
Second_94,70,94,ReRZV_2d,2024,0.20227143474147455,dQ_HZ,0.002856917833408386,0.0028901310403924973,0.001644945201901644,0.003918401202549015
Second_94,70,94,ReRZV_2d,2024,0.20227143474147455,dQ_HZ_Norm,7.557597761770693e-4,7.645134583998715e-4,4.312053817704676e-4,0.001038342142009059
Second_94,70,94,ReRZV_2d,2024,0.20227143474147455,dQ_All,0.002924531236744718,0.0029592509068176354,0.0016821771683066854,0.004004855451118049
Second_94,70,94,ReRZV_2d,2024,0.20227143474147455,dQ_HZ_d,0.0027880447339728087,0.0028207262199070327,0.001604463537088536,0.0038231564957278666
Second_94,70,94,ReRZV_2d,2024,0.20227143474147455,dQ_HZ_Norm_d,7.377442986271342e-4,7.462896003530405e-4,4.208878513372925e-4,0.0010141027589157952
Second_94,70,94,ReRZV_2d,2024,0.20227143474147455,dQ_Life_d,7.631530818770683e-5,7.746296702402875e-5,4.254349401790086e-5,1.0500487634987866e-4
Second_94,70,94,ReRZV_2d,2024,0.20227143474147455,dQ_All_d,0.002864360042160514,0.002897552843574254,0.0016458937275659214,0.003921071413429998
Second_94,70,94,ReRZV_2d,2024,0.20227143474147455,dC_Hosp,-9.440005169736999,-9.420036714964898,-13.708535447274821,-5.159849948616378
Second_94,70,94,ReRZV_2d,2024,0.20227143474147455,dC_GP_NonPHN,-1.768007861732844,-1.804214901845852,-2.2731447369310516,-1.036553188086733
Second_94,70,94,ReRZV_2d,2024,0.20227143474147455,dC_GP_PHN,-0.6928093004520401,-0.6815144702141627,-1.0607354691076563,-0.3690224991411219
Second_94,70,94,ReRZV_2d,2024,0.20227143474147455,dC_GP,-2.4608171621848842,-2.5007567436484126,-3.191194441637583,-1.422560629062969
Second_94,70,94,ReRZV_2d,2024,0.20227143474147455,dC_Med,-11.900822331921884,-11.948627162283039,-16.637427536844516,-6.684671367480924
Second_94,70,94,ReRZV_2d,2024,0.20227143474147455,dC_VacZVL,0,0,0,0
Second_94,70,94,ReRZV_2d,2024,0.20227143474147455,dC_VacRZV,170,170,169.99999999999997,170.00000000000003
Second_94,70,94,ReRZV_2d,2024,0.20227143474147455,dC_Vac,170,170,169.99999999999997,170.00000000000003
Second_94,70,94,ReRZV_2d,2024,0.20227143474147455,dC_All,158.0991776680781,158.05137283771694,153.36257246315546,163.31532863251905
Second_94,70,94,ReRZV_2d,2024,0.20227143474147455,dC_Hosp_d,-9.208871845864081,-9.181681965847837,-13.409134104443467,-5.01241933591492
Second_94,70,94,ReRZV_2d,2024,0.20227143474147455,dC_GP_NonPHN_d,-1.7260660390155873,-1.7622249939149581,-2.219379753590459,-1.01116266672136
Second_94,70,94,ReRZV_2d,2024,0.20227143474147455,dC_GP_PHN_d,-0.6767448469809961,-0.6652749760339853,-1.0353733332322952,-0.36031667181683413
Second_94,70,94,ReRZV_2d,2024,0.20227143474147455,dC_GP_d,-2.4028108859965833,-2.440810318378877,-3.118691041148189,-1.3884055469493002
Second_94,70,94,ReRZV_2d,2024,0.20227143474147455,dC_Med_d,-11.611682731860665,-11.65969327799128,-16.255393395275988,-6.535440736201977
Second_94,70,94,ReRZV_2d,2024,0.20227143474147455,dC_VacZVL_d,0,0,0,0
Second_94,70,94,ReRZV_2d,2024,0.20227143474147455,dC_VacRZV_d,170,170,169.99999999999997,170.00000000000003
Second_94,70,94,ReRZV_2d,2024,0.20227143474147455,dC_Vac_d,170,170,169.99999999999997,170.00000000000003
Second_94,70,94,ReRZV_2d,2024,0.20227143474147455,dC_All_d,158.38831726813933,158.3403067220087,153.744606604724,163.464559263798
Second_94,70,94,ReRZV_2d,2024,0.20227143474147455,dN_VacZVL,0,0,0,0
Second_94,70,94,ReRZV_2d,2024,0.20227143474147455,dN_VacRZV,2,2,2,2
Second_94,70,94,ReRZV_2d,2024,0.20227143474147455,dN_VacZVL_d,0,0,0,0
Second_94,70,94,ReRZV_2d,2024,0.20227143474147455,dN_VacRZV_d,2,2,2,2
Second_94,70,94,ReRZV_2d,2024,0.20227143474147455,ICER,58271.60392398501,54487.86926707417,39580.507053745976,99469.67463466973
Second_94,70,94,ReRZV_2d,2024,0.20227143474147455,Price0,85,85,84.99999999999999,85.00000000000001
Second_94,70,94,ReRZV_2d,2024,0.20227143474147455,Thres20,34.44944178753547,34.9309240030029,19.80730696729279,46.72565504555814
Second_94,70,94,ReRZV_2d,2024,0.20227143474147455,Thres30,48.77124199833804,49.441139834642,28.008725099257003,66.2497902200797
Second_94,70,94,ReRZV_2d,2024,0.20227143474147455,Thres20_50,NA,34.9309240030029,NA,NA
Second_94,70,94,ReRZV_2d,2024,0.20227143474147455,Thres30_90,NA,35.683767860947775,NA,NA
Second_94,70,94,ReRZV_2d,2024,0.20227143474147455,Thres,NA,34.9309240030029,NA,NA
Second_94,75,94,ReRZV_1d,2024,0.2219404979883499,N0,0.2219404979883499,0.2219404979883499,0.2219404979883499,0.2219404979883499
Second_94,75,94,ReRZV_1d,2024,0.2219404979883499,dYear_Life,1.1226550475154581e-4,1.1296255231540701e-4,4.782048205874402e-5,1.7262588835415636e-4
Second_94,75,94,ReRZV_1d,2024,0.2219404979883499,dYear_Immunised,1.6999597058188065,1.7200940257886344,0.7506504826257113,2.4645466679501093
Second_94,75,94,ReRZV_1d,2024,0.2219404979883499,dRisk_HZ,-0.08294014315677693,-0.08373445583789224,-0.12138593158771976,-0.037165183246540015
Second_94,75,94,ReRZV_1d,2024,0.2219404979883499,dRisk_Hosp,-0.009392345715197805,-0.009338681916981732,-0.015078306700206167,-0.0039979865715645034
Second_94,75,94,ReRZV_1d,2024,0.2219404979883499,dRisk_PHN,-0.006630618727896976,-0.006452529278437872,-0.011199682725568896,-0.002690384740788043
Second_94,75,94,ReRZV_1d,2024,0.2219404979883499,dRisk_Death,-2.4975238702078554e-4,-2.511597573934187e-4,-3.8264622915292547e-4,-1.0723801172798464e-4
Second_94,75,94,ReRZV_1d,2024,0.2219404979883499,dQ_Life,6.789849584421022e-5,6.82750478900111e-5,2.887786083788422e-5,1.0462392152798041e-4
Second_94,75,94,ReRZV_1d,2024,0.2219404979883499,dQ_HZ,0.0024064352309394956,0.002416991619764427,0.0010479180031608528,0.003696428152207118
Second_94,75,94,ReRZV_1d,2024,0.2219404979883499,dQ_HZ_Norm,6.364687541060616e-4,6.386424597290504e-4,2.725621033209804e-4,9.819430072257314e-4
Second_94,75,94,ReRZV_1d,2024,0.2219404979883499,dQ_All,0.002463256968373184,0.0024773684413617707,0.0010702641135586165,0.0037778787298408853
Second_94,75,94,ReRZV_1d,2024,0.2219404979883499,dQ_HZ_d,0.002348142365473439,0.002358575642394712,0.0010213259155297807,0.003607536443880382
Second_94,75,94,ReRZV_1d,2024,0.2219404979883499,dQ_HZ_Norm_d,6.212232880294689e-4,6.230345954883105e-4,2.65995034773656e-4,9.585616381511824e-4
Second_94,75,94,ReRZV_1d,2024,0.2219404979883499,dQ_Life_d,6.417655837040661e-5,6.454086301815473e-5,2.7288333867252486e-5,9.892108860381329e-5
Second_94,75,94,ReRZV_1d,2024,0.2219404979883499,dQ_All_d,0.002412318923843847,0.002426578718356885,0.0010467252578994922,0.003698354743728637
Second_94,75,94,ReRZV_1d,2024,0.2219404979883499,dC_Hosp,-7.954658803151935,-7.879891683926964,-12.870967770520931,-3.3542407304419353
Second_94,75,94,ReRZV_1d,2024,0.2219404979883499,dC_GP_NonPHN,-1.4887044096952156,-1.5028307409257358,-2.1782361673023742,-0.6573000291146749
Second_94,75,94,ReRZV_1d,2024,0.2219404979883499,dC_GP_PHN,-0.5837761408384129,-0.5698128965936934,-0.9813809546360484,-0.23390653057529145
Second_94,75,94,ReRZV_1d,2024,0.2219404979883499,dC_GP,-2.0724805505336286,-2.088644383196697,-3.0700934505850377,-0.9047316689494909
Second_94,75,94,ReRZV_1d,2024,0.2219404979883499,dC_Med,-10.027139353685564,-9.99264809146543,-15.804152096147167,-4.37122336668261
Second_94,75,94,ReRZV_1d,2024,0.2219404979883499,dC_VacZVL,0,0,0,0
Second_94,75,94,ReRZV_1d,2024,0.2219404979883499,dC_VacRZV,85,85,84.99999999999999,85.00000000000001
Second_94,75,94,ReRZV_1d,2024,0.2219404979883499,dC_Vac,85,85,84.99999999999999,85.00000000000001
Second_94,75,94,ReRZV_1d,2024,0.2219404979883499,dC_All,74.97286064631443,75.00735190853456,69.19584790385284,80.62877663331739
Second_94,75,94,ReRZV_1d,2024,0.2219404979883499,dC_Hosp_d,-7.758992071277279,-7.694054534362575,-12.563852382039665,-3.2637149449877176
Second_94,75,94,ReRZV_1d,2024,0.2219404979883499,dC_GP_NonPHN_d,-1.4532158500495929,-1.4667383692947622,-2.1270381394035613,-0.6412209713336912
Second_94,75,94,ReRZV_1d,2024,0.2219404979883499,dC_GP_PHN_d,-0.5701740457090606,-0.5558952831547619,-0.9568066435433372,-0.2283113113494101
Second_94,75,94,ReRZV_1d,2024,0.2219404979883499,dC_GP_d,-2.0233898957586534,-2.0380872753514065,-2.99877493848789,-0.882196952070164
Second_94,75,94,ReRZV_1d,2024,0.2219404979883499,dC_Med_d,-9.782381967035933,-9.733032453378694,-15.417416726984863,-4.254646002061544
Second_94,75,94,ReRZV_1d,2024,0.2219404979883499,dC_VacZVL_d,0,0,0,0
Second_94,75,94,ReRZV_1d,2024,0.2219404979883499,dC_VacRZV_d,85,85,84.99999999999999,85.00000000000001
Second_94,75,94,ReRZV_1d,2024,0.2219404979883499,dC_Vac_d,85,85,84.99999999999999,85.00000000000001
Second_94,75,94,ReRZV_1d,2024,0.2219404979883499,dC_All_d,75.21761803296407,75.2669675466213,69.5825832730151,80.74535399793844
Second_94,75,94,ReRZV_1d,2024,0.2219404979883499,dN_VacZVL,0,0,0,0
Second_94,75,94,ReRZV_1d,2024,0.2219404979883499,dN_VacRZV,1,1,1,1
Second_94,75,94,ReRZV_1d,2024,0.2219404979883499,dN_VacZVL_d,0,0,0,0
Second_94,75,94,ReRZV_1d,2024,0.2219404979883499,dN_VacRZV_d,1,1,1,1
Second_94,75,94,ReRZV_1d,2024,0.2219404979883499,ICER,35134.03200199652,30965.48844281036,19051.360452454683,76989.61572712935
Second_94,75,94,ReRZV_1d,2024,0.2219404979883499,Price0,85,85,84.99999999999999,85.00000000000001
Second_94,75,94,ReRZV_1d,2024,0.2219404979883499,Thres20,58.02876044391287,58.17471447694179,25.135699215013357,88.46388708380017
Second_94,75,94,ReRZV_1d,2024,0.2219404979883499,Thres30,82.15194968235134,82.63869248686889,35.66046342598564,126.03227693268269
Second_94,75,94,ReRZV_1d,2024,0.2219404979883499,Thres20_50,NA,58.17471447694179,NA,NA
Second_94,75,94,ReRZV_1d,2024,0.2219404979883499,Thres30_90,NA,50.6813393449496,NA,NA
Second_94,75,94,ReRZV_1d,2024,0.2219404979883499,Thres,NA,50.6813393449496,NA,NA
Second_94,75,94,ReRZV_2d,2024,0.2219404979883499,N0,0.2219404979883499,0.2219404979883499,0.2219404979883499,0.2219404979883499
Second_94,75,94,ReRZV_2d,2024,0.2219404979883499,dYear_Life,1.2976433970526762e-4,1.3172083694541067e-4,7.080194042591805e-5,1.8002299352641045e-4
Second_94,75,94,ReRZV_2d,2024,0.2219404979883499,dYear_Immunised,1.9646370780300408,2.0114831465118055,1.1295005423477722,2.5095709803363557
Second_94,75,94,ReRZV_2d,2024,0.2219404979883499,dRisk_HZ,-0.09585507632883618,-0.0979220888380638,-0.12357911873768339,-0.05522463795232577
Second_94,75,94,ReRZV_2d,2024,0.2219404979883499,dRisk_Hosp,-0.010850369722893662,-0.010839457893090121,-0.01571118913944133,-0.005897414888220243
Second_94,75,94,ReRZV_2d,2024,0.2219404979883499,dRisk_PHN,-0.0076576312787873,-0.007550759522837698,-0.011662201512927656,-0.004054152332871972
Second_94,75,94,ReRZV_2d,2024,0.2219404979883499,dRisk_Death,-2.885988239317733e-4,-2.927533470607041e-4,-3.9828229547786187e-4,-1.5894337570341953e-4
Second_94,75,94,ReRZV_2d,2024,0.2219404979883499,dQ_Life,7.848632602492873e-5,7.971139473582478e-5,4.2762165316031706e-5,1.08859863359903e-4
Second_94,75,94,ReRZV_2d,2024,0.2219404979883499,dQ_HZ,0.002780954673779199,0.0028171899756850877,0.0015587431255932977,0.003840677196023187
Second_94,75,94,ReRZV_2d,2024,0.2219404979883499,dQ_HZ_Norm,7.356188839294692e-4,7.444204689538463e-4,4.0730119074298255e-4,0.0010194154067677075
Second_94,75,94,ReRZV_2d,2024,0.2219404979883499,dQ_All,0.0028466448561187117,0.0028872701103167817,0.0015948917860070528,0.003913862769883189
Second_94,75,94,ReRZV_2d,2024,0.2219404979883499,dQ_HZ_d,0.0027136427571859425,0.002748488553093024,0.0015193603479119518,0.003748535973070311
Second_94,75,94,ReRZV_2d,2024,0.2219404979883499,dQ_HZ_Norm_d,7.180125070929439e-4,7.263993922676118e-4,3.973732182285052e-4,9.948771960639848e-4
Second_94,75,94,ReRZV_2d,2024,0.2219404979883499,dQ_Life_d,7.41847247939179e-5,7.5351259048699e-5,4.040939793656202e-5,1.0287854659722942e-4
Second_94,75,94,ReRZV_2d,2024,0.2219404979883499,dQ_All_d,0.00278782748197986,0.002827312401508984,0.0015598178557621272,0.0038311002377922334
Second_94,75,94,ReRZV_2d,2024,0.2219404979883499,dC_Hosp,-9.189854411522456,-9.179324692339812,-13.45003410779237,-4.892360232817933
Second_94,75,94,ReRZV_2d,2024,0.2219404979883499,dC_GP_NonPHN,-1.720858315417315,-1.7592619935590446,-2.228682709100455,-0.9871554181425001
Second_94,75,94,ReRZV_2d,2024,0.2219404979883499,dC_GP_PHN,-0.6742947564709667,-0.6619358239193818,-1.0381245115617008,-0.34906392954401966
Second_94,75,94,ReRZV_2d,2024,0.2219404979883499,dC_GP,-2.3951530718882816,-2.437684058608241,-3.141086648192185,-1.3633743649413723
Second_94,75,94,ReRZV_2d,2024,0.2219404979883499,dC_Med,-11.585007483410736,-11.64711919512803,-16.27067402485969,-6.398918340131662
Second_94,75,94,ReRZV_2d,2024,0.2219404979883499,dC_VacZVL,0,0,0,0
Second_94,75,94,ReRZV_2d,2024,0.2219404979883499,dC_VacRZV,170,170,169.99999999999997,170.00000000000003
Second_94,75,94,ReRZV_2d,2024,0.2219404979883499,dC_Vac,170,170,169.99999999999997,170.00000000000003
Second_94,75,94,ReRZV_2d,2024,0.2219404979883499,dC_All,158.41499251658925,158.35288080487197,153.72932597514034,163.60108165986833
Second_94,75,94,ReRZV_2d,2024,0.2219404979883499,dC_Hosp_d,-8.963951151779185,-8.953759200930046,-13.109002194688063,-4.764368314372651
Second_94,75,94,ReRZV_2d,2024,0.2219404979883499,dC_GP_NonPHN_d,-1.6798692034300542,-1.7171720479231678,-2.174556415224522,-0.9624917964769966
Second_94,75,94,ReRZV_2d,2024,0.2219404979883499,dC_GP_PHN_d,-0.6585959420249937,-0.6468288428512536,-1.0160031919641386,-0.3408539568666902
Second_94,75,94,ReRZV_2d,2024,0.2219404979883499,dC_GP_d,-2.338465145455048,-2.3784399251606967,-3.0663619628966785,-1.3317342449192286
Second_94,75,94,ReRZV_2d,2024,0.2219404979883499,dC_Med_d,-11.302416297234233,-11.368732452470923,-15.888602884000937,-6.209121527001077
Second_94,75,94,ReRZV_2d,2024,0.2219404979883499,dC_VacZVL_d,0,0,0,0
Second_94,75,94,ReRZV_2d,2024,0.2219404979883499,dC_VacRZV_d,170,170,169.99999999999997,170.00000000000003
Second_94,75,94,ReRZV_2d,2024,0.2219404979883499,dC_Vac_d,170,170,169.99999999999997,170.00000000000003
Second_94,75,94,ReRZV_2d,2024,0.2219404979883499,dC_All_d,158.69758370276577,158.6312675475291,154.11139711599907,163.79087847299897
Second_94,75,94,ReRZV_2d,2024,0.2219404979883499,dN_VacZVL,0,0,0,0
Second_94,75,94,ReRZV_2d,2024,0.2219404979883499,dN_VacRZV,2,2,2,2
Second_94,75,94,ReRZV_2d,2024,0.2219404979883499,dN_VacZVL_d,0,0,0,0
Second_94,75,94,ReRZV_2d,2024,0.2219404979883499,dN_VacRZV_d,2,2,2,2
Second_94,75,94,ReRZV_2d,2024,0.2219404979883499,ICER,60200.987308878335,55941.08948085423,40518.04178156541,104782.24780342923
Second_94,75,94,ReRZV_2d,2024,0.2219404979883499,Price0,85,85,84.99999999999999,85.00000000000001
Second_94,75,94,ReRZV_2d,2024,0.2219404979883499,Thres20,33.52948296841572,34.043947403301885,18.840051892230633,45.76844695053663
Second_94,75,94,ReRZV_2d,2024,0.2219404979883499,Thres30,47.46862037831502,48.26214557072635,26.532943818909114,64.91042588472013
Second_94,75,94,ReRZV_2d,2024,0.2219404979883499,Thres20_50,NA,34.043947403301885,NA,NA
Second_94,75,94,ReRZV_2d,2024,0.2219404979883499,Thres30_90,NA,34.27142153420212,NA,NA
Second_94,75,94,ReRZV_2d,2024,0.2219404979883499,Thres,NA,34.043947403301885,NA,NA
Second_95,70,95,ReRZV_1d,2024,0.16337919320846672,N0,0.16337919320846672,0.16337919320846672,0.16337919320846672,0.16337919320846672
Second_95,70,95,ReRZV_1d,2024,0.16337919320846672,dYear_Life,9.178200480989755e-5,9.201485846915787e-5,4.0719534966138046e-5,1.4030471178238987e-4
Second_95,70,95,ReRZV_1d,2024,0.16337919320846672,dYear_Immunised,1.5732509126380716,1.587188429830967,0.7289249415829655,2.261316694264116
Second_95,70,95,ReRZV_1d,2024,0.16337919320846672,dRisk_HZ,-0.10600521569623134,-0.1074986686675132,-0.15327842238474773,-0.04910464813463572
Second_95,70,95,ReRZV_1d,2024,0.16337919320846672,dRisk_Hosp,-0.012117783469820544,-0.012081207154920259,-0.019666181306175576,-0.00547594597019957
Second_95,70,95,ReRZV_1d,2024,0.16337919320846672,dRisk_PHN,-0.008387332986512692,-0.008140768138392571,-0.014286904079024595,-0.00350671978889347
Second_95,70,95,ReRZV_1d,2024,0.16337919320846672,dRisk_Death,-3.2177064993527734e-4,-3.2238997575578506e-4,-4.905022613463195e-4,-1.4368252135910602e-4
Second_95,70,95,ReRZV_1d,2024,0.16337919320846672,dQ_Life,5.387492974403277e-5,5.4006532237277455e-5,2.3885497367932825e-5,8.252611770457122e-5
Second_95,70,95,ReRZV_1d,2024,0.16337919320846672,dQ_HZ,0.002191198720864747,0.002203909179462873,9.908102525792131e-4,0.003359819556961525
Second_95,70,95,ReRZV_1d,2024,0.16337919320846672,dQ_HZ_Norm,5.761509989518568e-4,5.762586468005461e-4,2.5976165936143503e-4,8.818749022478466e-4
Second_95,70,95,ReRZV_1d,2024,0.16337919320846672,dQ_All,0.002233227842893039,0.0022452599569201866,0.0010116901145475925,0.003425515525505021
Second_95,70,95,ReRZV_1d,2024,0.16337919320846672,dQ_HZ_d,0.002147065126590702,0.0021589259229248597,9.707809646351071e-4,0.0032937506342635503
Second_95,70,95,ReRZV_1d,2024,0.16337919320846672,dQ_HZ_Norm_d,5.646541728270462e-4,5.646714225590875e-4,2.5463572171562635e-4,8.639802008156329e-4
Second_95,70,95,ReRZV_1d,2024,0.16337919320846672,dQ_Life_d,5.128067112129864e-5,5.140338961676498e-5,2.2733702540371778e-5,7.856851755381747e-5
Second_95,70,95,ReRZV_1d,2024,0.16337919320846672,dQ_All_d,0.0021983457977119963,0.002209396434658497,9.963472988895972e-4,0.003373748878625403
Second_95,70,95,ReRZV_1d,2024,0.16337919320846672,dC_Hosp,-7.312122170503757,-7.244957490052496,-11.81686712251254,-3.28669822315107
Second_95,70,95,ReRZV_1d,2024,0.16337919320846672,dC_GP_NonPHN,-1.3442984443214014,-1.3611291248828175,-1.9562507698610472,-0.6230544849070454
Second_95,70,95,ReRZV_1d,2024,0.16337919320846672,dC_GP_PHN,-0.5215494571619015,-0.5065627456328138,-0.8937030268623017,-0.21672789891783842
Second_95,70,95,ReRZV_1d,2024,0.16337919320846672,dC_GP,-1.865847901483303,-1.8824407479677419,-2.737674653615216,-0.8585313655672304
Second_95,70,95,ReRZV_1d,2024,0.16337919320846672,dC_Med,-9.17797007198706,-9.145281475744769,-14.34942397237019,-4.1892321311301695
Second_95,70,95,ReRZV_1d,2024,0.16337919320846672,dC_VacZVL,0,0,0,0
Second_95,70,95,ReRZV_1d,2024,0.16337919320846672,dC_VacRZV,85,85,85,85
Second_95,70,95,ReRZV_1d,2024,0.16337919320846672,dC_Vac,85,85,85,85
Second_95,70,95,ReRZV_1d,2024,0.16337919320846672,dC_All,75.82202992801294,75.85471852425522,70.65057602762981,80.81076786886983
Second_95,70,95,ReRZV_1d,2024,0.16337919320846672,dC_Hosp_d,-7.163358102546112,-7.095439112839391,-11.578797249341871,-3.2131581334846837
Second_95,70,95,ReRZV_1d,2024,0.16337919320846672,dC_GP_NonPHN_d,-1.317582897312583,-1.3335409916658767,-1.9178281440310514,-0.6102001783566207
Second_95,70,95,ReRZV_1d,2024,0.16337919320846672,dC_GP_PHN_d,-0.5114035566586039,-0.4963101415877387,-0.8757412204053371,-0.21238335775188003
Second_95,70,95,ReRZV_1d,2024,0.16337919320846672,dC_GP_d,-1.8289864539711869,-1.8453660537591334,-2.6852852079581035,-0.8417691418352236
Second_95,70,95,ReRZV_1d,2024,0.16337919320846672,dC_Med_d,-8.992344556517299,-8.968848994729957,-14.115639070871682,-4.09818846871536
Second_95,70,95,ReRZV_1d,2024,0.16337919320846672,dC_VacZVL_d,0,0,0,0
Second_95,70,95,ReRZV_1d,2024,0.16337919320846672,dC_VacRZV_d,85,85,85,85
Second_95,70,95,ReRZV_1d,2024,0.16337919320846672,dC_Vac_d,85,85,85,85
Second_95,70,95,ReRZV_1d,2024,0.16337919320846672,dC_All_d,76.0076554434827,76.03115100527003,70.88436092912832,80.90181153128465
Second_95,70,95,ReRZV_1d,2024,0.16337919320846672,dN_VacZVL,0,0,0,0
Second_95,70,95,ReRZV_1d,2024,0.16337919320846672,dN_VacRZV,1,1,1,1
Second_95,70,95,ReRZV_1d,2024,0.16337919320846672,dN_VacZVL_d,0,0,0,0
Second_95,70,95,ReRZV_1d,2024,0.16337919320846672,dN_VacRZV_d,1,1,1,1
Second_95,70,95,ReRZV_1d,2024,0.16337919320846672,ICER,38552.23582032174,34370.47921237377,21380.643254888342,80820.94418194541
Second_95,70,95,ReRZV_1d,2024,0.16337919320846672,Price0,85,85,85,85
Second_95,70,95,ReRZV_1d,2024,0.16337919320846672,Thres20,52.959260510757225,53.285646300630745,24.05109075556598,80.30458210318902
Second_95,70,95,ReRZV_1d,2024,0.16337919320846672,Thres30,74.94271848787719,75.3453897688284,34.0021971503462,113.82180876020823
Second_95,70,95,ReRZV_1d,2024,0.16337919320846672,Thres20_50,NA,53.285646300630745,NA,NA
Second_95,70,95,ReRZV_1d,2024,0.16337919320846672,Thres30_90,NA,46.77336303368537,NA,NA
Second_95,70,95,ReRZV_1d,2024,0.16337919320846672,Thres,NA,46.77336303368537,NA,NA
Second_95,70,95,ReRZV_2d,2024,0.16337919320846672,N0,0.16337919320846672,0.16337919320846672,0.16337919320846672,0.16337919320846672
Second_95,70,95,ReRZV_2d,2024,0.16337919320846672,dYear_Life,1.0556752409670569e-4,1.070606337521366e-4,5.9148829841640496e-5,1.4519012845288644e-4
Second_95,70,95,ReRZV_2d,2024,0.16337919320846672,dYear_Immunised,1.809725654389589,1.84933451219064,1.0612878517913606,2.2909799673725124
Second_95,70,95,ReRZV_2d,2024,0.16337919320846672,dRisk_HZ,-0.12193636073883181,-0.1250298374422888,-0.1563252658484296,-0.07136660197530204
Second_95,70,95,ReRZV_2d,2024,0.16337919320846672,dRisk_Hosp,-0.013933738777660081,-0.013868611743245263,-0.02040274718453171,-0.007837187978867824
Second_95,70,95,ReRZV_2d,2024,0.16337919320846672,dRisk_PHN,-0.009640680672197664,-0.00942274919105146,-0.014975726097151337,-0.005072543324402328
Second_95,70,95,ReRZV_2d,2024,0.16337919320846672,dRisk_Death,-3.7008750036299866e-4,-3.7574247692235223e-4,-5.070546505938752e-4,-2.0849786104268448e-4
Second_95,70,95,ReRZV_2d,2024,0.16337919320846672,dQ_Life,6.19673963978247e-5,6.28409148738003e-5,3.4681461712210994e-5,8.524308802309994e-5
Second_95,70,95,ReRZV_2d,2024,0.16337919320846672,dQ_HZ,0.00252019611372739,0.002556301088666121,0.0014340019086011117,0.0034901386362223797
Second_95,70,95,ReRZV_2d,2024,0.16337919320846672,dQ_HZ_Norm,6.62735215664135e-4,6.70670346441629e-4,3.75307254774538e-4,9.146600774922611e-4
Second_95,70,95,ReRZV_2d,2024,0.16337919320846672,dQ_All,0.002568539343203418,0.002607452738848131,0.001471930482501502,0.003549217844877544
Second_95,70,95,ReRZV_2d,2024,0.16337919320846672,dQ_HZ_d,0.002469437419281029,0.002504718593480777,0.0014042370758903155,0.003422274129837251
Second_95,70,95,ReRZV_2d,2024,0.16337919320846672,dQ_HZ_Norm_d,6.495110708258578e-4,6.573742182975535e-4,3.6765642574533835e-4,8.962622902621519e-4
Second_95,70,95,ReRZV_2d,2024,0.16337919320846672,dQ_Life_d,5.898352296928476e-5,5.981621274647291e-5,3.300776011339193e-5,8.113015756592979e-5
Second_95,70,95,ReRZV_2d,2024,0.16337919320846672,dQ_All_d,0.0025284209422503125,0.002567946122615874,0.0014516842041918617,0.0034917840620784044
Second_95,70,95,ReRZV_2d,2024,0.16337919320846672,dC_Hosp,-8.407703171237188,-8.378162852908297,-12.53474751091918,-4.648688895151786
Second_95,70,95,ReRZV_2d,2024,0.16337919320846672,dC_GP_NonPHN,-1.5465299662881693,-1.5792379751775751,-1.9970157980184315,-0.9018547702944706
Second_95,70,95,ReRZV_2d,2024,0.16337919320846672,dC_GP_PHN,-0.5995340766459712,-0.5880957978903923,-0.9376562001056316,-0.31382776792236583
Second_95,70,95,ReRZV_2d,2024,0.16337919320846672,dC_GP,-2.1460640429341407,-2.183079096280667,-2.801543497514482,-1.2424161295389031
Second_95,70,95,ReRZV_2d,2024,0.16337919320846672,dC_Med,-10.553767214171328,-10.616819673186413,-15.032517028104122,-6.024567989240116
Second_95,70,95,ReRZV_2d,2024,0.16337919320846672,dC_VacZVL,0,0,0,0
Second_95,70,95,ReRZV_2d,2024,0.16337919320846672,dC_VacRZV,170,170,170,170
Second_95,70,95,ReRZV_2d,2024,0.16337919320846672,dC_Vac,170,170,170,170
Second_95,70,95,ReRZV_2d,2024,0.16337919320846672,dC_All,159.44623278582867,159.38318032681357,154.9674829718959,163.97543201075987
Second_95,70,95,ReRZV_2d,2024,0.16337919320846672,dC_Hosp_d,-8.236617992519541,-8.203242319804785,-12.299638982122882,-4.550280300808296
Second_95,70,95,ReRZV_2d,2024,0.16337919320846672,dC_GP_NonPHN_d,-1.5157976622227147,-1.5475231391861843,-1.9582367604017643,-0.8835835161877946
Second_95,70,95,ReRZV_2d,2024,0.16337919320846672,dC_GP_PHN_d,-0.5878704690633834,-0.5763784057512626,-0.9194267772253938,-0.3073840407879413
Second_95,70,95,ReRZV_2d,2024,0.16337919320846672,dC_GP_d,-2.1036681312860983,-2.140352479298091,-2.7484564093828427,-1.2171585519894492
Second_95,70,95,ReRZV_2d,2024,0.16337919320846672,dC_Med_d,-10.340286123805638,-10.403795071815598,-14.74928061450058,-5.889823332899817
Second_95,70,95,ReRZV_2d,2024,0.16337919320846672,dC_VacZVL_d,0,0,0,0
Second_95,70,95,ReRZV_2d,2024,0.16337919320846672,dC_VacRZV_d,170,170,170,170
Second_95,70,95,ReRZV_2d,2024,0.16337919320846672,dC_Vac_d,170,170,170,170
Second_95,70,95,ReRZV_2d,2024,0.16337919320846672,dC_All_d,159.65971387619436,159.59620492818442,155.25071938549942,164.1101766671002
Second_95,70,95,ReRZV_2d,2024,0.16337919320846672,dN_VacZVL,0,0,0,0
Second_95,70,95,ReRZV_2d,2024,0.16337919320846672,dN_VacRZV,2,2,2,2
Second_95,70,95,ReRZV_2d,2024,0.16337919320846672,dN_VacZVL_d,0,0,0,0
Second_95,70,95,ReRZV_2d,2024,0.16337919320846672,dN_VacRZV_d,2,2,2,2
Second_95,70,95,ReRZV_2d,2024,0.16337919320846672,ICER,66564.40801781723,62105.01931221498,45183.94377191333,112785.69656365813
Second_95,70,95,ReRZV_2d,2024,0.16337919320846672,Price0,85,85,85,85
Second_95,70,95,ReRZV_2d,2024,0.16337919320846672,Thres20,30.454352484405945,30.90467820332622,17.504255983014968,41.22629336685528
Second_95,70,95,ReRZV_2d,2024,0.16337919320846672,Thres30,43.09645719565751,43.79133805122992,24.833160470731375,58.72927761213207
Second_95,70,95,ReRZV_2d,2024,0.16337919320846672,Thres20_50,NA,30.90467820332622,NA,NA
Second_95,70,95,ReRZV_2d,2024,0.16337919320846672,Thres30_90,NA,31.26098676749533,NA,NA
Second_95,70,95,ReRZV_2d,2024,0.16337919320846672,Thres,NA,30.90467820332622,NA,NA
Second_95,75,95,ReRZV_1d,2024,0.1792664914201349,N0,0.1792664914201349,0.1792664914201349,0.1792664914201349,0.1792664914201349
Second_95,75,95,ReRZV_1d,2024,0.1792664914201349,dYear_Life,8.917478992541437e-5,8.960439104910071e-5,3.820386476931595e-5,1.3719856201198564e-4
Second_95,75,95,ReRZV_1d,2024,0.1792664914201349,dYear_Immunised,1.5307866187562404,1.5455588457267306,0.6796748953309382,2.2164761105417123
Second_95,75,95,ReRZV_1d,2024,0.1792664914201349,dRisk_HZ,-0.09399590500228328,-0.09535305836923946,-0.1373153558016369,-0.042399279083525476
Second_95,75,95,ReRZV_1d,2024,0.1792664914201349,dRisk_Hosp,-0.010745640425337431,-0.010699705584547357,-0.017501266473181423,-0.004687284201891609
Second_95,75,95,ReRZV_1d,2024,0.1792664914201349,dRisk_PHN,-0.0074367667266289975,-0.007222098354699751,-0.012813347067759448,-0.002986492231453519
Second_95,75,95,ReRZV_1d,2024,0.1792664914201349,dRisk_Death,-2.8533898579298825e-4,-2.8670816207297233e-4,-4.3657764607385983e-4,-1.230719690611709e-4
Second_95,75,95,ReRZV_1d,2024,0.1792664914201349,dQ_Life,5.232852501150248e-5,5.2564625025639237e-5,2.2384341437982133e-5,8.051367937131926e-5
Second_95,75,95,ReRZV_1d,2024,0.1792664914201349,dQ_HZ,0.0021309685173185764,0.0021401563657774763,9.303412022914822e-4,0.003304769887535488
Second_95,75,95,ReRZV_1d,2024,0.1792664914201349,dQ_HZ_Norm,5.602849659262565e-4,5.633936302788617e-4,2.3999522238094835e-4,8.655516701651896e-4
Second_95,75,95,ReRZV_1d,2024,0.1792664914201349,dQ_All,0.0021717639993487103,0.0021787259220957733,9.484533482285191e-4,0.0033624597134881144
Second_95,75,95,ReRZV_1d,2024,0.1792664914201349,dQ_HZ_d,0.0020878933896017185,0.002097222993649296,9.1083687169527e-4,0.003236792661715987
Second_95,75,95,ReRZV_1d,2024,0.1792664914201349,dQ_HZ_Norm_d,5.490642611593567e-4,5.521284059167423e-4,2.351172034832515e-4,8.482944248935987e-4
Second_95,75,95,ReRZV_1d,2024,0.1792664914201349,dQ_Life_d,4.980711651420455e-5,5.0033528707508465e-5,2.1302425845344993e-5,7.663464032483005e-5
Second_95,75,95,ReRZV_1d,2024,0.1792664914201349,dQ_All_d,0.0021377005061159232,0.0021447611963218566,9.327246041649789e-4,0.0033093670954242884
Second_95,75,95,ReRZV_1d,2024,0.1792664914201349,dC_Hosp,-7.111567801281168,-7.0315891741660685,-11.629263128791525,-3.078826494918441
Second_95,75,95,ReRZV_1d,2024,0.1792664914201349,dC_GP_NonPHN,-1.3072611699082866,-1.3254006568826835,-1.9187200299795666,-0.5832705807193742
Second_95,75,95,ReRZV_1d,2024,0.1792664914201349,dC_GP_PHN,-0.5071687020225656,-0.49219015288333656,-0.873419338288461,-0.20135064734326488
Second_95,75,95,ReRZV_1d,2024,0.1792664914201349,dC_GP,-1.8144298719308523,-1.8297110831062535,-2.6880758203267843,-0.8041206338225154
Second_95,75,95,ReRZV_1d,2024,0.1792664914201349,dC_Med,-8.92599767321202,-8.914220224903179,-14.112792164800704,-3.9369469995184865
Second_95,75,95,ReRZV_1d,2024,0.1792664914201349,dC_VacZVL,0,0,0,0
Second_95,75,95,ReRZV_1d,2024,0.1792664914201349,dC_VacRZV,85,85,85,85
Second_95,75,95,ReRZV_1d,2024,0.1792664914201349,dC_Vac,85,85,85,85
Second_95,75,95,ReRZV_1d,2024,0.1792664914201349,dC_All,76.07400232678798,76.08577977509682,70.88720783519928,81.06305300048153
Second_95,75,95,ReRZV_1d,2024,0.1792664914201349,dC_Hosp_d,-6.966367976426607,-6.889822993341667,-11.365650957063856,-3.0200732348789843
Second_95,75,95,ReRZV_1d,2024,0.1792664914201349,dC_GP_NonPHN_d,-1.2811873237012383,-1.298681229432923,-1.8817493594636394,-0.5718304949838606
Second_95,75,95,ReRZV_1d,2024,0.1792664914201349,dC_GP_PHN_d,-0.4972665841640624,-0.48312653251759785,-0.85773241431659,-0.1974488316008783
Second_95,75,95,ReRZV_1d,2024,0.1792664914201349,dC_GP_d,-1.7784539078653006,-1.7927903266730396,-2.635618369967497,-0.788151295176292
Second_95,75,95,ReRZV_1d,2024,0.1792664914201349,dC_Med_d,-8.744821884291907,-8.717424149931254,-13.855236559458291,-3.853844497909462
Second_95,75,95,ReRZV_1d,2024,0.1792664914201349,dC_VacZVL_d,0,0,0,0
Second_95,75,95,ReRZV_1d,2024,0.1792664914201349,dC_VacRZV_d,85,85,85,85
Second_95,75,95,ReRZV_1d,2024,0.1792664914201349,dC_Vac_d,85,85,85,85
Second_95,75,95,ReRZV_1d,2024,0.1792664914201349,dC_All_d,76.25517811570809,76.28257585006875,71.14476344054171,81.14615550209055
Second_95,75,95,ReRZV_1d,2024,0.1792664914201349,dN_VacZVL,0,0,0,0
Second_95,75,95,ReRZV_1d,2024,0.1792664914201349,dN_VacRZV,1,1,1,1
Second_95,75,95,ReRZV_1d,2024,0.1792664914201349,dN_VacZVL_d,0,0,0,0
Second_95,75,95,ReRZV_1d,2024,0.1792664914201349,dN_VacRZV_d,1,1,1,1
Second_95,75,95,ReRZV_1d,2024,0.1792664914201349,ICER,40108.15402217156,35431.96730143014,21915.41253349053,86761.55445093928
Second_95,75,95,ReRZV_1d,2024,0.1792664914201349,Price0,85,85,85,85
Second_95,75,95,ReRZV_1d,2024,0.1792664914201349,Thres20,51.49883200661037,51.82364384149376,22.351893509334772,78.65667140004498
Second_95,75,95,ReRZV_1d,2024,0.1792664914201349,Thres30,72.87583706776961,73.29100623893376,31.731070239564705,111.64400741553025
Second_95,75,95,ReRZV_1d,2024,0.1792664914201349,Thres20_50,NA,51.82364384149376,NA,NA
Second_95,75,95,ReRZV_1d,2024,0.1792664914201349,Thres30_90,NA,44.889013536050214,NA,NA
Second_95,75,95,ReRZV_1d,2024,0.1792664914201349,Thres,NA,44.889013536050214,NA,NA
Second_95,75,95,ReRZV_2d,2024,0.1792664914201349,N0,0.1792664914201349,0.1792664914201349,0.1792664914201349,0.1792664914201349
Second_95,75,95,ReRZV_2d,2024,0.1792664914201349,dYear_Life,1.0296031989806601e-4,1.0462947182059753e-4,5.645393417549208e-5,1.428801564753056e-4
Second_95,75,95,ReRZV_2d,2024,0.1792664914201349,dYear_Immunised,1.767261542263343,1.805389975277188,1.0180835143531188,2.2519486651354885
Second_95,75,95,ReRZV_2d,2024,0.1792664914201349,dRisk_HZ,-0.10851516979209046,-0.11110817012693486,-0.13970463899210447,-0.06278207364913839
Second_95,75,95,ReRZV_2d,2024,0.1792664914201349,dRisk_Hosp,-0.012400658701275737,-0.012354553705157496,-0.018363346954903974,-0.006870743260582989
Second_95,75,95,ReRZV_2d,2024,0.1792664914201349,dRisk_PHN,-0.008579037863944289,-0.008392709439255484,-0.013426998569515671,-0.0044495916757263995
Second_95,75,95,ReRZV_2d,2024,0.1792664914201349,dRisk_Death,-3.2937380415619784e-4,-3.3423870297990697e-4,-4.543457245410741e-4,-1.8177726295268533e-4
Second_95,75,95,ReRZV_2d,2024,0.1792664914201349,dQ_Life,6.042099793817344e-5,6.14047351147618e-5,3.307467185003905e-5,8.393666338485186e-5
Second_95,75,95,ReRZV_2d,2024,0.1792664914201349,dQ_HZ,0.0024599661631291366,0.002497256600087452,0.0013834846984280972,0.0034253495652373954
Second_95,75,95,ReRZV_2d,2024,0.1792664914201349,dQ_HZ_Norm,6.468692491526459e-4,6.558439353530589e-4,3.528668729401101e-4,8.949527150603118e-4
Second_95,75,95,ReRZV_2d,2024,0.1792664914201349,dQ_All,0.002507075757501386,0.002547459812458978,0.0014129492682750354,0.003477491976037431
Second_95,75,95,ReRZV_2d,2024,0.1792664914201349,dQ_HZ_d,0.002410265930146247,0.002446408654712994,0.0013550836128150203,0.0033556393945416113
Second_95,75,95,ReRZV_2d,2024,0.1792664914201349,dQ_HZ_Norm_d,6.339212243453934e-4,6.428275113982622e-4,3.4554136493568404e-4,8.770599722030905e-4
Second_95,75,95,ReRZV_2d,2024,0.1792664914201349,dQ_Life_d,5.7509974333054316e-5,5.8443988613668837e-5,3.147585502012872e-5,7.989912485446793e-5
Second_95,75,95,ReRZV_2d,2024,0.1792664914201349,dQ_All_d,0.0024677759044793033,0.0025073005324902768,0.0013908477652274961,0.0034193291808218658
Second_95,75,95,ReRZV_2d,2024,0.1792664914201349,dC_Hosp,-8.207149643586416,-8.174852118266777,-12.319065156925276,-4.41143034539189
Second_95,75,95,ReRZV_2d,2024,0.1792664914201349,dC_GP_NonPHN,-1.509492847292044,-1.5418605441278088,-1.958903900378376,-0.8664851919157146
Second_95,75,95,ReRZV_2d,2024,0.1792664914201349,dC_GP_PHN,-0.5851533814593228,-0.5737294374074422,-0.9193670447261834,-0.3018227065295513
Second_95,75,95,ReRZV_2d,2024,0.1792664914201349,dC_GP,-2.0946462287513667,-2.1320320073162025,-2.7603378062319774,-1.184934897391763
Second_95,75,95,ReRZV_2d,2024,0.1792664914201349,dC_Med,-10.301795872337783,-10.367671738941988,-14.716290893470168,-5.751693631949628
Second_95,75,95,ReRZV_2d,2024,0.1792664914201349,dC_VacZVL,0,0,0,0
Second_95,75,95,ReRZV_2d,2024,0.1792664914201349,dC_VacRZV,170,170,170,170
Second_95,75,95,ReRZV_2d,2024,0.1792664914201349,dC_Vac,170,170,170,170
Second_95,75,95,ReRZV_2d,2024,0.1792664914201349,dC_All,159.69820412766222,159.632328261058,155.28370910652984,164.24830636805038
Second_95,75,95,ReRZV_2d,2024,0.1792664914201349,dC_Hosp_d,-8.039628690836324,-8.002975895911998,-12.07053478080589,-4.318365006859057
Second_95,75,95,ReRZV_2d,2024,0.1792664914201349,dC_GP_NonPHN_d,-1.4794022409413814,-1.5114502372764473,-1.9215834114989407,-0.84896832040049
Second_95,75,95,ReRZV_2d,2024,0.1792664914201349,dC_GP_PHN_d,-0.573733555354247,-0.562971268922572,-0.9018461387526596,-0.29551533289692983
Second_95,75,95,ReRZV_2d,2024,0.1792664914201349,dC_GP_d,-2.0531357962956283,-2.089925281394251,-2.705518253715345,-1.160892395850134
Second_95,75,95,ReRZV_2d,2024,0.1792664914201349,dC_Med_d,-10.092764487131953,-10.147569198910144,-14.421673420339653,-5.628265653908251
Second_95,75,95,ReRZV_2d,2024,0.1792664914201349,dC_VacZVL_d,0,0,0,0
Second_95,75,95,ReRZV_2d,2024,0.1792664914201349,dC_VacRZV_d,170,170,170,170
Second_95,75,95,ReRZV_2d,2024,0.1792664914201349,dC_Vac_d,170,170,170,170
Second_95,75,95,ReRZV_2d,2024,0.1792664914201349,dC_All_d,159.90723551286806,159.85243080108984,155.57832657966034,164.3717343460917
Second_95,75,95,ReRZV_2d,2024,0.1792664914201349,dN_VacZVL,0,0,0,0
Second_95,75,95,ReRZV_2d,2024,0.1792664914201349,dN_VacRZV,2,2,2,2
Second_95,75,95,ReRZV_2d,2024,0.1792664914201349,dN_VacZVL_d,0,0,0,0
Second_95,75,95,ReRZV_2d,2024,0.1792664914201349,dN_VacRZV_d,2,2,2,2
Second_95,75,95,ReRZV_2d,2024,0.1792664914201349,ICER,68523.74065080803,63631.74537131374,45966.63344273913,118422.41755931733
Second_95,75,95,ReRZV_2d,2024,0.1792664914201349,Price0,85,85,85,85
Second_95,75,95,ReRZV_2d,2024,0.1792664914201349,Thres20,29.724141288359007,30.1792101586588,16.716981973308815,40.59820348155215
Second_95,75,95,ReRZV_2d,2024,0.1792664914201349,Thres30,42.063020810755525,42.772040937563865,23.655149364949313,57.66032382698884
Second_95,75,95,ReRZV_2d,2024,0.1792664914201349,Thres20_50,NA,30.1792101586588,NA,NA
Second_95,75,95,ReRZV_2d,2024,0.1792664914201349,Thres30_90,NA,30.211107507415672,NA,NA
Second_95,75,95,ReRZV_2d,2024,0.1792664914201349,Thres,NA,30.1792101586588,NA,NA
Second_96,70,96,ReRZV_1d,2024,0.12877276638450205,N0,0.12877276638450205,0.12877276638450205,0.12877276638450205,0.12877276638450205
Second_96,70,96,ReRZV_1d,2024,0.12877276638450205,dYear_Life,6.92884361666954e-5,6.947319619047571e-5,3.096415178432225e-5,1.0602404108619823e-4
Second_96,70,96,ReRZV_1d,2024,0.12877276638450205,dYear_Immunised,1.391420776780139,1.406107657303998,0.6459135880757084,1.9992907211180742
Second_96,70,96,ReRZV_1d,2024,0.12877276638450205,dRisk_HZ,-0.12099731792280088,-0.12236135069410956,-0.1745365904987261,-0.05594193839930397
Second_96,70,96,ReRZV_1d,2024,0.12877276638450205,dRisk_Hosp,-0.013947314828993874,-0.013812894831243958,-0.023009454172494805,-0.0061499220320752074
Second_96,70,96,ReRZV_1d,2024,0.12877276638450205,dRisk_PHN,-0.009448987799690129,-0.00921543832001509,-0.016216001517097615,-0.003992438349511305
Second_96,70,96,ReRZV_1d,2024,0.12877276638450205,dRisk_Death,-3.707683029924779e-4,-3.713297524114887e-4,-5.652242681915162e-4,-1.6617842593156783e-4
Second_96,70,96,ReRZV_1d,2024,0.12877276638450205,dQ_Life,3.8900311819363845e-5,3.898816106631206e-5,1.736498487331877e-5,5.948694980474106e-5
Second_96,70,96,ReRZV_1d,2024,0.12877276638450205,dQ_HZ,0.0018823428153302694,0.0018926079942439768,8.500197726717364e-4,0.002889312789011334
Second_96,70,96,ReRZV_1d,2024,0.12877276638450205,dQ_HZ_Norm,4.921954969735853e-4,4.919769156757929e-4,2.2152215007195265e-4,7.544564424622093e-4
Second_96,70,96,ReRZV_1d,2024,0.12877276638450205,dQ_All,0.0019092741587127006,0.0019201896951270227,8.610196561224558e-4,0.0029232986700801684
Second_96,70,96,ReRZV_1d,2024,0.12877276638450205,dQ_HZ_d,0.0018523945071460485,0.0018625034722033447,8.36089470925309e-4,0.0028425556050946893
Second_96,70,96,ReRZV_1d,2024,0.12877276638450205,dQ_HZ_Norm_d,4.8442187407935996e-4,4.8408200251992117e-4,2.1790951753446856e-4,7.423937367565924e-4
Second_96,70,96,ReRZV_1d,2024,0.12877276638450205,dQ_Life_d,3.7301958845529574e-5,3.738597897353502e-5,1.664999554989444e-5,5.704057736943039e-5
Second_96,70,96,ReRZV_1d,2024,0.12877276638450205,dQ_All_d,0.0018896964659915806,0.0019009199121793846,8.514174897420589e-4,0.0028897736926635905
Second_96,70,96,ReRZV_1d,2024,0.12877276638450205,dC_Hosp,-6.335900459701505,-6.2606840212938115,-10.508978256784488,-2.7896758543013274
Second_96,70,96,ReRZV_1d,2024,0.12877276638450205,dC_GP_NonPHN,-1.1456027545386083,-1.1647406126884121,-1.662077186213916,-0.5267933164032392
Second_96,70,96,ReRZV_1d,2024,0.12877276638450205,dC_GP_PHN,-0.43857162999690835,-0.4266040912282566,-0.7616715743041197,-0.1818403918862305
Second_96,70,96,ReRZV_1d,2024,0.12877276638450205,dC_GP,-1.5841743845355167,-1.5987780332934323,-2.3299388325627572,-0.7273419319644903
Second_96,70,96,ReRZV_1d,2024,0.12877276638450205,dC_Med,-7.920074844237021,-7.850838363981802,-12.680353880562881,-3.577901881778478
Second_96,70,96,ReRZV_1d,2024,0.12877276638450205,dC_VacZVL,0,0,0,0
Second_96,70,96,ReRZV_1d,2024,0.12877276638450205,dC_VacRZV,85,85,85,85
Second_96,70,96,ReRZV_1d,2024,0.12877276638450205,dC_Vac,85,85,85,85
Second_96,70,96,ReRZV_1d,2024,0.12877276638450205,dC_All,77.07992515576298,77.1491616360182,72.31964611943714,81.42209811822153
Second_96,70,96,ReRZV_1d,2024,0.12877276638450205,dC_Hosp_d,-6.234819800561138,-6.152314177640479,-10.34768629829256,-2.742899620010173
Second_96,70,96,ReRZV_1d,2024,0.12877276638450205,dC_GP_NonPHN_d,-1.1275673714042957,-1.1467754140426107,-1.6361855467316007,-0.5184523336142653
Second_96,70,96,ReRZV_1d,2024,0.12877276638450205,dC_GP_PHN_d,-0.43177470152452374,-0.4200808268123887,-0.7514589764150615,-0.17889765012833872
Second_96,70,96,ReRZV_1d,2024,0.12877276638450205,dC_GP_d,-1.5593420729288194,-1.573494193240253,-2.29151994679851,-0.7155220158116911
Second_96,70,96,ReRZV_1d,2024,0.12877276638450205,dC_Med_d,-7.794161873489958,-7.728648501159885,-12.49868994633169,-3.5150183018088086
Second_96,70,96,ReRZV_1d,2024,0.12877276638450205,dC_VacZVL_d,0,0,0,0
Second_96,70,96,ReRZV_1d,2024,0.12877276638450205,dC_VacRZV_d,85,85,85,85
Second_96,70,96,ReRZV_1d,2024,0.12877276638450205,dC_Vac_d,85,85,85,85
Second_96,70,96,ReRZV_1d,2024,0.12877276638450205,dC_All_d,77.20583812651005,77.27135149884012,72.50131005366832,81.4849816981912
Second_96,70,96,ReRZV_1d,2024,0.12877276638450205,dN_VacZVL,0,0,0,0
Second_96,70,96,ReRZV_1d,2024,0.12877276638450205,dN_VacRZV,1,1,1,1
Second_96,70,96,ReRZV_1d,2024,0.12877276638450205,dN_VacZVL_d,0,0,0,0
Second_96,70,96,ReRZV_1d,2024,0.12877276638450205,dN_VacRZV_d,1,1,1,1
Second_96,70,96,ReRZV_1d,2024,0.12877276638450205,ICER,45494.682379543374,40614.613699973976,25390.798424555192,95216.91699463168
Second_96,70,96,ReRZV_1d,2024,0.12877276638450205,Price0,85,85,85,85
Second_96,70,96,ReRZV_1d,2024,0.12877276638450205,Thres20,45.588091193321574,45.81102770156967,20.688672884256153,69.43209964473678
Second_96,70,96,ReRZV_1d,2024,0.12877276638450205,Thres30,64.48505585323738,64.81057087980852,29.144714398014376,98.41485546754646
Second_96,70,96,ReRZV_1d,2024,0.12877276638450205,Thres20_50,NA,45.81102770156967,NA,NA
Second_96,70,96,ReRZV_1d,2024,0.12877276638450205,Thres30_90,NA,40.15711934970031,NA,NA
Second_96,70,96,ReRZV_1d,2024,0.12877276638450205,Thres,NA,40.15711934970031,NA,NA
Second_96,70,96,ReRZV_2d,2024,0.12877276638450205,N0,0.12877276638450205,0.12877276638450205,0.12877276638450205,0.12877276638450205
Second_96,70,96,ReRZV_2d,2024,0.12877276638450205,dYear_Life,7.965028108620032e-5,8.084858794940681e-5,4.478425960749423e-5,1.0938984070325111e-4
Second_96,70,96,ReRZV_2d,2024,0.12877276638450205,dYear_Immunised,1.5996881554801865,1.6350940787213806,0.9428053799594344,2.022906779945233
Second_96,70,96,ReRZV_2d,2024,0.12877276638450205,dRisk_HZ,-0.13911182206855574,-0.14238436587783132,-0.17749532600144208,-0.08165421069778481
Second_96,70,96,ReRZV_2d,2024,0.12877276638450205,dRisk_Hosp,-0.01602939227520742,-0.015991954548322862,-0.023720789080934633,-0.008879463907616021
Second_96,70,96,ReRZV_2d,2024,0.12877276638450205,dRisk_PHN,-0.010857666776217733,-0.010551811071900228,-0.017108330139609378,-0.0056876055284824185
Second_96,70,96,ReRZV_2d,2024,0.12877276638450205,dRisk_Death,-4.2620936383860886e-4,-4.3290642339749116e-4,-5.848887287082167e-4,-2.408605403791173e-4
Second_96,70,96,ReRZV_2d,2024,0.12877276638450205,dQ_Life,4.471793221036526e-5,4.541104272203238e-5,2.5115696586336172e-5,6.141088462304685e-5
Second_96,70,96,ReRZV_2d,2024,0.12877276638450205,dQ_HZ,0.0021638834696103785,0.0021917303507734574,0.0012337265857622186,0.0030017527020174046
Second_96,70,96,ReRZV_2d,2024,0.12877276638450205,dQ_HZ_Norm,5.658775378392458e-4,5.722348458091012e-4,3.2230269373311024e-4,7.803838623457728e-4
Second_96,70,96,ReRZV_2d,2024,0.12877276638450205,dQ_All,0.0021948428409545397,0.002222992686427924,0.0012513340642186241,0.003035566511413828
Second_96,70,96,ReRZV_2d,2024,0.12877276638450205,dQ_HZ_d,0.0021294557884333977,0.002156553552852018,0.0012138114799981378,0.0029531138590780056
Second_96,70,96,ReRZV_2d,2024,0.12877276638450205,dQ_HZ_Norm_d,5.569401954377219e-4,5.631972352780519e-4,3.1709714944471617e-4,7.680522545330758e-4
Second_96,70,96,ReRZV_2d,2024,0.12877276638450205,dQ_Life_d,4.2880558586122645e-5,4.354525834851533e-5,2.408215675242528e-5,5.888742448156929e-5
Second_96,70,96,ReRZV_2d,2024,0.12877276638450205,dQ_All_d,0.00217233634701952,0.002200280038147521,0.0012385571976690124,0.0030016385964204647
Second_96,70,96,ReRZV_2d,2024,0.12877276638450205,dC_Hosp,-7.281321979457404,-7.250975311085057,-11.00527739985584,-3.953040002575354
Second_96,70,96,ReRZV_2d,2024,0.12877276638450205,dC_GP_NonPHN,-1.317259381474448,-1.3496592624231885,-1.6967234372137368,-0.7646165714194949
Second_96,70,96,ReRZV_2d,2024,0.12877276638450205,dC_GP_PHN,-0.504005948364461,-0.49123526979096277,-0.7941253692430912,-0.2605129335551138
Second_96,70,96,ReRZV_2d,2024,0.12877276638450205,dC_GP,-1.821265329838909,-1.857842970472111,-2.3877018707641176,-1.053427403050416
Second_96,70,96,ReRZV_2d,2024,0.12877276638450205,dC_Med,-9.102587309296313,-9.136207044624086,-13.188968441774275,-5.096934650166594
Second_96,70,96,ReRZV_2d,2024,0.12877276638450205,dC_VacZVL,0,0,0,0
Second_96,70,96,ReRZV_2d,2024,0.12877276638450205,dC_VacRZV,170,170,170,170
Second_96,70,96,ReRZV_2d,2024,0.12877276638450205,dC_Vac,170,170,170,170
Second_96,70,96,ReRZV_2d,2024,0.12877276638450205,dC_All,160.89741269070367,160.8637929553759,156.81103155822572,164.9030653498334
Second_96,70,96,ReRZV_2d,2024,0.12877276638450205,dC_Hosp_d,-7.1651026897333905,-7.13282225513392,-10.838230842386263,-3.894838566594254
Second_96,70,96,ReRZV_2d,2024,0.12877276638450205,dC_GP_NonPHN_d,-1.296522616458661,-1.3286371716274712,-1.6702125848390332,-0.7521471527587015
Second_96,70,96,ReRZV_2d,2024,0.12877276638450205,dC_GP_PHN_d,-0.49619692700036055,-0.48389078117485973,-0.7823839504394137,-0.25663850896466583
Second_96,70,96,ReRZV_2d,2024,0.12877276638450205,dC_GP_d,-1.7927195434590215,-1.8289775926385086,-2.3505893647314315,-1.0359529053736491
Second_96,70,96,ReRZV_2d,2024,0.12877276638450205,dC_Med_d,-8.957822233192411,-8.992683839902913,-13.02223993954396,-5.0184606488814705
Second_96,70,96,ReRZV_2d,2024,0.12877276638450205,dC_VacZVL_d,0,0,0,0
Second_96,70,96,ReRZV_2d,2024,0.12877276638450205,dC_VacRZV_d,170,170,170,170
Second_96,70,96,ReRZV_2d,2024,0.12877276638450205,dC_Vac_d,170,170,170,170
Second_96,70,96,ReRZV_2d,2024,0.12877276638450205,dC_All_d,161.04217776680758,161.0073161600971,156.97776006045606,164.98153935111853
Second_96,70,96,ReRZV_2d,2024,0.12877276638450205,dN_VacZVL,0,0,0,0
Second_96,70,96,ReRZV_2d,2024,0.12877276638450205,dN_VacRZV,2,2,2,2
Second_96,70,96,ReRZV_2d,2024,0.12877276638450205,dN_VacZVL_d,0,0,0,0
Second_96,70,96,ReRZV_2d,2024,0.12877276638450205,dN_VacRZV_d,2,2,2,2
Second_96,70,96,ReRZV_2d,2024,0.12877276638450205,ICER,78159.75367423541,73070.83866565206,52941.92366456005,132536.35157656
Second_96,70,96,ReRZV_2d,2024,0.12877276638450205,Price0,85,85,85,85
Second_96,70,96,ReRZV_2d,2024,0.12877276638450205,Thres20,26.202274586791404,26.599042250769493,15.09713690688127,35.77436603569722
Second_96,70,96,ReRZV_2d,2024,0.12877276638450205,Thres30,37.063956321889,37.60839694706604,21.365115312733504,50.69303532237652
Second_96,70,96,ReRZV_2d,2024,0.12877276638450205,Thres20_50,NA,26.599042250769493,NA,NA
Second_96,70,96,ReRZV_2d,2024,0.12877276638450205,Thres30_90,NA,26.777358797215943,NA,NA
Second_96,70,96,ReRZV_2d,2024,0.12877276638450205,Thres,NA,26.599042250769493,NA,NA
Second_96,75,96,ReRZV_1d,2024,0.1412949792554639,N0,0.1412949792554639,0.1412949792554639,0.1412949792554639,0.1412949792554639
Second_96,75,96,ReRZV_1d,2024,0.1412949792554639,dYear_Life,6.752318941784177e-5,6.774266971868977e-5,2.904342340151327e-5,1.0375468176423863e-4
Second_96,75,96,ReRZV_1d,2024,0.1412949792554639,dYear_Immunised,1.3576918037325392,1.3723909870935975,0.6124990603981405,1.9649532778441927
Second_96,75,96,ReRZV_1d,2024,0.1412949792554639,dRisk_HZ,-0.10759555397514939,-0.10865913386405786,-0.15626889832318916,-0.04903210586439675
Second_96,75,96,ReRZV_1d,2024,0.1412949792554639,dRisk_Hosp,-0.012402963627094437,-0.012288484095605214,-0.020616670436340186,-0.005246760961101256
Second_96,75,96,ReRZV_1d,2024,0.1412949792554639,dRisk_PHN,-0.00840213724988008,-0.008192299229765627,-0.014501455721054293,-0.0033814871369039863
Second_96,75,96,ReRZV_1d,2024,0.1412949792554639,dRisk_Death,-3.2971794518992957e-4,-3.30522712118181e-4,-5.043225742977866e-4,-1.4278544520446044e-4
Second_96,75,96,ReRZV_1d,2024,0.1412949792554639,dQ_Life,3.789857128353001e-5,3.803973744099703e-5,1.627711267413251e-5,5.838909434501963e-5
Second_96,75,96,ReRZV_1d,2024,0.1412949792554639,dQ_HZ,0.001835691261875738,0.001845061135107814,8.031825592098499e-4,0.0028495921802918598
Second_96,75,96,ReRZV_1d,2024,0.1412949792554639,dQ_HZ_Norm,4.799801851356566e-4,4.81306725659388e-4,2.0608104503979513e-4,7.420979626188236e-4
Second_96,75,96,ReRZV_1d,2024,0.1412949792554639,dQ_All,0.0018619121034123844,0.001871119999831148,8.144225793092127e-4,0.0028818847149445974
Second_96,75,96,ReRZV_1d,2024,0.1412949792554639,dQ_HZ_d,0.0018064063084905718,0.0018156411797335252,7.906245548824751e-4,0.0028038161595335957
Second_96,75,96,ReRZV_1d,2024,0.1412949792554639,dQ_HZ_Norm_d,4.723789307122119e-4,4.7370218809587937e-4,2.027686738470018e-4,7.302027745188926e-4
Second_96,75,96,ReRZV_1d,2024,0.1412949792554639,dQ_Life_d,3.634074323550637e-5,3.647687400099004e-5,1.5606644457245814e-5,5.599793360291526e-5
Second_96,75,96,ReRZV_1d,2024,0.1412949792554639,dQ_All_d,0.0018427470517260744,0.0018522808866805786,8.052765524937794e-4,0.002848817910698438
Second_96,75,96,ReRZV_1d,2024,0.1412949792554639,dC_Hosp,-6.17912392905869,-6.11164313010231,-10.37242775214344,-2.6425273711138493
Second_96,75,96,ReRZV_1d,2024,0.1412949792554639,dC_GP_NonPHN,-1.1171652360188233,-1.1346584512438884,-1.6367716856151822,-0.5011713257086172
Second_96,75,96,ReRZV_1d,2024,0.1412949792554639,dC_GP_PHN,-0.42768160512682524,-0.41608109744640936,-0.7483283720179285,-0.17048046809391468
Second_96,75,96,ReRZV_1d,2024,0.1412949792554639,dC_GP,-1.5448468411456486,-1.5602435146189495,-2.289252186037192,-0.6863683904636211
Second_96,75,96,ReRZV_1d,2024,0.1412949792554639,dC_Med,-7.723970770204339,-7.662559874866531,-12.441317493463425,-3.3908359133515114
Second_96,75,96,ReRZV_1d,2024,0.1412949792554639,dC_VacZVL,0,0,0,0
Second_96,75,96,ReRZV_1d,2024,0.1412949792554639,dC_VacRZV,85,85,85,85
Second_96,75,96,ReRZV_1d,2024,0.1412949792554639,dC_Vac,85,85,85,85
Second_96,75,96,ReRZV_1d,2024,0.1412949792554639,dC_All,77.27602922979567,77.33744012513347,72.55868250653658,81.6091640866485
Second_96,75,96,ReRZV_1d,2024,0.1412949792554639,dC_Hosp_d,-6.0802817716042785,-6.009088109441359,-10.218295149628613,-2.5938768188615695
Second_96,75,96,ReRZV_1d,2024,0.1412949792554639,dC_GP_NonPHN_d,-1.0995296934827918,-1.1168730816440444,-1.6112493922483444,-0.493004009745575
Second_96,75,96,ReRZV_1d,2024,0.1412949792554639,dC_GP_PHN_d,-0.4210352775388118,-0.4093667534313686,-0.7366127860040553,-0.16783779830519993
Second_96,75,96,ReRZV_1d,2024,0.1412949792554639,dC_GP_d,-1.5205649710216038,-1.5349725701905166,-2.2541393523581714,-0.6755255463274985
Second_96,75,96,ReRZV_1d,2024,0.1412949792554639,dC_Med_d,-7.600846742625882,-7.533577449258433,-12.254566912062113,-3.336394618919588
Second_96,75,96,ReRZV_1d,2024,0.1412949792554639,dC_VacZVL_d,0,0,0,0
Second_96,75,96,ReRZV_1d,2024,0.1412949792554639,dC_VacRZV_d,85,85,85,85
Second_96,75,96,ReRZV_1d,2024,0.1412949792554639,dC_Vac_d,85,85,85,85
Second_96,75,96,ReRZV_1d,2024,0.1412949792554639,dC_All_d,77.39915325737412,77.46642255074157,72.7454330879379,81.66360538108039
Second_96,75,96,ReRZV_1d,2024,0.1412949792554639,dN_VacZVL,0,0,0,0
Second_96,75,96,ReRZV_1d,2024,0.1412949792554639,dN_VacRZV,1,1,1,1
Second_96,75,96,ReRZV_1d,2024,0.1412949792554639,dN_VacZVL_d,0,0,0,0
Second_96,75,96,ReRZV_1d,2024,0.1412949792554639,dN_VacRZV_d,1,1,1,1
Second_96,75,96,ReRZV_1d,2024,0.1412949792554639,ICER,47118.33602664407,41857.62991699955,25959.564743662046,100844.0538069684
Second_96,75,96,ReRZV_1d,2024,0.1412949792554639,Price0,85,85,85,85
Second_96,75,96,ReRZV_1d,2024,0.1412949792554639,Thres20,44.45578777714737,44.72311600582805,19.513071923514296,68.38361709272947
Second_96,75,96,ReRZV_1d,2024,0.1412949792554639,Thres30,62.883258294408115,63.11881292174135,27.686883980211686,96.3793304591177
Second_96,75,96,ReRZV_1d,2024,0.1412949792554639,Thres20_50,NA,44.72311600582805,NA,NA
Second_96,75,96,ReRZV_1d,2024,0.1412949792554639,Thres30_90,NA,38.60568787020214,NA,NA
Second_96,75,96,ReRZV_1d,2024,0.1412949792554639,Thres,NA,38.60568787020214,NA,NA
Second_96,75,96,ReRZV_2d,2024,0.1412949792554639,N0,0.1412949792554639,0.1412949792554639,0.1412949792554639,0.1412949792554639
Second_96,75,96,ReRZV_2d,2024,0.1412949792554639,dYear_Life,7.788504158548192e-5,7.909998485954858e-5,4.280586253244255e-5,1.0815544238840573e-4
Second_96,75,96,ReRZV_2d,2024,0.1412949792554639,dYear_Immunised,1.5659593268823928,1.5990940987763733,0.9033015072735651,1.9916564722122683
Second_96,75,96,ReRZV_2d,2024,0.1412949792554639,dRisk_HZ,-0.12410466736546062,-0.12711551729904563,-0.15936776131976824,-0.07148638684742356
Second_96,75,96,ReRZV_2d,2024,0.1412949792554639,dRisk_Hosp,-0.014300517804294722,-0.014260233342884456,-0.02130822005110823,-0.007757401007073055
Second_96,75,96,ReRZV_2d,2024,0.1412949792554639,dRisk_PHN,-0.009685972625850003,-0.009417022681452955,-0.015339075123992645,-0.00498035648331832
Second_96,75,96,ReRZV_2d,2024,0.1412949792554639,dRisk_Death,-3.8024555884777077e-4,-3.858170806079112e-4,-5.251538221667718e-4,-2.1015040540061134e-4
Second_96,75,96,ReRZV_2d,2024,0.1412949792554639,dQ_Life,4.3716195743974035e-5,4.442051994654147e-5,2.400712435375995e-5,6.0712331184820546e-5
Second_96,75,96,ReRZV_2d,2024,0.1412949792554639,dQ_HZ,0.0021172321114962425,0.002151128889093464,0.0011885462348395718,0.0029585034256972946
Second_96,75,96,ReRZV_2d,2024,0.1412949792554639,dQ_HZ_Norm,5.536622770785787e-4,5.599550016401778e-4,3.074512953195582e-4,7.695288926323631e-4
Second_96,75,96,ReRZV_2d,2024,0.1412949792554639,dQ_All,0.0021474809838122303,0.0021833985069176828,0.001204852978920801,0.0029925605495816315
Second_96,75,96,ReRZV_2d,2024,0.1412949792554639,dQ_HZ_d,0.002083467782010572,0.0021162884281421754,0.0011692292358875791,0.002910119783993684
Second_96,75,96,ReRZV_2d,2024,0.1412949792554639,dQ_HZ_Norm_d,5.448973023411947e-4,5.510712059771505e-4,3.025528570377883e-4,7.573616904594001e-4
Second_96,75,96,ReRZV_2d,2024,0.1412949792554639,dQ_Life_d,4.191934687834477e-5,4.2596134310888004e-5,2.3019240213850477e-5,5.8216209958134496e-5
Second_96,75,96,ReRZV_2d,2024,0.1412949792554639,dQ_All_d,0.0021253871288889146,0.0021604160558855593,0.0011914199489018778,0.0029581860351600804
Second_96,75,96,ReRZV_2d,2024,0.1412949792554639,dC_Hosp,-7.124546103959721,-7.0890244426565054,-10.84250879045884,-3.7874770778669045
Second_96,75,96,ReRZV_2d,2024,0.1412949792554639,dC_GP_NonPHN,-1.2888219819979647,-1.3218249751926514,-1.6693331643397789,-0.7391672367321546
Second_96,75,96,ReRZV_2d,2024,0.1412949792554639,dC_GP_PHN,-0.4931159689062848,-0.480893877409316,-0.7825956079003573,-0.2503974396814242
Second_96,75,96,ReRZV_2d,2024,0.1412949792554639,dC_GP,-1.7819379509042494,-1.818504364361258,-2.3509634991578787,-1.0101663592342347
Second_96,75,96,ReRZV_2d,2024,0.1412949792554639,dC_Med,-8.90648405486397,-8.942700410921079,-12.983982266954097,-4.9407103058360216
Second_96,75,96,ReRZV_2d,2024,0.1412949792554639,dC_VacZVL,0,0,0,0
Second_96,75,96,ReRZV_2d,2024,0.1412949792554639,dC_VacRZV,170,170,170,170
Second_96,75,96,ReRZV_2d,2024,0.1412949792554639,dC_Vac,170,170,170,170
Second_96,75,96,ReRZV_2d,2024,0.1412949792554639,dC_All,161.09351594513603,161.05729958907892,157.0160177330459,165.059289694164
Second_96,75,96,ReRZV_2d,2024,0.1412949792554639,dC_Hosp_d,-7.010565305437297,-6.976225327138352,-10.681673255029997,-3.72646416057819
Second_96,75,96,ReRZV_2d,2024,0.1412949792554639,dC_GP_NonPHN_d,-1.2684850557071365,-1.3012724032683003,-1.6425942313171054,-0.727165692836728
Second_96,75,96,ReRZV_2d,2024,0.1412949792554639,dC_GP_PHN_d,-0.4854575477238243,-0.473404203909062,-0.7717900307576264,-0.24627995273128755
Second_96,75,96,ReRZV_2d,2024,0.1412949792554639,dC_GP_d,-1.7539426034309609,-1.7895139343498512,-2.3143959497955895,-0.9944912167026874
Second_96,75,96,ReRZV_2d,2024,0.1412949792554639,dC_Med_d,-8.764507908868259,-8.79574966603397,-12.789891631494415,-4.8558718852139116
Second_96,75,96,ReRZV_2d,2024,0.1412949792554639,dC_VacZVL_d,0,0,0,0
Second_96,75,96,ReRZV_2d,2024,0.1412949792554639,dC_VacRZV_d,170,170,170,170
Second_96,75,96,ReRZV_2d,2024,0.1412949792554639,dC_Vac_d,170,170,170,170
Second_96,75,96,ReRZV_2d,2024,0.1412949792554639,dC_All_d,161.23549209113173,161.204250333966,157.21010836850562,165.1441281147861
Second_96,75,96,ReRZV_2d,2024,0.1412949792554639,dN_VacZVL,0,0,0,0
Second_96,75,96,ReRZV_2d,2024,0.1412949792554639,dN_VacRZV,2,2,2,2
Second_96,75,96,ReRZV_2d,2024,0.1412949792554639,dN_VacZVL_d,0,0,0,0
Second_96,75,96,ReRZV_2d,2024,0.1412949792554639,dN_VacRZV_d,2,2,2,2
Second_96,75,96,ReRZV_2d,2024,0.1412949792554639,ICER,80211.25601719739,74744.16098009911,53833.69681029633,138972.02807134917
Second_96,75,96,ReRZV_2d,2024,0.1412949792554639,Price0,85,85,85,85
Second_96,75,96,ReRZV_2d,2024,0.1412949792554639,Thres20,25.636125243323274,26.072462516532738,14.348398854927996,35.216139331160264
Second_96,75,96,ReRZV_2d,2024,0.1412949792554639,Thres30,36.26306088776785,36.82561316939195,20.289488405783356,49.80613511504625
Second_96,75,96,ReRZV_2d,2024,0.1412949792554639,Thres20_50,NA,26.072462516532738,NA,NA
Second_96,75,96,ReRZV_2d,2024,0.1412949792554639,Thres30_90,NA,25.95532276830971,NA,NA
Second_96,75,96,ReRZV_2d,2024,0.1412949792554639,Thres,NA,25.95532276830971,NA,NA
Second_97,70,97,ReRZV_1d,2024,0.0988399060017881,N0,0.0988399060017881,0.0988399060017881,0.0988399060017881,0.0988399060017881
Second_97,70,97,ReRZV_1d,2024,0.0988399060017881,dYear_Life,4.8253277490536836e-5,4.840181185018424e-5,2.1667605395484954e-5,7.360266551814206e-5
Second_97,70,97,ReRZV_1d,2024,0.0988399060017881,dYear_Immunised,1.2005765981077823,1.212145601427694,0.5577538192396894,1.7273575419093994
Second_97,70,97,ReRZV_1d,2024,0.0988399060017881,dRisk_HZ,-0.138969867188841,-0.14067019882268705,-0.20037719905642007,-0.0645855632503786
Second_97,70,97,ReRZV_1d,2024,0.0988399060017881,dRisk_Hosp,-0.016016542581628868,-0.015878751596267296,-0.02620722234237277,-0.007043871819583475
Second_97,70,97,ReRZV_1d,2024,0.0988399060017881,dRisk_PHN,-0.010725713083732609,-0.010288560801398127,-0.018872779700666798,-0.004426000148396817
Second_97,70,97,ReRZV_1d,2024,0.0988399060017881,dRisk_Death,-4.2922797441363514e-4,-4.3042550739762073e-4,-6.545649899468953e-4,-1.9356055305107443e-4
Second_97,70,97,ReRZV_1d,2024,0.0988399060017881,dQ_Life,2.5202336629434265e-5,2.5299581988119097e-5,1.1306166774249477e-5,3.850117187027853e-5
Second_97,70,97,ReRZV_1d,2024,0.0988399060017881,dQ_HZ,0.0015458099358088373,0.0015534364222699534,7.025344110590481e-4,0.0023841438533324954
Second_97,70,97,ReRZV_1d,2024,0.0988399060017881,dQ_HZ_Norm,4.0218114186181195e-4,4.0176537972808855e-4,1.8141075653947466e-4,6.179305912642895e-4
Second_97,70,97,ReRZV_1d,2024,0.0988399060017881,dQ_All,0.001559655703137996,0.0015681639695473207,7.089760934646622e-4,0.002404116692597379
Second_97,70,97,ReRZV_1d,2024,0.0988399060017881,dQ_HZ_d,0.0015284541165034092,0.0015361059122408914,6.948537685699454e-4,0.002356882029786137
Second_97,70,97,ReRZV_1d,2024,0.0988399060017881,dQ_HZ_Norm_d,3.9769039412725044e-4,3.972640468421185e-4,1.7933607826825436e-4,6.111460369506103e-4
Second_97,70,97,ReRZV_1d,2024,0.0988399060017881,dQ_Life_d,2.4359645350972943e-5,2.445362942251151e-5,1.0927809721538576e-5,3.721649994716155e-5
Second_97,70,97,ReRZV_1d,2024,0.0988399060017881,dQ_All_d,0.0015528137618543833,0.0015609502120775731,7.062222269140041e-4,0.0023919392023257114
Second_97,70,97,ReRZV_1d,2024,0.0988399060017881,dC_Hosp,-5.203633847083112,-5.1328736944588425,-8.720514373103454,-2.2406316326832063
Second_97,70,97,ReRZV_1d,2024,0.0988399060017881,dC_GP_NonPHN,-0.9345226143279742,-0.946826418006153,-1.3662578921057769,-0.4329260275008149
Second_97,70,97,ReRZV_1d,2024,0.0988399060017881,dC_GP_PHN,-0.3536120854484325,-0.34019576266873386,-0.6282435157205268,-0.14464227518591788
Second_97,70,97,ReRZV_1d,2024,0.0988399060017881,dC_GP,-1.2881346997764067,-1.306513067505572,-1.8993335738138941,-0.5869115470788248
Second_97,70,97,ReRZV_1d,2024,0.0988399060017881,dC_Med,-6.491768546859519,-6.473754572292872,-10.366088997854227,-2.879477754922542
Second_97,70,97,ReRZV_1d,2024,0.0988399060017881,dC_VacZVL,0,0,0,0
Second_97,70,97,ReRZV_1d,2024,0.0988399060017881,dC_VacRZV,85,85,84.99999999999999,85.00000000000001
Second_97,70,97,ReRZV_1d,2024,0.0988399060017881,dC_Vac,85,85,84.99999999999999,85.00000000000001
Second_97,70,97,ReRZV_1d,2024,0.0988399060017881,dC_All,78.50823145314048,78.52624542770712,74.63391100214578,82.12052224507745
Second_97,70,97,ReRZV_1d,2024,0.0988399060017881,dC_Hosp_d,-5.144850007910061,-5.0760378541894795,-8.63935018306055,-2.212730694865669
Second_97,70,97,ReRZV_1d,2024,0.0988399060017881,dC_GP_NonPHN_d,-0.9241255257599718,-0.9361885667547185,-1.350156783921106,-0.427827222269794
Second_97,70,97,ReRZV_1d,2024,0.0988399060017881,dC_GP_PHN_d,-0.349715050588691,-0.33647836654856567,-0.6215274023804422,-0.14286126274783112
Second_97,70,97,ReRZV_1d,2024,0.0988399060017881,dC_GP_d,-1.2738405763486629,-1.2923140950863963,-1.878289738044202,-0.5805590112731204
Second_97,70,97,ReRZV_1d,2024,0.0988399060017881,dC_Med_d,-6.418690584258724,-6.4024428898747745,-10.233046343830916,-2.848373013157285
Second_97,70,97,ReRZV_1d,2024,0.0988399060017881,dC_VacZVL_d,0,0,0,0
Second_97,70,97,ReRZV_1d,2024,0.0988399060017881,dC_VacRZV_d,85,85,84.99999999999999,85.00000000000001
Second_97,70,97,ReRZV_1d,2024,0.0988399060017881,dC_Vac_d,85,85,84.99999999999999,85.00000000000001
Second_97,70,97,ReRZV_1d,2024,0.0988399060017881,dC_All_d,78.58130941574127,78.59755711012522,74.76695365616908,82.1516269868427
Second_97,70,97,ReRZV_1d,2024,0.0988399060017881,dN_VacZVL,0,0,0,0
Second_97,70,97,ReRZV_1d,2024,0.0988399060017881,dN_VacRZV,1,1,1,1
Second_97,70,97,ReRZV_1d,2024,0.0988399060017881,dN_VacZVL_d,0,0,0,0
Second_97,70,97,ReRZV_1d,2024,0.0988399060017881,dN_VacRZV_d,1,1,1,1
Second_97,70,97,ReRZV_1d,2024,0.0988399060017881,ICER,56273.191406332764,50352.13010398732,31575.286775958764,116027.09467803774
Second_97,70,97,ReRZV_1d,2024,0.0988399060017881,Price0,85,85,84.99999999999999,85.00000000000001
Second_97,70,97,ReRZV_1d,2024,0.0988399060017881,Thres20,37.47496582134639,37.656492891383444,17.114779643492394,57.2425302973178
Second_97,70,97,ReRZV_1d,2024,0.0988399060017881,Thres30,53.003103439890225,53.326757287310365,24.254777038160228,81.17852376108387
Second_97,70,97,ReRZV_1d,2024,0.0988399060017881,Thres20_50,NA,37.656492891383444,NA,NA
Second_97,70,97,ReRZV_1d,2024,0.0988399060017881,Thres30_90,NA,33.07769663395061,NA,NA
Second_97,70,97,ReRZV_1d,2024,0.0988399060017881,Thres,NA,33.07769663395061,NA,NA
Second_97,70,97,ReRZV_2d,2024,0.0988399060017881,N0,0.0988399060017881,0.0988399060017881,0.0988399060017881,0.0988399060017881
Second_97,70,97,ReRZV_2d,2024,0.0988399060017881,dYear_Life,5.544076801651788e-5,5.6313773284064576e-5,3.126604238601387e-5,7.604621990987316e-5
Second_97,70,97,ReRZV_2d,2024,0.0988399060017881,dYear_Immunised,1.3795879004147433,1.4114472366415292,0.8142829149195703,1.7450504435751133
Second_97,70,97,ReRZV_2d,2024,0.0988399060017881,dRisk_HZ,-0.15970043333225273,-0.16354033258009593,-0.20421101743214548,-0.09392811381200397
Second_97,70,97,ReRZV_2d,2024,0.0988399060017881,dRisk_Hosp,-0.01840718919610321,-0.01822511677899766,-0.02747183019405637,-0.010046455612832106
Second_97,70,97,ReRZV_2d,2024,0.0988399060017881,dRisk_PHN,-0.012317106131052824,-0.011985680711214239,-0.01985624197045245,-0.006185246115124696
Second_97,70,97,ReRZV_2d,2024,0.0988399060017881,dRisk_Death,-4.931639881951929e-4,-5.005569385817231e-4,-6.760104649202285e-4,-2.7943623179336086e-4
Second_97,70,97,ReRZV_2d,2024,0.0988399060017881,dQ_Life,2.8956346233847818e-5,2.941251376601026e-5,1.6312826228334873e-5,3.977020111596732e-5
Second_97,70,97,ReRZV_2d,2024,0.0988399060017881,dQ_HZ,0.0017761754730523495,0.0017932381736015083,0.001005734747420668,0.0024729373417640378
Second_97,70,97,ReRZV_2d,2024,0.0988399060017881,dQ_HZ_Norm,4.6217196731582357e-4,4.6616939962255976e-4,2.612058326835971e-4,6.399819777882814e-4
Second_97,70,97,ReRZV_2d,2024,0.0988399060017881,dQ_All,0.001792083704976887,0.0018102888407083503,0.0010151344047314831,0.002492648828803064
Second_97,70,97,ReRZV_2d,2024,0.0988399060017881,dQ_HZ_d,0.0017562328075148655,0.0017733325851446687,9.945529384900083e-4,0.00244540409285089
Second_97,70,97,ReRZV_2d,2024,0.0988399060017881,dQ_HZ_Norm_d,4.5701130803744327e-4,4.6106035521866666e-4,2.5829275118716767e-4,6.329980738213822e-4
Second_97,70,97,ReRZV_2d,2024,0.0988399060017881,dQ_Life_d,2.798813376808083e-5,2.842926325415576e-5,1.576686206122123e-5,3.844191296282016e-5
Second_97,70,97,ReRZV_2d,2024,0.0988399060017881,dQ_All_d,0.0017842209412829476,0.0018040965998681836,0.0010111640684326798,0.0024801702408614856
Second_97,70,97,ReRZV_2d,2024,0.0988399060017881,dC_Hosp,-5.980024590397967,-5.920568192080134,-9.022841793354353,-3.201241802058087
Second_97,70,97,ReRZV_2d,2024,0.0988399060017881,dC_GP_NonPHN,-1.0739950485846652,-1.0996218306287946,-1.3911315698925242,-0.6247939350583863
Second_97,70,97,ReRZV_2d,2024,0.0988399060017881,dC_GP_PHN,-0.4060935107934947,-0.39579311925744864,-0.6622520959789314,-0.2037812079777012
Second_97,70,97,ReRZV_2d,2024,0.0988399060017881,dC_GP,-1.4800885593781599,-1.5121573546332412,-1.9475084977625605,-0.8535482500427213
Second_97,70,97,ReRZV_2d,2024,0.0988399060017881,dC_Med,-7.460113149776127,-7.476352780825289,-10.848413356562379,-4.1514631668215545
Second_97,70,97,ReRZV_2d,2024,0.0988399060017881,dC_VacZVL,0,0,0,0
Second_97,70,97,ReRZV_2d,2024,0.0988399060017881,dC_VacRZV,170,170,169.99999999999997,170.00000000000003
Second_97,70,97,ReRZV_2d,2024,0.0988399060017881,dC_Vac,170,170,169.99999999999997,170.00000000000003
Second_97,70,97,ReRZV_2d,2024,0.0988399060017881,dC_All,162.53988685022387,162.52364721917473,159.15158664343764,165.84853683317846
Second_97,70,97,ReRZV_2d,2024,0.0988399060017881,dC_Hosp_d,-5.912465692620033,-5.8552525326368094,-8.925722767311928,-3.1707691469887975
Second_97,70,97,ReRZV_2d,2024,0.0988399060017881,dC_GP_NonPHN_d,-1.0620461176485378,-1.0872784100044726,-1.3757168258802288,-0.6178290965913352
Second_97,70,97,ReRZV_2d,2024,0.0988399060017881,dC_GP_PHN_d,-0.40161846305969257,-0.3913501285627238,-0.6544432944148245,-0.2014032968143859
Second_97,70,97,ReRZV_2d,2024,0.0988399060017881,dC_GP_d,-1.4636645807082305,-1.4954944586243881,-1.9255417354895994,-0.8430801879957838
Second_97,70,97,ReRZV_2d,2024,0.0988399060017881,dC_Med_d,-7.376130273328264,-7.393944884518979,-10.722405259784008,-4.102682717932613
Second_97,70,97,ReRZV_2d,2024,0.0988399060017881,dC_VacZVL_d,0,0,0,0
Second_97,70,97,ReRZV_2d,2024,0.0988399060017881,dC_VacRZV_d,170,170,169.99999999999997,170.00000000000003
Second_97,70,97,ReRZV_2d,2024,0.0988399060017881,dC_Vac_d,170,170,169.99999999999997,170.00000000000003
Second_97,70,97,ReRZV_2d,2024,0.0988399060017881,dC_All_d,162.62386972667173,162.606055115481,159.277594740216,165.89731728206738
Second_97,70,97,ReRZV_2d,2024,0.0988399060017881,dN_VacZVL,0,0,0,0
Second_97,70,97,ReRZV_2d,2024,0.0988399060017881,dN_VacRZV,2,2,2,2
Second_97,70,97,ReRZV_2d,2024,0.0988399060017881,dN_VacZVL_d,0,0,0,0
Second_97,70,97,ReRZV_2d,2024,0.0988399060017881,dN_VacRZV_d,2,2,2,2
Second_97,70,97,ReRZV_2d,2024,0.0988399060017881,ICER,96113.29840454462,90053.4973204184,64941.02668351268,162764.888817838
Second_97,70,97,ReRZV_2d,2024,0.0988399060017881,Price0,85,85,84.99999999999999,85.00000000000001
Second_97,70,97,ReRZV_2d,2024,0.0988399060017881,Thres20,21.53027454949361,21.8391946913371,12.440514222486474,29.429883817601812
Second_97,70,97,ReRZV_2d,2024,0.0988399060017881,Thres30,30.451379255908346,30.868647515320987,17.58852680625023,41.6789569823014
Second_97,70,97,ReRZV_2d,2024,0.0988399060017881,Thres20_50,NA,21.8391946913371,NA,NA
Second_97,70,97,ReRZV_2d,2024,0.0988399060017881,Thres30_90,NA,21.868891659302456,NA,NA
Second_97,70,97,ReRZV_2d,2024,0.0988399060017881,Thres,NA,21.8391946913371,NA,NA
Second_97,75,97,ReRZV_1d,2024,0.1084514413609801,N0,0.1084514413609801,0.1084514413609801,0.1084514413609801,0.1084514413609801
Second_97,75,97,ReRZV_1d,2024,0.1084514413609801,dYear_Life,4.714737202800346e-5,4.729553020451225e-5,2.034747332616015e-5,7.255027011692552e-5
Second_97,75,97,ReRZV_1d,2024,0.1084514413609801,dYear_Immunised,1.1743475341880372,1.1879721885212295,0.5292093208540609,1.7003045333324065
Second_97,75,97,ReRZV_1d,2024,0.1084514413609801,dRisk_HZ,-0.1238820845018579,-0.1253799599554255,-0.18045577979547517,-0.05589984078488236
Second_97,75,97,ReRZV_1d,2024,0.1084514413609801,dRisk_Hosp,-0.014277581839501426,-0.01416650155763841,-0.023427418900868597,-0.006070582021803106
Second_97,75,97,ReRZV_1d,2024,0.1084514413609801,dRisk_PHN,-0.009561163173775636,-0.009183581447761706,-0.01689867722008633,-0.0038278212639619737
Second_97,75,97,ReRZV_1d,2024,0.1084514413609801,dRisk_Death,-3.8264094855323125e-4,-3.830271315417568e-4,-5.86151080096252e-4,-1.6616584258236924e-4
Second_97,75,97,ReRZV_1d,2024,0.1084514413609801,dQ_Life,2.4618591133996598e-5,2.471955077348617e-5,1.0610030806120868e-5,3.78620025048387e-5
Second_97,75,97,ReRZV_1d,2024,0.1084514413609801,dQ_HZ,0.0015111066830195633,0.0015195083473208211,6.632042437569081e-4,0.0023482119898528774
Second_97,75,97,ReRZV_1d,2024,0.1084514413609801,dQ_HZ_Norm,3.931424942464663e-4,3.940284641479182e-4,1.7120220104465853e-4,6.073432948591877e-4
Second_97,75,97,ReRZV_1d,2024,0.1084514413609801,dQ_All,0.0015246235886634543,0.0015324834352613646,6.695261173567329e-4,0.0023657065816828763
Second_97,75,97,ReRZV_1d,2024,0.1084514413609801,dQ_HZ_d,0.0014941075655674856,0.0015021128671832656,6.556484112927359e-4,0.0023217513424010406
Second_97,75,97,ReRZV_1d,2024,0.1084514413609801,dQ_HZ_Norm_d,3.8874411471079924e-4,3.895905077717322e-4,1.6926997765578152e-4,6.007398236736056e-4
Second_97,75,97,ReRZV_1d,2024,0.1084514413609801,dQ_Life_d,2.37952360542766e-5,2.3893746394611024e-5,1.0254753951859051e-5,3.659563187635801e-5
Second_97,75,97,ReRZV_1d,2024,0.1084514413609801,dQ_All_d,0.0015179028016217653,0.0015259065851230117,6.668138194999942e-4,0.0023546897474603064
Second_97,75,97,ReRZV_1d,2024,0.1084514413609801,dC_Hosp,-5.086777240370612,-5.029215300213973,-8.521872831347597,-2.120599761944612
Second_97,75,97,ReRZV_1d,2024,0.1084514413609801,dC_GP_NonPHN,-0.9135242133397744,-0.9254552343652221,-1.3434724698645246,-0.4145517925210487
Second_97,75,97,ReRZV_1d,2024,0.1084514413609801,dC_GP_PHN,-0.3456725481369777,-0.33289337289621734,-0.6199956691734949,-0.1367043501488318
Second_97,75,97,ReRZV_1d,2024,0.1084514413609801,dC_GP,-1.259196761476752,-1.2764436286188772,-1.8693317600164547,-0.5612181374545366
Second_97,75,97,ReRZV_1d,2024,0.1084514413609801,dC_Med,-6.345974001847364,-6.33648113471099,-10.160320330886552,-2.718667276011846
Second_97,75,97,ReRZV_1d,2024,0.1084514413609801,dC_VacZVL,0,0,0,0
Second_97,75,97,ReRZV_1d,2024,0.1084514413609801,dC_VacRZV,85,85,84.99999999999999,85.00000000000001
Second_97,75,97,ReRZV_1d,2024,0.1084514413609801,dC_Vac,85,85,84.99999999999999,85.00000000000001
Second_97,75,97,ReRZV_1d,2024,0.1084514413609801,dC_All,78.65402599815263,78.663518865289,74.83967966911344,82.28133272398816
Second_97,75,97,ReRZV_1d,2024,0.1084514413609801,dC_Hosp_d,-5.02920084876749,-4.970569634560244,-8.446298315921304,-2.0902532090382233
Second_97,75,97,ReRZV_1d,2024,0.1084514413609801,dC_GP_NonPHN_d,-0.9033409161847317,-0.9151504065297541,-1.3282641645040618,-0.40968141807610264
Second_97,75,97,ReRZV_1d,2024,0.1084514413609801,dC_GP_PHN_d,-0.3418555816752446,-0.32924124938387045,-0.6131046401082789,-0.13512747706326192
Second_97,75,97,ReRZV_1d,2024,0.1084514413609801,dC_GP_d,-1.2451964978599763,-1.2621413128838863,-1.848385933206758,-0.5549535127103294
Second_97,75,97,ReRZV_1d,2024,0.1084514413609801,dC_Med_d,-6.274397346627466,-6.268117606871066,-10.045365471807038,-2.688553890284889
Second_97,75,97,ReRZV_1d,2024,0.1084514413609801,dC_VacZVL_d,0,0,0,0
Second_97,75,97,ReRZV_1d,2024,0.1084514413609801,dC_VacRZV_d,85,85,84.99999999999999,85.00000000000001
Second_97,75,97,ReRZV_1d,2024,0.1084514413609801,dC_Vac_d,85,85,84.99999999999999,85.00000000000001
Second_97,75,97,ReRZV_1d,2024,0.1084514413609801,dC_All_d,78.72560265337253,78.73188239312893,74.95463452819295,82.3114461097151
Second_97,75,97,ReRZV_1d,2024,0.1084514413609801,dN_VacZVL,0,0,0,0
Second_97,75,97,ReRZV_1d,2024,0.1084514413609801,dN_VacRZV,1,1,1,1
Second_97,75,97,ReRZV_1d,2024,0.1084514413609801,dN_VacZVL_d,0,0,0,0
Second_97,75,97,ReRZV_1d,2024,0.1084514413609801,dN_VacRZV_d,1,1,1,1
Second_97,75,97,ReRZV_1d,2024,0.1084514413609801,ICER,58055.438511027125,51491.78046272163,32215.970067918006,123119.35796812188
Second_97,75,97,ReRZV_1d,2024,0.1084514413609801,Price0,85,85,84.99999999999999,85.00000000000001
Second_97,75,97,ReRZV_1d,2024,0.1084514413609801,Thres20,36.632453379062774,36.8700889138766,16.067114912835862,56.377262703840714
Second_97,75,97,ReRZV_1d,2024,0.1084514413609801,Thres30,51.811481395280424,52.21418581346518,22.757498505722197,79.81881354420076
Second_97,75,97,ReRZV_1d,2024,0.1084514413609801,Thres20_50,NA,36.8700889138766,NA,NA
Second_97,75,97,ReRZV_1d,2024,0.1084514413609801,Thres30_90,NA,31.958820771228712,NA,NA
Second_97,75,97,ReRZV_1d,2024,0.1084514413609801,Thres,NA,31.958820771228712,NA,NA
Second_97,75,97,ReRZV_2d,2024,0.1084514413609801,N0,0.1084514413609801,0.1084514413609801,0.1084514413609801,0.1084514413609801
Second_97,75,97,ReRZV_2d,2024,0.1084514413609801,dYear_Life,5.433486710946168e-5,5.520623945954969e-5,2.9931612386289128e-5,7.530927817146978e-5
Second_97,75,97,ReRZV_2d,2024,0.1084514413609801,dYear_Immunised,1.353358948989774,1.3834003947947797,0.7810130403102922,1.7197543168888805
Second_97,75,97,ReRZV_2d,2024,0.1084514413609801,dRisk_HZ,-0.1427753993333165,-0.1464008110222266,-0.183411162382075,-0.08229132778574191
Second_97,75,97,ReRZV_2d,2024,0.1084514413609801,dRisk_Hosp,-0.016456356867911182,-0.01630585830957813,-0.024595539627540547,-0.00883887097283365
Second_97,75,97,ReRZV_2d,2024,0.1084514413609801,dRisk_PHN,-0.011011518654047307,-0.010732288442891431,-0.017819924774465555,-0.005463581903804954
Second_97,75,97,ReRZV_2d,2024,0.1084514413609801,dRisk_Death,-4.4091061175514267e-4,-4.4748559825576954e-4,-6.084745888369005e-4,-2.4404297604612262e-4
Second_97,75,97,ReRZV_2d,2024,0.1084514413609801,dQ_Life,2.837260311771996e-5,2.8844942779652893e-5,1.5615168872304675e-5,3.932414135396649e-5
Second_97,75,97,ReRZV_2d,2024,0.1084514413609801,dQ_HZ,0.001741472365077941,0.00176191193693155,9.785962177827653e-4,0.0024362778128665533
Second_97,75,97,ReRZV_2d,2024,0.1084514413609801,dQ_HZ_Norm,4.5313335737839347e-4,4.5771591967589775e-4,2.5202254879918103e-4,6.289920377576368e-4
Second_97,75,97,ReRZV_2d,2024,0.1084514413609801,dQ_All,0.0017570517366244025,0.0017788558110062803,9.875709518597712e-4,0.0024523626818299406
Second_97,75,97,ReRZV_2d,2024,0.1084514413609801,dQ_HZ_d,0.0017218863997677315,0.0017422166192890129,9.676865253888548e-4,0.002409116953078319
Second_97,75,97,ReRZV_2d,2024,0.1084514413609801,dQ_HZ_Norm_d,4.4806506587821086e-4,4.5267656634848986e-4,2.4918109515214486e-4,6.22235866107127e-4
Second_97,75,97,ReRZV_2d,2024,0.1084514413609801,dQ_Life_d,2.742372677114002e-5,2.7879807065694506e-5,1.5092518359857906e-5,3.8008984228038506e-5
Second_97,75,97,ReRZV_2d,2024,0.1084514413609801,dQ_All_d,0.0017493101265388734,0.0017714700645763363,9.834871563518838e-4,0.0024373853136417205
Second_97,75,97,ReRZV_2d,2024,0.1084514413609801,dC_Hosp,-5.863168471140161,-5.824258363946474,-8.894088565503452,-3.07807821414126
Second_97,75,97,ReRZV_2d,2024,0.1084514413609801,dC_GP_NonPHN,-1.0529967352246867,-1.0789043127197409,-1.3691016149397393,-0.6028212796340309
Second_97,75,97,ReRZV_2d,2024,0.1084514413609801,dC_GP_PHN,-0.3981540064991726,-0.38787308255634056,-0.6526839830511307,-0.1952225199170699
Second_97,75,97,ReRZV_2d,2024,0.1084514413609801,dC_GP,-1.4511507417238592,-1.4794525084485428,-1.9156034250521832,-0.816694058683691
Second_97,75,97,ReRZV_2d,2024,0.1084514413609801,dC_Med,-7.314319212864019,-7.337383192324413,-10.621796705750851,-3.9630618906408257
Second_97,75,97,ReRZV_2d,2024,0.1084514413609801,dC_VacZVL,0,0,0,0
Second_97,75,97,ReRZV_2d,2024,0.1084514413609801,dC_VacRZV,170,170,169.99999999999997,170.00000000000003
Second_97,75,97,ReRZV_2d,2024,0.1084514413609801,dC_Vac,170,170,169.99999999999997,170.00000000000003
Second_97,75,97,ReRZV_2d,2024,0.1084514413609801,dC_All,162.685680787136,162.66261680767556,159.37820329424915,166.0369381093592
Second_97,75,97,ReRZV_2d,2024,0.1084514413609801,dC_Hosp_d,-5.796817015429869,-5.756488482039488,-8.793961832870728,-3.041632945164018
Second_97,75,97,ReRZV_2d,2024,0.1084514413609801,dC_GP_NonPHN_d,-1.0412615947264807,-1.0667929651842467,-1.3544185579968795,-0.5961459517881638
Second_97,75,97,ReRZV_2d,2024,0.1084514413609801,dC_GP_PHN_d,-0.3937590267995702,-0.3837184642436683,-0.6449651114719296,-0.1928698289921997
Second_97,75,97,ReRZV_2d,2024,0.1084514413609801,dC_GP_d,-1.4350206215260508,-1.4634285800798073,-1.894656798775845,-0.8077169056472177
Second_97,75,97,ReRZV_2d,2024,0.1084514413609801,dC_Med_d,-7.23183763695592,-7.2559016958513265,-10.505856362494425,-3.9211949269965647
Second_97,75,97,ReRZV_2d,2024,0.1084514413609801,dC_VacZVL_d,0,0,0,0
Second_97,75,97,ReRZV_2d,2024,0.1084514413609801,dC_VacRZV_d,170,170,169.99999999999997,170.00000000000003
Second_97,75,97,ReRZV_2d,2024,0.1084514413609801,dC_Vac_d,170,170,169.99999999999997,170.00000000000003
Second_97,75,97,ReRZV_2d,2024,0.1084514413609801,dC_All_d,162.76816236304407,162.74409830414868,159.49414363750557,166.07880507300342
Second_97,75,97,ReRZV_2d,2024,0.1084514413609801,dN_VacZVL,0,0,0,0
Second_97,75,97,ReRZV_2d,2024,0.1084514413609801,dN_VacRZV,2,2,2,2
Second_97,75,97,ReRZV_2d,2024,0.1084514413609801,dN_VacZVL_d,0,0,0,0
Second_97,75,97,ReRZV_2d,2024,0.1084514413609801,dN_VacRZV_d,2,2,2,2
Second_97,75,97,ReRZV_2d,2024,0.1084514413609801,ICER,98371.66225141795,91703.0769166685,66238.0422224747,168297.9138690022
Second_97,75,97,ReRZV_2d,2024,0.1084514413609801,Price0,85,85,84.99999999999999,85.00000000000001
Second_97,75,97,ReRZV_2d,2024,0.1084514413609801,Thres20,21.109020083866692,21.39481189913759,11.92679926345443,28.973754930300956
Second_97,75,97,ReRZV_2d,2024,0.1084514413609801,Thres30,29.85557071656106,30.264234834505437,16.921386290579715,40.996704978161084
Second_97,75,97,ReRZV_2d,2024,0.1084514413609801,Thres20_50,NA,21.39481189913759,NA,NA
Second_97,75,97,ReRZV_2d,2024,0.1084514413609801,Thres30_90,NA,21.303020944264055,NA,NA
Second_97,75,97,ReRZV_2d,2024,0.1084514413609801,Thres,NA,21.303020944264055,NA,NA
Second_98,70,98,ReRZV_1d,2024,0.07366865818145592,N0,0.07366865818145592,0.07366865818145592,0.07366865818145592,0.07366865818145592
Second_98,70,98,ReRZV_1d,2024,0.07366865818145592,dYear_Life,2.8818805566662585e-5,2.8937740757282405e-5,1.2948342981922345e-5,4.410264677316162e-5
Second_98,70,98,ReRZV_1d,2024,0.07366865818145592,dYear_Immunised,0.9909256176892565,0.9997615703745397,0.4622843969863608,1.4261118134069806
Second_98,70,98,ReRZV_1d,2024,0.07366865818145592,dRisk_HZ,-0.1577033875299111,-0.15993306588469697,-0.22709146359462717,-0.07341757052864348
Second_98,70,98,ReRZV_1d,2024,0.07366865818145592,dRisk_Hosp,-0.01821503085439671,-0.017746401469258388,-0.03118006686835053,-0.007744639218332696
Second_98,70,98,ReRZV_1d,2024,0.07366865818145592,dRisk_PHN,-0.012058608874152771,-0.011581011106275189,-0.02195713656922642,-0.00485007632816633
Second_98,70,98,ReRZV_1d,2024,0.07366865818145592,dRisk_Death,-4.911153569528072e-4,-4.934303260822775e-4,-7.487118506503381e-4,-2.2150404271798786e-4
Second_98,70,98,ReRZV_1d,2024,0.07366865818145592,dQ_Life,1.3126565071736697e-5,1.3184319378569321e-5,5.8932850364881945e-6,2.012410656795765e-5
Second_98,70,98,ReRZV_1d,2024,0.07366865818145592,dQ_HZ,0.0011531609699452264,0.0011591221011045723,5.270752295592452e-4,0.001788639533069728
Second_98,70,98,ReRZV_1d,2024,0.07366865818145592,dQ_HZ_Norm,2.9869490999720596e-4,3.000733126333317e-4,1.3419366078208493e-4,4.551533558718526e-4
Second_98,70,98,ReRZV_1d,2024,0.07366865818145592,dQ_All,0.001157103286932024,0.0011629694330458225,5.292411468918438e-4,0.0017934194768766923
Second_98,70,98,ReRZV_1d,2024,0.07366865818145592,dQ_HZ_d,0.001146262327835766,0.0011523003548318167,5.237736232300369e-4,0.00177777152245455
Second_98,70,98,ReRZV_1d,2024,0.07366865818145592,dQ_HZ_Norm_d,2.969148214412281e-4,2.983278393502422e-4,1.333709814759406e-4,4.5248691938067683e-4
Second_98,70,98,ReRZV_1d,2024,0.07366865818145592,dQ_Life_d,1.2798854450764934e-5,1.2855286713179545e-5,5.7461106224048975e-6,1.9622059440990124e-5
Second_98,70,98,ReRZV_1d,2024,0.07366865818145592,dQ_All_d,0.0011590611822865282,0.0011654232849515373,5.305041587451943e-4,0.0017928883915442001
Second_98,70,98,ReRZV_1d,2024,0.07366865818145592,dC_Hosp,-3.894730155124665,-3.7833140009191712,-6.8480444138869325,-1.539781430663332
Second_98,70,98,ReRZV_1d,2024,0.07366865818145592,dC_GP_NonPHN,-0.6922713796937146,-0.6980323441231672,-1.0170848248124835,-0.31990487593367856
Second_98,70,98,ReRZV_1d,2024,0.07366865818145592,dC_GP_PHN,-0.2598206675963372,-0.25033676337775435,-0.4774546518637606,-0.10390610433084475
Second_98,70,98,ReRZV_1d,2024,0.07366865818145592,dC_GP,-0.9520920472900517,-0.9626157064837013,-1.4106229424419807,-0.43628033393799504
Second_98,70,98,ReRZV_1d,2024,0.07366865818145592,dC_Med,-4.8468222024147165,-4.791882933792906,-8.09590367665246,-2.0311442836734614
Second_98,70,98,ReRZV_1d,2024,0.07366865818145592,dC_VacZVL,0,0,0,0
Second_98,70,98,ReRZV_1d,2024,0.07366865818145592,dC_VacRZV,85,85,85,85
Second_98,70,98,ReRZV_1d,2024,0.07366865818145592,dC_Vac,85,85,85,85
Second_98,70,98,ReRZV_1d,2024,0.07366865818145592,dC_All,80.15317779758529,80.20811706620711,76.90409632334755,82.96885571632654
Second_98,70,98,ReRZV_1d,2024,0.07366865818145592,dC_Hosp_d,-3.871201648771301,-3.7621133605597565,-6.81454094815121,-1.5297272444635106
Second_98,70,98,ReRZV_1d,2024,0.07366865818145592,dC_GP_NonPHN_d,-0.6881611024829628,-0.6939786177084357,-1.0110833406636064,-0.31793289305336325
Second_98,70,98,ReRZV_1d,2024,0.07366865818145592,dC_GP_PHN_d,-0.25828516782124705,-0.24895026139798926,-0.47466797895265883,-0.10326660205342998
Second_98,70,98,ReRZV_1d,2024,0.07366865818145592,dC_GP_d,-0.9464462703042098,-0.9570354144119972,-1.4026132307296277,-0.43381988875004485
Second_98,70,98,ReRZV_1d,2024,0.07366865818145592,dC_Med_d,-4.817647919075511,-4.768041020398973,-8.048146868674387,-2.0175803273782056
Second_98,70,98,ReRZV_1d,2024,0.07366865818145592,dC_VacZVL_d,0,0,0,0
Second_98,70,98,ReRZV_1d,2024,0.07366865818145592,dC_VacRZV_d,85,85,85,85
Second_98,70,98,ReRZV_1d,2024,0.07366865818145592,dC_Vac_d,85,85,85,85
Second_98,70,98,ReRZV_1d,2024,0.07366865818145592,dC_All_d,80.18235208092449,80.23195897960102,76.95185313132562,82.9824196726218
Second_98,70,98,ReRZV_1d,2024,0.07366865818145592,dN_VacZVL,0,0,0,0
Second_98,70,98,ReRZV_1d,2024,0.07366865818145592,dN_VacRZV,1,1,1,1
Second_98,70,98,ReRZV_1d,2024,0.07366865818145592,dN_VacZVL_d,0,0,0,0
Second_98,70,98,ReRZV_1d,2024,0.07366865818145592,dN_VacRZV_d,1,1,1,1
Second_98,70,98,ReRZV_1d,2024,0.07366865818145592,ICER,76867.65926926375,68733.02766485498,43898.62020387736,156849.98853035728
Second_98,70,98,ReRZV_1d,2024,0.07366865818145592,Price0,85,85,85,85
Second_98,70,98,ReRZV_1d,2024,0.07366865818145592,Thres20,27.998871564806077,28.169876490261117,12.821658870734442,42.457735727948645
Second_98,70,98,ReRZV_1d,2024,0.07366865818145592,Thres30,39.58948338767136,39.74103733839369,18.137959574158522,60.31098394940283
Second_98,70,98,ReRZV_1d,2024,0.07366865818145592,Thres20_50,NA,28.169876490261117,NA,NA
Second_98,70,98,ReRZV_1d,2024,0.07366865818145592,Thres30_90,NA,24.386938650431667,NA,NA
Second_98,70,98,ReRZV_1d,2024,0.07366865818145592,Thres,NA,24.386938650431667,NA,NA
Second_98,70,98,ReRZV_2d,2024,0.07366865818145592,N0,0.07366865818145592,0.07366865818145592,0.07366865818145592,0.07366865818145592
Second_98,70,98,ReRZV_2d,2024,0.07366865818145592,dYear_Life,3.30958186012217e-5,3.363108934870532e-5,1.8652721379267956e-5,4.545691965550299e-5
Second_98,70,98,ReRZV_2d,2024,0.07366865818145592,dYear_Immunised,1.1381526279685859,1.1646489496894872,0.6722999563689839,1.4401906120631291
Second_98,70,98,ReRZV_2d,2024,0.07366865818145592,dRisk_HZ,-0.18114450148831263,-0.185738771030784,-0.23205136041974916,-0.10699036166201181
Second_98,70,98,ReRZV_2d,2024,0.07366865818145592,dRisk_Hosp,-0.020926262984707376,-0.0206053509106607,-0.032842984915453836,-0.010901729768248939
Second_98,70,98,ReRZV_2d,2024,0.07366865818145592,dRisk_PHN,-0.013840109165009273,-0.013445447284459712,-0.022909080048181367,-0.00673999919034005
Second_98,70,98,ReRZV_2d,2024,0.07366865818145592,dRisk_Death,-5.640103660315309e-4,-5.729938446783359e-4,-7.722939732853735e-4,-3.197873487625998e-4
Second_98,70,98,ReRZV_2d,2024,0.07366865818145592,dQ_Life,1.5074662106721079e-5,1.5323304429160227e-5,8.48291220224124e-6,2.073984833188264e-5
Second_98,70,98,ReRZV_2d,2024,0.07366865818145592,dQ_HZ,0.001324392626620251,0.001341242825805996,7.511064535393916e-4,0.0018443568667030836
Second_98,70,98,ReRZV_2d,2024,0.07366865818145592,dQ_HZ_Norm,3.430877198900586e-4,3.473203917516897e-4,1.933376229789218e-4,4.767703174454672e-4
Second_98,70,98,ReRZV_2d,2024,0.07366865818145592,dQ_All,0.0013289200018900978,0.001346068087109615,7.544751701967504e-4,0.0018497992552993416
Second_98,70,98,ReRZV_2d,2024,0.07366865818145592,dQ_HZ_d,0.001316468817216087,0.0013333470244850276,7.464412004210305e-4,0.0018328197017647998
Second_98,70,98,ReRZV_2d,2024,0.07366865818145592,dQ_HZ_Norm_d,3.4104288032844795e-4,3.452486411406664e-4,1.9215921391897947e-4,4.7405468583362715e-4
Second_98,70,98,ReRZV_2d,2024,0.07366865818145592,dQ_Life_d,1.4698316130718028e-5,1.4940705141145164e-5,8.271075648217114e-6,2.0222423717823097e-5
Second_98,70,98,ReRZV_2d,2024,0.07366865818145592,dQ_All_d,0.001331167133346807,0.0013488791309487348,7.552256926724519e-4,0.0018493810146298316
Second_98,70,98,ReRZV_2d,2024,0.07366865818145592,dC_Hosp,-4.473997091889432,-4.388205385195085,-7.188189384453959,-2.204506593251807
Second_98,70,98,ReRZV_2d,2024,0.07366865818145592,dC_GP_NonPHN,-0.7952136634318369,-0.811032255227848,-1.039430035301324,-0.46157784882058184
Second_98,70,98,ReRZV_2d,2024,0.07366865818145592,dC_GP_PHN,-0.29821138686972776,-0.29111997189822225,-0.5027180353542239,-0.1458222984161022
Second_98,70,98,ReRZV_2d,2024,0.07366865818145592,dC_GP,-1.0934250503015646,-1.1129420720980736,-1.45928548631583,-0.6334698950485763
Second_98,70,98,ReRZV_2d,2024,0.07366865818145592,dC_Med,-5.567422142190996,-5.518537971650856,-8.433224371946096,-2.9299388115636336
Second_98,70,98,ReRZV_2d,2024,0.07366865818145592,dC_VacZVL,0,0,0,0
Second_98,70,98,ReRZV_2d,2024,0.07366865818145592,dC_VacRZV,170,170,170,170
Second_98,70,98,ReRZV_2d,2024,0.07366865818145592,dC_Vac,170,170,170,170
Second_98,70,98,ReRZV_2d,2024,0.07366865818145592,dC_All,164.432577857809,164.48146202834914,161.56677562805393,167.07006118843637
Second_98,70,98,ReRZV_2d,2024,0.07366865818145592,dC_Hosp_d,-4.446967353238049,-4.360399834854714,-7.152688780843495,-2.189414529883235
Second_98,70,98,ReRZV_2d,2024,0.07366865818145592,dC_GP_NonPHN_d,-0.7904917184255074,-0.8061423868359479,-1.0332589359440947,-0.4587343967191139
Second_98,70,98,ReRZV_2d,2024,0.07366865818145592,dC_GP_PHN_d,-0.296448774612916,-0.289371249162665,-0.49985243954404956,-0.14498354905776722
Second_98,70,98,ReRZV_2d,2024,0.07366865818145592,dC_GP_d,-1.0869404930384234,-1.1064578257993203,-1.450785603449524,-0.6296858155411342
Second_98,70,98,ReRZV_2d,2024,0.07366865818145592,dC_Med_d,-5.533907846276473,-5.484623781462645,-8.389836210446518,-2.911536684262108
Second_98,70,98,ReRZV_2d,2024,0.07366865818145592,dC_VacZVL_d,0,0,0,0
Second_98,70,98,ReRZV_2d,2024,0.07366865818145592,dC_VacRZV_d,170,170,170,170
Second_98,70,98,ReRZV_2d,2024,0.07366865818145592,dC_Vac_d,170,170,170,170
Second_98,70,98,ReRZV_2d,2024,0.07366865818145592,dC_All_d,164.46609215372354,164.51537621853737,161.6101637895535,167.0884633157379
Second_98,70,98,ReRZV_2d,2024,0.07366865818145592,dN_VacZVL,0,0,0,0
Second_98,70,98,ReRZV_2d,2024,0.07366865818145592,dN_VacRZV,2,2,2,2
Second_98,70,98,ReRZV_2d,2024,0.07366865818145592,dN_VacZVL_d,0,0,0,0
Second_98,70,98,ReRZV_2d,2024,0.07366865818145592,dN_VacRZV_d,2,2,2,2
Second_98,70,98,ReRZV_2d,2024,0.07366865818145592,ICER,130370.0858135275,121872.92778869574,88435.0267901866,220030.1483509704
Second_98,70,98,ReRZV_2d,2024,0.07366865818145592,Price0,85,85,85,85
Second_98,70,98,ReRZV_2d,2024,0.07366865818145592,Thres20,16.078625256606305,16.30507592114226,9.249339091645751,22.017302493806273
Second_98,70,98,ReRZV_2d,2024,0.07366865818145592,Thres30,22.73446092334034,23.00547654152789,13.057721729588815,31.266997733525766
Second_98,70,98,ReRZV_2d,2024,0.07366865818145592,Thres20_50,NA,16.30507592114226,NA,NA
Second_98,70,98,ReRZV_2d,2024,0.07366865818145592,Thres30_90,NA,16.2476870214088,NA,NA
Second_98,70,98,ReRZV_2d,2024,0.07366865818145592,Thres,NA,16.2476870214088,NA,NA
Second_98,75,98,ReRZV_1d,2024,0.08083250467598987,N0,0.08083250467598987,0.08083250467598987,0.08083250467598987,0.08083250467598987
Second_98,75,98,ReRZV_1d,2024,0.08083250467598987,dYear_Life,2.8222696951358267e-5,2.8316911897353484e-5,1.2232017035385607e-5,4.3467495321883514e-5
Second_98,75,98,ReRZV_1d,2024,0.08083250467598987,dYear_Immunised,0.9713284136679083,0.9809435439816698,0.43586467911839866,1.4069259041346527
Second_98,75,98,ReRZV_1d,2024,0.08083250467598987,dRisk_HZ,-0.1408814072124878,-0.14270047228765811,-0.20457448558945088,-0.06370538030687731
Second_98,75,98,ReRZV_1d,2024,0.08083250467598987,dRisk_Hosp,-0.0162721892884212,-0.01586604684670297,-0.028073047242819466,-0.006649223422559738
Second_98,75,98,ReRZV_1d,2024,0.08083250467598987,dRisk_PHN,-0.010772231342396396,-0.010351473161730664,-0.019637415910648888,-0.004220639893571099
Second_98,75,98,ReRZV_1d,2024,0.08083250467598987,dRisk_Death,-4.3873745006264316e-4,-4.3950248056236316e-4,-6.732134832604242e-4,-1.9157894019540076e-4
Second_98,75,98,ReRZV_1d,2024,0.08083250467598987,dQ_Life,1.2852615443921408e-5,1.2906556202827339e-5,5.564060028343868e-6,1.9831263191175685e-5
Second_98,75,98,ReRZV_1d,2024,0.08083250467598987,dQ_HZ,0.0011295926505256143,0.0011352461687275347,4.990304041391702e-4,0.0017582040711420525
Second_98,75,98,ReRZV_1d,2024,0.08083250467598987,dQ_HZ_Norm,2.9258530039348243e-4,2.941275322849682e-4,1.2817427459167557e-4,4.476046417666085e-4
Second_98,75,98,ReRZV_1d,2024,0.08083250467598987,dQ_All,0.001133450991386308,0.0011392644172626488,5.009661728404019e-4,0.0017630690088999029
Second_98,75,98,ReRZV_1d,2024,0.08083250467598987,dQ_HZ_d,0.0011228262644375209,0.0011285091781052595,4.959584242574891e-4,0.0017472404330760275
Second_98,75,98,ReRZV_1d,2024,0.08083250467598987,dQ_HZ_Norm_d,2.9083936097446986e-4,2.923845396190007e-4,1.273576256901243e-4,4.4479767503643276e-4
Second_98,75,98,ReRZV_1d,2024,0.08083250467598987,dQ_Life_d,1.2531719339786936e-5,1.258429626416181e-5,5.425046711159434e-6,1.9336493626781282e-5
Second_98,75,98,ReRZV_1d,2024,0.08083250467598987,dQ_All_d,0.0011353579837773094,0.0011418872976309948,5.022845840001272e-4,0.0017630551183850248
Second_98,75,98,ReRZV_1d,2024,0.08083250467598987,dC_Hosp,-3.8151584370009495,-3.7122638698568244,-6.752266932341926,-1.4680503628250612
Second_98,75,98,ReRZV_1d,2024,0.08083250467598987,dC_GP_NonPHN,-0.6781160257710119,-0.6846909387477218,-1.0055545687627427,-0.30627486232741363
Second_98,75,98,ReRZV_1d,2024,0.08083250467598987,dC_GP_PHN,-0.25451056235089814,-0.24629639419359425,-0.4704813279037308,-0.09915612478981438
Second_98,75,98,ReRZV_1d,2024,0.08083250467598987,dC_GP,-0.9326265881219101,-0.9436295299050612,-1.3923720470261944,-0.41382521316587256
Second_98,75,98,ReRZV_1d,2024,0.08083250467598987,dC_Med,-4.74778502512286,-4.700818309019208,-7.96039551547259,-1.947544436670209
Second_98,75,98,ReRZV_1d,2024,0.08083250467598987,dC_VacZVL,0,0,0,0
Second_98,75,98,ReRZV_1d,2024,0.08083250467598987,dC_VacRZV,85,85,85,85
Second_98,75,98,ReRZV_1d,2024,0.08083250467598987,dC_Vac,85,85,85,85
Second_98,75,98,ReRZV_1d,2024,0.08083250467598987,dC_All,80.25221497487713,80.29918169098079,77.0396044845274,83.05245556332979
Second_98,75,98,ReRZV_1d,2024,0.08083250467598987,dC_Hosp_d,-3.79208073894801,-3.693163604664305,-6.711896187847454,-1.4560966134550808
Second_98,75,98,ReRZV_1d,2024,0.08083250467598987,dC_GP_NonPHN_d,-0.674084573916258,-0.6804490376192289,-0.9993659221003691,-0.30446680431129475
Second_98,75,98,ReRZV_1d,2024,0.08083250467598987,dC_GP_PHN_d,-0.2530044535740847,-0.2447747483055837,-0.46775305803162337,-0.0984955605007081
Second_98,75,98,ReRZV_1d,2024,0.08083250467598987,dC_GP_d,-0.9270890274903426,-0.9379962974618608,-1.3844517698396313,-0.41132650557486305
Second_98,75,98,ReRZV_1d,2024,0.08083250467598987,dC_Med_d,-4.719169766438353,-4.671831509375159,-7.911867705767596,-1.9351876639520935
Second_98,75,98,ReRZV_1d,2024,0.08083250467598987,dC_VacZVL_d,0,0,0,0
Second_98,75,98,ReRZV_1d,2024,0.08083250467598987,dC_VacRZV_d,85,85,85,85
Second_98,75,98,ReRZV_1d,2024,0.08083250467598987,dC_Vac_d,85,85,85,85
Second_98,75,98,ReRZV_1d,2024,0.08083250467598987,dC_All_d,80.28083023356164,80.32816849062483,77.08813229423241,83.06481233604791
Second_98,75,98,ReRZV_1d,2024,0.08083250467598987,dN_VacZVL,0,0,0,0
Second_98,75,98,ReRZV_1d,2024,0.08083250467598987,dN_VacRZV,1,1,1,1
Second_98,75,98,ReRZV_1d,2024,0.08083250467598987,dN_VacZVL_d,0,0,0,0
Second_98,75,98,ReRZV_1d,2024,0.08083250467598987,dN_VacRZV_d,1,1,1,1
Second_98,75,98,ReRZV_1d,2024,0.08083250467598987,ICER,79037.76726207875,70138.78378641477,44543.20748084004,165201.15740615618
Second_98,75,98,ReRZV_1d,2024,0.08083250467598987,Price0,85,85,85,85
Second_98,75,98,ReRZV_1d,2024,0.08083250467598987,Thres20,27.426329441984542,27.59642446759512,12.176634336880591,41.82837563585256
Second_98,75,98,ReRZV_1d,2024,0.08083250467598987,Thres30,38.77990927975763,39.058123717413835,17.093280753452113,59.36580240930018
Second_98,75,98,ReRZV_1d,2024,0.08083250467598987,Thres20_50,NA,27.59642446759512,NA,NA
Second_98,75,98,ReRZV_1d,2024,0.08083250467598987,Thres30_90,NA,23.568757222273714,NA,NA
Second_98,75,98,ReRZV_1d,2024,0.08083250467598987,Thres,NA,23.568757222273714,NA,NA
Second_98,75,98,ReRZV_2d,2024,0.08083250467598987,N0,0.08083250467598987,0.08083250467598987,0.08083250467598987,0.08083250467598987
Second_98,75,98,ReRZV_2d,2024,0.08083250467598987,dYear_Life,3.249971245317583e-5,3.3034892515965216e-5,1.7962596427551517e-5,4.497214737144499e-5
Second_98,75,98,ReRZV_2d,2024,0.08083250467598987,dYear_Immunised,1.1185555081539915,1.1439435971092065,0.6468492425358167,1.4205637136555778
Second_98,75,98,ReRZV_2d,2024,0.08083250467598987,dRisk_HZ,-0.16224503348132943,-0.16642167801633978,-0.20873037260607993,-0.09359159918579686
Second_98,75,98,ReRZV_2d,2024,0.08083250467598987,dRisk_Hosp,-0.018743136325400988,-0.0184327712788614,-0.02944587438631623,-0.0096735538508387
Second_98,75,98,ReRZV_2d,2024,0.08083250467598987,dRisk_PHN,-0.012395844738779941,-0.012027063825673898,-0.020580610048774654,-0.005979412473033253
Second_98,75,98,ReRZV_2d,2024,0.08083250467598987,dRisk_Death,-5.051720724962258e-4,-5.129569187206068e-4,-6.976150779589005e-4,-2.7987907106584843e-4
Second_98,75,98,ReRZV_2d,2024,0.08083250467598987,dQ_Life,1.480071360269987e-5,1.5047141973251701e-5,8.177198111586196e-6,2.0477281303830406e-5
Second_98,75,98,ReRZV_2d,2024,0.08083250467598987,dQ_HZ,0.0013008244051756033,0.0013169836873510598,7.277290809138608e-4,0.001826110246841367
Second_98,75,98,ReRZV_2d,2024,0.08083250467598987,dQ_HZ_Norm,3.36978135662032e-4,3.413335454127213e-4,1.867724801108345e-4,4.6895008955539575e-4
Second_98,75,98,ReRZV_2d,2024,0.08083250467598987,dQ_All,0.001305267804656843,0.001321219296898424,7.304362735777983e-4,0.0018320213094939833
Second_98,75,98,ReRZV_2d,2024,0.08083250467598987,dQ_HZ_d,0.0012930328512065039,0.0013090449659236454,7.232067935653679e-4,0.0018158754267454391
Second_98,75,98,ReRZV_2d,2024,0.08083250467598987,dQ_HZ_Norm_d,3.349674450861211e-4,3.393488101379594e-4,1.8561719411061398e-4,4.6619289331763225e-4
Second_98,75,98,ReRZV_2d,2024,0.08083250467598987,dQ_Life_d,1.4431182115475357e-5,1.4671578236062243e-5,7.973004678503586e-6,1.996598551672222e-5
Second_98,75,98,ReRZV_2d,2024,0.08083250467598987,dQ_All_d,0.0013074640333219775,0.0013237035807457595,7.350699101473442e-4,0.0018336565820022159
Second_98,75,98,ReRZV_2d,2024,0.08083250467598987,dC_Hosp,-4.394425704379826,-4.307861664419118,-7.077586535278052,-2.1349764340207615
Second_98,75,98,ReRZV_2d,2024,0.08083250467598987,dC_GP_NonPHN,-0.7810583683785897,-0.7979386800355415,-1.0258200059364977,-0.44758496941871134
Second_98,75,98,ReRZV_2d,2024,0.08083250467598987,dC_GP_PHN,-0.2929013036360721,-0.28570850477251564,-0.4955156533702049,-0.141780180315702
Second_98,75,98,ReRZV_2d,2024,0.08083250467598987,dC_GP,-1.0739596720146618,-1.0951919943644128,-1.437147976888707,-0.6088162269368309
Second_98,75,98,ReRZV_2d,2024,0.08083250467598987,dC_Med,-5.468385376394488,-5.4243709576968415,-8.305594341877395,-2.8378091630468445
Second_98,75,98,ReRZV_2d,2024,0.08083250467598987,dC_VacZVL,0,0,0,0
Second_98,75,98,ReRZV_2d,2024,0.08083250467598987,dC_VacRZV,170,170,170,170
Second_98,75,98,ReRZV_2d,2024,0.08083250467598987,dC_Vac,170,170,170,170
Second_98,75,98,ReRZV_2d,2024,0.08083250467598987,dC_All,164.53161462360552,164.57562904230315,161.6944056581226,167.16219083695313
Second_98,75,98,ReRZV_2d,2024,0.08083250467598987,dC_Hosp_d,-4.367846772031615,-4.280401570436588,-7.037901131941222,-2.1201053672031125
Second_98,75,98,ReRZV_2d,2024,0.08083250467598987,dC_GP_NonPHN_d,-0.776415248378568,-0.7933462379333425,-1.0203839403715378,-0.44467644550613006
Second_98,75,98,ReRZV_2d,2024,0.08083250467598987,dC_GP_PHN_d,-0.2911680822476224,-0.28403405508991486,-0.4930947534092987,-0.1410525751423352
Second_98,75,98,ReRZV_2d,2024,0.08083250467598987,dC_GP_d,-1.0675833306261904,-1.0888329597956008,-1.4288811665992585,-0.6054643401335655
Second_98,75,98,ReRZV_2d,2024,0.08083250467598987,dC_Med_d,-5.435430102657805,-5.3924701201622565,-8.256058136733227,-2.8198983589374977
Second_98,75,98,ReRZV_2d,2024,0.08083250467598987,dC_VacZVL_d,0,0,0,0
Second_98,75,98,ReRZV_2d,2024,0.08083250467598987,dC_VacRZV_d,170,170,170,170
Second_98,75,98,ReRZV_2d,2024,0.08083250467598987,dC_Vac_d,170,170,170,170
Second_98,75,98,ReRZV_2d,2024,0.08083250467598987,dC_All_d,164.56456989734218,164.60752987983773,161.7439418632668,167.1801016410625
Second_98,75,98,ReRZV_2d,2024,0.08083250467598987,dN_VacZVL,0,0,0,0
Second_98,75,98,ReRZV_2d,2024,0.08083250467598987,dN_VacRZV,2,2,2,2
Second_98,75,98,ReRZV_2d,2024,0.08083250467598987,dN_VacZVL_d,0,0,0,0
Second_98,75,98,ReRZV_2d,2024,0.08083250467598987,dN_VacRZV_d,2,2,2,2
Second_98,75,98,ReRZV_2d,2024,0.08083250467598987,ICER,133125.82135935736,124130.14077642518,89426.94027223194,226764.61815766426
Second_98,75,98,ReRZV_2d,2024,0.08083250467598987,Price0,85,85,85,85
Second_98,75,98,ReRZV_2d,2024,0.08083250467598987,Thres20,15.792355384548678,16.01747654203224,8.93888614383182,21.78940350758142
Second_98,75,98,ReRZV_2d,2024,0.08083250467598987,Thres30,22.329675551158566,22.687712269506598,12.658354490341619,30.85309130021362
Second_98,75,98,ReRZV_2d,2024,0.08083250467598987,Thres20_50,NA,16.01747654203224,NA,NA
Second_98,75,98,ReRZV_2d,2024,0.08083250467598987,Thres30_90,NA,15.90844448346206,NA,NA
Second_98,75,98,ReRZV_2d,2024,0.08083250467598987,Thres,NA,15.90844448346206,NA,NA
Second_99,70,99,ReRZV_1d,2024,0.05314269579638175,N0,0.05314269579638175,0.05314269579638175,0.05314269579638175,0.05314269579638175
Second_99,70,99,ReRZV_1d,2024,0.05314269579638175,dYear_Life,1.1864728878194981e-5,1.1921039130986757e-5,5.331586920025012e-6,1.817852871895211e-5
Second_99,70,99,ReRZV_1d,2024,0.05314269579638175,dYear_Immunised,0.7456757636984781,0.7520926687731366,0.34929772276249754,1.0748617624182855
Second_99,70,99,ReRZV_1d,2024,0.05314269579638175,dRisk_HZ,-0.16907571374393354,-0.17053724980045815,-0.24504323754703738,-0.0794632980290841
Second_99,70,99,ReRZV_1d,2024,0.05314269579638175,dRisk_Hosp,-0.01960274995166719,-0.019056491509409815,-0.03392794032465517,-0.008270786639700727
Second_99,70,99,ReRZV_1d,2024,0.05314269579638175,dRisk_PHN,-0.012810754795372288,-0.012224611181892903,-0.023525263001597203,-0.004891005733649021
Second_99,70,99,ReRZV_1d,2024,0.05314269579638175,dRisk_Death,-5.310985704389964e-4,-5.336453285581443e-4,-8.093667241266166e-4,-2.3944063810108805e-4
Second_99,70,99,ReRZV_1d,2024,0.05314269579638175,dQ_Life,3.7811634221175436e-6,3.799108903210605e-6,1.699120279195014e-6,5.793304555421924e-6
Second_99,70,99,ReRZV_1d,2024,0.05314269579638175,dQ_HZ,6.624660167122244e-4,6.639305552134328e-4,3.014414478827209e-4,0.0010289502009302412
Second_99,70,99,ReRZV_1d,2024,0.05314269579638175,dQ_HZ_Norm,1.709357558865535e-4,1.705429554020963e-4,7.674103427726137e-5,2.6316030325758633e-4
Second_99,70,99,ReRZV_1d,2024,0.05314269579638175,dQ_All,6.624660167122243e-4,6.63930555213443e-4,3.014414478826831e-4,0.0010289502009302551
Second_99,70,99,ReRZV_1d,2024,0.05314269579638175,dQ_HZ_d,6.624660167122244e-4,6.639305552134328e-4,3.014414478827209e-4,0.0010289502009302412
Second_99,70,99,ReRZV_1d,2024,0.05314269579638175,dQ_HZ_Norm_d,1.709357558865535e-4,1.705429554020963e-4,7.674103427726137e-5,2.6316030325758633e-4
Second_99,70,99,ReRZV_1d,2024,0.05314269579638175,dQ_Life_d,3.7252841597242584e-6,3.742964436650725e-6,1.674010127236364e-6,5.7076892173031046e-6
Second_99,70,99,ReRZV_1d,2024,0.05314269579638175,dQ_All_d,6.661913008719513e-4,6.677217368164959e-4,3.031366843144361e-4,0.0010337888054356818
Second_99,70,99,ReRZV_1d,2024,0.05314269579638175,dC_Hosp,-2.2593795759968645,-2.164744358451517,-4.2583152794995796,-0.8616662696851872
Second_99,70,99,ReRZV_1d,2024,0.05314269579638175,dC_GP_NonPHN,-0.3946912525218668,-0.3982465606329142,-0.5856017458368746,-0.18184558603407214
Second_99,70,99,ReRZV_1d,2024,0.05314269579638175,dC_GP_PHN,-0.14744820224587502,-0.14044863814082426,-0.2802878164250792,-0.05740301898235015
Second_99,70,99,ReRZV_1d,2024,0.05314269579638175,dC_GP,-0.5421394547677418,-0.5443063615790307,-0.8218712186548861,-0.24580565424087136
Second_99,70,99,ReRZV_1d,2024,0.05314269579638175,dC_Med,-2.8015190307646063,-2.730103529099712,-4.8857777620619425,-1.161017911659042
Second_99,70,99,ReRZV_1d,2024,0.05314269579638175,dC_VacZVL,0,0,0,0
Second_99,70,99,ReRZV_1d,2024,0.05314269579638175,dC_VacRZV,85,85,84.99999999999999,85.00000000000001
Second_99,70,99,ReRZV_1d,2024,0.05314269579638175,dC_Vac,85,85,84.99999999999999,85.00000000000001
Second_99,70,99,ReRZV_1d,2024,0.05314269579638175,dC_All,82.19848096923539,82.2698964709003,80.11422223793805,83.83898208834096
Second_99,70,99,ReRZV_1d,2024,0.05314269579638175,dC_Hosp_d,-2.2593795759968645,-2.164744358451517,-4.2583152794995796,-0.8616662696851872
Second_99,70,99,ReRZV_1d,2024,0.05314269579638175,dC_GP_NonPHN_d,-0.3946912525218668,-0.3982465606329142,-0.5856017458368746,-0.18184558603407214
Second_99,70,99,ReRZV_1d,2024,0.05314269579638175,dC_GP_PHN_d,-0.14744820224587502,-0.14044863814082426,-0.2802878164250792,-0.05740301898235015
Second_99,70,99,ReRZV_1d,2024,0.05314269579638175,dC_GP_d,-0.5421394547677418,-0.5443063615790307,-0.8218712186548861,-0.24580565424087136
Second_99,70,99,ReRZV_1d,2024,0.05314269579638175,dC_Med_d,-2.8015190307646063,-2.730103529099712,-4.8857777620619425,-1.161017911659042
Second_99,70,99,ReRZV_1d,2024,0.05314269579638175,dC_VacZVL_d,0,0,0,0
Second_99,70,99,ReRZV_1d,2024,0.05314269579638175,dC_VacRZV_d,85,85,84.99999999999999,85.00000000000001
Second_99,70,99,ReRZV_1d,2024,0.05314269579638175,dC_Vac_d,85,85,84.99999999999999,85.00000000000001
Second_99,70,99,ReRZV_1d,2024,0.05314269579638175,dC_All_d,82.19848096923539,82.2698964709003,80.11422223793805,83.83898208834096
Second_99,70,99,ReRZV_1d,2024,0.05314269579638175,dN_VacZVL,0,0,0,0
Second_99,70,99,ReRZV_1d,2024,0.05314269579638175,dN_VacRZV,1,1,1,1
Second_99,70,99,ReRZV_1d,2024,0.05314269579638175,dN_VacZVL_d,0,0,0,0
Second_99,70,99,ReRZV_1d,2024,0.05314269579638175,dN_VacRZV_d,1,1,1,1
Second_99,70,99,ReRZV_1d,2024,0.05314269579638175,ICER,136870.19137829854,122966.78544609607,78916.2569708803,275579.10714817693
Second_99,70,99,ReRZV_1d,2024,0.05314269579638175,Price0,85,85,84.99999999999999,85.00000000000001
Second_99,70,99,ReRZV_1d,2024,0.05314269579638175,Thres20,16.125345048203634,16.209254407551537,7.364068405152136,24.587578590788965
Second_99,70,99,ReRZV_1d,2024,0.05314269579638175,Thres30,22.787258056923147,22.91783662501357,10.469473648830455,34.9086746476588
Second_99,70,99,ReRZV_1d,2024,0.05314269579638175,Thres20_50,NA,16.209254407551537,NA,NA
Second_99,70,99,ReRZV_1d,2024,0.05314269579638175,Thres30_90,NA,14.118010523119693,NA,NA
Second_99,70,99,ReRZV_1d,2024,0.05314269579638175,Thres,NA,14.118010523119693,NA,NA
Second_99,70,99,ReRZV_2d,2024,0.05314269579638175,N0,0.05314269579638175,0.05314269579638175,0.05314269579638175,0.05314269579638175
Second_99,70,99,ReRZV_2d,2024,0.05314269579638175,dYear_Life,1.3619641132864695e-5,1.3840659328649767e-5,7.681928693634184e-6,1.87385511494658e-5
Second_99,70,99,ReRZV_2d,2024,0.05314269579638175,dYear_Immunised,0.8560979396660346,0.8764220006070194,0.5057105933127146,1.0843761561665577
Second_99,70,99,ReRZV_2d,2024,0.05314269579638175,dRisk_HZ,-0.19413349645485029,-0.19810858626857808,-0.24983605269772774,-0.11486274123084741
Second_99,70,99,ReRZV_2d,2024,0.05314269579638175,dRisk_Hosp,-0.022513899441639736,-0.02213403588037921,-0.03636060842967744,-0.011473116871044822
Second_99,70,99,ReRZV_2d,2024,0.05314269579638175,dRisk_PHN,-0.01469759860645779,-0.01423441132647439,-0.024685747183326036,-0.006826910407777902
Second_99,70,99,ReRZV_2d,2024,0.05314269579638175,dRisk_Death,-6.096673981830131e-4,-6.194382164956801e-4,-8.35143823880151e-4,-3.4543580149287104e-4
Second_99,70,99,ReRZV_2d,2024,0.05314269579638175,dQ_Life,4.3404353696292555e-6,4.4108715276673156e-6,2.4481493074794653e-6,5.971777772376448e-6
Second_99,70,99,ReRZV_2d,2024,0.05314269579638175,dQ_HZ,7.605672975130734e-4,7.669938654400236e-4,4.356920131149775e-4,0.0010599718220664195
Second_99,70,99,ReRZV_2d,2024,0.05314269579638175,dQ_HZ_Norm,1.9627063366931056e-4,1.9851704748052588e-4,1.1096786233036973e-4,2.724460512211629e-4
Second_99,70,99,ReRZV_2d,2024,0.05314269579638175,dQ_All,7.605672975130723e-4,7.669938654400136e-4,4.356920131149738e-4,0.0010599718220664154
Second_99,70,99,ReRZV_2d,2024,0.05314269579638175,dQ_HZ_d,7.605672975130734e-4,7.669938654400236e-4,4.356920131149775e-4,0.0010599718220664195
Second_99,70,99,ReRZV_2d,2024,0.05314269579638175,dQ_HZ_Norm_d,1.9627063366931056e-4,1.9851704748052588e-4,1.1096786233036973e-4,2.724460512211629e-4
Second_99,70,99,ReRZV_2d,2024,0.05314269579638175,dQ_Life_d,4.276291004561688e-6,4.345686234073621e-6,2.411969761211216e-6,5.883524898850084e-6
Second_99,70,99,ReRZV_2d,2024,0.05314269579638175,dQ_All_d,7.648435885176361e-4,7.711537618417452e-4,4.3842654527059995e-4,0.0010654553902494654
Second_99,70,99,ReRZV_2d,2024,0.05314269579638175,dC_Hosp,-2.5944285830340017,-2.508125013432797,-4.541578806640128,-1.155332605564545
Second_99,70,99,ReRZV_2d,2024,0.05314269579638175,dC_GP_NonPHN,-0.4532229755539946,-0.4617505315874699,-0.6002031653312363,-0.2623273837204448
Second_99,70,99,ReRZV_2d,2024,0.05314269579638175,dC_GP_PHN,-0.1691811021134754,-0.1625549580834624,-0.29375256340818073,-0.07857124826246545
Second_99,70,99,ReRZV_2d,2024,0.05314269579638175,dC_GP,-0.62240407766747,-0.6308877558576269,-0.8450740624901223,-0.35458705415690694
Second_99,70,99,ReRZV_2d,2024,0.05314269579638175,dC_Med,-3.216832660701472,-3.155258691541034,-5.2536966633442805,-1.6405150322686524
Second_99,70,99,ReRZV_2d,2024,0.05314269579638175,dC_VacZVL,0,0,0,0
Second_99,70,99,ReRZV_2d,2024,0.05314269579638175,dC_VacRZV,170,170,169.99999999999997,170.00000000000003
Second_99,70,99,ReRZV_2d,2024,0.05314269579638175,dC_Vac,170,170,169.99999999999997,170.00000000000003
Second_99,70,99,ReRZV_2d,2024,0.05314269579638175,dC_All,166.78316733929853,166.844741308459,164.74630333665573,168.35948496773136
Second_99,70,99,ReRZV_2d,2024,0.05314269579638175,dC_Hosp_d,-2.5944285830340017,-2.508125013432797,-4.541578806640128,-1.155332605564545
Second_99,70,99,ReRZV_2d,2024,0.05314269579638175,dC_GP_NonPHN_d,-0.4532229755539946,-0.4617505315874699,-0.6002031653312363,-0.2623273837204448
Second_99,70,99,ReRZV_2d,2024,0.05314269579638175,dC_GP_PHN_d,-0.1691811021134754,-0.1625549580834624,-0.29375256340818073,-0.07857124826246545
Second_99,70,99,ReRZV_2d,2024,0.05314269579638175,dC_GP_d,-0.62240407766747,-0.6308877558576269,-0.8450740624901223,-0.35458705415690694
Second_99,70,99,ReRZV_2d,2024,0.05314269579638175,dC_Med_d,-3.216832660701472,-3.155258691541034,-5.2536966633442805,-1.6405150322686524
Second_99,70,99,ReRZV_2d,2024,0.05314269579638175,dC_VacZVL_d,0,0,0,0
Second_99,70,99,ReRZV_2d,2024,0.05314269579638175,dC_VacRZV_d,170,170,169.99999999999997,170.00000000000003
Second_99,70,99,ReRZV_2d,2024,0.05314269579638175,dC_Vac_d,170,170,169.99999999999997,170.00000000000003
Second_99,70,99,ReRZV_2d,2024,0.05314269579638175,dC_All_d,166.78316733929853,166.844741308459,164.74630333665573,168.35948496773136
Second_99,70,99,ReRZV_2d,2024,0.05314269579638175,dN_VacZVL,0,0,0,0
Second_99,70,99,ReRZV_2d,2024,0.05314269579638175,dN_VacRZV,2,2,2,2
Second_99,70,99,ReRZV_2d,2024,0.05314269579638175,dN_VacZVL_d,0,0,0,0
Second_99,70,99,ReRZV_2d,2024,0.05314269579638175,dN_VacRZV_d,2,2,2,2
Second_99,70,99,ReRZV_2d,2024,0.05314269579638175,ICER,230155.71184865487,216139.68121087475,155897.88905169183,384159.9323798585
Second_99,70,99,ReRZV_2d,2024,0.05314269579638175,Price0,85,85,84.99999999999999,85.00000000000001
Second_99,70,99,ReRZV_2d,2024,0.05314269579638175,Thres20,9.256852215527097,9.329850248177241,5.294524229443915,12.78942607702821
Second_99,70,99,ReRZV_2d,2024,0.05314269579638175,Thres30,13.081070158115278,13.191046966213692,7.544361371238431,18.001145638244083
Second_99,70,99,ReRZV_2d,2024,0.05314269579638175,Thres20_50,NA,9.329850248177241,NA,NA
Second_99,70,99,ReRZV_2d,2024,0.05314269579638175,Thres30_90,NA,9.373104110161789,NA,NA
Second_99,70,99,ReRZV_2d,2024,0.05314269579638175,Thres,NA,9.329850248177241,NA,NA
Second_99,75,99,ReRZV_1d,2024,0.058310545600617956,N0,0.058310545600617956,0.058310545600617956,0.058310545600617956,0.058310545600617956
Second_99,75,99,ReRZV_1d,2024,0.058310545600617956,dYear_Life,1.164246851671584e-5,1.1693140135717366e-5,5.073139635735896e-6,1.792931821343378e-5
Second_99,75,99,ReRZV_1d,2024,0.058310545600617956,dYear_Immunised,0.7322524380986034,0.738858077094676,0.3305921019806856,1.0615646274946828
Second_99,75,99,ReRZV_1d,2024,0.058310545600617956,dRisk_HZ,-0.15131526335406884,-0.15287537897580733,-0.2208160112945261,-0.06969326105089317
Second_99,75,99,ReRZV_1d,2024,0.058310545600617956,dRisk_Hosp,-0.01754383138379749,-0.017032989898551894,-0.03044355104251985,-0.00721570766188681
Second_99,75,99,ReRZV_1d,2024,0.058310545600617956,dRisk_PHN,-0.01146519676181799,-0.010949612451477813,-0.02108628341351858,-0.004355246131921194
Second_99,75,99,ReRZV_1d,2024,0.058310545600617956,dRisk_Death,-4.7531516792521234e-4,-4.764715775498142e-4,-7.306776455229879e-4,-2.0838756974618093e-4
Second_99,75,99,ReRZV_1d,2024,0.058310545600617956,dQ_Life,3.7103313991010014e-6,3.7264799073668198e-6,1.616755867117073e-6,5.713883807046006e-6
Second_99,75,99,ReRZV_1d,2024,0.058310545600617956,dQ_HZ,6.500595505350871e-4,6.515493330576458e-4,2.874880492840899e-4,0.00101660949408509
Second_99,75,99,ReRZV_1d,2024,0.058310545600617956,dQ_HZ_Norm,1.677323471368907e-4,1.674888679632259e-4,7.426805710848099e-5,2.603830096993811e-4
Second_99,75,99,ReRZV_1d,2024,0.058310545600617956,dQ_All,6.500595505350878e-4,6.515493330575761e-4,2.874880492840486e-4,0.0010166094940850605
Second_99,75,99,ReRZV_1d,2024,0.058310545600617956,dQ_HZ_d,6.500595505350871e-4,6.515493330576458e-4,2.874880492840899e-4,0.00101660949408509
Second_99,75,99,ReRZV_1d,2024,0.058310545600617956,dQ_HZ_Norm_d,1.677323471368907e-4,1.674888679632259e-4,7.426805710848099e-5,2.603830096993811e-4
Second_99,75,99,ReRZV_1d,2024,0.058310545600617956,dQ_Life_d,3.655498915372686e-6,3.671408775764269e-6,1.5928629231973433e-6,5.6294421743916915e-6
Second_99,75,99,ReRZV_1d,2024,0.058310545600617956,dQ_All_d,6.537150494504584e-4,6.55484885963339e-4,2.890296670737607e-4,0.0010208433157458308
Second_99,75,99,ReRZV_1d,2024,0.058310545600617956,dC_Hosp,-2.2170908552935265,-2.1270482529381063,-4.201192285451695,-0.8356381281266538
Second_99,75,99,ReRZV_1d,2024,0.058310545600617956,dC_GP_NonPHN,-0.3872969267055506,-0.3902355541140541,-0.5761059100271907,-0.17464172833622157
Second_99,75,99,ReRZV_1d,2024,0.058310545600617956,dC_GP_PHN,-0.14469113748759715,-0.13781370351700767,-0.27673619073362776,-0.05508214322797592
Second_99,75,99,ReRZV_1d,2024,0.058310545600617956,dC_GP,-0.5319880641931478,-0.534784553009149,-0.8118701911228775,-0.23677588612304895
Second_99,75,99,ReRZV_1d,2024,0.058310545600617956,dC_Med,-2.7490789194866743,-2.680878987407741,-4.810255378745123,-1.1231174688702334
Second_99,75,99,ReRZV_1d,2024,0.058310545600617956,dC_VacZVL,0,0,0,0
Second_99,75,99,ReRZV_1d,2024,0.058310545600617956,dC_VacRZV,85,85,84.99999999999999,85.00000000000001
Second_99,75,99,ReRZV_1d,2024,0.058310545600617956,dC_Vac,85,85,84.99999999999999,85.00000000000001
Second_99,75,99,ReRZV_1d,2024,0.058310545600617956,dC_All,82.25092108051332,82.31912101259226,80.18974462125487,83.87688253112975
Second_99,75,99,ReRZV_1d,2024,0.058310545600617956,dC_Hosp_d,-2.2170908552935265,-2.1270482529381063,-4.201192285451695,-0.8356381281266538
Second_99,75,99,ReRZV_1d,2024,0.058310545600617956,dC_GP_NonPHN_d,-0.3872969267055506,-0.3902355541140541,-0.5761059100271907,-0.17464172833622157
Second_99,75,99,ReRZV_1d,2024,0.058310545600617956,dC_GP_PHN_d,-0.14469113748759715,-0.13781370351700767,-0.27673619073362776,-0.05508214322797592
Second_99,75,99,ReRZV_1d,2024,0.058310545600617956,dC_GP_d,-0.5319880641931478,-0.534784553009149,-0.8118701911228775,-0.23677588612304895
Second_99,75,99,ReRZV_1d,2024,0.058310545600617956,dC_Med_d,-2.7490789194866743,-2.680878987407741,-4.810255378745123,-1.1231174688702334
Second_99,75,99,ReRZV_1d,2024,0.058310545600617956,dC_VacZVL_d,0,0,0,0
Second_99,75,99,ReRZV_1d,2024,0.058310545600617956,dC_VacRZV_d,85,85,84.99999999999999,85.00000000000001
Second_99,75,99,ReRZV_1d,2024,0.058310545600617956,dC_Vac_d,85,85,84.99999999999999,85.00000000000001
Second_99,75,99,ReRZV_1d,2024,0.058310545600617956,dC_All_d,82.25092108051332,82.31912101259226,80.18974462125487,83.87688253112975
Second_99,75,99,ReRZV_1d,2024,0.058310545600617956,dN_VacZVL,0,0,0,0
Second_99,75,99,ReRZV_1d,2024,0.058310545600617956,dN_VacRZV,1,1,1,1
Second_99,75,99,ReRZV_1d,2024,0.058310545600617956,dN_VacZVL_d,0,0,0,0
Second_99,75,99,ReRZV_1d,2024,0.058310545600617956,dN_VacRZV_d,1,1,1,1
Second_99,75,99,ReRZV_1d,2024,0.058310545600617956,ICER,140324.8247247156,125207.21784472154,80021.88955729881,291265.205256225
Second_99,75,99,ReRZV_1d,2024,0.058310545600617956,Price0,85,85,84.99999999999999,85.00000000000001
Second_99,75,99,ReRZV_1d,2024,0.058310545600617956,Thres20,15.823379908495843,15.887437836407567,6.898852607023679,24.259624656716497
Second_99,75,99,ReRZV_1d,2024,0.058310545600617956,Thres30,22.36053040300043,22.50590788572766,9.8149528514772,34.40778418614992
Second_99,75,99,ReRZV_1d,2024,0.058310545600617956,Thres20_50,NA,15.887437836407567,NA,NA
Second_99,75,99,ReRZV_1d,2024,0.058310545600617956,Thres30_90,NA,13.704766744166175,NA,NA
Second_99,75,99,ReRZV_1d,2024,0.058310545600617956,Thres,NA,13.704766744166175,NA,NA
Second_99,75,99,ReRZV_2d,2024,0.058310545600617956,N0,0.058310545600617956,0.058310545600617956,0.058310545600617956,0.058310545600617956
Second_99,75,99,ReRZV_2d,2024,0.058310545600617956,dYear_Life,1.3397381696951878e-5,1.3619138156364227e-5,7.4269220919419224e-6,1.8566942673870653e-5
Second_99,75,99,ReRZV_2d,2024,0.058310545600617956,dYear_Immunised,0.8426746718071173,0.8613488427446954,0.48546012077977574,1.071139164021283
Second_99,75,99,ReRZV_2d,2024,0.058310545600617956,dRisk_HZ,-0.1741522667603538,-0.1777712829365439,-0.22482774247666926,-0.10128844731122204
Second_99,75,99,ReRZV_2d,2024,0.058310545600617956,dRisk_Hosp,-0.020196976403913845,-0.019828908661404097,-0.03276746751008933,-0.010195356607590958
Second_99,75,99,ReRZV_2d,2024,0.058310545600617956,dRisk_PHN,-0.013184816552267655,-0.0127673595275112,-0.02227270484857883,-0.006050852258542785
Second_99,75,99,ReRZV_2d,2024,0.058310545600617956,dRisk_Death,-5.469207203555195e-4,-5.560991861157988e-4,-7.559546422052198e-4,-3.043292126874785e-4
Second_99,75,99,ReRZV_2d,2024,0.058310545600617956,dQ_Life,4.269603641579399e-6,4.340275076328732e-6,2.366881404636502e-6,5.917087968730695e-6
Second_99,75,99,ReRZV_2d,2024,0.058310545600617956,dQ_HZ,7.481608826283938e-4,7.550190872834393e-4,4.190996306386043e-4,0.001048851784792547
Second_99,75,99,ReRZV_2d,2024,0.058310545600617956,dQ_HZ_Norm,1.9306723815294927e-4,1.9535999548906353e-4,1.0702837545220443e-4,2.6908915315164596e-4
Second_99,75,99,ReRZV_2d,2024,0.058310545600617956,dQ_All,7.481608826283938e-4,7.550190872833722e-4,4.1909963063852787e-4,0.00104885178479252
Second_99,75,99,ReRZV_2d,2024,0.058310545600617956,dQ_HZ_d,7.481608826283938e-4,7.550190872834393e-4,4.190996306386043e-4,0.001048851784792547
Second_99,75,99,ReRZV_2d,2024,0.058310545600617956,dQ_HZ_Norm_d,1.9306723815294927e-4,1.9535999548906353e-4,1.0702837545220443e-4,2.6908915315164596e-4
Second_99,75,99,ReRZV_2d,2024,0.058310545600617956,dQ_Life_d,4.206506050818168e-6,4.276133080178126e-6,2.3319028616725913e-6,5.8296433191219695e-6
Second_99,75,99,ReRZV_2d,2024,0.058310545600617956,dQ_All_d,7.523673886792101e-4,7.593991530098997e-4,4.221525820165091e-4,0.00105396788762332
Second_99,75,99,ReRZV_2d,2024,0.058310545600617956,dC_Hosp,-2.5521400370467107,-2.472241847643721,-4.472108277912502,-1.1187833924768436
Second_99,75,99,ReRZV_2d,2024,0.058310545600617956,dC_GP_NonPHN,-0.4458286803291584,-0.4538304401490011,-0.5944731336166733,-0.25426406580736177
Second_99,75,99,ReRZV_2d,2024,0.058310545600617956,dC_GP_PHN,-0.16642404872251967,-0.1598826535958488,-0.2892635324697426,-0.07715381036491165
Second_99,75,99,ReRZV_2d,2024,0.058310545600617956,dC_GP,-0.612252729051678,-0.6213612840572628,-0.8357606175990163,-0.34646076266469633
Second_99,75,99,ReRZV_2d,2024,0.058310545600617956,dC_Med,-3.1643927660983886,-3.1023905162726937,-5.196637980179942,-1.5833047484654263
Second_99,75,99,ReRZV_2d,2024,0.058310545600617956,dC_VacZVL,0,0,0,0
Second_99,75,99,ReRZV_2d,2024,0.058310545600617956,dC_VacRZV,170,170,169.99999999999997,170.00000000000003
Second_99,75,99,ReRZV_2d,2024,0.058310545600617956,dC_Vac,170,170,169.99999999999997,170.00000000000003
Second_99,75,99,ReRZV_2d,2024,0.058310545600617956,dC_All,166.8356072339016,166.89760948372728,164.80336201982004,168.41669525153458
Second_99,75,99,ReRZV_2d,2024,0.058310545600617956,dC_Hosp_d,-2.5521400370467107,-2.472241847643721,-4.472108277912502,-1.1187833924768436
Second_99,75,99,ReRZV_2d,2024,0.058310545600617956,dC_GP_NonPHN_d,-0.4458286803291584,-0.4538304401490011,-0.5944731336166733,-0.25426406580736177
Second_99,75,99,ReRZV_2d,2024,0.058310545600617956,dC_GP_PHN_d,-0.16642404872251967,-0.1598826535958488,-0.2892635324697426,-0.07715381036491165
Second_99,75,99,ReRZV_2d,2024,0.058310545600617956,dC_GP_d,-0.612252729051678,-0.6213612840572628,-0.8357606175990163,-0.34646076266469633
Second_99,75,99,ReRZV_2d,2024,0.058310545600617956,dC_Med_d,-3.1643927660983886,-3.1023905162726937,-5.196637980179942,-1.5833047484654263
Second_99,75,99,ReRZV_2d,2024,0.058310545600617956,dC_VacZVL_d,0,0,0,0
Second_99,75,99,ReRZV_2d,2024,0.058310545600617956,dC_VacRZV_d,170,170,169.99999999999997,170.00000000000003
Second_99,75,99,ReRZV_2d,2024,0.058310545600617956,dC_Vac_d,170,170,169.99999999999997,170.00000000000003
Second_99,75,99,ReRZV_2d,2024,0.058310545600617956,dC_All_d,166.8356072339016,166.89760948372728,164.80336201982004,168.41669525153458
Second_99,75,99,ReRZV_2d,2024,0.058310545600617956,dN_VacZVL,0,0,0,0
Second_99,75,99,ReRZV_2d,2024,0.058310545600617956,dN_VacRZV,2,2,2,2
Second_99,75,99,ReRZV_2d,2024,0.058310545600617956,dN_VacZVL_d,0,0,0,0
Second_99,75,99,ReRZV_2d,2024,0.058310545600617956,dN_VacRZV_d,2,2,2,2
Second_99,75,99,ReRZV_2d,2024,0.058310545600617956,ICER,234551.75770141918,219716.1123504333,157732.1438960611,398592.53159148566
Second_99,75,99,ReRZV_2d,2024,0.058310545600617956,Price0,85,85,84.99999999999999,85.00000000000001
Second_99,75,99,ReRZV_2d,2024,0.058310545600617956,Thres20,9.105870269841295,9.17552752029314,5.103544152505316,12.64108346986436
Second_99,75,99,ReRZV_2d,2024,0.058310545600617956,Thres30,12.867707213237345,12.98401092737209,7.2428303240147756,17.800940602827165
Second_99,75,99,ReRZV_2d,2024,0.058310545600617956,Thres20_50,NA,9.17552752029314,NA,NA
Second_99,75,99,ReRZV_2d,2024,0.058310545600617956,Thres30_90,NA,9.16616405372818,NA,NA
Second_99,75,99,ReRZV_2d,2024,0.058310545600617956,Thres,NA,9.16616405372818,NA,NA
