Scenario,Age0,Arm,Index,A,M,L,U
Vac_50,50,RZV_1d,N0,1,1,1,1
Vac_50,50,RZV_1d,Year0,2024,2024,2024,2024
Vac_50,50,RZV_1d,Year_Life,33.81158902992271,33.81158963610471,33.81139386611253,33.811786206286826
Vac_50,50,RZV_1d,Year_Immunised,21.66774834446963,21.747042787378906,16.458078519374745,26.654662769623876
Vac_50,50,RZV_1d,Risk_HZ,0.09422552445237922,0.09377679855063004,0.05356781708783456,0.1354041600627784
Vac_50,50,RZV_1d,Risk_Hosp,0.00336022570971032,0.003361726149399778,0.0018112763017876531,0.004907502282148956
Vac_50,50,RZV_1d,Risk_PHN,0.006629503034117912,0.0066057475639189536,0.003646136873565324,0.009603482068734038
Vac_50,50,RZV_1d,Risk_Death,6.837342425854918e-5,6.857027517620436e-5,3.6743622271546124e-5,9.779939730470918e-5
Vac_50,50,RZV_1d,Q_Life,26.509001319033324,26.509001880404295,26.50886729425953,26.509137351554667
Vac_50,50,RZV_1d,Q_HZ,-0.012629107310933186,-0.012463373215263794,-0.018227525055204245,-0.00706693095857283
Vac_50,50,RZV_1d,Q_HZ_Norm,-0.004443898481628285,-0.0044042313186889205,-0.0064606894058587185,-0.0025410699802526065
Vac_50,50,RZV_1d,Q_All,26.479142505996858,26.479312503261458,26.47339507505442,26.4848330445887
Vac_50,50,RZV_1d,Q_HZ_d,-0.005436832121126389,-0.005369259635010325,-0.007881509190005104,-0.0031433562151279913
Vac_50,50,RZV_1d,Q_HZ_Norm_d,-0.002042231159158934,-0.0020171620086867114,-0.0029722110554607924,-0.0012054612780662065
Vac_50,50,RZV_1d,Q_Life_d,15.575416087286188,15.575416532485665,15.575379204194496,15.575453054533574
Vac_50,50,RZV_1d,Q_All_d,15.569979255165062,15.570049559978525,15.567490939367913,15.572309479864773
Vac_50,50,RZV_1d,C_Hosp,14.237593827052732,14.2157112981702,7.601393000695481,20.997937507020236
Vac_50,50,RZV_1d,C_GP_NonPHN,10.76600000734705,10.726048557168488,6.143859936149047,15.433400032565238
Vac_50,50,RZV_1d,C_GP_PHN,3.6394634279335167,3.619136057336595,2.004430801236671,5.3203707670976055
Vac_50,50,RZV_1d,C_GP,14.405463435280566,14.361904342770952,8.128831879281998,20.767238699691394
Vac_50,50,RZV_1d,C_Med,28.6430572623333,28.496774317422442,15.832097065642962,41.52939830011419
Vac_50,50,RZV_1d,C_VacZVL,0,0,0,0
Vac_50,50,RZV_1d,C_VacRZV,85,85,85,85
Vac_50,50,RZV_1d,C_Vac,85,85,85,85
Vac_50,50,RZV_1d,C_All,113.6430572623333,113.49677431742245,100.83209706564297,126.52939830011418
Vac_50,50,RZV_1d,C_Hosp_d,4.550444144629546,4.529387165267785,2.4463705265936455,6.739729830734669
Vac_50,50,RZV_1d,C_GP_NonPHN_d,4.916131536477214,4.869466243783,2.863650333591397,7.065412662471759
Vac_50,50,RZV_1d,C_GP_PHN_d,1.4713596981596282,1.4616135501520295,0.8259275642677758,2.154352694682063
Vac_50,50,RZV_1d,C_GP_d,6.387491234636842,6.345658061210431,3.6841578960501695,9.229471152743928
Vac_50,50,RZV_1d,C_Med_d,10.937935379266388,10.83423673833586,6.264259232570717,15.826769975514342
Vac_50,50,RZV_1d,C_VacZVL_d,0,0,0,0
Vac_50,50,RZV_1d,C_VacRZV_d,85,85,85,85
Vac_50,50,RZV_1d,C_Vac_d,85,85,85,85
Vac_50,50,RZV_1d,C_All_d,95.93793537926639,95.83423673833586,91.26425923257072,100.82676997551432
Vac_50,50,RZV_1d,N_VacZVL,0,0,0,0
Vac_50,50,RZV_1d,N_VacRZV,1,1,1,1
Vac_50,50,RZV_1d,N_VacZVL_d,0,0,0,0
Vac_50,50,RZV_1d,N_VacRZV_d,1,1,1,1
Vac_50,50,RZV_2d,N0,1,1,1,1
Vac_50,50,RZV_2d,Year0,2024,2024,2024,2024
Vac_50,50,RZV_2d,Year_Life,33.8116029903699,33.811601904087894,33.81139870414094,33.81182030786193
Vac_50,50,RZV_2d,Year_Immunised,22.375982412079743,22.409743330276953,16.682801198862446,27.933396520721686
Vac_50,50,RZV_2d,Risk_HZ,0.08956454295807885,0.08913373502719099,0.04512156091069881,0.13398157698625004
Vac_50,50,RZV_2d,Risk_Hosp,0.0032523573396968947,0.003260432814950468,0.001561281237676055,0.004892592330887807
Vac_50,50,RZV_2d,Risk_PHN,0.006358408142547058,0.0063480438392040355,0.003122801808550483,0.009523951095600454
Vac_50,50,RZV_2d,Risk_Death,6.648131632068896e-5,6.679544971118669e-5,3.220492426966585e-5,9.740411867701695e-5
Vac_50,50,RZV_2d,Q_Life,26.50901106610246,26.5090105016197,26.508870611466175,26.50916060638209
Vac_50,50,RZV_2d,Q_HZ,-0.012042544676011173,-0.011898770802216532,-0.017954862229243366,-0.005982649597231899
Vac_50,50,RZV_2d,Q_HZ_Norm,-0.004214586956180377,-0.004192490460798013,-0.0063836589168802926,-0.0021093216092333495
Vac_50,50,RZV_2d,Q_All,26.479738694018444,26.47986331813193,26.473726434247965,26.485941401499968
Vac_50,50,RZV_2d,Q_HZ_d,-0.005123743915727833,-0.005039776990013428,-0.007725602720367172,-0.002607947768960019
Vac_50,50,RZV_2d,Q_HZ_Norm_d,-0.0019105625900786153,-0.0019007669923453712,-0.0029187898038536015,-9.86986471445701e-4
Vac_50,50,RZV_2d,Q_Life_d,15.575418939091591,15.575419127272689,15.575380728143447,15.57545908144509
Vac_50,50,RZV_2d,Q_All_d,15.570295195175863,15.570383709910764,15.567643129394726,15.572842937680832
Vac_50,50,RZV_2d,C_Hosp,13.798223108878302,13.82231217441835,6.619377023103429,20.86174379872574
Vac_50,50,RZV_2d,C_GP_NonPHN,10.218378302446242,10.159325582176333,5.185110191481443,15.33645132672053
Vac_50,50,RZV_2d,C_GP_PHN,3.488498535888015,3.4679582397691555,1.6890690390014835,5.257270338769364
Vac_50,50,RZV_2d,C_GP,13.706876838334258,13.669240008693542,6.86093246941295,20.542576298829292
Vac_50,50,RZV_2d,C_Med,27.50509994721256,27.312662036898114,13.43646314492809,41.06988772782721
Vac_50,50,RZV_2d,C_VacZVL,0,0,0,0
Vac_50,50,RZV_2d,C_VacRZV,170,170,170,170
Vac_50,50,RZV_2d,C_Vac,170,170,170,170
Vac_50,50,RZV_2d,C_All,197.50509994721256,197.3126620368981,183.43646314492807,211.0698877278272
Vac_50,50,RZV_2d,C_Hosp_d,4.3916532349984365,4.383292446273898,2.091201861846537,6.672566163964105
Vac_50,50,RZV_2d,C_GP_NonPHN_d,4.6052882617973925,4.59093112768611,2.3508630944873534,6.936274063417608
Vac_50,50,RZV_2d,C_GP_PHN_d,1.3984673932285008,1.3863483463839437,0.6934374335718461,2.1294153741832216
Vac_50,50,RZV_2d,C_GP_d,6.003755655025893,5.984050959873738,3.0441600312831447,9.066418225822307
Vac_50,50,RZV_2d,C_Med_d,10.39540889002433,10.298955362584005,5.219015892211297,15.579597458563795
Vac_50,50,RZV_2d,C_VacZVL_d,0,0,0,0
Vac_50,50,RZV_2d,C_VacRZV_d,170,170,170,170
Vac_50,50,RZV_2d,C_Vac_d,170,170,170,170
Vac_50,50,RZV_2d,C_All_d,180.39540889002433,180.298955362584,175.2190158922113,185.5795974585638
Vac_50,50,RZV_2d,N_VacZVL,0,0,0,0
Vac_50,50,RZV_2d,N_VacRZV,2,2,2,2
Vac_50,50,RZV_2d,N_VacZVL_d,0,0,0,0
Vac_50,50,RZV_2d,N_VacRZV_d,2,2,2,2
Vac_50,50,SOC,N0,1,1,1,1
Vac_50,50,SOC,Year0,2024,2024,2024,2024
Vac_50,50,SOC,Year_Life,33.81118297319764,33.81118476135541,33.8110814225577,33.811281748912705
Vac_50,50,SOC,Year_Immunised,0,0,0,0
Vac_50,50,SOC,Risk_HZ,0.23520149570550458,0.2351550353409842,0.23125603221857374,0.23934800498500544
Vac_50,50,SOC,Risk_Hosp,0.006495138566929746,0.006470888887010438,0.005709830451966885,0.00737267357811615
Vac_50,50,SOC,Risk_PHN,0.014709499032508953,0.014699583558848086,0.01389549896981667,0.015545122470554425
Vac_50,50,SOC,Risk_Death,1.225653236712081e-4,1.2229975984668674e-4,1.0690295916625864e-4,1.394907913051881e-4
Vac_50,50,SOC,Q_Life,26.50871742001047,26.50871897169567,26.508647198642084,26.50878543571837
Vac_50,50,SOC,Q_HZ,-0.03028808656775569,-0.030190175538883167,-0.03344181265908884,-0.027716585164886672
Vac_50,50,SOC,Q_HZ_Norm,-0.011398412353733801,-0.01137212367522036,-0.012505221985412268,-0.010372388910503781
Vac_50,50,SOC,Q_All,26.46120304827464,26.461304433688568,26.45805140670259,26.463763435996686
Vac_50,50,SOC,Q_HZ_d,-0.015009836238619888,-0.014983874848801045,-0.016331452699308822,-0.013871233487312768
Vac_50,50,SOC,Q_HZ_Norm_d,-0.006091770030439995,-0.006084802562401434,-0.006624030214854144,-0.005583412942994612
Vac_50,50,SOC,Q_Life_d,15.575332386381572,15.575332697512952,15.575311021252206,15.575351460073692
Vac_50,50,SOC,Q_All_d,15.560322550142951,15.560348453952653,15.558991291780636,15.561463743403696
Vac_50,50,SOC,C_Hosp,26.94190689185397,26.840423564152537,23.417436298005644,31.109463219773602
Vac_50,50,SOC,C_GP_NonPHN,27.357356793972418,27.3596036387602,26.765960388835804,27.964031522934043
Vac_50,50,SOC,C_GP_PHN,8.141814270626028,8.135159057233182,7.482808436178285,8.83981540936933
Vac_50,50,SOC,C_GP,35.49917106459845,35.490029616395134,34.61613516592778,36.455383035886655
Vac_50,50,SOC,C_Med,62.44107795645242,62.37714661224578,58.88686217912093,66.58550427176262
Vac_50,50,SOC,C_VacZVL,0,0,0,0
Vac_50,50,SOC,C_VacRZV,0,0,0,0
Vac_50,50,SOC,C_Vac,0,0,0,0
Vac_50,50,SOC,C_All,62.44107795645242,62.37714661224578,58.88686217912093,66.58550427176262
Vac_50,50,SOC,C_Hosp_d,9.202046607818804,9.173538937960448,8.086963446818526,10.550636769283182
Vac_50,50,SOC,C_GP_NonPHN_d,14.46910994213274,14.468329552060581,14.15650350649518,14.811281737304032
Vac_50,50,SOC,C_GP_PHN_d,3.676225965358629,3.6746558227616424,3.37869454032232,3.986696979866647
Vac_50,50,SOC,C_GP_d,18.14533590749137,18.141783139218315,17.714262833152027,18.62321485463458
Vac_50,50,SOC,C_Med_d,27.347382515310173,27.318728631048575,26.16708536943875,28.713640360689464
Vac_50,50,SOC,C_VacZVL_d,0,0,0,0
Vac_50,50,SOC,C_VacRZV_d,0,0,0,0
Vac_50,50,SOC,C_Vac_d,0,0,0,0
Vac_50,50,SOC,C_All_d,27.347382515310173,27.318728631048575,26.16708536943875,28.713640360689464
Vac_50,50,SOC,N_VacZVL,0,0,0,0
Vac_50,50,SOC,N_VacRZV,0,0,0,0
Vac_50,50,SOC,N_VacZVL_d,0,0,0,0
Vac_50,50,SOC,N_VacRZV_d,0,0,0,0
Vac_51,51,RZV_1d,N0,1,1,1,1
Vac_51,51,RZV_1d,Year0,2024,2024,2024,2024
Vac_51,51,RZV_1d,Year_Life,32.897145438092586,32.897146183983835,32.89695236965258,32.897339730655645
Vac_51,51,RZV_1d,Year_Immunised,21.255200481825835,21.31890492473312,16.248003448488475,26.06124356937671
Vac_51,51,RZV_1d,Risk_HZ,0.09123080825557753,0.09084944300274778,0.05222497629848038,0.13132591636363217
Vac_51,51,RZV_1d,Risk_Hosp,0.003298449646308376,0.0032935854430387506,0.0017740259614567164,0.0048359651085356815
Vac_51,51,RZV_1d,Risk_PHN,0.0064701955347403915,0.0064374455753706894,0.003579772140828197,0.009393828144096165
Vac_51,51,RZV_1d,Risk_Death,6.72936136084822e-5,6.739368070734863e-5,3.59506490525995e-5,9.671612985840018e-5
Vac_51,51,RZV_1d,Q_Life,25.75247750399584,25.752478097722896,25.752344464315044,25.752611257205015
Vac_51,51,RZV_1d,Q_HZ,-0.012271442322390125,-0.012093708819754814,-0.017730528706247733,-0.006896419286524814
Vac_51,51,RZV_1d,Q_HZ_Norm,-0.004296598666716231,-0.004254300194727409,-0.006260280613297082,-0.0024645277021155777
Vac_51,51,RZV_1d,Q_All,25.72293136801589,25.723105557696485,25.717292139635635,25.728443964175202
Vac_51,51,RZV_1d,Q_HZ_d,-0.0054072706523428495,-0.005336079234863412,-0.007845830505433023,-0.003133023834565745
Vac_51,51,RZV_1d,Q_HZ_Norm_d,-0.002016115073560011,-0.0019884410770140497,-0.002934376897286158,-0.0011920287830624987
Vac_51,51,RZV_1d,Q_Life_d,15.308082369942472,15.308082932569906,15.308044766658487,15.308119852002038
Vac_51,51,RZV_1d,Q_All_d,15.302675099290129,15.302744853697083,15.30020495604282,15.3049868497273
Vac_51,51,RZV_1d,C_Hosp,14.020358890727676,13.995479222294554,7.484052644696666,20.69645370566513
Vac_51,51,RZV_1d,C_GP_NonPHN,10.417873178640779,10.372757982306425,6.000749576865888,14.945576535611217
Vac_51,51,RZV_1d,C_GP_PHN,3.5529474676217476,3.5310605406698006,1.9545168365029986,5.202672565047362
Vac_51,51,RZV_1d,C_GP,13.970820646262526,13.92509247694295,7.944261039732989,20.176404699290654
Vac_51,51,RZV_1d,C_Med,27.991179536990202,27.827242418592014,15.503694014572375,40.68164118574607
Vac_51,51,RZV_1d,C_VacZVL,0,0,0,0
Vac_51,51,RZV_1d,C_VacRZV,85,85,85,85
Vac_51,51,RZV_1d,C_Vac,85,85,85,85
Vac_51,51,RZV_1d,C_All,112.9911795369902,112.82724241859202,100.50369401457237,125.68164118574607
Vac_51,51,RZV_1d,C_Hosp_d,4.622699610052169,4.593673780904691,2.4793034361147277,6.85841537253516
Vac_51,51,RZV_1d,C_GP_NonPHN_d,4.860641024294126,4.811203175781605,2.8334401128200737,6.995644524776691
Vac_51,51,RZV_1d,C_GP_PHN_d,1.4753842786853986,1.4640129277773213,0.8253000369890049,2.1650710342341437
Vac_51,51,RZV_1d,C_GP_d,6.336025302979524,6.293455121433059,3.674497581437823,9.156669656172962
Vac_51,51,RZV_1d,C_Med_d,10.958724913031693,10.853768693434816,6.30150083663369,15.874170517368555
Vac_51,51,RZV_1d,C_VacZVL_d,0,0,0,0
Vac_51,51,RZV_1d,C_VacRZV_d,85,85,85,85
Vac_51,51,RZV_1d,C_Vac_d,85,85,85,85
Vac_51,51,RZV_1d,C_All_d,95.95872491303169,95.8537686934348,91.30150083663368,100.87417051736855
Vac_51,51,RZV_1d,N_VacZVL,0,0,0,0
Vac_51,51,RZV_1d,N_VacRZV,1,1,1,1
Vac_51,51,RZV_1d,N_VacZVL_d,0,0,0,0
Vac_51,51,RZV_1d,N_VacRZV_d,1,1,1,1
Vac_51,51,RZV_2d,N0,1,1,1,1
Vac_51,51,RZV_2d,Year0,2024,2024,2024,2024
Vac_51,51,RZV_2d,Year_Life,32.897159638021556,32.89715912068025,32.896956322220056,32.897373540835794
Vac_51,51,RZV_2d,Year_Immunised,21.949134979921087,21.992027877681146,16.467437463058328,27.286008381365225
Vac_51,51,RZV_2d,Risk_HZ,0.08657735180953563,0.08597303771253442,0.043499118188095265,0.12987682676108597
Vac_51,51,RZV_2d,Risk_Hosp,0.003188669337525409,0.0031910365644462336,0.0015196411100632777,0.0048221367069784995
Vac_51,51,RZV_2d,Risk_PHN,0.006196463336422542,0.006182483316266302,0.003043758903284511,0.009315594857888467
Vac_51,51,RZV_2d,Risk_Death,6.535983279545285e-5,6.560249959279836e-5,3.138645959215438e-5,9.644849063298806e-5
Vac_51,51,RZV_2d,Q_Life,25.752487416720847,25.7524872945452,25.75234805664092,25.752634647994014
Vac_51,51,RZV_2d,Q_HZ,-0.01168375314706033,-0.011539576595138528,-0.017462397684198012,-0.005836982932564179
Vac_51,51,RZV_2d,Q_HZ_Norm,-0.004068449083590204,-0.004045773456618084,-0.006178104822200138,-0.002038466954365101
Vac_51,51,RZV_2d,Q_All,25.723528846021626,25.723672890638987,25.717641099155937,25.72951702757289
Vac_51,51,RZV_2d,Q_HZ_d,-0.005087514318992442,-0.005001867055852977,-0.0076883091672103375,-0.002596586606375374
Vac_51,51,RZV_2d,Q_HZ_Norm_d,-0.0018830009621922943,-0.0018702508660373113,-0.0028797195908647545,-9.708759001120829e-4
Vac_51,51,RZV_2d,Q_Life_d,15.3080853666361,15.308085645980618,15.308046126492018,15.30812608368094
Vac_51,51,RZV_2d,Q_All_d,15.302997852317107,15.30308219250308,15.300355622011157,15.305529024213321
Vac_51,51,RZV_2d,C_Hosp,13.573673281286744,13.600185120751838,6.4963401068486,20.591455335922834
Vac_51,51,RZV_2d,C_GP_NonPHN,9.872009318912925,9.824915810705901,4.995102613589625,14.83578234535569
Vac_51,51,RZV_2d,C_GP_PHN,3.400648867265312,3.376792507350392,1.663314913231458,5.138778387731252
Vac_51,51,RZV_2d,C_GP,13.272658186178235,13.230289056073996,6.657616083121295,19.94016233208163
Vac_51,51,RZV_2d,C_Med,26.84633146746498,26.62747360921457,13.118662050585238,40.2065915552859
Vac_51,51,RZV_2d,C_VacZVL,0,0,0,0
Vac_51,51,RZV_2d,C_VacRZV,170,170,170,170
Vac_51,51,RZV_2d,C_Vac,170,170,170,170
Vac_51,51,RZV_2d,C_All,196.84633146746498,196.62747360921458,183.11866205058527,210.20659155528594
Vac_51,51,RZV_2d,C_Hosp_d,4.456211972439056,4.444407645785711,2.1293311234738095,6.796435061792918
Vac_51,51,RZV_2d,C_GP_NonPHN_d,4.545486470627096,4.52852786533524,2.330780331747428,6.849300297611047
Vac_51,51,RZV_2d,C_GP_PHN_d,1.4001080914018633,1.386692159250143,0.6977859652359104,2.1362291561416598
Vac_51,51,RZV_2d,C_GP_d,5.945594562028959,5.922238740165209,3.0250878290752765,8.989157061003569
Vac_51,51,RZV_2d,C_Med_d,10.401806534468015,10.299836330279577,5.209595415145674,15.618031040225338
Vac_51,51,RZV_2d,C_VacZVL_d,0,0,0,0
Vac_51,51,RZV_2d,C_VacRZV_d,170,170,170,170
Vac_51,51,RZV_2d,C_Vac_d,170,170,170,170
Vac_51,51,RZV_2d,C_All_d,180.40180653446802,180.29983633027956,175.20959541514566,185.6180310402253
Vac_51,51,RZV_2d,N_VacZVL,0,0,0,0
Vac_51,51,RZV_2d,N_VacRZV,2,2,2,2
Vac_51,51,RZV_2d,N_VacZVL_d,0,0,0,0
Vac_51,51,RZV_2d,N_VacRZV_d,2,2,2,2
Vac_51,51,SOC,N0,1,1,1,1
Vac_51,51,SOC,Year0,2024,2024,2024,2024
Vac_51,51,SOC,Year_Life,32.8967310482968,32.89673305209405,32.89662924459088,32.89683002887866
Vac_51,51,SOC,Year_Immunised,0,0,0,0
Vac_51,51,SOC,Risk_HZ,0.23226228311419622,0.232206548232619,0.22833309777041474,0.2363951075263834
Vac_51,51,SOC,Risk_Hosp,0.006498369987934629,0.006473797452149707,0.005711448580869165,0.0073808928962800216
Vac_51,51,SOC,Risk_PHN,0.01464973425482679,0.014645097846612259,0.013841671794147711,0.015489640829864352
Vac_51,51,SOC,Risk_Death,1.228581544772029e-4,1.2258964566713016e-4,1.0712993715810391e-4,1.3982683237877182e-4
Vac_51,51,SOC,Q_Life,25.75218782823206,25.752189385793656,25.752117237255796,25.75225598070194
Vac_51,51,SOC,Q_HZ,-0.030003924347267952,-0.029899338853666524,-0.03315498766964178,-0.027437103273795272
Vac_51,51,SOC,Q_HZ_Norm,-0.011229417853115013,-0.011205080533798255,-0.012322470714654442,-0.010206538811334308
Vac_51,51,SOC,Q_All,25.704912704897595,25.705027313109376,25.701778738419847,25.70748904694965
Vac_51,51,SOC,Q_HZ_d,-0.01519984365376554,-0.015169611019040805,-0.016548291267065036,-0.014046391823519052
Vac_51,51,SOC,Q_HZ_Norm_d,-0.0061157524919409545,-0.006108133945242216,-0.0066524074188925655,-0.005601958017605222
Vac_51,51,SOC,Q_Life_d,15.307994139759254,15.307994466803004,15.307972057532972,15.308013763639705
Vac_51,51,SOC,Q_All_d,15.29279429610549,15.292820930775381,15.291434646323484,15.293955965427623
Vac_51,51,SOC,C_Hosp,26.978355985274902,26.882382816421714,23.446577283505793,31.141625240020836
Vac_51,51,SOC,C_GP_NonPHN,26.9895578478491,26.993851085460562,26.39719600029858,27.593419484952225
Vac_51,51,SOC,C_GP_PHN,8.10689009309892,8.099708399581885,7.454970770137688,8.816711555475479
Vac_51,51,SOC,C_GP,35.09644794094802,35.08616461034096,34.202955683319125,36.053675435594414
Vac_51,51,SOC,C_Med,62.07480392622292,62.003454428355965,58.50741459374826,66.21867889310484
Vac_51,51,SOC,C_VacZVL,0,0,0,0
Vac_51,51,SOC,C_VacRZV,0,0,0,0
Vac_51,51,SOC,C_Vac,0,0,0,0
Vac_51,51,SOC,C_All,62.07480392622292,62.003454428355965,58.50741459374826,66.21867889310484
Vac_51,51,SOC,C_Hosp_d,9.513971345832866,9.48428686276283,8.349909177642669,10.914804870559564
Vac_51,51,SOC,C_GP_NonPHN_d,14.56007744374843,14.561738449317943,14.247485204822114,14.898849357554182
Vac_51,51,SOC,C_GP_PHN_d,3.7566967861479554,3.755594709443405,3.452596074384565,4.074402827644986
Vac_51,51,SOC,C_GP_d,18.316774229896385,18.31205425273924,17.870874704288113,18.80203565683115
Vac_51,51,SOC,C_Med_d,27.830745575729253,27.793981508583727,26.604584233328435,29.230823311374145
Vac_51,51,SOC,C_VacZVL_d,0,0,0,0
Vac_51,51,SOC,C_VacRZV_d,0,0,0,0
Vac_51,51,SOC,C_Vac_d,0,0,0,0
Vac_51,51,SOC,C_All_d,27.830745575729253,27.793981508583727,26.604584233328435,29.230823311374145
Vac_51,51,SOC,N_VacZVL,0,0,0,0
Vac_51,51,SOC,N_VacRZV,0,0,0,0
Vac_51,51,SOC,N_VacZVL_d,0,0,0,0
Vac_51,51,SOC,N_VacRZV_d,0,0,0,0
Vac_52,52,RZV_1d,N0,1,1,1,1
Vac_52,52,RZV_1d,Year0,2024,2024,2024,2024
Vac_52,52,RZV_1d,Year_Life,31.986748966324672,31.98674979036364,31.986557331684303,31.98693983767067
Vac_52,52,RZV_1d,Year_Immunised,20.830215812947685,20.888253821880497,16.02875586588344,25.451712877039796
Vac_52,52,RZV_1d,Risk_HZ,0.08828571271252093,0.08775150707294578,0.050907540363660644,0.12715170002677892
Vac_52,52,RZV_1d,Risk_Hosp,0.003242665387164294,0.0032328667654554968,0.0017456610260762739,0.004769873831328794
Vac_52,52,RZV_1d,Risk_PHN,0.006313292937851173,0.006279913204700177,0.00350391967115542,0.009188505806053349
Vac_52,52,RZV_1d,Risk_Death,6.638815927938607e-5,6.644110825590603e-5,3.555303849501969e-5,9.579950120350213e-5
Vac_52,52,RZV_1d,Q_Life,25.00138889979774,25.001389714079583,25.00125694470813,25.00152008859472
Vac_52,52,RZV_1d,Q_HZ,-0.011911074630351074,-0.011727861072307227,-0.017261271708959563,-0.0066993209385720525
Vac_52,52,RZV_1d,Q_HZ_Norm,-0.004149186224184719,-0.004104216956088359,-0.006058519846874604,-0.002394279457562563
Vac_52,52,RZV_1d,Q_All,24.972154541668502,24.972327007330257,24.96663018344782,24.977477768682576
Vac_52,52,RZV_1d,Q_HZ_d,-0.005370691311339644,-0.005302448527404553,-0.007804244934020738,-0.0031204867647326483
Vac_52,52,RZV_1d,Q_HZ_Norm_d,-0.001987441526998157,-0.0019598772696623737,-0.002894335823237435,-0.0011797487977174186
Vac_52,52,RZV_1d,Q_Life_d,15.036160736687908,15.03616137893204,15.036122286462934,15.036198766802393
Vac_52,52,RZV_1d,Q_All_d,15.030790045376568,15.030861999995642,15.028328554641343,15.033078186201012
Vac_52,52,RZV_1d,C_Hosp,13.799133037374736,13.77236589434436,7.36812790089833,20.395293698713537
Vac_52,52,RZV_1d,C_GP_NonPHN,10.068748832400024,10.016815607068233,5.807534147265675,14.479645531341607
Vac_52,52,RZV_1d,C_GP_PHN,3.4652893912778393,3.4429805245845886,1.9052905906211068,5.084342675298069
Vac_52,52,RZV_1d,C_GP,13.534038223677863,13.495928783379867,7.701093869567221,19.595627099768933
Vac_52,52,RZV_1d,C_Med,27.3331712610526,27.128641666660123,15.132063494737785,39.81557874341189
Vac_52,52,RZV_1d,C_VacZVL,0,0,0,0
Vac_52,52,RZV_1d,C_VacRZV,85,85,85,85
Vac_52,52,RZV_1d,C_Vac,85,85,85,85
Vac_52,52,RZV_1d,C_All,112.3331712610526,112.12864166666012,100.13206349473779,124.81557874341188
Vac_52,52,RZV_1d,C_Hosp_d,4.69303518050479,4.661719454975265,2.5095794447595203,6.972904638646949
Vac_52,52,RZV_1d,C_GP_NonPHN_d,4.798642770685014,4.753202259629859,2.8026706739240996,6.91611289369467
Vac_52,52,RZV_1d,C_GP_PHN_d,1.4778015123026547,1.4672762810157467,0.8266408820287019,2.1731014346122173
Vac_52,52,RZV_1d,C_GP_d,6.2764442829876685,6.226750857032722,3.6321841187999757,9.07239420376153
Vac_52,52,RZV_1d,C_Med_d,10.969479463492458,10.868337286372533,6.337465293865223,15.905666956079742
Vac_52,52,RZV_1d,C_VacZVL_d,0,0,0,0
Vac_52,52,RZV_1d,C_VacRZV_d,85,85,85,85
Vac_52,52,RZV_1d,C_Vac_d,85,85,85,85
Vac_52,52,RZV_1d,C_All_d,95.96947946349246,95.86833728637254,91.33746529386522,100.90566695607974
Vac_52,52,RZV_1d,N_VacZVL,0,0,0,0
Vac_52,52,RZV_1d,N_VacRZV,1,1,1,1
Vac_52,52,RZV_1d,N_VacZVL_d,0,0,0,0
Vac_52,52,RZV_1d,N_VacRZV_d,1,1,1,1
Vac_52,52,RZV_2d,N0,1,1,1,1
Vac_52,52,RZV_2d,Year0,2024,2024,2024,2024
Vac_52,52,RZV_2d,Year_Life,31.986763410088674,31.98676288903914,31.98656180738569,31.986973288296145
Vac_52,52,RZV_2d,Year_Immunised,21.50944680831066,21.558020294808163,16.242750013925136,26.62306168045233
Vac_52,52,RZV_2d,Risk_HZ,0.08364706707148055,0.08309246132175227,0.04190337124854125,0.12574828792046286
Vac_52,52,RZV_2d,Risk_Hosp,0.003131205819950518,0.0031289075290761486,0.0014913279542649864,0.004756026479017331
Vac_52,52,RZV_2d,Risk_PHN,0.006037180656661426,0.006012939575087799,0.0029677418382985515,0.009103943417312743
Vac_52,52,RZV_2d,Risk_Death,6.441870708845602e-5,6.45963193955698e-5,3.082194312626126e-5,9.537587775520419e-5
Vac_52,52,RZV_2d,Q_Life,25.001398980945822,25.001399096435907,25.00126068252068,25.00154322998693
Vac_52,52,RZV_2d,Q_HZ,-0.01132281940798344,-0.011172190531457616,-0.01696308075923835,-0.005673589777211206
Vac_52,52,RZV_2d,Q_HZ_Norm,-0.003922462237978234,-0.0038950379756064277,-0.005975520148676756,-0.0019680220307433287
Vac_52,52,RZV_2d,Q_All,24.972752751861005,24.972904985343888,24.967010463940632,24.978538711706122
Vac_52,52,RZV_2d,Q_HZ_d,-0.005044572395418739,-0.004960199891796668,-0.007622818566916439,-0.0025824113618653378
Vac_52,52,RZV_2d,Q_HZ_Norm_d,-0.0018530759885644601,-0.0018376036542060426,-0.0028334230037958237,-9.534423386651566e-4
Vac_52,52,RZV_2d,Q_Life_d,15.0361638850922,15.03616422254667,15.036123508565952,15.036205205597247
Vac_52,52,RZV_2d,Q_All_d,15.03111931269678,15.031205468332733,15.028497655267401,15.033621890258722
Vac_52,52,RZV_2d,C_Hosp,13.344988768238391,13.337553589833195,6.379227964916147,20.291114116826158
Vac_52,52,RZV_2d,C_GP_NonPHN,9.525279256158862,9.482304107569991,4.805729011784627,14.332038990303706
Vac_52,52,RZV_2d,C_GP_PHN,3.3117130207676118,3.28475023713988,1.6198621322554803,5.01793804271421
Vac_52,52,RZV_2d,C_GP,12.836992276926475,12.798064371327426,6.416831003413012,19.324122654799815
Vac_52,52,RZV_2d,C_Med,26.181981045164864,25.927894618596603,12.80502476886707,39.36363896488541
Vac_52,52,RZV_2d,C_VacZVL,0,0,0,0
Vac_52,52,RZV_2d,C_VacRZV,170,170,170,170
Vac_52,52,RZV_2d,C_Vac,170,170,170,170
Vac_52,52,RZV_2d,C_All,196.18198104516486,195.92789461859658,182.80502476886704,209.3636389648854
Vac_52,52,RZV_2d,C_Hosp_d,4.518501936788393,4.502926308543751,2.1653506550420647,6.917854651099255
Vac_52,52,RZV_2d,C_GP_NonPHN_d,4.479621951475372,4.455965923152615,2.3030959994509503,6.763434451264553
Vac_52,52,RZV_2d,C_GP_PHN_d,1.4001155872448416,1.3861893291295382,0.6984345985429614,2.140289088537794
Vac_52,52,RZV_2d,C_GP_d,5.879737538720214,5.852805650181625,3.0064135975942485,8.908456909014133
Vac_52,52,RZV_2d,C_Med_d,10.398239475508607,10.28582505195675,5.196939491317819,15.640484167997114
Vac_52,52,RZV_2d,C_VacZVL_d,0,0,0,0
Vac_52,52,RZV_2d,C_VacRZV_d,170,170,170,170
Vac_52,52,RZV_2d,C_Vac_d,170,170,170,170
Vac_52,52,RZV_2d,C_All_d,180.3982394755086,180.28582505195675,175.1969394913178,185.6404841679971
Vac_52,52,RZV_2d,N_VacZVL,0,0,0,0
Vac_52,52,RZV_2d,N_VacRZV,2,2,2,2
Vac_52,52,RZV_2d,N_VacZVL_d,0,0,0,0
Vac_52,52,RZV_2d,N_VacRZV_d,2,2,2,2
Vac_52,52,SOC,N0,1,1,1,1
Vac_52,52,SOC,Year0,2024,2024,2024,2024
Vac_52,52,SOC,Year_Life,31.98632607129731,31.986327754211985,31.986223713258045,31.986425268077042
Vac_52,52,SOC,Year_Immunised,0,0,0,0
Vac_52,52,SOC,Risk_HZ,0.2291501764360861,0.22911979789296016,0.22527930261558998,0.2332360647268904
Vac_52,52,SOC,Risk_Hosp,0.0065016198673791365,0.006474131156174238,0.005716551760114361,0.007387256108372103
Vac_52,52,SOC,Risk_PHN,0.014586380688741593,0.014578714957482386,0.013775926824628288,0.015432110806033055
Vac_52,52,SOC,Risk_Death,1.231713909020251e-4,1.2289948076574424e-4,1.0737053357805366e-4,1.401865008500327e-4
Vac_52,52,SOC,Q_Life,25.001093335755453,25.001094795941494,25.00102233952784,25.001161632122635
Vac_52,52,SOC,Q_HZ,-0.029699370419293922,-0.02957736939384457,-0.03284093125256333,-0.027131980218157034
Vac_52,52,SOC,Q_HZ_Norm,-0.011051781803782178,-0.011021779693725258,-0.012141733523258797,-0.010036493040058927
Vac_52,52,SOC,Q_All,24.954074253118304,24.954197711170313,24.95094877452199,24.95665430382637
Vac_52,52,SOC,Q_HZ_d,-0.015373586130490943,-0.015342393016104214,-0.016761984859563313,-0.01419312981062968
Vac_52,52,SOC,Q_HZ_Norm_d,-0.00613108396235599,-0.006120722620482256,-0.006677643347407411,-0.005607958177935157
Vac_52,52,SOC,Q_Life_d,15.036067750240683,15.036067985303076,15.036044935023826,15.036087955102074
Vac_52,52,SOC,Q_All_d,15.020694164110193,15.020728014189668,15.019307380090849,15.021874340714033
Vac_52,52,SOC,C_Hosp,27.01629734344452,26.924733515799304,23.47642745485781,31.188630578665418
Vac_52,52,SOC,C_GP_NonPHN,26.600155740473895,26.60330902991224,26.00778923128839,27.191583870378523
Vac_52,52,SOC,C_GP_PHN,8.06986765782997,8.062769779925253,7.41742109799571,8.775001422439496
Vac_52,52,SOC,C_GP,34.67002339830386,34.65810129921694,33.775821352868505,35.6205104704675
Vac_52,52,SOC,C_Med,61.68632074174838,61.624010551688905,58.10763574051161,65.81182058200055
Vac_52,52,SOC,C_VacZVL,0,0,0,0
Vac_52,52,SOC,C_VacRZV,0,0,0,0
Vac_52,52,SOC,C_Vac,0,0,0,0
Vac_52,52,SOC,C_All,61.68632074174838,61.624010551688905,58.10763574051161,65.81182058200055
Vac_52,52,SOC,C_Hosp_d,9.835456821889421,9.80420099672228,8.619245206390527,11.289304902836228
Vac_52,52,SOC,C_GP_NonPHN_d,14.630513725710829,14.633076303286206,14.303361018002253,14.969096849419206
Vac_52,52,SOC,C_GP_PHN_d,3.8372159795507814,3.836360427490878,3.531995721955671,4.159962083575591
Vac_52,52,SOC,C_GP_d,18.46772970526161,18.464519253696558,18.00582816142251,18.954829696353904
Vac_52,52,SOC,C_Med_d,28.30318652715103,28.265158307199947,27.04925456597386,29.76372272531961
Vac_52,52,SOC,C_VacZVL_d,0,0,0,0
Vac_52,52,SOC,C_VacRZV_d,0,0,0,0
Vac_52,52,SOC,C_Vac_d,0,0,0,0
Vac_52,52,SOC,C_All_d,28.30318652715103,28.265158307199947,27.04925456597386,29.76372272531961
Vac_52,52,SOC,N_VacZVL,0,0,0,0
Vac_52,52,SOC,N_VacRZV,0,0,0,0
Vac_52,52,SOC,N_VacZVL_d,0,0,0,0
Vac_52,52,SOC,N_VacRZV_d,0,0,0,0
Vac_53,53,RZV_1d,N0,1,1,1,1
Vac_53,53,RZV_1d,Year0,2024,2024,2024,2024
Vac_53,53,RZV_1d,Year_Life,31.080583042279535,31.08058398078289,31.080393380930445,31.08077080093298
Vac_53,53,RZV_1d,Year_Immunised,20.400080361541104,20.469796508587564,15.797781827721042,24.823954283450238
Vac_53,53,RZV_1d,Risk_HZ,0.08533413409921975,0.08488588015183246,0.04939670575588698,0.12294298227771006
Vac_53,53,RZV_1d,Risk_Hosp,0.003185909896024343,0.0031744851723837786,0.0017203049618089194,0.0047041925186701245
Vac_53,53,RZV_1d,Risk_PHN,0.006154451229161447,0.006123008731458526,0.0034412848578221264,0.00897942456488814
Vac_53,53,RZV_1d,Risk_Death,6.546598055125735e-5,6.546676311676154e-5,3.507984965148343e-5,9.47840543092846e-5
Vac_53,53,RZV_1d,Q_Life,24.25567542593159,24.25567636206206,24.25554444677764,24.255804671926764
Vac_53,53,RZV_1d,Q_HZ,-0.011548448219857616,-0.011365024114963741,-0.01679337852295643,-0.006542530554008165
Vac_53,53,RZV_1d,Q_HZ_Norm,-0.004001898774517558,-0.003954316812137095,-0.005857756349180341,-0.002316749376708153
Vac_53,53,RZV_1d,Q_All,24.226751171537888,24.226934179760782,24.221359168571254,24.231891910111585
Vac_53,53,RZV_1d,Q_HZ_d,-0.0053271196730909345,-0.005257601847034348,-0.007761458809185803,-0.0031022070454340897
Vac_53,53,RZV_1d,Q_HZ_Norm_d,-0.0019563123692483476,-0.0019271236515229916,-0.00285029518367617,-0.0011583217424922148
Vac_53,53,RZV_1d,Q_Life_d,14.759421871124227,14.759422451705355,14.759382678392543,14.759460330115871
Vac_53,53,RZV_1d,Q_All_d,14.754094751451136,14.754163742637896,14.751621011155374,14.756357919343952
Vac_53,53,RZV_1d,C_Hosp,13.57383103467537,13.538416239983935,7.2513690277045635,20.067545773397487
Vac_53,53,RZV_1d,C_GP_NonPHN,9.719159038895333,9.660177123866976,5.6299695033894706,13.981553461769064
Vac_53,53,RZV_1d,C_GP_PHN,3.376564011158313,3.3526867114043535,1.8568843774686925,4.962620865317624
Vac_53,53,RZV_1d,C_GP,13.095723050053644,13.041912207699403,7.49446652478426,18.99274225121209
Vac_53,53,RZV_1d,C_Med,26.669554084729015,26.458918197008508,14.851156292435357,38.937246764982326
Vac_53,53,RZV_1d,C_VacZVL,0,0,0,0
Vac_53,53,RZV_1d,C_VacRZV,85,85,85,85
Vac_53,53,RZV_1d,C_Vac,85,85,85,85
Vac_53,53,RZV_1d,C_All,111.66955408472901,111.4589181970085,99.85115629243535,123.93724676498233
Vac_53,53,RZV_1d,C_Hosp_d,4.761139943479556,4.729406598936629,2.558914005725798,7.083866618885018
Vac_53,53,RZV_1d,C_GP_NonPHN_d,4.730313365990636,4.6810584133061255,2.7839272088517193,6.8262711032368175
Vac_53,53,RZV_1d,C_GP_PHN_d,1.4785753251884943,1.4657980086647422,0.8326612467428224,2.1777697641906193
Vac_53,53,RZV_1d,C_GP_d,6.20888869117913,6.150089784680324,3.6051021968724477,8.980564191622841
Vac_53,53,RZV_1d,C_Med_d,10.970028634658686,10.869401438668255,6.319249098211596,15.919111917498626
Vac_53,53,RZV_1d,C_VacZVL_d,0,0,0,0
Vac_53,53,RZV_1d,C_VacRZV_d,85,85,85,85
Vac_53,53,RZV_1d,C_Vac_d,85,85,85,85
Vac_53,53,RZV_1d,C_All_d,95.97002863465869,95.86940143866825,91.3192490982116,100.91911191749863
Vac_53,53,RZV_1d,N_VacZVL,0,0,0,0
Vac_53,53,RZV_1d,N_VacRZV,1,1,1,1
Vac_53,53,RZV_1d,N_VacZVL_d,0,0,0,0
Vac_53,53,RZV_1d,N_VacRZV_d,1,1,1,1
Vac_53,53,RZV_2d,N0,1,1,1,1
Vac_53,53,RZV_2d,Year0,2024,2024,2024,2024
Vac_53,53,RZV_2d,Year_Life,31.08059773408364,31.080597387088993,31.08039801973177,31.08080429822102
Vac_53,53,RZV_2d,Year_Immunised,21.064473153242588,21.10800902592142,16.010985084310096,25.958462350503353
Vac_53,53,RZV_2d,Risk_HZ,0.080715222515741,0.08023871330915952,0.04036006336515064,0.12156900182344109
Vac_53,53,RZV_2d,Risk_Hosp,0.0030727550539898377,0.003066144087169492,0.0014585115066535256,0.0046866304057172235
Vac_53,53,RZV_2d,Risk_PHN,0.005876019670331715,0.005845269363104816,0.0028878441601597467,0.008887555940029544
Vac_53,53,RZV_2d,Risk_Death,6.345978953573299e-5,6.358221500393144e-5,3.034341761016647e-5,9.427304599134788e-5
Vac_53,53,RZV_2d,Q_Life,24.255685678130323,24.255686028545412,24.25554864358045,24.255827574427958
Vac_53,53,RZV_2d,Q_HZ,-0.010960184336665759,-0.010807989607310154,-0.01645646058170992,-0.005522025656694208
Vac_53,53,RZV_2d,Q_HZ_Norm,-0.0037768515318500895,-0.0037481650372774514,-0.005771188040891194,-0.0018991555980864946
Vac_53,53,RZV_2d,Q_All,24.227349559083006,24.22749498390648,24.221761393809082,24.232920224699807
Vac_53,53,RZV_2d,Q_HZ_d,-0.004994947837279121,-0.004911477806336594,-0.007558340097165262,-0.00256343666146822
Vac_53,53,RZV_2d,Q_HZ_Norm_d,-0.0018208822766456573,-0.0018015984657007533,-0.0027823892223502933,-9.412596768223324e-4
Vac_53,53,RZV_2d,Q_Life_d,14.759425178254357,14.759425560689515,14.759383814090308,14.759467043582156
Vac_53,53,RZV_2d,Q_All_d,14.754430230417078,14.754507826533882,14.75182320522657,14.756910539154994
Vac_53,53,RZV_2d,C_Hosp,13.112100957256839,13.085525893206782,6.260544505215263,20.001543627755535
Vac_53,53,RZV_2d,C_GP_NonPHN,9.178706024667632,9.132115279456702,4.617627045638797,13.83185951338848
Vac_53,53,RZV_2d,C_GP_PHN,3.2217471894775573,3.1929642836081857,1.574185241376595,4.894228350040581
Vac_53,53,RZV_2d,C_GP,12.400453214145188,12.349208385055105,6.176649432910435,18.70410421792673
Vac_53,53,RZV_2d,C_Med,25.512554171402027,25.264552267542854,12.493271828337326,38.52547852362297
Vac_53,53,RZV_2d,C_VacZVL,0,0,0,0
Vac_53,53,RZV_2d,C_VacRZV,170,170,170,170
Vac_53,53,RZV_2d,C_Vac,170,170,170,170
Vac_53,53,RZV_2d,C_All,195.51255417140203,195.26455226754285,182.49327182833733,208.52547852362298
Vac_53,53,RZV_2d,C_Hosp_d,4.578218051196228,4.557735707998717,2.195426790531559,7.035855170115416
Vac_53,53,RZV_2d,C_GP_NonPHN_d,4.407869219877473,4.38422933859542,2.272185026839448,6.66123027496506
Vac_53,53,RZV_2d,C_GP_PHN_d,1.398432782804316,1.3831516903467187,0.697130094919779,2.1408342370697304
Vac_53,53,RZV_2d,C_GP_d,5.8063020026817895,5.775680635900284,2.9702086891061934,8.805068844446634
Vac_53,53,RZV_2d,C_Med_d,10.384520053878017,10.255898589359331,5.179386789775357,15.648472922073852
Vac_53,53,RZV_2d,C_VacZVL_d,0,0,0,0
Vac_53,53,RZV_2d,C_VacRZV_d,170,170,170,170
Vac_53,53,RZV_2d,C_Vac_d,170,170,170,170
Vac_53,53,RZV_2d,C_All_d,180.38452005387802,180.25589858935933,175.17938678977535,185.64847292207386
Vac_53,53,RZV_2d,N_VacZVL,0,0,0,0
Vac_53,53,RZV_2d,N_VacRZV,2,2,2,2
Vac_53,53,RZV_2d,N_VacZVL_d,0,0,0,0
Vac_53,53,RZV_2d,N_VacRZV_d,2,2,2,2
Vac_53,53,SOC,N0,1,1,1,1
Vac_53,53,SOC,Year0,2024,2024,2024,2024
Vac_53,53,SOC,Year_Life,31.08015147383932,31.080152949627497,31.080048508227154,31.080250898370036
Vac_53,53,SOC,Year_Immunised,0,0,0,0
Vac_53,53,SOC,Risk_HZ,0.22587416999180657,0.22580282279846708,0.22185248356086817,0.22995208870734024
Vac_53,53,SOC,Risk_Hosp,0.006504587195667451,0.006478620650898733,0.005722623437863547,0.00739848891671377
Vac_53,53,SOC,Risk_PHN,0.01451915543162797,0.014511097501533957,0.013706569618969662,0.01537749762328975
Vac_53,53,SOC,Risk_Death,1.2350637124480254e-4,1.2323382373116663e-4,1.0762533047226644e-4,1.40571374923445e-4
Vac_53,53,SOC,Q_Life,24.25537386604026,24.25537527388002,24.255302536034154,24.255442313490764
Vac_53,53,SOC,Q_HZ,-0.029374987642496048,-0.029253339058963455,-0.032512547598195066,-0.026802854997078185
Vac_53,53,SOC,Q_HZ_Norm,-0.010866168919712864,-0.010836123494250026,-0.01194326413420042,-0.009852454610399446
Vac_53,53,SOC,Q_All,24.20862672275802,24.208755445039202,24.205488853102338,24.211219141566517
Vac_53,53,SOC,Q_HZ_d,-0.01553102932007572,-0.015496092652315902,-0.01693609729287064,-0.014323112457084524
Vac_53,53,SOC,Q_HZ_Norm_d,-0.00613814139342978,-0.006131547738988178,-0.0066933097350711495,-0.005606989463153844
Vac_53,53,SOC,Q_Life_d,14.759323894211846,14.759324136192186,14.75930032606324,14.75934481603995
Vac_53,53,SOC,Q_All_d,14.743792864891772,14.743827705578838,14.742393368826015,14.74499708940778
Vac_53,53,SOC,C_Hosp,27.055062519414133,26.955946888197488,23.51462162524328,31.21909136763173
Vac_53,53,SOC,C_GP_NonPHN,26.19037206793121,26.19376314333464,25.59807476550139,26.78206040435125
Vac_53,53,SOC,C_GP_PHN,8.030586650191559,8.021967845318526,7.388375326436153,8.733237105572393
Vac_53,53,SOC,C_GP,34.22095871812277,34.20960221204338,33.336576145583486,35.185521522225585
Vac_53,53,SOC,C_Med,61.27602123753691,61.220401344114705,57.69512352388551,65.38472496220525
Vac_53,53,SOC,C_VacZVL,0,0,0,0
Vac_53,53,SOC,C_VacRZV,0,0,0,0
Vac_53,53,SOC,C_Vac,0,0,0,0
Vac_53,53,SOC,C_All,61.27602123753691,61.220401344114705,57.69512352388551,65.38472496220525
Vac_53,53,SOC,C_Hosp_d,10.165976042142619,10.135671351629965,8.907576845378548,11.674541112417767
Vac_53,53,SOC,C_GP_NonPHN_d,14.680943463213792,14.68335006005215,14.342782479611575,15.02197387828219
Vac_53,53,SOC,C_GP_PHN_d,3.9175978189317493,3.915702068397879,3.6064772012712165,4.249321094251961
Vac_53,53,SOC,C_GP_d,18.59854128214554,18.595738973029675,18.134488825044365,19.111440044884503
Vac_53,53,SOC,C_Med_d,28.76451732428816,28.72692738492971,27.45456891080905,30.28422948490136
Vac_53,53,SOC,C_VacZVL_d,0,0,0,0
Vac_53,53,SOC,C_VacRZV_d,0,0,0,0
Vac_53,53,SOC,C_Vac_d,0,0,0,0
Vac_53,53,SOC,C_All_d,28.76451732428816,28.72692738492971,27.45456891080905,30.28422948490136
Vac_53,53,SOC,N_VacZVL,0,0,0,0
Vac_53,53,SOC,N_VacRZV,0,0,0,0
Vac_53,53,SOC,N_VacZVL_d,0,0,0,0
Vac_53,53,SOC,N_VacRZV_d,0,0,0,0
Vac_54,54,RZV_1d,N0,1,1,1,1
Vac_54,54,RZV_1d,Year0,2024,2024,2024,2024
Vac_54,54,RZV_1d,Year_Life,30.17885004199417,30.17885184798918,30.178662755592175,30.17903414512072
Vac_54,54,RZV_1d,Year_Immunised,19.964847785588663,20.0431303839806,15.537888630722362,24.149169008534514
Vac_54,54,RZV_1d,Risk_HZ,0.08237809380220225,0.08183227441202098,0.04780139164050464,0.11871805042905126
Vac_54,54,RZV_1d,Risk_Hosp,0.0031281912900466584,0.0031167391294315418,0.0016854028299087525,0.004629322259967792
Vac_54,54,RZV_1d,Risk_PHN,0.005993526082222958,0.005962238548315336,0.003362996193438189,0.008760883357052319
Vac_54,54,RZV_1d,Risk_Death,6.452684305894762e-5,6.440648131176453e-5,3.4559028739655653e-5,9.373568964282861e-5
Vac_54,54,RZV_1d,Q_Life,23.515326722300482,23.515328000756405,23.515197250234586,23.515452877848467
Vac_54,54,RZV_1d,Q_HZ,-0.01118377266663406,-0.011006705653638107,-0.016303257471385415,-0.006353777619548245
Vac_54,54,RZV_1d,Q_HZ_Norm,-0.0038548438701636292,-0.003808766602211967,-0.00564924981729083,-0.0022387121827091086
Vac_54,54,RZV_1d,Q_All,23.486710314480376,23.486884995194973,23.48147944939829,23.49165998479235
Vac_54,54,RZV_1d,Q_HZ_d,-0.005276342095696471,-0.005200715888011167,-0.007703203052299009,-0.003079685454132677
Vac_54,54,RZV_1d,Q_HZ_Norm_d,-0.0019227012970620377,-0.00189211321542708,-0.002802344067145886,-0.0011372081779488907
Vac_54,54,RZV_1d,Q_Life_d,14.47767777954983,14.47767845615041,14.47763763119705,14.477716633169322
Vac_54,54,RZV_1d,Q_All_d,14.472401437454135,14.47247890596631,14.46993553197396,14.474638918285306
Vac_54,54,RZV_1d,C_Hosp,13.344444065818028,13.290359406345232,7.1364163217087935,19.811613955933957
Vac_54,54,RZV_1d,C_GP_NonPHN,9.369378802202178,9.317100838551923,5.426246119123312,13.499061880522948
Vac_54,54,RZV_1d,C_GP_PHN,3.286690499219972,3.2660185395289423,1.8260990556226604,4.840085668993751
Vac_54,54,RZV_1d,C_GP,12.65606930142215,12.594992686253018,7.257275682833283,18.355542955707307
Vac_54,54,RZV_1d,C_Med,26.000513367240178,25.772698814125924,14.543476306822233,38.044607167571804
Vac_54,54,RZV_1d,C_VacZVL,0,0,0,0
Vac_54,54,RZV_1d,C_VacRZV,85,85,85,85
Vac_54,54,RZV_1d,C_Vac,85,85,85,85
Vac_54,54,RZV_1d,C_All,111.00051336724017,110.77269881412593,99.54347630682224,123.04460716757181
Vac_54,54,RZV_1d,C_Hosp_d,4.8267598067373205,4.791335944471622,2.5946110722032425,7.189308870116657
Vac_54,54,RZV_1d,C_GP_NonPHN_d,4.655575921473476,4.608314020218794,2.7294409142824816,6.72736282049655
Vac_54,54,RZV_1d,C_GP_PHN_d,1.4775052939440914,1.4644376006789912,0.839016447198438,2.177063362458111
Vac_54,54,RZV_1d,C_GP_d,6.133081215417567,6.075910153494666,3.5715540128734107,8.87343971493676
Vac_54,54,RZV_1d,C_Med_d,10.959841022154889,10.871371132982349,6.334019483866653,15.946236556608302
Vac_54,54,RZV_1d,C_VacZVL_d,0,0,0,0
Vac_54,54,RZV_1d,C_VacRZV_d,85,85,85,85
Vac_54,54,RZV_1d,C_Vac_d,85,85,85,85
Vac_54,54,RZV_1d,C_All_d,95.95984102215489,95.87137113298235,91.33401948386665,100.9462365566083
Vac_54,54,RZV_1d,N_VacZVL,0,0,0,0
Vac_54,54,RZV_1d,N_VacRZV,1,1,1,1
Vac_54,54,RZV_1d,N_VacZVL_d,0,0,0,0
Vac_54,54,RZV_1d,N_VacRZV_d,1,1,1,1
Vac_54,54,RZV_2d,N0,1,1,1,1
Vac_54,54,RZV_2d,Year0,2024,2024,2024,2024
Vac_54,54,RZV_2d,Year_Life,30.178864985849202,30.17886508167122,30.178667370073313,30.17906807700297
Vac_54,54,RZV_2d,Year_Immunised,20.614270302455427,20.654834555933235,15.77201061677895,25.277097728689238
Vac_54,54,RZV_2d,Risk_HZ,0.07778453334113211,0.07731913715346288,0.03889377654841409,0.1173953547740103
Vac_54,54,RZV_2d,Risk_Hosp,0.0030133227637426582,0.003002684583930907,0.0014315805503995471,0.004613926564549322
Vac_54,54,RZV_2d,Risk_PHN,0.005712922385474348,0.005679527937227152,0.002800980511971784,0.008666437768341806
Vac_54,54,RZV_2d,Risk_Death,6.248279790883256e-5,6.253207484865472e-5,2.9813004691011276e-5,9.310779900239837e-5
Vac_54,54,RZV_2d,Q_Life,23.515337148001848,23.515337754594,23.515200992322978,23.515476555997342
Vac_54,54,RZV_2d,Q_HZ,-0.010596144312346553,-0.0104374018572785,-0.015946728936361,-0.005378724418031633
Vac_54,54,RZV_2d,Q_HZ_Norm,-0.003631758309725915,-0.0036012143881715376,-0.005564861309040001,-0.0018297210467442214
Vac_54,54,RZV_2d,Q_All,23.4873082375601,23.48745358445089,23.481819012453254,23.492666328067607
Vac_54,54,RZV_2d,Q_HZ_d,-0.004938524516876989,-0.004857091692865367,-0.007492193343174717,-0.002565021393150916
Vac_54,54,RZV_2d,Q_HZ_Norm_d,-0.0017864340566058608,-0.0017655547766860392,-0.002727379415415599,-9.297379379384296e-4
Vac_54,54,RZV_2d,Q_Life_d,14.477681252595062,14.477681708433057,14.477638745413689,14.477723650040783
Vac_54,54,RZV_2d,Q_All_d,14.472742728078185,14.472823856363487,14.47014841598075,14.475169038606309
Vac_54,54,RZV_2d,C_Hosp,12.874993983321572,12.84836493646418,6.144763590479994,19.691412477369067
Vac_54,54,RZV_2d,C_GP_NonPHN,8.832642446154285,8.783870056594012,4.445116297508636,13.338598387982818
Vac_54,54,RZV_2d,C_GP_PHN,3.130719611695143,3.09867917906323,1.5320454616068977,4.76652644337834
Vac_54,54,RZV_2d,C_GP,11.963362057849428,11.921491770258397,5.954529286883557,18.076033144607027
Vac_54,54,RZV_2d,C_Med,24.838356041171,24.581408957626554,12.18466926819521,37.60977329567404
Vac_54,54,RZV_2d,C_VacZVL,0,0,0,0
Vac_54,54,RZV_2d,C_VacRZV,170,170,170,170
Vac_54,54,RZV_2d,C_Vac,170,170,170,170
Vac_54,54,RZV_2d,C_All,194.838356041171,194.58140895762654,182.1846692681952,207.60977329567407
Vac_54,54,RZV_2d,C_Hosp_d,4.635087949583164,4.609654619796531,2.2154427471286278,7.1337752875018126
Vac_54,54,RZV_2d,C_GP_NonPHN_d,4.330244679726998,4.299114855739532,2.23763059820498,6.548571866412983
Vac_54,54,RZV_2d,C_GP_PHN_d,1.3949075349575388,1.3777253521147417,0.6996405156097012,2.139284654845894
Vac_54,54,RZV_2d,C_GP_d,5.725152214684536,5.692457936341719,2.931676109889676,8.68540416925939
Vac_54,54,RZV_2d,C_Med_d,10.360240164267701,10.230576251789692,5.195475312623988,15.664673128126228
Vac_54,54,RZV_2d,C_VacZVL_d,0,0,0,0
Vac_54,54,RZV_2d,C_VacRZV_d,170,170,170,170
Vac_54,54,RZV_2d,C_Vac_d,170,170,170,170
Vac_54,54,RZV_2d,C_All_d,180.3602401642677,180.2305762517897,175.19547531262398,185.66467312812622
Vac_54,54,RZV_2d,N_VacZVL,0,0,0,0
Vac_54,54,RZV_2d,N_VacRZV,2,2,2,2
Vac_54,54,RZV_2d,N_VacZVL_d,0,0,0,0
Vac_54,54,RZV_2d,N_VacRZV_d,2,2,2,2
Vac_54,54,SOC,N0,1,1,1,1
Vac_54,54,SOC,Year0,2024,2024,2024,2024
Vac_54,54,SOC,Year_Life,30.178409637463876,30.178411014248663,30.178306006423902,30.178509301462665
Vac_54,54,SOC,Year_Immunised,0,0,0,0
Vac_54,54,SOC,Risk_HZ,0.22242018079035872,0.22234141696148463,0.21840245036755837,0.2265980347730448
Vac_54,54,SOC,Risk_Hosp,0.006507508209611916,0.006481276980606414,0.00572318818290715,0.007403458393272951
Vac_54,54,SOC,Risk_PHN,0.014445963254173348,0.014440864841587325,0.013631743931619042,0.015314353873766982
Vac_54,54,SOC,Risk_Death,1.238645368256774e-4,1.2359692733464873e-4,1.0789492365243376e-4,1.4098315682691998e-4
Vac_54,54,SOC,Q_Life,23.515019064147534,23.515020102812215,23.51494772691857,23.515087669863718
Vac_54,54,SOC,Q_HZ,-0.029028833038454997,-0.02890032964969327,-0.03218120536805731,-0.026442431458814024
Vac_54,54,SOC,Q_HZ_Norm,-0.010671949804951349,-0.010644611282033443,-0.01174494261203005,-0.009676833228778166
Vac_54,54,SOC,Q_All,23.468561328543945,23.468693376271588,23.46540155990532,23.471140839189047
Vac_54,54,SOC,Q_HZ_d,-0.015669540653224436,-0.015636155351375396,-0.01711737822101588,-0.014450323404065542
Vac_54,54,SOC,Q_HZ_Norm_d,-0.006135974693480323,-0.006128271443663966,-0.00669998080702263,-0.005602713714674355
Vac_54,54,SOC,Q_Life_d,14.477574571299863,14.477574716312418,14.477550424237995,14.47759623381049
Vac_54,54,SOC,Q_All_d,14.461905030646639,14.46193928793653,14.460459164094635,14.463132237077232
Vac_54,54,SOC,C_Hosp,27.0952799924135,26.99800885596344,23.553117749627727,31.268271397511494
Vac_54,54,SOC,C_GP_NonPHN,25.758647992463263,25.758557073301944,25.181561258884095,26.354539663018762
Vac_54,54,SOC,C_GP_PHN,7.987846747904209,7.979588223374918,7.346878875083585,8.68801162324664
Vac_54,54,SOC,C_GP,33.746494740367474,33.72778527924881,32.871087226331746,34.716907690787444
Vac_54,54,SOC,C_Med,60.84177473278097,60.79671276911323,57.2516025272815,64.95790180472252
Vac_54,54,SOC,C_VacZVL,0,0,0,0
Vac_54,54,SOC,C_VacRZV,0,0,0,0
Vac_54,54,SOC,C_Vac,0,0,0,0
Vac_54,54,SOC,C_All,60.84177473278097,60.79671276911323,57.2516025272815,64.95790180472252
Vac_54,54,SOC,C_Hosp_d,10.506310416795067,10.478693806662234,9.199528943114924,12.074621225751848
Vac_54,54,SOC,C_GP_NonPHN_d,14.709030139390752,14.710260998999289,14.368468714828742,15.056770417257438
Vac_54,54,SOC,C_GP_PHN_d,3.9965724471745396,3.9945136118392703,3.6778025528291303,4.338106278486757
Vac_54,54,SOC,C_GP_d,18.70560258656529,18.705215029361717,18.225173946533957,19.233093453943674
Vac_54,54,SOC,C_Med_d,29.21191300336036,29.169905418262374,27.853375547970405,30.79253689533349
Vac_54,54,SOC,C_VacZVL_d,0,0,0,0
Vac_54,54,SOC,C_VacRZV_d,0,0,0,0
Vac_54,54,SOC,C_Vac_d,0,0,0,0
Vac_54,54,SOC,C_All_d,29.21191300336036,29.169905418262374,27.853375547970405,30.79253689533349
Vac_54,54,SOC,N_VacZVL,0,0,0,0
Vac_54,54,SOC,N_VacRZV,0,0,0,0
Vac_54,54,SOC,N_VacZVL_d,0,0,0,0
Vac_54,54,SOC,N_VacRZV_d,0,0,0,0
Vac_55,55,RZV_1d,N0,1,1,1,1
Vac_55,55,RZV_1d,Year0,2024,2024,2024,2024
Vac_55,55,RZV_1d,Year_Life,29.282189993034176,29.28219239937734,29.28200417130629,29.282369740115897
Vac_55,55,RZV_1d,Year_Immunised,19.524867640052033,19.60702329449814,15.268627592899929,23.502610757664563
Vac_55,55,RZV_1d,Risk_HZ,0.07942357716460302,0.07895565725865777,0.046003447160447214,0.11447421047765689
Vac_55,55,RZV_1d,Risk_Hosp,0.0030695548922105363,0.0030528172923342464,0.0016568912967875632,0.004558717438838235
Vac_55,55,RZV_1d,Risk_PHN,0.005830885450936694,0.005793370934143861,0.003279285002621974,0.008526810420564319
Vac_55,55,RZV_1d,Risk_Death,6.357144371351915e-5,6.336445829368623e-5,3.4126950927848066e-5,9.260233076006016e-5
Vac_55,55,RZV_1d,Q_Life,22.78070187302155,22.780703733295887,22.780573807837428,22.780825420486835
Vac_55,55,RZV_1d,Q_HZ,-0.010817726667073646,-0.010632999173363418,-0.015798119932321004,-0.006172405492398291
Vac_55,55,RZV_1d,Q_HZ_Norm,-0.0037083373382688794,-0.0036583680125216096,-0.005443729601080645,-0.0021596077667237253
Vac_55,55,RZV_1d,Q_All,22.752389704276986,22.75257627066687,22.747296123419897,22.757150979521775
Vac_55,55,RZV_1d,Q_HZ_d,-0.005218541940363658,-0.005138373454763404,-0.0076348763031765885,-0.0030535576458059505
Vac_55,55,RZV_1d,Q_HZ_Norm_d,-0.001886772349723259,-0.0018569747288340837,-0.0027554955731162803,-0.001114597921204944
Vac_55,55,RZV_1d,Q_Life_d,14.190980618101126,14.190981349519461,14.190939814173065,14.191020011227124
Vac_55,55,RZV_1d,Q_All_d,14.185762076160762,14.185845467100634,14.183301811261513,14.18796630907255
Vac_55,55,RZV_1d,C_Hosp,13.111138192289728,13.0503104108752,7.019278519924221,19.532347833479253
Vac_55,55,RZV_1d,C_GP_NonPHN,9.020119244413298,8.953435059016904,5.233906579177967,13.018042592384813
Vac_55,55,RZV_1d,C_GP_PHN,3.1958762357282935,3.176517933807495,1.7795850021247623,4.7160874163290245
Vac_55,55,RZV_1d,C_GP,12.21599548014159,12.136357658571844,7.05749901250983,17.740527407682475
Vac_55,55,RZV_1d,C_Med,25.32713367243132,25.074599704758917,14.226139283732655,37.14383022730673
Vac_55,55,RZV_1d,C_VacZVL,0,0,0,0
Vac_55,55,RZV_1d,C_VacRZV,85,85,85,85
Vac_55,55,RZV_1d,C_Vac,85,85,85,85
Vac_55,55,RZV_1d,C_All,110.32713367243132,110.07459970475892,99.22613928373266,122.14383022730674
Vac_55,55,RZV_1d,C_Hosp_d,4.8896768826036245,4.855641668770039,2.6386688702464784,7.2991481947946255
Vac_55,55,RZV_1d,C_GP_NonPHN_d,4.57474235084497,4.527991252840069,2.672167156067218,6.618699651759353
Vac_55,55,RZV_1d,C_GP_PHN_d,1.4746546352347918,1.4593824838002085,0.8424697441902631,2.1776823346729164
Vac_55,55,RZV_1d,C_GP_d,6.049396986079761,5.995282430820593,3.541407914719054,8.764433065414112
Vac_55,55,RZV_1d,C_Med_d,10.939073868683385,10.854392629997026,6.3052442156621415,15.960377883933116
Vac_55,55,RZV_1d,C_VacZVL_d,0,0,0,0
Vac_55,55,RZV_1d,C_VacRZV_d,85,85,85,85
Vac_55,55,RZV_1d,C_Vac_d,85,85,85,85
Vac_55,55,RZV_1d,C_All_d,95.93907386868338,95.85439262999702,91.30524421566214,100.96037788393312
Vac_55,55,RZV_1d,N_VacZVL,0,0,0,0
Vac_55,55,RZV_1d,N_VacRZV,1,1,1,1
Vac_55,55,RZV_1d,N_VacZVL_d,0,0,0,0
Vac_55,55,RZV_1d,N_VacRZV_d,1,1,1,1
Vac_55,55,RZV_2d,N0,1,1,1,1
Vac_55,55,RZV_2d,Year0,2024,2024,2024,2024
Vac_55,55,RZV_2d,Year_Life,29.282205192919957,29.282205474804357,29.28200897494393,29.28240439424547
Vac_55,55,RZV_2d,Year_Immunised,20.15920004496652,20.189351602711874,15.525253419760723,24.567002137039673
Vac_55,55,RZV_2d,Risk_HZ,0.07486063003058176,0.07436436756992647,0.03744594428385177,0.11315456317094993
Vac_55,55,RZV_2d,Risk_Hosp,0.0029529519041857737,0.002938969674794842,0.0014081383361065794,0.004535644185771856
Vac_55,55,RZV_2d,Risk_PHN,0.005548179688973535,0.005510966398615755,0.002727450574502433,0.008440685524806778
Vac_55,55,RZV_2d,Risk_Death,6.148834902771838e-5,6.145716929641535e-5,2.930446692356219e-5,9.196905741031432e-5
Vac_55,55,RZV_2d,Q_Life,22.780712474611708,22.780713311014267,22.780578017296765,22.780848788902063
Vac_55,55,RZV_2d,Q_HZ,-0.010231350652748394,-0.010080292771295185,-0.015436138987740534,-0.005192453383437217
Vac_55,55,RZV_2d,Q_HZ_Norm,-0.003487473564005728,-0.0034577689613091806,-0.005355744917400929,-0.0017587424173355717
Vac_55,55,RZV_2d,Q_All,22.75298654837904,22.753141371289992,22.747608560075342,22.758167229354168
Vac_55,55,RZV_2d,Q_HZ_d,-0.004875472562414499,-0.0048011875414676365,-0.007416522470771585,-0.002543583945874305
Vac_55,55,RZV_2d,Q_HZ_Norm_d,-0.0017498780824052082,-0.0017285089686148586,-0.002670023040608949,-9.115554412784213e-4
Vac_55,55,RZV_2d,Q_Life_d,14.190984264452775,14.190984744696365,14.190941154938187,14.191026902526161
Vac_55,55,RZV_2d,Q_All_d,14.18610879189036,14.186185268087797,14.183511374339828,14.188480675956828
Vac_55,55,RZV_2d,C_Hosp,12.633823731279039,12.606620074581858,6.015580073245083,19.390402665030955
Vac_55,55,RZV_2d,C_GP_NonPHN,8.487764437951267,8.440174299740749,4.2734066682837595,12.839932087735086
Vac_55,55,RZV_2d,C_GP_PHN,3.0387944378062417,3.0056555447010904,1.5017842838627133,4.6368728430495265
Vac_55,55,RZV_2d,C_GP,11.526558875757509,11.475970652706668,5.741002729601859,17.442409770139623
Vac_55,55,RZV_2d,C_Med,24.16038260703655,23.898555518048816,11.878164004661867,36.678844934277734
Vac_55,55,RZV_2d,C_VacZVL,0,0,0,0
Vac_55,55,RZV_2d,C_VacRZV,170,170,170,170
Vac_55,55,RZV_2d,C_Vac,170,170,170,170
Vac_55,55,RZV_2d,C_All,194.16038260703655,193.8985555180488,181.87816400466187,206.67884493427775
Vac_55,55,RZV_2d,C_Hosp_d,4.688875981326106,4.6595608907223935,2.2493718419477458,7.237856250632718
Vac_55,55,RZV_2d,C_GP_NonPHN_d,4.247043308634296,4.214345631766219,2.202096633708557,6.42581303331614
Vac_55,55,RZV_2d,C_GP_PHN_d,1.389558623491541,1.3687181002929858,0.6980974134420503,2.1352987464823427
Vac_55,55,RZV_2d,C_GP_d,5.636601932125837,5.606440266451955,2.8822342068174347,8.552479911257146
Vac_55,55,RZV_2d,C_Med_d,10.325477913451943,10.197142026288745,5.168734864837788,15.64655160977895
Vac_55,55,RZV_2d,C_VacZVL_d,0,0,0,0
Vac_55,55,RZV_2d,C_VacRZV_d,170,170,170,170
Vac_55,55,RZV_2d,C_Vac_d,170,170,170,170
Vac_55,55,RZV_2d,C_All_d,180.32547791345195,180.19714202628876,175.1687348648378,185.64655160977895
Vac_55,55,RZV_2d,N_VacZVL,0,0,0,0
Vac_55,55,RZV_2d,N_VacRZV,2,2,2,2
Vac_55,55,RZV_2d,N_VacZVL_d,0,0,0,0
Vac_55,55,RZV_2d,N_VacRZV_d,2,2,2,2
Vac_55,55,SOC,N0,1,1,1,1
Vac_55,55,SOC,Year0,2024,2024,2024,2024
Vac_55,55,SOC,Year_Life,29.281740590606663,29.28174172508284,29.28163622991109,29.28184050730148
Vac_55,55,SOC,Year_Immunised,0,0,0,0
Vac_55,55,SOC,Risk_HZ,0.21879390578028257,0.21873454780698015,0.21486030738886913,0.22287132103565105
Vac_55,55,SOC,Risk_Hosp,0.006510397238148544,0.006484602208472459,0.005722631571105499,0.007409302235291439
Vac_55,55,SOC,Risk_PHN,0.014368732536037527,0.014358187997968352,0.013551971907320924,0.015231391977804617
Vac_55,55,SOC,Risk_Death,1.242492077177107e-4,1.2398743051251433e-4,1.08181460142559e-4,1.4142569470500469e-4
Vac_55,55,SOC,Q_Life,22.78038801625059,22.78038886773175,22.780316684394748,22.780456788322038
Vac_55,55,SOC,Q_HZ,-0.02866124076153501,-0.028532925999159298,-0.031828705069304686,-0.026092866698344784
Vac_55,55,SOC,Q_HZ_Norm,-0.01046958092824518,-0.010444097966647158,-0.011535466043830593,-0.009481074846166143
Vac_55,55,SOC,Q_All,22.73423615108449,22.734373267550335,22.73107793387935,22.736802460628013
Vac_55,55,SOC,Q_HZ_d,-0.015788550795140056,-0.01575224192357163,-0.017277214029164187,-0.014513468197917009
Vac_55,55,SOC,Q_HZ_Norm_d,-0.006124656324487065,-0.006113818535019687,-0.00670233907661288,-0.005591610551581822
Vac_55,55,SOC,Q_Life_d,14.190871930139545,14.190872042329675,14.190847215038067,14.190894333514493
Vac_55,55,SOC,Q_All_d,14.175083379344406,14.175118392150978,14.173590034491445,14.176369612835657
Vac_55,55,SOC,C_Hosp,27.13716840686616,27.036360516017453,23.59879095209321,31.303088691250643
Vac_55,55,SOC,C_GP_NonPHN,25.305461729412393,25.305286926288098,24.72374950242166,25.895350729087802
Vac_55,55,SOC,C_GP_PHN,7.9427261487279885,7.935211330670913,7.304210649361387,8.639294711956465
Vac_55,55,SOC,C_GP,33.248187878140385,33.2296777667849,32.36424226829038,34.22130000373103
Vac_55,55,SOC,C_Med,60.385356285006544,60.333548927068534,56.786680995658124,64.50587208644046
Vac_55,55,SOC,C_VacZVL,0,0,0,0
Vac_55,55,SOC,C_VacRZV,0,0,0,0
Vac_55,55,SOC,C_Vac,0,0,0,0
Vac_55,55,SOC,C_All,60.385356285006544,60.333548927068534,56.786680995658124,64.50587208644046
Vac_55,55,SOC,C_Hosp_d,10.856582290908268,10.825309587334061,9.505253682031402,12.48300807063623
Vac_55,55,SOC,C_GP_NonPHN_d,14.714298281118054,14.716243765778076,14.36800074407755,15.060101841455614
Vac_55,55,SOC,C_GP_PHN_d,4.075123457161445,4.072135868655916,3.7521224299865903,4.425317173942129
Vac_55,55,SOC,C_GP_d,18.789421738279497,18.786975351851048,18.30012331120404,19.31953821135344
Vac_55,55,SOC,C_Med_d,29.646004029187765,29.6070454695068,28.225830410246438,31.283319406885717
Vac_55,55,SOC,C_VacZVL_d,0,0,0,0
Vac_55,55,SOC,C_VacRZV_d,0,0,0,0
Vac_55,55,SOC,C_Vac_d,0,0,0,0
Vac_55,55,SOC,C_All_d,29.646004029187765,29.6070454695068,28.225830410246438,31.283319406885717
Vac_55,55,SOC,N_VacZVL,0,0,0,0
Vac_55,55,SOC,N_VacRZV,0,0,0,0
Vac_55,55,SOC,N_VacZVL_d,0,0,0,0
Vac_55,55,SOC,N_VacRZV_d,0,0,0,0
Vac_56,56,RZV_1d,N0,1,1,1,1
Vac_56,56,RZV_1d,Year0,2024,2024,2024,2024
Vac_56,56,RZV_1d,Year_Life,28.39092973824191,28.39093276952235,28.390746203050377,28.39110554987859
Vac_56,56,RZV_1d,Year_Immunised,19.0802962759274,19.17500684771654,14.992970881006647,22.87243121072417
Vac_56,56,RZV_1d,Risk_HZ,0.07647510865847239,0.07598623480542077,0.04417810287237371,0.11020863325414854
Vac_56,56,RZV_1d,Risk_Hosp,0.0030099756337404254,0.0029911857807777176,0.0016247712928520275,0.00448862088929039
Vac_56,56,RZV_1d,Risk_PHN,0.005666417940733411,0.005627965217029296,0.003188005930154453,0.008304250887802855
Vac_56,56,RZV_1d,Risk_Death,6.259979490363441e-5,6.229234218363002e-5,3.370768937801221e-5,9.14467700181018e-5
Vac_56,56,RZV_1d,Q_Life,22.051953953277255,22.051956182028697,22.05182749909315,22.052074649676996
Vac_56,56,RZV_1d,Q_HZ,-0.0104508113817179,-0.010255643328037687,-0.015297254141333587,-0.005963221911996255
Vac_56,56,RZV_1d,Q_HZ_Norm,-0.0035626148603702204,-0.003514327645167315,-0.0052385277104765125,-0.002088813938714936
Vac_56,56,RZV_1d,Q_All,22.023941367895084,22.024138370321943,22.01896340765637,22.02853041178307
Vac_56,56,RZV_1d,Q_HZ_d,-0.005153806024607777,-0.005072664724249571,-0.0075415224327419995,-0.003017482115607088
Vac_56,56,RZV_1d,Q_HZ_Norm_d,-0.0018486413472036188,-0.0018193711803180558,-0.002699614731675144,-0.001090945730097091
Vac_56,56,RZV_1d,Q_Life_d,13.899282109326489,13.899282993924416,13.899240557869927,13.899321749946598
Vac_56,56,RZV_1d,Q_All_d,13.894128303301882,13.89421127838386,13.89168477012143,13.896299019594244
Vac_56,56,RZV_1d,C_Hosp,12.873839445057909,12.797851470484634,6.8964143358790215,19.198417447944514
Vac_56,56,RZV_1d,C_GP_NonPHN,8.671974612088091,8.59279478446614,5.01804265568363,12.534397323244217
Vac_56,56,RZV_1d,C_GP_PHN,3.104058002125254,3.0837671303120113,1.727103957419305,4.587689196398805
Vac_56,56,RZV_1d,C_GP,11.776032614213346,11.694194427617298,6.781326396639472,17.11662081251343
Vac_56,56,RZV_1d,C_Med,24.649872059271253,24.355856864545252,13.883678091858174,36.22538264952718
Vac_56,56,RZV_1d,C_VacZVL,0,0,0,0
Vac_56,56,RZV_1d,C_VacRZV,85,85,85,85
Vac_56,56,RZV_1d,C_Vac,85,85,85,85
Vac_56,56,RZV_1d,C_All,109.64987205927126,109.35585686454525,98.88367809185817,121.22538264952716
Vac_56,56,RZV_1d,C_Hosp_d,4.94950807413738,4.905070614287327,2.6836013364825986,7.411221340364565
Vac_56,56,RZV_1d,C_GP_NonPHN_d,4.488084901858425,4.441314541547728,2.61318825097074,6.501668395888558
Vac_56,56,RZV_1d,C_GP_PHN_d,1.4698294927843751,1.4535803753023955,0.8430831472531004,2.170595933286732
Vac_56,56,RZV_1d,C_GP_d,5.9579143946428,5.89831674889356,3.4988680629415687,8.645823425519563
Vac_56,56,RZV_1d,C_Med_d,10.90742246878018,10.806471737806682,6.29111476576393,15.949124179525942
Vac_56,56,RZV_1d,C_VacZVL_d,0,0,0,0
Vac_56,56,RZV_1d,C_VacRZV_d,85,85,85,85
Vac_56,56,RZV_1d,C_Vac_d,85,85,85,85
Vac_56,56,RZV_1d,C_All_d,95.90742246878018,95.80647173780669,91.29111476576394,100.94912417952594
Vac_56,56,RZV_1d,N_VacZVL,0,0,0,0
Vac_56,56,RZV_1d,N_VacRZV,1,1,1,1
Vac_56,56,RZV_1d,N_VacZVL_d,0,0,0,0
Vac_56,56,RZV_1d,N_VacRZV_d,1,1,1,1
Vac_56,56,RZV_2d,N0,1,1,1,1
Vac_56,56,RZV_2d,Year0,2024,2024,2024,2024
Vac_56,56,RZV_2d,Year_Life,28.390945197899672,28.390946040923296,28.390750284238067,28.39113941329104
Vac_56,56,RZV_2d,Year_Immunised,19.69942461757616,19.721056314044155,15.27194404434888,23.902898027650206
Vac_56,56,RZV_2d,Risk_HZ,0.07194801792485922,0.07145602208592136,0.03615172264140192,0.10892763500213903
Vac_56,56,RZV_2d,Risk_Hosp,0.00289163280640369,0.0028741262029558312,0.0013824786159220396,0.004454679746306732
Vac_56,56,RZV_2d,Risk_PHN,0.005381760278435129,0.0053397122503473895,0.0026607460629149574,0.008210090620794079
Vac_56,56,RZV_2d,Risk_Death,6.0476392610013315e-5,6.0404830673161156e-5,2.8769626452688215e-5,9.085210494959887e-5
Vac_56,56,RZV_2d,Q_Life,22.051964732927452,22.051965625541467,22.051831666633866,22.05209772784361
Vac_56,56,RZV_2d,Q_HZ,-0.009866315856793878,-0.009722834719967176,-0.014936924328869889,-0.004999665275512627
Vac_56,56,RZV_2d,Q_HZ_Norm,-0.0033442277526289223,-0.0033109612297112538,-0.005149322932515939,-0.0017034716742677022
Vac_56,56,RZV_2d,Q_All,22.024536506947452,22.024683917945808,22.019311951970934,22.02950959877301
Vac_56,56,RZV_2d,Q_HZ_d,-0.004805902532399922,-0.004721031374910431,-0.007331037577235344,-0.0025051105019722898
Vac_56,56,RZV_2d,Q_HZ_Norm_d,-0.0017113316857815903,-0.001687567610024765,-0.002612801209567639,-8.943624263753504e-4
Vac_56,56,RZV_2d,Q_Life_d,13.899285936518663,13.899286414826715,13.899241977236287,13.899328905624598
Vac_56,56,RZV_2d,Q_All_d,13.894480033986262,13.894564282559777,13.89190860432518,13.89681920504484
Vac_56,56,RZV_2d,C_Hosp,12.388554683825769,12.352733654293285,5.890708260923284,19.06554432197069
Vac_56,56,RZV_2d,C_GP_NonPHN,8.144651741232424,8.091424846648845,4.103984096216089,12.332909097970656
Vac_56,56,RZV_2d,C_GP_PHN,2.9459543645131925,2.9089636638220004,1.4566567907305135,4.506352649786703
Vac_56,56,RZV_2d,C_GP,11.090606105745616,11.035203828582585,5.550301717799213,16.83892529131231
Vac_56,56,RZV_2d,C_Med,23.479160789571385,23.216422839008622,11.592821248366896,35.734746078955126
Vac_56,56,RZV_2d,C_VacZVL,0,0,0,0
Vac_56,56,RZV_2d,C_VacRZV,170,170,170,170
Vac_56,56,RZV_2d,C_Vac,170,170,170,170
Vac_56,56,RZV_2d,C_All,193.47916078957138,193.2164228390086,181.5928212483669,205.73474607895514
Vac_56,56,RZV_2d,C_Hosp_d,4.739228201099814,4.7054216828573585,2.2782153399128418,7.354049137733759
Vac_56,56,RZV_2d,C_GP_NonPHN_d,4.1585390649761305,4.120232724094393,2.1631035674851735,6.291384665089705
Vac_56,56,RZV_2d,C_GP_PHN_d,1.3822376080830296,1.3613678811923338,0.6973531563334234,2.127026061387732
Vac_56,56,RZV_2d,C_GP_d,5.54077667305916,5.4992820873981945,2.8464721686404992,8.408491852382399
Vac_56,56,RZV_2d,C_Med_d,10.280004874158974,10.143975908936193,5.137789562677838,15.627760378737355
Vac_56,56,RZV_2d,C_VacZVL_d,0,0,0,0
Vac_56,56,RZV_2d,C_VacRZV_d,170,170,170,170
Vac_56,56,RZV_2d,C_Vac_d,170,170,170,170
Vac_56,56,RZV_2d,C_All_d,180.28000487415898,180.1439759089362,175.13778956267782,185.62776037873735
Vac_56,56,RZV_2d,N_VacZVL,0,0,0,0
Vac_56,56,RZV_2d,N_VacRZV,2,2,2,2
Vac_56,56,RZV_2d,N_VacZVL_d,0,0,0,0
Vac_56,56,RZV_2d,N_VacRZV_d,2,2,2,2
Vac_56,56,SOC,N0,1,1,1,1
Vac_56,56,SOC,Year0,2024,2024,2024,2024
Vac_56,56,SOC,Year_Life,28.390471183270034,28.390472883020326,28.390366023138238,28.390571366265615
Vac_56,56,SOC,Year_Immunised,0,0,0,0
Vac_56,56,SOC,Risk_HZ,0.21500189938411768,0.21493736856793672,0.21109698367887178,0.21903640879662833
Vac_56,56,SOC,Risk_Hosp,0.006512787736992234,0.006488609544936028,0.005721267802258739,0.00740959891678619
Vac_56,56,SOC,Risk_PHN,0.01428548102904119,0.014274923826717469,0.013451258504649436,0.015158921912025678
Vac_56,56,SOC,Risk_Death,1.2466253029231214e-4,1.2440762671995584e-4,1.0850439729238121e-4,1.4190150907333163e-4
Vac_56,56,SOC,Q_Life,22.05163380412408,22.051634963396417,22.05156249249339,22.05170275074891
Vac_56,56,SOC,Q_HZ,-0.028272479591653986,-0.028139494711133025,-0.03141072161828875,-0.025713465066684215
Vac_56,56,SOC,Q_HZ_Norm,-0.010259556701013795,-0.01023284092103542,-0.011322634238115244,-0.009277992339074212
Vac_56,56,SOC,Q_All,22.005803456531183,22.005943772418796,22.002636395004345,22.00838120906793
Vac_56,56,SOC,Q_HZ_d,-0.01588756040931131,-0.015846250027629738,-0.017414364366162772,-0.014593950243432933
Vac_56,56,SOC,Q_HZ_Norm_d,-0.0061043552866698785,-0.006092043695630928,-0.006690457465471825,-0.0055664589479188864
Vac_56,56,SOC,Q_Life_d,13.899167687547717,13.899167813066178,13.899142056905589,13.899190762270036
Vac_56,56,SOC,Q_All_d,13.883280127138406,13.883318348361946,13.881750043313975,13.884584920332856
Vac_56,56,SOC,C_Hosp,27.17956869973722,27.08048614759442,23.63748223710447,31.37523658473237
Vac_56,56,SOC,C_GP_NonPHN,24.831960871802536,24.83382702685315,24.248150821006632,25.42151699096976
Vac_56,56,SOC,C_GP_PHN,7.894095680382661,7.886999042248854,7.2632164890937885,8.58812260805113
Vac_56,56,SOC,C_GP,32.7260565521852,32.71438599782735,31.859923963920593,33.67956047472602
Vac_56,56,SOC,C_Med,59.905625251922416,59.84125624434662,56.3122905100847,64.04120640681417
Vac_56,56,SOC,C_VacZVL,0,0,0,0
Vac_56,56,SOC,C_VacRZV,0,0,0,0
Vac_56,56,SOC,C_Vac,0,0,0,0
Vac_56,56,SOC,C_All,59.905625251922416,59.84125624434662,56.3122905100847,64.04120640681417
Vac_56,56,SOC,C_Hosp_d,11.215664727976943,11.189855591214577,9.825181171273435,12.907983752768972
Vac_56,56,SOC,C_GP_NonPHN_d,14.697081926434485,14.696253025788632,14.33753780264954,15.050028143596743
Vac_56,56,SOC,C_GP_PHN_d,4.15203062608105,4.150379169751757,3.817565041912959,4.513170888707213
Vac_56,56,SOC,C_GP_d,18.849112552515535,18.845677330516143,18.352496361855025,19.389541934839233
Vac_56,56,SOC,C_Med_d,30.06477728049248,30.028007421508192,28.596727028449557,31.747656870083368
Vac_56,56,SOC,C_VacZVL_d,0,0,0,0
Vac_56,56,SOC,C_VacRZV_d,0,0,0,0
Vac_56,56,SOC,C_Vac_d,0,0,0,0
Vac_56,56,SOC,C_All_d,30.06477728049248,30.028007421508192,28.596727028449557,31.747656870083368
Vac_56,56,SOC,N_VacZVL,0,0,0,0
Vac_56,56,SOC,N_VacRZV,0,0,0,0
Vac_56,56,SOC,N_VacZVL_d,0,0,0,0
Vac_56,56,SOC,N_VacRZV_d,0,0,0,0
Vac_57,57,RZV_1d,N0,1,1,1,1
Vac_57,57,RZV_1d,Year0,2024,2024,2024,2024
Vac_57,57,RZV_1d,Year_Life,27.50554320704466,27.505545844835254,27.505362272371325,27.505714627821813
Vac_57,57,RZV_1d,Year_Immunised,18.631398043580237,18.726187431735532,14.71101791339455,22.25846409414549
Vac_57,57,RZV_1d,Risk_HZ,0.07353586595762669,0.07301855237966087,0.04240177933076326,0.10603774845787878
Vac_57,57,RZV_1d,Risk_Hosp,0.002949518977728038,0.00292677095095722,0.001600086197683364,0.004409424786838157
Vac_57,57,RZV_1d,Risk_PHN,0.005500276632109428,0.005458627093047391,0.0030968109278903143,0.008076205366401268
Vac_57,57,RZV_1d,Risk_Death,6.161222296209194e-5,6.124060233305074e-5,3.3294577360328055e-5,9.022677691119071e-5
Vac_57,57,RZV_1d,Q_Life,21.329382124343617,21.329384274851108,21.329258077188374,21.329499395752443
Vac_57,57,RZV_1d,Q_HZ,-0.010083405246256229,-0.009908030317139563,-0.014781900560309086,-0.005772814228768111
Vac_57,57,RZV_1d,Q_HZ_Norm,-0.0034178321577092146,-0.0033700278733458013,-0.0050291673972750455,-0.001999662634049106
Vac_57,57,RZV_1d,Q_All,21.301663389593845,21.301850568107625,21.296832240576425,21.30607002680408
Vac_57,57,RZV_1d,Q_HZ_d,-0.005082081175079179,-0.005007784085375935,-0.007453700489687647,-0.0029777257407400393
Vac_57,57,RZV_1d,Q_HZ_Norm_d,-0.0018083423582306623,-0.0017799055155026467,-0.002645207221584617,-0.001065374827997596
Vac_57,57,RZV_1d,Q_Life_d,13.602645163663512,13.602646078620923,13.602602856061583,13.602684924145509
Vac_57,57,RZV_1d,Q_All_d,13.597563082488433,13.597635171311843,13.595154192116924,13.59970227354049
Vac_57,57,RZV_1d,C_Hosp,12.632736875215606,12.540121593920357,6.7739166211342585,18.923935087841485
Vac_57,57,RZV_1d,C_GP_NonPHN,8.325322921377916,8.2537813810316365,4.846999589010982,12.044198570531963
Vac_57,57,RZV_1d,C_GP_PHN,3.011324646377037,2.9871192114490297,1.6794871662877044,4.450375564207116
Vac_57,57,RZV_1d,C_GP,11.336647567754953,11.255614672785889,6.489550371598625,16.53459899387642
Vac_57,57,RZV_1d,C_Med,23.969384442970558,23.667065016363658,13.5208850826514,35.27654543065742
Vac_57,57,RZV_1d,C_VacZVL,0,0,0,0
Vac_57,57,RZV_1d,C_VacRZV,85,85,85,85
Vac_57,57,RZV_1d,C_Vac,85,85,85,85
Vac_57,57,RZV_1d,C_All,108.96938444297056,108.66706501636367,98.5208850826514,120.27654543065742
Vac_57,57,RZV_1d,C_Hosp_d,5.006082490226121,4.957337442117334,2.7276226984410648,7.513423140116722
Vac_57,57,RZV_1d,C_GP_NonPHN_d,4.395653906884423,4.352600572180405,2.5622087657619335,6.369867123878565
Vac_57,57,RZV_1d,C_GP_PHN_d,1.4629784866691522,1.4447172441607474,0.8437703053934579,2.1595648658796405
Vac_57,57,RZV_1d,C_GP_d,5.858632393553575,5.797299802652486,3.4269700001605186,8.496673251824443
Vac_57,57,RZV_1d,C_Med_d,10.864714883779696,10.75305025054517,6.268182849535417,15.912530240222193
Vac_57,57,RZV_1d,C_VacZVL_d,0,0,0,0
Vac_57,57,RZV_1d,C_VacRZV_d,85,85,85,85
Vac_57,57,RZV_1d,C_Vac_d,85,85,85,85
Vac_57,57,RZV_1d,C_All_d,95.8647148837797,95.75305025054517,91.26818284953542,100.91253024022221
Vac_57,57,RZV_1d,N_VacZVL,0,0,0,0
Vac_57,57,RZV_1d,N_VacRZV,1,1,1,1
Vac_57,57,RZV_1d,N_VacZVL_d,0,0,0,0
Vac_57,57,RZV_1d,N_VacRZV_d,1,1,1,1
Vac_57,57,RZV_2d,N0,1,1,1,1
Vac_57,57,RZV_2d,Year0,2024,2024,2024,2024
Vac_57,57,RZV_2d,Year_Life,27.505558929988617,27.505560152885717,27.50536596535614,27.505747838046048
Vac_57,57,RZV_2d,Year_Immunised,19.235217723396172,19.27191159902837,15.008677694381275,23.243099387648297
Vac_57,57,RZV_2d,Risk_HZ,0.06905041443018159,0.0686262918625182,0.0348179303160043,0.10467934373071057
Vac_57,57,RZV_2d,Risk_Hosp,0.002829419263755845,0.0028097726050458505,0.0013531577144060255,0.004371202095261104
Vac_57,57,RZV_2d,Risk_PHN,0.005213816548011826,0.005171262331625849,0.0025847473067365603,0.007975005971915456
Vac_57,57,RZV_2d,Risk_Death,5.9447178528328414e-5,5.931436306311426e-5,2.8210778080516025e-5,8.959245381464391e-5
Vac_57,57,RZV_2d,Q_Life,21.329393084013695,21.32939423248383,21.329261580759127,21.32952252378586
Vac_57,57,RZV_2d,Q_HZ,-0.009501489021393753,-0.009350928737146595,-0.014430697601951484,-0.004813895192487541
Vac_57,57,RZV_2d,Q_HZ_Norm,-0.0032022019965207787,-0.0031662396505753865,-0.004940153065596643,-0.001626571014284848
Vac_57,57,RZV_2d,Q_All,21.30225612664411,21.302403658436802,21.297190021396343,21.30706007577428
Vac_57,57,RZV_2d,Q_HZ_d,-0.004729848661308534,-0.004636943526162474,-0.007235667514819629,-0.002462471115929389
Vac_57,57,RZV_2d,Q_HZ_Norm_d,-0.001670862718510551,-0.0016461793443285607,-0.0025555513752458453,-8.752446128796981e-4
Vac_57,57,RZV_2d,Q_Life_d,13.602649179359803,13.602649799617422,13.602604490910506,13.602692333246601
Vac_57,57,RZV_2d,Q_All_d,13.597919330698495,13.598011755906795,13.595373979379913,13.600225678854956
Vac_57,57,RZV_2d,C_Hosp,12.139342860604755,12.094327466593516,5.796253477755967,18.783264298892192
Vac_57,57,RZV_2d,C_GP_NonPHN,7.803752613666038,7.768990324660077,3.9479884494058832,11.825633319293079
Vac_57,57,RZV_2d,C_GP_PHN,2.8522873601723804,2.8140463296594422,1.413078076150357,4.375247605475357
Vac_57,57,RZV_2d,C_GP,10.65603997383842,10.592614652227269,5.367223174839468,16.239076455993082
Vac_57,57,RZV_2d,C_Med,22.795382834443174,22.51407722773866,11.258959945274208,34.781878877906045
Vac_57,57,RZV_2d,C_VacZVL,0,0,0,0
Vac_57,57,RZV_2d,C_VacRZV,170,170,170,170
Vac_57,57,RZV_2d,C_Vac,170,170,170,170
Vac_57,57,RZV_2d,C_All,192.79538283444316,192.51407722773865,181.25895994527423,204.78187887790605
Vac_57,57,RZV_2d,C_Hosp_d,4.785931618587269,4.748709561327992,2.3094200055335765,7.448179017824369
Vac_57,57,RZV_2d,C_GP_NonPHN_d,4.064873027146036,4.022788249284025,2.121619323246889,6.150284247541745
Vac_57,57,RZV_2d,C_GP_PHN_d,1.37289204452747,1.3495861603475745,0.6960785524316396,2.1155039250622765
Vac_57,57,RZV_2d,C_GP_d,5.437765071673506,5.392312165776982,2.800130546532302,8.256777518929795
Vac_57,57,RZV_2d,C_Med_d,10.223696690260775,10.086791028473659,5.167398128935468,15.583208791583653
Vac_57,57,RZV_2d,C_VacZVL_d,0,0,0,0
Vac_57,57,RZV_2d,C_VacRZV_d,170,170,170,170
Vac_57,57,RZV_2d,C_Vac_d,170,170,170,170
Vac_57,57,RZV_2d,C_All_d,180.22369669026077,180.08679102847367,175.16739812893547,185.58320879158364
Vac_57,57,RZV_2d,N_VacZVL,0,0,0,0
Vac_57,57,RZV_2d,N_VacRZV,2,2,2,2
Vac_57,57,RZV_2d,N_VacZVL_d,0,0,0,0
Vac_57,57,RZV_2d,N_VacRZV_d,2,2,2,2
Vac_57,57,SOC,N0,1,1,1,1
Vac_57,57,SOC,Year0,2024,2024,2024,2024
Vac_57,57,SOC,Year_Life,27.505075351916954,27.50507649519491,27.504969427382594,27.505175441733222
Vac_57,57,SOC,Year_Immunised,0,0,0,0
Vac_57,57,SOC,Risk_HZ,0.21103963387263053,0.21098198860166079,0.20720636592011277,0.21497451536264572
Vac_57,57,SOC,Risk_Hosp,0.00651504594543616,0.006487485497676809,0.0057209804277296656,0.007422546020208663
Vac_57,57,SOC,Risk_PHN,0.014195824534018945,0.01418393878124309,0.013373258822456414,0.015068008161288164
Vac_57,57,SOC,Risk_Death,1.251073805012297e-4,1.2486056027611562e-4,1.0886080578198245e-4,1.424139599401695e-4
Vac_57,57,SOC,Q_Life,21.32905559569823,21.329056926770804,21.328984321346688,21.329124725416357
Vac_57,57,SOC,Q_HZ,-0.027861699415496835,-0.02772590639583159,-0.031005918464950297,-0.025301596542530086
Vac_57,57,SOC,Q_HZ_Norm,-0.010041746749639136,-0.010015921786264245,-0.011104282531464988,-0.009068173965589439
Vac_57,57,SOC,Q_All,21.283562564599457,21.283695483505724,21.280435730431766,21.286148156371706
Vac_57,57,SOC,Q_HZ_d,-0.015964834250794552,-0.01592579491065689,-0.017541283607840248,-0.014631493167898019
Vac_57,57,SOC,Q_HZ_Norm_d,-0.006074580188906484,-0.006062065444461336,-0.006663950989568391,-0.005535964159244756
Vac_57,57,SOC,Q_Life_d,13.602524748654858,13.602524857281743,13.602498289418593,13.602548704540718
Vac_57,57,SOC,Q_All_d,13.586559914404063,13.58659474773414,13.584986569035843,13.587897758329785
Vac_57,57,SOC,C_Hosp,27.223561646742112,27.123428463179554,23.652840947925007,31.401279897692362
Vac_57,57,SOC,C_GP_NonPHN,24.337569977525188,24.33652403698312,23.756174635384085,24.909632863811076
Vac_57,57,SOC,C_GP_PHN,7.841738054728156,7.834773661675586,7.212771363952218,8.545278066464997
Vac_57,57,SOC,C_GP,32.179308032253346,32.16748451403194,31.306844920075633,33.11630585473858
Vac_57,57,SOC,C_Med,59.40286967899546,59.35251750853121,55.78374613448375,63.570417150682246
Vac_57,57,SOC,C_VacZVL,0,0,0,0
Vac_57,57,SOC,C_VacRZV,0,0,0,0
Vac_57,57,SOC,C_Vac,0,0,0,0
Vac_57,57,SOC,C_All,59.40286967899546,59.35251750853121,55.78374613448375,63.570417150682246
Vac_57,57,SOC,C_Hosp_d,11.584613495752295,11.55622578494902,10.123722405571906,13.345939225515455
Vac_57,57,SOC,C_GP_NonPHN_d,14.655895799695058,14.65612974109349,14.299190351036286,15.007078163305641
Vac_57,57,SOC,C_GP_PHN_d,4.226956422741873,4.223634169044773,3.883362556426936,4.598272148839704
Vac_57,57,SOC,C_GP_d,18.88285222243693,18.877443979305013,18.37926055900919,19.431592892890595
Vac_57,57,SOC,C_Med_d,30.467465718189224,30.417600988398817,28.932869140734997,32.214024089240205
Vac_57,57,SOC,C_VacZVL_d,0,0,0,0
Vac_57,57,SOC,C_VacRZV_d,0,0,0,0
Vac_57,57,SOC,C_Vac_d,0,0,0,0
Vac_57,57,SOC,C_All_d,30.467465718189224,30.417600988398817,28.932869140734997,32.214024089240205
Vac_57,57,SOC,N_VacZVL,0,0,0,0
Vac_57,57,SOC,N_VacRZV,0,0,0,0
Vac_57,57,SOC,N_VacZVL_d,0,0,0,0
Vac_57,57,SOC,N_VacRZV_d,0,0,0,0
Vac_58,58,RZV_1d,N0,1,1,1,1
Vac_58,58,RZV_1d,Year0,2024,2024,2024,2024
Vac_58,58,RZV_1d,Year_Life,26.62709171150023,26.627094778167432,26.62691286756223,26.627259588870725
Vac_58,58,RZV_1d,Year_Immunised,18.1788513813059,18.27922627216077,14.42320097732902,21.624697679268003
Vac_58,58,RZV_1d,Risk_HZ,0.07061514406380687,0.06999603199975099,0.040916772068452706,0.10209293136955694
Vac_58,58,RZV_1d,Risk_Hosp,0.002888312521985754,0.0028617748128566757,0.00157636312265141,0.0043260074485792265
Vac_58,58,RZV_1d,Risk_PHN,0.005332696560133828,0.005282025339361687,0.0030046724493297664,0.007846637314678337
Vac_58,58,RZV_1d,Risk_Death,6.0610382714293854e-5,6.0198616941323734e-5,3.2759687042589205e-5,8.915093047610884e-5
Vac_58,58,RZV_1d,Q_Life,20.613764719806827,20.613767071057502,20.613641846541963,20.61387961270906
Vac_58,58,RZV_1d,Q_HZ,-0.009716606500768441,-0.009537926053587227,-0.014270241635980454,-0.005608558187084447
Vac_58,58,RZV_1d,Q_HZ_Norm,-0.0032744622497474533,-0.003228960074312454,-0.004808224570579558,-0.0019192675633020622
Vac_58,58,RZV_1d,Q_All,20.586331839623625,20.586508125062057,20.581647334393814,20.59055014229931
Vac_58,58,RZV_1d,Q_HZ_d,-0.005003963020677391,-0.004927716380570664,-0.007350467614649072,-0.0029346852671445667
Vac_58,58,RZV_1d,Q_HZ_Norm_d,-0.0017662110751849084,-0.001735305229735328,-0.0025903823783073516,-0.001038900614668194
Vac_58,58,RZV_1d,Q_Life_d,13.301463691230959,13.301464651444897,13.301420746462329,13.301503297343366
Vac_58,58,RZV_1d,Q_All_d,13.296459728210282,13.296533438336983,13.29407082797199,13.298566017578047
Vac_58,58,RZV_1d,C_Hosp,12.388304060709581,12.279506811807234,6.656242961710991,18.601828509526424
Vac_58,58,RZV_1d,C_GP_NonPHN,7.98130384104104,7.909399091241316,4.628480206169029,11.561859779379338
Vac_58,58,RZV_1d,C_GP_PHN,2.917805478119594,2.8972429145722236,1.6356778113400992,4.312333643451315
Vac_58,58,RZV_1d,C_GP,10.899109319160633,10.817735456519358,6.303089856353283,15.887491076996564
Vac_58,58,RZV_1d,C_Med,23.287413379870213,22.995489405743115,13.212789734569174,34.36168083045565
Vac_58,58,RZV_1d,C_VacZVL,0,0,0,0
Vac_58,58,RZV_1d,C_VacRZV,85,85,85,85
Vac_58,58,RZV_1d,C_Vac,85,85,85,85
Vac_58,58,RZV_1d,C_All,108.28741337987022,107.99548940574311,98.21278973456917,119.36168083045565
Vac_58,58,RZV_1d,C_Hosp_d,5.05934445332092,5.007523786201183,2.786474918808588,7.610031655651263
Vac_58,58,RZV_1d,C_GP_NonPHN_d,4.298221421835516,4.255587179471892,2.501909828727785,6.235592819584264
Vac_58,58,RZV_1d,C_GP_PHN_d,1.4540575596413596,1.4381356465812407,0.8421099463338636,2.1498000032946667
Vac_58,58,RZV_1d,C_GP_d,5.752278981476875,5.691892748662694,3.35266100460914,8.333813615541715
Vac_58,58,RZV_1d,C_Med_d,10.811623434797795,10.689567268600683,6.205331798619171,15.853348330839344
Vac_58,58,RZV_1d,C_VacZVL_d,0,0,0,0
Vac_58,58,RZV_1d,C_VacRZV_d,85,85,85,85
Vac_58,58,RZV_1d,C_Vac_d,85,85,85,85
Vac_58,58,RZV_1d,C_All_d,95.8116234347978,95.68956726860068,91.20533179861917,100.85334833083934
Vac_58,58,RZV_1d,N_VacZVL,0,0,0,0
Vac_58,58,RZV_1d,N_VacRZV,1,1,1,1
Vac_58,58,RZV_1d,N_VacZVL_d,0,0,0,0
Vac_58,58,RZV_1d,N_VacRZV_d,1,1,1,1
Vac_58,58,RZV_2d,N0,1,1,1,1
Vac_58,58,RZV_2d,Year0,2024,2024,2024,2024
Vac_58,58,RZV_2d,Year_Life,26.6271077012985,26.627109807691113,26.626917246055548,26.627291595967716
Vac_58,58,RZV_2d,Year_Immunised,18.76728049842781,18.810340674724134,14.738620234493169,22.561526884057933
Vac_58,58,RZV_2d,Risk_HZ,0.06617583919215819,0.06581631418756906,0.03353247834321192,0.10044013615901753
Vac_58,58,RZV_2d,Risk_Hosp,0.0027664227780065673,0.0027450747598565385,0.001325532022684893,0.004286771357365275
Vac_58,58,RZV_2d,Risk_PHN,0.0050445958723825115,0.004995427814200287,0.0025161408143761026,0.007737275078837681
Vac_58,58,RZV_2d,Risk_Death,5.840223256024218e-5,5.8224122760010826e-5,2.7657636529039085e-5,8.85157155072093e-5
Vac_58,58,RZV_2d,Q_Life,20.613775861436206,20.613777320429932,20.613646085535525,20.613901797726157
Vac_58,58,RZV_2d,Q_HZ,-0.009137838791961509,-0.008986674852553143,-0.013909730296839095,-0.004659742346792573
Vac_58,58,RZV_2d,Q_HZ_Norm,-0.0030617967611311415,-0.003021543032316302,-0.004731818233475643,-0.0015582646626458728
Vac_58,58,RZV_2d,Q_All,20.58692160728186,20.587070332995875,20.582014400183436,20.591523344148
Vac_58,58,RZV_2d,Q_HZ_d,-0.004647795309929479,-0.004552665795215729,-0.0071180986819619875,-0.0024278628235918655
Vac_58,58,RZV_2d,Q_HZ_Norm_d,-0.001628742364286165,-0.0016059555055131067,-0.002493610279345557,-8.611704698181845e-4
Vac_58,58,RZV_2d,Q_Life_d,13.301467903280132,13.301468637633914,13.301422587675598,13.301511038378349
Vac_58,58,RZV_2d,Q_All_d,13.296820107970202,13.296916672668338,13.294309738803348,13.29908650506977
Vac_58,58,RZV_2d,C_Hosp,11.886606937190262,11.82655222379065,5.700937848703281,18.46917718345995
Vac_58,58,RZV_2d,C_GP_NonPHN,7.466044627731201,7.429780344236276,3.792514345566666,11.31907735806701
Vac_58,58,RZV_2d,C_GP_PHN,2.757930756076404,2.7230605306228326,1.3741297431043968,4.239841368982578
Vac_58,58,RZV_2d,C_GP,10.223975383807606,10.14354939028893,5.176737163455894,15.612535677969168
Vac_58,58,RZV_2d,C_Med,22.110582320997867,21.815842206951842,10.915785261353895,33.85376948889211
Vac_58,58,RZV_2d,C_VacZVL,0,0,0,0
Vac_58,58,RZV_2d,C_VacRZV,170,170,170,170
Vac_58,58,RZV_2d,C_Vac,170,170,170,170
Vac_58,58,RZV_2d,C_All,192.11058232099788,191.81584220695186,180.91578526135388,203.85376948889208
Vac_58,58,RZV_2d,C_Hosp_d,4.828871009454764,4.7825196310024625,2.3383838280523053,7.525612321783765
Vac_58,58,RZV_2d,C_GP_NonPHN_d,3.9666753560380266,3.9240501923836533,2.0838144126461513,6.0052156547094055
Vac_58,58,RZV_2d,C_GP_PHN_d,1.3614875538177496,1.3397028661193557,0.6922108360049356,2.101704680571466
Vac_58,58,RZV_2d,C_GP_d,5.328162909855776,5.274089235489266,2.7697320189753922,8.095324659332551
Vac_58,58,RZV_2d,C_Med_d,10.15703391931054,10.014613849209821,5.153270606953314,15.514089096619477
Vac_58,58,RZV_2d,C_VacZVL_d,0,0,0,0
Vac_58,58,RZV_2d,C_VacRZV_d,170,170,170,170
Vac_58,58,RZV_2d,C_Vac_d,170,170,170,170
Vac_58,58,RZV_2d,C_All_d,180.15703391931055,180.0146138492098,175.15327060695333,185.5140890966195
Vac_58,58,RZV_2d,N_VacZVL,0,0,0,0
Vac_58,58,RZV_2d,N_VacRZV,2,2,2,2
Vac_58,58,RZV_2d,N_VacZVL_d,0,0,0,0
Vac_58,58,RZV_2d,N_VacRZV_d,2,2,2,2
Vac_58,58,SOC,N0,1,1,1,1
Vac_58,58,SOC,Year0,2024,2024,2024,2024
Vac_58,58,SOC,Year_Life,26.62661440747559,26.626614928955043,26.626508270706914,26.62671392198419
Vac_58,58,SOC,Year_Immunised,0,0,0,0
Vac_58,58,SOC,Risk_HZ,0.20695101939372013,0.20696863111984376,0.20303458077450692,0.21089870673742056
Vac_58,58,SOC,Risk_Hosp,0.006517792012115677,0.006491543297213721,0.005710511546437404,0.007440958754593353
Vac_58,58,SOC,Risk_PHN,0.014100238224414014,0.014093138731847445,0.013275322567756525,0.014989166276310344
Vac_58,58,SOC,Risk_Death,1.2558952502067606e-4,1.2535218667981095e-4,1.0924503153961473e-4,1.4296970794437297e-4
Vac_58,58,SOC,Q_Life,20.61343172567601,20.61343291853703,20.613360084356046,20.613501048767105
Vac_58,58,SOC,Q_HZ,-0.02743344270272219,-0.027296407779558572,-0.030518100035064163,-0.024878248001480616
Vac_58,58,SOC,Q_HZ_Norm,-0.009818617333705551,-0.009796413288875004,-0.010878078431926959,-0.008855989148413155
Vac_58,58,SOC,Q_All,20.568286102796932,20.568426421527807,20.56520537918403,20.57086911473897
Vac_58,58,SOC,Q_HZ_d,-0.016023895303319373,-0.015971553210359906,-0.017614380976255156,-0.014680220037720355
Vac_58,58,SOC,Q_HZ_Norm_d,-0.006037423402200069,-0.006024243279468504,-0.006637152603967231,-0.005496568009385492
Vac_58,58,SOC,Q_Life_d,13.301337016635479,13.301337195628362,13.301309854298943,13.301361889367403
Vac_58,58,SOC,Q_All_d,13.28531312133216,13.285358669710636,13.283713293038868,13.286661919956934
Vac_58,58,SOC,C_Hosp,27.271266836533094,27.17398348283411,23.681369360333896,31.485361396985013
Vac_58,58,SOC,C_GP_NonPHN,23.8277582807757,23.825856507466888,23.24195032150761,24.393660656788708
Vac_58,58,SOC,C_GP_PHN,7.785914556715551,7.777490028945788,7.149336942919094,8.481439513683798
Vac_58,58,SOC,C_GP,31.613672837491254,31.601297868092374,30.752439220822865,32.5602866440539
Vac_58,58,SOC,C_Med,58.88493967402435,58.832638460332035,55.2391804562395,63.08467452150894
Vac_58,58,SOC,C_VacZVL,0,0,0,0
Vac_58,58,SOC,C_VacRZV,0,0,0,0
Vac_58,58,SOC,C_Vac,0,0,0,0
Vac_58,58,SOC,C_All,58.88493967402435,58.832638460332035,55.2391804562395,63.08467452150894
Vac_58,58,SOC,C_Hosp_d,11.965227489762297,11.9354764503647,10.452294899702826,13.784098586641365
Vac_58,58,SOC,C_GP_NonPHN_d,14.59524788117129,14.59766744202022,14.232650539443934,14.946327096299324
Vac_58,58,SOC,C_GP_PHN_d,4.299966846120853,4.294999039229005,3.9565302017164434,4.681309036527691
Vac_58,58,SOC,C_GP_d,18.895214727292142,18.891545711712226,18.376930395177,19.465612018809363
Vac_58,58,SOC,C_Med_d,30.860442217054437,30.822884391698576,29.291155294934523,32.68822407968975
Vac_58,58,SOC,C_VacZVL_d,0,0,0,0
Vac_58,58,SOC,C_VacRZV_d,0,0,0,0
Vac_58,58,SOC,C_Vac_d,0,0,0,0
Vac_58,58,SOC,C_All_d,30.860442217054437,30.822884391698576,29.291155294934523,32.68822407968975
Vac_58,58,SOC,N_VacZVL,0,0,0,0
Vac_58,58,SOC,N_VacRZV,0,0,0,0
Vac_58,58,SOC,N_VacZVL_d,0,0,0,0
Vac_58,58,SOC,N_VacRZV_d,0,0,0,0
Vac_59,59,RZV_1d,N0,1,1,1,1
Vac_59,59,RZV_1d,Year0,2024,2024,2024,2024
Vac_59,59,RZV_1d,Year_Life,25.75631672378349,25.75632067690038,25.756140507255655,25.756481290720668
Vac_59,59,RZV_1d,Year_Immunised,17.723146102970137,17.818506884995536,14.133196761438857,21.01563924049725
Vac_59,59,RZV_1d,Risk_HZ,0.06771696541987159,0.06702845497503318,0.03924519157010334,0.09809428122916782
Vac_59,59,RZV_1d,Risk_Hosp,0.0028263579836475036,0.0027961757483206105,0.0015379495135731454,0.004248591474008003
Vac_59,59,RZV_1d,Risk_PHN,0.005163770852597198,0.005116450519741907,0.002915432408364992,0.007605868045274303
Vac_59,59,RZV_1d,Risk_Death,5.9595214701513595e-5,5.913185985972636e-5,3.2320830938976855e-5,8.790361552926099e-5
Vac_59,59,RZV_1d,Q_Life,19.905667954767814,19.90567085234573,19.90554714507695,19.905780772281478
Vac_59,59,RZV_1d,Q_HZ,-0.009350920395924429,-0.009175806915659763,-0.013757393230254145,-0.005388823233136363
Vac_59,59,RZV_1d,Q_HZ_Norm,-0.003132695388150874,-0.0030903621228415496,-0.004614576192309517,-0.0018488154090502617
Vac_59,59,RZV_1d,Q_All,19.878511351792532,19.878686046960247,19.873973689600497,19.882577384363376
Vac_59,59,RZV_1d,Q_HZ_d,-0.004919540539938027,-0.004839876003134043,-0.0072332285470906995,-0.0028884095725638013
Vac_59,59,RZV_1d,Q_HZ_Norm_d,-0.0017223321567965215,-0.0016895495136831557,-0.00252489987310447,-0.0010174938498907938
Vac_59,59,RZV_1d,Q_Life_d,12.996041303449173,12.996042249634765,12.995997811792563,12.996081172875437
Vac_59,59,RZV_1d,Q_All_d,12.991121762909236,12.99119903833969,12.988762279410393,12.993188684402503
Vac_59,59,RZV_1d,C_Hosp,12.140598744830287,12.014873385710956,6.573486113373848,18.26320980983366
Vac_59,59,RZV_1d,C_GP_NonPHN,7.640418861757454,7.555339409496628,4.45951720333483,11.062586536804881
Vac_59,59,RZV_1d,C_GP_PHN,2.823553264044583,2.8012906176431853,1.5980787551934168,4.178100786537604
Vac_59,59,RZV_1d,C_GP,10.463972125802037,10.380889691003517,6.047381643531896,15.236456884470407
Vac_59,59,RZV_1d,C_Med,22.604570870632326,22.308654554055057,12.86425810571194,33.41818767217018
Vac_59,59,RZV_1d,C_VacZVL,0,0,0,0
Vac_59,59,RZV_1d,C_VacRZV,85,85,85,85
Vac_59,59,RZV_1d,C_Vac,85,85,85,85
Vac_59,59,RZV_1d,C_All,107.60457087063233,107.30865455405507,97.86425810571193,118.41818767217018
Vac_59,59,RZV_1d,C_Hosp_d,5.1089034598991345,5.051658131088463,2.831011368747196,7.70293607660509
Vac_59,59,RZV_1d,C_GP_NonPHN_d,4.19599933356099,4.151467964604718,2.430439228992717,6.09581558691601
Vac_59,59,RZV_1d,C_GP_PHN_d,1.4429654264590654,1.4273356348539492,0.8340927445301837,2.1344916815047674
Vac_59,59,RZV_1d,C_GP_d,5.638964760020055,5.581227346745591,3.276031241762229,8.162387821333775
Vac_59,59,RZV_1d,C_Med_d,10.747868219919189,10.609130765829786,6.171425351711535,15.770689158599094
Vac_59,59,RZV_1d,C_VacZVL_d,0,0,0,0
Vac_59,59,RZV_1d,C_VacRZV_d,85,85,85,85
Vac_59,59,RZV_1d,C_Vac_d,85,85,85,85
Vac_59,59,RZV_1d,C_All_d,95.74786821991918,95.60913076582979,91.17142535171153,100.77068915859908
Vac_59,59,RZV_1d,N_VacZVL,0,0,0,0
Vac_59,59,RZV_1d,N_VacRZV,1,1,1,1
Vac_59,59,RZV_1d,N_VacZVL_d,0,0,0,0
Vac_59,59,RZV_1d,N_VacRZV_d,1,1,1,1
Vac_59,59,RZV_2d,N0,1,1,1,1
Vac_59,59,RZV_2d,Year0,2024,2024,2024,2024
Vac_59,59,RZV_2d,Year_Life,25.75633298383296,25.756335695095146,25.75614558470452,25.756512091309805
Vac_59,59,RZV_2d,Year_Immunised,18.296119199434244,18.351575204340534,14.462158571890033,21.88225648853041
Vac_59,59,RZV_2d,Risk_HZ,0.06332844412664367,0.06292003264161147,0.03226169167421172,0.09619863793327837
Vac_59,59,RZV_2d,Risk_Hosp,0.0027026628003999627,0.002679458592305173,0.0013006432623405375,0.004202309244252132
Vac_59,59,RZV_2d,Risk_PHN,0.0048742316036776145,0.0048156994115151714,0.0024472473588436424,0.007497317215101309
Vac_59,59,RZV_2d,Risk_Death,5.7342381721266095e-5,5.706321649059584e-5,2.7191436234000885e-5,8.729587207701138e-5
Vac_59,59,RZV_2d,Q_Life,19.90567928011339,19.90568100108075,19.905551410766833,19.905801549323456
Vac_59,59,RZV_2d,Q_HZ,-0.008775895847229511,-0.008610652116454103,-0.013379371533082229,-0.0045044424395717245
Vac_59,59,RZV_2d,Q_HZ_Norm,-0.002923205983242046,-0.002883393274997696,-0.004524401057289054,-0.0014927446020084633
Vac_59,59,RZV_2d,Q_All,19.879097557046787,19.879256644390757,19.874353247103212,19.883502452818355
Vac_59,59,RZV_2d,Q_HZ_d,-0.004559874003853448,-0.004455954911345177,-0.0069893441612167255,-0.002385930107575283
Vac_59,59,RZV_2d,Q_HZ_Norm_d,-0.0015850664670438047,-0.0015625959799650214,-0.0024271186580182226,-8.429906602438205e-4
Vac_59,59,RZV_2d,Q_Life_d,12.996045719812988,12.996046598794905,12.99599972238377,12.996088971307934
Vac_59,59,RZV_2d,Q_All_d,12.991485845809136,12.991588841922713,12.989017022500725,12.993702219841188
Vac_59,59,RZV_2d,C_Hosp,11.630450669202661,11.546744010907709,5.605090003804121,18.14291884840981
Vac_59,59,RZV_2d,C_GP_NonPHN,7.132038190069703,7.088765925679747,3.6457541490584795,10.826801568018638
Vac_59,59,RZV_2d,C_GP_PHN,2.662959986324063,2.630159925118938,1.3233227928416451,4.102034470651772
Vac_59,59,RZV_2d,C_GP,9.794998176393765,9.720088367022637,4.986408174350056,14.983690318333611
Vac_59,59,RZV_2d,C_Med,21.425448845596428,21.126768188055557,10.554484727750195,32.90615611501303
Vac_59,59,RZV_2d,C_VacZVL,0,0,0,0
Vac_59,59,RZV_2d,C_VacRZV,170,170,170,170
Vac_59,59,RZV_2d,C_Vac,170,170,170,170
Vac_59,59,RZV_2d,C_All,191.42544884559643,191.12676818805556,180.5544847277502,202.90615611501303
Vac_59,59,RZV_2d,C_Hosp_d,4.867696001760212,4.815875469234896,2.3569551266240483,7.6224319247677075
Vac_59,59,RZV_2d,C_GP_NonPHN_d,3.8641857513735767,3.822239695631651,2.049810161929953,5.862883128061866
Vac_59,59,RZV_2d,C_GP_PHN_d,1.3479471721574596,1.327247160181039,0.6836556788459782,2.0836892923232857
Vac_59,59,RZV_2d,C_GP_d,5.212132923531036,5.151902909719716,2.7198926972163693,7.921916834785711
Vac_59,59,RZV_2d,C_Med_d,10.079828925291249,9.935773837672464,5.123498759655182,15.426305512888646
Vac_59,59,RZV_2d,C_VacZVL_d,0,0,0,0
Vac_59,59,RZV_2d,C_VacRZV_d,170,170,170,170
Vac_59,59,RZV_2d,C_Vac_d,170,170,170,170
Vac_59,59,RZV_2d,C_All_d,180.07982892529125,179.93577383767246,175.12349875965518,185.42630551288863
Vac_59,59,RZV_2d,N_VacZVL,0,0,0,0
Vac_59,59,RZV_2d,N_VacRZV,2,2,2,2
Vac_59,59,RZV_2d,N_VacZVL_d,0,0,0,0
Vac_59,59,RZV_2d,N_VacRZV_d,2,2,2,2
Vac_59,59,SOC,N0,1,1,1,1
Vac_59,59,SOC,Year0,2024,2024,2024,2024
Vac_59,59,SOC,Year_Life,25.755829827847403,25.755829913323357,25.75572292815938,25.75592868070213
Vac_59,59,SOC,Year_Immunised,0,0,0,0
Vac_59,59,SOC,Risk_HZ,0.2027270138779415,0.2026728376817635,0.19880198049469316,0.2065820013151355
Vac_59,59,SOC,Risk_Hosp,0.006520628239849189,0.006493382527828842,0.005702137890565056,0.00745090012197559
Vac_59,59,SOC,Risk_PHN,0.013997019680161983,0.01399115340336403,0.013143032848026138,0.01489102451488794
Vac_59,59,SOC,Risk_Death,1.2611359157894256e-4,1.2586794697663618e-4,1.0966044301455496e-4,1.4357412827212905e-4
Vac_59,59,SOC,Q_Life,19.905328415229924,19.905329233337806,19.905256023584272,19.905397942854645
Vac_59,59,SOC,Q_HZ,-0.026986388943048528,-0.026842362631240256,-0.030062814157334132,-0.024430747697499523
Vac_59,59,SOC,Q_HZ_Norm,-0.009589751836417372,-0.009569677460657643,-0.01064603721665973,-0.008620487513858407
Vac_59,59,SOC,Q_All,19.86054053712998,19.86067703413163,19.857479169750512,19.86312104190729
Vac_59,59,SOC,Q_HZ_d,-0.01606248783731367,-0.015999275904076814,-0.017696691900919756,-0.014693521441685585
Vac_59,59,SOC,Q_HZ_Norm_d,-0.0059921244634948065,-0.00597872501613842,-0.006599548093080583,-0.005437803775038868
Vac_59,59,SOC,Q_Life_d,12.995908098163884,12.995908256937803,12.99588001649553,12.99593383792131
Vac_59,59,SOC,Q_All_d,12.97984561032657,12.979905095979326,12.978195171192485,12.981217652225581
Vac_59,59,SOC,C_Hosp,27.321780525383126,27.226420280424485,23.733451732298725,31.532415174138546
Vac_59,59,SOC,C_GP_NonPHN,23.301639741085022,23.29724116934713,22.728370614612977,23.86302498956198
Vac_59,59,SOC,C_GP_PHN,7.725629060057326,7.717758542858029,7.082444852172054,8.427916739318846
Vac_59,59,SOC,C_GP,31.02726880114235,31.016330316254813,30.166300173719115,31.96962672633109
Vac_59,59,SOC,C_Med,58.349049326525474,58.31288359998433,54.69720204387066,62.54825406431071
Vac_59,59,SOC,C_VacZVL,0,0,0,0
Vac_59,59,SOC,C_VacRZV,0,0,0,0
Vac_59,59,SOC,C_Vac,0,0,0,0
Vac_59,59,SOC,C_All,58.349049326525474,58.31288359998433,54.69720204387066,62.54825406431071
Vac_59,59,SOC,C_Hosp_d,12.356414285588093,12.322564803806909,10.772886612837807,14.266727595588423
Vac_59,59,SOC,C_GP_NonPHN_d,14.513367041176695,14.516373780328628,14.149807627549714,14.86071826467174
Vac_59,59,SOC,C_GP_PHN_d,4.369878034257924,4.367285296634394,4.017279889517884,4.767333398833729
Vac_59,59,SOC,C_GP_d,18.88324507543462,18.879295535835833,18.35635892919172,19.45719010687375
Vac_59,59,SOC,C_Med_d,31.23965936102271,31.194192402885314,29.60041997036063,33.13393461216808
Vac_59,59,SOC,C_VacZVL_d,0,0,0,0
Vac_59,59,SOC,C_VacRZV_d,0,0,0,0
Vac_59,59,SOC,C_Vac_d,0,0,0,0
Vac_59,59,SOC,C_All_d,31.23965936102271,31.194192402885314,29.60041997036063,33.13393461216808
Vac_59,59,SOC,N_VacZVL,0,0,0,0
Vac_59,59,SOC,N_VacRZV,0,0,0,0
Vac_59,59,SOC,N_VacZVL_d,0,0,0,0
Vac_59,59,SOC,N_VacRZV_d,0,0,0,0
Vac_60,60,RZV_1d,N0,1,1,1,1
Vac_60,60,RZV_1d,Year0,2024,2024,2024,2024
Vac_60,60,RZV_1d,Year_Life,24.893775490885044,24.89377969327883,24.89360262971397,24.893934392539748
Vac_60,60,RZV_1d,Year_Immunised,17.264666819243054,17.350469254752007,13.849821452478679,20.387330121647707
Vac_60,60,RZV_1d,Risk_HZ,0.06484585226274106,0.06413493102214801,0.03782504946578964,0.09377948854861426
Vac_60,60,RZV_1d,Risk_Hosp,0.0027637172289670738,0.0027321124170828145,0.0015143690779676371,0.004162796303645834
Vac_60,60,RZV_1d,Risk_PHN,0.004993729945786399,0.004945961702032485,0.0028400915852015833,0.007357922895065942
Vac_60,60,RZV_1d,Risk_Death,5.8567226353896344e-5,5.8059813454385056e-5,3.192885114702717e-5,8.669915341701156e-5
Vac_60,60,RZV_1d,Q_Life,19.205550490755066,19.205553623185995,19.20543179166759,19.205658545306594
Vac_60,60,RZV_1d,Q_HZ,-0.008986902875484372,-0.008809720052468478,-0.013268152320201175,-0.005163570869585449
Vac_60,60,RZV_1d,Q_HZ_Norm,-0.0029927457439497375,-0.0029471122198135736,-0.0044040494464894385,-0.0017613065178074601
Vac_60,60,RZV_1d,Q_All,19.178658963544695,19.178839761911185,19.174280955866408,19.18259103304643
Vac_60,60,RZV_1d,Q_HZ_d,-0.004829014872000287,-0.004752790129963182,-0.007109122171310305,-0.0028429159464498435
Vac_60,60,RZV_1d,Q_HZ_Norm_d,-0.0016768380252719308,-0.0016469810764149376,-0.0024659228186705716,-9.857402745724456e-4
Vac_60,60,RZV_1d,Q_Life_d,12.686649288223876,12.686650407825155,12.68660501369279,12.68668908510339
Vac_60,60,RZV_1d,Q_All_d,12.681820273351875,12.681899006844825,12.679498343950312,12.683833573717925
Vac_60,60,RZV_1d,C_Hosp,11.88982549166939,11.751998614041474,6.4569234199626315,17.917265159320017
Vac_60,60,RZV_1d,C_GP_NonPHN,7.303206818324373,7.217893878900579,4.253735640603821,10.565446719852227
Vac_60,60,RZV_1d,C_GP_PHN,2.728697483863087,2.7039424960834015,1.5520769865653012,4.036918261411128
Vac_60,60,RZV_1d,C_GP,10.03190430218746,9.940665307665451,5.799547901837779,14.60539325308489
Vac_60,60,RZV_1d,C_Med,21.921729793856848,21.62688506983927,12.43473703821524,32.464549871511785
Vac_60,60,RZV_1d,C_VacZVL,0,0,0,0
Vac_60,60,RZV_1d,C_VacRZV,85,85,85,85
Vac_60,60,RZV_1d,C_Vac,85,85,85,85
Vac_60,60,RZV_1d,C_All,106.92172979385685,106.62688506983928,97.43473703821523,117.46454987151179
Vac_60,60,RZV_1d,C_Hosp_d,5.15456362699803,5.09511542345392,2.8759855570140425,7.779758607456153
Vac_60,60,RZV_1d,C_GP_NonPHN_d,4.08929485092283,4.050402848696308,2.376970190935626,5.951987138012308
Vac_60,60,RZV_1d,C_GP_PHN_d,1.429691568551685,1.4147604970084415,0.8263532105082484,2.114575504324457
Vac_60,60,RZV_1d,C_GP_d,5.518986419474515,5.458219887187564,3.204960367758063,8.01790877516032
Vac_60,60,RZV_1d,C_Med_d,10.673550046472545,10.530883223112063,6.168474901575928,15.701245339687024
Vac_60,60,RZV_1d,C_VacZVL_d,0,0,0,0
Vac_60,60,RZV_1d,C_VacRZV_d,85,85,85,85
Vac_60,60,RZV_1d,C_Vac_d,85,85,85,85
Vac_60,60,RZV_1d,C_All_d,95.67355004647254,95.53088322311206,91.16847490157593,100.70124533968702
Vac_60,60,RZV_1d,N_VacZVL,0,0,0,0
Vac_60,60,RZV_1d,N_VacRZV,1,1,1,1
Vac_60,60,RZV_1d,N_VacZVL_d,0,0,0,0
Vac_60,60,RZV_1d,N_VacRZV_d,1,1,1,1
Vac_60,60,RZV_2d,N0,1,1,1,1
Vac_60,60,RZV_2d,Year0,2024,2024,2024,2024
Vac_60,60,RZV_2d,Year_Life,24.893792024226023,24.893794828223292,24.893608018674396,24.893965983364758
Vac_60,60,RZV_2d,Year_Immunised,17.822131370731963,17.889658340960338,14.179471955312456,21.192688176673702
Vac_60,60,RZV_2d,Risk_HZ,0.06051266784134973,0.0601758581169596,0.030925633117805496,0.0919745880334448
Vac_60,60,RZV_2d,Risk_Hosp,0.0026381941683342462,0.002612847248036407,0.0012737804252253742,0.004114509317552286
Vac_60,60,RZV_2d,Risk_PHN,0.004702946929308063,0.004644329199077042,0.0023686953386908276,0.00725401272170078
Vac_60,60,RZV_2d,Risk_Death,5.6268028594832134e-5,5.597205661607457e-5,2.679874068096477e-5,8.604548184758102e-5
Vac_60,60,RZV_2d,Q_Life,19.20556200125684,19.205563797579572,19.205436222049205,19.205681051316013
Vac_60,60,RZV_2d,Q_HZ,-0.008416218147613327,-0.008252451029554735,-0.012863905394138583,-0.004319085086266454
Vac_60,60,RZV_2d,Q_HZ_Norm,-0.0027866377113059102,-0.0027469200897859937,-0.004318199584166801,-0.001424267538065082
Vac_60,60,RZV_2d,Q_All,19.17924101103776,19.179398845973928,19.17464813272903,19.18345680119185
Vac_60,60,RZV_2d,Q_HZ_d,-0.0044663041187198585,-0.004357533204168087,-0.006854093452332695,-0.0023377871776074405
Vac_60,60,RZV_2d,Q_HZ_Norm_d,-0.0015399683420551406,-0.0015143363721233341,-0.0023627039853445823,-8.231785032177277e-4
Vac_60,60,RZV_2d,Q_Life_d,12.686653916904774,12.686654799119122,12.686607339396952,12.686697336107908
Vac_60,60,RZV_2d,Q_All_d,12.682187612786054,12.682299024693622,12.679760808854082,12.684357583384486
Vac_60,60,RZV_2d,C_Hosp,11.371053138954293,11.271592577255117,5.50955333829282,17.804454375775528
Vac_60,60,RZV_2d,C_GP_NonPHN,6.802263569041336,6.757309415267158,3.49071375732197,10.36612088341447
Vac_60,60,RZV_2d,C_GP_PHN,2.567501305826329,2.53446649320588,1.2836605809611807,3.960724976436461
Vac_60,60,RZV_2d,C_GP,9.369764874867665,9.29545774788043,4.7783672464236835,14.355296741625592
Vac_60,60,RZV_2d,C_Med,20.740818013821958,20.427050247039716,10.219887845159805,31.925307715853624
Vac_60,60,RZV_2d,C_VacZVL,0,0,0,0
Vac_60,60,RZV_2d,C_VacRZV,170,170,170,170
Vac_60,60,RZV_2d,C_Vac,170,170,170,170
Vac_60,60,RZV_2d,C_All,190.74081801382195,190.42705024703972,180.2198878451598,201.92530771585362
Vac_60,60,RZV_2d,C_Hosp_d,4.902176753855525,4.848273069389677,2.379107973985445,7.706794821569349
Vac_60,60,RZV_2d,C_GP_NonPHN_d,3.7577208140244545,3.711643985974905,2.0026789587621003,5.707256227461104
Vac_60,60,RZV_2d,C_GP_PHN_d,1.3322582292166032,1.3122586942745564,0.6829309828211362,2.0628696710721584
Vac_60,60,RZV_2d,C_GP_d,5.089979043241057,5.024758756361598,2.6772935585716304,7.7452436450257425
Vac_60,60,RZV_2d,C_Med_d,9.992155797096583,9.843304364467834,5.0864325671817925,15.329232210005312
Vac_60,60,RZV_2d,C_VacZVL_d,0,0,0,0
Vac_60,60,RZV_2d,C_VacRZV_d,170,170,170,170
Vac_60,60,RZV_2d,C_Vac_d,170,170,170,170
Vac_60,60,RZV_2d,C_All_d,179.9921557970966,179.84330436446783,175.08643256718176,185.32923221000533
Vac_60,60,RZV_2d,N_VacZVL,0,0,0,0
Vac_60,60,RZV_2d,N_VacRZV,2,2,2,2
Vac_60,60,RZV_2d,N_VacZVL_d,0,0,0,0
Vac_60,60,RZV_2d,N_VacRZV_d,2,2,2,2
Vac_60,60,SOC,N0,1,1,1,1
Vac_60,60,SOC,Year0,2024,2024,2024,2024
Vac_60,60,SOC,Year_Life,24.89327887151822,24.89327890401843,24.893170614265834,24.89337696675074
Vac_60,60,SOC,Year_Immunised,0,0,0,0
Vac_60,60,SOC,Risk_HZ,0.1983829878492399,0.198358807234061,0.19448060792869412,0.20220980924013593
Vac_60,60,SOC,Risk_Hosp,0.006523476893875649,0.006494562018117224,0.005697859639081878,0.007457425986204212
Vac_60,60,SOC,Risk_PHN,0.013886265799936705,0.013879859427270842,0.013041408770921248,0.014773607014971227
Vac_60,60,SOC,Risk_Death,1.2668354266769547e-4,1.2647955558781575e-4,1.1010974452281838e-4,1.4423185057098738e-4
Vac_60,60,SOC,Q_Life,19.205204336157234,19.205205551442063,19.205131124335644,19.2052740797306
Vac_60,60,SOC,Q_HZ,-0.026522001584353763,-0.026395072938012805,-0.029605174118500097,-0.02398046733258008
Vac_60,60,SOC,Q_HZ_Norm,-0.009356009357822732,-0.009340179847602971,-0.010403495321268946,-0.008401449318787986
Vac_60,60,SOC,Q_All,19.160782008185414,19.160913357933012,19.157727484091872,19.163340462259875
Vac_60,60,SOC,Q_HZ_d,-0.016081259627460768,-0.016016138975736643,-0.01775925357735289,-0.014692526890517678
Vac_60,60,SOC,Q_HZ_Norm_d,-0.005939251532800772,-0.005923656987595773,-0.006553609624779702,-0.005376515654962968
Vac_60,60,SOC,Q_Life_d,12.686509278639726,12.686509658975567,12.686481124875673,12.686535911987123
Vac_60,60,SOC,Q_All_d,12.670428019012265,12.670492285211981,12.668738048722531,12.671834384944587
Vac_60,60,SOC,C_Hosp,27.375055559721044,27.27690855137412,23.744341057990837,31.635532495440014
Vac_60,60,SOC,C_GP_NonPHN,22.76116504216206,22.75696187241604,22.193928331692852,23.323152629390684
Vac_60,60,SOC,C_GP_PHN,7.660931851907397,7.6510764771418405,7.0243538436951445,8.362939155438085
Vac_60,60,SOC,C_GP,30.42209689406946,30.411153796032167,29.563181301257178,31.34520548284108
Vac_60,60,SOC,C_Med,57.7971524537905,57.73570062982833,54.12828490060027,62.06446302824524
Vac_60,60,SOC,C_VacZVL,0,0,0,0
Vac_60,60,SOC,C_VacRZV,0,0,0,0
Vac_60,60,SOC,C_Vac,0,0,0,0
Vac_60,60,SOC,C_All,57.7971524537905,57.73570062982833,54.12828490060027,62.06446302824524
Vac_60,60,SOC,C_Hosp_d,12.758029737716166,12.722962301060925,11.12268658260606,14.747480681050318
Vac_60,60,SOC,C_GP_NonPHN_d,14.41144162875644,14.411094783775724,14.039820453661182,14.776497086164072
Vac_60,60,SOC,C_GP_PHN_d,4.436578279851289,4.430639002704543,4.0768604883594906,4.842108385942115
Vac_60,60,SOC,C_GP_d,18.84801990860773,18.84178589467367,18.31696622525633,19.432021193179565
Vac_60,60,SOC,C_Med_d,31.606049646323896,31.559207686669787,29.900944298976185,33.57996987543651
Vac_60,60,SOC,C_VacZVL_d,0,0,0,0
Vac_60,60,SOC,C_VacRZV_d,0,0,0,0
Vac_60,60,SOC,C_Vac_d,0,0,0,0
Vac_60,60,SOC,C_All_d,31.606049646323896,31.559207686669787,29.900944298976185,33.57996987543651
Vac_60,60,SOC,N_VacZVL,0,0,0,0
Vac_60,60,SOC,N_VacRZV,0,0,0,0
Vac_60,60,SOC,N_VacZVL_d,0,0,0,0
Vac_60,60,SOC,N_VacRZV_d,0,0,0,0
Vac_61,61,RZV_1d,N0,1,1,1,1
Vac_61,61,RZV_1d,Year0,2024,2024,2024,2024
Vac_61,61,RZV_1d,Year_Life,24.03954465093375,24.039549252179434,24.03937415724096,24.03969802004845
Vac_61,61,RZV_1d,Year_Immunised,16.803479704485227,16.872091912433433,13.562215711770442,19.790023505361894
Vac_61,61,RZV_1d,Risk_HZ,0.06200590074584837,0.06131202754833394,0.03602327563341914,0.08983229658939344
Vac_61,61,RZV_1d,Risk_Hosp,0.00270037798752675,0.002665332627965487,0.0014890818665963903,0.004084285968591726
Vac_61,61,RZV_1d,Risk_PHN,0.004822601136815734,0.0047716844522300295,0.0027408089422207007,0.007114915532739009
Vac_61,61,RZV_1d,Risk_Death,5.752575816932798e-5,5.696445343674379e-5,3.147712454012961e-5,8.535502840965706e-5
Vac_61,61,RZV_1d,Q_Life,18.5135414381623,18.513544779658574,18.513424844039594,18.51364629837724
Vac_61,61,RZV_1d,Q_HZ,-0.008625041644591332,-0.008452562403645041,-0.012741324529282698,-0.004984481472002152
Vac_61,61,RZV_1d,Q_HZ_Norm,-0.0028548149690698224,-0.0028073739772076552,-0.004200780041520703,-0.0016726348221705824
Vac_61,61,RZV_1d,Q_All,18.486902462986762,18.48707799275181,18.482685392280857,18.490649464510216
Vac_61,61,RZV_1d,Q_HZ_d,-0.004732626695718051,-0.004660096648548934,-0.006967179695288676,-0.002782405300459133
Vac_61,61,RZV_1d,Q_HZ_Norm_d,-0.001629886910549697,-0.0015982097222460333,-0.002402610065309824,-9.541516564749513e-4
Vac_61,61,RZV_1d,Q_Life_d,12.373374585548754,12.373375758483682,12.373329778415915,12.3734143327671
Vac_61,61,RZV_1d,Q_All_d,12.368641958853036,12.368718592421882,12.36636136664889,12.370628130554435
Vac_61,61,RZV_1d,C_Hosp,11.63590029270369,11.506013135703196,6.341726655435903,17.57593979369641
Vac_61,61,RZV_1d,C_GP_NonPHN,6.970188276220955,6.886711152111955,4.041636979320313,10.087631011609734
Vac_61,61,RZV_1d,C_GP_PHN,2.6332566002985085,2.6069472633111097,1.502018724193209,3.9017303843984443
Vac_61,61,RZV_1d,C_GP,9.603444876519465,9.498849145091238,5.6030692797376105,13.95614523605414
Vac_61,61,RZV_1d,C_Med,21.239345169223153,20.983491580639026,12.071801676988233,31.523500599007267
Vac_61,61,RZV_1d,C_VacZVL,0,0,0,0
Vac_61,61,RZV_1d,C_VacRZV,85,85,85,85
Vac_61,61,RZV_1d,C_Vac,85,85,85,85
Vac_61,61,RZV_1d,C_All,106.23934516922316,105.98349158063903,97.07180167698824,116.52350059900726
Vac_61,61,RZV_1d,C_Hosp_d,5.19596218196322,5.14027771605566,2.904651662729993,7.855048203196167
Vac_61,61,RZV_1d,C_GP_NonPHN_d,3.978490897033999,3.9424344103855953,2.3250213997105726,5.797613857914985
Vac_61,61,RZV_1d,C_GP_PHN_d,1.414140086631237,1.3979853223407548,0.8159129500329891,2.0950062920669126
Vac_61,61,RZV_1d,C_GP_d,5.392630983665236,5.330220368160537,3.1299559317507057,7.836433635247086
Vac_61,61,RZV_1d,C_Med_d,10.588593165628456,10.444812949018305,6.138691740443544,15.599786962327522
Vac_61,61,RZV_1d,C_VacZVL_d,0,0,0,0
Vac_61,61,RZV_1d,C_VacRZV_d,85,85,85,85
Vac_61,61,RZV_1d,C_Vac_d,85,85,85,85
Vac_61,61,RZV_1d,C_All_d,95.58859316562845,95.44481294901831,91.13869174044355,100.59978696232751
Vac_61,61,RZV_1d,N_VacZVL,0,0,0,0
Vac_61,61,RZV_1d,N_VacRZV,1,1,1,1
Vac_61,61,RZV_1d,N_VacZVL_d,0,0,0,0
Vac_61,61,RZV_1d,N_VacRZV_d,1,1,1,1
Vac_61,61,RZV_2d,N0,1,1,1,1
Vac_61,61,RZV_2d,Year0,2024,2024,2024,2024
Vac_61,61,RZV_2d,Year_Life,24.039561459820867,24.03956467748244,24.0393802786976,24.039730238290133
Vac_61,61,RZV_2d,Year_Immunised,17.345385763426766,17.42327205185087,13.890486133996248,20.51345586501803
Vac_61,61,RZV_2d,Risk_HZ,0.05773211057835244,0.05728453163725969,0.029578870987696196,0.08780533492057031
Vac_61,61,RZV_2d,Risk_Hosp,0.0025730044582953073,0.0025460561715266814,0.0012469336533497191,0.004023172224680473
Vac_61,61,RZV_2d,Risk_PHN,0.004530802874160963,0.004467311160475948,0.0022838583446531738,0.007006863136259126
Vac_61,61,RZV_2d,Risk_Death,5.517845037396264e-5,5.4823224979791924e-5,2.6351621691741218e-5,8.46551731972747e-5
Vac_61,61,RZV_2d,Q_Life,18.51355313463947,18.513555299766242,18.513429256232413,18.513668317430163
Vac_61,61,RZV_2d,Q_HZ,-0.008059248456950208,-0.007897186790793476,-0.01234035865429394,-0.004138608351769742
Vac_61,61,RZV_2d,Q_HZ_Norm,-0.002652264028377802,-0.0026140251642812187,-0.004114258876078573,-0.0013634389992859995
Vac_61,61,RZV_2d,Q_All,18.487479801671864,18.487638150056522,18.483058559076753,18.491516889612534
Vac_61,61,RZV_2d,Q_HZ_d,-0.00436729223326059,-0.004262975763721683,-0.006707737320015779,-0.002289667980289121
Vac_61,61,RZV_2d,Q_HZ_Norm_d,-0.0014935814225448924,-0.0014678160249410783,-0.0022937469270757358,-8.0276325611941e-4
Vac_61,61,RZV_2d,Q_Life_d,12.373379434437275,12.373380474334734,12.373332162124036,12.3734229760077
Vac_61,61,RZV_2d,Q_All_d,12.369012142204015,12.369117171821332,12.36663211968536,12.371133263469769
Vac_61,61,RZV_2d,C_Hosp,11.108326489862856,10.999022591603438,5.382242661660995,17.45325796577451
Vac_61,61,RZV_2d,C_GP_NonPHN,6.477173634612549,6.430044883594622,3.325695941568482,9.899355282124281
Vac_61,61,RZV_2d,C_GP_PHN,2.4715922686859333,2.43463854879331,1.2449328377381301,3.817867175176124
Vac_61,61,RZV_2d,C_GP,8.948765903298483,8.877779998315548,4.558413087731108,13.736682156222063
Vac_61,61,RZV_2d,C_Med,20.057092393161337,19.7689697557994,9.93685538045094,30.99669046463729
Vac_61,61,RZV_2d,C_VacZVL,0,0,0,0
Vac_61,61,RZV_2d,C_VacRZV,170,170,170,170
Vac_61,61,RZV_2d,C_Vac,170,170,170,170
Vac_61,61,RZV_2d,C_All,190.05709239316133,189.7689697557994,179.93685538045094,200.99669046463728
Vac_61,61,RZV_2d,C_Hosp_d,4.931932472213158,4.871153120370043,2.4012018301985356,7.780868280041155
Vac_61,61,RZV_2d,C_GP_NonPHN_d,3.647608435692127,3.601961659573799,1.9705352556838327,5.545278054359443
Vac_61,61,RZV_2d,C_GP_PHN_d,1.3143442838154669,1.2934031362544864,0.6750958754456157,2.0387064381205064
Vac_61,61,RZV_2d,C_GP_d,4.961952719507593,4.89731213542297,2.642590353301788,7.567839915853951
Vac_61,61,RZV_2d,C_Med_d,9.893885191720752,9.747202060339495,5.053925466336447,15.197700168128979
Vac_61,61,RZV_2d,C_VacZVL_d,0,0,0,0
Vac_61,61,RZV_2d,C_VacRZV_d,170,170,170,170
Vac_61,61,RZV_2d,C_Vac_d,170,170,170,170
Vac_61,61,RZV_2d,C_All_d,179.89388519172076,179.74720206033948,175.05392546633644,185.19770016812896
Vac_61,61,RZV_2d,N_VacZVL,0,0,0,0
Vac_61,61,RZV_2d,N_VacRZV,2,2,2,2
Vac_61,61,RZV_2d,N_VacZVL_d,0,0,0,0
Vac_61,61,RZV_2d,N_VacRZV_d,2,2,2,2
Vac_61,61,SOC,N0,1,1,1,1
Vac_61,61,SOC,Year0,2024,2024,2024,2024
Vac_61,61,SOC,Year_Life,24.039038201307644,24.03903832784894,24.038928454982134,24.0391354305661
Vac_61,61,SOC,Year_Immunised,0,0,0,0
Vac_61,61,SOC,Risk_HZ,0.19393815228892528,0.19390448995321366,0.19004518901663828,0.19772194271643265
Vac_61,61,SOC,Risk_Hosp,0.0065267039407314,0.006497394906781641,0.005702455259740541,0.00746513536953665
Vac_61,61,SOC,Risk_PHN,0.01376761894283461,0.013755769144609322,0.01292244186598368,0.014652181931892517
Vac_61,61,SOC,Risk_Death,1.2730095777363206e-4,1.2714712152001907e-4,1.1059347608446135e-4,1.4494480371587116e-4
Vac_61,61,SOC,Q_Life,18.51318861848991,18.51318920012662,18.5131146922661,18.513258227225293
Vac_61,61,SOC,Q_HZ,-0.02604204612778184,-0.025912109873573216,-0.029087872617726825,-0.023510072253024778
Vac_61,61,SOC,Q_HZ_Norm,-0.00911851064322953,-0.009100479788262839,-0.010154683607524497,-0.008179076203279302
Vac_61,61,SOC,Q_All,18.46913704624567,18.46925731822283,18.466097932045518,18.471663372719362
Vac_61,61,SOC,Q_HZ_d,-0.016081427520392128,-0.016012426020929088,-0.017813183328904053,-0.014662101520327837
Vac_61,61,SOC,Q_HZ_Norm_d,-0.005879740937551884,-0.005864725691429597,-0.006497003149731876,-0.005319632453554842
Vac_61,61,SOC,Q_Life_d,12.373227500259294,12.373228029405224,12.373198842580734,12.373254833729636
Vac_61,61,SOC,Q_All_d,12.357146072738901,12.3572160084604,12.355411954026371,12.358564995827955
Vac_61,61,SOC,C_Hosp,27.432243432406807,27.334456419068665,23.76995968984842,31.708401949960745
Vac_61,61,SOC,C_GP_NonPHN,22.208789696030113,22.204882261911813,21.649026372909724,22.76288711772002
Vac_61,61,SOC,C_GP_PHN,7.591610274045333,7.579377491907706,6.9613619954409796,8.28206230303492
Vac_61,61,SOC,C_GP,29.800399970075446,29.786784012718243,28.93668374573064,30.728800410644112
Vac_61,61,SOC,C_Med,57.23264340248225,57.182937218503824,53.51474065601805,61.50434942192311
Vac_61,61,SOC,C_VacZVL,0,0,0,0
Vac_61,61,SOC,C_VacRZV,0,0,0,0
Vac_61,61,SOC,C_Vac,0,0,0,0
Vac_61,61,SOC,C_All,57.23264340248225,57.182937218503824,53.51474065601805,61.50434942192311
Vac_61,61,SOC,C_Hosp_d,13.17145909535016,13.131318767936387,11.489516163392928,15.239618781562935
Vac_61,61,SOC,C_GP_NonPHN_d,14.29141388790451,14.291888880913888,13.920545817794537,14.653023921398518
Vac_61,61,SOC,C_GP_PHN_d,4.499752287844758,4.49403315968118,4.128690260702945,4.915250975661173
Vac_61,61,SOC,C_GP_d,18.791166175749268,18.784681102162722,18.237406046816147,19.378969958794823
Vac_61,61,SOC,C_Med_d,31.962625271099427,31.900356559426616,30.181586762835494,34.033001084478215
Vac_61,61,SOC,C_VacZVL_d,0,0,0,0
Vac_61,61,SOC,C_VacRZV_d,0,0,0,0
Vac_61,61,SOC,C_Vac_d,0,0,0,0
Vac_61,61,SOC,C_All_d,31.962625271099427,31.900356559426616,30.181586762835494,34.033001084478215
Vac_61,61,SOC,N_VacZVL,0,0,0,0
Vac_61,61,SOC,N_VacRZV,0,0,0,0
Vac_61,61,SOC,N_VacZVL_d,0,0,0,0
Vac_61,61,SOC,N_VacRZV_d,0,0,0,0
Vac_62,62,RZV_1d,N0,1,1,1,1
Vac_62,62,RZV_1d,Year0,2024,2024,2024,2024
Vac_62,62,RZV_1d,Year_Life,23.193751668733114,23.19375647267524,23.19358481978692,23.193901132008158
Vac_62,62,RZV_1d,Year_Immunised,16.339689659781065,16.390962561985404,13.2823369450001,19.19249751367187
Vac_62,62,RZV_1d,Risk_HZ,0.05919820290676735,0.058470735116845626,0.03423322065164598,0.0859634963323812
Vac_62,62,RZV_1d,Risk_Hosp,0.0026363529410942574,0.002599954264251461,0.0014613990458685949,0.0040027442569281115
Vac_62,62,RZV_1d,Risk_PHN,0.004650308510100895,0.004595343633775504,0.0026367381649753606,0.006858713404044952
Vac_62,62,RZV_1d,Risk_Death,5.647022039040993e-5,5.583617395071657e-5,3.103465773064231e-5,8.42850379628159e-5
Vac_62,62,RZV_1d,Q_Life,17.82984358394277,17.829846967348217,17.829728539989098,17.829945750266738
Vac_62,62,RZV_1d,Q_HZ,-0.008265489354802754,-0.00811027662724682,-0.012207102307136737,-0.004795048160314397
Vac_62,62,RZV_1d,Q_HZ_Norm,-0.0027189407702027345,-0.0026698053275232125,-0.0040067507851232545,-0.001585621971927027
Vac_62,62,RZV_1d,Q_All,17.803443510995375,17.803610164111237,17.799381206518717,17.807006589628667
Vac_62,62,RZV_1d,Q_HZ_d,-0.004630277854051938,-0.004555712895197097,-0.006826527990056573,-0.002721679581240848
Vac_62,62,RZV_1d,Q_HZ_Norm_d,-0.0015814733936030138,-0.0015545185646343158,-0.002336715649055469,-9.266682226907511e-4
Vac_62,62,RZV_1d,Q_Life_d,12.056371850272155,12.056373132966687,12.056326301719258,12.056412139933464
Vac_62,62,RZV_1d,Q_All_d,12.051741572418104,12.051815746351965,12.049501907908185,12.053686349922286
Vac_62,62,RZV_1d,C_Hosp,11.378806906591569,11.24086007421825,6.233045031246362,17.217478629773034
Vac_62,62,RZV_1d,C_GP_NonPHN,6.641510100896964,6.553311843663264,3.8337181357869614,9.626799450574524
Vac_62,62,RZV_1d,C_GP_PHN,2.5371877220710064,2.5068849327279246,1.4601220575712115,3.7604338306178913
Vac_62,62,RZV_1d,C_GP,9.17869782296797,9.079767929945353,5.342266398052475,13.347140182907241
Vac_62,62,RZV_1d,C_Med,20.55750472955954,20.28817746730323,11.711110084345124,30.56746394293479
Vac_62,62,RZV_1d,C_VacZVL,0,0,0,0
Vac_62,62,RZV_1d,C_VacRZV,85,85,85,85
Vac_62,62,RZV_1d,C_Vac,85,85,85,85
Vac_62,62,RZV_1d,C_All,105.55750472955954,105.28817746730323,96.71111008434512,115.5674639429348
Vac_62,62,RZV_1d,C_Hosp_d,5.232774519059896,5.16492242258032,2.927005100428163,7.922333228258672
Vac_62,62,RZV_1d,C_GP_NonPHN_d,3.863599034388858,3.8298064279069735,2.261983901356577,5.6263116651316105
Vac_62,62,RZV_1d,C_GP_PHN_d,1.39614610339043,1.3795291814667352,0.8041914216822164,2.0682439447449417
Vac_62,62,RZV_1d,C_GP_d,5.259745137779288,5.1942667500911055,3.0532227879913916,7.652573319511253
Vac_62,62,RZV_1d,C_Med_d,10.492519656839185,10.343327341995495,6.056661610476659,15.47935820092276
Vac_62,62,RZV_1d,C_VacZVL_d,0,0,0,0
Vac_62,62,RZV_1d,C_VacRZV_d,85,85,85,85
Vac_62,62,RZV_1d,C_Vac_d,85,85,85,85
Vac_62,62,RZV_1d,C_All_d,95.49251965683918,95.34332734199549,91.05666161047665,100.47935820092277
Vac_62,62,RZV_1d,N_VacZVL,0,0,0,0
Vac_62,62,RZV_1d,N_VacRZV,1,1,1,1
Vac_62,62,RZV_1d,N_VacZVL_d,0,0,0,0
Vac_62,62,RZV_1d,N_VacRZV_d,1,1,1,1
Vac_62,62,RZV_2d,N0,1,1,1,1
Vac_62,62,RZV_2d,Year0,2024,2024,2024,2024
Vac_62,62,RZV_2d,Year_Life,23.193768754506316,23.19377227258981,23.19359144079323,23.193931803258906
Vac_62,62,RZV_2d,Year_Immunised,16.865991090733615,16.94287014335229,13.588290326410593,19.851281648737988
Vac_62,62,RZV_2d,Risk_HZ,0.05498846058537143,0.054426791648093685,0.028205534235190684,0.08373446163990755
Vac_62,62,RZV_2d,Risk_Hosp,0.002507099839737825,0.0024807280838366804,0.0012215731364156757,0.003941942004998344
Vac_62,62,RZV_2d,Risk_PHN,0.0043578054160574,0.004290147253217268,0.0022064333575700064,0.006743123834759232
Vac_62,62,RZV_2d,Risk_Death,5.4072992744571526e-5,5.365691451570088e-5,2.596424779854388e-5,8.323351743675967e-5
Vac_62,62,RZV_2d,Q_Life,17.829855466498838,17.829857788867763,17.829734367457178,17.829966850744373
Vac_62,62,RZV_2d,Q_HZ,-0.00770522065735085,-0.007544046336609555,-0.01181734095908962,-0.0039900357959816914
Vac_62,62,RZV_2d,Q_HZ_Norm,-0.0025201517463205856,-0.0024803158937500335,-0.003913015009105056,-0.0013007484025627258
Vac_62,62,RZV_2d,Q_All,17.80401550786817,17.804186070869026,17.79977595163835,17.807853464802584
Vac_62,62,RZV_2d,Q_HZ_d,-0.0042628358388984286,-0.0041654311130710445,-0.006551442979822655,-0.002251035066215897
Vac_62,62,RZV_2d,Q_HZ_Norm_d,-0.0014459354974801115,-0.001419570133778701,-0.002224090680765092,-7.803163391159047e-4
Vac_62,62,RZV_2d,Q_Life_d,12.056376927061875,12.056378079781691,12.056329015888922,12.056420442698844
Vac_62,62,RZV_2d,Q_All_d,12.052114091222975,12.052219353811626,12.0497857495807,12.05416604259046
Vac_62,62,RZV_2d,C_Hosp,10.84223604358663,10.715829646718934,5.282419402155257,17.08391646467397
Vac_62,62,RZV_2d,C_GP_NonPHN,6.156981748531321,6.099481757841094,3.178405689186648,9.41925458193068
Vac_62,62,RZV_2d,C_GP_PHN,2.375237412117763,2.337824058920531,1.2049322471037502,3.6765559784232162
Vac_62,62,RZV_2d,C_GP,8.532219160649083,8.448520624346218,4.354822452112804,13.106843621082776
Vac_62,62,RZV_2d,C_Med,19.374455204235712,19.099874002752173,9.658259084793432,30.029840645536495
Vac_62,62,RZV_2d,C_VacZVL,0,0,0,0
Vac_62,62,RZV_2d,C_VacRZV,170,170,170,170
Vac_62,62,RZV_2d,C_Vac,170,170,170,170
Vac_62,62,RZV_2d,C_All,189.37445520423572,189.0998740027522,179.6582590847934,200.0298406455365
Vac_62,62,RZV_2d,C_Hosp_d,4.95660526679628,4.8946003041437285,2.419503419503924,7.854888331757421
Vac_62,62,RZV_2d,C_GP_NonPHN_d,3.5339424649504156,3.4866787675709503,1.9192853502060991,5.370660665961751
Vac_62,62,RZV_2d,C_GP_PHN_d,1.294089934338449,1.2737547743824997,0.6662994936637845,2.0070189319978957
Vac_62,62,RZV_2d,C_GP_d,4.8280323992888645,4.765925480704285,2.5779531153340343,7.38346433972429
Vac_62,62,RZV_2d,C_Med_d,9.784637666085144,9.635051183148573,5.03826481839382,15.047696609198228
Vac_62,62,RZV_2d,C_VacZVL_d,0,0,0,0
Vac_62,62,RZV_2d,C_VacRZV_d,170,170,170,170
Vac_62,62,RZV_2d,C_Vac_d,170,170,170,170
Vac_62,62,RZV_2d,C_All_d,179.78463766608513,179.63505118314856,175.03826481839383,185.04769660919825
Vac_62,62,RZV_2d,N_VacZVL,0,0,0,0
Vac_62,62,RZV_2d,N_VacRZV,2,2,2,2
Vac_62,62,RZV_2d,N_VacZVL_d,0,0,0,0
Vac_62,62,RZV_2d,N_VacRZV_d,2,2,2,2
Vac_62,62,SOC,N0,1,1,1,1
Vac_62,62,SOC,Year0,2024,2024,2024,2024
Vac_62,62,SOC,Year_Life,23.19323531103323,23.19323563460385,23.193125431598727,23.193331552833506
Vac_62,62,SOC,Year_Immunised,0,0,0,0
Vac_62,62,SOC,Risk_HZ,0.18936944080360987,0.18934996128070572,0.1856212137849675,0.19327342729593663
Vac_62,62,SOC,Risk_Hosp,0.006530265773410478,0.006499240564805423,0.00569596875327719,0.007476737823815938
Vac_62,62,SOC,Risk_PHN,0.0136382833370234,0.013624949429524798,0.012808619320236535,0.014514408741078412
Vac_62,62,SOC,Risk_Death,1.2796752247857477e-4,1.2787184016736309e-4,1.1111217004774313e-4,1.457150500069785e-4
Vac_62,62,SOC,Q_Life,17.829484072000938,17.829484069115587,17.82940990386848,17.82955291542672
Vac_62,62,SOC,Q_HZ,-0.025543513358037312,-0.025416980398393497,-0.028565119180536357,-0.0230453809840091
Vac_62,62,SOC,Q_HZ_Norm,-0.008876095537442804,-0.008855037008139117,-0.009885918064222196,-0.007957423910425882
Vac_62,62,SOC,Q_All,17.785810497248423,17.785930255960597,17.782796909465898,17.78832533038873
Vac_62,62,SOC,Q_HZ_d,-0.016059297740771517,-0.015985710865327747,-0.01783391888853562,-0.014610360754802102
Vac_62,62,SOC,Q_HZ_Norm_d,-0.00581219691382976,-0.005798598987841664,-0.00642273261094817,-0.00525037471742823
Vac_62,62,SOC,Q_Life_d,12.056217422798909,12.056217868853576,12.056188303568572,12.056245745907713
Vac_62,62,SOC,Q_All_d,12.040158125058138,12.040232782315393,12.038393843685085,12.041598347671055
Vac_62,62,SOC,C_Hosp,27.493155883291724,27.393166577061294,23.814497046025025,31.798799896221865
Vac_62,62,SOC,C_GP_NonPHN,21.64192756476445,21.633147948097836,21.083343145042527,22.185503964346452
Vac_62,62,SOC,C_GP_PHN,7.516067221749116,7.504714153919498,6.887061365589707,8.202132302792094
Vac_62,62,SOC,C_GP,29.15799478651357,29.1488105430272,28.311793134370152,30.066866722637
Vac_62,62,SOC,C_Med,56.65115066980529,56.58940819488017,52.88661168405552,60.95752287829459
Vac_62,62,SOC,C_VacZVL,0,0,0,0
Vac_62,62,SOC,C_VacRZV,0,0,0,0
Vac_62,62,SOC,C_Vac,0,0,0,0
Vac_62,62,SOC,C_All,56.65115066980529,56.58940819488017,52.88661168405552,60.95752287829459
Vac_62,62,SOC,C_Hosp_d,13.596718494555747,13.546353844666431,11.825192388650844,15.71693523812534
Vac_62,62,SOC,C_GP_NonPHN_d,14.150066515449517,14.148409822794463,13.77479090114791,14.506459662369217
Vac_62,62,SOC,C_GP_PHN_d,4.557638911017025,4.550611228106371,4.181095522969976,4.976909561357695
Vac_62,62,SOC,C_GP_d,18.707705426466543,18.70263781411482,18.16348122732252,19.299574207558003
Vac_62,62,SOC,C_Med_d,32.30442392102229,32.235682471405376,30.454801285859354,34.42267162741015
Vac_62,62,SOC,C_VacZVL_d,0,0,0,0
Vac_62,62,SOC,C_VacRZV_d,0,0,0,0
Vac_62,62,SOC,C_Vac_d,0,0,0,0
Vac_62,62,SOC,C_All_d,32.30442392102229,32.235682471405376,30.454801285859354,34.42267162741015
Vac_62,62,SOC,N_VacZVL,0,0,0,0
Vac_62,62,SOC,N_VacRZV,0,0,0,0
Vac_62,62,SOC,N_VacZVL_d,0,0,0,0
Vac_62,62,SOC,N_VacRZV_d,0,0,0,0
Vac_63,63,RZV_1d,N0,1,1,1,1
Vac_63,63,RZV_1d,Year0,2024,2024,2024,2024
Vac_63,63,RZV_1d,Year_Life,22.356533880649405,22.356538745818487,22.35637125041981,22.356678567142666
Vac_63,63,RZV_1d,Year_Immunised,15.873413123795915,15.928205898496614,12.939966313765565,18.585430485377007
Vac_63,63,RZV_1d,Risk_HZ,0.05642771015767966,0.05573567268637279,0.0324907994845227,0.08212814415115191
Vac_63,63,RZV_1d,Risk_Hosp,0.0025715787331289713,0.0025331008612514013,0.0014362350871492758,0.003909076106339056
Vac_63,63,RZV_1d,Risk_PHN,0.00447717343111405,0.004417934496370297,0.0025496796627916315,0.006613449705795055
Vac_63,63,RZV_1d,Risk_Death,5.539999273773045e-5,5.47345506845135e-5,3.0491277990843527e-5,8.284734437269953e-5
Vac_63,63,RZV_1d,Q_Life,17.15470264449229,17.154706114834692,17.154590829556444,17.15480182854729
Vac_63,63,RZV_1d,Q_HZ,-0.007908852096920577,-0.007763078645024389,-0.011698182681165018,-0.004577795387635169
Vac_63,63,RZV_1d,Q_HZ_Norm,-0.0025853645320717497,-0.002539010151733551,-0.0038159884186583057,-0.0015141773872083418
Vac_63,63,RZV_1d,Q_All,17.128526116641307,17.128678685683887,17.12462844243052,17.13193722747669
Vac_63,63,RZV_1d,Q_HZ_d,-0.004522346350901755,-0.004442396131313444,-0.0066786482658618,-0.0026607128377491305
Vac_63,63,RZV_1d,Q_HZ_Norm_d,-0.0015318068450348023,-0.001503791581056682,-0.002266413116140194,-8.961686342039462e-4
Vac_63,63,RZV_1d,Q_Life_d,11.735846253729834,11.73584758819272,11.735800501056481,11.735886458812857
Vac_63,63,RZV_1d,Q_All_d,11.73132390737893,11.731404995960496,11.729130980101521,11.733222001975786
Vac_63,63,RZV_1d,C_Hosp,11.11831212304591,10.977341363760729,6.109390337223299,16.866359988720596
Vac_63,63,RZV_1d,C_GP_NonPHN,6.317771157384974,6.233158174937538,3.639844134846807,9.143787278390182
Vac_63,63,RZV_1d,C_GP_PHN,2.4406802636809473,2.412656187637803,1.4019675292283202,3.6185265201900734
Vac_63,63,RZV_1d,C_GP,8.75845142106592,8.65638277125306,5.075127606255208,12.739116777828066
Vac_63,63,RZV_1d,C_Med,19.87676354411183,19.5905139994389,11.369459017670058,29.619517417347364
Vac_63,63,RZV_1d,C_VacZVL,0,0,0,0
Vac_63,63,RZV_1d,C_VacRZV,85,85,85,85
Vac_63,63,RZV_1d,C_Vac,85,85,85,85
Vac_63,63,RZV_1d,C_All,104.87676354411182,104.5905139994389,96.36945901767005,114.61951741734735
Vac_63,63,RZV_1d,C_Hosp_d,5.264432508305293,5.186548655442601,2.952947892251115,7.998169688225067
Vac_63,63,RZV_1d,C_GP_NonPHN_d,3.7451098925311426,3.709876072751111,2.189447112220361,5.460277154377612
Vac_63,63,RZV_1d,C_GP_PHN_d,1.375781033792598,1.3590614571119501,0.7984311723077454,2.0348078013062376
Vac_63,63,RZV_1d,C_GP_d,5.1208909263237405,5.062033426022463,2.980237407371595,7.491345235699264
Vac_63,63,RZV_1d,C_Med_d,10.385323434629033,10.212647304234217,5.9951410585460625,15.336417924711675
Vac_63,63,RZV_1d,C_VacZVL_d,0,0,0,0
Vac_63,63,RZV_1d,C_VacRZV_d,85,85,85,85
Vac_63,63,RZV_1d,C_Vac_d,85,85,85,85
Vac_63,63,RZV_1d,C_All_d,95.38532343462903,95.21264730423422,90.99514105854605,100.33641792471168
Vac_63,63,RZV_1d,N_VacZVL,0,0,0,0
Vac_63,63,RZV_1d,N_VacRZV,1,1,1,1
Vac_63,63,RZV_1d,N_VacZVL_d,0,0,0,0
Vac_63,63,RZV_1d,N_VacRZV_d,1,1,1,1
Vac_63,63,RZV_2d,N0,1,1,1,1
Vac_63,63,RZV_2d,Year0,2024,2024,2024,2024
Vac_63,63,RZV_2d,Year_Life,22.356551243558638,22.35655471725982,22.356378029182306,22.356709720780568
Vac_63,63,RZV_2d,Year_Immunised,16.384067953973975,16.45685205053111,13.273808394525739,19.19838724090601
Vac_63,63,RZV_2d,Risk_HZ,0.05228592885259615,0.051665078093128015,0.027067503894095207,0.07976496190345884
Vac_63,63,RZV_2d,Risk_Hosp,0.002440436168192454,0.002412962382927916,0.0011988037552422913,0.0038513078200405693
Vac_63,63,RZV_2d,Risk_PHN,0.004184223623078003,0.004118039017942125,0.002122855620372816,0.006475247955538986
Vac_63,63,RZV_2d,Risk_Death,5.2950974876008315e-5,5.247669844296277e-5,2.555199047043955e-5,8.172941841630568e-5
Vac_63,63,RZV_2d,Q_Life,17.154714712387886,17.15471718109187,17.154596227912293,17.154822424283658
Vac_63,63,RZV_2d,Q_HZ,-0.007354667565585846,-0.007189912308012339,-0.01129579005723192,-0.003826675367192622
Vac_63,63,RZV_2d,Q_HZ_Norm,-0.0023905002490119645,-0.002351536380082731,-0.003709465234532503,-0.0012404536575538962
Vac_63,63,RZV_2d,Q_All,17.129092211116095,17.129255437333374,17.125033277487574,17.132727711625794
Vac_63,63,RZV_2d,Q_HZ_d,-0.004153252061651516,-0.004053431266704962,-0.006384276976766705,-0.002203536970624225
Vac_63,63,RZV_2d,Q_HZ_Norm_d,-0.001397202827949833,-0.0013701135663096511,-0.002149710191499989,-7.59764163748988e-4
Vac_63,63,RZV_2d,Q_Life_d,11.735851565808874,11.735852802115401,11.735803117342046,11.735894980109974
Vac_63,63,RZV_2d,Q_All_d,11.731698313747222,11.731800010106195,11.729426983285597,11.733690341490878
Vac_63,63,RZV_2d,C_Hosp,10.572603123166841,10.449820142336556,5.144568150381832,16.70400656750214
Vac_63,63,RZV_2d,C_GP_NonPHN,5.842196313650786,5.775150881752398,3.044886626662146,8.939349167982371
Vac_63,63,RZV_2d,C_GP_PHN,2.278594944943749,2.2432428639990456,1.1595958656637708,3.5334473114118383
Vac_63,63,RZV_2d,C_GP,8.120791258594535,8.028810890149453,4.178986914900544,12.482274493880396
Vac_63,63,RZV_2d,C_Med,18.693394381761376,18.43259629201841,9.381551638623773,29.074805258534873
Vac_63,63,RZV_2d,C_VacZVL,0,0,0,0
Vac_63,63,RZV_2d,C_VacRZV,170,170,170,170
Vac_63,63,RZV_2d,C_Vac,170,170,170,170
Vac_63,63,RZV_2d,C_All,188.69339438176138,188.43259629201842,179.38155163862376,199.0748052585349
Vac_63,63,RZV_2d,C_Hosp_d,4.975668051912747,4.909889527039462,2.451812084588411,7.906913486588556
Vac_63,63,RZV_2d,C_GP_NonPHN_d,3.417136349465886,3.3708272915930673,1.8619332986482087,5.191977910039964
Vac_63,63,RZV_2d,C_GP_PHN_d,1.2715363435237783,1.2523250560219923,0.6582913243010676,1.9706006474633284
Vac_63,63,RZV_2d,C_GP_d,4.688672692989664,4.628446905963678,2.5185829514670264,7.172332343432414
Vac_63,63,RZV_2d,C_Med_d,9.664340744902411,9.503071907999924,4.997220476335058,14.882423255313569
Vac_63,63,RZV_2d,C_VacZVL_d,0,0,0,0
Vac_63,63,RZV_2d,C_VacRZV_d,170,170,170,170
Vac_63,63,RZV_2d,C_Vac_d,170,170,170,170
Vac_63,63,RZV_2d,C_All_d,179.6643407449024,179.50307190799992,174.9972204763351,184.88242325531354
Vac_63,63,RZV_2d,N_VacZVL,0,0,0,0
Vac_63,63,RZV_2d,N_VacRZV,2,2,2,2
Vac_63,63,RZV_2d,N_VacZVL_d,0,0,0,0
Vac_63,63,RZV_2d,N_VacRZV_d,2,2,2,2
Vac_63,63,SOC,N0,1,1,1,1
Vac_63,63,SOC,Year0,2024,2024,2024,2024
Vac_63,63,SOC,Year_Life,22.356007571851457,22.356007659076777,22.355899562731743,22.356103345963806
Vac_63,63,SOC,Year_Immunised,0,0,0,0
Vac_63,63,SOC,Risk_HZ,0.18471215267564972,0.18464504018920155,0.1809880124406618,0.1886891094348583
Vac_63,63,SOC,Risk_Hosp,0.006534181121462558,0.0065039619889441305,0.005706002630407288,0.007486553794953517
Vac_63,63,SOC,Risk_PHN,0.013500177669242332,0.013487871494445136,0.012666601794882227,0.014416073634378074
Vac_63,63,SOC,Risk_Death,1.286847681578507e-4,1.2864550859835743e-4,1.1166611655601137e-4,1.4654448926424988e-4
Vac_63,63,SOC,Q_Life,17.15433644010263,17.154336383840683,17.15426101005207,17.154404417650614
Vac_63,63,SOC,Q_HZ,-0.02503010133161923,-0.024905537137594424,-0.028010131938901887,-0.0225509429880769
Vac_63,63,SOC,Q_HZ_Norm,-0.008630683874378198,-0.008611227486167217,-0.009628957192246039,-0.007719747072130096
Vac_63,63,SOC,Q_All,17.111043305728153,17.111168453199554,17.108061838693015,17.113520899982596
Vac_63,63,SOC,Q_HZ_d,-0.01601799684427823,-0.015941360500366812,-0.017800068292585382,-0.014561222586307324
Vac_63,63,SOC,Q_HZ_Norm_d,-0.005738364619174408,-0.005724942756345537,-0.006355902432093596,-0.005163460362105915
Vac_63,63,SOC,Q_Life_d,11.7356842259991,11.735684817830812,11.73565469541436,11.735713570015132
Vac_63,63,SOC,Q_All_d,11.719666229154821,11.719738072736796,11.717882991469377,11.721119598446531
Vac_63,63,SOC,C_Hosp,27.55795308437158,27.447313826569726,23.826615383698417,31.91077595263719
Vac_63,63,SOC,C_GP_NonPHN,21.064844687796565,21.057807325524134,20.525652905095278,21.612083226695972
Vac_63,63,SOC,C_GP_PHN,7.435409373223413,7.420273235118948,6.808821943017092,8.117663861344372
Vac_63,63,SOC,C_GP,28.50025406101998,28.488296382267265,27.654779914219308,29.409337118498524
Vac_63,63,SOC,C_Med,56.058207145391556,56.0040887566368,52.26678976218385,60.36343705630643
Vac_63,63,SOC,C_VacZVL,0,0,0,0
Vac_63,63,SOC,C_VacRZV,0,0,0,0
Vac_63,63,SOC,C_Vac,0,0,0,0
Vac_63,63,SOC,C_All,56.058207145391556,56.0040887566368,52.26678976218385,60.36343705630643
Vac_63,63,SOC,C_Hosp_d,14.034180613971746,13.980125861843927,12.205135572307425,16.24934674821911
Vac_63,63,SOC,C_GP_NonPHN_d,13.991167199755978,13.985696261591624,13.623094718860097,14.353765520432939
Vac_63,63,SOC,C_GP_PHN_d,4.611217911847244,4.602349626926039,4.22961052254868,5.041589770899734
Vac_63,63,SOC,C_GP_d,18.602385111603223,18.597593957899498,18.044822254198966,19.20256649418224
Vac_63,63,SOC,C_Med_d,32.63656572557497,32.572148743233484,30.711131087965725,34.820005140945064
Vac_63,63,SOC,C_VacZVL_d,0,0,0,0
Vac_63,63,SOC,C_VacRZV_d,0,0,0,0
Vac_63,63,SOC,C_Vac_d,0,0,0,0
Vac_63,63,SOC,C_All_d,32.63656572557497,32.572148743233484,30.711131087965725,34.820005140945064
Vac_63,63,SOC,N_VacZVL,0,0,0,0
Vac_63,63,SOC,N_VacRZV,0,0,0,0
Vac_63,63,SOC,N_VacZVL_d,0,0,0,0
Vac_63,63,SOC,N_VacRZV_d,0,0,0,0
Vac_64,64,RZV_1d,N0,1,1,1,1
Vac_64,64,RZV_1d,Year0,2024,2024,2024,2024
Vac_64,64,RZV_1d,Year_Life,21.5278853051657,21.527890349523112,21.527726229370707,21.52802614946144
Vac_64,64,RZV_1d,Year_Immunised,15.404668862763582,15.45766928734248,12.577947171382899,17.953449498130322
Vac_64,64,RZV_1d,Risk_HZ,0.05369514554048997,0.05301494850347004,0.031027480458761962,0.07805924664446673
Vac_64,64,RZV_1d,Risk_Hosp,0.002506031430508695,0.0024684624030937644,0.0013969597934003785,0.0038097435687764617
Vac_64,64,RZV_1d,Risk_PHN,0.00430310900095213,0.004251920844863095,0.0024571764856683212,0.006341239495955948
Vac_64,64,RZV_1d,Risk_Death,5.431403415012238e-5,5.3573118693218127e-5,2.9873613532093802e-5,8.135944307511374e-5
Vac_64,64,RZV_1d,Q_Life,16.488292704987508,16.48829608365026,16.488183774954894,16.488388988922967
Vac_64,64,RZV_1d,Q_HZ,-0.007555251909376511,-0.007409267843922368,-0.011195034246864006,-0.0043803156552866445
Vac_64,64,RZV_1d,Q_HZ_Norm,-0.0024541050096408596,-0.0024052433693186547,-0.0036263147880830704,-0.0014537694330392747
Vac_64,64,RZV_1d,Q_All,16.462323124440907,16.462477260612708,16.458593679029832,16.465596342707027
Vac_64,64,RZV_1d,Q_HZ_d,-0.004408754956476803,-0.004330777898485559,-0.006526843770969732,-0.002593721227457873
Vac_64,64,RZV_1d,Q_HZ_Norm_d,-0.0014808841255252335,-0.0014543981627702283,-0.0021914898233561784,-8.66991578002143e-4
Vac_64,64,RZV_1d,Q_Life_d,11.411977009517829,11.41197828804734,11.411930815245416,11.412017169755968
Vac_64,64,RZV_1d,Q_All_d,11.407568254561351,11.407652835968776,11.405413668515227,11.409423942987118
Vac_64,64,RZV_1d,C_Hosp,10.854267055620268,10.691474564735914,6.018196384238365,16.512736225221342
Vac_64,64,RZV_1d,C_GP_NonPHN,5.9990763045968505,5.927858961075744,3.4690485079032065,8.712904016747611
Vac_64,64,RZV_1d,C_GP_PHN,2.343685324573387,2.318726713313334,1.342087602976449,3.480257228711666
Vac_64,64,RZV_1d,C_GP,8.342761629170237,8.2435595448257,4.81354519013267,12.151448676378969
Vac_64,64,RZV_1d,C_Med,19.197028684790507,18.934843243602664,11.0139938963468,28.652553573914904
Vac_64,64,RZV_1d,C_VacZVL,0,0,0,0
Vac_64,64,RZV_1d,C_VacRZV,85,85,85,85
Vac_64,64,RZV_1d,C_Vac,85,85,85,85
Vac_64,64,RZV_1d,C_All,104.19702868479051,103.93484324360267,96.01399389634682,113.6525535739149
Vac_64,64,RZV_1d,C_Hosp_d,5.290469794504706,5.205215124127822,2.977941608900647,8.063592117216716
Vac_64,64,RZV_1d,C_GP_NonPHN_d,3.62304678973588,3.5861172348588832,2.114431554310702,5.287184157709866
Vac_64,64,RZV_1d,C_GP_PHN_d,1.3528807296615544,1.3366229779619871,0.782237208762742,2.0089685325561737
Vac_64,64,RZV_1d,C_GP_d,4.975927519397435,4.914029214780472,2.907265736015306,7.286744871960006
Vac_64,64,RZV_1d,C_Med_d,10.266397313902141,10.076078382063972,5.902107847537572,15.175560691095473
Vac_64,64,RZV_1d,C_VacZVL_d,0,0,0,0
Vac_64,64,RZV_1d,C_VacRZV_d,85,85,85,85
Vac_64,64,RZV_1d,C_Vac_d,85,85,85,85
Vac_64,64,RZV_1d,C_All_d,95.26639731390215,95.07607838206397,90.90210784753756,100.17556069109546
Vac_64,64,RZV_1d,N_VacZVL,0,0,0,0
Vac_64,64,RZV_1d,N_VacRZV,1,1,1,1
Vac_64,64,RZV_1d,N_VacZVL_d,0,0,0,0
Vac_64,64,RZV_1d,N_VacRZV_d,1,1,1,1
Vac_64,64,RZV_2d,N0,1,1,1,1
Vac_64,64,RZV_2d,Year0,2024,2024,2024,2024
Vac_64,64,RZV_2d,Year_Life,21.527902944048563,21.52790676765931,21.527734085430215,21.528055772117646
Vac_64,64,RZV_2d,Year_Immunised,15.899636120924557,15.980736384163857,12.960106524632431,18.52805000767044
Vac_64,64,RZV_2d,Risk_HZ,0.04962581187746382,0.0489918058226121,0.025938548358821437,0.07572194891083542
Vac_64,64,RZV_2d,Risk_Hosp,0.0023729882768873207,0.002348108782534858,0.0011678787525914462,0.0037552637783410388
Vac_64,64,RZV_2d,Risk_PHN,0.004010053368484099,0.003949756290111179,0.0020522563705954373,0.006205404789270004
Vac_64,64,RZV_2d,Risk_Death,5.181131917355726e-5,5.128341994859805e-5,2.5092824415074683e-5,8.018718967043461e-5
Vac_64,64,RZV_2d,Q_Life,16.488304956411323,16.48830757487314,16.488189263261646,16.488408912754203
Vac_64,64,RZV_2d,Q_HZ,-0.007007788369132269,-0.006843712573432319,-0.010774161320874812,-0.003643274928332959
Vac_64,64,RZV_2d,Q_HZ_Norm,-0.0022633557229143524,-0.0022228870714681506,-0.003512467781173844,-0.0011794027126997002
Vac_64,64,RZV_2d,Q_All,16.462882677698342,16.463042748233,16.459001808076106,16.4663504721398
Vac_64,64,RZV_2d,Q_HZ_d,-0.004038554920033911,-0.00393310459070122,-0.006207915788304787,-0.0021608056740981822
Vac_64,64,RZV_2d,Q_HZ_Norm_d,-0.0013474132861002778,-0.0013193464151800205,-0.0020747739360215413,-7.358749125498115e-4
Vac_64,64,RZV_2d,Q_Life_d,11.411982563802923,11.411983957575057,11.411933845768667,11.412025813135255
Vac_64,64,RZV_2d,Q_All_d,11.40794400888289,11.408049367511708,11.405733855290473,11.40986695490802
Vac_64,64,RZV_2d,C_Hosp,10.299276644392279,10.178498775454472,5.0400042072008535,16.309876761389198
Vac_64,64,RZV_2d,C_GP_NonPHN,5.532985257950608,5.462042503830795,2.910355128284081,8.46705631901548
Vac_64,64,RZV_2d,C_GP_PHN,2.1816641968015147,2.146980393223206,1.1139895368101345,3.3896459392208063
Vac_64,64,RZV_2d,C_GP,7.714649454752122,7.615138809659426,3.996406792156705,11.862976668858144
Vac_64,64,RZV_2d,C_Med,18.0139260991444,17.74484951993039,9.162763712881324,28.091980133772676
Vac_64,64,RZV_2d,C_VacZVL,0,0,0,0
Vac_64,64,RZV_2d,C_VacRZV,170,170,170,170
Vac_64,64,RZV_2d,C_Vac,170,170,170,170
Vac_64,64,RZV_2d,C_All,188.0139260991444,187.7448495199304,179.16276371288134,198.09198013377267
Vac_64,64,RZV_2d,C_Hosp_d,4.988636260683298,4.931148011093372,2.460816119035056,7.953138107490802
Vac_64,64,RZV_2d,C_GP_NonPHN_d,3.2972913466274263,3.251710962134316,1.802675215692315,5.006656791965544
Vac_64,64,RZV_2d,C_GP_PHN_d,1.2465697214262388,1.2288226853425015,0.6501075071080079,1.933400641391527
Vac_64,64,RZV_2d,C_GP_d,4.5438610680536655,4.478254448793056,2.452554472420065,6.942449173257022
Vac_64,64,RZV_2d,C_Med_d,9.532497328736962,9.362785760249931,4.943711539751914,14.738273121117848
Vac_64,64,RZV_2d,C_VacZVL_d,0,0,0,0
Vac_64,64,RZV_2d,C_VacRZV_d,170,170,170,170
Vac_64,64,RZV_2d,C_Vac_d,170,170,170,170
Vac_64,64,RZV_2d,C_All_d,179.53249732873695,179.36278576024995,174.94371153975194,184.73827312111786
Vac_64,64,RZV_2d,N_VacZVL,0,0,0,0
Vac_64,64,RZV_2d,N_VacRZV,2,2,2,2
Vac_64,64,RZV_2d,N_VacZVL_d,0,0,0,0
Vac_64,64,RZV_2d,N_VacRZV_d,2,2,2,2
Vac_64,64,SOC,N0,1,1,1,1
Vac_64,64,SOC,Year0,2024,2024,2024,2024
Vac_64,64,SOC,Year_Life,21.527349047345623,21.52734856073228,21.527243113448176,21.527446313086454
Vac_64,64,SOC,Year_Immunised,0,0,0,0
Vac_64,64,SOC,Risk_HZ,0.17993852047877112,0.17988323447271692,0.17629768281533637,0.1837382661104862
Vac_64,64,SOC,Risk_Hosp,0.006537403643095419,0.006506448517322402,0.005682051159154359,0.007505977442527688
Vac_64,64,SOC,Risk_PHN,0.013350393020512798,0.0133359683208155,0.012529667239276471,0.014267094919114048
Vac_64,64,SOC,Risk_Death,1.2945307529385928e-4,1.2945953411070722e-4,1.122544913425416e-4,1.4743372395345194e-4
Vac_64,64,SOC,Q_Life,16.487919842328928,16.48791996731448,16.487843722513915,16.4879868425487
Vac_64,64,SOC,Q_HZ,-0.02449821940683546,-0.02437992666351524,-0.02747352859138037,-0.02206763275717124
Vac_64,64,SOC,Q_HZ_Norm,-0.00838090694967246,-0.00836427706628612,-0.009360667640534379,-0.007484632010595444
Vac_64,64,SOC,Q_All,16.445012063660872,16.44513844465967,16.44205967264918,16.44746434487536
Vac_64,64,SOC,Q_HZ_d,-0.015953293209708494,-0.0158798248119126,-0.017770336028646593,-0.014470870129715851
Vac_64,64,SOC,Q_HZ_Norm_d,-0.005656670696468229,-0.005644108427962183,-0.00628243204974494,-0.005076106427191761
Vac_64,64,SOC,Q_Life_d,11.411807137138625,11.411807923989066,11.411776408941398,11.41183753215461
Vac_64,64,SOC,Q_All_d,11.395853843928917,11.395925257216437,11.394044542989135,11.39733698634087
Vac_64,64,SOC,C_Hosp,27.62329048742886,27.527030638192393,23.866391716122184,32.013648870165646
Vac_64,64,SOC,C_GP_NonPHN,20.47448640461899,20.46863478034834,19.9458829477135,21.005071752560205
Vac_64,64,SOC,C_GP_PHN,7.347979223443812,7.332359410156389,6.718315952217384,8.028719083394382
Vac_64,64,SOC,C_GP,27.8224656280628,27.81175969483798,26.973953812231958,28.713523682370692
Vac_64,64,SOC,C_Med,55.44575611549166,55.38553637317029,51.60518845168125,59.7837648628653
Vac_64,64,SOC,C_VacZVL,0,0,0,0
Vac_64,64,SOC,C_VacRZV,0,0,0,0
Vac_64,64,SOC,C_Vac,0,0,0,0
Vac_64,64,SOC,C_All,55.44575611549166,55.38553637317029,51.60518845168125,59.7837648628653
Vac_64,64,SOC,C_Hosp_d,14.48070091997408,14.430422903703032,12.562740240753275,16.772741855831423
Vac_64,64,SOC,C_GP_NonPHN_d,13.81109802670359,13.81172909440667,13.445999545064344,14.178300586100354
Vac_64,64,SOC,C_GP_PHN_d,4.658668494027606,4.647211300455692,4.264383927797488,5.09583114460742
Vac_64,64,SOC,C_GP_d,18.469766520731195,18.461314189011908,17.90006116006688,19.073298261273248
Vac_64,64,SOC,C_Med_d,32.950467440705275,32.87595006082434,30.94183023475064,35.20864056185446
Vac_64,64,SOC,C_VacZVL_d,0,0,0,0
Vac_64,64,SOC,C_VacRZV_d,0,0,0,0
Vac_64,64,SOC,C_Vac_d,0,0,0,0
Vac_64,64,SOC,C_All_d,32.950467440705275,32.87595006082434,30.94183023475064,35.20864056185446
Vac_64,64,SOC,N_VacZVL,0,0,0,0
Vac_64,64,SOC,N_VacRZV,0,0,0,0
Vac_64,64,SOC,N_VacZVL_d,0,0,0,0
Vac_64,64,SOC,N_VacRZV_d,0,0,0,0
Vac_65,65,RZV_1d,N0,1,1,1,1
Vac_65,65,RZV_1d,Year0,2024,2024,2024,2024
Vac_65,65,RZV_1d,Year_Life,20.707874099718666,20.707878889739604,20.707719309175115,20.70801011899635
Vac_65,65,RZV_1d,Year_Immunised,14.93352941867012,14.985452254417886,12.269558238555051,17.32167687331571
Vac_65,65,RZV_1d,Risk_HZ,0.05100488210020277,0.05039613492915393,0.02958161030375224,0.07410913092387807
Vac_65,65,RZV_1d,Risk_Hosp,0.0024397773576149764,0.002404813349647692,0.0013638861144652063,0.003706787292002538
Vac_65,65,RZV_1d,Risk_PHN,0.004128408841137103,0.004075943017177798,0.0023861141023116196,0.006073530072573474
Vac_65,65,RZV_1d,Risk_Death,5.3211419968816006e-5,5.24753800203499e-5,2.934005806817644e-5,7.982116498333948e-5
Vac_65,65,RZV_1d,Q_Life,15.830762190219447,15.83076565006385,15.830656003783389,15.830854576608292
Vac_65,65,RZV_1d,Q_HZ,-0.00720523843187811,-0.0070762369722279644,-0.010682780682206188,-0.004185284429303381
Vac_65,65,RZV_1d,Q_HZ_Norm,-0.002325368728048733,-0.0022804059605586752,-0.0034432397910633913,-0.0013781354808859191
Vac_65,65,RZV_1d,Q_All,15.804981079231888,15.80512112936428,15.80140936333299,15.808087503368476
Vac_65,65,RZV_1d,Q_HZ_d,-0.004289864425954353,-0.004213513608256099,-0.006353200743442627,-0.00252236118081908
Vac_65,65,RZV_1d,Q_HZ_Norm_d,-0.0014288963282262054,-0.0014044223375151502,-0.0021217372081872854,-8.338507288527518e-4
Vac_65,65,RZV_1d,Q_Life_d,11.084904610865237,11.084905891600743,11.084858505851372,11.084944296660984
Vac_65,65,RZV_1d,Q_All_d,11.080614746439283,11.080695194648476,11.078517169607824,11.082421985749273
Vac_65,65,RZV_1d,C_Hosp,10.586832226803836,10.412034215334334,5.941509034034172,16.124345144824133
Vac_65,65,RZV_1d,C_GP_NonPHN,5.685937496303244,5.630830318394851,3.294123978009277,8.274989413999867
Vac_65,65,RZV_1d,C_GP_PHN,2.2463719642820035,2.2242481746955303,1.2849763232073603,3.3358655786600258
Vac_65,65,RZV_1d,C_GP,7.932309460585247,7.840096128113459,4.599014731689997,11.579251250856528
Vac_65,65,RZV_1d,C_Med,18.519141687389084,18.25593949477946,10.665569799742206,27.70886612267475
Vac_65,65,RZV_1d,C_VacZVL,0,0,0,0
Vac_65,65,RZV_1d,C_VacRZV,85,85,85,85
Vac_65,65,RZV_1d,C_Vac,85,85,85,85
Vac_65,65,RZV_1d,C_All,103.51914168738908,103.25593949477945,95.6655697997422,112.70886612267476
Vac_65,65,RZV_1d,C_Hosp_d,5.310699113135631,5.214589180700722,2.9941987064446662,8.09827515546886
Vac_65,65,RZV_1d,C_GP_NonPHN_d,3.497855955373534,3.4609816748143025,2.0357286934036534,5.1051076657205545
Vac_65,65,RZV_1d,C_GP_PHN_d,1.3274989254852516,1.312232808319066,0.7659299988780098,1.9707932553118872
Vac_65,65,RZV_1d,C_GP_d,4.825354880858785,4.761162634526807,2.8205846631337725,7.095994578527785
Vac_65,65,RZV_1d,C_Med_d,10.136053993994416,9.93970146042294,5.812196860966319,15.004741076889763
Vac_65,65,RZV_1d,C_VacZVL_d,0,0,0,0
Vac_65,65,RZV_1d,C_VacRZV_d,85,85,85,85
Vac_65,65,RZV_1d,C_Vac_d,85,85,85,85
Vac_65,65,RZV_1d,C_All_d,95.13605399399442,94.93970146042294,90.81219686096631,100.00474107688976
Vac_65,65,RZV_1d,N_VacZVL,0,0,0,0
Vac_65,65,RZV_1d,N_VacRZV,1,1,1,1
Vac_65,65,RZV_1d,N_VacZVL_d,0,0,0,0
Vac_65,65,RZV_1d,N_VacRZV_d,1,1,1,1
Vac_65,65,RZV_2d,N0,1,1,1,1
Vac_65,65,RZV_2d,Year0,2024,2024,2024,2024
Vac_65,65,RZV_2d,Year_Life,20.707892011811964,20.707895967086646,20.707727066753638,20.708039269049795
Vac_65,65,RZV_2d,Year_Immunised,15.412770861743638,15.487057238784308,12.645531567186731,17.85651128759173
Vac_65,65,RZV_2d,Risk_HZ,0.0470118673548665,0.04635397100602984,0.02477754530794228,0.07173376381677722
Vac_65,65,RZV_2d,Risk_Hosp,0.002304799063867652,0.0022794320274263126,0.0011360789036039846,0.0036627210222836557
Vac_65,65,RZV_2d,Risk_PHN,0.0038355533053267775,0.0037760868296494573,0.0019716307955428124,0.005948281663247297
Vac_65,65,RZV_2d,Risk_Death,5.0653069140156705e-5,5.0047917987104596e-5,2.4557123999040188e-5,7.859320884210223e-5
Vac_65,65,RZV_2d,Q_Life,15.830774622153378,15.830777361852373,15.830661825384123,15.830874865471605
Vac_65,65,RZV_2d,Q_HZ,-0.006665074609113351,-0.006494723325974415,-0.010262035030201996,-0.0034655449204036887
Vac_65,65,RZV_2d,Q_HZ_Norm,-0.002138890078127486,-0.00209769143291923,-0.003320430535475356,-0.0011228098338096086
Vac_65,65,RZV_2d,Q_All,15.805533509329965,15.805698560226636,15.80181995346398,15.80883206272911
Vac_65,65,RZV_2d,Q_HZ_d,-0.003919060209617725,-0.0038132056217000275,-0.006020647086830018,-0.002113991817337957
Vac_65,65,RZV_2d,Q_HZ_Norm_d,-0.0012967281408464198,-0.0012676752385403427,-0.001998607842379174,-7.085771357490333e-4
Vac_65,65,RZV_2d,Q_Life_d,11.084910413661333,11.084911984468917,11.084861704715802,11.084953248883084
Vac_65,65,RZV_2d,Q_All_d,11.080991353451717,11.081100278081756,11.078847861919176,11.082842833272089
Vac_65,65,RZV_2d,C_Hosp,10.022337768201151,9.892950218866487,4.885188523143141,15.907212234194304
Vac_65,65,RZV_2d,C_GP_NonPHN,5.229789286252029,5.158852826921466,2.7732314422053648,8.000772819837957
Vac_65,65,RZV_2d,C_GP_PHN,2.0845946987541413,2.0522426816980155,1.0719950309706108,3.243740141619078
Vac_65,65,RZV_2d,C_GP,7.314383985006171,7.214014341596604,3.8518815444818206,11.24893352413113
Vac_65,65,RZV_2d,C_Med,17.33672175320732,17.05240359378864,8.827384860189152,27.065394139762766
Vac_65,65,RZV_2d,C_VacZVL,0,0,0,0
Vac_65,65,RZV_2d,C_VacRZV,170,170,170,170
Vac_65,65,RZV_2d,C_Vac,170,170,170,170
Vac_65,65,RZV_2d,C_All,187.3367217532073,187.05240359378865,178.82738486018914,197.06539413976276
Vac_65,65,RZV_2d,C_Hosp_d,4.995224502559323,4.929777901165981,2.468996365782748,7.9751062218028395
Vac_65,65,RZV_2d,C_GP_NonPHN_d,3.1747958904946385,3.1294042655987395,1.7350843431887648,4.8185988133570135
Vac_65,65,RZV_2d,C_GP_PHN_d,1.219225855799183,1.1985247525792655,0.6393853384691043,1.8904295877594004
Vac_65,65,RZV_2d,C_GP_d,4.394021746293822,4.332611373896429,2.388397233591931,6.707647389832289
Vac_65,65,RZV_2d,C_Med_d,9.389246248853144,9.205804743424691,4.891512946342257,14.587592274723999
Vac_65,65,RZV_2d,C_VacZVL_d,0,0,0,0
Vac_65,65,RZV_2d,C_VacRZV_d,170,170,170,170
Vac_65,65,RZV_2d,C_Vac_d,170,170,170,170
Vac_65,65,RZV_2d,C_All_d,179.38924624885314,179.20580474342466,174.89151294634226,184.58759227472402
Vac_65,65,RZV_2d,N_VacZVL,0,0,0,0
Vac_65,65,RZV_2d,N_VacRZV,2,2,2,2
Vac_65,65,RZV_2d,N_VacZVL_d,0,0,0,0
Vac_65,65,RZV_2d,N_VacRZV_d,2,2,2,2
Vac_65,65,SOC,N0,1,1,1,1
Vac_65,65,SOC,Year0,2024,2024,2024,2024
Vac_65,65,SOC,Year_Life,20.707327946406252,20.70732761427682,20.707224309315063,20.707426806512718
Vac_65,65,SOC,Year_Immunised,0,0,0,0
Vac_65,65,SOC,Risk_HZ,0.1750835545863043,0.17498937826448535,0.17134845138292887,0.17896620604303123
Vac_65,65,SOC,Risk_Hosp,0.006541449988080955,0.006513351999317789,0.0056749255231535395,0.007515214774314475
Vac_65,65,SOC,Risk_PHN,0.0131901297552625,0.013166758649507154,0.012356127160198573,0.014107626703475842
Vac_65,65,SOC,Risk_Death,1.3027277684382846e-4,1.302038475162439e-4,1.1287630711460578e-4,1.4838331545685704e-4
Vac_65,65,SOC,Q_Life,15.83038274238028,15.83038271758238,15.83030835964526,15.83044923105803
Vac_65,65,SOC,Q_HZ,-0.023951628750908564,-0.023839450739521515,-0.02689699387375303,-0.02154721946384112
Vac_65,65,SOC,Q_HZ_Norm,-0.008128636267506163,-0.008110958244758715,-0.009089786353604815,-0.007243276282819676
Vac_65,65,SOC,Q_All,15.787860143744663,15.787967449934836,15.784909452418779,15.79027548248379
Vac_65,65,SOC,Q_HZ_d,-0.01586839507208305,-0.015796255594389692,-0.01770365857866556,-0.01436359791084987
Vac_65,65,SOC,Q_HZ_Norm_d,-0.005568832570314312,-0.0055560829210615165,-0.006198357822629615,-0.00499064254422054
Vac_65,65,SOC,Q_Life_d,11.084726667688658,11.084727586912077,11.084694220071587,11.084758142141112
Vac_65,65,SOC,Q_All_d,11.068858272616575,11.068930660731542,11.067034717028779,11.070363716097575
Vac_65,65,SOC,C_Hosp,27.694045733133358,27.588211704452576,23.919460701875888,32.133622976134205
Vac_65,65,SOC,C_GP_NonPHN,19.8749873084051,19.869432099708057,19.360454518979207,20.394854642810124
Vac_65,65,SOC,C_GP_PHN,7.2544368776463495,7.24110507773975,6.641209046763504,7.9322535269309284
Vac_65,65,SOC,C_GP,27.12942418605145,27.12599582470782,26.290907171277965,27.995989467646094
Vac_65,65,SOC,C_Med,54.8234699191848,54.74667161542602,50.947674573515734,59.19637357865942
Vac_65,65,SOC,C_VacZVL,0,0,0,0
Vac_65,65,SOC,C_VacRZV,0,0,0,0
Vac_65,65,SOC,C_Vac,0,0,0,0
Vac_65,65,SOC,C_All,54.8234699191848,54.74667161542602,50.947674573515734,59.19637357865942
Vac_65,65,SOC,C_Hosp_d,14.94149295490872,14.890765022964372,12.943073136196587,17.36926119348898
Vac_65,65,SOC,C_GP_NonPHN_d,13.613537088414262,13.610189111777022,13.244140418108888,13.978439820923597
Vac_65,65,SOC,C_GP_PHN_d,4.700501055603187,4.6907994929902275,4.29144756208717,5.138708848561366
Vac_65,65,SOC,C_GP_d,18.31403814401745,18.308620497578794,17.73580942696715,18.913484633523893
Vac_65,65,SOC,C_Med_d,33.25553109892617,33.19329978132464,31.191408855479196,35.597278202000005
Vac_65,65,SOC,C_VacZVL_d,0,0,0,0
Vac_65,65,SOC,C_VacRZV_d,0,0,0,0
Vac_65,65,SOC,C_Vac_d,0,0,0,0
Vac_65,65,SOC,C_All_d,33.25553109892617,33.19329978132464,31.191408855479196,35.597278202000005
Vac_65,65,SOC,N_VacZVL,0,0,0,0
Vac_65,65,SOC,N_VacRZV,0,0,0,0
Vac_65,65,SOC,N_VacZVL_d,0,0,0,0
Vac_65,65,SOC,N_VacRZV_d,0,0,0,0
Vac_66,66,RZV_1d,N0,1,1,1,1
Vac_66,66,RZV_1d,Year0,2024,2024,2024,2024
Vac_66,66,RZV_1d,Year_Life,19.896610949399264,19.896615557804772,19.89645966814888,19.89674213317464
Vac_66,66,RZV_1d,Year_Immunised,14.460100799217711,14.51163113920294,11.954870166338415,16.722715925396592
Vac_66,66,RZV_1d,Risk_HZ,0.048357599178757364,0.04785338631640064,0.02804313328624112,0.070357100127387745
Vac_66,66,RZV_1d,Risk_Hosp,0.002372591972129371,0.00233590091880695,0.0013305313603974066,0.0036080353557795828
Vac_66,66,RZV_1d,Risk_PHN,0.0039529321665688726,0.00390512300189371,0.0022759373327681694,0.005831647233836268
Vac_66,66,RZV_1d,Risk_Death,5.209126324815107e-5,5.132991473517945e-5,2.878436537420682e-5,7.823101526058288e-5
Vac_66,66,RZV_1d,Q_Life,15.182189994159957,15.182193079520241,15.182087277264042,15.182278985582785
Vac_66,66,RZV_1d,Q_HZ,-0.006858935605242978,-0.00673024477665112,-0.010178639074759839,-0.003994419524863082
Vac_66,66,RZV_1d,Q_HZ_Norm,-0.0021991670175218743,-0.0021627203872865057,-0.003267567447786955,-0.0012984595479973583
Vac_66,66,RZV_1d,Q_All,15.156577200794779,15.156712473543683,15.153156841241541,15.159526773203869
Vac_66,66,RZV_1d,Q_HZ_d,-0.004165610010632007,-0.004095694399673382,-0.006184404332561793,-0.002450790285468488
Vac_66,66,RZV_1d,Q_HZ_Norm_d,-0.0013758401844484005,-0.0013553066412721375,-0.0020485051773531347,-7.989444363574233e-4
Vac_66,66,RZV_1d,Q_Life_d,10.754693747523115,10.754695064569844,10.754647840676695,10.75473327846371
Vac_66,66,RZV_1d,Q_All_d,10.750528137512484,10.750600891493722,10.748477201729692,10.75228532323084
Vac_66,66,RZV_1d,C_Hosp,10.315216682165643,10.140704234961749,5.832994261217263,15.78138166849522
Vac_66,66,RZV_1d,C_GP_NonPHN,5.3784853267648725,5.322824142543188,3.12314239082569,7.852667673278941
Vac_66,66,RZV_1d,C_GP_PHN,2.148668069932976,2.1264322331312364,1.2432165993266275,3.186044371132097
Vac_66,66,RZV_1d,C_GP,7.527153396697848,7.441541755594274,4.356020115442565,10.979446511933707
Vac_66,66,RZV_1d,C_Med,17.842370078863492,17.547951517157415,10.246769387284735,26.746893677995605
Vac_66,66,RZV_1d,C_VacZVL,0,0,0,0
Vac_66,66,RZV_1d,C_VacRZV,85,85,85,85
Vac_66,66,RZV_1d,C_Vac,85,85,85,85
Vac_66,66,RZV_1d,C_All,102.8423700788635,102.5479515171574,95.24676938728473,111.74689367799562
Vac_66,66,RZV_1d,C_Hosp_d,5.323922524748091,5.216634532252828,3.0131101821838064,8.109604697153323
Vac_66,66,RZV_1d,C_GP_NonPHN_d,3.3696081031043152,3.3317236990914365,1.9601568659532704,4.9337334229272045
Vac_66,66,RZV_1d,C_GP_PHN_d,1.2994410879408473,1.2813346219276172,0.7481019596743232,1.9174201479864403
Vac_66,66,RZV_1d,C_GP_d,4.669049191045163,4.613599922794851,2.7147869823202604,6.876165286413156
Vac_66,66,RZV_1d,C_Med_d,9.992971715793253,9.803438965767862,5.74611749776609,14.815505472158133
Vac_66,66,RZV_1d,C_VacZVL_d,0,0,0,0
Vac_66,66,RZV_1d,C_VacRZV_d,85,85,85,85
Vac_66,66,RZV_1d,C_Vac_d,85,85,85,85
Vac_66,66,RZV_1d,C_All_d,94.99297171579326,94.80343896576787,90.7461174977661,99.81550547215814
Vac_66,66,RZV_1d,N_VacZVL,0,0,0,0
Vac_66,66,RZV_1d,N_VacRZV,1,1,1,1
Vac_66,66,RZV_1d,N_VacZVL_d,0,0,0,0
Vac_66,66,RZV_1d,N_VacRZV_d,1,1,1,1
Vac_66,66,RZV_2d,N0,1,1,1,1
Vac_66,66,RZV_2d,Year0,2024,2024,2024,2024
Vac_66,66,RZV_2d,Year_Life,19.896629130106483,19.896633417653554,19.896469417274428,19.896771051693737
Vac_66,66,RZV_2d,Year_Immunised,14.923581974119625,14.993169756138935,12.301619616574252,17.178590642549953
Vac_66,66,RZV_2d,Risk_HZ,0.044445430927025555,0.04382076089473544,0.02373307382432725,0.06787249815809318
Vac_66,66,RZV_2d,Risk_Hosp,0.002235721563354438,0.0022066285442747793,0.0011003987409867653,0.0035676417142469566
Vac_66,66,RZV_2d,Risk_PHN,0.0036607118997892883,0.0036068857430746246,0.0019133912172263198,0.005687023331285335
Vac_66,66,RZV_2d,Risk_Death,4.947531680871232e-5,4.884782090771519e-5,2.4113817978373235e-5,7.705932379618559e-5
Vac_66,66,RZV_2d,Q_Life,15.182202602214938,15.182205622942721,15.182093064900188,15.182299039646669
Vac_66,66,RZV_2d,Q_HZ,-0.006326741933950319,-0.0061624174195778845,-0.009756033560084735,-0.003310991104885028
Vac_66,66,RZV_2d,Q_HZ_Norm,-0.0020171465367223905,-0.0019764607399218037,-0.003136323043415425,-0.0010717400305584033
Vac_66,66,RZV_2d,Q_All,15.157121832696706,15.157286874041315,15.153587697699598,15.160238355530407
Vac_66,66,RZV_2d,Q_HZ_d,-0.0037948119297485593,-0.00369027137133907,-0.005825427741787191,-0.0020550010502515302
Vac_66,66,RZV_2d,Q_HZ_Norm_d,-0.0012451821920550178,-0.0012172238634301554,-0.0019218561981920706,-6.858195232106562e-4
Vac_66,66,RZV_2d,Q_Life_d,10.754699804356699,10.754701516569522,10.754650917512617,10.754742305277782
Vac_66,66,RZV_2d,Q_All_d,10.75090499242695,10.751011072522195,10.748829740709118,10.752685207089245
Vac_66,66,RZV_2d,C_Hosp,9.741248780801524,9.621857398534322,4.7665343367109285,15.486813419826968
Vac_66,66,RZV_2d,C_GP_NonPHN,4.932797119457965,4.86367654100295,2.649277897302271,7.548840076104644
Vac_66,66,RZV_2d,C_GP_PHN,1.987385973734639,1.9566761745488557,1.0318532809207186,3.0926456004888383
Vac_66,66,RZV_2d,C_GP,6.9201830931926045,6.830246173458477,3.6801830520519068,10.64363705439897
Vac_66,66,RZV_2d,C_Med,16.66143187399413,16.358408097766457,8.517030442599067,26.040647608106447
Vac_66,66,RZV_2d,C_VacZVL,0,0,0,0
Vac_66,66,RZV_2d,C_VacRZV,170,170,170,170
Vac_66,66,RZV_2d,C_Vac,170,170,170,170
Vac_66,66,RZV_2d,C_All,186.66143187399413,186.35840809776647,178.5170304425991,196.04064760810644
Vac_66,66,RZV_2d,C_Hosp_d,4.994477644058415,4.923896311349182,2.486132252509215,7.990496393961379
Vac_66,66,RZV_2d,C_GP_NonPHN_d,3.0497950446882025,3.0015700905548934,1.6635053586180972,4.627033809995962
Vac_66,66,RZV_2d,C_GP_PHN_d,1.1893859299747653,1.1699658419692112,0.6262550271034246,1.8433039944781253
Vac_66,66,RZV_2d,C_GP_d,4.239180974662968,4.1783598349236275,2.298979189311642,6.473000398553678
Vac_66,66,RZV_2d,C_Med_d,9.233658618721384,9.035215012611246,4.845205545690745,14.379818397402149
Vac_66,66,RZV_2d,C_VacZVL_d,0,0,0,0
Vac_66,66,RZV_2d,C_VacRZV_d,170,170,170,170
Vac_66,66,RZV_2d,C_Vac_d,170,170,170,170
Vac_66,66,RZV_2d,C_All_d,179.2336586187214,179.03521501261122,174.84520554569073,184.37981839740218
Vac_66,66,RZV_2d,N_VacZVL,0,0,0,0
Vac_66,66,RZV_2d,N_VacRZV,2,2,2,2
Vac_66,66,RZV_2d,N_VacZVL_d,0,0,0,0
Vac_66,66,RZV_2d,N_VacRZV_d,2,2,2,2
Vac_66,66,SOC,N0,1,1,1,1
Vac_66,66,SOC,Year0,2024,2024,2024,2024
Vac_66,66,SOC,Year_Life,19.89605501333687,19.89605493306096,19.895953895285835,19.896155569474637
Vac_66,66,SOC,Year_Immunised,0,0,0,0
Vac_66,66,SOC,Risk_HZ,0.17011670511524385,0.17002094534628406,0.16636138339913245,0.1737503673685726
Vac_66,66,SOC,Risk_Hosp,0.006544005541141292,0.006519721829888872,0.0056764782437713985,0.007524472595680922
Vac_66,66,SOC,Risk_PHN,0.013014830922963596,0.01299400474958616,0.012174770950726464,0.013952874853604256
Vac_66,66,SOC,Risk_Death,1.3114388822469135e-4,1.3094488953629445e-4,1.1366816338899538e-4,1.4939347614441545e-4
Vac_66,66,SOC,Q_Life,15.1818040786233,15.181803682249107,15.181731605396964,15.181871760985546
Vac_66,66,SOC,Q_HZ,-0.023386284034555414,-0.023264024271578473,-0.026315306439301578,-0.02098815033335335
Vac_66,66,SOC,Q_HZ_Norm,-0.007872351909513567,-0.007855458360752136,-0.008806076883687128,-0.0070070040637969944
Vac_66,66,SOC,Q_All,15.13966897996089,15.139776347377062,15.136744366697165,15.14207968753145
Vac_66,66,SOC,Q_HZ_d,-0.015758538779009918,-0.015685632466738725,-0.017606100348785222,-0.014241055231851792
Vac_66,66,SOC,Q_HZ_Norm_d,-0.005473115472337492,-0.005459345915856515,-0.006099481791890276,-0.0048951034026483535
Vac_66,66,SOC,Q_Life_d,10.754507531058836,10.754508100960269,10.754473426947575,10.754540111116752
Vac_66,66,SOC,Q_All_d,10.738748992279827,10.738818155924985,10.736896918744604,10.740277848548846
Vac_66,66,SOC,C_Hosp,27.762666639700488,27.658681858351393,23.948584841112613,32.28599725350994
Vac_66,66,SOC,C_GP_NonPHN,19.26330493895462,19.251331773124623,18.76594174329385,19.773696164050577
Vac_66,66,SOC,C_GP_PHN,7.152237296733516,7.140376181296173,6.543867060996378,7.828114590401272
Vac_66,66,SOC,C_GP,26.415542235688136,26.410187876341492,25.589008070656465,27.272394722219584
Vac_66,66,SOC,C_Med,54.17820887538863,54.102951605585716,50.248439641831894,58.57517388202619
Vac_66,66,SOC,C_VacZVL,0,0,0,0
Vac_66,66,SOC,C_VacRZV,0,0,0,0
Vac_66,66,SOC,C_Vac,0,0,0,0
Vac_66,66,SOC,C_All,54.17820887538863,54.102951605585716,50.248439641831894,58.57517388202619
Vac_66,66,SOC,C_Hosp_d,15.409068764241184,15.358311922983408,13.326043798069673,17.945270249447216
Vac_66,66,SOC,C_GP_NonPHN_d,13.39485821108072,13.393062844469194,13.037046644616336,13.759416338208863
Vac_66,66,SOC,C_GP_PHN_d,4.733928259719777,4.725054361597133,4.327625516744705,5.183221680175026
Vac_66,66,SOC,C_GP_d,18.1287864708005,18.12497766652676,17.551432896899684,18.730992423016442
Vac_66,66,SOC,C_Med_d,33.53785523504168,33.488147478511706,31.39329603631644,35.99332508074258
Vac_66,66,SOC,C_VacZVL_d,0,0,0,0
Vac_66,66,SOC,C_VacRZV_d,0,0,0,0
Vac_66,66,SOC,C_Vac_d,0,0,0,0
Vac_66,66,SOC,C_All_d,33.53785523504168,33.488147478511706,31.39329603631644,35.99332508074258
Vac_66,66,SOC,N_VacZVL,0,0,0,0
Vac_66,66,SOC,N_VacRZV,0,0,0,0
Vac_66,66,SOC,N_VacZVL_d,0,0,0,0
Vac_66,66,SOC,N_VacRZV_d,0,0,0,0
Vac_67,67,RZV_1d,N0,1,1,1,1
Vac_67,67,RZV_1d,Year0,2024,2024,2024,2024
Vac_67,67,RZV_1d,Year_Life,19.094265859170164,19.094269724839915,19.09411929706899,19.09439207799494
Vac_67,67,RZV_1d,Year_Immunised,13.984536293531738,14.03075010402321,11.634507950458671,16.10104009696625
Vac_67,67,RZV_1d,Risk_HZ,0.04575596504853207,0.0452831117225399,0.026693727613152682,0.06659582129400052
Vac_67,67,RZV_1d,Risk_Hosp,0.002304693563681303,0.0022701884405492718,0.0012952951667382232,0.0035044773671633754
Vac_67,67,RZV_1d,Risk_PHN,0.003776755248914219,0.0037323387248933745,0.002189378922577209,0.0055803236223214755
Vac_67,67,RZV_1d,Risk_Death,5.095275952401691e-5,5.01992033575238e-5,2.832747175235972e-5,7.655373989069798e-5
Vac_67,67,RZV_1d,Q_Life,14.5427045222821,14.542707309004903,14.542604276011549,14.542790796707427
Vac_67,67,RZV_1d,Q_HZ,-0.006516719582824209,-0.0063919041926174015,-0.009676544658512832,-0.0038108259954852375
Vac_67,67,RZV_1d,Q_HZ_Norm,-0.0020756175908341833,-0.002040574097407522,-0.0030849234935551193,-0.0012182507240730057
Vac_67,67,RZV_1d,Q_All,14.517237691475009,14.517370644140374,14.513995206395204,14.52002066534579
Vac_67,67,RZV_1d,Q_HZ_d,-0.004036189785651997,-0.003963651255198617,-0.006002068219120445,-0.0023599970665546272
Vac_67,67,RZV_1d,Q_HZ_Norm_d,-0.0013218241278883341,-0.0013016933139942998,-0.0019706964852784516,-7.705007611888954e-4
Vac_67,67,RZV_1d,Q_Life_d,10.421450746750583,10.42145198362758,10.421404862961758,10.421490038211179
Vac_67,67,RZV_1d,Q_All_d,10.41741455696493,10.417487629148777,10.415403245909308,10.419133499915219
Vac_67,67,RZV_1d,C_Hosp,10.040075176627479,9.84821086606686,5.682137373788021,15.38707500865707
Vac_67,67,RZV_1d,C_GP_NonPHN,5.077022981098196,5.023465769335822,2.966587223204875,7.412665957606291
Vac_67,67,RZV_1d,C_GP_PHN,2.0506114047398363,2.028346377165371,1.181676322237929,3.0367260410143198
Vac_67,67,RZV_1d,C_GP,7.127634385838033,7.035776298086164,4.155521963424926,10.411342108025964
Vac_67,67,RZV_1d,C_Med,17.16770956246551,16.86198459103504,9.827161180428924,25.771032743536352
Vac_67,67,RZV_1d,C_VacZVL,0,0,0,0
Vac_67,67,RZV_1d,C_VacRZV,85,85,85,85
Vac_67,67,RZV_1d,C_Vac,85,85,85,85
Vac_67,67,RZV_1d,C_All,102.1677095624655,101.86198459103504,94.82716118042892,110.77103274353635
Vac_67,67,RZV_1d,C_Hosp_d,5.330378161385247,5.2196405626772675,3.0241281117371552,8.121762249426943
Vac_67,67,RZV_1d,C_GP_NonPHN_d,3.23855995640992,3.198200993236938,1.8836893551564464,4.758858608880082
Vac_67,67,RZV_1d,C_GP_PHN_d,1.2686204328706987,1.250896659694094,0.728264516907214,1.8710708359997514
Vac_67,67,RZV_1d,C_GP_d,4.507180389280619,4.458939855638641,2.6159195601325758,6.650417659678606
Vac_67,67,RZV_1d,C_Med_d,9.837558550665866,9.639425138763539,5.635428266993854,14.599283597298232
Vac_67,67,RZV_1d,C_VacZVL_d,0,0,0,0
Vac_67,67,RZV_1d,C_VacRZV_d,85,85,85,85
Vac_67,67,RZV_1d,C_Vac_d,85,85,85,85
Vac_67,67,RZV_1d,C_All_d,94.83755855066586,94.63942513876354,90.63542826699384,99.59928359729824
Vac_67,67,RZV_1d,N_VacZVL,0,0,0,0
Vac_67,67,RZV_1d,N_VacRZV,1,1,1,1
Vac_67,67,RZV_1d,N_VacZVL_d,0,0,0,0
Vac_67,67,RZV_1d,N_VacRZV_d,1,1,1,1
Vac_67,67,RZV_2d,N0,1,1,1,1
Vac_67,67,RZV_2d,Year0,2024,2024,2024,2024
Vac_67,67,RZV_2d,Year_Life,19.094284301823368,19.09428885964191,19.094129645536267,19.09442089167851
Vac_67,67,RZV_2d,Year_Immunised,14.432228033165226,14.498825847879477,11.963746397230443,16.54646914831245
Vac_67,67,RZV_2d,Risk_HZ,0.04192932605363174,0.041299494256077,0.022685982670539142,0.06407133869611474
Vac_67,67,RZV_2d,Risk_Hosp,0.0021658981476235547,0.0021341060774017493,0.0010746639048440586,0.003465663924524466
Vac_67,67,RZV_2d,Risk_PHN,0.0034856854201511093,0.003429378434541143,0.001833655183958161,0.005432308771781634
Vac_67,67,RZV_2d,Risk_Death,4.827724877830315e-5,4.757465760028844e-5,2.362490252893145e-5,7.534759856987462e-5
Vac_67,67,RZV_2d,Q_Life,14.542717300531509,14.542720524432816,14.542611356530887,14.542810114362247
Vac_67,67,RZV_2d,Q_HZ,-0.005993197474395728,-0.005827829114906601,-0.00925984006237165,-0.0031551869647928727
Vac_67,67,RZV_2d,Q_HZ_Norm,-0.0018982466600171006,-0.001858873296404113,-0.002945141816139057,-0.0010168451483249718
Vac_67,67,RZV_2d,Q_All,14.517773817610616,14.517940111118708,14.514412511492933,14.520696704412593
Vac_67,67,RZV_2d,Q_HZ_d,-0.0036660582981369702,-0.0035634546958477286,-0.005632467701266443,-0.0019883401688682812
Vac_67,67,RZV_2d,Q_HZ_Norm_d,-0.0011928944242660558,-0.0011647300167403098,-0.001843667794501217,-6.592630605433343e-4
Vac_67,67,RZV_2d,Q_Life_d,10.421457062187327,10.421458850012101,10.421408117818386,10.421499059027676
Vac_67,67,RZV_2d,Q_All_d,10.41779100388919,10.417892795423121,10.415783586665544,10.41951185378123
Vac_67,67,RZV_2d,C_Hosp,9.45641872963313,9.3125879085237,4.654564602650749,15.044838855938538
Vac_67,67,RZV_2d,C_GP_NonPHN,4.642330853877513,4.5741041197959476,2.517589491779779,7.097265831446962
Vac_67,67,RZV_2d,C_GP_PHN,1.8901246151941609,1.8650898917415644,0.9780111215870374,2.9418766294095344
Vac_67,67,RZV_2d,C_GP,6.532455469071674,6.442385978487935,3.488929708873016,10.04354330229344
Vac_67,67,RZV_2d,C_Med,15.988874198704803,15.696437446906364,8.177179140418053,25.038640732432214
Vac_67,67,RZV_2d,C_VacZVL,0,0,0,0
Vac_67,67,RZV_2d,C_VacRZV,170,170,170,170
Vac_67,67,RZV_2d,C_Vac,170,170,170,170
Vac_67,67,RZV_2d,C_All,185.9888741987048,185.69643744690637,178.17717914041808,195.0386407324322
Vac_67,67,RZV_2d,C_Hosp_d,4.986369279099349,4.905009196361242,2.482485682736591,7.988031210763126
Vac_67,67,RZV_2d,C_GP_NonPHN_d,2.9225823168212024,2.8718660539542897,1.6023551520473054,4.437000924701391
Vac_67,67,RZV_2d,C_GP_PHN_d,1.1570179626158592,1.1414674605464603,0.6144135538732316,1.7954428590260056
Vac_67,67,RZV_2d,C_GP_d,4.079600279437061,4.015213700593191,2.2247326758869237,6.2498224327243035
Vac_67,67,RZV_2d,C_Med_d,9.06596955853641,8.868070640243225,4.8017902661431355,14.12646967320043
Vac_67,67,RZV_2d,C_VacZVL_d,0,0,0,0
Vac_67,67,RZV_2d,C_VacRZV_d,170,170,170,170
Vac_67,67,RZV_2d,C_Vac_d,170,170,170,170
Vac_67,67,RZV_2d,C_All_d,179.0659695585364,178.86807064024325,174.80179026614314,184.12646967320043
Vac_67,67,RZV_2d,N_VacZVL,0,0,0,0
Vac_67,67,RZV_2d,N_VacRZV,2,2,2,2
Vac_67,67,RZV_2d,N_VacZVL_d,0,0,0,0
Vac_67,67,RZV_2d,N_VacRZV_d,2,2,2,2
Vac_67,67,SOC,N0,1,1,1,1
Vac_67,67,SOC,Year0,2024,2024,2024,2024
Vac_67,67,SOC,Year_Life,19.093700320309665,19.09370052050703,19.093600724288507,19.093801591816593
Vac_67,67,SOC,Year_Immunised,0,0,0,0
Vac_67,67,SOC,Risk_HZ,0.16504189143336598,0.16496286134286137,0.16141482960512996,0.16880035583412759
Vac_67,67,SOC,Risk_Hosp,0.0065469578094210015,0.006517651419751385,0.005662841489341256,0.007534396248298603
Vac_67,67,SOC,Risk_PHN,0.012823377209952825,0.01280269192829465,0.011977539021587946,0.013769256708548389
Vac_67,67,SOC,Risk_Death,1.320661041610306e-4,1.3189735549273693e-4,1.1451540454950034e-4,1.504640648813325e-4
Vac_67,67,SOC,Q_Life,14.54231230653082,14.5423121144985,14.542241925589765,14.542381247606608
Vac_67,67,SOC,Q_HZ,-0.02280226290135357,-0.02269352201582106,-0.025706684410426225,-0.02044245401261956
Vac_67,67,SOC,Q_HZ_Norm,-0.007612345189799181,-0.007593331365634505,-0.0085257044036517,-0.006773698317454907
Vac_67,67,SOC,Q_All,14.500565123771171,14.50066200634212,14.49765201424278,14.502937307808429
Vac_67,67,SOC,Q_HZ_d,-0.015623050132603594,-0.015556115633049298,-0.017514734044234422,-0.014088161201631515
Vac_67,67,SOC,Q_HZ_Norm_d,-0.0053695941614667194,-0.005358282545999609,-0.005993498306648449,-0.004799288362641628
Vac_67,67,SOC,Q_Life_d,10.4212560841221,10.421256768352329,10.421221189397547,10.421289792999007
Vac_67,67,SOC,Q_All_d,10.405633033989496,10.405696210674005,10.40374173553264,10.407166317111122
Vac_67,67,SOC,C_Hosp,27.83522429094326,27.745122613034837,23.982566707467626,32.35691454899748
Vac_67,67,SOC,C_GP_NonPHN,18.639844202536455,18.63206267587801,18.15733602522107,19.144481142511413
Vac_67,67,SOC,C_GP_PHN,7.040673195195473,7.031036638614154,6.435954531218112,7.720594591425067
Vac_67,67,SOC,C_GP,25.68051739773193,25.676064862329696,24.866880463542554,26.518085652522842
Vac_67,67,SOC,C_Med,53.515741688675185,53.427492306764435,49.58172746683087,57.93063397465713
Vac_67,67,SOC,C_VacZVL,0,0,0,0
Vac_67,67,SOC,C_VacRZV,0,0,0,0
Vac_67,67,SOC,C_Vac,0,0,0,0
Vac_67,67,SOC,C_All,53.515741688675185,53.427492306764435,49.58172746683087,57.93063397465713
Vac_67,67,SOC,C_Hosp_d,15.889747082086704,15.828128439538872,13.743315852877327,18.5159524711271
Vac_67,67,SOC,C_GP_NonPHN_d,13.154866382782696,13.15530671849677,12.792150504770243,13.528039181372446
Vac_67,67,SOC,C_GP_PHN_d,4.757967032535723,4.746312025898643,4.34037389852944,5.220882955425199
Vac_67,67,SOC,C_GP_d,17.91283341531842,17.90648648321001,17.33365733067882,18.503063302596612
Vac_67,67,SOC,C_Med_d,33.802580497405124,33.737873777595674,31.557179379355038,36.37823189305672
Vac_67,67,SOC,C_VacZVL_d,0,0,0,0
Vac_67,67,SOC,C_VacRZV_d,0,0,0,0
Vac_67,67,SOC,C_Vac_d,0,0,0,0
Vac_67,67,SOC,C_All_d,33.802580497405124,33.737873777595674,31.557179379355038,36.37823189305672
Vac_67,67,SOC,N_VacZVL,0,0,0,0
Vac_67,67,SOC,N_VacRZV,0,0,0,0
Vac_67,67,SOC,N_VacZVL_d,0,0,0,0
Vac_67,67,SOC,N_VacRZV_d,0,0,0,0
Vac_68,68,RZV_1d,N0,1,1,1,1
Vac_68,68,RZV_1d,Year0,2024,2024,2024,2024
Vac_68,68,RZV_1d,Year_Life,18.30105657112736,18.30106014060285,18.30091570383208,18.301178852987473
Vac_68,68,RZV_1d,Year_Immunised,13.50703009810102,13.557295485252816,11.301181513897285,15.513682058060171
Vac_68,68,RZV_1d,Risk_HZ,0.04320328495881191,0.04271944843379856,0.025299535414889614,0.06289909376493341
Vac_68,68,RZV_1d,Risk_Hosp,0.0022359464498551114,0.0022001685214499793,0.001263769154994173,0.003408277181354058
Vac_68,68,RZV_1d,Risk_PHN,0.0036001726609845436,0.0035514047607277856,0.0020849591784708357,0.005329601337254933
Vac_68,68,RZV_1d,Risk_Death,4.979515693111347e-5,4.9091684801891904e-5,2.7803553374936655e-5,7.47835483429559e-5
Vac_68,68,RZV_1d,Q_Life,13.912474477870653,13.912477098613842,13.91237722260852,13.912557900872303
Vac_68,68,RZV_1d,Q_HZ,-0.006179051360604524,-0.00606185450362383,-0.009176228844232456,-0.0036177468714424727
Vac_68,68,RZV_1d,Q_HZ_Norm,-0.00195486595368962,-0.0019219095909533907,-0.0029104237551972807,-0.0011486371590488519
Vac_68,68,RZV_1d,Q_All,13.88712864918289,13.887243667777703,13.8840488268836,13.889776740777911
Vac_68,68,RZV_1d,Q_HZ_d,-0.0039019042327765553,-0.0038226227691146543,-0.005809099386924178,-0.0022838546523449473
Vac_68,68,RZV_1d,Q_HZ_Norm_d,-0.0012669918871019612,-0.001246859267966134,-0.0019007374545060953,-7.348485869841561e-4
Vac_68,68,RZV_1d,Q_Life_d,10.085319590468695,10.085320863632298,10.085274086273113,10.085358934086486
Vac_68,68,RZV_1d,Q_All_d,10.081417686235918,10.081496258452802,10.079469735792701,10.083077302101756
Vac_68,68,RZV_1d,C_Hosp,9.76091046304416,9.558888781715002,5.552041700724569,14.954702722798002
Vac_68,68,RZV_1d,C_GP_NonPHN,4.78195160880089,4.732522219452201,2.787168585502532,6.979347567690694
Vac_68,68,RZV_1d,C_GP_PHN,1.9523825052815194,1.9306811416632481,1.1278042623066324,2.9006214240783725
Vac_68,68,RZV_1d,C_GP,6.73433411408241,6.649157134120592,3.903536292176671,9.870249181857941
Vac_68,68,RZV_1d,C_Med,16.49524457712657,16.204915476475996,9.447228811524344,24.800306196700348
Vac_68,68,RZV_1d,C_VacZVL,0,0,0,0
Vac_68,68,RZV_1d,C_VacRZV,85,85,85,85
Vac_68,68,RZV_1d,C_Vac,85,85,85,85
Vac_68,68,RZV_1d,C_All,101.49524457712657,101.204915476476,94.44722881152433,109.80030619670035
Vac_68,68,RZV_1d,C_Hosp_d,5.329101827794708,5.217987656201857,3.0330901416144775,8.139392186024457
Vac_68,68,RZV_1d,C_GP_NonPHN_d,3.105086430899597,3.0662910793992584,1.80687917680945,4.574424495200299
Vac_68,68,RZV_1d,C_GP_PHN_d,1.2350965447453146,1.218969284696916,0.7111880964396878,1.8216373712633696
Vac_68,68,RZV_1d,C_GP_d,4.340182975644911,4.287641236127998,2.524678561863371,6.41974776261796
Vac_68,68,RZV_1d,C_Med_d,9.66928480343962,9.465784816744865,5.532137003670462,14.393021394476301
Vac_68,68,RZV_1d,C_VacZVL_d,0,0,0,0
Vac_68,68,RZV_1d,C_VacRZV_d,85,85,85,85
Vac_68,68,RZV_1d,C_Vac_d,85,85,85,85
Vac_68,68,RZV_1d,C_All_d,94.66928480343962,94.46578481674487,90.53213700367046,99.3930213944763
Vac_68,68,RZV_1d,N_VacZVL,0,0,0,0
Vac_68,68,RZV_1d,N_VacRZV,1,1,1,1
Vac_68,68,RZV_1d,N_VacZVL_d,0,0,0,0
Vac_68,68,RZV_1d,N_VacRZV_d,1,1,1,1
Vac_68,68,RZV_2d,N0,1,1,1,1
Vac_68,68,RZV_2d,Year0,2024,2024,2024,2024
Vac_68,68,RZV_2d,Year_Life,18.301075266719664,18.301080225612136,18.30092529900717,18.301206572797987
Vac_68,68,RZV_2d,Year_Immunised,13.938909801901325,14.003287507102147,11.636512518604059,15.9012639607975
Vac_68,68,RZV_2d,Risk_HZ,0.039466711431323125,0.03884863115930624,0.021447380634733535,0.0603247063896926
Vac_68,68,RZV_2d,Risk_Hosp,0.002095243417592487,0.002064890577363134,0.0010442677489394905,0.0033551427519627995
Vac_68,68,RZV_2d,Risk_PHN,0.0033107656710775145,0.003259958285236024,0.001755519232351277,0.00515581088446995
Vac_68,68,RZV_2d,Risk_Death,4.7058121884282326e-5,4.631381322969969e-5,2.316196177158226e-5,7.38384597325911e-5
Vac_68,68,RZV_2d,Q_Life,13.912487418665084,13.912490905678874,13.91238459695401,13.912576541575266
Vac_68,68,RZV_2d,Q_HZ,-0.005664897561184546,-0.0055042419324940785,-0.008765762244171044,-0.003005115960204507
Vac_68,68,RZV_2d,Q_HZ_Norm,-0.0017823253931424988,-0.0017452217860265437,-0.00276632295038674,-9.600771296235706e-4
Vac_68,68,RZV_2d,Q_All,13.887655564903612,13.887819622448887,13.88446618348173,13.890403490105891
Vac_68,68,RZV_2d,Q_HZ_d,-0.0035331151485866194,-0.0034331819252967754,-0.005431078770483115,-0.001926982831167654
Vac_68,68,RZV_2d,Q_HZ_Norm_d,-0.0011400047123695228,-0.0011137892344652415,-0.0017606477480205127,-6.323527161790056e-4
Vac_68,68,RZV_2d,Q_Life_d,10.085326167907116,10.085327968784632,10.085277240805555,10.085367629388386
Vac_68,68,RZV_2d,Q_All_d,10.08179305275853,10.081894123889377,10.079846675291336,10.083436863613926
Vac_68,68,RZV_2d,C_Hosp,9.167517009786707,9.015746432829967,4.5336941361843,14.588533613116791
Vac_68,68,RZV_2d,C_GP_NonPHN,4.3587667914387405,4.2943968102152255,2.3748977298466567,6.665689547217623
Vac_68,68,RZV_2d,C_GP_PHN,1.7929858937211574,1.7663875121875288,0.9376625157304735,2.794507759454047
Vac_68,68,RZV_2d,C_GP,6.151752685159898,6.058486634899884,3.3067489969143997,9.44851645232008
Vac_68,68,RZV_2d,C_Med,15.319269694946604,15.005011132360174,7.894533546215541,24.033435090021488
Vac_68,68,RZV_2d,C_VacZVL,0,0,0,0
Vac_68,68,RZV_2d,C_VacRZV,170,170,170,170
Vac_68,68,RZV_2d,C_Vac,170,170,170,170
Vac_68,68,RZV_2d,C_All,185.3192696949466,185.00501113236018,177.89453354621557,194.03343509002147
Vac_68,68,RZV_2d,C_Hosp_d,4.970088320211808,4.878584379079861,2.4831927380489036,7.973221315952928
Vac_68,68,RZV_2d,C_GP_NonPHN_d,2.793525756117452,2.746339915667259,1.539470099469666,4.23139636995963
Vac_68,68,RZV_2d,C_GP_PHN_d,1.1221822647900075,1.1051604633823318,0.6014369066246095,1.7417374002678063
Vac_68,68,RZV_2d,C_GP_d,3.9157080209074597,3.853117278991311,2.149951498976996,5.9913467897449575
Vac_68,68,RZV_2d,C_Med_d,8.885796341119267,8.711870873620242,4.742187680559197,13.85678527918671
Vac_68,68,RZV_2d,C_VacZVL_d,0,0,0,0
Vac_68,68,RZV_2d,C_VacRZV_d,170,170,170,170
Vac_68,68,RZV_2d,C_Vac_d,170,170,170,170
Vac_68,68,RZV_2d,C_All_d,178.88579634111926,178.71187087362023,174.7421876805592,183.8567852791867
Vac_68,68,RZV_2d,N_VacZVL,0,0,0,0
Vac_68,68,RZV_2d,N_VacRZV,2,2,2,2
Vac_68,68,RZV_2d,N_VacZVL_d,0,0,0,0
Vac_68,68,RZV_2d,N_VacRZV_d,2,2,2,2
Vac_68,68,SOC,N0,1,1,1,1
Vac_68,68,SOC,Year0,2024,2024,2024,2024
Vac_68,68,SOC,Year_Life,18.30048168559341,18.300483773495117,18.300380991731437,18.300583233770187
Vac_68,68,SOC,Year_Immunised,0,0,0,0
Vac_68,68,SOC,Risk_HZ,0.15986410913643803,0.15980617327883567,0.15627986069702968,0.16353840226493366
Vac_68,68,SOC,Risk_Hosp,0.0065479023097957485,0.006522918917334829,0.005667446317713424,0.007562165919772878
Vac_68,68,SOC,Risk_PHN,0.012614661042186717,0.01258173736142852,0.011786518361521893,0.013558252360082462
Vac_68,68,SOC,Risk_Death,1.330385897974102e-4,1.3285284988835176e-4,1.1541292028532536e-4,1.515943475653217e-4
Vac_68,68,SOC,Q_Life,13.912076185604604,13.912076219485803,13.912007405119773,13.912145867213688
Vac_68,68,SOC,Q_HZ,-0.022199851263137425,-0.022095083671043427,-0.025047518668372577,-0.019877883379374052
Vac_68,68,SOC,Q_HZ_Norm,-0.007348970263631974,-0.007332228768915757,-0.008242200123379098,-0.006531085602959491
Vac_68,68,SOC,Q_All,13.870714905072468,13.870821431498815,13.867898883590401,13.87306181461171
Vac_68,68,SOC,Q_HZ_d,-0.015461442561848126,-0.015396739213783421,-0.017345454796921032,-0.013903220939616177
Vac_68,68,SOC,Q_HZ_Norm_d,-0.0052584088527731394,-0.005249152304285928,-0.005874275904678953,-0.00469573848376997
Vac_68,68,SOC,Q_Life_d,10.085116345166995,10.085116693576357,10.085079446142814,10.085151202303443
Vac_68,68,SOC,Q_All_d,10.069654902605146,10.069719753343316,10.067766831763413,10.071210978950372
Vac_68,68,SOC,C_Hosp,27.903615622994305,27.811182896330006,24.00388111024432,32.45334770524396
Vac_68,68,SOC,C_GP_NonPHN,18.00568422676907,18.000235430246022,17.51901780956231,18.504072940096577
Vac_68,68,SOC,C_GP_PHN,6.919223475529976,6.906385282015836,6.319244145057744,7.594967472502914
Vac_68,68,SOC,C_GP,24.924907702299045,24.92419734568592,24.101538021772356,25.7439889783574
Vac_68,68,SOC,C_Med,52.82852332529335,52.7569941623456,48.8463481398958,57.29074247007701
Vac_68,68,SOC,C_VacZVL,0,0,0,0
Vac_68,68,SOC,C_VacRZV,0,0,0,0
Vac_68,68,SOC,C_Vac,0,0,0,0
Vac_68,68,SOC,C_All,52.82852332529335,52.7569941623456,48.8463481398958,57.29074247007701
Vac_68,68,SOC,C_Hosp_d,16.375377913626487,16.317018000911094,14.162571232737335,19.120892338769018
Vac_68,68,SOC,C_GP_NonPHN_d,12.894052865549831,12.89229889008421,12.528880546089793,13.268224554250537
Vac_68,68,SOC,C_GP_PHN_d,4.7717947600103665,4.763777220831459,4.35330049996157,5.234013814121467
Vac_68,68,SOC,C_GP_d,17.665847625560197,17.66313481118437,17.075982472917755,18.26280810666331
Vac_68,68,SOC,C_Med_d,34.041225539186684,33.96109997036538,31.67670704039441,36.71155938941089
Vac_68,68,SOC,C_VacZVL_d,0,0,0,0
Vac_68,68,SOC,C_VacRZV_d,0,0,0,0
Vac_68,68,SOC,C_Vac_d,0,0,0,0
Vac_68,68,SOC,C_All_d,34.041225539186684,33.96109997036538,31.67670704039441,36.71155938941089
Vac_68,68,SOC,N_VacZVL,0,0,0,0
Vac_68,68,SOC,N_VacRZV,0,0,0,0
Vac_68,68,SOC,N_VacZVL_d,0,0,0,0
Vac_68,68,SOC,N_VacRZV_d,0,0,0,0
Vac_69,69,RZV_1d,N0,1,1,1,1
Vac_69,69,RZV_1d,Year0,2024,2024,2024,2024
Vac_69,69,RZV_1d,Year_Life,17.517388221149503,17.51739207935655,17.51725115738824,17.51750635067635
Vac_69,69,RZV_1d,Year_Immunised,13.027922933169696,13.081288170766234,10.953954054816895,14.912195063692087
Vac_69,69,RZV_1d,Risk_HZ,0.040703619473683325,0.04022345244248968,0.023809573902440727,0.059464320176709655
Vac_69,69,RZV_1d,Risk_Hosp,0.0021663005234142606,0.002131305310834497,0.0012271870286831633,0.003302569745536551
Vac_69,69,RZV_1d,Risk_PHN,0.0034234704106771,0.003382759395231023,0.001978502297067061,0.0050681677114833715
Vac_69,69,RZV_1d,Risk_Death,4.8618143419235493e-5,4.798117884230123e-5,2.7356923952249464e-5,7.29556741968655e-5
Vac_69,69,RZV_1d,Q_Life,13.291811153728622,13.291813720824916,13.291717922809589,13.291891078524765
Vac_69,69,RZV_1d,Q_HZ,-0.005846498014799098,-0.00574198193359512,-0.008707539066188874,-0.003425125308921827
Vac_69,69,RZV_1d,Q_HZ_Norm,-0.0018370882348684497,-0.0018049391116594805,-0.002737290670952876,-0.0010762120900504918
Vac_69,69,RZV_1d,Q_All,13.266558120763712,13.266668946741488,13.263614410335382,13.269062598656
Vac_69,69,RZV_1d,Q_HZ_d,-0.003763165047938,-0.003678488121749863,-0.005615586184442873,-0.002213121479050244
Vac_69,69,RZV_1d,Q_HZ_Norm_d,-0.00121152148277642,-0.00118870057548515,-0.0018202252047963578,-6.993809478246267e-4
Vac_69,69,RZV_1d,Q_Life_d,9.746558263065033,9.74655960412052,9.74651324157938,9.746596990081645
Vac_69,69,RZV_1d,Q_All_d,9.742795098017094,9.742877635252604,9.740903156490338,9.744381679456243
Vac_69,69,RZV_1d,C_Hosp,9.477519558003905,9.274906900125949,5.386454871956507,14.512033656629525
Vac_69,69,RZV_1d,C_GP_NonPHN,4.493756808732351,4.4460440969389445,2.619630659925511,6.5741803578740745
Vac_69,69,RZV_1d,C_GP_PHN,1.8541408295542627,1.8298209494053934,1.0642227776849047,2.760923212714554
Vac_69,69,RZV_1d,C_GP,6.347897638286613,6.267998791264445,3.6895344803718824,9.33089402094985
Vac_69,69,RZV_1d,C_Med,15.825417196290518,15.536449628778641,9.02224140509156,23.82921085147504
Vac_69,69,RZV_1d,C_VacZVL,0,0,0,0
Vac_69,69,RZV_1d,C_VacRZV,85,85,85,85
Vac_69,69,RZV_1d,C_Vac,85,85,85,85
Vac_69,69,RZV_1d,C_All,100.82541719629052,100.53644962877863,94.02224140509156,108.82921085147504
Vac_69,69,RZV_1d,C_Hosp_d,5.3193529091844844,5.200865581002348,3.0314564895312137,8.159410862260156
Vac_69,69,RZV_1d,C_GP_NonPHN_d,2.9696578960937425,2.934379824666839,1.7286606232292665,4.381232335259981
Vac_69,69,RZV_1d,C_GP_PHN_d,1.1989068961357907,1.1819392969928337,0.6936197539140367,1.7763976864018045
Vac_69,69,RZV_1d,C_GP_d,4.1685647922295335,4.110757488222816,2.427649276478536,6.168970404258827
Vac_69,69,RZV_1d,C_Med_d,9.487917701414018,9.293304156542021,5.426097755837358,14.20962116506528
Vac_69,69,RZV_1d,C_VacZVL_d,0,0,0,0
Vac_69,69,RZV_1d,C_VacRZV_d,85,85,85,85
Vac_69,69,RZV_1d,C_Vac_d,85,85,85,85
Vac_69,69,RZV_1d,C_All_d,94.48791770141402,94.29330415654204,90.42609775583736,99.20962116506527
Vac_69,69,RZV_1d,N_VacZVL,0,0,0,0
Vac_69,69,RZV_1d,N_VacRZV,1,1,1,1
Vac_69,69,RZV_1d,N_VacZVL_d,0,0,0,0
Vac_69,69,RZV_1d,N_VacRZV_d,1,1,1,1
Vac_69,69,RZV_2d,N0,1,1,1,1
Vac_69,69,RZV_2d,Year0,2024,2024,2024,2024
Vac_69,69,RZV_2d,Year_Life,17.51740715819675,17.517412314370752,17.517261262163963,17.517532361764975
Vac_69,69,RZV_2d,Year_Immunised,13.443979210945036,13.50105916987033,11.30259173943309,15.264970415022074
Vac_69,69,RZV_2d,Risk_HZ,0.037061393650131905,0.036497642043659864,0.02021795410834139,0.05661967592107143
Vac_69,69,RZV_2d,Risk_Hosp,0.0020237488175662414,0.0019912472273644986,0.0010191713931155051,0.003248840406331078
Vac_69,69,RZV_2d,Risk_PHN,0.003136275582403158,0.0030866651458972263,0.0016653880170769244,0.004875927857607212
Vac_69,69,RZV_2d,Risk_Death,4.581763332710009e-5,4.50612728933073e-5,2.270007915827504e-5,7.210870699728497e-5
Vac_69,69,RZV_2d,Q_Life,13.291824247602111,13.291827818035381,13.291724688923622,13.291909153625024
Vac_69,69,RZV_2d,Q_HZ,-0.00534239182011854,-0.005181799400018368,-0.008265257509513284,-0.0028576389736603303
Vac_69,69,RZV_2d,Q_HZ_Norm,-0.0016695439437390803,-0.0016315343111339758,-0.0025943497275332525,-9.102584115440356e-4
Vac_69,69,RZV_2d,Q_All,13.267075137029668,13.267239695572181,13.264066936004852,13.269637709933454
Vac_69,69,RZV_2d,Q_HZ_d,-0.003396398388588268,-0.0033008403136101927,-0.005231598890731956,-0.0018605696120725015
Vac_69,69,RZV_2d,Q_HZ_Norm_d,-0.0010866830901709711,-0.001061694891583682,-0.001675330710176218,-6.070674706964992e-4
Vac_69,69,RZV_2d,Q_Life_d,9.746565104561855,9.746566841178613,9.746516510086566,9.746606047611683
Vac_69,69,RZV_2d,Q_All_d,9.743168706173266,9.743267429374406,9.741291383108248,9.744742021203752
Vac_69,69,RZV_2d,C_Hosp,8.874483301911672,8.720032789504177,4.392256909001719,14.164792543336572
Vac_69,69,RZV_2d,C_GP_NonPHN,4.08254883514879,4.02341113982483,2.223907768520962,6.230860402317075
Vac_69,69,RZV_2d,C_GP_PHN,1.6961517914156714,1.670260067555885,0.8920199643703504,2.6455471644239754
Vac_69,69,RZV_2d,C_GP,5.778700626564461,5.690211135953083,3.145179032510082,8.871160236913553
Vac_69,69,RZV_2d,C_Med,14.653183928476134,14.345225850586193,7.6373785627237245,23.02656387770665
Vac_69,69,RZV_2d,C_VacZVL,0,0,0,0
Vac_69,69,RZV_2d,C_VacRZV,170,170,170,170
Vac_69,69,RZV_2d,C_Vac,170,170,170,170
Vac_69,69,RZV_2d,C_All,184.65318392847612,184.3452258505862,177.63737856272374,193.02656387770668
Vac_69,69,RZV_2d,C_Hosp_d,4.94503003551034,4.8384266498220665,2.4894400485846906,7.943132982289945
Vac_69,69,RZV_2d,C_GP_NonPHN_d,2.6630724540053405,2.6157826693523285,1.469304255631234,4.0339262420965305
Vac_69,69,RZV_2d,C_GP_PHN_d,1.0849462085577617,1.0676120342762405,0.5854668199577281,1.6874169919069029
Vac_69,69,RZV_2d,C_GP_d,3.7480186625631022,3.6862807906291977,2.058435818868818,5.715468645814399
Vac_69,69,RZV_2d,C_Med_d,8.693048698073442,8.505936047243932,4.6851696923298505,13.603612061117435
Vac_69,69,RZV_2d,C_VacZVL_d,0,0,0,0
Vac_69,69,RZV_2d,C_VacRZV_d,170,170,170,170
Vac_69,69,RZV_2d,C_Vac_d,170,170,170,170
Vac_69,69,RZV_2d,C_All_d,178.69304869807345,178.50593604724395,174.68516969232982,183.60361206111745
Vac_69,69,RZV_2d,N_VacZVL,0,0,0,0
Vac_69,69,RZV_2d,N_VacRZV,2,2,2,2
Vac_69,69,RZV_2d,N_VacZVL_d,0,0,0,0
Vac_69,69,RZV_2d,N_VacRZV_d,2,2,2,2
Vac_69,69,SOC,N0,1,1,1,1
Vac_69,69,SOC,Year0,2024,2024,2024,2024
Vac_69,69,SOC,Year_Life,17.516804326286188,17.516806134296242,17.51670094014732,17.516907357118463
Vac_69,69,SOC,Year_Immunised,0,0,0,0
Vac_69,69,SOC,Risk_HZ,0.15459553717337227,0.15456365657652793,0.15103187890262454,0.15830565559584425
Vac_69,69,SOC,Risk_Hosp,0.006547024872784392,0.006515032072987844,0.005664394500282521,0.007543982303107871
Vac_69,69,SOC,Risk_PHN,0.012388412551289254,0.01235926948394307,0.01156188525505508,0.013327153102769395
Vac_69,69,SOC,Risk_Death,1.3406087649351774e-4,1.3390134629558717e-4,1.1636109422684599e-4,1.5278401578261083e-4
Vac_69,69,SOC,Q_Life,13.291407068302734,13.29140843216675,13.291338104897948,13.291476871191934
Vac_69,69,SOC,Q_HZ,-0.02158009556091639,-0.021466920175568928,-0.024412280241113166,-0.019290061012726446
Vac_69,69,SOC,Q_HZ_Norm,-0.00708289999146563,-0.0070671155052773466,-0.007962446892925306,-0.006276738599268288
Vac_69,69,SOC,Q_All,13.250425951821292,13.25053110230191,13.247601482470463,13.252739653018889
Vac_69,69,SOC,Q_HZ_d,-0.015273940879329276,-0.015212835215003516,-0.01719340261272467,-0.013711300997232143
Vac_69,69,SOC,Q_HZ_Norm_d,-0.005140015460579181,-0.0051302948637270505,-0.005750818916077282,-0.0045753660076425385
Vac_69,69,SOC,Q_Life_d,9.74634634078126,9.746346271080434,9.746307809685684,9.74638126517532
Vac_69,69,SOC,Q_All_d,9.731072399901931,9.73113432422604,9.72916677820661,9.73263229421379
Vac_69,69,SOC,C_Hosp,27.968416863459204,27.86664072903835,24.05292928323175,32.64661455071379
Vac_69,69,SOC,C_GP_NonPHN,17.36237973817708,17.35648558409065,16.88712920081205,17.849743690589357
Vac_69,69,SOC,C_GP_PHN,6.7876945015150305,6.773616569232782,6.183539889775767,7.462377570272892
Vac_69,69,SOC,C_GP,24.15007423969211,24.150891609393362,23.33748150228328,24.97803521412383
Vac_69,69,SOC,C_Med,52.118491103151314,52.012685483996464,48.10199666604245,56.60763367515917
Vac_69,69,SOC,C_VacZVL,0,0,0,0
Vac_69,69,SOC,C_VacRZV,0,0,0,0
Vac_69,69,SOC,C_Vac,0,0,0,0
Vac_69,69,SOC,C_All,52.118491103151314,52.012685483996464,48.10199666604245,56.60763367515917
Vac_69,69,SOC,C_Hosp_d,16.866392904906068,16.80405703533886,14.567164384957549,19.746969365155927
Vac_69,69,SOC,C_GP_NonPHN_d,12.613372466753251,12.609403586028506,12.256179040689398,12.976287195138612
Vac_69,69,SOC,C_GP_PHN_d,4.7748841712688845,4.76701005142795,4.351526175214238,5.258661923637672
Vac_69,69,SOC,C_GP_d,17.388256638022135,17.387392704843663,16.802001763095564,17.98421109204523
Vac_69,69,SOC,C_Med_d,34.254649542928206,34.177573010762316,31.85645135591911,37.050053861928674
Vac_69,69,SOC,C_VacZVL_d,0,0,0,0
Vac_69,69,SOC,C_VacRZV_d,0,0,0,0
Vac_69,69,SOC,C_Vac_d,0,0,0,0
Vac_69,69,SOC,C_All_d,34.254649542928206,34.177573010762316,31.85645135591911,37.050053861928674
Vac_69,69,SOC,N_VacZVL,0,0,0,0
Vac_69,69,SOC,N_VacRZV,0,0,0,0
Vac_69,69,SOC,N_VacZVL_d,0,0,0,0
Vac_69,69,SOC,N_VacRZV_d,0,0,0,0
Vac_70,70,RZV_1d,N0,1,1,1,1
Vac_70,70,RZV_1d,Year0,2024,2024,2024,2024
Vac_70,70,RZV_1d,Year_Life,16.743697234732267,16.743700854134843,16.743565854210594,16.743810216410903
Vac_70,70,RZV_1d,Year_Immunised,12.54759223037795,12.604798836037805,10.571957448670853,14.301550553940697
Vac_70,70,RZV_1d,Risk_HZ,0.038258349434325954,0.037775684777923924,0.022397535114039815,0.055973035802319576
Vac_70,70,RZV_1d,Risk_Hosp,0.0020959007330543927,0.0020589327152953883,0.0011949295477429098,0.003188990340734384
Vac_70,70,RZV_1d,Risk_PHN,0.0032468167357878105,0.003211565050085156,0.0018765308765689892,0.004801339878946868
Vac_70,70,RZV_1d,Risk_Death,4.7421420704822446e-5,4.676625205105692e-5,2.6766296121232557e-5,7.131805208402506e-5
Vac_70,70,RZV_1d,Q_Life,12.68105190222076,12.68105422343934,12.68096208515166,12.68112889600744
Vac_70,70,RZV_1d,Q_HZ,-0.005519309532179121,-0.005411879343702453,-0.008251741459107679,-0.00324062437354362
Vac_70,70,RZV_1d,Q_HZ_Norm,-0.0017223258568283125,-0.001695154607012859,-0.002572060221714745,-0.0010028939663726851
Vac_70,70,RZV_1d,Q_All,12.65586006382463,12.655970466513004,12.653051803075344,12.658218216797213
Vac_70,70,RZV_1d,Q_HZ_d,-0.0036200853613119355,-0.003540896908504147,-0.00540706687567202,-0.002125929373493238
Vac_70,70,RZV_1d,Q_HZ_Norm_d,-0.001155462501927459,-0.0011336718956609588,-0.0017431011386811496,-6.663850747115876e-4
Vac_70,70,RZV_1d,Q_Life_d,9.405461493651309,9.40546301314621,9.405417379617525,9.4054994850857625
Vac_70,70,RZV_1d,Q_All_d,9.401841408289997,9.401928550675215,9.400008494367592,9.403370795549568
Vac_70,70,RZV_1d,C_Hosp,9.190363178019657,9.00132217999002,5.2251838136056215,14.072544600294272
Vac_70,70,RZV_1d,C_GP_NonPHN,4.212574777920014,4.162288904143358,2.447937687606765,6.17565335306124
Vac_70,70,RZV_1d,C_GP_PHN,1.755983496922062,1.7332555264665759,1.0118406518114507,2.616154011826011
Vac_70,70,RZV_1d,C_GP,5.968558274842075,5.908678259367134,3.4695657427852677,8.786035720819674
Vac_70,70,RZV_1d,C_Med,15.158921452861732,14.856233977951522,8.641767708377984,22.838380441682393
Vac_70,70,RZV_1d,C_VacZVL,0,0,0,0
Vac_70,70,RZV_1d,C_VacRZV,85,85,85,85
Vac_70,70,RZV_1d,C_Vac,85,85,85,85
Vac_70,70,RZV_1d,C_All,100.15892145286173,99.85623397795152,93.64176770837798,107.8383804416824
Vac_70,70,RZV_1d,C_Hosp_d,5.301048212925294,5.177945743759773,3.0145767981403413,8.149065603089706
Vac_70,70,RZV_1d,C_GP_NonPHN_d,2.8324123179101393,2.8057644874276666,1.6387324807206194,4.206431561850356
Vac_70,70,RZV_1d,C_GP_PHN_d,1.160030680982187,1.142895037772202,0.6733830634562167,1.7229295051549796
Vac_70,70,RZV_1d,C_GP_d,3.9924429988923262,3.9408221044194676,2.305473040929588,5.913294880074509
Vac_70,70,RZV_1d,C_Med_d,9.29349121181762,9.109455563552077,5.37663846393521,13.961280873980773
Vac_70,70,RZV_1d,C_VacZVL_d,0,0,0,0
Vac_70,70,RZV_1d,C_VacRZV_d,85,85,85,85
Vac_70,70,RZV_1d,C_Vac_d,85,85,85,85
Vac_70,70,RZV_1d,C_All_d,94.29349121181762,94.10945556355207,90.37663846393521,98.96128087398077
Vac_70,70,RZV_1d,N_VacZVL,0,0,0,0
Vac_70,70,RZV_1d,N_VacRZV,1,1,1,1
Vac_70,70,RZV_1d,N_VacZVL_d,0,0,0,0
Vac_70,70,RZV_1d,N_VacRZV_d,1,1,1,1
Vac_70,70,RZV_2d,N0,1,1,1,1
Vac_70,70,RZV_2d,Year0,2024,2024,2024,2024
Vac_70,70,RZV_2d,Year_Life,16.743716398974893,16.743721639425566,16.743574807169267,16.743836032099104
Vac_70,70,RZV_2d,Year_Immunised,12.947826005496196,13.006536092730745,10.960973189277441,14.650232005720964
Vac_70,70,RZV_2d,Risk_HZ,0.03471539747167648,0.03422967201600839,0.018906308363787743,0.05304675101187657
Vac_70,70,RZV_2d,Risk_Hosp,0.0019515270408993102,0.0019133504726675551,9.86118987502962e-4,0.0031369536935432984
Vac_70,70,RZV_2d,Risk_PHN,0.002962461730666354,0.002916630034843631,0.0015751999445012379,0.0045991277684859205
Vac_70,70,RZV_2d,Risk_Death,4.455552114805776e-5,4.377686073441561e-5,2.2286186043659926e-5,7.024644019614416e-5
Vac_70,70,RZV_2d,Q_Life,12.681065137688778,12.681068713990152,12.68096900732934,12.681146294342495
Vac_70,70,RZV_2d,Q_HZ,-0.005026023186795497,-0.004867658185874795,-0.007769906100435726,-0.0026979311345018816
Vac_70,70,RZV_2d,Q_HZ_Norm,-0.0015599733153007784,-0.001523440594365333,-0.0024266011201931883,-8.554889361655273e-4
Vac_70,70,RZV_2d,Q_All,12.656366396599896,12.65652701895334,12.653533933078949,12.658765856560496
Vac_70,70,RZV_2d,Q_HZ_d,-0.0032561398973851735,-0.0031648852345717137,-0.00502015543238013,-0.0017760219555512486
Vac_70,70,RZV_2d,Q_HZ_Norm_d,-0.001033016992140693,-0.0010092232860937017,-0.0015948857126078487,-5.787182021631886e-4
Vac_70,70,RZV_2d,Q_Life_d,9.40546859968017,9.40547055689595,9.405420576981065,9.40550846836935
Vac_70,70,RZV_2d,Q_All_d,9.402212459782783,9.40230705708575,9.40040639781539,9.403730715349663
Vac_70,70,RZV_2d,C_Hosp,8.577670848510554,8.418642254465087,4.278091594782379,13.707908215534054
Vac_70,70,RZV_2d,C_GP_NonPHN,3.813889335504588,3.7531503831787894,2.072811675162811,5.819779537013925
Vac_70,70,RZV_2d,C_GP_PHN,1.5997640614674924,1.5757860224512203,0.8474998684416274,2.4929594108956987
Vac_70,70,RZV_2d,C_GP,5.413653396972081,5.329726774648651,2.9601219754035295,8.293368316257961
Vac_70,70,RZV_2d,C_Med,13.991324245482634,13.70937375649983,7.331797633015311,22.014256730560188
Vac_70,70,RZV_2d,C_VacZVL,0,0,0,0
Vac_70,70,RZV_2d,C_VacRZV,170,170,170,170
Vac_70,70,RZV_2d,C_Vac,170,170,170,170
Vac_70,70,RZV_2d,C_All,183.99132424548264,183.70937375649982,177.3317976330153,192.0142567305602
Vac_70,70,RZV_2d,C_Hosp_d,4.91099325360748,4.80123502829673,2.515377880067897,7.871084813598745
Vac_70,70,RZV_2d,C_GP_NonPHN_d,2.5314583920728735,2.4828913060852846,1.3943089664751083,3.8325960660714675
Vac_70,70,RZV_2d,C_GP_PHN_d,1.0453427382778369,1.0273672079595708,0.5691104270062523,1.6232305597974572
Vac_70,70,RZV_2d,C_GP_d,3.576801130350711,3.5167785986828615,1.9689495663871583,5.455695350987018
Vac_70,70,RZV_2d,C_Med_d,8.48779438395819,8.297694589877862,4.550116851922734,13.324962230344227
Vac_70,70,RZV_2d,C_VacZVL_d,0,0,0,0
Vac_70,70,RZV_2d,C_VacRZV_d,170,170,170,170
Vac_70,70,RZV_2d,C_Vac_d,170,170,170,170
Vac_70,70,RZV_2d,C_All_d,178.4877943839582,178.29769458987784,174.55011685192272,183.32496223034423
Vac_70,70,RZV_2d,N_VacZVL,0,0,0,0
Vac_70,70,RZV_2d,N_VacRZV,2,2,2,2
Vac_70,70,RZV_2d,N_VacZVL_d,0,0,0,0
Vac_70,70,RZV_2d,N_VacRZV_d,2,2,2,2
Vac_70,70,SOC,N0,1,1,1,1
Vac_70,70,SOC,Year0,2024,2024,2024,2024
Vac_70,70,SOC,Year_Life,16.743104759087608,16.743105990643596,16.742998515779718,16.743209546675736
Vac_70,70,SOC,Year_Immunised,0,0,0,0
Vac_70,70,SOC,Risk_HZ,0.14920888801251533,0.14921286681159557,0.1456729707167983,0.15269849248185893
Vac_70,70,SOC,Risk_Hosp,0.006544011039575011,0.006508667236826785,0.0056575207842911165,0.007576016811724091
Vac_70,70,SOC,Risk_PHN,0.012140132881492443,0.012106332858600183,0.011297934686573821,0.013093206171615782
Vac_70,70,SOC,Risk_Death,1.3513161988210916e-4,1.3496115515824154e-4,1.1735960847104995e-4,1.5403176881903196e-4
Vac_70,70,SOC,Q_Life,12.680642373425254,12.680643617937449,12.680571407325994,12.680713212016004
Vac_70,70,SOC,Q_HZ,-0.02093928609701383,-0.02082765664017308,-0.023758705631471932,-0.018683400039578576
Vac_70,70,SOC,Q_HZ_Norm,-0.006812835532200995,-0.006797276676909787,-0.007674394215390783,-0.006026832580909138
Vac_70,70,SOC,Q_All,12.640036248677804,12.640144003413612,12.637246106373178,12.642307358341181
Vac_70,70,SOC,Q_HZ_d,-0.015055864905017655,-0.014991405913611405,-0.016984343500273554,-0.013503551286366619
Vac_70,70,SOC,Q_HZ_Norm_d,-0.0050128476940549315,-0.0050034784557181,-0.005628555981428046,-0.004456745980262908
Vac_70,70,SOC,Q_Life_d,9.405240850219514,9.405240823977968,9.405202407679145,9.405276067106051
Vac_70,70,SOC,Q_All_d,9.390184985314496,9.390251899063195,9.388277225039554,9.391746481655288
Vac_70,70,SOC,C_Hosp,28.02841181043721,27.90658778080092,24.089040096000637,32.614780692924306
Vac_70,70,SOC,C_GP_NonPHN,16.707046594508576,16.70129518489042,16.238771186122683,17.19014627348638
Vac_70,70,SOC,C_GP_PHN,6.643539470083644,6.631029973096115,6.038208844684027,7.304415480245991
Vac_70,70,SOC,C_GP,23.35058606459222,23.34752041039399,22.5557024357925,24.152546904311944
Vac_70,70,SOC,C_Med,51.378997875029434,51.28976169936216,47.281685546527804,55.995241097010485
Vac_70,70,SOC,C_VacZVL,0,0,0,0
Vac_70,70,SOC,C_VacRZV,0,0,0,0
Vac_70,70,SOC,C_Vac,0,0,0,0
Vac_70,70,SOC,C_All,51.378997875029434,51.28976169936216,47.281685546527804,55.995241097010485
Vac_70,70,SOC,C_Hosp_d,17.361376217413984,17.27963014130014,14.955884379659217,20.321637170665472
Vac_70,70,SOC,C_GP_NonPHN_d,12.309226135246133,12.307055211798598,11.965175511506676,12.67030313058435
Vac_70,70,SOC,C_GP_PHN_d,4.7642614665422105,4.75526376599729,4.329493268660575,5.2528351607274635
Vac_70,70,SOC,C_GP_d,17.073487601788344,17.073585383465208,16.470127067752486,17.674212931177458
Vac_70,70,SOC,C_Med_d,34.43486381920233,34.349528858658566,31.91383414283294,37.35045749609665
Vac_70,70,SOC,C_VacZVL_d,0,0,0,0
Vac_70,70,SOC,C_VacRZV_d,0,0,0,0
Vac_70,70,SOC,C_Vac_d,0,0,0,0
Vac_70,70,SOC,C_All_d,34.43486381920233,34.349528858658566,31.91383414283294,37.35045749609665
Vac_70,70,SOC,N_VacZVL,0,0,0,0
Vac_70,70,SOC,N_VacRZV,0,0,0,0
Vac_70,70,SOC,N_VacZVL_d,0,0,0,0
Vac_70,70,SOC,N_VacRZV_d,0,0,0,0
Vac_71,71,RZV_1d,N0,1,1,1,1
Vac_71,71,RZV_1d,Year0,2024,2024,2024,2024
Vac_71,71,RZV_1d,Year_Life,15.980831286710915,15.980835395309427,15.980704618493906,15.98093945583627
Vac_71,71,RZV_1d,Year_Immunised,12.06674027289864,12.124639994387994,10.231281395279646,13.697195192527822
Vac_71,71,RZV_1d,Risk_HZ,0.035871679049206004,0.03537761252495464,0.02092643865661136,0.052569899076752406
Vac_71,71,RZV_1d,Risk_Hosp,0.002024675245297154,0.001984265157556327,0.0011555300997101092,0.003071044342832752
Vac_71,71,RZV_1d,Risk_PHN,0.0030707276995425685,0.0030330094197218004,0.001780469507677182,0.00453725878226615
Vac_71,71,RZV_1d,Risk_Death,4.6205796525163964e-5,4.551909254258755e-5,2.609491099210834e-5,6.944399174600004e-5
Vac_71,71,RZV_1d,Q_Life,12.080837697683354,12.08084046885802,12.080752451689145,12.080910949990795
Vac_71,71,RZV_1d,Q_HZ,-0.005198093753132077,-0.005090417038788661,-0.007787436288636867,-0.0030460206961371514
Vac_71,71,RZV_1d,Q_HZ_Norm,-0.0016107616201360355,-0.0015857237188204136,-0.0024155682353926722,-9.369525664175797e-4
Vac_71,71,RZV_1d,Q_All,12.055670661365445,12.055777519307863,12.053013111365981,12.05789425133076
Vac_71,71,RZV_1d,Q_HZ_d,-0.003473126871284176,-0.003395055570067992,-0.005215232732967787,-0.002030394435106847
Vac_71,71,RZV_1d,Q_HZ_Norm_d,-0.0010990053484756619,-0.0010763903450152525,-0.001664780816319979,-6.335237463439005e-4
Vac_71,71,RZV_1d,Q_Life_d,9.062568312687013,9.06256978562099,9.062525096233335,9.062605727713056
Vac_71,71,RZV_1d,Q_All_d,9.059095185815728,9.05917910751608,9.057303180083213,9.060570545391977
Vac_71,71,RZV_1d,C_Hosp,8.899187183818498,8.693270754790236,5.0688912644993795,13.644250896537812
Vac_71,71,RZV_1d,C_GP_NonPHN,3.9388837314244896,3.889751561329656,2.2860809408023623,5.811667217572908
Vac_71,71,RZV_1d,C_GP_PHN,1.6582131104673279,1.6359637302356336,0.9545136428880775,2.4763922420625195
Vac_71,71,RZV_1d,C_GP,5.597096841891817,5.5337854426763595,3.2579470701808897,8.26157822069977
Vac_71,71,RZV_1d,C_Med,14.496284025710315,14.174290236783374,8.274920964740035,21.85511663979691
Vac_71,71,RZV_1d,C_VacZVL,0,0,0,0
Vac_71,71,RZV_1d,C_VacRZV,85,85,85,85
Vac_71,71,RZV_1d,C_Vac,85,85,85,85
Vac_71,71,RZV_1d,C_All,99.49628402571031,99.17429023678338,93.27492096474005,106.8551166397969
Vac_71,71,RZV_1d,C_Hosp_d,5.273266603802894,5.154810498953314,2.9923910197045793,8.134961839068607
Vac_71,71,RZV_1d,C_GP_NonPHN_d,2.6938297498686588,2.6678973475493324,1.5556786993698035,4.028866426588053
Vac_71,71,RZV_1d,C_GP_PHN_d,1.1186526014300062,1.103282219004246,0.6488047395764716,1.6736403463886453
Vac_71,71,RZV_1d,C_GP_d,3.812482351298665,3.7545570339426657,2.2155094383999385,5.657943390679079
Vac_71,71,RZV_1d,C_Med_d,9.08574895510156,8.907876089570776,5.252202745762682,13.67255603563368
Vac_71,71,RZV_1d,C_VacZVL_d,0,0,0,0
Vac_71,71,RZV_1d,C_VacRZV_d,85,85,85,85
Vac_71,71,RZV_1d,C_Vac_d,85,85,85,85
Vac_71,71,RZV_1d,C_All_d,94.08574895510156,93.90787608957078,90.25220274576269,98.67255603563368
Vac_71,71,RZV_1d,N_VacZVL,0,0,0,0
Vac_71,71,RZV_1d,N_VacRZV,1,1,1,1
Vac_71,71,RZV_1d,N_VacZVL_d,0,0,0,0
Vac_71,71,RZV_1d,N_VacRZV_d,1,1,1,1
Vac_71,71,RZV_2d,N0,1,1,1,1
Vac_71,71,RZV_2d,Year0,2024,2024,2024,2024
Vac_71,71,RZV_2d,Year_Life,15.980850661248484,15.980856208869191,15.980713775304393,15.980964388899269
Vac_71,71,RZV_2d,Year_Immunised,12.451175057499771,12.509195263788108,10.608719142737229,14.029684929858854
Vac_71,71,RZV_2d,Risk_HZ,0.03243303123069798,0.03189724735164047,0.017728139690790352,0.04955553228091575
Vac_71,71,RZV_2d,Risk_Hosp,0.0018785737850360504,0.0018407348083510685,9.597483090279928e-4,0.003020155498670223
Vac_71,71,RZV_2d,Risk_PHN,0.0027898464448083546,0.002745260412593669,0.0014837015365049664,0.004335056777232094
Vac_71,71,RZV_2d,Risk_Death,4.32725946450782e-5,4.244339308136191e-5,2.18205171793848e-5,6.83160787095378e-5
Vac_71,71,RZV_2d,Q_Life,12.080851061341853,12.080854772554755,12.08075848416035,12.080928035386158
Vac_71,71,RZV_2d,Q_HZ,-0.004716431583596966,-0.00456719055377567,-0.00729331781868646,-0.002540490517444727
Vac_71,71,RZV_2d,Q_HZ_Norm,-0.0014537967614892601,-0.00142135769112261,-0.002264306480422442,-7.999151440341543e-4
Vac_71,71,RZV_2d,Q_All,12.056165492575285,12.056316264846387,12.053501429685033,12.058412088092117
Vac_71,71,RZV_2d,Q_HZ_d,-0.0031128647659600032,-0.0030306499999312544,-0.004808107731365423,-0.0017135897145070162
Vac_71,71,RZV_2d,Q_HZ_Norm_d,-9.792069465146729e-4,-9.553306607764604e-4,-0.0015124068739706927,-5.459790210697443e-4
Vac_71,71,RZV_2d,Q_Life_d,9.06257568204586,9.062577708373105,9.062528401051466,9.062614765696475
Vac_71,71,RZV_2d,Q_All_d,9.0594628172799,9.059553011595106,9.057729131532286,9.060900122342735
Vac_71,71,RZV_2d,C_Hosp,8.277066742452948,8.105657441741915,4.1986104584307045,13.260558890316615
Vac_71,71,RZV_2d,C_GP_NonPHN,3.5532709785402488,3.49434043651539,1.9491015268382896,5.418250746770954
Vac_71,71,RZV_2d,C_GP_PHN,1.5041251937650562,1.481023467421025,0.8051874065953194,2.348083710442142
Vac_71,71,RZV_2d,C_GP,5.057396172305305,4.980016354737148,2.76112003989294,7.750859295184869
Vac_71,71,RZV_2d,C_Med,13.334462914758253,13.037342171403775,7.067617298154389,21.02053206762283
Vac_71,71,RZV_2d,C_VacZVL,0,0,0,0
Vac_71,71,RZV_2d,C_VacRZV,170,170,170,170
Vac_71,71,RZV_2d,C_Vac,170,170,170,170
Vac_71,71,RZV_2d,C_All,183.33446291475826,183.03734217140376,177.06761729815437,191.02053206762284
Vac_71,71,RZV_2d,C_Hosp_d,4.867301300348432,4.756559066158328,2.5199193308158527,7.804613507532865
Vac_71,71,RZV_2d,C_GP_NonPHN_d,2.3991935754146123,2.3510352103884538,1.3212025469769415,3.627672761858583
Vac_71,71,RZV_2d,C_GP_PHN_d,1.0035668754430718,0.986827521690565,0.550364170084126,1.5575896500545823
Vac_71,71,RZV_2d,C_GP_d,3.402760450857684,3.3429002972998245,1.8833640540110854,5.18087437226394
Vac_71,71,RZV_2d,C_Med_d,8.270061751206116,8.08702990765206,4.432003841555082,13.025890236086966
Vac_71,71,RZV_2d,C_VacZVL_d,0,0,0,0
Vac_71,71,RZV_2d,C_VacRZV_d,170,170,170,170
Vac_71,71,RZV_2d,C_Vac_d,170,170,170,170
Vac_71,71,RZV_2d,C_All_d,178.27006175120613,178.08702990765204,174.43200384155506,183.02589023608695
Vac_71,71,RZV_2d,N_VacZVL,0,0,0,0
Vac_71,71,RZV_2d,N_VacRZV,2,2,2,2
Vac_71,71,RZV_2d,N_VacZVL_d,0,0,0,0
Vac_71,71,RZV_2d,N_VacRZV_d,2,2,2,2
Vac_71,71,SOC,N0,1,1,1,1
Vac_71,71,SOC,Year0,2024,2024,2024,2024
Vac_71,71,SOC,Year_Life,15.980230746680114,15.980232390289295,15.980123995303963,15.980336193006018
Vac_71,71,SOC,Year_Immunised,0,0,0,0
Vac_71,71,SOC,Risk_HZ,0.14371409021336723,0.1437237174493064,0.14024343306977652,0.14723100088563676
Vac_71,71,SOC,Risk_Hosp,0.006537134780274858,0.006500089099810594,0.005665765790378816,0.00755170632553885
Vac_71,71,SOC,Risk_PHN,0.011872757699449002,0.011836383451295082,0.011039378236697336,0.012813186315488606
Vac_71,71,SOC,Risk_Death,1.3625157378420545e-4,1.3602545971629537e-4,1.1828582651260956e-4,1.5542799957051032e-4
Vac_71,71,SOC,Q_Life,12.08042313922808,12.0804239901692,12.080350067403913,12.080495214197105
Vac_71,71,SOC,Q_HZ,-0.020278126443900812,-0.02017284107684854,-0.023023390050929488,-0.018064491051689884
Vac_71,71,SOC,Q_HZ_Norm,-0.006539382479332295,-0.006521056741058627,-0.007388192659153697,-0.005767013962600362
Vac_71,71,SOC,Q_All,12.040181948032888,12.040280155877266,12.037448588263205,12.042407041916112
Vac_71,71,SOC,Q_HZ_d,-0.0148068009871298,-0.01473274353211531,-0.01674662147353196,-0.013265894854649053
Vac_71,71,SOC,Q_HZ_Norm_d,-0.0048772127413803,-0.004864344831506105,-0.005478599309051765,-0.0043156689781126455
Vac_71,71,SOC,Q_Life_d,9.062338957465595,9.062338767463016,9.062301413748049,9.06237622287588
Vac_71,71,SOC,Q_All_d,9.047532156478466,9.047607157629686,9.045603884139497,9.049081895070909
Vac_71,71,SOC,C_Hosp,28.07731426039559,27.94555194356733,24.133671812737518,32.7628592052091
Vac_71,71,SOC,C_GP_NonPHN,16.040793034906134,16.038653553031633,15.578768231233884,16.510408918983835
Vac_71,71,SOC,C_GP_PHN,6.488525694449863,6.479877236896178,5.886504684304587,7.151576377952183
Vac_71,71,SOC,C_GP,22.529318729355996,22.52468379116557,21.745167848727355,23.298043459156773
Vac_71,71,SOC,C_Med,50.60663298975159,50.494043625083734,46.502996797697364,55.20055302238781
Vac_71,71,SOC,C_VacZVL,0,0,0,0
Vac_71,71,SOC,C_VacRZV,0,0,0,0
Vac_71,71,SOC,C_Vac,0,0,0,0
Vac_71,71,SOC,C_All,50.60663298975159,50.494043625083734,46.502996797697364,55.20055302238781
Vac_71,71,SOC,C_Hosp_d,17.85334584644648,17.757273601831344,15.377281735488266,20.910314974471614
Vac_71,71,SOC,C_GP_NonPHN_d,11.981917278025275,11.98074091165292,11.618532550446723,12.362289462099955
Vac_71,71,SOC,C_GP_PHN_d,4.741274563151628,4.734443781213829,4.304972210906688,5.238325903022616
Vac_71,71,SOC,C_GP_d,16.723191841176902,16.72317459204576,16.12489568032461,17.319204644821742
Vac_71,71,SOC,C_Med_d,34.57653768762338,34.483538147725085,32.00439068963344,37.62549208002224
Vac_71,71,SOC,C_VacZVL_d,0,0,0,0
Vac_71,71,SOC,C_VacRZV_d,0,0,0,0
Vac_71,71,SOC,C_Vac_d,0,0,0,0
Vac_71,71,SOC,C_All_d,34.57653768762338,34.483538147725085,32.00439068963344,37.62549208002224
Vac_71,71,SOC,N_VacZVL,0,0,0,0
Vac_71,71,SOC,N_VacRZV,0,0,0,0
Vac_71,71,SOC,N_VacZVL_d,0,0,0,0
Vac_71,71,SOC,N_VacRZV_d,0,0,0,0
Vac_72,72,RZV_1d,N0,1,1,1,1
Vac_72,72,RZV_1d,Year0,2024,2024,2024,2024
Vac_72,72,RZV_1d,Year_Life,15.230191818678755,15.230195767461026,15.230070500362144,15.230295100805504
Vac_72,72,RZV_1d,Year_Immunised,11.586518689568003,11.636162079989935,9.842892355785569,13.108595612586948
Vac_72,72,RZV_1d,Risk_HZ,0.03355084370656237,0.03311139410747919,0.01955657443250818,0.04936032103623192
Vac_72,72,RZV_1d,Risk_Hosp,0.0019529826736233498,0.001918522499193114,0.0011190913577477086,0.002972070059985218
Vac_72,72,RZV_1d,Risk_PHN,0.002895447871173108,0.002859861036207008,0.0016731571391393574,0.004281010414714268
Vac_72,72,RZV_1d,Risk_Death,4.497364471913829e-5,4.434447863301711e-5,2.542705553870089e-5,6.772740574230478e-5
Vac_72,72,RZV_1d,Q_Life,11.492212830197472,11.492215598517909,11.492130540388777,11.492282911220432
Vac_72,72,RZV_1d,Q_HZ,-0.004883908576240154,-0.004786093936405698,-0.007342726003893802,-0.0028459823676457315
Vac_72,72,RZV_1d,Q_HZ_Norm,-0.0015027177977958574,-0.0014768491629458566,-0.002256399229436952,-8.694671066504482e-4
Vac_72,72,RZV_1d,Q_All,11.467027483737981,11.467128770130216,11.464507862397397,11.469135585348164
Vac_72,72,RZV_1d,Q_HZ_d,-0.0033232024649854255,-0.0032447468172769707,-0.005016512639688807,-0.0019400141144111285
Vac_72,72,RZV_1d,Q_HZ_Norm_d,-0.0010424827525737832,-0.001021945382769671,-0.0015874339816958276,-6.005386938456052e-4
Vac_72,72,RZV_1d,Q_Life_d,8.718755078519651,8.718756640964909,8.718711315907179,8.718792022461896
Vac_72,72,RZV_1d,Q_All_d,8.715431876054666,8.715507783409876,8.713709239022844,8.71685469801336
Vac_72,72,RZV_1d,C_Hosp,8.605321021015651,8.415514652928149,4.87188185315658,13.206394402393284
Vac_72,72,RZV_1d,C_GP_NonPHN,3.673528983147494,3.626591118815967,2.1268304126756186,5.431316275588914
Vac_72,72,RZV_1d,C_GP_PHN,1.5609593111651316,1.5363034665425328,0.8961142145431044,2.332328037566122
Vac_72,72,RZV_1d,C_GP,5.234488294312626,5.166676016405116,3.0425931379408886,7.740232529457133
Vac_72,72,RZV_1d,C_Med,13.839809315328276,13.513101697965887,7.928533755086427,21.007516366845657
Vac_72,72,RZV_1d,C_VacZVL,0,0,0,0
Vac_72,72,RZV_1d,C_VacRZV,85,85,85,85
Vac_72,72,RZV_1d,C_Vac,85,85,85,85
Vac_72,72,RZV_1d,C_All,98.83980931532828,98.51310169796588,92.92853375508642,106.00751636684565
Vac_72,72,RZV_1d,C_Hosp_d,5.236583226453774,5.115146668041036,2.9816185522865477,8.102573639492196
Vac_72,72,RZV_1d,C_GP_NonPHN_d,2.554767278832764,2.5310194151692817,1.4776128334268772,3.828615662003083
Vac_72,72,RZV_1d,C_GP_PHN_d,1.0747751646590977,1.0607562005056446,0.6180155966892599,1.6146860587290908
Vac_72,72,RZV_1d,C_GP_d,3.6295424434918617,3.5834104467079735,2.106742046149836,5.4440973438198155
Vac_72,72,RZV_1d,C_Med_d,8.866125669945635,8.697310288227136,5.1273913181412345,13.328977409635668
Vac_72,72,RZV_1d,C_VacZVL_d,0,0,0,0
Vac_72,72,RZV_1d,C_VacRZV_d,85,85,85,85
Vac_72,72,RZV_1d,C_Vac_d,85,85,85,85
Vac_72,72,RZV_1d,C_All_d,93.86612566994563,93.69731028822713,90.12739131814125,98.32897740963567
Vac_72,72,RZV_1d,N_VacZVL,0,0,0,0
Vac_72,72,RZV_1d,N_VacRZV,1,1,1,1
Vac_72,72,RZV_1d,N_VacZVL_d,0,0,0,0
Vac_72,72,RZV_1d,N_VacRZV_d,1,1,1,1
Vac_72,72,RZV_2d,N0,1,1,1,1
Vac_72,72,RZV_2d,Year0,2024,2024,2024,2024
Vac_72,72,RZV_2d,Year_Life,15.23021138436512,15.230217081031862,15.23008045502419,15.230319917067286
Vac_72,72,RZV_2d,Year_Immunised,11.95521473645735,12.010074432460247,10.256457452878411,13.398671775158622
Vac_72,72,RZV_2d,Risk_HZ,0.03022062905235233,0.029676168038432836,0.016586650948738787,0.04612027946958796
Vac_72,72,RZV_2d,Risk_Hosp,0.001805185611040307,0.0017659924330165305,9.270287200517927e-4,0.0029039657867162066
Vac_72,72,RZV_2d,Risk_PHN,0.0026187854724533497,0.0025740778905250423,0.0014066565421878801,0.004075984161496043
Vac_72,72,RZV_2d,Risk_Death,4.1971154392589705e-5,4.114509323311553e-5,2.13399244320551e-5,6.632745820915792e-5
Vac_72,72,RZV_2d,Q_Life,11.492226307002362,11.49223019180032,11.492137673208243,11.492299762029115
Vac_72,72,RZV_2d,Q_HZ,-0.0044145656136336305,-0.004279928269542815,-0.006842307815800857,-0.0023748540788465695
Vac_72,72,RZV_2d,Q_HZ_Norm,-0.0013512886371101903,-0.001318929686913307,-0.002107051370805112,-7.414330585298444e-4
Vac_72,72,RZV_2d,Q_All,11.467510102913007,11.467648632929215,11.46501322689685,11.46961130075931
Vac_72,72,RZV_2d,Q_HZ_d,-0.002967409761461341,-0.002887735801976663,-0.00458895657674231,-0.0016331032755502418
Vac_72,72,RZV_2d,Q_HZ_Norm_d,-9.255475046738969e-4,-9.03311314425537e-4,-0.0014316988654384053,-5.13418185966295e-4
Vac_72,72,RZV_2d,Q_Life_d,8.718762708345393,8.718764779663143,8.718716163011063,8.718800900885864
Vac_72,72,RZV_2d,Q_All_d,8.71579529858393,8.715878216694124,8.714127154088828,8.717161498774903
Vac_72,72,RZV_2d,C_Hosp,7.973781433233693,7.814744838084412,4.067637870224386,12.827091820938051
Vac_72,72,RZV_2d,C_GP_NonPHN,3.301418186363308,3.2367857066839187,1.8231769150004036,5.025666800998419
Vac_72,72,RZV_2d,C_GP_PHN,1.4094296637491581,1.3838214383940364,0.7589747468955529,2.198063165228055
Vac_72,72,RZV_2d,C_GP,4.710847850112466,4.637837140949312,2.590395355388452,7.21415119198921
Vac_72,72,RZV_2d,C_Med,12.68462928334616,12.421695167993326,6.780099052909107,20.01609987043639
Vac_72,72,RZV_2d,C_VacZVL,0,0,0,0
Vac_72,72,RZV_2d,C_VacRZV,170,170,170,170
Vac_72,72,RZV_2d,C_Vac,170,170,170,170
Vac_72,72,RZV_2d,C_All,182.68462928334617,182.42169516799333,176.7800990529091,190.0160998704364
Vac_72,72,RZV_2d,C_Hosp_d,4.8143145131064555,4.7014789155014665,2.5210329755006167,7.717887063692842
Vac_72,72,RZV_2d,C_GP_NonPHN_d,2.267039793814525,2.2246503927083863,1.2456484237980086,3.4213049576674037
Vac_72,72,RZV_2d,C_GP_PHN_d,0.9597003155870806,0.9430322252303359,0.5239487616530556,1.4874351165687558
Vac_72,72,RZV_2d,C_GP_d,3.226740109401605,3.1681661466430637,1.7829716429421831,4.895232914240436
Vac_72,72,RZV_2d,C_Med_d,8.04105462250806,7.8601725244714995,4.341791502554577,12.648350464810102
Vac_72,72,RZV_2d,C_VacZVL_d,0,0,0,0
Vac_72,72,RZV_2d,C_VacRZV_d,170,170,170,170
Vac_72,72,RZV_2d,C_Vac_d,170,170,170,170
Vac_72,72,RZV_2d,C_All_d,178.04105462250806,177.8601725244715,174.34179150255457,182.6483504648101
Vac_72,72,RZV_2d,N_VacZVL,0,0,0,0
Vac_72,72,RZV_2d,N_VacRZV,2,2,2,2
Vac_72,72,RZV_2d,N_VacZVL_d,0,0,0,0
Vac_72,72,RZV_2d,N_VacRZV_d,2,2,2,2
Vac_72,72,SOC,N0,1,1,1,1
Vac_72,72,SOC,Year0,2024,2024,2024,2024
Vac_72,72,SOC,Year_Life,15.229583806935132,15.229585898452246,15.229476153541386,15.229689493357917
Vac_72,72,SOC,Year_Immunised,0,0,0,0
Vac_72,72,SOC,Risk_HZ,0.13813815367417792,0.13816830751512338,0.13472155681482484,0.1414675528252504
Vac_72,72,SOC,Risk_Hosp,0.006528799948188176,0.006495913746454711,0.005641868239941886,0.007543944529008989
Vac_72,72,SOC,Risk_PHN,0.01158283738766865,0.011556398286211467,0.010765418967202605,0.012519210182929084
Vac_72,72,SOC,Risk_Death,1.3742529758991763e-4,1.3728268180324905e-4,1.1911303687751897e-4,1.5692731470400465e-4
Vac_72,72,SOC,Q_Life,11.491793711504078,11.491795386968155,11.491720647711883,11.491865923434757
Vac_72,72,SOC,Q_HZ,-0.019599979765809565,-0.019503782773323684,-0.022314356357572885,-0.01742124432607802
Vac_72,72,SOC,Q_HZ_Norm,-0.006263954405241473,-0.0062467246603057965,-0.007082343622881001,-0.005517166958016107
Vac_72,72,SOC,Q_All,11.451898372286568,11.451994097575621,11.449219656397524,11.454091879802029
Vac_72,72,SOC,Q_HZ_d,-0.014528896846603804,-0.014465602010996073,-0.016469149306980735,-0.012987628292313534
Vac_72,72,SOC,Q_HZ_Norm_d,-0.004734211159045398,-0.004721551063135577,-0.005323710128057927,-0.004178354886253784
Vac_72,72,SOC,Q_Life_d,8.718517074434333,8.718517695300381,8.718479249196543,8.718555518138071
Vac_72,72,SOC,Q_All_d,8.70398817758773,8.704053239621059,8.702062685761977,8.705546789014956
Vac_72,72,SOC,C_Hosp,28.123658281558853,27.98624160461957,24.030140274779555,32.876377831205744
Vac_72,72,SOC,C_GP_NonPHN,15.367183314970958,15.365699512840752,14.91936684528197,15.830746355423807
Vac_72,72,SOC,C_GP_PHN,6.320599450565562,6.308380420934492,5.722303799871827,6.972103745436181
Vac_72,72,SOC,C_GP,21.68778276553652,21.685923436162252,20.93129024397276,22.457067556529722
Vac_72,72,SOC,C_Med,49.81144104709537,49.70438885725824,45.65836818668171,54.4478060543599
Vac_72,72,SOC,C_VacZVL,0,0,0,0
Vac_72,72,SOC,C_VacRZV,0,0,0,0
Vac_72,72,SOC,C_Vac,0,0,0,0
Vac_72,72,SOC,C_All,49.81144104709537,49.70438885725824,45.65836818668171,54.4478060543599
Vac_72,72,SOC,C_Hosp_d,18.350039803143552,18.252509796403793,15.74283662481816,21.535106037547436
Vac_72,72,SOC,C_GP_NonPHN_d,11.634171739299777,11.634546056545279,11.273239329452666,12.00210478320461
Vac_72,72,SOC,C_GP_PHN_d,4.703313751565259,4.6991492354221425,4.259881453429583,5.198156052518361
Vac_72,72,SOC,C_GP_d,16.33748549086504,16.33483408504516,15.742842301736662,16.944437245882625
Vac_72,72,SOC,C_Med_d,34.68752529400859,34.61117993817628,32.0647953571784,37.83766092393253
Vac_72,72,SOC,C_VacZVL_d,0,0,0,0
Vac_72,72,SOC,C_VacRZV_d,0,0,0,0
Vac_72,72,SOC,C_Vac_d,0,0,0,0
Vac_72,72,SOC,C_All_d,34.68752529400859,34.61117993817628,32.0647953571784,37.83766092393253
Vac_72,72,SOC,N_VacZVL,0,0,0,0
Vac_72,72,SOC,N_VacRZV,0,0,0,0
Vac_72,72,SOC,N_VacZVL_d,0,0,0,0
Vac_72,72,SOC,N_VacRZV_d,0,0,0,0
Vac_73,73,RZV_1d,N0,1,1,1,1
Vac_73,73,RZV_1d,Year0,2024,2024,2024,2024
Vac_73,73,RZV_1d,Year_Life,14.492869344321468,14.492873694237769,14.492752389191887,14.492968051422537
Vac_73,73,RZV_1d,Year_Immunised,11.107887788795836,11.157186673059677,9.471019682696607,12.532585496162193
Vac_73,73,RZV_1d,Risk_HZ,0.03130033949914628,0.030843583161965907,0.01821429635675679,0.046318222969193835
Vac_73,73,RZV_1d,Risk_Hosp,0.0018807154730083994,0.0018442025422287151,0.0010716468689458112,0.0028640887746976414
Vac_73,73,RZV_1d,Risk_PHN,0.002721070911593588,0.002685926933838867,0.001564109241584452,0.004022200477483134
Vac_73,73,RZV_1d,Risk_Death,4.3726342895050876e-5,4.310960576643978e-5,2.4979885820408374e-5,6.586082480351799e-5
Vac_73,73,RZV_1d,Q_Life,10.915990492361901,10.915993478191812,10.91591181681456,10.916057455032032
Vac_73,73,RZV_1d,Q_HZ,-0.004577426331970969,-0.004474575631592217,-0.00690072176901355,-0.0026722784400487
Vac_73,73,RZV_1d,Q_HZ_Norm,-0.0013983909095215247,-0.0013719477275479204,-0.0021097218192625473,-8.041008627022784e-4
Vac_73,73,RZV_1d,Q_All,10.890736770955302,10.890841249520783,10.888337405425178,10.892697070352547
Vac_73,73,RZV_1d,Q_HZ_d,-0.0031709352431773087,-0.003096693384795548,-0.00481673245688074,-0.0018550886538590047
Vac_73,73,RZV_1d,Q_HZ_Norm_d,-9.861322293158341e-4,-9.665852354730649e-4,-0.0015068592970936383,-5.64951963600152e-4
Vac_73,73,RZV_1d,Q_Life_d,8.3747791039431565,8.374780753585522,8.37473532112934,8.37481545477036
Vac_73,73,RZV_1d,Q_All_d,8.37160816869998,8.371681836738318,8.369939413542957,8.372960201088521
Vac_73,73,RZV_1d,C_Hosp,8.308406890831296,8.111935835991945,4.694940754871384,12.805477603633053
Vac_73,73,RZV_1d,C_GP_NonPHN,3.4170841998781545,3.375909293964518,1.9748248712708099,5.059762967681904
Vac_73,73,RZV_1d,C_GP_PHN,1.4642822901334052,1.441829696446728,0.8473860017927517,2.1896572500458853
Vac_73,73,RZV_1d,C_GP,4.881366490011559,4.817327479199866,2.8117485063385077,7.228585381452482
Vac_73,73,RZV_1d,C_Med,13.189773380842857,12.89942169883856,7.574857520828417,20.016875873866958
Vac_73,73,RZV_1d,C_VacZVL,0,0,0,0
Vac_73,73,RZV_1d,C_VacRZV,85,85,85,85
Vac_73,73,RZV_1d,C_Vac,85,85,85,85
Vac_73,73,RZV_1d,C_All,98.18977338084285,97.89942169883855,92.5748575208284,105.01687587386695
Vac_73,73,RZV_1d,C_Hosp_d,5.189952824225586,5.075135575521715,2.9516843578597496,8.021677668831492
Vac_73,73,RZV_1d,C_GP_NonPHN_d,2.415889014181208,2.39259273862499,1.3911951537657077,3.6526936160166215
Vac_73,73,RZV_1d,C_GP_PHN_d,1.028355682297941,1.011699023883907,0.6003891754500554,1.5575911091005645
Vac_73,73,RZV_1d,C_GP_d,3.4442446964791493,3.3932514219443783,1.9878900010503087,5.211464560463247
Vac_73,73,RZV_1d,C_Med_d,8.634197520704735,8.447193492854726,4.97554264798441,13.048588374982893
Vac_73,73,RZV_1d,C_VacZVL_d,0,0,0,0
Vac_73,73,RZV_1d,C_VacRZV_d,85,85,85,85
Vac_73,73,RZV_1d,C_Vac_d,85,85,85,85
Vac_73,73,RZV_1d,C_All_d,93.63419752070473,93.44719349285472,89.9755426479844,98.04858837498288
Vac_73,73,RZV_1d,N_VacZVL,0,0,0,0
Vac_73,73,RZV_1d,N_VacRZV,1,1,1,1
Vac_73,73,RZV_1d,N_VacZVL_d,0,0,0,0
Vac_73,73,RZV_1d,N_VacRZV_d,1,1,1,1
Vac_73,73,RZV_2d,N0,1,1,1,1
Vac_73,73,RZV_2d,Year0,2024,2024,2024,2024
Vac_73,73,RZV_2d,Year_Life,14.49288907914157,14.492894740826117,14.492764320591522,14.492992128885184
Vac_73,73,RZV_2d,Year_Immunised,11.460935763217735,11.514176229931081,9.899911086125181,12.788323702860577
Vac_73,73,RZV_2d,Risk_HZ,0.028082460108399734,0.02751119084511775,0.015395316265663928,0.04273864118734303
Vac_73,73,RZV_2d,Risk_Hosp,0.0017313397558594691,0.0016908308059115675,9.024051538918907e-4,0.0027821976393266924
Vac_73,73,RZV_2d,Risk_PHN,0.002449557410286599,0.002406935782796989,0.0013293210639545624,0.0038036948126694446
Vac_73,73,RZV_2d,Risk_Death,4.065258940448337e-5,3.9778703834088665e-5,2.085142264790969e-5,6.41866457283556e-5
Vac_73,73,RZV_2d,Q_Life,10.916004065208542,10.916007925577007,10.91591985257154,10.91607369983356
Vac_73,73,RZV_2d,Q_HZ,-0.004121086171918012,-0.004000283856282023,-0.006406450799385188,-0.0022365252384061837
Vac_73,73,RZV_2d,Q_HZ_Norm,-0.0012526271522776897,-0.001221800171073387,-0.0019528267541002776,-6.940689836871993e-4
Vac_73,73,RZV_2d,Q_All,10.891206476947017,10.891333529739342,10.888862657999749,10.89315286348349
Vac_73,73,RZV_2d,Q_HZ_d,-0.0028204174954707933,-0.0027381440364517683,-0.004368367896752419,-0.0015498053769777032
Vac_73,73,RZV_2d,Q_HZ_Norm_d,-8.722663699169543e-4,-8.503900198498302e-4,-0.0013492233195634433,-4.8598146148139435e-4
Vac_73,73,RZV_2d,Q_Life_d,8.374786989342969,8.37478891166431,8.374741525945078,8.374824109189417
Vac_73,73,RZV_2d,Q_All_d,8.371966571847498,8.37204975992228,8.370372373835918,8.373273994686828
Vac_73,73,RZV_2d,C_Hosp,7.667761995883493,7.511961832870257,3.945226091607322,12.374233237222537
Vac_73,73,RZV_2d,C_GP_NonPHN,3.0588419288510043,2.996953540978364,1.6881549113649024,4.646302498507359
Vac_73,73,RZV_2d,C_GP_PHN,1.3158394725894076,1.2923324135596066,0.7083987598592306,2.051964763901049
Vac_73,73,RZV_2d,C_GP,4.374681401440411,4.299553339544113,2.404485595956145,6.683548906200205
Vac_73,73,RZV_2d,C_Med,12.042443397323904,11.772927196505918,6.473275713480651,19.01596378340029
Vac_73,73,RZV_2d,C_VacZVL,0,0,0,0
Vac_73,73,RZV_2d,C_VacRZV,170,170,170,170
Vac_73,73,RZV_2d,C_Vac,170,170,170,170
Vac_73,73,RZV_2d,C_All,182.0424433973239,181.77292719650592,176.47327571348063,189.01596378340028
Vac_73,73,RZV_2d,C_Hosp_d,4.751302845733052,4.629514799256565,2.5139665574664343,7.616396065844751
Vac_73,73,RZV_2d,C_GP_NonPHN_d,2.1356204512212855,2.0930245074705534,1.1731120633809775,3.216802821996203
Vac_73,73,RZV_2d,C_GP_PHN_d,0.9138195361407234,0.8980948433645454,0.49749631131508204,1.4094234373738594
Vac_73,73,RZV_2d,C_GP_d,3.049439987362009,2.9903102434287043,1.6768213952315278,4.606700866308257
Vac_73,73,RZV_2d,C_Med_d,7.800742833095061,7.611981061481562,4.231466778280794,12.24914221691641
Vac_73,73,RZV_2d,C_VacZVL_d,0,0,0,0
Vac_73,73,RZV_2d,C_VacRZV_d,170,170,170,170
Vac_73,73,RZV_2d,C_Vac_d,170,170,170,170
Vac_73,73,RZV_2d,C_All_d,177.80074283309506,177.61198106148157,174.23146677828078,182.24914221691643
Vac_73,73,RZV_2d,N_VacZVL,0,0,0,0
Vac_73,73,RZV_2d,N_VacRZV,2,2,2,2
Vac_73,73,RZV_2d,N_VacZVL_d,0,0,0,0
Vac_73,73,RZV_2d,N_VacRZV_d,2,2,2,2
Vac_73,73,SOC,N0,1,1,1,1
Vac_73,73,SOC,Year0,2024,2024,2024,2024
Vac_73,73,SOC,Year_Life,14.492254549721041,14.492256517818184,14.492143403506537,14.492360420950153
Vac_73,73,SOC,Year_Immunised,0,0,0,0
Vac_73,73,SOC,Risk_HZ,0.13250141589248535,0.13249150225717918,0.12931802452279262,0.13576122049004566
Vac_73,73,SOC,Risk_Hosp,0.00651691015099265,0.006479926078530245,0.005629146340119016,0.007527010335389701
Vac_73,73,SOC,Risk_PHN,0.011262796376278122,0.011225407679148772,0.010416340106268039,0.012225735476169033
Vac_73,73,SOC,Risk_Death,1.3865370137501707e-4,1.3858306691164345e-4,1.1996369262133139e-4,1.584301928087247e-4
Vac_73,73,SOC,Q_Life,10.915567352000606,10.915568802987623,10.915493028292856,10.915639613226046
Vac_73,73,SOC,Q_HZ,-0.018906978728292285,-0.01881950540594915,-0.021541345846587304,-0.01676566439698237
Vac_73,73,SOC,Q_HZ_Norm,-0.005987803824674432,-0.005970268612310769,-0.006790643920303673,-0.0052642021315656845
Vac_73,73,SOC,Q_All,10.875990372002914,10.876081479751246,10.87335921175051,10.878152476764267
Vac_73,73,SOC,Q_HZ_d,-0.014223266262566255,-0.014162327254178712,-0.016140613654688815,-0.012667923904112886
Vac_73,73,SOC,Q_HZ_Norm_d,-0.0045848660916242255,-0.004573852029137168,-0.005172416912358417,-0.004043237695139277
Vac_73,73,SOC,Q_Life_d,8.374532579460904,8.374533340795217,8.374492360818804,8.374572871491521
Vac_73,73,SOC,Q_All_d,8.360309313198337,8.360366926561294,8.358406791002148,8.36186882579404
Vac_73,73,SOC,C_Hosp,28.159909440085418,28.057250568435677,24.00918542100815,33.04232326434953
Vac_73,73,SOC,C_GP_NonPHN,14.6900297709518,14.685119590535077,14.251016193647576,15.132756059965525
Vac_73,73,SOC,C_GP_PHN,6.135613098665482,6.125190942837939,5.550072721317351,6.784556034600918
Vac_73,73,SOC,C_GP,20.825642869617283,20.828725400202444,20.09962489358417,21.596359316324133
Vac_73,73,SOC,C_Med,48.9855523097027,48.85476507947006,44.807581093014456,53.64368331881996
Vac_73,73,SOC,C_VacZVL,0,0,0,0
Vac_73,73,SOC,C_VacRZV,0,0,0,0
Vac_73,73,SOC,C_Vac,0,0,0,0
Vac_73,73,SOC,C_All,48.9855523097027,48.85476507947006,44.807581093014456,53.64368331881996
Vac_73,73,SOC,C_Hosp_d,18.843080657562258,18.751253659804213,16.120998182766698,22.192152832830782
Vac_73,73,SOC,C_GP_NonPHN_d,11.269192541622687,11.263902686762844,10.923640159245432,11.624048740287439
Vac_73,73,SOC,C_GP_PHN_d,4.645569704359157,4.637666126923559,4.192682781843685,5.145455152579902
Vac_73,73,SOC,C_GP_d,15.914762245981843,15.910371144987167,15.338999791821754,16.522912129751074
Vac_73,73,SOC,C_Med_d,34.7578429035441,34.670502201428874,32.02175347710559,38.03462609466268
Vac_73,73,SOC,C_VacZVL_d,0,0,0,0
Vac_73,73,SOC,C_VacRZV_d,0,0,0,0
Vac_73,73,SOC,C_Vac_d,0,0,0,0
Vac_73,73,SOC,C_All_d,34.7578429035441,34.670502201428874,32.02175347710559,38.03462609466268
Vac_73,73,SOC,N_VacZVL,0,0,0,0
Vac_73,73,SOC,N_VacRZV,0,0,0,0
Vac_73,73,SOC,N_VacZVL_d,0,0,0,0
Vac_73,73,SOC,N_VacRZV_d,0,0,0,0
Vac_74,74,RZV_1d,N0,1,1,1,1
Vac_74,74,RZV_1d,Year0,2024,2024,2024,2024
Vac_74,74,RZV_1d,Year_Life,13.770256574957545,13.770260790131584,13.770143851388537,13.770350891177134
Vac_74,74,RZV_1d,Year_Immunised,10.632078519176302,10.67320756477668,9.074067607345004,11.960822124267853
Vac_74,74,RZV_1d,Risk_HZ,0.029124267742800528,0.028706011764391935,0.016803580887743096,0.0432147806988969
Vac_74,74,RZV_1d,Risk_Hosp,0.0018079712545698253,0.0017702236314045498,0.0010393938731738661,0.0027607291053438534
Vac_74,74,RZV_1d,Risk_PHN,0.0025489658301423375,0.002513306328802334,0.0014640822123402498,0.0037991183010368016
Vac_74,74,RZV_1d,Risk_Death,4.246608185787096e-5,4.183952766623385e-5,2.444815674668133e-5,6.40878408929673e-5
Vac_74,74,RZV_1d,Q_Life,10.353199591544442,10.353202600426263,10.353122155994782,10.353263508062021
Vac_74,74,RZV_1d,Q_HZ,-0.004279330328309327,-0.004178218943774764,-0.006467259885997366,-0.0024955636787737778
Vac_74,74,RZV_1d,Q_HZ_Norm,-0.001297948610474384,-0.001273610802889668,-0.001966889597515966,-7.476967095319976e-4
Vac_74,74,RZV_1d,Q_All,10.327818788534515,10.327915330458909,10.325556079196717,10.329664828817226
Vac_74,74,RZV_1d,Q_HZ_d,-0.003016984852909982,-0.0029466027863297075,-0.0046405882212834804,-0.0017481416126467486
Vac_74,74,RZV_1d,Q_HZ_Norm_d,-9.301703945731094e-4,-9.103594417428413e-4,-0.0014270342008710617,-5.27826875972881e-4
Vac_74,74,RZV_1d,Q_Life_d,8.031609020902955,8.031610701708068,8.031565023424509,8.031645213781232
Vac_74,74,RZV_1d,Q_All_d,8.028592036050044,8.028666490410096,8.026937080784759,8.029889862247545
Vac_74,74,RZV_1d,C_Hosp,8.008808518438093,7.814781475169216,4.553380639543914,12.442912075812732
Vac_74,74,RZV_1d,C_GP_NonPHN,3.1698835664933056,3.1372512252903304,1.8249695936353785,4.736392155493915
Vac_74,74,RZV_1d,C_GP_PHN,1.3689519641702947,1.347496299959598,0.7866742057369451,2.0620055734762537
Vac_74,74,RZV_1d,C_GP,4.5388355306636,4.467349726373833,2.623561356705875,6.767731533053663
Vac_74,74,RZV_1d,C_Med,12.547644049101693,12.259813531511087,7.2219682219895125,19.015388863661872
Vac_74,74,RZV_1d,C_VacZVL,0,0,0,0
Vac_74,74,RZV_1d,C_VacRZV,85,85,85,85
Vac_74,74,RZV_1d,C_Vac,85,85,85,85
Vac_74,74,RZV_1d,C_All,97.54764404910169,97.25981353151109,92.2219682219895,104.01538886366185
Vac_74,74,RZV_1d,C_Hosp_d,5.133003999901594,5.024493848251796,2.9057291880171965,7.9844037553836165
Vac_74,74,RZV_1d,C_GP_NonPHN_d,2.27763690217993,2.24944800949841,1.317269156080529,3.4675216424205875
Vac_74,74,RZV_1d,C_GP_PHN_d,0.9800920378881994,0.9634478318377973,0.5711209837788707,1.4828089980920747
Vac_74,74,RZV_1d,C_GP_d,3.2577289400681293,3.2112145561965395,1.891082271677213,4.963173986233251
Vac_74,74,RZV_1d,C_Med_d,8.390732939969723,8.198136820073305,4.847613271565123,12.718164497149177
Vac_74,74,RZV_1d,C_VacZVL_d,0,0,0,0
Vac_74,74,RZV_1d,C_VacRZV_d,85,85,85,85
Vac_74,74,RZV_1d,C_Vac_d,85,85,85,85
Vac_74,74,RZV_1d,C_All_d,93.39073293996972,93.1981368200733,89.84761327156512,97.71816449714916
Vac_74,74,RZV_1d,N_VacZVL,0,0,0,0
Vac_74,74,RZV_1d,N_VacRZV,1,1,1,1
Vac_74,74,RZV_1d,N_VacZVL_d,0,0,0,0
Vac_74,74,RZV_1d,N_VacRZV_d,1,1,1,1
Vac_74,74,RZV_2d,N0,1,1,1,1
Vac_74,74,RZV_2d,Year0,2024,2024,2024,2024
Vac_74,74,RZV_2d,Year_Life,13.770276454150396,13.770281836722228,13.77015810113797,13.77037382026065
Vac_74,74,RZV_2d,Year_Immunised,10.969607889928673,11.027722733387876,9.539057312905497,12.199908500878113
Vac_74,74,RZV_2d,Risk_HZ,0.026022406700296447,0.025469180290174347,0.014324110468312515,0.03956799472999389
Vac_74,74,RZV_2d,Risk_Hosp,0.0016571681491438308,0.0016158290036280922,8.713703722714461e-4,0.0026620348278229493
Vac_74,74,RZV_2d,Risk_PHN,0.002283290496917735,0.0022453153276037014,0.0012462005135663835,0.0035570507307804257
Vac_74,74,RZV_2d,Risk_Death,3.93190767750408e-5,3.835537793300192e-5,2.016791356971623e-5,6.204017856805384e-5
Vac_74,74,RZV_2d,Q_Life,10.353213241363227,10.353216844152286,10.35313317354764,10.353278868955364
Vac_74,74,RZV_2d,Q_HZ,-0.0038366494990666566,-0.0037307826749050314,-0.005977589187471916,-0.002089174903758417
Vac_74,74,RZV_2d,Q_HZ_Norm,-0.001157962952321712,-0.0011306246333360641,-0.0018082040792395714,-6.445920569144894e-4
Vac_74,74,RZV_2d,Q_All,10.328274905229437,10.328386735937942,10.326076289322366,10.330079160642113
Vac_74,74,RZV_2d,Q_HZ_d,-0.0026725537154173775,-0.0025989589734826354,-0.0041517496332328235,-0.001479457218251022
Vac_74,74,RZV_2d,Q_HZ_Norm_d,-8.195719560403332e-4,-7.984778951933206e-4,-0.001267570847498568,-4.617699334637027e-4
Vac_74,74,RZV_2d,Q_Life_d,8.031617154860228,8.031619030613395,8.031572764100908,8.031653148429033
Vac_74,74,RZV_2d,Q_All_d,8.028944601144811,8.029022183280802,8.02742209009626,8.030175865772968
Vac_74,74,RZV_2d,C_Hosp,7.359513289254304,7.179608361570849,3.84529467367241,11.905499479346519
Vac_74,74,RZV_2d,C_GP_NonPHN,2.8258755587983124,2.767734798384342,1.556045493269896,4.295682695057306
Vac_74,74,RZV_2d,C_GP_PHN,1.2239888142766964,1.2015120335400455,0.664534761106793,1.9027417629139662
Vac_74,74,RZV_2d,C_GP,4.049864373075009,3.9808090684131394,2.238682640066695,6.16451164865644
Vac_74,74,RZV_2d,C_Med,11.409377662329312,11.16559451575543,6.13475507072785,18.05276881766788
Vac_74,74,RZV_2d,C_VacZVL,0,0,0,0
Vac_74,74,RZV_2d,C_VacRZV,170,170,170,170
Vac_74,74,RZV_2d,C_Vac,170,170,170,170
Vac_74,74,RZV_2d,C_All,181.40937766232932,181.16559451575543,176.13475507072786,188.05276881766787
Vac_74,74,RZV_2d,C_Hosp_d,4.678056325613775,4.554940054562387,2.4792215886459164,7.505534139080594
Vac_74,74,RZV_2d,C_GP_NonPHN_d,2.0054008534963548,1.9671722114078423,1.100889454230344,3.026354997574376
Vac_74,74,RZV_2d,C_GP_PHN_d,0.866500585727157,0.8510756240788208,0.47622407963390845,1.3323105373602078
Vac_74,74,RZV_2d,C_GP_d,2.8719014392235116,2.8190896293044068,1.5966006448989885,4.36316757249272
Vac_74,74,RZV_2d,C_Med_d,7.549957764837287,7.377556123920092,4.122623739396886,11.871214573016324
Vac_74,74,RZV_2d,C_VacZVL_d,0,0,0,0
Vac_74,74,RZV_2d,C_VacRZV_d,170,170,170,170
Vac_74,74,RZV_2d,C_Vac_d,170,170,170,170
Vac_74,74,RZV_2d,C_All_d,177.54995776483727,177.3775561239201,174.12262373939686,181.87121457301632
Vac_74,74,RZV_2d,N_VacZVL,0,0,0,0
Vac_74,74,RZV_2d,N_VacRZV,2,2,2,2
Vac_74,74,RZV_2d,N_VacZVL_d,0,0,0,0
Vac_74,74,RZV_2d,N_VacRZV_d,2,2,2,2
Vac_74,74,SOC,N0,1,1,1,1
Vac_74,74,SOC,Year0,2024,2024,2024,2024
Vac_74,74,SOC,Year_Life,13.76963577933611,13.76963605335205,13.769520948910037,13.769741770603725
Vac_74,74,SOC,Year_Immunised,0,0,0,0
Vac_74,74,SOC,Risk_HZ,0.12680746620633426,0.12680980736733516,0.12352637150212269,0.12997226525490457
Vac_74,74,SOC,Risk_Hosp,0.006500190581422927,0.00647426672916222,0.005601108650753668,0.007528495793362439
Vac_74,74,SOC,Risk_PHN,0.010921743177666815,0.010885884263621706,0.010085309496158903,0.011871526810250234
Vac_74,74,SOC,Risk_Death,1.39939213713994e-4,1.399027478334671e-4,1.2101333255556252e-4,1.5993815936653986e-4
Vac_74,74,SOC,Q_Life,10.352773034672039,10.352773802644634,10.352696186322843,10.352845292040705
Vac_74,74,SOC,Q_HZ,-0.01819965315175222,-0.01810522136133759,-0.0208116846864255,-0.016097990822583348
Vac_74,74,SOC,Q_HZ_Norm,-0.005711218106279915,-0.005692469935686353,-0.006480028145809821,-0.005012183857075036
Vac_74,74,SOC,Q_All,10.313478434935242,10.313572160750525,10.310861570321425,10.315598213831802
Vac_74,74,SOC,Q_HZ_d,-0.013889338094359154,-0.013813327695130391,-0.01581631575014453,-0.012335119408977704
Vac_74,74,SOC,Q_HZ_Norm_d,-0.0044292183334886034,-0.0044169350991991665,-0.005001069949116518,-0.0038910225924023117
Vac_74,74,SOC,Q_Life_d,8.0313541735046865,8.031354779688586,8.031311609461232,8.031396031974012
Vac_74,74,SOC,Q_All_d,8.017464835410328,8.017536835856813,8.01554222284588,8.01902655884138
Vac_74,74,SOC,C_Hosp,28.181002417917632,28.11441107978318,24.003780774835473,33.031608659003915
Vac_74,74,SOC,C_GP_NonPHN,14.0087634926048,14.003891356026639,13.578342762590378,14.439951698313031
Vac_74,74,SOC,C_GP_PHN,5.9386860899225,5.934100408649904,5.355283287408888,6.564337630062054
Vac_74,74,SOC,C_GP,19.947449582527298,19.947462138328184,19.229277809618473,20.702192937259618
Vac_74,74,SOC,C_Med,48.12845200044493,47.981730977341705,43.901647513340805,52.86767155634007
Vac_74,74,SOC,C_VacZVL,0,0,0,0
Vac_74,74,SOC,C_VacRZV,0,0,0,0
Vac_74,74,SOC,C_Vac,0,0,0,0
Vac_74,74,SOC,C_All,48.12845200044493,47.981730977341705,43.901647513340805,52.86767155634007
Vac_74,74,SOC,C_Hosp_d,19.326175278531085,19.236238614959397,16.529139704764017,22.74280321634327
Vac_74,74,SOC,C_GP_NonPHN_d,10.885714757587698,10.882123957573482,10.536816601482501,11.240135645607975
Vac_74,74,SOC,C_GP_PHN_d,4.572639894747577,4.5649868428564835,4.113208255184823,5.072956802558519
Vac_74,74,SOC,C_GP_d,15.458354652335274,15.45985323172143,14.887636098899614,16.052709331868392
Vac_74,74,SOC,C_Med_d,34.78452993086636,34.70496677421074,31.91465230949676,38.12089874202936
Vac_74,74,SOC,C_VacZVL_d,0,0,0,0
Vac_74,74,SOC,C_VacRZV_d,0,0,0,0
Vac_74,74,SOC,C_Vac_d,0,0,0,0
Vac_74,74,SOC,C_All_d,34.78452993086636,34.70496677421074,31.91465230949676,38.12089874202936
Vac_74,74,SOC,N_VacZVL,0,0,0,0
Vac_74,74,SOC,N_VacRZV,0,0,0,0
Vac_74,74,SOC,N_VacZVL_d,0,0,0,0
Vac_74,74,SOC,N_VacRZV_d,0,0,0,0
Vac_75,75,RZV_1d,N0,1,1,1,1
Vac_75,75,RZV_1d,Year0,2024,2024,2024,2024
Vac_75,75,RZV_1d,Year_Life,13.063246928350004,13.06325128143391,13.063135102702056,13.063337838629833
Vac_75,75,RZV_1d,Year_Immunised,10.15998149690844,10.194705610696756,8.68310750080545,11.384675016678464
Vac_75,75,RZV_1d,Risk_HZ,0.027024664808869555,0.026692367618950656,0.015555851619062665,0.04045879964336929
Vac_75,75,RZV_1d,Risk_Hosp,0.0017351472300603235,0.0016982856696064088,9.975483800192676e-4,0.0026599300360301186
Vac_75,75,RZV_1d,Risk_PHN,0.002378970345157819,0.002343196096756187,0.0013662467369252842,0.0035793215694589395
Vac_75,75,RZV_1d,Risk_Death,4.119332793479515e-5,4.0548169252068285e-5,2.377940660949914e-5,6.219333111499404e-5
Vac_75,75,RZV_1d,Q_Life,9.80450292854933,9.804505839282683,9.804427615467931,9.804564436574223
Vac_75,75,RZV_1d,Q_HZ,-0.003989969578431901,-0.0038879250506922355,-0.0060390743257709295,-0.002326737318346041
Vac_75,75,RZV_1d,Q_HZ_Norm,-0.0012014540642156931,-0.0011776984561917602,-0.001833124228434264,-6.890554127612002e-4
Vac_75,75,RZV_1d,Q_All,9.778927234434772,9.779025946401802,9.776813942747637,9.780652176153984
Vac_75,75,RZV_1d,Q_HZ_d,-0.0028617788168577587,-0.0027893975898928614,-0.004444611866084056,-0.0016451391295909214
Vac_75,75,RZV_1d,Q_HZ_Norm_d,-8.74739494952948e-4,-8.526860345408095e-4,-0.0013504069101486242,-4.958299786695328e-4
Vac_75,75,RZV_1d,Q_Life_d,7.689987718099633,7.689989209497662,7.689942710459328,7.690022998785364
Vac_75,75,RZV_1d,Q_All_d,7.687125939282775,7.687198401615781,7.685513583640004,7.688375483481604
Vac_75,75,RZV_1d,C_Hosp,7.707980980850516,7.502702646800637,4.401947549619476,11.963016054873336
Vac_75,75,RZV_1d,C_GP_NonPHN,2.9321578228475107,2.899170761099988,1.689071255628508,4.402608210269558
Vac_75,75,RZV_1d,C_GP_PHN,1.2748711873982905,1.2546584452230674,0.7405903637738672,1.9184231771897209
Vac_75,75,RZV_1d,C_GP,4.207029010245801,4.148644559722209,2.4364391385296624,6.327055053937354
Vac_75,75,RZV_1d,C_Med,11.915009991096317,11.64752355680697,6.862620412965019,18.142882980089098
Vac_75,75,RZV_1d,C_VacZVL,0,0,0,0
Vac_75,75,RZV_1d,C_VacRZV,85,85,85,85
Vac_75,75,RZV_1d,C_Vac,85,85,85,85
Vac_75,75,RZV_1d,C_All,96.91500999109631,96.64752355680697,91.86262041296501,103.14288298008911
Vac_75,75,RZV_1d,C_Hosp_d,5.066640150760906,4.948630685692315,2.8671558287139702,7.885706725207857
Vac_75,75,RZV_1d,C_GP_NonPHN_d,2.1404268754691023,2.1077323501555116,1.245946468797234,3.2951265651613486
Vac_75,75,RZV_1d,C_GP_PHN_d,0.9298396687158935,0.9136586910884776,0.5403511994497681,1.417849125157141
Vac_75,75,RZV_1d,C_GP_d,3.070266544184996,3.0210835965066307,1.78066873656869,4.714080482921294
Vac_75,75,RZV_1d,C_Med_d,8.136906694945901,7.948719771705969,4.701532058990644,12.497840911419772
Vac_75,75,RZV_1d,C_VacZVL_d,0,0,0,0
Vac_75,75,RZV_1d,C_VacRZV_d,85,85,85,85
Vac_75,75,RZV_1d,C_Vac_d,85,85,85,85
Vac_75,75,RZV_1d,C_All_d,93.1369066949459,92.94871977170597,89.70153205899064,97.49784091141977
Vac_75,75,RZV_1d,N_VacZVL,0,0,0,0
Vac_75,75,RZV_1d,N_VacRZV,1,1,1,1
Vac_75,75,RZV_1d,N_VacZVL_d,0,0,0,0
Vac_75,75,RZV_1d,N_VacRZV_d,1,1,1,1
Vac_75,75,RZV_2d,N0,1,1,1,1
Vac_75,75,RZV_2d,Year0,2024,2024,2024,2024
Vac_75,75,RZV_2d,Year_Life,13.063266923398821,13.06327152032319,13.063154765711829,13.063358570332051
Vac_75,75,RZV_2d,Year_Immunised,10.482149485515652,10.536679820554745,9.157504031776758,11.617266034375751
Vac_75,75,RZV_2d,Risk_HZ,0.02404288870851434,0.02353589535893052,0.01327320478745617,0.036500888930328504
Vac_75,75,RZV_2d,Risk_Hosp,0.001582968189829546,0.00154552333744464,8.351144908721629e-4,0.0025336986827810127
Vac_75,75,RZV_2d,Risk_PHN,0.002120078181122534,0.0020823858547095913,0.0011594375534427898,0.0032988477782692955
Vac_75,75,RZV_2d,Risk_Death,3.797123390698925e-5,3.707900920919813e-5,1.9700442106239392e-5,5.9840449137313105e-5
Vac_75,75,RZV_2d,Q_Life,9.804516633626058,9.804519641469298,9.804441069310919,9.80457813384052
Vac_75,75,RZV_2d,Q_HZ,-0.0035616759664585467,-0.0034570529637221147,-0.005568171828006125,-0.0019471271265585068
Vac_75,75,RZV_2d,Q_HZ_Norm,-0.0010673732040010768,-0.00104282046913488,-0.0016650081230768978,-5.96557137550709e-4
Vac_75,75,RZV_2d,Q_All,9.77936901164608,9.779475024339794,9.777304249945788,9.781044337102482
Vac_75,75,RZV_2d,Q_HZ_d,-0.0025243495536622393,-0.0024560796257773955,-0.003925125262719294,-0.001397856686755131
Vac_75,75,RZV_2d,Q_HZ_Norm_d,-7.676287180774637e-4,-7.481048748097434e-4,-0.0011877571332642057,-4.3560728906440074e-4
Vac_75,75,RZV_2d,Q_Life_d,7.6899960909183545,7.689997729381751,7.689953515582894,7.690030890501564
Vac_75,75,RZV_2d,Q_All_d,7.687471741364692,7.687542599771374,7.6860470535258,7.688628431887007
Vac_75,75,RZV_2d,C_Hosp,7.0501289337256505,6.889864183793062,3.734312861731656,11.40012049494773
Vac_75,75,RZV_2d,C_GP_NonPHN,2.6027783974594887,2.551281463249719,1.4335972690362704,3.949969128387027
Vac_75,75,RZV_2d,C_GP_PHN,1.1339268533054334,1.114079479833456,0.6181533317485152,1.7580771028085576
Vac_75,75,RZV_2d,C_GP,3.736705250764922,3.66815322792188,2.058397360191473,5.681546023577174
Vac_75,75,RZV_2d,C_Med,10.786834184490573,10.5377790246964,5.851858202975807,17.14149100790006
Vac_75,75,RZV_2d,C_VacZVL,0,0,0,0
Vac_75,75,RZV_2d,C_VacRZV,170,170,170,170
Vac_75,75,RZV_2d,C_Vac,170,170,170,170
Vac_75,75,RZV_2d,C_All,180.78683418449057,180.53777902469642,175.8518582029758,187.14149100790004
Vac_75,75,RZV_2d,C_Hosp_d,4.595117096513814,4.474741655982027,2.4622007946215425,7.363752730347855
Vac_75,75,RZV_2d,C_GP_NonPHN_d,1.8768481645253556,1.8427750420071143,1.0394480458637447,2.8448287891985125
Vac_75,75,RZV_2d,C_GP_PHN_d,0.8177630465190205,0.8031780644749678,0.45284133169148705,1.2634015233995095
Vac_75,75,RZV_2d,C_GP_d,2.6946112110443763,2.64317526892959,1.4980420158136611,4.085611395279449
Vac_75,75,RZV_2d,C_Med_d,7.289728307558191,7.112496747123741,3.991631251702277,11.46772578746392
Vac_75,75,RZV_2d,C_VacZVL_d,0,0,0,0
Vac_75,75,RZV_2d,C_VacRZV_d,170,170,170,170
Vac_75,75,RZV_2d,C_Vac_d,170,170,170,170
Vac_75,75,RZV_2d,C_All_d,177.2897283075582,177.11249674712377,173.99163125170227,181.4677257874639
Vac_75,75,RZV_2d,N_VacZVL,0,0,0,0
Vac_75,75,RZV_2d,N_VacRZV,2,2,2,2
Vac_75,75,RZV_2d,N_VacZVL_d,0,0,0,0
Vac_75,75,RZV_2d,N_VacRZV_d,2,2,2,2
Vac_75,75,SOC,N0,1,1,1,1
Vac_75,75,SOC,Year0,2024,2024,2024,2024
Vac_75,75,SOC,Year_Life,13.062621038622156,13.06262228135947,13.062504290518346,13.062728021937343
Vac_75,75,SOC,Year_Immunised,0,0,0,0
Vac_75,75,SOC,Risk_HZ,0.12105693433374536,0.12104781472827221,0.11805254836751658,0.12409765289965875
Vac_75,75,SOC,Risk_Hosp,0.006481703136437413,0.00644980481369881,0.005568058244834836,0.007518871076444391
Vac_75,75,SOC,Risk_PHN,0.010551477257665276,0.010514051310372533,0.00972109153000958,0.011452314052466522
Vac_75,75,SOC,Risk_Death,1.4127735638814418e-4,1.4122386415130918e-4,1.222255211580231e-4,1.6151007521145603e-4
Vac_75,75,SOC,Q_Life,9.80407364851479,9.804074212245263,9.80399419164871,9.804145837708768
Vac_75,75,SOC,Q_HZ,-0.01747746988565051,-0.017389158951744664,-0.020034634872771007,-0.015424012938017815
Vac_75,75,SOC,Q_HZ_Norm,-0.005434366658432695,-0.005416441843710566,-0.006173210246959444,-0.004750722048746677
Vac_75,75,SOC,Q_All,9.765017231677778,9.765098886223951,9.762464598857395,9.767075655648094
Vac_75,75,SOC,Q_HZ_d,-0.013525648461920994,-0.013460188218637925,-0.01546357907729493,-0.01197421173767546
Vac_75,75,SOC,Q_HZ_Norm_d,-0.004267256157896303,-0.004254375336206049,-0.004830160671427413,-0.003737868818594598
Vac_75,75,SOC,Q_Life_d,7.689724832217162,7.689725662460369,7.689680728335355,7.689767810879235
Vac_75,75,SOC,Q_All_d,7.676199183755241,7.6762661302432,7.674264841266595,7.677752741995774
Vac_75,75,SOC,C_Hosp,28.19814367884086,28.093757294389604,23.876011379773892,33.13563549353378
Vac_75,75,SOC,C_GP_NonPHN,13.324112741860443,13.321637184900037,12.911110485746363,13.7421615438757
Vac_75,75,SOC,C_GP_PHN,5.725183810459222,5.722460413662363,5.166634732375568,6.338417761777289
Vac_75,75,SOC,C_GP,19.049296552319664,19.047535350121102,18.357745384004172,19.805567209956532
Vac_75,75,SOC,C_Med,47.247440231160525,47.13166430635237,42.92724868974889,52.08031174168703
Vac_75,75,SOC,C_VacZVL,0,0,0,0
Vac_75,75,SOC,C_VacRZV,0,0,0,0
Vac_75,75,SOC,C_Vac,0,0,0,0
Vac_75,75,SOC,C_All,47.247440231160525,47.13166430635237,42.92724868974889,52.08031174168703
Vac_75,75,SOC,C_Hosp_d,19.81005759311688,19.747903564720275,16.81596247236898,23.344916179840475
Vac_75,75,SOC,C_GP_NonPHN_d,10.483938403400352,10.482525735906822,10.140206732244112,10.82222461498667
Vac_75,75,SOC,C_GP_PHN_d,4.479268018735775,4.475595080049246,4.018439630941797,4.9697230613147365
Vac_75,75,SOC,C_GP_d,14.963206422136127,14.962187740038345,14.399550941945801,15.550374553808219
Vac_75,75,SOC,C_Med_d,34.773264015253005,34.686120588002936,31.77559129841786,38.21250680323981
Vac_75,75,SOC,C_VacZVL_d,0,0,0,0
Vac_75,75,SOC,C_VacRZV_d,0,0,0,0
Vac_75,75,SOC,C_Vac_d,0,0,0,0
Vac_75,75,SOC,C_All_d,34.773264015253005,34.686120588002936,31.77559129841786,38.21250680323981
Vac_75,75,SOC,N_VacZVL,0,0,0,0
Vac_75,75,SOC,N_VacRZV,0,0,0,0
Vac_75,75,SOC,N_VacZVL_d,0,0,0,0
Vac_75,75,SOC,N_VacRZV_d,0,0,0,0
Vac_76,76,RZV_1d,N0,1,1,1,1
Vac_76,76,RZV_1d,Year0,2024,2024,2024,2024
Vac_76,76,RZV_1d,Year_Life,12.372872051507116,12.37287592931288,12.372762872650354,12.372958307448775
Vac_76,76,RZV_1d,Year_Immunised,9.692627383156797,9.728847306099913,8.2824755928186,10.82110283608289
Vac_76,76,RZV_1d,Risk_HZ,0.02500709461686647,0.024696259567628262,0.01445498484072595,0.03786444118118017
Vac_76,76,RZV_1d,Risk_Hosp,0.0016615600782091105,0.0016246572869471104,9.519775840144047e-4,0.0025514922303611727
Vac_76,76,RZV_1d,Risk_PHN,0.0022117165328856487,0.0021795872090403143,0.0012773428890161522,0.003366503677084166
Vac_76,76,RZV_1d,Risk_Death,3.9908747018636515e-5,3.921295122340674e-5,2.2986196394647056e-5,5.993981610914453e-5
Vac_76,76,RZV_1d,Q_Life,9.270660186139532,9.270662659382602,9.270585553796824,9.270718323228555
Vac_76,76,RZV_1d,Q_HZ,-0.003710203185859938,-0.003624301160984904,-0.005651525428997321,-0.002156487823366859
Vac_76,76,RZV_1d,Q_HZ_Norm,-0.0011091336180499868,-0.0010866142122975052,-0.001698285109804917,-6.321751388004988e-4
Vac_76,76,RZV_1d,Q_All,9.244810100692316,9.244898384217162,9.242809378132469,9.246427282107447
Vac_76,76,RZV_1d,Q_HZ_d,-0.002706304998766399,-0.0026392496407169233,-0.0042337256660050305,-0.0015533932545507318
Vac_76,76,RZV_1d,Q_HZ_Norm_d,-8.201597205423457e-4,-7.986844008407912e-4,-0.0012749216985419205,-4.6824885246052247e-4
Vac_76,76,RZV_1d,Q_Life_d,7.350774395271135,7.350775890684988,7.350729605059109,7.350809217630116
Vac_76,76,RZV_1d,Q_All_d,7.348068090272369,7.348136237718697,7.34651169633837,7.349260237735455
Vac_76,76,RZV_1d,C_Hosp,7.403327991110984,7.205756154941131,4.231819929923679,11.579468774202143
Vac_76,76,RZV_1d,C_GP_NonPHN,2.7046127030792304,2.6719580721731,1.5585511794496028,4.084369808653284
Vac_76,76,RZV_1d,C_GP_PHN,1.1824481844580357,1.1645402627062724,0.6899748266826523,1.7894872745967072
Vac_76,76,RZV_1d,C_GP,3.887060887537266,3.8303930115107736,2.2498728324467727,5.8810322997575595
Vac_76,76,RZV_1d,C_Med,11.290388878648251,11.010461455593914,6.5150120409041525,17.37106645282387
Vac_76,76,RZV_1d,C_VacZVL,0,0,0,0
Vac_76,76,RZV_1d,C_VacRZV,85,85,85,85
Vac_76,76,RZV_1d,C_Vac,85,85,85,85
Vac_76,76,RZV_1d,C_All,96.29038887864824,96.01046145559391,91.51501204090415,102.37106645282387
Vac_76,76,RZV_1d,C_Hosp_d,4.987599873966267,4.867973320272325,2.84208364930739,7.809546268388601
Vac_76,76,RZV_1d,C_GP_NonPHN_d,2.0051925231826413,1.9728045696257241,1.1618328557547453,3.107978054294347
Vac_76,76,RZV_1d,C_GP_PHN_d,0.8779834357648844,0.8617931756452832,0.5093001162389339,1.350554575046348
Vac_76,76,RZV_1d,C_GP_d,2.8831759589475254,2.8274878625829296,1.6708199225445521,4.445993179915655
Vac_76,76,RZV_1d,C_Med_d,7.870775832913792,7.682392892657788,4.5337285064483615,12.115539706471685
Vac_76,76,RZV_1d,C_VacZVL_d,0,0,0,0
Vac_76,76,RZV_1d,C_VacRZV_d,85,85,85,85
Vac_76,76,RZV_1d,C_Vac_d,85,85,85,85
Vac_76,76,RZV_1d,C_All_d,92.8707758329138,92.68239289265779,89.53372850644836,97.1155397064717
Vac_76,76,RZV_1d,N_VacZVL,0,0,0,0
Vac_76,76,RZV_1d,N_VacRZV,1,1,1,1
Vac_76,76,RZV_1d,N_VacZVL_d,0,0,0,0
Vac_76,76,RZV_1d,N_VacRZV_d,1,1,1,1
Vac_76,76,RZV_2d,N0,1,1,1,1
Vac_76,76,RZV_2d,Year0,2024,2024,2024,2024
Vac_76,76,RZV_2d,Year_Life,12.372892129926665,12.372896235742406,12.372786077551583,12.372978082613233
Vac_76,76,RZV_2d,Year_Immunised,9.999623220993316,10.046000645274932,8.776098146390817,11.041087808144983
Vac_76,76,RZV_2d,Risk_HZ,0.022148381171662332,0.021683536445970084,0.012180195292770998,0.03360710674370021
Vac_76,76,RZV_2d,Risk_Hosp,0.0015083707745515028,0.0014735174935427598,7.952155501823932e-4,0.0024122054093061603
Vac_76,76,RZV_2d,Risk_PHN,0.0019605698107456227,0.0019237428593743794,0.001080610716127364,0.003042046190630181
Vac_76,76,RZV_2d,Risk_Death,3.6609931114350256e-5,3.5731264662436194e-5,1.9142979056179676e-5,5.763883339954344e-5
Vac_76,76,RZV_2d,Q_Life,9.270673921987868,9.270676613541832,9.270602650778725,9.270731629337536
Vac_76,76,RZV_2d,Q_HZ,-0.0032968904534232215,-0.003199016055146418,-0.00515597447971853,-0.001805826060600311
Vac_76,76,RZV_2d,Q_HZ_Norm,-9.810283715182755e-4,-9.572729484192677e-4,-0.0015283671316263458,-5.466009945879166e-4
Vac_76,76,RZV_2d,Q_All,9.245236919600904,9.24534227727476,9.24331076105384,9.246776339521636
Vac_76,76,RZV_2d,Q_HZ_d,-0.002376688123889766,-0.0023119491646369505,-0.003682830148204851,-0.0013184270703140283
Vac_76,76,RZV_2d,Q_HZ_Norm_d,-7.167077326936132e-4,-6.9950600271296e-4,-0.0011114873567714722,-4.0722329238333007e-4
Vac_76,76,RZV_2d,Q_Life_d,7.350782994313881,7.350784571448102,7.350741351230395,7.350816550553352
Vac_76,76,RZV_2d,Q_All_d,7.348406306189991,7.348473226075472,7.347059738790652,7.3494937000186455
Vac_76,76,RZV_2d,C_Hosp,6.738208363333018,6.575562839059223,3.594718862616347,10.919421786099425
Vac_76,76,RZV_2d,C_GP_NonPHN,2.390079066271895,2.3438486436745123,1.3122147473144579,3.6193922093937427
Vac_76,76,RZV_2d,C_GP_PHN,1.0460507000051908,1.0268331090037397,0.5748094152628621,1.6211106991029058
Vac_76,76,RZV_2d,C_GP,3.4361297662770864,3.372599675166853,1.8923131980052792,5.233141404650306
Vac_76,76,RZV_2d,C_Med,10.174338129610105,9.93295001127259,5.532133516769061,16.158414373505302
Vac_76,76,RZV_2d,C_VacZVL,0,0,0,0
Vac_76,76,RZV_2d,C_VacRZV,170,170,170,170
Vac_76,76,RZV_2d,C_Vac,170,170,170,170
Vac_76,76,RZV_2d,C_All,180.1743381296101,179.9329500112726,175.53213351676905,186.1584143735053
Vac_76,76,RZV_2d,C_Hosp_d,4.500461950037452,4.377205583549427,2.417248026998794,7.2514633986890225
Vac_76,76,RZV_2d,C_GP_NonPHN_d,1.7507367228122164,1.7169560956191108,0.976223068984153,2.6630729820377947
Vac_76,76,RZV_2d,C_GP_PHN_d,0.7679989506442177,0.7542907275914994,0.42493008710038993,1.189169783595249
Vac_76,76,RZV_2d,C_GP_d,2.518735673456434,2.469527890622375,1.407462052879894,3.828965516349082
Vac_76,76,RZV_2d,C_Med_d,7.019197623493886,6.853805780957243,3.825974562162536,11.060478465239589
Vac_76,76,RZV_2d,C_VacZVL_d,0,0,0,0
Vac_76,76,RZV_2d,C_VacRZV_d,170,170,170,170
Vac_76,76,RZV_2d,C_Vac_d,170,170,170,170
Vac_76,76,RZV_2d,C_All_d,177.01919762349388,176.85380578095726,173.82597456216251,181.06047846523958
Vac_76,76,RZV_2d,N_VacZVL,0,0,0,0
Vac_76,76,RZV_2d,N_VacRZV,2,2,2,2
Vac_76,76,RZV_2d,N_VacZVL_d,0,0,0,0
Vac_76,76,RZV_2d,N_VacRZV_d,2,2,2,2
Vac_76,76,SOC,N0,1,1,1,1
Vac_76,76,SOC,Year0,2024,2024,2024,2024
Vac_76,76,SOC,Year_Life,12.372242107073378,12.372243933794048,12.372125694770045,12.372351622501858
Vac_76,76,SOC,Year_Immunised,0,0,0,0
Vac_76,76,SOC,Risk_HZ,0.11528237316869851,0.11523082023132626,0.11235230677718645,0.11835031663969792
Vac_76,76,SOC,Risk_Hosp,0.006450719606987776,0.006420449422272272,0.0055194010922129805,0.007475952193492283
Vac_76,76,SOC,Risk_PHN,0.01015366041329432,0.010126710079891892,0.009352272256525712,0.011051021098998472
Vac_76,76,SOC,Risk_Death,1.4266206449181147e-4,1.425377749431557e-4,1.2333897840326484e-4,1.631322918573266e-4
Vac_76,76,SOC,Q_Life,9.270228968969892,9.27022972142689,9.270149711982267,9.270302710555683
Vac_76,76,SOC,Q_HZ,-0.016744571736704298,-0.01665778817017983,-0.01920235736504709,-0.01472539498458494
Vac_76,76,SOC,Q_HZ_Norm,-0.005158880218042931,-0.005145183657765706,-0.005874877688564329,-0.0044980995948063875
Vac_76,76,SOC,Q_All,9.231351565965168,9.23142895132897,9.228864800482189,9.233379334330078
Vac_76,76,SOC,Q_HZ_d,-0.01313551175718445,-0.013073788250666088,-0.015039626656409405,-0.011601586830246615
Vac_76,76,SOC,Q_HZ_Norm_d,-0.004100475985505686,-0.004091447568461845,-0.0046467423393737025,-0.0035895987304140732
Vac_76,76,SOC,Q_Life_d,7.350503851137854,7.350504125457069,7.35045656876424,7.350547909285598
Vac_76,76,SOC,Q_All_d,7.33736833938067,7.337426651758378,7.335448157549821,7.338912103748157
Vac_76,76,SOC,C_Hosp,28.170262837112748,28.066420415439786,23.807329150087003,33.09058657203017
Vac_76,76,SOC,C_GP_NonPHN,12.641258880279906,12.637712902537189,12.252487823268648,13.041912309963944
Vac_76,76,SOC,C_GP_PHN,5.496646278689968,5.495236416595343,4.955376395763601,6.093066075016179
Vac_76,76,SOC,C_GP,18.137905158969875,18.143346239967336,17.468683675334482,18.84435775167674
Vac_76,76,SOC,C_Med,46.308167996082624,46.18242726272307,41.93685256734311,51.19414714866063
Vac_76,76,SOC,C_VacZVL,0,0,0,0
Vac_76,76,SOC,C_VacRZV,0,0,0,0
Vac_76,76,SOC,C_Vac,0,0,0,0
Vac_76,76,SOC,C_All,46.308167996082624,46.18242726272307,41.93685256734311,51.19414714866063
Vac_76,76,SOC,C_Hosp_d,20.25171350405356,20.15809767844482,17.158245769497217,23.904513271480702
Vac_76,76,SOC,C_GP_NonPHN_d,10.06866990722881,10.065863922294753,9.748028222910058,10.4120421411467
Vac_76,76,SOC,C_GP_PHN_d,4.366406826895154,4.363651682650637,3.929873544092774,4.840158426202031
Vac_76,76,SOC,C_GP_d,14.435076734123964,14.436616741307166,13.889507078816083,14.998100023109918
Vac_76,76,SOC,C_Med_d,34.68679023817752,34.607844876508096,31.574293103602013,38.25947311795159
Vac_76,76,SOC,C_VacZVL_d,0,0,0,0
Vac_76,76,SOC,C_VacRZV_d,0,0,0,0
Vac_76,76,SOC,C_Vac_d,0,0,0,0
Vac_76,76,SOC,C_All_d,34.68679023817752,34.607844876508096,31.574293103602013,38.25947311795159
Vac_76,76,SOC,N_VacZVL,0,0,0,0
Vac_76,76,SOC,N_VacRZV,0,0,0,0
Vac_76,76,SOC,N_VacZVL_d,0,0,0,0
Vac_76,76,SOC,N_VacRZV_d,0,0,0,0
Vac_77,77,RZV_1d,N0,1,1,1,1
Vac_77,77,RZV_1d,Year0,2024,2024,2024,2024
Vac_77,77,RZV_1d,Year_Life,11.699303725332271,11.699307372434848,11.69919774758131,11.699386260913128
Vac_77,77,RZV_1d,Year_Immunised,9.230405058896176,9.259346463561783,7.927605073078798,10.271749304132321
Vac_77,77,RZV_1d,Risk_HZ,0.02307355094911628,0.02275017649419995,0.013307906352785675,0.03516822342411075
Vac_77,77,RZV_1d,Risk_Hosp,0.001587614299863708,0.0015543196214426991,9.090718159525702e-4,0.0024329845364575707
Vac_77,77,RZV_1d,Risk_PHN,0.0020479028054811834,0.002015014113171571,0.0011818197878583523,0.0031396786091488506
Vac_77,77,RZV_1d,Risk_Death,3.860985069331842e-5,3.795362975683836e-5,2.23371151082567e-5,5.867989532217488e-5
Vac_77,77,RZV_1d,Q_Life,8.751772176150961,8.751774475542286,8.75170036001637,8.751827873498552
Vac_77,77,RZV_1d,Q_HZ,-0.003440408556522698,-0.0033546692536578207,-0.005293318518791736,-0.0019756201559270807
Vac_77,77,RZV_1d,Q_HZ_Norm,-0.001021029579573059,-9.9833838771194e-4,-0.0015772760653488286,-5.800822509005438e-4
Vac_77,77,RZV_1d,Q_All,8.725556286550024,8.72564837152979,8.723646736907188,8.727082228360935
Vac_77,77,RZV_1d,Q_HZ_d,-0.0025511919229836153,-0.0024876984299198332,-0.004011967867231449,-0.0014623497341132948
Vac_77,77,RZV_1d,Q_HZ_Norm_d,-7.666008358189246e-4,-7.467213443789492e-4,-0.0012029024269255093,-4.3748969961201464e-4
Vac_77,77,RZV_1d,Q_Life_d,7.014342741434618,7.0143440890277695,7.014299066385054,7.014376995358184
Vac_77,77,RZV_1d,Q_All_d,7.011791549511635,7.011856241908507,7.010288673120537,7.012918762091282
Vac_77,77,RZV_1d,C_Hosp,7.096217853891153,6.91204917481322,4.058958874637247,11.08009897965705
Vac_77,77,RZV_1d,C_GP_NonPHN,2.4873632986325718,2.45791358451849,1.4393289281647146,3.7958422610919875
Vac_77,77,RZV_1d,C_GP_PHN,1.0920484992651676,1.073342457317492,0.6315412134155927,1.6595493892796285
Vac_77,77,RZV_1d,C_GP,3.5794117978977393,3.5239185718787276,2.086529627578716,5.47406180094492
Vac_77,77,RZV_1d,C_Med,10.675629651788892,10.41866061383873,6.185752681869439,16.43410154905986
Vac_77,77,RZV_1d,C_VacZVL,0,0,0,0
Vac_77,77,RZV_1d,C_VacRZV,85,85,85,85
Vac_77,77,RZV_1d,C_Vac,85,85,85,85
Vac_77,77,RZV_1d,C_All,95.6756296517889,95.41866061383874,91.18575268186943,101.43410154905986
Vac_77,77,RZV_1d,C_Hosp_d,4.896849908373316,4.775889814439166,2.7827794486138884,7.699326822994548
Vac_77,77,RZV_1d,C_GP_NonPHN_d,1.8723596290353552,1.839129937425846,1.0791832313558216,2.901910676624802
Vac_77,77,RZV_1d,C_GP_PHN_d,0.824914617408249,0.8089947611451445,0.47776496547335123,1.283167367098693
Vac_77,77,RZV_1d,C_GP_d,2.6972742464436044,2.6463775566888197,1.5828736999413515,4.181208206820963
Vac_77,77,RZV_1d,C_Med_d,7.59412415481692,7.40620008955036,4.331951546951843,11.809684719755834
Vac_77,77,RZV_1d,C_VacZVL_d,0,0,0,0
Vac_77,77,RZV_1d,C_VacRZV_d,85,85,85,85
Vac_77,77,RZV_1d,C_Vac_d,85,85,85,85
Vac_77,77,RZV_1d,C_All_d,92.59412415481692,92.40620008955037,89.33195154695184,96.80968471975582
Vac_77,77,RZV_1d,N_VacZVL,0,0,0,0
Vac_77,77,RZV_1d,N_VacRZV,1,1,1,1
Vac_77,77,RZV_1d,N_VacZVL_d,0,0,0,0
Vac_77,77,RZV_1d,N_VacRZV_d,1,1,1,1
Vac_77,77,RZV_2d,N0,1,1,1,1
Vac_77,77,RZV_2d,Year0,2024,2024,2024,2024
Vac_77,77,RZV_2d,Year_Life,11.699323848790009,11.699327680888192,11.699224037092163,11.699404853215059
Vac_77,77,RZV_2d,Year_Immunised,9.522429476887018,9.561851134947023,8.398419864363312,10.486608426282327
Vac_77,77,RZV_2d,Risk_HZ,0.020340427643059506,0.019941659462877008,0.0112237097014407,0.03082206656000741
Vac_77,77,RZV_2d,Risk_Hosp,0.0014336985456033444,0.0014000138986794484,7.59360507794058e-4,0.002290424429455092
Vac_77,77,RZV_2d,Risk_PHN,0.001805386959483313,0.0017726207368031085,9.946202077546248e-4,0.002787211867529268
Vac_77,77,RZV_2d,Risk_Death,3.523324236747197e-5,3.446915525319239e-5,1.8491846379507563e-5,5.543297504965602e-5
Vac_77,77,RZV_2d,Q_Life,8.751785914254384,8.751788544125528,8.751718959250946,8.751839969239672
Vac_77,77,RZV_2d,Q_HZ,-0.0030426173870655936,-0.0029553061752018647,-0.0047483476552756185,-0.001669564409653129
Vac_77,77,RZV_2d,Q_HZ_Norm,-8.989518838983178e-4,-8.764210906766433e-4,-0.001399005111760278,-5.062853554006476e-4
Vac_77,77,RZV_2d,Q_All,8.725967577204578,8.726059348169425,8.724202353341928,8.727385951303319
Vac_77,77,RZV_2d,Q_HZ_d,-0.0022301664874053136,-0.0021727133213316086,-0.00345159854862166,-0.0012462696768608648
Vac_77,77,RZV_2d,Q_HZ_Norm_d,-6.669641127137771e-4,-6.523519392819214e-4,-0.0010363436916992447,-3.775228391955336e-4
Vac_77,77,RZV_2d,Q_Life_d,7.01435155013648,7.0143531675627155,7.014311279776281,7.014383869702552
Vac_77,77,RZV_2d,Q_All_d,7.012121383649075,7.012179649609113,7.010860175843728,7.0131400897150575
Vac_77,77,RZV_2d,C_Hosp,6.42485598918963,6.259756076518787,3.446440830644219,10.461471845948566
Vac_77,77,RZV_2d,C_GP_NonPHN,2.1878552440739796,2.1452444116519556,1.20444180962926,3.315403412637854
Vac_77,77,RZV_2d,C_GP_PHN,0.9606908222361118,0.9418182091916001,0.5296131680267617,1.4940132371895622
Vac_77,77,RZV_2d,C_GP,3.1485460663100913,3.0904561470330636,1.7583602267978269,4.789145243946983
Vac_77,77,RZV_2d,C_Med,9.573402055499722,9.336214762246527,5.20658506095706,15.220734496044527
Vac_77,77,RZV_2d,C_VacZVL,0,0,0,0
Vac_77,77,RZV_2d,C_VacRZV,170,170,170,170
Vac_77,77,RZV_2d,C_Vac,170,170,170,170
Vac_77,77,RZV_2d,C_All,179.5734020554997,179.33621476224653,175.20658506095705,185.2207344960445
Vac_77,77,RZV_2d,C_Hosp_d,4.394813804576353,4.2662433284314645,2.3687943127732862,7.108517773957083
Vac_77,77,RZV_2d,C_GP_NonPHN_d,1.6274669174896208,1.5971797117786717,0.9086381039038604,2.4771414580543887
Vac_77,77,RZV_2d,C_GP_PHN_d,0.7175799439621986,0.7033842838504181,0.3969995351797307,1.114934138139131
Vac_77,77,RZV_2d,C_GP_d,2.345046861451819,2.300346263167701,1.3086973531240278,3.567421462602995
Vac_77,77,RZV_2d,C_Med_d,6.739860666028173,6.570413358187215,3.6762583373947235,10.645643216196863
Vac_77,77,RZV_2d,C_VacZVL_d,0,0,0,0
Vac_77,77,RZV_2d,C_VacRZV_d,170,170,170,170
Vac_77,77,RZV_2d,C_Vac_d,170,170,170,170
Vac_77,77,RZV_2d,C_All_d,176.73986066602816,176.57041335818724,173.67625833739473,180.64564321619685
Vac_77,77,RZV_2d,N_VacZVL,0,0,0,0
Vac_77,77,RZV_2d,N_VacRZV,2,2,2,2
Vac_77,77,RZV_2d,N_VacZVL_d,0,0,0,0
Vac_77,77,RZV_2d,N_VacRZV_d,2,2,2,2
Vac_77,77,SOC,N0,1,1,1,1
Vac_77,77,SOC,Year0,2024,2024,2024,2024
Vac_77,77,SOC,Year_Life,11.698670957796798,11.698672554499462,11.698555053928255,11.69878139653878
Vac_77,77,SOC,Year_Immunised,0,0,0,0
Vac_77,77,SOC,Risk_HZ,0.10949258388037107,0.10945731104115339,0.10667068735229007,0.11251695697683754
Vac_77,77,SOC,Risk_Hosp,0.006410420676319843,0.006368751813556173,0.005483861076446474,0.007486112398338411
Vac_77,77,SOC,Risk_PHN,0.009730535731550628,0.009716552931772546,0.008961342852928295,0.01059967575983148
Vac_77,77,SOC,Risk_Death,1.4407279752745e-4,1.4400550022082234e-4,1.244569218567961e-4,1.647815774563422e-4
Vac_77,77,SOC,Q_Life,8.751339940540067,8.75134050082241,8.75126116534353,8.751415224629199
Vac_77,77,SOC,Q_HZ,-0.01600200729901377,-0.01591700896676817,-0.01835992601731564,-0.014038925786700195
Vac_77,77,SOC,Q_HZ_Norm,-0.0048851423236936226,-0.004873728369427574,-0.005577838664352958,-0.004246957120539167
Vac_77,77,SOC,Q_All,8.712569801158484,8.712650073053691,8.710196678194146,8.714546472138947
Vac_77,77,SOC,Q_HZ_d,-0.012719480204399475,-0.012662400985383009,-0.014570648554822683,-0.011199226929278668
Vac_77,77,SOC,Q_HZ_Norm_d,-0.003929230172519672,-0.003920737872104776,-0.004476708378102083,-0.0034272988553745976
Vac_77,77,SOC,Q_Life_d,7.014065046758301,7.014065504851691,7.014015333476019,7.014110802584295
Vac_77,77,SOC,Q_All_d,7.001345566553901,7.001407314268424,6.999466757682319,7.002873994650536
Vac_77,77,SOC,C_Hosp,28.107892617841944,27.970605989277836,23.73550332167959,33.178941241682
Vac_77,77,SOC,C_GP_NonPHN,11.960662375941347,11.954149145664303,11.581370495775497,12.345722155630746
Vac_77,77,SOC,C_GP_PHN,5.254170669604607,5.261124446989244,4.72483759420267,5.830460892070943
Vac_77,77,SOC,C_GP,17.214833045545955,17.21315615726722,16.566258074446715,17.890107539291247
Vac_77,77,SOC,C_Med,45.3227256633879,45.19845991193429,40.966780910415636,50.35674508617126
Vac_77,77,SOC,C_VacZVL,0,0,0,0
Vac_77,77,SOC,C_VacRZV,0,0,0,0
Vac_77,77,SOC,C_Vac,0,0,0,0
Vac_77,77,SOC,C_All,45.3227256633879,45.19845991193429,40.966780910415636,50.35674508617126
Vac_77,77,SOC,C_Hosp_d,20.660720960515224,20.54420636793092,17.40819943715671,24.505857372441135
Vac_77,77,SOC,C_GP_NonPHN_d,9.6402278486608175,9.638510486911448,9.325492877768365,9.967613468272992
Vac_77,77,SOC,C_GP_PHN_d,4.234690932707469,4.234864980832917,3.8107668833002717,4.701642538659183
Vac_77,77,SOC,C_GP_d,13.874918781368285,13.875538294471685,13.336001986714802,14.441422819581431
Vac_77,77,SOC,C_Med_d,34.535639741883514,34.430140771772685,31.30929357793111,38.27421301652442
Vac_77,77,SOC,C_VacZVL_d,0,0,0,0
Vac_77,77,SOC,C_VacRZV_d,0,0,0,0
Vac_77,77,SOC,C_Vac_d,0,0,0,0
Vac_77,77,SOC,C_All_d,34.535639741883514,34.430140771772685,31.30929357793111,38.27421301652442
Vac_77,77,SOC,N_VacZVL,0,0,0,0
Vac_77,77,SOC,N_VacRZV,0,0,0,0
Vac_77,77,SOC,N_VacZVL_d,0,0,0,0
Vac_77,77,SOC,N_VacRZV_d,0,0,0,0
Vac_78,78,RZV_1d,N0,1,1,1,1
Vac_78,78,RZV_1d,Year0,2024,2024,2024,2024
Vac_78,78,RZV_1d,Year_Life,11.04324893787746,11.043252034984894,11.043147963052123,11.04332796576563
Vac_78,78,RZV_1d,Year_Immunised,8.774136175267358,8.805455545833858,7.560841049020353,9.732647424564115
Vac_78,78,RZV_1d,Risk_HZ,0.02122573028993769,0.02090841311942851,0.012293996895847132,0.03283503896053996
Vac_78,78,RZV_1d,Risk_Hosp,0.0015136793783109205,0.0014792945257634791,8.664001195304681e-4,0.0023438455173670257
Vac_78,78,RZV_1d,Risk_PHN,0.0018879014613018459,0.001856271221649552,0.0010919350843885632,0.002917948175796377
Vac_78,78,RZV_1d,Risk_Death,3.7295510473756935e-5,3.6525966355922556e-5,2.1637203805927887e-5,5.663307531460902e-5
Vac_78,78,RZV_1d,Q_Life,8.248281598305827,8.248283701304835,8.248213466712686,8.24833464948871
Vac_78,78,RZV_1d,Q_HZ,-0.003180919434554835,-0.0030930855266006322,-0.0049641743328404635,-0.0018214581316246816
Vac_78,78,RZV_1d,Q_HZ_Norm,-9.371811568564612e-4,-9.145130894534237e-4,-0.001457040596212621,-5.330106795981173e-4
Vac_78,78,RZV_1d,Q_All,8.221592915782459,8.221678685147417,8.219753089566803,8.223011441744474
Vac_78,78,RZV_1d,Q_HZ_d,-0.0023970125940028096,-0.0023293304155791337,-0.0037837895349351267,-0.0013705126956030204
Vac_78,78,RZV_1d,Q_HZ_Norm_d,-7.142242406727371e-4,-6.955895926357343e-4,-0.0011296693843751593,-4.070172958283016e-4
Vac_78,78,RZV_1d,Q_Life_d,6.681342719730191,6.681344212914125,6.681299472523529,6.681375880421962
Vac_78,78,RZV_1d,Q_All_d,6.678945707136188,6.679015926654221,6.677519743787054,6.680004318964323
Vac_78,78,RZV_1d,C_Hosp,6.788015582203847,6.603509215849263,3.86820209784915,10.607736557755564
Vac_78,78,RZV_1d,C_GP_NonPHN,2.280530658514572,2.244799302233906,1.3300805528857584,3.5403405663381573
Vac_78,78,RZV_1d,C_GP_PHN,1.0038729010425642,0.9854066089834232,0.579830433161602,1.5288922816996113
Vac_78,78,RZV_1d,C_GP,3.284403559557136,3.2216261617770137,1.9075241376894052,5.042597805556398
Vac_78,78,RZV_1d,C_Med,10.072419141760983,9.830110410811386,5.803989751428233,15.59222109173516
Vac_78,78,RZV_1d,C_VacZVL,0,0,0,0
Vac_78,78,RZV_1d,C_VacRZV,85,85,85,85
Vac_78,78,RZV_1d,C_Vac,85,85,85,85
Vac_78,78,RZV_1d,C_All,95.07241914176099,94.83011041081139,90.80398975142823,100.59222109173515
Vac_78,78,RZV_1d,C_Hosp_d,4.795307128393487,4.675805341918414,2.7164908269597676,7.53301777213798
Vac_78,78,RZV_1d,C_GP_NonPHN_d,1.7423495145650656,1.7084702792773454,1.007301618414544,2.702515676179898
Vac_78,78,RZV_1d,C_GP_PHN_d,0.7708618118829198,0.7538943205159643,0.4412573755484648,1.2118463626534082
Vac_78,78,RZV_1d,C_GP_d,2.5132113264479856,2.461526778136884,1.461034698637841,3.918744390347229
Vac_78,78,RZV_1d,C_Med_d,7.308518454841473,7.1479166911718455,4.139649648078877,11.455639947995168
Vac_78,78,RZV_1d,C_VacZVL_d,0,0,0,0
Vac_78,78,RZV_1d,C_VacRZV_d,85,85,85,85
Vac_78,78,RZV_1d,C_Vac_d,85,85,85,85
Vac_78,78,RZV_1d,C_All_d,92.30851845484148,92.14791669117184,89.13964964807887,96.45563994799515
Vac_78,78,RZV_1d,N_VacZVL,0,0,0,0
Vac_78,78,RZV_1d,N_VacRZV,1,1,1,1
Vac_78,78,RZV_1d,N_VacZVL_d,0,0,0,0
Vac_78,78,RZV_1d,N_VacRZV_d,1,1,1,1
Vac_78,78,RZV_2d,N0,1,1,1,1
Vac_78,78,RZV_2d,Year0,2024,2024,2024,2024
Vac_78,78,RZV_2d,Year_Life,11.043269062388,11.043272742302022,11.043175170879932,11.043344584914367
Vac_78,78,RZV_2d,Year_Immunised,9.051415021955178,9.086113089110302,8.023661476617495,9.940414584568334
Vac_78,78,RZV_2d,Risk_HZ,0.018620673222108596,0.018249969109945974,0.010365960934680701,0.028295614212967394
Vac_78,78,RZV_2d,Risk_Hosp,0.001359261943697467,0.0013269103256982216,7.275387065214054e-4,0.0021635507797308617
Vac_78,78,RZV_2d,Risk_PHN,0.0016549701312589275,0.0016235419447383028,9.085641968081478e-4,0.002550508698828475
Vac_78,78,RZV_2d,Risk_Death,3.3840647545213185e-5,3.308073791227172e-5,1.805114006054332e-5,5.330601928346427e-5
Vac_78,78,RZV_2d,Q_Life,8.24829530628694,8.2482978136001,8.248232433980874,8.248345700227821
Vac_78,78,RZV_2d,Q_HZ,-0.002799197728583955,-0.002722497371720789,-0.004362147499628565,-0.0015477718943848642
Vac_78,78,RZV_2d,Q_HZ_Norm,-8.211773065116168e-4,-8.013417922782792e-4,-0.0012791517250482572,-4.659682690184064e-4
Vac_78,78,RZV_2d,Q_All,8.221988097050176,8.222066760207113,8.220375274541423,8.223291886925477
Vac_78,78,RZV_2d,Q_HZ_d,-0.002085391287683292,-0.002028644911468454,-0.0032281294372992326,-0.001161378515295402
Vac_78,78,RZV_2d,Q_HZ_Norm_d,-6.185589623910084e-4,-6.044812595799491e-4,-9.668224519787756e-4,-3.482231200209592e-4
Vac_78,78,RZV_2d,Q_Life_d,6.681351717450182,6.6813531147530565,6.681313417369267,6.681382731124346
Vac_78,78,RZV_2d,Q_All_d,6.679266326162499,6.679324275216771,6.678090489535923,6.680219581425173
Vac_78,78,RZV_2d,C_Hosp,6.11123058353872,5.939627851877384,3.2749684868137585,9.91986860807939
Vac_78,78,RZV_2d,C_GP_NonPHN,1.9962206270455913,1.9585808470669366,1.1059367900029753,3.034158666794511
Vac_78,78,RZV_2d,C_GP_PHN,0.8780866563959148,0.8599233266746502,0.4867988340014776,1.3671297766331372
Vac_78,78,RZV_2d,C_GP,2.874307283441506,2.821492131783078,1.6060159920094272,4.38216533408217
Vac_78,78,RZV_2d,C_Med,8.985537866980227,8.751431552776538,4.919433607662041,14.33509266643421
Vac_78,78,RZV_2d,C_VacZVL,0,0,0,0
Vac_78,78,RZV_2d,C_VacRZV,170,170,170,170
Vac_78,78,RZV_2d,C_Vac,170,170,170,170
Vac_78,78,RZV_2d,C_All,178.98553786698022,178.75143155277652,174.91943360766206,184.3350926664342
Vac_78,78,RZV_2d,C_Hosp_d,4.27890347299433,4.156728178140121,2.314354107553383,6.928001157287679
Vac_78,78,RZV_2d,C_GP_NonPHN_d,1.507467804353119,1.4814329737983987,0.8448718501178515,2.2929181407725947
Vac_78,78,RZV_2d,C_GP_PHN_d,0.6667918972165758,0.652798219920149,0.3677570699328513,1.0336207549509826
Vac_78,78,RZV_2d,C_GP_d,2.174259701569695,2.1345959033385036,1.2138719088002288,3.3130098500159666
Vac_78,78,RZV_2d,C_Med_d,6.4531631745640246,6.281480087056912,3.528267674988816,10.224661138520569
Vac_78,78,RZV_2d,C_VacZVL_d,0,0,0,0
Vac_78,78,RZV_2d,C_VacRZV_d,170,170,170,170
Vac_78,78,RZV_2d,C_Vac_d,170,170,170,170
Vac_78,78,RZV_2d,C_All_d,176.45316317456403,176.2814800870569,173.52826767498883,180.2246611385206
Vac_78,78,RZV_2d,N_VacZVL,0,0,0,0
Vac_78,78,RZV_2d,N_VacRZV,2,2,2,2
Vac_78,78,RZV_2d,N_VacZVL_d,0,0,0,0
Vac_78,78,RZV_2d,N_VacRZV_d,2,2,2,2
Vac_78,78,SOC,N0,1,1,1,1
Vac_78,78,SOC,Year0,2024,2024,2024,2024
Vac_78,78,SOC,Year_Life,11.042614766067357,11.042616113127307,11.04249957350607,11.042722580968109
Vac_78,78,SOC,Year_Immunised,0,0,0,0
Vac_78,78,SOC,Risk_HZ,0.10370026278712396,0.10365208511990315,0.10090151914410705,0.10652885533004634
Vac_78,78,SOC,Risk_Hosp,0.0063626609813832126,0.006337417759145427,0.005426582083345945,0.007440976278380993
Vac_78,78,SOC,Risk_PHN,0.009276962774161833,0.009266241100376391,0.008499190279339479,0.010190437542475839
Vac_78,78,SOC,Risk_Death,1.4548867056192398e-4,1.4519380528036177e-4,1.256255364504605e-4,1.668460944350313e-4
Vac_78,78,SOC,Q_Life,8.247849391020322,8.247849909477683,8.247771248031016,8.247922892649049
Vac_78,78,SOC,Q_HZ,-0.015250981598366,-0.015169886226505103,-0.01752761180750622,-0.013348911016267657
Vac_78,78,SOC,Q_HZ_Norm,-0.004613708337494495,-0.004602327781368409,-0.005288730117881453,-0.003997183783300839
Vac_78,78,SOC,Q_All,8.20909832118463,8.209177897050639,8.206816668906155,8.211025509008131
Vac_78,78,SOC,Q_HZ_d,-0.012278129361261889,-0.012216909893715454,-0.01408782764794894,-0.010777687651258494
Vac_78,78,SOC,Q_HZ_Norm_d,-0.003754012544177326,-0.003744676558243222,-0.004287093211309178,-0.0032621174140288057
Vac_78,78,SOC,Q_Life_d,6.681058515201785,6.681059164344271,6.681007942912765,6.681106687818366
Vac_78,78,SOC,Q_All_d,6.668780385840523,6.66884388397591,6.666972539913098,6.670285297734454
Vac_78,78,SOC,C_Hosp,28.017372982774518,27.89668376089832,23.596163751787746,33.17495816845414
Vac_78,78,SOC,C_GP_NonPHN,11.284312978023598,11.283003131547671,10.90709939942073,11.651050022288894
Vac_78,78,SOC,C_GP_PHN,4.994816944852148,4.997469093548007,4.485460730001658,5.565256852823132
Vac_78,78,SOC,C_GP,16.279129922875747,16.280284529615543,15.643623836050775,16.926972874929902
Vac_78,78,SOC,C_Med,44.296502905650264,44.15660149464519,39.88002206941804,49.21896333453842
Vac_78,78,SOC,C_VacZVL,0,0,0,0
Vac_78,78,SOC,C_VacRZV,0,0,0,0
Vac_78,78,SOC,C_Vac,0,0,0,0
Vac_78,78,SOC,C_All,44.296502905650264,44.15660149464519,39.88002206941804,49.21896333453842
Vac_78,78,SOC,C_Hosp_d,21.042365176600565,20.95102913067312,17.670032425545532,24.955043630002876
Vac_78,78,SOC,C_GP_NonPHN_d,9.200405301479572,9.198145119642305,8.890225327655756,9.511815177895548
Vac_78,78,SOC,C_GP_PHN_d,4.080552388669904,4.081616488186244,3.6576175925396517,4.551651078270422
Vac_78,78,SOC,C_GP_d,13.280957690149476,13.282301560704337,12.757445304133006,13.832732274150137
Vac_78,78,SOC,C_Med_d,34.32332286675004,34.220247531788445,30.962402007235347,38.10477787997094
Vac_78,78,SOC,C_VacZVL_d,0,0,0,0
Vac_78,78,SOC,C_VacRZV_d,0,0,0,0
Vac_78,78,SOC,C_Vac_d,0,0,0,0
Vac_78,78,SOC,C_All_d,34.32332286675004,34.220247531788445,30.962402007235347,38.10477787997094
Vac_78,78,SOC,N_VacZVL,0,0,0,0
Vac_78,78,SOC,N_VacRZV,0,0,0,0
Vac_78,78,SOC,N_VacZVL_d,0,0,0,0
Vac_78,78,SOC,N_VacRZV_d,0,0,0,0
Vac_79,79,RZV_1d,N0,1,1,1,1
Vac_79,79,RZV_1d,Year0,2024,2024,2024,2024
Vac_79,79,RZV_1d,Year_Life,10.405068141762454,10.40507139157423,10.40497205738822,10.405142559407514
Vac_79,79,RZV_1d,Year_Immunised,8.324390150462444,8.353941475313258,7.219469154357176,9.199888827557867
Vac_79,79,RZV_1d,Risk_HZ,0.019468577289402076,0.01911634819586859,0.011309388299502624,0.030156084854103163
Vac_79,79,RZV_1d,Risk_Hosp,0.0014396253955378203,0.0014055290542627484,8.171062209107718e-4,0.0022337631933899895
Vac_79,79,RZV_1d,Risk_PHN,0.00173294253056443,0.0017021018607357502,9.96486798223433e-4,0.0026893001991585234
Vac_79,79,RZV_1d,Risk_Death,3.596287470547501e-5,3.526295263699357e-5,2.0891397192191098e-5,5.497724569265362e-5
Vac_79,79,RZV_1d,Q_Life,7.760376699868584,7.760378953613666,7.760311764668501,7.7604266776829265
Vac_79,79,RZV_1d,Q_HZ,-0.002932528817853494,-0.002851552591798796,-0.004600228805611668,-0.0016807008925129657
Vac_79,79,RZV_1d,Q_HZ_Norm,-8.577492191152353e-4,-8.358630463994579e-4,-0.0013414242508524295,-4.881924835303528e-4
Vac_79,79,RZV_1d,Q_All,7.7330893797131735,7.7331698598534775,7.73136275276637,7.734384214361227
Vac_79,79,RZV_1d,Q_HZ_d,-0.0022448826516078316,-0.0021684456434227844,-0.0035746261380665235,-0.001271337823591215
Vac_79,79,RZV_1d,Q_HZ_Norm_d,-6.63334584608926e-4,-6.454807465971434e-4,-0.0010601158803821074,-3.7564533996924896e-4
Vac_79,79,RZV_1d,Q_Life_d,6.352247618709607,6.35224916198403,6.352204189225777,6.352279653219
Vac_79,79,RZV_1d,Q_All_d,6.350002736057999,6.35007821867239,6.348646614418748,6.351003620769469
Vac_79,79,RZV_1d,C_Hosp,6.478094197892957,6.31040994001485,3.6584729087533656,10.212918437874714
Vac_79,79,RZV_1d,C_GP_NonPHN,2.084600244327014,2.046398227332225,1.2120635270634785,3.2350548210996064
Vac_79,79,RZV_1d,C_GP_PHN,0.9186374927637541,0.9004470021662038,0.528979782831892,1.4191141906571212
Vac_79,79,RZV_1d,C_GP,3.0032377370907684,2.94377795823375,1.7548091599389628,4.643948338858151
Vac_79,79,RZV_1d,C_Med,9.481331934983725,9.242722937561503,5.396792892551218,14.754920399268192
Vac_79,79,RZV_1d,C_VacZVL,0,0,0,0
Vac_79,79,RZV_1d,C_VacRZV,85,85,85,85
Vac_79,79,RZV_1d,C_Vac,85,85,85,85
Vac_79,79,RZV_1d,C_All,94.48133193498373,94.2427229375615,90.39679289255123,99.75492039926819
Vac_79,79,RZV_1d,C_Hosp_d,4.681969369043059,4.559325779608348,2.6265429446720856,7.421823351164918
Vac_79,79,RZV_1d,C_GP_NonPHN_d,1.6160041297069507,1.578736922761525,0.9285230816194849,2.529779025783655
Vac_79,79,RZV_1d,C_GP_PHN_d,0.7166171950244448,0.6991244693699087,0.40674574107973804,1.1368948105396721
Vac_79,79,RZV_1d,C_GP_d,2.3326213247313956,2.28114845612344,1.355527940652524,3.659149673142418
Vac_79,79,RZV_1d,C_Med_d,7.014590693774454,6.844969646547351,3.9755279812205715,11.077212387637836
Vac_79,79,RZV_1d,C_VacZVL_d,0,0,0,0
Vac_79,79,RZV_1d,C_VacRZV_d,85,85,85,85
Vac_79,79,RZV_1d,C_Vac_d,85,85,85,85
Vac_79,79,RZV_1d,C_All_d,92.01459069377445,91.84496964654736,88.97552798122057,96.07721238763784
Vac_79,79,RZV_1d,N_VacZVL,0,0,0,0
Vac_79,79,RZV_1d,N_VacRZV,1,1,1,1
Vac_79,79,RZV_1d,N_VacZVL_d,0,0,0,0
Vac_79,79,RZV_1d,N_VacRZV_d,1,1,1,1
Vac_79,79,RZV_2d,N0,1,1,1,1
Vac_79,79,RZV_2d,Year0,2024,2024,2024,2024
Vac_79,79,RZV_2d,Year_Life,10.40508821633632,10.4050912265811,10.40500099925285,10.405158334038708
Vac_79,79,RZV_2d,Year_Immunised,8.587166280766706,8.618831650766541,7.628615520725787,9.388638166310653
Vac_79,79,RZV_2d,Risk_HZ,0.016992359906139603,0.016670186312678047,0.009473188061049576,0.025850528148674518
Vac_79,79,RZV_2d,Risk_Hosp,0.0012850396895002926,0.0012511814164572108,6.964813707835316e-4,0.0020449931039608097
Vac_79,79,RZV_2d,Risk_PHN,0.0015103190588564208,0.0014834782001605787,8.311711995751593e-4,0.0023217737845381294
Vac_79,79,RZV_2d,Risk_Death,3.2430252478840995e-5,3.1733038373238624e-5,1.7374918126758106e-5,5.121349389069484e-5
Vac_79,79,RZV_2d,Q_Life,7.7603903406129735,7.760392410359941,7.760332239024838,7.760437080657759
Vac_79,79,RZV_2d,Q_HZ,-0.0025672010005032488,-0.002495234337391217,-0.003985721627958606,-0.001434283707375876
Vac_79,79,RZV_2d,Q_HZ_Norm,-7.477955620315881e-4,-7.305260297896946e-4,-0.001172370121868873,-4.22333953238441e-4
Vac_79,79,RZV_2d,Q_All,7.733468089088945,7.733541204245304,7.731992802259151,7.734651655328884
Vac_79,79,RZV_2d,Q_HZ_d,-0.0019432714723982552,-0.0018915187970533092,-0.003035640865390342,-0.0010921918245402535
Vac_79,79,RZV_2d,Q_HZ_Norm_d,-5.717292743815994e-4,-5.595040482349143e-4,-8.936852926147813e-4,-3.2115406658880433e-4
Vac_79,79,RZV_2d,Q_Life_d,6.352256779904615,6.352258272998282,6.352220467181994,6.35228628711893
Vac_79,79,RZV_2d,Q_All_d,6.350313508432216,6.350367852481471,6.3491995330200695,6.351188336592762
Vac_79,79,RZV_2d,C_Hosp,5.79716607137457,5.625413079337616,3.1423520671728373,9.411076341334166
Vac_79,79,RZV_2d,C_GP_NonPHN,1.8154610836275085,1.782648227546387,1.0116544791478859,2.7709812989727105
Vac_79,79,RZV_2d,C_GP_PHN,0.7988135329105307,0.7829529987605557,0.4407496636404834,1.23473297261278
Vac_79,79,RZV_2d,C_GP,2.6142746165380393,2.5630280118540827,1.458743121610167,3.99238517609239
Vac_79,79,RZV_2d,C_Med,8.41144068791261,8.188134351615888,4.617563647091309,13.41898934850989
Vac_79,79,RZV_2d,C_VacZVL,0,0,0,0
Vac_79,79,RZV_2d,C_VacRZV,170,170,170,170
Vac_79,79,RZV_2d,C_Vac,170,170,170,170
Vac_79,79,RZV_2d,C_All,178.4114406879126,178.1881343516159,174.61756364709132,183.4189893485099
Vac_79,79,RZV_2d,C_Hosp_d,4.152218124620919,4.0277417713246875,2.249071527764469,6.724056257466266
Vac_79,79,RZV_2d,C_GP_NonPHN_d,1.3913885010515386,1.3691420296655554,0.7788119011959498,2.119733920700064
Vac_79,79,RZV_2d,C_GP_PHN_d,0.6162998936179221,0.6029798306229157,0.34405108313644683,0.9571151802084286
Vac_79,79,RZV_2d,C_GP_d,2.0076883946694606,1.9744339847837935,1.127277679134025,3.0667885199606957
Vac_79,79,RZV_2d,C_Med_d,6.15990651929038,5.985875685332302,3.3811812834477335,9.777790211555867
Vac_79,79,RZV_2d,C_VacZVL_d,0,0,0,0
Vac_79,79,RZV_2d,C_VacRZV_d,170,170,170,170
Vac_79,79,RZV_2d,C_Vac_d,170,170,170,170
Vac_79,79,RZV_2d,C_All_d,176.1599065192904,175.9858756853323,173.38118128344775,179.7777902115559
Vac_79,79,RZV_2d,N_VacZVL,0,0,0,0
Vac_79,79,RZV_2d,N_VacRZV,2,2,2,2
Vac_79,79,RZV_2d,N_VacZVL_d,0,0,0,0
Vac_79,79,RZV_2d,N_VacRZV_d,2,2,2,2
Vac_79,79,SOC,N0,1,1,1,1
Vac_79,79,SOC,Year0,2024,2024,2024,2024
Vac_79,79,SOC,Year_Life,10.404434215317494,10.404434384905418,10.40431832939804,10.404543472709031
Vac_79,79,SOC,Year_Immunised,0,0,0,0
Vac_79,79,SOC,Risk_HZ,0.09794602947022268,0.09792922395756855,0.09523727865702208,0.10075160127006418
Vac_79,79,SOC,Risk_Hosp,0.006303757805081838,0.0062738774283035625,0.005363604933827185,0.007374720684283914
Vac_79,79,SOC,Risk_PHN,0.008802094411451755,0.008795553072871786,0.008022497739223866,0.009707443392676833
Vac_79,79,SOC,Risk_Death,1.4687584452773014e-4,1.4655677740372004e-4,1.2676260596864404e-4,1.692985511182213e-4
Vac_79,79,SOC,Q_Life,7.7599457240086025,7.75994598961511,7.759867446806957,7.760019551996721
Vac_79,79,SOC,Q_HZ,-0.014496954463998164,-0.0144236509001771,-0.01670184908452289,-0.012645409488219603
Vac_79,79,SOC,Q_HZ_Norm,-0.00434619535432941,-0.004335433249999283,-0.004998607011898305,-0.0037625897984817722
Vac_79,79,SOC,Q_All,7.7211020104769466,7.721171835619548,7.718888192144657,7.722960139188779
Vac_79,79,SOC,Q_HZ_d,-0.011816589909934417,-0.011762603075173371,-0.013581109490843141,-0.010316631830988316
Vac_79,79,SOC,Q_HZ_Norm_d,-0.003576469500727764,-0.00356623701107232,-0.004099373624801613,-0.003101875079416669
Vac_79,79,SOC,Q_Life_d,6.351957704896938,6.3519580593201,6.351906410255616,6.352005891201297
Vac_79,79,SOC,Q_All_d,6.340141114987003,6.340190933846198,6.338376398452725,6.341647546061999
Vac_79,79,SOC,C_Hosp,27.88320068442157,27.766092685452925,23.327429289983932,33.0128325079107
Vac_79,79,SOC,C_GP_NonPHN,10.616629601936346,10.614918318913828,10.270607255025416,10.975961389512682
Vac_79,79,SOC,C_GP_PHN,4.724109558199335,4.720569065883934,4.234345157517429,5.270964311944457
Vac_79,79,SOC,C_GP,15.34073916013568,15.34013324914428,14.725174069357742,16.02263368140466
Vac_79,79,SOC,C_Med,43.22393984455725,43.15533060126462,38.73194349553902,48.22422908926289
Vac_79,79,SOC,C_VacZVL,0,0,0,0
Vac_79,79,SOC,C_VacRZV,0,0,0,0
Vac_79,79,SOC,C_Vac,0,0,0,0
Vac_79,79,SOC,C_All,43.22393984455725,43.15533060126462,38.73194349553902,48.22422908926289
Vac_79,79,SOC,C_Hosp_d,21.37988573938352,21.307217580206338,17.856625578567858,25.336770208344902
Vac_79,79,SOC,C_GP_NonPHN_d,8.753659514586944,8.752939221995597,8.466213959697418,9.057904878908834
Vac_79,79,SOC,C_GP_PHN_d,3.9090971963265897,3.906533824117666,3.508106743545221,4.369605835807821
Vac_79,79,SOC,C_GP_d,12.662756710913534,12.659025238044578,12.156815213904006,13.21190536625899
Vac_79,79,SOC,C_Med_d,34.04264245029705,33.95930275348658,30.525920855393537,37.962664068083605
Vac_79,79,SOC,C_VacZVL_d,0,0,0,0
Vac_79,79,SOC,C_VacRZV_d,0,0,0,0
Vac_79,79,SOC,C_Vac_d,0,0,0,0
Vac_79,79,SOC,C_All_d,34.04264245029705,33.95930275348658,30.525920855393537,37.962664068083605
Vac_79,79,SOC,N_VacZVL,0,0,0,0
Vac_79,79,SOC,N_VacRZV,0,0,0,0
Vac_79,79,SOC,N_VacZVL_d,0,0,0,0
Vac_79,79,SOC,N_VacRZV_d,0,0,0,0
Vac_80,80,RZV_1d,N0,1,1,1,1
Vac_80,80,RZV_1d,Year0,2024,2024,2024,2024
Vac_80,80,RZV_1d,Year_Life,9.785903529182157,9.785906994437092,9.785808187635135,9.785974261375836
Vac_80,80,RZV_1d,Year_Immunised,7.882378791029736,7.911834527658954,6.8387033371436114,8.683685329028245
Vac_80,80,RZV_1d,Risk_HZ,0.017800750538285365,0.01744894759121742,0.010376195784163312,0.027592425608939104
Vac_80,80,RZV_1d,Risk_Hosp,0.0013653313891198518,0.0013297489047981509,7.75082908139346e-4,0.0021212368247338015
Vac_80,80,RZV_1d,Risk_PHN,0.0015830988033078387,0.001545876357644714,9.048123338991761e-4,0.0024853505577414384
Vac_80,80,RZV_1d,Risk_Death,3.461118570459119e-5,3.391186735013707e-5,2.0033530007901424e-5,5.3727901827193085e-5
Vac_80,80,RZV_1d,Q_Life,7.288792248902212,7.288794577294102,7.2887280633051095,7.288839501178651
Vac_80,80,RZV_1d,Q_HZ,-0.0026951812017811366,-0.002617480924895405,-0.004273470075409342,-0.0015369231196999645
Vac_80,80,RZV_1d,Q_HZ_Norm,-7.826172662148738e-4,-7.627930110899517e-4,-0.0012329160595088312,-4.465751253524235e-4
Vac_80,80,RZV_1d,Q_All,7.260755947886425,7.260840485924444,7.259117248279785,7.261956695366373
Vac_80,80,RZV_1d,Q_HZ_d,-0.002095032965461186,-0.002024457161949417,-0.0033676894854388147,-0.0011767048747849099
Vac_80,80,RZV_1d,Q_HZ_Norm_d,-6.139451785172347e-4,-5.951030162493435e-4,-9.852359196468644e-4,-3.446679511684109e-4
Vac_80,80,RZV_1d,Q_Life_d,6.027993021280091,6.027994753182142,6.027949963180572,6.028023863846156
Vac_80,80,RZV_1d,Q_All_d,6.02589798831463,6.025973776930876,6.024579199349971,6.026844119001314
Vac_80,80,RZV_1d,C_Hosp,6.165850398405218,6.014282328810478,3.45623048938987,9.72683096825952
Vac_80,80,RZV_1d,C_GP_NonPHN,1.8994011957759032,1.859280124705181,1.0970762291583487,2.9604427500027937
Vac_80,80,RZV_1d,C_GP_PHN,0.8363909622749398,0.8190748324642751,0.47630360176860576,1.3138172893393159
Vac_80,80,RZV_1d,C_GP,2.735792158050843,2.680581067126773,1.5923081053529884,4.261105215884349
Vac_80,80,RZV_1d,C_Med,8.90164255645606,8.679591715257835,5.056984034702626,13.984027017872402
Vac_80,80,RZV_1d,C_VacZVL,0,0,0,0
Vac_80,80,RZV_1d,C_VacRZV,85,85,85,85
Vac_80,80,RZV_1d,C_Vac,85,85,85,85
Vac_80,80,RZV_1d,C_All,93.90164255645607,93.67959171525783,90.05698403470262,98.9840270178724
Vac_80,80,RZV_1d,C_Hosp_d,4.555715032640216,4.429104078981936,2.5389387300025463,7.2971071486231205
Vac_80,80,RZV_1d,C_GP_NonPHN_d,1.4934801040384444,1.455695156839824,0.8567127840053568,2.3745956709358382
Vac_80,80,RZV_1d,C_GP_PHN_d,0.6623017117556077,0.6436825835862057,0.3732786426014006,1.0581046244727677
Vac_80,80,RZV_1d,C_GP_d,2.155781815794052,2.100491853395324,1.2365263014741286,3.4218728744634967
Vac_80,80,RZV_1d,C_Med_d,6.711496848434268,6.533512271445581,3.81200442899851,10.659864296132243
Vac_80,80,RZV_1d,C_VacZVL_d,0,0,0,0
Vac_80,80,RZV_1d,C_VacRZV_d,85,85,85,85
Vac_80,80,RZV_1d,C_Vac_d,85,85,85,85
Vac_80,80,RZV_1d,C_All_d,91.71149684843427,91.53351227144557,88.8120044289985,95.65986429613224
Vac_80,80,RZV_1d,N_VacZVL,0,0,0,0
Vac_80,80,RZV_1d,N_VacRZV,1,1,1,1
Vac_80,80,RZV_1d,N_VacZVL_d,0,0,0,0
Vac_80,80,RZV_1d,N_VacRZV_d,1,1,1,1
Vac_80,80,RZV_2d,N0,1,1,1,1
Vac_80,80,RZV_2d,Year0,2024,2024,2024,2024
Vac_80,80,RZV_2d,Year_Life,9.785923496383694,9.785926794831266,9.785842951451798,9.785988631152524
Vac_80,80,RZV_2d,Year_Immunised,8.130932235320838,8.158413900366801,7.264710121222082,8.862477763644975
Vac_80,80,RZV_2d,Risk_HZ,0.015454927587574187,0.01518425854962533,0.008618211651700534,0.02346924299026708
Vac_80,80,RZV_2d,Risk_Hosp,0.001211069750541783,0.0011776385809480847,6.582212998914418e-4,0.001932903752054647
Vac_80,80,RZV_2d,Risk_PHN,0.001371671384400265,0.001347255916180847,7.514382141870586e-4,0.0021175672233783604
Vac_80,80,RZV_2d,Risk_Death,3.100230761095846e-5,3.0332817891739084e-5,1.666646208307506e-5,4.884183236491446e-5
Vac_80,80,RZV_2d,Q_Life,7.288805780988433,7.2888080664880786,7.288752463387892,7.288849288814729
Vac_80,80,RZV_2d,Q_HZ,-0.0023466896384068884,-0.0022841251777279527,-0.003652873211784659,-0.0013085470113525792
Vac_80,80,RZV_2d,Q_HZ_Norm,-6.787305209103427e-4,-6.624066658744189e-4,-0.0010633001253103297,-3.828081907824017e-4
Vac_80,80,RZV_2d,Q_All,7.261117700471288,7.261182639192263,7.259776496780631,7.262193434367557
Vac_80,80,RZV_2d,Q_HZ_d,-0.0018041826121262584,-0.0017530667581172653,-0.002823521922535946,-0.0010090484506617076
Vac_80,80,RZV_2d,Q_HZ_Norm_d,-5.265340354577566e-4,-5.150518742118675e-4,-8.214852410797096e-4,-2.952823949301712e-4
Vac_80,80,RZV_2d,Q_Life_d,6.0280023155048355,6.028003863764949,6.02796743383708,6.0280307194437555
Vac_80,80,RZV_2d,Q_All_d,6.026198132892709,6.026250615031575,6.025150637164225,6.027014915805182
Vac_80,80,RZV_2d,C_Hosp,5.482747637461642,5.325903576790522,2.9574088679860706,8.92180700532664
Vac_80,80,RZV_2d,C_GP_NonPHN,1.6454667133108238,1.618783519711028,0.9195553866143493,2.505898966985923
Vac_80,80,RZV_2d,C_GP_PHN,0.7230034398106913,0.7076678970896871,0.400709832493442,1.114463574714936
Vac_80,80,RZV_2d,C_GP,2.368470153121515,2.328476966228757,1.3179202029059163,3.6204267828770966
Vac_80,80,RZV_2d,C_Med,7.851217790583157,7.646296012060779,4.304124220114646,12.493139068579506
Vac_80,80,RZV_2d,C_VacZVL,0,0,0,0
Vac_80,80,RZV_2d,C_VacRZV,170,170,170,170
Vac_80,80,RZV_2d,C_Vac,170,170,170,170
Vac_80,80,RZV_2d,C_All,177.85121779058315,177.6462960120608,174.30412422011466,182.4931390685795
Vac_80,80,RZV_2d,C_Hosp_d,4.014388056030438,3.893089469314411,2.177138847357567,6.493240234185995
Vac_80,80,RZV_2d,C_GP_NonPHN_d,1.2794594835019344,1.258191706624928,0.7149308403572245,1.9592925584077872
Vac_80,80,RZV_2d,C_GP_PHN_d,0.5663270773258622,0.5534081369872323,0.3158456129282913,0.8708591979499467
Vac_80,80,RZV_2d,C_GP_d,1.8457865608277966,1.8159016909060295,1.0300399125310136,2.8161994799587218
Vac_80,80,RZV_2d,C_Med_d,5.8601746168582345,5.692718231046085,3.2371174409600845,9.273482455326594
Vac_80,80,RZV_2d,C_VacZVL_d,0,0,0,0
Vac_80,80,RZV_2d,C_VacRZV_d,170,170,170,170
Vac_80,80,RZV_2d,C_Vac_d,170,170,170,170
Vac_80,80,RZV_2d,C_All_d,175.86017461685825,175.6927182310461,173.23711744096008,179.2734824553266
Vac_80,80,RZV_2d,N_VacZVL,0,0,0,0
Vac_80,80,RZV_2d,N_VacRZV,2,2,2,2
Vac_80,80,RZV_2d,N_VacZVL_d,0,0,0,0
Vac_80,80,RZV_2d,N_VacRZV_d,2,2,2,2
Vac_80,80,SOC,N0,1,1,1,1
Vac_80,80,SOC,Year0,2024,2024,2024,2024
Vac_80,80,SOC,Year_Life,9.785271712173259,9.785272354436128,9.785157106443847,9.785379509887994
Vac_80,80,SOC,Year_Immunised,0,0,0,0
Vac_80,80,SOC,Risk_HZ,0.0922353906994936,0.09220808712747737,0.0895686000087874,0.09498387187718998
Vac_80,80,SOC,Risk_Hosp,0.00622924814288241,0.006206594401856541,0.0052554852572390546,0.007278077412055374
Vac_80,80,SOC,Risk_PHN,0.008307478896248156,0.008295117473430296,0.007500207657876106,0.009199440358118819
Vac_80,80,SOC,Risk_Death,1.4820060271422708e-4,1.4787494186164202e-4,1.2741391449999675e-4,1.71416243804383e-4
Vac_80,80,SOC,Q_Life,7.288363851097697,7.288364169528008,7.2882864367173,7.288436456940271
Vac_80,80,SOC,Q_HZ,-0.013740504527317413,-0.013673755559261827,-0.015879926006392958,-0.011957104693638672
Vac_80,80,SOC,Q_HZ_Norm,-0.0040826458311773025,-0.004069772687508636,-0.00470317155917166,-0.0035216171971164515
Vac_80,80,SOC,Q_All,7.249290652722746,7.249357292178759,7.247164386967055,7.251089121754323
Vac_80,80,SOC,Q_HZ_d,-0.011334903102993047,-0.011281944631298588,-0.013072689903424927,-0.009887237777466171
Vac_80,80,SOC,Q_HZ_Norm_d,-0.003396610758504862,-0.0033859509684577116,-0.003904116540432363,-0.0029407656224868057
Vac_80,80,SOC,Q_Life_d,6.027698359564793,6.027698476514015,6.027645759098293,6.027747904833358
Vac_80,80,SOC,Q_All_d,6.0163634564618,6.0164168106752225,6.01463181919605,6.017826875041934
Vac_80,80,SOC,C_Hosp,27.685690237699507,27.57928156250987,22.975681891790654,32.87228852013553
Vac_80,80,SOC,C_GP_NonPHN,9.95861628380399,9.95641964015895,9.604415023003016,10.318899666786237
Vac_80,80,SOC,C_GP_PHN,4.443210631654769,4.439334642378467,3.9545820305465607,4.963194387156048
Vac_80,80,SOC,C_GP,14.40182691545876,14.396958972338748,13.80181887525151,15.04595725632864
Vac_80,80,SOC,C_Med,42.08751715315827,42.00217405945368,37.575528787054786,47.285909944515836
Vac_80,80,SOC,C_VacZVL,0,0,0,0
Vac_80,80,SOC,C_VacRZV,0,0,0,0
Vac_80,80,SOC,C_Vac,0,0,0,0
Vac_80,80,SOC,C_All,42.08751715315827,42.00217405945368,37.575528787054786,47.285909944515836
Vac_80,80,SOC,C_Hosp_d,21.65118584943488,21.557706336438358,18.005542889446357,25.964099026469963
Vac_80,80,SOC,C_GP_NonPHN_d,8.300911393319735,8.299262712584763,8.00166801848335,8.604377515289164
Vac_80,80,SOC,C_GP_PHN_d,3.721025704326283,3.7161670322544627,3.3159830160998514,4.161792307790917
Vac_80,80,SOC,C_GP_d,12.021937097646017,12.017379461837274,11.51005882857076,12.573326569904014
Vac_80,80,SOC,C_Med_d,33.6731229470809,33.57954775227554,30.071903536682573,37.838187425816464
Vac_80,80,SOC,C_VacZVL_d,0,0,0,0
Vac_80,80,SOC,C_VacRZV_d,0,0,0,0
Vac_80,80,SOC,C_Vac_d,0,0,0,0
Vac_80,80,SOC,C_All_d,33.6731229470809,33.57954775227554,30.071903536682573,37.838187425816464
Vac_80,80,SOC,N_VacZVL,0,0,0,0
Vac_80,80,SOC,N_VacRZV,0,0,0,0
Vac_80,80,SOC,N_VacZVL_d,0,0,0,0
Vac_80,80,SOC,N_VacRZV_d,0,0,0,0
Vac_81,81,RZV_1d,N0,1,1,1,1
Vac_81,81,RZV_1d,Year0,2024,2024,2024,2024
Vac_81,81,RZV_1d,Year_Life,9.187477315317414,9.187480947425533,9.187385037927102,9.187543499966388
Vac_81,81,RZV_1d,Year_Immunised,7.4498225991238565,7.480263500125314,6.47742841403321,8.17724310308759
Vac_81,81,RZV_1d,Risk_HZ,0.016227737648101634,0.015890250328611147,0.009401646346725002,0.025163816287296734
Vac_81,81,RZV_1d,Risk_Hosp,0.001291232423505963,0.00125624256373541,7.273141588875875e-4,0.002023526772919631
Vac_81,81,RZV_1d,Risk_PHN,0.0014403472689134475,0.0014033277377016786,8.227538616830802e-4,0.002286075255145736
Vac_81,81,RZV_1d,Risk_Death,3.324093815683805e-5,3.257426242778567e-5,1.9106609878787388e-5,5.158291881152461e-5
Vac_81,81,RZV_1d,Q_Life,6.834656614353139,6.8346590323865595,6.834595357209511,6.834700632619391
Vac_81,81,RZV_1d,Q_HZ,-0.0024698172120561483,-0.0023865430829777103,-0.003940390674350184,-0.0013942854361693353
Vac_81,81,RZV_1d,Q_HZ_Norm,-7.119703698964733e-4,-6.929678160178807e-4,-0.0011353759329221353,-4.0236122766833276e-4
Vac_81,81,RZV_1d,Q_All,6.8056872746600705,6.805770613051605,6.804182804573933,6.806805396760297
Vac_81,81,RZV_1d,Q_HZ_d,-0.0019487187991649986,-0.0018796302799353004,-0.003182055291172275,-0.0010878046826182585
Vac_81,81,RZV_1d,Q_HZ_Norm_d,-5.663760338812307e-4,-5.488824936360112e-4,-9.185784643419681e-4,-3.183893582108368e-4
Vac_81,81,RZV_1d,Q_Life_d,5.709883676541348,5.709885299707415,5.7098410602834075,5.709913339631073
Vac_81,81,RZV_1d,Q_All_d,5.707934957742183,5.70800708581979,5.7066747416293016,5.7088220132090335
Vac_81,81,RZV_1d,C_Hosp,5.852991295723693,5.694319053970313,3.2656568184447345,9.312034721544837
Vac_81,81,RZV_1d,C_GP_NonPHN,1.7253249438544878,1.6859719350711735,0.9965716695869875,2.702657016075155
Vac_81,81,RZV_1d,C_GP_PHN,0.7582266786207156,0.738582749621721,0.4269556993305524,1.2041152880844848
Vac_81,81,RZV_1d,C_GP,2.4835516224752037,2.4283784567225135,1.4424399773925856,3.9175197991151767
Vac_81,81,RZV_1d,C_Med,8.336542918198896,8.122347943846648,4.766495199815148,13.215701144244335
Vac_81,81,RZV_1d,C_VacZVL,0,0,0,0
Vac_81,81,RZV_1d,C_VacRZV,85,85,85,85
Vac_81,81,RZV_1d,C_Vac,85,85,85,85
Vac_81,81,RZV_1d,C_All,93.3365429181989,93.12234794384665,89.76649519981515,98.21570114424435
Vac_81,81,RZV_1d,C_Hosp_d,4.417747692412774,4.277425577499413,2.4667737668787106,7.141030523352934
Vac_81,81,RZV_1d,C_GP_NonPHN_d,1.3755075360210693,1.333960193634339,0.7853770975025671,2.212800122726455
Vac_81,81,RZV_1d,C_GP_PHN_d,0.609122580166627,0.5898508258964289,0.34043073062859086,0.9947041025916276
Vac_81,81,RZV_1d,C_GP_d,1.9846301161876965,1.9254663112941948,1.1245267280885156,3.215560967897734
Vac_81,81,RZV_1d,C_Med_d,6.402377808600471,6.234374330966646,3.611640644404947,10.221897706813218
Vac_81,81,RZV_1d,C_VacZVL_d,0,0,0,0
Vac_81,81,RZV_1d,C_VacRZV_d,85,85,85,85
Vac_81,81,RZV_1d,C_Vac_d,85,85,85,85
Vac_81,81,RZV_1d,C_All_d,91.40237780860048,91.23437433096666,88.61164064440494,95.22189770681322
Vac_81,81,RZV_1d,N_VacZVL,0,0,0,0
Vac_81,81,RZV_1d,N_VacRZV,1,1,1,1
Vac_81,81,RZV_1d,N_VacZVL_d,0,0,0,0
Vac_81,81,RZV_1d,N_VacRZV_d,1,1,1,1
Vac_81,81,RZV_2d,N0,1,1,1,1
Vac_81,81,RZV_2d,Year0,2024,2024,2024,2024
Vac_81,81,RZV_2d,Year_Life,9.18749711140469,9.18750038071287,9.187421772875222,9.187557729698687
Vac_81,81,RZV_2d,Year_Immunised,7.68448636618786,7.707220798083252,6.9042996034509,8.34642667217219
Vac_81,81,RZV_2d,Risk_HZ,0.014012218357582895,0.013762276952419307,0.00788169321963197,0.02125728029705212
Vac_81,81,RZV_2d,Risk_Hosp,0.00113777602969436,0.0011073984066715642,6.174673764871681e-4,0.0018161603020561503
Vac_81,81,RZV_2d,Risk_PHN,0.0012404478560895276,0.0012152280210796411,6.809190356521483e-4,0.001909664265092055
Vac_81,81,RZV_2d,Risk_Death,2.9558451449102982e-5,2.90047367951117e-5,1.6197193338712188e-5,4.637309601767901e-5
Vac_81,81,RZV_2d,Q_Life,6.834669992197983,6.834672243700165,6.834619537131967,6.8347101765901055
Vac_81,81,RZV_2d,Q_HZ,-0.0021383721087758108,-0.002080038877078927,-0.0033534217004374854,-0.001190842614328601
Vac_81,81,RZV_2d,Q_HZ_Norm,-6.141016855601746e-4,-6.005719155752543e-4,-9.614871261178583e-4,-3.450352751496444e-4
Vac_81,81,RZV_2d,Q_All,6.806031813365961,6.806092971064305,6.8047824348451345,6.8070111311926
Vac_81,81,RZV_2d,Q_HZ_d,-0.001669171090371586,-0.0016210649833093868,-0.0026284559630170407,-9.359629700043759e-4
Vac_81,81,RZV_2d,Q_HZ_Norm_d,-4.832319300146383e-4,-4.727086362345588e-4,-7.554700998673055e-4,-2.6886910016276743e-4
Vac_81,81,RZV_2d,Q_Life_d,5.709893068284114,5.709894583888083,5.709859137890449,5.70991981975756
Vac_81,81,RZV_2d,Q_All_d,5.708223897193743,5.708271552212642,5.707239718271024,5.708983145145059
Vac_81,81,RZV_2d,C_Hosp,5.169678121646699,5.019155518848932,2.789086849991631,8.388058805846523
Vac_81,81,RZV_2d,C_GP_NonPHN,1.4864919443742126,1.4649499604922291,0.8331200081093524,2.2655971158239065
Vac_81,81,RZV_2d,C_GP_PHN,0.6514353783293334,0.6392406809727812,0.35942714883978755,1.0057330580897181
Vac_81,81,RZV_2d,C_GP,2.137927322703546,2.1027930599958777,1.1956340207459586,3.261789133686154
Vac_81,81,RZV_2d,C_Med,7.307605444350245,7.092092107406398,4.022273241760352,11.632236972990494
Vac_81,81,RZV_2d,C_VacZVL,0,0,0,0
Vac_81,81,RZV_2d,C_VacRZV,170,170,170,170
Vac_81,81,RZV_2d,C_Vac,170,170,170,170
Vac_81,81,RZV_2d,C_All,177.30760544435026,177.09209210740642,174.02227324176036,181.63223697299048
Vac_81,81,RZV_2d,C_Hosp_d,3.866685589097554,3.7437772949934773,2.107933005676636,6.259343682181161
Vac_81,81,RZV_2d,C_GP_NonPHN_d,1.1722849241397497,1.1514865501594385,0.6567149933120904,1.7941880723178982
Vac_81,81,RZV_2d,C_GP_PHN_d,0.5177763200284733,0.507845902865486,0.28825488234111835,0.8023897283910457
Vac_81,81,RZV_2d,C_GP_d,1.690061244168223,1.6619202660885413,0.9387065038094691,2.596520393757557
Vac_81,81,RZV_2d,C_Med_d,5.556746833265777,5.397137518097339,3.089959320723402,8.799856509114358
Vac_81,81,RZV_2d,C_VacZVL_d,0,0,0,0
Vac_81,81,RZV_2d,C_VacRZV_d,170,170,170,170
Vac_81,81,RZV_2d,C_Vac_d,170,170,170,170
Vac_81,81,RZV_2d,C_All_d,175.55674683326578,175.39713751809734,173.0899593207234,178.79985650911436
Vac_81,81,RZV_2d,N_VacZVL,0,0,0,0
Vac_81,81,RZV_2d,N_VacRZV,2,2,2,2
Vac_81,81,RZV_2d,N_VacZVL_d,0,0,0,0
Vac_81,81,RZV_2d,N_VacRZV_d,2,2,2,2
Vac_81,81,SOC,N0,1,1,1,1
Vac_81,81,SOC,Year0,2024,2024,2024,2024
Vac_81,81,SOC,Year_Life,9.18684968287123,9.186851013172106,9.186736785179834,9.186956442413422
Vac_81,81,SOC,Year_Immunised,0,0,0,0
Vac_81,81,SOC,Risk_HZ,0.086603856395021,0.08655836741246405,0.08406900130994133,0.08927359274941686
Vac_81,81,SOC,Risk_Hosp,0.006140650460065031,0.006114123722908324,0.005157620272498819,0.007230405965947414
Vac_81,81,SOC,Risk_PHN,0.0078078206911813275,0.007791346992644008,0.0069928400637289155,0.008658380826968931
Vac_81,81,SOC,Risk_Death,1.4942582379514423e-4,1.4897020418259483e-4,1.2790501856006322e-4,1.7322084493101212e-4
Vac_81,81,SOC,Q_Life,6.834232280811887,6.8342327744080595,6.834156215454485,6.834304176181018
Vac_81,81,SOC,Q_HZ,-0.012986747406695753,-0.012906890981056414,-0.015055428771933076,-0.011302600663803342
Vac_81,81,SOC,Q_HZ_Norm,-0.0038242700157597952,-0.003814444047186204,-0.0044263520253115685,-0.0032874417795351815
Vac_81,81,SOC,Q_All,6.794754872892495,6.794834211009041,6.792696653316673,6.796447642559652
Vac_81,81,SOC,Q_HZ_d,-0.010837676538203164,-0.0107745201571562,-0.01252638342649403,-0.009442976882615748
Vac_81,81,SOC,Q_HZ_Norm_d,-0.003215616690788076,-0.003206892372655248,-0.0037119757567199776,-0.002771212104739786
Vac_81,81,SOC,Q_Life_d,5.709585395226294,5.709585636191678,5.709532447820615,5.709635338448674
Vac_81,81,SOC,Q_All_d,5.69874771868809,5.698806961292519,5.69706308796941,5.700148828359284
Vac_81,81,SOC,C_Hosp,27.429123666719818,27.328032221761383,22.689141572355407,32.697005906875
Vac_81,81,SOC,C_GP_NonPHN,9.31272566730063,9.309205983959231,8.96453018748052,9.661394746316518
Vac_81,81,SOC,C_GP_PHN,4.160307860906149,4.163289279065683,3.6866140923794894,4.672326561024874
Vac_81,81,SOC,C_GP,13.473033528206779,13.461727977429451,12.864582615994081,14.097247851234652
Vac_81,81,SOC,C_Med,40.902157194926595,40.79002959965831,36.26080038891656,46.050517786926186
Vac_81,81,SOC,C_VacZVL,0,0,0,0
Vac_81,81,SOC,C_VacRZV,0,0,0,0
Vac_81,81,SOC,C_Vac,0,0,0,0
Vac_81,81,SOC,C_All,40.902157194926595,40.79002959965831,36.26080038891656,46.050517786926186
Vac_81,81,SOC,C_Hosp_d,21.857937182254947,21.757912002609977,18.040060255021316,26.182236636489492
Vac_81,81,SOC,C_GP_NonPHN_d,7.844520108346086,7.841637286294699,7.5427441330461376,8.146361209892788
Vac_81,81,SOC,C_GP_PHN_d,3.5242905038991825,3.525658489738513,3.121477276148166,3.951225981720795
Vac_81,81,SOC,C_GP_d,11.368810612245268,11.361711318436035,10.853848295985538,11.894215098791529
Vac_81,81,SOC,C_Med_d,33.22674779450021,33.11114705546164,29.424066225362836,37.54714474218637
Vac_81,81,SOC,C_VacZVL_d,0,0,0,0
Vac_81,81,SOC,C_VacRZV_d,0,0,0,0
Vac_81,81,SOC,C_Vac_d,0,0,0,0
Vac_81,81,SOC,C_All_d,33.22674779450021,33.11114705546164,29.424066225362836,37.54714474218637
Vac_81,81,SOC,N_VacZVL,0,0,0,0
Vac_81,81,SOC,N_VacRZV,0,0,0,0
Vac_81,81,SOC,N_VacZVL_d,0,0,0,0
Vac_81,81,SOC,N_VacRZV_d,0,0,0,0
Vac_82,82,RZV_1d,N0,1,1,1,1
Vac_82,82,RZV_1d,Year0,2024,2024,2024,2024
Vac_82,82,RZV_1d,Year_Life,8.610929631868055,8.610933273630579,8.610841205817783,8.61099145627939
Vac_82,82,RZV_1d,Year_Immunised,7.028024812664497,7.062118944625256,6.150857408219135,7.695430732674065
Vac_82,82,RZV_1d,Risk_HZ,0.014750110724433513,0.014388634013772494,0.008501996462972785,0.023305930884359696
Vac_82,82,RZV_1d,Risk_Hosp,0.001217423923852112,0.0011791387702363083,6.818422301114186e-4,0.0019169197882756858
Vac_82,82,RZV_1d,Risk_PHN,0.001303994617673285,0.0012692984239671737,7.396183910778828e-4,0.0021026223888561063
Vac_82,82,RZV_1d,Risk_Death,3.184931452113186e-5,3.117728674209441e-5,1.8207185594979957e-5,4.994303102760792e-5
Vac_82,82,RZV_1d,Q_Life,6.398668153411474,6.398670634264423,6.398608717662282,6.398709334274774
Vac_82,82,RZV_1d,Q_HZ,-0.002256654277086356,-0.0021777435759407346,-0.003638624115931087,-0.0012635510064543834
Vac_82,82,RZV_1d,Q_HZ_Norm,-6.457777913180115e-4,-6.269636342424636e-4,-0.0010397391365289937,-3.651584222227783e-4
Vac_82,82,RZV_1d,Q_All,6.368541281758042,6.3686236238664,6.36712167151882,6.369566159034105
Vac_82,82,RZV_1d,Q_HZ_d,-0.0018065576378559138,-0.0017387192013763849,-0.002985043975234447,-9.981941022400545e-4
Vac_82,82,RZV_1d,Q_HZ_Norm_d,-5.207521410755644e-4,-5.0271103675272e-4,-8.532383865623736e-4,-2.9125680534103295e-4
Vac_82,82,RZV_1d,Q_Life_d,5.398931235623794,5.398933027026482,5.398889677141637,5.398960182209405
Vac_82,82,RZV_1d,Q_All_d,5.397124677985938,5.3971909577457176,5.395915282164427,5.397960408102205
Vac_82,82,RZV_1d,C_Hosp,5.539774227522775,5.366872222803177,3.1025288709995635,8.855881013912175
Vac_82,82,RZV_1d,C_GP_NonPHN,1.5625099333606463,1.5208604461032527,0.8969075668454299,2.492363968797956
Vac_82,82,RZV_1d,C_GP_PHN,0.6837728901741905,0.6637700656135677,0.3828693821121537,1.1028912132940407
Vac_82,82,RZV_1d,C_GP,2.2462828235348367,2.1848014945091614,1.2895538518912733,3.601691007629028
Vac_82,82,RZV_1d,C_Med,7.786057051057612,7.575194204005113,4.409969994596786,12.494277425172983
Vac_82,82,RZV_1d,C_VacZVL,0,0,0,0
Vac_82,82,RZV_1d,C_VacRZV,85,85,85,85
Vac_82,82,RZV_1d,C_Vac,85,85,85,85
Vac_82,82,RZV_1d,C_All,92.78605705105761,92.57519420400511,89.40996999459678,97.49427742517298
Vac_82,82,RZV_1d,C_Hosp_d,4.2679977539137575,4.116221242528429,2.3799805654474966,6.92041132727025
Vac_82,82,RZV_1d,C_GP_NonPHN_d,1.2626224625451237,1.2202594245536043,0.7107580301566191,2.063435423822818
Vac_82,82,RZV_1d,C_GP_PHN_d,0.5568330291616032,0.5385760658018081,0.3075752315214869,0.9193689640716841
Vac_82,82,RZV_1d,C_GP_d,1.8194554917067267,1.760096735574805,1.0215095066720035,3.0041810807929266
Vac_82,82,RZV_1d,C_Med_d,6.087453245620484,5.9158687970072465,3.436893698919547,9.854405445547497
Vac_82,82,RZV_1d,C_VacZVL_d,0,0,0,0
Vac_82,82,RZV_1d,C_VacRZV_d,85,85,85,85
Vac_82,82,RZV_1d,C_Vac_d,85,85,85,85
Vac_82,82,RZV_1d,C_All_d,91.08745324562048,90.91586879700725,88.43689369891955,94.8544054455475
Vac_82,82,RZV_1d,N_VacZVL,0,0,0,0
Vac_82,82,RZV_1d,N_VacRZV,1,1,1,1
Vac_82,82,RZV_1d,N_VacZVL_d,0,0,0,0
Vac_82,82,RZV_1d,N_VacRZV_d,1,1,1,1
Vac_82,82,RZV_2d,N0,1,1,1,1
Vac_82,82,RZV_2d,Year0,2024,2024,2024,2024
Vac_82,82,RZV_2d,Year_Life,8.61094918421968,8.61095222769201,8.61087767826498,8.611004854462724
Vac_82,82,RZV_2d,Year_Immunised,7.249171436149325,7.275681373631291,6.529792917274481,7.854644719604726
Vac_82,82,RZV_2d,Risk_HZ,0.012664442188744277,0.01244054567794492,0.007123101615365321,0.019250739534009288
Vac_82,82,RZV_2d,Risk_Hosp,0.001065318619981499,0.0010358933868164387,5.805611882072195e-4,0.0016960151448513366
Vac_82,82,RZV_2d,Risk_PHN,0.001116290308241821,0.0010926202092054389,6.107695518047814e-4,0.001728001456616369
Vac_82,82,RZV_2d,Risk_Death,2.8097703628208062e-5,2.7473279723701538e-5,1.548899066902261e-5,4.401646403742949e-5
Vac_82,82,RZV_2d,Q_Life,6.398681325590236,6.398683405628814,6.398634306189911,6.398718134870051
Vac_82,82,RZV_2d,Q_HZ,-0.0019424199519831773,-0.0018863453970162823,-0.0030642569711751165,-0.001077579006630297
Vac_82,82,RZV_2d,Q_HZ_Norm,-5.538715775598545e-4,-5.418634719580951e-4,-8.678455089771159e-4,-3.102433395975961e-4
Vac_82,82,RZV_2d,Q_All,6.36886838934748,6.368926163163284,6.367712030646674,6.369759773942402
Vac_82,82,RZV_2d,Q_HZ_d,-0.0015388262773204846,-0.0014968016485290064,-0.0024340365077222944,-8.589873892158128e-4
Vac_82,82,RZV_2d,Q_HZ_Norm_d,-4.4194399868262703e-4,-4.3218872371585495e-4,-6.924584983918714e-4,-2.469861425999799e-4
Vac_82,82,RZV_2d,Q_Life_d,5.398940682857632,5.39894218039721,5.398907665763738,5.3989659745788225
Vac_82,82,RZV_2d,Q_All_d,5.397401856580312,5.39744387145376,5.396482259740991,5.398106349465016
Vac_82,82,RZV_2d,C_Hosp,4.858547672930165,4.718338714826716,2.635848067757053,7.881348838043185
Vac_82,82,RZV_2d,C_GP_NonPHN,1.3385816575687113,1.3162596556787003,0.7472402993423094,2.0438363879516195
Vac_82,82,RZV_2d,C_GP_PHN,0.5839126509063254,0.5721808474541248,0.32332652467355727,0.9124230356365719
Vac_82,82,RZV_2d,C_GP,1.9224943084750366,1.8903737150708984,1.0690159706105662,2.9384635938586436
Vac_82,82,RZV_2d,C_Med,6.781041981405202,6.598080952571994,3.724058123436334,10.79282563536816
Vac_82,82,RZV_2d,C_VacZVL,0,0,0,0
Vac_82,82,RZV_2d,C_VacRZV,170,170,170,170
Vac_82,82,RZV_2d,C_Vac,170,170,170,170
Vac_82,82,RZV_2d,C_All,176.7810419814052,176.598080952572,173.72405812343632,180.79282563536816
Vac_82,82,RZV_2d,C_Hosp_d,3.709447883763365,3.5962478418026946,2.0225634228254235,6.002587704532493
Vac_82,82,RZV_2d,C_GP_NonPHN_d,1.0703122478626077,1.0520069781970909,0.5952671291014023,1.6508907827482344
Vac_82,82,RZV_2d,C_GP_PHN_d,0.4705909491161723,0.4597952242991893,0.2592919121358875,0.7354994728627405
Vac_82,82,RZV_2d,C_GP_d,1.54090319697878,1.512580156515427,0.8595375399372738,2.3857344358564374
Vac_82,82,RZV_2d,C_Med_d,5.250351080742146,5.098469491206574,2.9237829075955784,8.339831363529626
Vac_82,82,RZV_2d,C_VacZVL_d,0,0,0,0
Vac_82,82,RZV_2d,C_VacRZV_d,170,170,170,170
Vac_82,82,RZV_2d,C_Vac_d,170,170,170,170
Vac_82,82,RZV_2d,C_All_d,175.25035108074215,175.09846949120657,172.92378290759555,178.33983136352964
Vac_82,82,RZV_2d,N_VacZVL,0,0,0,0
Vac_82,82,RZV_2d,N_VacRZV,2,2,2,2
Vac_82,82,RZV_2d,N_VacZVL_d,0,0,0,0
Vac_82,82,RZV_2d,N_VacRZV_d,2,2,2,2
Vac_82,82,SOC,N0,1,1,1,1
Vac_82,82,SOC,Year0,2024,2024,2024,2024
Vac_82,82,SOC,Year_Life,8.610308552792764,8.610310561638519,8.610189956187076,8.610414788340517
Vac_82,82,SOC,Year_Immunised,0,0,0,0
Vac_82,82,SOC,Risk_HZ,0.08107491731476045,0.08102119155121394,0.07871291354995769,0.08374699737005299
Vac_82,82,SOC,Risk_Hosp,0.006033594276420881,0.00600665611070098,0.005017492128976259,0.007131511211217741
Vac_82,82,SOC,Risk_PHN,0.007290414613933535,0.007282488267753472,0.006497048261783422,0.008098828633290167
Vac_82,82,SOC,Risk_Death,1.5048874714753964e-4,1.5028312928760249e-4,1.282193146673346e-4,1.7553662091528854e-4
Vac_82,82,SOC,Q_Life,6.398249563826819,6.398250978745012,6.3981707897949445,6.398320499587064
Vac_82,82,SOC,Q_HZ,-0.012238895310661076,-0.012162047793673997,-0.014267257956236309,-0.010640217454432445
Vac_82,82,SOC,Q_HZ_Norm,-0.003571792184711266,-0.003558886281625144,-0.004151923013388665,-0.0030758141710124664
Vac_82,82,SOC,Q_All,6.358149797776481,6.358230246477513,6.35610988579304,6.359780170177288
Vac_82,82,SOC,Q_HZ_d,-0.010327918589922559,-0.010262733878413647,-0.01200791997813357,-0.009001761254376066
Vac_82,82,SOC,Q_HZ_Norm_d,-0.0030342646919154694,-0.003024268958023644,-0.003517509103901531,-0.0026166192023779253
Vac_82,82,SOC,Q_Life_d,5.398630676868274,5.398631403382497,5.398576751314076,5.39868081732487
Vac_82,82,SOC,Q_All_d,5.388302758278352,5.388361002775222,5.386611673706953,5.389652194158674
Vac_82,82,SOC,C_Hosp,27.093888351095195,27.003140795307132,22.33923433854001,32.348752242911054
Vac_82,82,SOC,C_GP_NonPHN,8.683952468491233,8.678961769825474,8.357415537387496,9.01374123792521
Vac_82,82,SOC,C_GP_PHN,3.86886054501266,3.8659578400349393,3.3885351111045297,4.376114421734771
Vac_82,82,SOC,C_GP,12.552813013503894,12.54360567783308,11.971824112885937,13.153683751205751
Vac_82,82,SOC,C_Med,39.64670136459909,39.57117463611317,35.02322917819158,44.768830686726226
Vac_82,82,SOC,C_VacZVL,0,0,0,0
Vac_82,82,SOC,C_VacRZV,0,0,0,0
Vac_82,82,SOC,C_Vac,0,0,0,0
Vac_82,82,SOC,C_All,39.64670136459909,39.57117463611317,35.02322917819158,44.768830686726226
Vac_82,82,SOC,C_Hosp_d,21.977745053037,21.894592943997363,18.0046286726921,26.37175496304964
Vac_82,82,SOC,C_GP_NonPHN_d,7.389698215955593,7.3837845754225615,7.0998298490896,7.681628475775983
Vac_82,82,SOC,C_GP_PHN_d,3.3119437492259727,3.3131333023808915,2.9106375362133976,3.7411172988132346
Vac_82,82,SOC,C_GP_d,10.701641965181565,10.6901225576409,10.186032559055182,11.21761119405588
Vac_82,82,SOC,C_Med_d,32.67938701821857,32.583933481833284,28.89529414847486,37.0162461130779
Vac_82,82,SOC,C_VacZVL_d,0,0,0,0
Vac_82,82,SOC,C_VacRZV_d,0,0,0,0
Vac_82,82,SOC,C_Vac_d,0,0,0,0
Vac_82,82,SOC,C_All_d,32.67938701821857,32.583933481833284,28.89529414847486,37.0162461130779
Vac_82,82,SOC,N_VacZVL,0,0,0,0
Vac_82,82,SOC,N_VacRZV,0,0,0,0
Vac_82,82,SOC,N_VacZVL_d,0,0,0,0
Vac_82,82,SOC,N_VacRZV_d,0,0,0,0
Vac_83,83,RZV_1d,N0,1,1,1,1
Vac_83,83,RZV_1d,Year0,2024,2024,2024,2024
Vac_83,83,RZV_1d,Year_Life,8.05818438675942,8.05818827427641,8.05809994582578,8.0582429404834
Vac_83,83,RZV_1d,Year_Immunised,6.618970779527653,6.655511094269402,5.8192270534970065,7.2377304509421565
Vac_83,83,RZV_1d,Risk_HZ,0.01337102781929116,0.01301895083597945,0.00763715459606854,0.02152868054027106
Vac_83,83,RZV_1d,Risk_Hosp,0.0011446664016079079,0.00110710435623608,6.370710693934146e-4,0.001834338243306885
Vac_83,83,RZV_1d,Risk_PHN,0.001176121045841335,0.0011417914895551983,6.579005071096799e-4,0.0019276280520415879
Vac_83,83,RZV_1d,Risk_Death,3.0434892396496408e-5,2.9724998475911013e-5,1.7380612893640932e-5,4.854274988534277e-5
Vac_83,83,RZV_1d,Q_Life,5.982053134959517,5.982055769183842,5.981996519898755,5.982091799063641
Vac_83,83,RZV_1d,Q_HZ,-0.0020563036989257673,-0.0019778039302669652,-0.0033703153288261265,-0.0011445260971780073
Vac_83,83,RZV_1d,Q_HZ_Norm,-5.84160268421494e-4,-5.657030592689752e-4,-9.505559862327802e-4,-3.287126610408143e-4
Vac_83,83,RZV_1d,Q_All,5.950488666644468,5.950569531821049,5.949142573419544,5.951438883937491
Vac_83,83,RZV_1d,Q_HZ_d,-0.0016695673985226776,-0.001602796284574464,-0.0027866006563680296,-9.142767216480941e-4
Vac_83,83,RZV_1d,Q_HZ_Norm_d,-4.7734982504368594e-4,-4.5949858487696026e-4,-7.945321801208127e-4,-2.663401596100307e-4
Vac_83,83,RZV_1d,Q_Life_d,5.09663564725089,5.096637668319907,5.0965937809997,5.096663019962232
Vac_83,83,RZV_1d,Q_All_d,5.094966079852368,5.095034635220728,5.093811432903222,5.095745082119917
Vac_83,83,RZV_1d,C_Hosp,5.229263964446459,5.036836012718636,2.9293886325788465,8.48378447930174
Vac_83,83,RZV_1d,C_GP_NonPHN,1.4110025534318065,1.367341368425974,0.8036058055359989,2.273619739651508
Vac_83,83,RZV_1d,C_GP_PHN,0.6141265074808092,0.5940670095602448,0.33877032237368965,1.0108097816408559
Vac_83,83,RZV_1d,C_GP,2.0251290609126156,1.963415546950246,1.1489190457321883,3.316202625662207
Vac_83,83,RZV_1d,C_Med,7.254393025359075,7.029499105680747,4.083992684806242,11.746338128313983
Vac_83,83,RZV_1d,C_VacZVL,0,0,0,0
Vac_83,83,RZV_1d,C_VacRZV,85,85,85,85
Vac_83,83,RZV_1d,C_Vac,85,85,85,85
Vac_83,83,RZV_1d,C_All,92.25439302535908,92.02949910568076,89.08399268480625,96.74633812831398
Vac_83,83,RZV_1d,C_Hosp_d,4.109260889859802,3.958413345134965,2.2775111676783544,6.7516044434732665
Vac_83,83,RZV_1d,C_GP_NonPHN_d,1.1552591663674485,1.110703248838262,0.6476258227922784,1.8859924637051815
Vac_83,83,RZV_1d,C_GP_PHN_d,0.5066954010683322,0.48840161741089577,0.27907230394631893,0.8469093923279605
Vac_83,83,RZV_1d,C_GP_d,1.6619545674357807,1.6037540254327145,0.9263338801951525,2.743218566294864
Vac_83,83,RZV_1d,C_Med_d,5.7712154572955825,5.566839481271849,3.212467637859538,9.446297539508636
Vac_83,83,RZV_1d,C_VacZVL_d,0,0,0,0
Vac_83,83,RZV_1d,C_VacRZV_d,85,85,85,85
Vac_83,83,RZV_1d,C_Vac_d,85,85,85,85
Vac_83,83,RZV_1d,C_All_d,90.77121545729558,90.56683948127186,88.21246763785953,94.44629753950863
Vac_83,83,RZV_1d,N_VacZVL,0,0,0,0
Vac_83,83,RZV_1d,N_VacRZV,1,1,1,1
Vac_83,83,RZV_1d,N_VacZVL_d,0,0,0,0
Vac_83,83,RZV_1d,N_VacRZV_d,1,1,1,1
Vac_83,83,RZV_2d,N0,1,1,1,1
Vac_83,83,RZV_2d,Year0,2024,2024,2024,2024
Vac_83,83,RZV_2d,Year_Life,8.058203613448136,8.058206617292427,8.05813678395494,8.05825444074732
Vac_83,83,RZV_2d,Year_Immunised,6.827033531564623,6.854756893351977,6.178899376588735,7.368978163819264
Vac_83,83,RZV_2d,Risk_HZ,0.01141340353613144,0.011186522749962822,0.006399359005189626,0.01750240821483834
Vac_83,83,RZV_2d,Risk_Hosp,9.943372099442884e-4,9.670418549203265e-4,5.454498487298286e-4,0.0015893331260202904
Vac_83,83,RZV_2d,Risk_PHN,0.0010006488647080066,9.806963469496518e-4,5.499920866620203e-4,0.0015601221597391706
Vac_83,83,RZV_2d,Risk_Death,2.662080292832914e-5,2.6028262351371193e-5,1.4665943966889189e-5,4.163725062368283e-5
Vac_83,83,RZV_2d,Q_Life,5.982066043985756,5.982067949218055,5.982021051197697,5.982099567259656
Vac_83,83,RZV_2d,Q_HZ,-0.0017592521771514229,-0.0017070160016546148,-0.002786721055052593,-9.783693022283445e-4
Vac_83,83,RZV_2d,Q_HZ_Norm,-4.980974825330482e-4,-4.8667032739877164e-4,-7.821531527707817e-4,-2.781487824462328e-4
Vac_83,83,RZV_2d,Q_All,5.950798311863667,5.9508512932376,5.949741973271409,5.951607749184251
Vac_83,83,RZV_2d,Q_HZ_d,-0.0014139901499849597,-0.0013728172091546325,-0.0022264112043183007,-7.901127232268949e-4
Vac_83,83,RZV_2d,Q_HZ_Norm_d,-4.0288512686076713e-4,-3.938258193900049e-4,-6.319898578516762e-4,-2.2350040012310748e-4
Vac_83,83,RZV_2d,Q_Life_d,5.096645100902362,5.096646467018791,5.096612825721654,5.096668785167088
Vac_83,83,RZV_2d,Q_All_d,5.095231110752377,5.095271355256677,5.094385877886605,5.095876508071253
Vac_83,83,RZV_2d,C_Hosp,4.5519779425471505,4.415917430754964,2.49851117708068,7.403216770954325
Vac_83,83,RZV_2d,C_GP_NonPHN,1.2017030339899477,1.1795752846255714,0.6726652572895748,1.8441472370397676
Vac_83,83,RZV_2d,C_GP_PHN,0.5211935386781886,0.5099020591569257,0.2890049935587881,0.8159031432488075
Vac_83,83,RZV_2d,C_GP,1.7228965726681365,1.6917688479717699,0.9546945566928394,2.651604957623514
Vac_83,83,RZV_2d,C_Med,6.274874515215287,6.10158052363579,3.4981591949558113,9.982446483510422
Vac_83,83,RZV_2d,C_VacZVL,0,0,0,0
Vac_83,83,RZV_2d,C_VacRZV,170,170,170,170
Vac_83,83,RZV_2d,C_Vac,170,170,170,170
Vac_83,83,RZV_2d,C_All,176.2748745152153,176.1015805236358,173.4981591949558,179.98244648351042
Vac_83,83,RZV_2d,C_Hosp_d,3.5450983592830716,3.4386848372552112,1.9390922952277003,5.745455725974519
Vac_83,83,RZV_2d,C_GP_NonPHN_d,0.9739020252694479,0.9554977532377933,0.5414610986492586,1.5065687500739176
Vac_83,83,RZV_2d,C_GP_PHN_d,0.42570039194122317,0.41633800266749876,0.23457121480420065,0.6681338732335322
Vac_83,83,RZV_2d,C_GP_d,1.3996024172106711,1.372422622051214,0.7779287961406582,2.177877770179765
Vac_83,83,RZV_2d,C_Med_d,4.944700776493742,4.8008643131517985,2.7698271521674136,7.832140237889222
Vac_83,83,RZV_2d,C_VacZVL_d,0,0,0,0
Vac_83,83,RZV_2d,C_VacRZV_d,170,170,170,170
Vac_83,83,RZV_2d,C_Vac_d,170,170,170,170
Vac_83,83,RZV_2d,C_All_d,174.94470077649373,174.8008643131518,172.7698271521674,177.8321402378892
Vac_83,83,RZV_2d,N_VacZVL,0,0,0,0
Vac_83,83,RZV_2d,N_VacRZV,2,2,2,2
Vac_83,83,RZV_2d,N_VacZVL_d,0,0,0,0
Vac_83,83,RZV_2d,N_VacRZV_d,2,2,2,2
Vac_83,83,SOC,N0,1,1,1,1
Vac_83,83,SOC,Year0,2024,2024,2024,2024
Vac_83,83,SOC,Year_Life,8.05757253882037,8.057574701121005,8.057453431378178,8.0576804800367
Vac_83,83,SOC,Year_Immunised,0,0,0,0
Vac_83,83,SOC,Risk_HZ,0.0756879678584443,0.07567270451978865,0.0734751767294784,0.07807175314492966
Vac_83,83,SOC,Risk_Hosp,0.0059123610776218565,0.005885981095401797,0.004904847239322376,0.007054647624468444
Vac_83,83,SOC,Risk_PHN,0.006780841931977326,0.00678065798791787,0.005990022208946161,0.007581659840974377
Vac_83,83,SOC,Risk_Death,1.51317131102256e-4,1.5112290438857014e-4,1.2830200642997732e-4,1.7719301932201303e-4
Vac_83,83,SOC,Q_Life,5.9816421705873015,5.981643755481766,5.981562638888358,5.981714110491536
Vac_83,83,SOC,Q_HZ,-0.011502801032377054,-0.011441375826989706,-0.013456070184333849,-0.009958517550645949
Vac_83,83,SOC,Q_HZ_Norm,-0.0033270444448459968,-0.0033136778598610835,-0.0038669487247348327,-0.002852554715490797
Vac_83,83,SOC,Q_All,5.940641092918738,5.940703477255859,5.938689830429,5.942199450372104
Vac_83,83,SOC,Q_HZ_d,-0.009811297674109584,-0.009756588771732886,-0.01145723661444609,-0.008503639460989847
Vac_83,83,SOC,Q_HZ_Norm_d,-0.0028544534375034847,-0.0028424461184303642,-0.0033161123415903254,-0.0024498112004612826
Vac_83,83,SOC,Q_Life_d,5.096334385253921,5.096335300327418,5.096277079854534,5.0963859013716455
Vac_83,83,SOC,Q_All_d,5.0865230875798115,5.086578966387172,5.084878754842672,5.0878288883457525
Vac_83,83,SOC,C_Hosp,26.695636942745534,26.574344539469095,21.86424656343125,32.09683081822848
Vac_83,83,SOC,C_GP_NonPHN,8.073607952621774,8.068843402948922,7.753949250193331,8.382966701215116
Vac_83,83,SOC,C_GP_PHN,3.5827351045717637,3.5821545488029036,3.125192986518967,4.09051716431296
Vac_83,83,SOC,C_GP,11.656343057193537,11.648687262558205,11.100278566087463,12.233209934044693
Vac_83,83,SOC,C_Med,38.35197999993907,38.27850123753362,33.636727498246394,43.59991208144696
Vac_83,83,SOC,C_VacZVL,0,0,0,0
Vac_83,83,SOC,C_VacRZV,0,0,0,0
Vac_83,83,SOC,C_Vac,0,0,0,0
Vac_83,83,SOC,C_All,38.35197999993907,38.27850123753362,33.636727498246394,43.59991208144696
Vac_83,83,SOC,C_Hosp_d,22.02357225091862,21.934266971200614,18.020262284722925,26.576164561525413
Vac_83,83,SOC,C_GP_NonPHN_d,6.937904456986697,6.933085945992535,6.655638711266047,7.2159486739309795
Vac_83,83,SOC,C_GP_PHN_d,3.097845934022246,3.0970072492543617,2.7097447585216194,3.5321177329584934
Vac_83,83,SOC,C_GP_d,10.035750391008943,10.027819877575759,9.55209120858012,10.53620084388327
Vac_83,83,SOC,C_Med_d,32.059322641927565,31.98035589783291,28.104608529608957,36.50985453669984
Vac_83,83,SOC,C_VacZVL_d,0,0,0,0
Vac_83,83,SOC,C_VacRZV_d,0,0,0,0
Vac_83,83,SOC,C_Vac_d,0,0,0,0
Vac_83,83,SOC,C_All_d,32.059322641927565,31.98035589783291,28.104608529608957,36.50985453669984
Vac_83,83,SOC,N_VacZVL,0,0,0,0
Vac_83,83,SOC,N_VacRZV,0,0,0,0
Vac_83,83,SOC,N_VacZVL_d,0,0,0,0
Vac_83,83,SOC,N_VacRZV_d,0,0,0,0
Vac_84,84,RZV_1d,N0,1,1,1,1
Vac_84,84,RZV_1d,Year0,2024,2024,2024,2024
Vac_84,84,RZV_1d,Year_Life,7.530316948417203,7.53032119987977,7.530233307387816,7.530371113691248
Vac_84,84,RZV_1d,Year_Immunised,6.224009492065565,6.261741510041668,5.465198969769977,6.786325921219381
Vac_84,84,RZV_1d,Risk_HZ,0.012092359791032849,0.011705536499069712,0.006865320444733902,0.019688891856914637
Vac_84,84,RZV_1d,Risk_Hosp,0.0010729016115602322,0.0010353072791166736,5.92302347879584e-4,0.001752144361388128
Vac_84,84,RZV_1d,Risk_PHN,0.001056645940525267,0.0010219943078215257,5.845865519192186e-4,0.0017594615688709594
Vac_84,84,RZV_1d,Risk_Death,2.8990786030749382e-5,2.827076695350021e-5,1.6585010093854488e-5,4.6803435128781394e-5
Vac_84,84,RZV_1d,Q_Life,5.585419703455027,5.58542263315449,5.585363936205794,5.585455667182236
Vac_84,84,RZV_1d,Q_HZ,-0.0018691791437998105,-0.0017975738249397422,-0.003102277875409442,-0.0010271041829095651
Vac_84,84,RZV_1d,Q_HZ_Norm,-5.271632643698715e-4,-5.083927801412179e-4,-8.730166626763826e-4,-2.9525292081185485e-4
Vac_84,84,RZV_1d,Q_All,5.552068347155416,5.5521423263981475,5.550795934151207,5.552945228484835
Vac_84,84,RZV_1d,Q_HZ_d,-0.0015386673741093527,-0.0014759018565404462,-0.0025951501460254336,-8.404053818631234e-4
Vac_84,84,RZV_1d,Q_HZ_Norm_d,-4.3639481284626566e-4,-4.1857330315169623e-4,-7.395681571779666e-4,-2.4017361348229436e-4
Vac_84,84,RZV_1d,Q_Life_d,4.804044337794214,4.8040464595530485,4.8040030146897355,4.80407054427166
Vac_84,84,RZV_1d,Q_All_d,4.802505670420105,4.802569066745878,4.801406014337015,4.803227981801939
Vac_84,84,RZV_1d,C_Hosp,4.921050610012325,4.735495848327028,2.722147002218913,8.036058311875628
Vac_84,84,RZV_1d,C_GP_NonPHN,1.271040313600972,1.224513543376955,0.7141157885389152,2.071256299022042
Vac_84,84,RZV_1d,C_GP_PHN,0.549259120193145,0.5289794434074798,0.30027600658902454,0.9156024548623197
Vac_84,84,RZV_1d,C_GP,1.820299433794117,1.7592078017376451,1.0263250294018256,2.9921543163275772
Vac_84,84,RZV_1d,C_Med,6.741350043806442,6.5094528684592525,3.781691503589585,10.979507602185253
Vac_84,84,RZV_1d,C_VacZVL,0,0,0,0
Vac_84,84,RZV_1d,C_VacRZV,85,85,85,85
Vac_84,84,RZV_1d,C_Vac,85,85,85,85
Vac_84,84,RZV_1d,C_All,91.74135004380645,91.50945286845925,88.78169150358958,95.97950760218525
Vac_84,84,RZV_1d,C_Hosp_d,3.9410785140077063,3.7863634005839355,2.1366867653750417,6.534778439178873
Vac_84,84,RZV_1d,C_GP_NonPHN_d,1.0541074217832156,1.0105004247622191,0.5920442692421967,1.7525863807602378
Vac_84,84,RZV_1d,C_GP_PHN_d,0.4588694089900931,0.4400652244579209,0.24946717836138346,0.7810698574939298
Vac_84,84,RZV_1d,C_GP_d,1.5129768307733087,1.4571912141873429,0.8428945615775071,2.5227425904208403
Vac_84,84,RZV_1d,C_Med_d,5.454055344781015,5.262837090209819,3.0234682426516444,9.061512769930703
Vac_84,84,RZV_1d,C_VacZVL_d,0,0,0,0
Vac_84,84,RZV_1d,C_VacRZV_d,85,85,85,85
Vac_84,84,RZV_1d,C_Vac_d,85,85,85,85
Vac_84,84,RZV_1d,C_All_d,90.45405534478101,90.26283709020981,88.02346824265163,94.0615127699307
Vac_84,84,RZV_1d,N_VacZVL,0,0,0,0
Vac_84,84,RZV_1d,N_VacRZV,1,1,1,1
Vac_84,84,RZV_1d,N_VacZVL_d,0,0,0,0
Vac_84,84,RZV_1d,N_VacRZV_d,1,1,1,1
Vac_84,84,RZV_2d,N0,1,1,1,1
Vac_84,84,RZV_2d,Year0,2024,2024,2024,2024
Vac_84,84,RZV_2d,Year_Life,7.5303357531583,7.530338547477962,7.530272437796228,7.5303824931615155
Vac_84,84,RZV_2d,Year_Immunised,6.419462031048878,6.444072824378013,5.820497349669595,6.909337796855743
Vac_84,84,RZV_2d,Risk_HZ,0.010259430307321299,0.010074208542529498,0.00571362380648529,0.015851778336034756
Vac_84,84,RZV_2d,Risk_Hosp,9.249219141078759e-4,8.976900882114501e-4,5.056646055515932e-4,0.001464364736762519
Vac_84,84,RZV_2d,Risk_PHN,8.934267410578305e-4,8.75859664291055e-4,4.881389797556086e-4,0.001395632545158832
Vac_84,84,RZV_2d,Risk_Death,2.5124343169176664e-5,2.451821529183187e-5,1.399473636818244e-5,3.970885103897668e-5
Vac_84,84,RZV_2d,Q_Life,5.585432282469916,5.585434068847896,5.585390527017877,5.585463078440337
Vac_84,84,RZV_2d,Q_HZ,-0.0015890610149391457,-0.001543735080827367,-0.002515349026985822,-8.859199988584266e-4
Vac_84,84,RZV_2d,Q_HZ_Norm,-4.4675953472243676e-4,-4.363306744434831e-4,-7.03126789057276e-4,-2.4908184535768274e-4
Vac_84,84,RZV_2d,Q_All,5.552360710578683,5.55240630052907,5.551397875201872,5.5530925722142515
Vac_84,84,RZV_2d,Q_HZ_d,-0.00129536356375779,-0.0012570033014786162,-0.0020510155415546594,-7.220459892125648e-4
Vac_84,84,RZV_2d,Q_HZ_Norm_d,-3.6621376801806863e-4,-3.571761465636354e-4,-5.804471392173212e-4,-2.0191965282212083e-4
Vac_84,84,RZV_2d,Q_Life_d,4.804053738887959,4.804055040513528,4.804023695002814,4.804075958846694
Vac_84,84,RZV_2d,Q_All_d,4.802758375324202,4.8027969195886655,4.801980651050047,4.803354607477029
Vac_84,84,RZV_2d,C_Hosp,4.250261348093353,4.123016585222679,2.3228740831495136,6.913516488917253
Vac_84,84,RZV_2d,C_GP_NonPHN,1.0758856819292257,1.0577743056067568,0.5960045146417948,1.6612055139496984
Vac_84,84,RZV_2d,C_GP_PHN,0.4632244961837141,0.4537583099565766,0.253244709770326,0.7222868940568822
Vac_84,84,RZV_2d,C_GP,1.5391101781129397,1.509705546231792,0.8531881207541686,2.3851247934535222
Vac_84,84,RZV_2d,C_Med,5.789371526206293,5.614320439364892,3.208071667313562,9.237035434258651
Vac_84,84,RZV_2d,C_VacZVL,0,0,0,0
Vac_84,84,RZV_2d,C_VacRZV,170,170,170,170
Vac_84,84,RZV_2d,C_Vac,170,170,170,170
Vac_84,84,RZV_2d,C_All,175.78937152620628,175.61432043936492,173.20807166731353,179.23703543425864
Vac_84,84,RZV_2d,C_Hosp_d,3.373958543583806,3.2702198759186496,1.8525549662897876,5.479427238822798
Vac_84,84,RZV_2d,C_GP_NonPHN_d,0.8835304147476145,0.8677235396551234,0.4884481376723676,1.3844587370356838
Vac_84,84,RZV_2d,C_GP_PHN_d,0.38324256745174295,0.37465971212569704,0.21036055537801615,0.6061243354641132
Vac_84,84,RZV_2d,C_GP_d,1.2667729821993574,1.2403356065884288,0.7070403380188439,1.980460366692824
Vac_84,84,RZV_2d,C_Med_d,4.640731525783163,4.500634241189002,2.5865136505447546,7.4283921952097804
Vac_84,84,RZV_2d,C_VacZVL_d,0,0,0,0
Vac_84,84,RZV_2d,C_VacRZV_d,170,170,170,170
Vac_84,84,RZV_2d,C_Vac_d,170,170,170,170
Vac_84,84,RZV_2d,C_All_d,174.64073152578317,174.500634241189,172.5865136505448,177.42839219520977
Vac_84,84,RZV_2d,N_VacZVL,0,0,0,0
Vac_84,84,RZV_2d,N_VacRZV,2,2,2,2
Vac_84,84,RZV_2d,N_VacZVL_d,0,0,0,0
Vac_84,84,RZV_2d,N_VacRZV_d,2,2,2,2
Vac_84,84,SOC,N0,1,1,1,1
Vac_84,84,SOC,Year0,2024,2024,2024,2024
Vac_84,84,SOC,Year_Life,7.529717481108551,7.529718621534277,7.529594038872865,7.529826421169043
Vac_84,84,SOC,Year_Immunised,0,0,0,0
Vac_84,84,SOC,Risk_HZ,0.07049287502075875,0.07047217427377743,0.06817437809971445,0.07267897469416332
Vac_84,84,SOC,Risk_Hosp,0.005770867729721739,0.005751098422418508,0.004789023985048421,0.006908326848706636
Vac_84,84,SOC,Risk_PHN,0.006275408766519331,0.00626172333254495,0.005481598822315995,0.007058103169494634
Vac_84,84,SOC,Risk_Death,1.5179070863849105e-4,1.5159284414482214e-4,1.2856039283567138e-4,1.778870006399685e-4
Vac_84,84,SOC,Q_Life,5.58501855375873,5.5850193639883825,5.58493673649617,5.585090988540537
Vac_84,84,SOC,Q_HZ,-0.010785686801705474,-0.010720526839293002,-0.012632775233590021,-0.009309975044812522
Vac_84,84,SOC,Q_HZ_Norm,-0.003092068114456771,-0.0030786796306192044,-0.00360568073590497,-0.002633463295435391
Vac_84,84,SOC,Q_All,5.542761183453259,5.54282637096594,5.540911420457104,5.544241077087048
Vac_84,84,SOC,Q_HZ_d,-0.009295359282432195,-0.009238786476176625,-0.010852611117581745,-0.00802515324947278
Vac_84,84,SOC,Q_HZ_Norm_d,-0.0026784363571322237,-0.0026666295032213715,-0.0031211440595816037,-0.0022855181445666207
Vac_84,84,SOC,Q_Life_d,4.803744271264901,4.803744739666806,4.8036847561911555,4.803797485240388
Vac_84,84,SOC,Q_All_d,4.794448911982469,4.794509809753735,4.79287781854082,4.795705516499591
Vac_84,84,SOC,C_Hosp,26.205685433373507,26.035579887419885,21.425665020212094,31.61162695130126
Vac_84,84,SOC,C_GP_NonPHN,7.48907986970634,7.487043289432316,7.1828906703376205,7.780361828554986
Vac_84,84,SOC,C_GP_PHN,3.3003688556025215,3.298190876494142,2.8578381224991354,3.790055256655799
Vac_84,84,SOC,C_GP,10.789448725308862,10.786017880397402,10.247391762280754,11.351561722801035
Vac_84,84,SOC,C_Med,36.99513415868237,36.83951820161252,32.29330042055496,42.20634398800727
Vac_84,84,SOC,C_VacZVL,0,0,0,0
Vac_84,84,SOC,C_VacRZV,0,0,0,0
Vac_84,84,SOC,C_Vac,0,0,0,0
Vac_84,84,SOC,C_All,36.99513415868237,36.83951820161252,32.29330042055496,42.20634398800727
Vac_84,84,SOC,C_Hosp_d,21.963801266016922,21.84014292452617,17.90609866413748,26.55401302110061
Vac_84,84,SOC,C_GP_NonPHN_d,6.497107841955821,6.49532588760491,6.221891922538573,6.756956582474012
Vac_84,84,SOC,C_GP_PHN_d,2.880447494620734,2.87970833482091,2.496690685389378,3.297795621468983
Vac_84,84,SOC,C_GP_d,9.377555336576556,9.376202357380333,8.898444161371883,9.865482358310286
Vac_84,84,SOC,C_Med_d,31.34135660259348,31.21589054648793,27.346469871023064,35.892220848129135
Vac_84,84,SOC,C_VacZVL_d,0,0,0,0
Vac_84,84,SOC,C_VacRZV_d,0,0,0,0
Vac_84,84,SOC,C_Vac_d,0,0,0,0
Vac_84,84,SOC,C_All_d,31.34135660259348,31.21589054648793,27.346469871023064,35.892220848129135
Vac_84,84,SOC,N_VacZVL,0,0,0,0
Vac_84,84,SOC,N_VacRZV,0,0,0,0
Vac_84,84,SOC,N_VacZVL_d,0,0,0,0
Vac_84,84,SOC,N_VacRZV_d,0,0,0,0
Vac_85,85,RZV_1d,N0,1,1,1,1
Vac_85,85,RZV_1d,Year0,2024,2024,2024,2024
Vac_85,85,RZV_1d,Year_Life,7.028334145338289,7.028338231312502,7.028253834863561,7.028384660311334
Vac_85,85,RZV_1d,Year_Immunised,5.844470683246633,5.88458963970899,5.118017039476067,6.361631473501596
Vac_85,85,RZV_1d,Risk_HZ,0.010914608809460219,0.010524667065285834,0.006090691316496604,0.017934133360889195
Vac_85,85,RZV_1d,Risk_Hosp,0.0010030640402725103,9.635478805372708e-4,5.472309740305419e-4,0.001670833174696872
Vac_85,85,RZV_1d,Risk_PHN,9.467239744371736e-4,9.120881249605785e-4,5.218371836565762e-4,0.0016056346022357097
Vac_85,85,RZV_1d,Risk_Death,2.750695408263302e-5,2.6693198901145625e-5,1.56357159708483e-5,4.4726265249932816e-5
Vac_85,85,RZV_1d,Q_Life,5.209304919827972,5.209307730986083,5.209251329592475,5.209338360356755
Vac_85,85,RZV_1d,Q_HZ,-0.0016955256080964066,-0.0016289331219452188,-0.0028454360044693084,-9.21734091778835e-4
Vac_85,85,RZV_1d,Q_HZ_Norm,-4.7476320267513694e-4,-4.558782161055661e-4,-7.941209502390236e-4,-2.630719887851111e-4
Vac_85,85,RZV_1d,Q_All,5.173726137522818,5.173794431763221,5.172519183292274,5.174526087005311
Vac_85,85,RZV_1d,Q_HZ_d,-0.0014146433715432867,-0.0013534818122413641,-0.002420088636681729,-7.688765812583369e-4
Vac_85,85,RZV_1d,Q_HZ_Norm_d,-3.980495465808879e-4,-3.796180886778377e-4,-6.81429196158305e-4,-2.1688106527889057e-4
Vac_85,85,RZV_1d,Q_Life_d,4.522186023952173,4.522188233115196,4.522145144016337,4.522211111023501
Vac_85,85,RZV_1d,Q_All_d,4.52077138058063,4.5208338996019695,4.519723788641677,4.521440678321657
Vac_85,85,RZV_1d,C_Hosp,4.618942211333607,4.439131504030328,2.5250299470497986,7.730987157930739
Vac_85,85,RZV_1d,C_GP_NonPHN,1.1424242709396608,1.0976475464904767,0.6394181385210249,1.8818101046166036
Vac_85,85,RZV_1d,C_GP_PHN,0.48973693224737724,0.47102732001212544,0.26526355092062676,0.8291553151173453
Vac_85,85,RZV_1d,C_GP,1.632161203187038,1.5738256397187993,0.9151484703914451,2.6976199855155034
Vac_85,85,RZV_1d,C_Med,6.251103414520645,6.023671095750796,3.4821768270361595,10.282005660012029
Vac_85,85,RZV_1d,C_VacZVL,0,0,0,0
Vac_85,85,RZV_1d,C_VacRZV,85,85,85,85
Vac_85,85,RZV_1d,C_Vac,85,85,85,85
Vac_85,85,RZV_1d,C_All,91.25110341452064,91.0236710957508,88.48217682703616,95.28200566001202
Vac_85,85,RZV_1d,C_Hosp_d,3.7674487447591867,3.605871670061468,2.041298441712472,6.379017109264766
Vac_85,85,RZV_1d,C_GP_NonPHN_d,0.9594282155320607,0.9177685239650812,0.5352514508131841,1.6000995294384086
Vac_85,85,RZV_1d,C_GP_PHN_d,0.41413996379277934,0.3956247201574966,0.2236313794436577,0.7144150672709749
Vac_85,85,RZV_1d,C_GP_d,1.37356817932484,1.3176936980759295,0.7594300745193944,2.3335963266747193
Vac_85,85,RZV_1d,C_Med_d,5.141016924084027,4.946680249234224,2.8341534305717238,8.635762373713845
Vac_85,85,RZV_1d,C_VacZVL_d,0,0,0,0
Vac_85,85,RZV_1d,C_VacRZV_d,85,85,85,85
Vac_85,85,RZV_1d,C_Vac_d,85,85,85,85
Vac_85,85,RZV_1d,C_All_d,90.14101692408403,89.94668024923422,87.83415343057173,93.63576237371386
Vac_85,85,RZV_1d,N_VacZVL,0,0,0,0
Vac_85,85,RZV_1d,N_VacRZV,1,1,1,1
Vac_85,85,RZV_1d,N_VacZVL_d,0,0,0,0
Vac_85,85,RZV_1d,N_VacRZV_d,1,1,1,1
Vac_85,85,RZV_2d,N0,1,1,1,1
Vac_85,85,RZV_2d,Year0,2024,2024,2024,2024
Vac_85,85,RZV_2d,Year_Life,7.0283524124659165,7.028354926511513,7.028294749290512,7.0283951799501985
Vac_85,85,RZV_2d,Year_Immunised,6.027826214943232,6.047555368934679,5.477467804089408,6.470583812548234
Vac_85,85,RZV_2d,Risk_HZ,0.009201500766713357,0.009014995676624438,0.005095799162836257,0.014331932633609486
Vac_85,85,RZV_2d,Risk_Hosp,8.577722370944801e-4,8.310756643566367e-4,4.718443709189923e-4,0.001358365218975831
Vac_85,85,RZV_2d,Risk_PHN,7.953434990198058e-4,7.801937010180309e-4,4.3653209039595624e-4,0.001252982482702197
Vac_85,85,RZV_2d,Risk_Death,2.3603216621541032e-5,2.2959658012304853e-5,1.3137495389080619e-5,3.732621596599314e-5
Vac_85,85,RZV_2d,Q_Life,5.2093170893507805,5.209318796336711,5.209278733411968,5.209345161062416
Vac_85,85,RZV_2d,Q_HZ,-0.0014318575395981157,-0.0013876944374259452,-0.002269743695792498,-8.000318053106506e-4
Vac_85,85,RZV_2d,Q_HZ_Norm,-3.9977343194563884e-4,-3.8981263161319297e-4,-6.35464847695066e-4,-2.2144394562848368e-4
Vac_85,85,RZV_2d,Q_All,5.174001620800511,5.1740442945116545,5.173134134878329,5.174663532619455
Vac_85,85,RZV_2d,Q_HZ_d,-0.0011834921890934336,-0.0011463856530405255,-0.0018842672451909155,-6.585870007864432e-4
Vac_85,85,RZV_2d,Q_HZ_Norm_d,-3.320272011933027e-4,-3.2300922748892426e-4,-5.292064776642391e-4,-1.8164296484106447e-4
Vac_85,85,RZV_2d,Q_Life_d,4.522195300502631,4.5221966022742315,4.522166769825679,4.522216041770161
Vac_85,85,RZV_2d,Q_All_d,4.5210118083135375,4.521048947552286,4.520287058849495,4.521560708731472
Vac_85,85,RZV_2d,C_Hosp,3.956287385114149,3.8301333821754295,2.1717951863427367,6.448282442962267
Vac_85,85,RZV_2d,C_GP_NonPHN,0.960818775672817,0.9427467327624941,0.5343482173317388,1.4945387888896229
Vac_85,85,RZV_2d,C_GP_PHN,0.4103474212594195,0.401359093953099,0.22695093180164053,0.6482281344476968
Vac_85,85,RZV_2d,C_GP,1.3711661969322366,1.343568804981063,0.762765753029251,2.1311401533052177
Vac_85,85,RZV_2d,C_Med,5.3274535820463855,5.166843768447965,2.964572729748654,8.480550506170607
Vac_85,85,RZV_2d,C_VacZVL,0,0,0,0
Vac_85,85,RZV_2d,C_VacRZV,170,170,170,170
Vac_85,85,RZV_2d,C_Vac,170,170,170,170
Vac_85,85,RZV_2d,C_All,175.3274535820464,175.16684376844796,172.96457272974868,178.48055050617063
Vac_85,85,RZV_2d,C_Hosp_d,3.199149963002924,3.0863143041744863,1.7482685528402981,5.187174528116486
Vac_85,85,RZV_2d,C_GP_NonPHN_d,0.799335932799707,0.7815565211528749,0.44537966932525025,1.253417024402252
Vac_85,85,RZV_2d,C_GP_PHN_d,0.3437739033071859,0.33572983477528506,0.18815107777491757,0.5459415097945011
Vac_85,85,RZV_2d,C_GP_d,1.143109836106893,1.117087533527964,0.6367011338776918,1.790018534106281
Vac_85,85,RZV_2d,C_Med_d,4.342259799109817,4.2066918428815505,2.4147654256504176,6.93815902144876
Vac_85,85,RZV_2d,C_VacZVL_d,0,0,0,0
Vac_85,85,RZV_2d,C_VacRZV_d,170,170,170,170
Vac_85,85,RZV_2d,C_Vac_d,170,170,170,170
Vac_85,85,RZV_2d,C_All_d,174.34225979910983,174.20669184288155,172.41476542565044,176.93815902144877
Vac_85,85,RZV_2d,N_VacZVL,0,0,0,0
Vac_85,85,RZV_2d,N_VacRZV,2,2,2,2
Vac_85,85,RZV_2d,N_VacZVL_d,0,0,0,0
Vac_85,85,RZV_2d,N_VacRZV_d,2,2,2,2
Vac_85,85,SOC,N0,1,1,1,1
Vac_85,85,SOC,Year0,2024,2024,2024,2024
Vac_85,85,SOC,Year_Life,7.0277508435172384,7.027751704837789,7.027631068175763,7.027857592618119
Vac_85,85,SOC,Year_Immunised,0,0,0,0
Vac_85,85,SOC,Risk_HZ,0.06554807313898538,0.06549902586826628,0.06346561171090828,0.0676566436147019
Vac_85,85,SOC,Risk_Hosp,0.005623052284963845,0.00559626004023411,0.004568839719210258,0.006674587484112008
Vac_85,85,SOC,Risk_PHN,0.005790978626454371,0.00578640340845998,0.004984386775127837,0.006586975101089348
Vac_85,85,SOC,Risk_Death,1.5173869456682802e-4,1.5136510778125144e-4,1.2817678602234658e-4,1.7879483809361387e-4
Vac_85,85,SOC,Q_Life,5.208916188313808,5.208916690395925,5.208836640002665,5.208987129583878
Vac_85,85,SOC,Q_HZ,-0.010096532913697377,-0.010033730023832644,-0.01185431767203881,-0.008691598343876204
Vac_85,85,SOC,Q_HZ_Norm,-0.0028693068607316794,-0.002856882085963771,-0.0033564317252107955,-0.002437512524024932
Vac_85,85,SOC,Q_All,5.164947569674211,5.165012866445451,5.163196066222921,5.166353624500986
Vac_85,85,SOC,Q_HZ_d,-0.008789774154861915,-0.008735224983015566,-0.010305117792585583,-0.007583404193492555
Vac_85,85,SOC,Q_HZ_Norm_d,-0.002508971094268522,-0.002497868528759808,-0.0029304926551126514,-0.002136193755853493
Vac_85,85,SOC,Q_Life_d,4.521889477591274,4.521889966598192,4.521829126868327,4.521943245447409
Vac_85,85,SOC,Q_All_d,4.513099703436412,4.513155182471545,4.51157721413283,4.514318367428054
Vac_85,85,SOC,C_Hosp,25.68098183892066,25.572217384493293,20.682696687143242,30.89181842194118
Vac_85,85,SOC,C_GP_NonPHN,6.934053162982342,6.930070555521163,6.63601313639644,7.221289312468455
Vac_85,85,SOC,C_GP_PHN,3.030402431834428,3.02774458839059,2.592894789380253,3.509080607827986
Vac_85,85,SOC,C_GP,9.96445559481677,9.953722942256192,9.451824401889215,10.494765967019996
Vac_85,85,SOC,C_Med,35.64543743373743,35.56200483575975,30.847566325373325,40.788864174326
Vac_85,85,SOC,C_VacZVL,0,0,0,0
Vac_85,85,SOC,C_VacRZV,0,0,0,0
Vac_85,85,SOC,C_Vac,0,0,0,0
Vac_85,85,SOC,C_All,35.64543743373743,35.56200483575975,30.847566325373325,40.788864174326
Vac_85,85,SOC,C_Hosp_d,21.85460615018756,21.781941074957587,17.638196462289738,26.44790931578353
Vac_85,85,SOC,C_GP_NonPHN_d,6.071746390816342,6.068451595731512,5.802875678668125,6.329673497706503
Vac_85,85,SOC,C_GP_PHN_d,2.6686987613294537,2.6636533696394493,2.283867640489212,3.0832256734361536
Vac_85,85,SOC,C_GP_d,8.740445152145796,8.734814944482412,8.289306530075827,9.213251779127535
Vac_85,85,SOC,C_Med_d,30.595051302333356,30.482523965779556,26.39032620173411,35.06652200282708
Vac_85,85,SOC,C_VacZVL_d,0,0,0,0
Vac_85,85,SOC,C_VacRZV_d,0,0,0,0
Vac_85,85,SOC,C_Vac_d,0,0,0,0
Vac_85,85,SOC,C_All_d,30.595051302333356,30.482523965779556,26.39032620173411,35.06652200282708
Vac_85,85,SOC,N_VacZVL,0,0,0,0
Vac_85,85,SOC,N_VacRZV,0,0,0,0
Vac_85,85,SOC,N_VacZVL_d,0,0,0,0
Vac_85,85,SOC,N_VacRZV_d,0,0,0,0
Vac_86,86,RZV_1d,N0,1,1,1,1
Vac_86,86,RZV_1d,Year0,2024,2024,2024,2024
Vac_86,86,RZV_1d,Year_Life,6.552177904308949,6.5521821985457205,6.552101087342623,6.552225181979209
Vac_86,86,RZV_1d,Year_Immunised,5.480830280406722,5.521478226333013,4.8011486627568445,5.949184281179858
Vac_86,86,RZV_1d,Risk_HZ,0.009829392104911894,0.009406947461735385,0.005458288940833122,0.016396953485127576
Vac_86,86,RZV_1d,Risk_Hosp,9.338418145443075e-4,8.962988303894065e-4,5.071644776471834e-4,0.0015770767239343241
Vac_86,86,RZV_1d,Risk_PHN,8.45675246549472e-4,8.13166946160609e-4,4.6153835456759035e-4,0.0014548106803703342
Vac_86,86,RZV_1d,Risk_Death,2.5965324213317857e-5,2.509985762505225e-5,1.467446119392119e-5,4.327223735314182e-5
Vac_86,86,RZV_1d,Q_Life,4.853487948031648,4.853490854906024,4.853437528108839,4.8535191814586
Vac_86,86,RZV_1d,Q_HZ,-0.0015342320584994548,-0.0014717150384521188,-0.0026113934952634883,-8.300585584410441e-4
Vac_86,86,RZV_1d,Q_HZ_Norm,-4.265581159373543e-4,-4.0845961290314177e-4,-7.265393337122113e-4,-2.3287135163304763e-4
Vac_86,86,RZV_1d,Q_All,4.815125923873096,4.815190837609142,4.813995096534579,4.815856876212895
Vac_86,86,RZV_1d,Q_HZ_d,-0.0012969508543629862,-0.0012391310701471941,-0.0022432242728735318,-7.040520358627612e-4
Vac_86,86,RZV_1d,Q_HZ_Norm_d,-3.621006916388314e-4,-3.4438750729071674e-4,-6.358247457810996e-4,-1.9642191801970968e-4
Vac_86,86,RZV_1d,Q_Life_d,4.251474024408641,4.251476330134937,4.2514348347979825,4.251497905443013
Vac_86,86,RZV_1d,Q_All_d,4.250177073554279,4.250237433684727,4.249189585016502,4.250790374046514
Vac_86,86,RZV_1d,C_Hosp,4.317167689504247,4.136683887547305,2.347752170831198,7.326283187133151
Vac_86,86,RZV_1d,C_GP_NonPHN,1.0243028695828291,0.9817908603870158,0.5698521457055612,1.708655364092323
Vac_86,86,RZV_1d,C_GP_PHN,0.4352452012330378,0.4172416036887422,0.23286595981479066,0.7479320688050508
Vac_86,86,RZV_1d,C_GP,1.4595480708158668,1.399732871249741,0.8065551496550766,2.461671523299685
Vac_86,86,RZV_1d,C_Med,5.776715760320114,5.560435319129195,3.2079027481714495,9.764119082051643
Vac_86,86,RZV_1d,C_VacZVL,0,0,0,0
Vac_86,86,RZV_1d,C_VacRZV,85,85,85,85
Vac_86,86,RZV_1d,C_Vac,85,85,85,85
Vac_86,86,RZV_1d,C_All,90.77671576032012,90.5604353191292,88.20790274817145,94.76411908205165
Vac_86,86,RZV_1d,C_Hosp_d,3.5827884426164327,3.4289858540882996,1.9223126661749408,6.1859956482134395
Vac_86,86,RZV_1d,C_GP_NonPHN_d,0.8708404036352071,0.8300828887780489,0.48169991547851043,1.4874129258332511
Vac_86,86,RZV_1d,C_GP_PHN_d,0.37241697990920386,0.354944504168166,0.19840573992766222,0.6548241902570181
Vac_86,86,RZV_1d,C_GP_d,1.243257383544411,1.1894929830646617,0.6827900315022524,2.1392550078668915
Vac_86,86,RZV_1d,C_Med_d,4.826045826160844,4.627057897635069,2.643969735331792,8.256690922728135
Vac_86,86,RZV_1d,C_VacZVL_d,0,0,0,0
Vac_86,86,RZV_1d,C_VacRZV_d,85,85,85,85
Vac_86,86,RZV_1d,C_Vac_d,85,85,85,85
Vac_86,86,RZV_1d,C_All_d,89.82604582616085,89.62705789763507,87.64396973533181,93.25669092272814
Vac_86,86,RZV_1d,N_VacZVL,0,0,0,0
Vac_86,86,RZV_1d,N_VacRZV,1,1,1,1
Vac_86,86,RZV_1d,N_VacZVL_d,0,0,0,0
Vac_86,86,RZV_1d,N_VacRZV_d,1,1,1,1
Vac_86,86,RZV_2d,N0,1,1,1,1
Vac_86,86,RZV_2d,Year0,2024,2024,2024,2024
Vac_86,86,RZV_2d,Year_Life,6.552195489001357,6.552197907746577,6.552140651210872,6.552234085773918
Vac_86,86,RZV_2d,Year_Immunised,5.6526145620613,5.669779559222203,5.143974612583398,6.050743910848908
Vac_86,86,RZV_2d,Risk_HZ,0.008232379390847006,0.008066942741733734,0.004570734247017478,0.01292485841724248
Vac_86,86,RZV_2d,Risk_Hosp,7.920616773805683e-4,7.658653110421587e-4,4.342393349721936e-4,0.0012728784108100473
Vac_86,86,RZV_2d,Risk_PHN,7.057859123363303e-4,6.897034208827178e-4,3.817024987872477e-4,0.0011368516918252502
Vac_86,86,RZV_2d,Risk_Death,2.2047000081897753e-5,2.146674453119187e-5,1.2306839984460135e-5,3.522565168049132e-5
Vac_86,86,RZV_2d,Q_Life,4.853499609606884,4.8535011803080526,4.853463213147907,4.85352477234858
Vac_86,86,RZV_2d,Q_HZ,-0.0012866982766798099,-0.0012478415111765748,-0.0020486950540299412,-7.170077015044491e-4
Vac_86,86,RZV_2d,Q_HZ_Norm,-3.5678978785178803e-4,-3.4705184550522315e-4,-5.703149436966516e-4,-1.95814519189515e-4
Vac_86,86,RZV_2d,Q_All,4.815384742010608,4.815425932888878,4.814596211097147,4.815980321967598
Vac_86,86,RZV_2d,Q_HZ_d,-0.001077991117251211,-0.0010440247133955709,-0.0017277540862068892,-5.968374893897581e-4
Vac_86,86,RZV_2d,Q_HZ_Norm_d,-3.001599145509874e-4,-2.9176899288445177e-4,-4.814393264359078e-4,-1.6344457507977148e-4
Vac_86,86,RZV_2d,Q_Life_d,4.251483085601591,4.2514843151808694,4.251455545423493,4.25150202880643
Vac_86,86,RZV_2d,Q_All_d,4.25040509448434,4.250438379436996,4.249733495283755,4.250902876618533
Vac_86,86,RZV_2d,C_Hosp,3.666431185544215,3.537334674410559,1.997382217787263,5.98247827932534
Vac_86,86,RZV_2d,C_GP_NonPHN,0.8557363041151983,0.8374882504547936,0.47625944861251956,1.3426427907595795
Vac_86,86,RZV_2d,C_GP_PHN,0.3622553717161031,0.3542710481405545,0.1981188101871733,0.5796015983598289
Vac_86,86,RZV_2d,C_GP,1.2179916758313014,1.1910760398926916,0.6771818349769505,1.8957398156650092
Vac_86,86,RZV_2d,C_Med,4.8844228613755165,4.737630239574099,2.688198674538252,7.789347525290664
Vac_86,86,RZV_2d,C_VacZVL,0,0,0,0
Vac_86,86,RZV_2d,C_VacRZV,170,170,170,170
Vac_86,86,RZV_2d,C_Vac,170,170,170,170
Vac_86,86,RZV_2d,C_All,174.88442286137553,174.73763023957412,172.68819867453826,177.78934752529065
Vac_86,86,RZV_2d,C_Hosp_d,3.0173261987439246,2.904029293603963,1.6386953032622975,4.910277217914285
Vac_86,86,RZV_2d,C_GP_NonPHN_d,0.7210103284007172,0.7049976946113009,0.403395719019632,1.1417774111767802
Vac_86,86,RZV_2d,C_GP_PHN_d,0.307206224498828,0.2996523552591529,0.16605469640826415,0.49634513436656147
Vac_86,86,RZV_2d,C_GP_d,1.0282165528995453,1.0038265117093055,0.5703085437712989,1.6197656979580461
Vac_86,86,RZV_2d,C_Med_d,4.04554275164347,3.9097591364029682,2.2346084533935495,6.530242612898145
Vac_86,86,RZV_2d,C_VacZVL_d,0,0,0,0
Vac_86,86,RZV_2d,C_VacRZV_d,170,170,170,170
Vac_86,86,RZV_2d,C_Vac_d,170,170,170,170
Vac_86,86,RZV_2d,C_All_d,174.04554275164347,173.90975913640295,172.23460845339355,176.53024261289818
Vac_86,86,RZV_2d,N_VacZVL,0,0,0,0
Vac_86,86,RZV_2d,N_VacRZV,2,2,2,2
Vac_86,86,RZV_2d,N_VacZVL_d,0,0,0,0
Vac_86,86,RZV_2d,N_VacRZV_d,2,2,2,2
Vac_86,86,SOC,N0,1,1,1,1
Vac_86,86,SOC,Year0,2024,2024,2024,2024
Vac_86,86,SOC,Year_Life,6.55161550540635,6.551616462952584,6.551495454256384,6.551719675032203
Vac_86,86,SOC,Year_Immunised,0,0,0,0
Vac_86,86,SOC,Risk_HZ,0.06080683053459516,0.06075522268947797,0.05870927799286362,0.0627806638410261
Vac_86,86,SOC,Risk_Hosp,0.0054488639177742906,0.005424214941970018,0.004413555115498633,0.006514191144541991
Vac_86,86,SOC,Risk_PHN,0.005326574840892356,0.005311622151073397,0.004563217126908485,0.006156410803388901
Vac_86,86,SOC,Risk_Death,1.5089415406682757e-4,1.5066719917363434e-4,1.2693170362261606e-4,1.78803960109465e-4
Vac_86,86,SOC,Q_Life,4.853114858410196,4.85311562155219,4.853035621649019,4.8531836963042645
Vac_86,86,SOC,Q_HZ,-0.009428550641763582,-0.009369384312533952,-0.011095803657475903,-0.008070607559768534
Vac_86,86,SOC,Q_HZ_Norm,-0.0026565190259879522,-0.002645303947092795,-0.0031209568340131028,-0.002250142960451304
Vac_86,86,SOC,Q_All,4.806870439329679,4.806933431800264,4.805187237766368,4.808220305715699
Vac_86,86,SOC,Q_HZ_d,-0.008288510834841792,-0.00823775313606398,-0.00974030999521293,-0.007119899113444409
Vac_86,86,SOC,Q_HZ_Norm_d,-0.002344137248136417,-0.002333173548293231,-0.0027511163966648117,-0.001986507645138731
Vac_86,86,SOC,Q_Life_d,4.251183938120003,4.251184805589336,4.251123086626893,4.251236982130611
Vac_86,86,SOC,Q_All_d,4.242895427285162,4.242950743335725,4.241441882999159,4.244074987732412
Vac_86,86,SOC,C_Hosp,25.03245786771496,24.912240962172206,20.250901548504267,30.24491672894412
Vac_86,86,SOC,C_GP_NonPHN,6.404874272948175,6.400791412359396,6.125914781023641,6.67883733499457
Vac_86,86,SOC,C_GP_PHN,2.7732789691324373,2.7683423928309376,2.3373663356683094,3.245435491332593
Vac_86,86,SOC,C_GP,9.178153242080613,9.168626536148384,8.686469615909665,9.713900809616957
Vac_86,86,SOC,C_Med,34.21061110979557,34.08352842814979,29.446350767267297,39.27280782293643
Vac_86,86,SOC,C_VacZVL,0,0,0,0
Vac_86,86,SOC,C_VacRZV,0,0,0,0
Vac_86,86,SOC,C_Vac,0,0,0,0
Vac_86,86,SOC,C_All,34.21061110979557,34.08352842814979,29.446350767267297,39.27280782293643
Vac_86,86,SOC,C_Hosp_d,21.604110195409636,21.500345285395213,17.329437780369442,26.159182083447636
Vac_86,86,SOC,C_GP_NonPHN_d,5.658992333751261,5.656006168767155,5.40445303366944,5.908568769566141
Vac_86,86,SOC,C_GP_PHN_d,2.4634449650869006,2.457571260087139,2.0812466087044474,2.875880034161402
Vac_86,86,SOC,C_GP_d,8.122437298838161,8.115541708484113,7.672144968891575,8.599523882864483
Vac_86,86,SOC,C_Med_d,29.726547494247797,29.634742509983397,25.51605757840321,34.21419390018668
Vac_86,86,SOC,C_VacZVL_d,0,0,0,0
Vac_86,86,SOC,C_VacRZV_d,0,0,0,0
Vac_86,86,SOC,C_Vac_d,0,0,0,0
Vac_86,86,SOC,C_All_d,29.726547494247797,29.634742509983397,25.51605757840321,34.21419390018668
Vac_86,86,SOC,N_VacZVL,0,0,0,0
Vac_86,86,SOC,N_VacRZV,0,0,0,0
Vac_86,86,SOC,N_VacZVL_d,0,0,0,0
Vac_86,86,SOC,N_VacRZV_d,0,0,0,0
Vac_87,87,RZV_1d,N0,1,1,1,1
Vac_87,87,RZV_1d,Year0,2024,2024,2024,2024
Vac_87,87,RZV_1d,Year_Life,6.101876790778926,6.101880825845668,6.101804471758752,6.101920449564152
Vac_87,87,RZV_1d,Year_Immunised,5.133640771538138,5.174232747184614,4.491453667639052,5.563366545078204
Vac_87,87,RZV_1d,Risk_HZ,0.008834394271665841,0.008447254127572454,0.004904822350822541,0.014936863822015355
Vac_87,87,RZV_1d,Risk_Hosp,8.662075737605216e-4,8.265313147454052e-4,4.6403855431744666e-4,0.0014852374106256218
Vac_87,87,RZV_1d,Risk_PHN,7.53236502281151e-4,7.223219549578728e-4,3.978808870432142e-4,0.0013096016127662497
Vac_87,87,RZV_1d,Risk_Death,2.4343581976900367e-5,2.345518864718225e-5,1.3570165179887521e-5,4.154873862182491e-5
Vac_87,87,RZV_1d,Q_Life,4.517787606356537,4.517790373462084,4.51774021459105,4.517816075693113
Vac_87,87,RZV_1d,Q_HZ,-0.0013850759154871565,-0.0013244092076183554,-0.0023671534413007922,-7.494565024181443e-4
Vac_87,87,RZV_1d,Q_HZ_Norm,-3.824065220475956e-4,-3.642016601027034e-4,-6.67596296763022e-4,-2.087180557562274e-4
Vac_87,87,RZV_1d,Q_All,4.475928372305642,4.475992827963493,4.474894836663973,4.476587801501666
Vac_87,87,RZV_1d,Q_HZ_d,-0.001185926357812821,-0.001132784692358607,-0.0020840571971303483,-6.368486299575262e-4
Vac_87,87,RZV_1d,Q_HZ_Norm_d,-3.2858939365534704e-4,-3.1261731423964836e-4,-5.852529944461519e-4,-1.7689457844200407e-4
Vac_87,87,RZV_1d,Q_Life_d,3.9923597181124104,3.9923618685108977,3.9923223514678483,3.992381949817423
Vac_87,87,RZV_1d,Q_All_d,3.9911737917545973,3.991229860655115,3.9902427494221353,3.9917445850914963
Vac_87,87,RZV_1d,C_Hosp,4.0196347204448655,3.8365224482473566,2.1763108572995864,6.952313380696379
Vac_87,87,RZV_1d,C_GP_NonPHN,0.9162775867209864,0.8745515102444712,0.5065532441536735,1.549793252163865
Vac_87,87,RZV_1d,C_GP_PHN,0.3855528570724682,0.36762621500050907,0.20380114610528677,0.6744073242105136
Vac_87,87,RZV_1d,C_GP,1.3018304437934547,1.245084308014509,0.713985774631148,2.2318098429037323
Vac_87,87,RZV_1d,C_Med,5.321465164238321,5.087119103316168,2.9093273264503923,9.082723025494374
Vac_87,87,RZV_1d,C_VacZVL,0,0,0,0
Vac_87,87,RZV_1d,C_VacRZV,85,85,85,85
Vac_87,87,RZV_1d,C_Vac,85,85,85,85
Vac_87,87,RZV_1d,C_All,90.32146516423832,90.08711910331617,87.9093273264504,94.08272302549437
Vac_87,87,RZV_1d,C_Hosp_d,3.3913994864193,3.2277021716693954,1.825044110755385,5.90062828795948
Vac_87,87,RZV_1d,C_GP_NonPHN_d,0.7883984125621952,0.7508685065454132,0.43269300500144775,1.365850719986571
Vac_87,87,RZV_1d,C_GP_PHN_d,0.3336831847815022,0.31742284211207283,0.17507532925895983,0.5952054166391975
Vac_87,87,RZV_1d,C_GP_d,1.1220815973436975,1.0699303135331264,0.6092675101441068,1.9633812918343858
Vac_87,87,RZV_1d,C_Med_d,4.513481083762997,4.288577128081241,2.4452532739575186,7.872692397827155
Vac_87,87,RZV_1d,C_VacZVL_d,0,0,0,0
Vac_87,87,RZV_1d,C_VacRZV_d,85,85,85,85
Vac_87,87,RZV_1d,C_Vac_d,85,85,85,85
Vac_87,87,RZV_1d,C_All_d,89.513481083763,89.28857712808124,87.44525327395752,92.87269239782717
Vac_87,87,RZV_1d,N_VacZVL,0,0,0,0
Vac_87,87,RZV_1d,N_VacRZV,1,1,1,1
Vac_87,87,RZV_1d,N_VacZVL_d,0,0,0,0
Vac_87,87,RZV_1d,N_VacRZV_d,1,1,1,1
Vac_87,87,RZV_2d,N0,1,1,1,1
Vac_87,87,RZV_2d,Year0,2024,2024,2024,2024
Vac_87,87,RZV_2d,Year_Life,6.101893508665782,6.1018957381491665,6.101843467648851,6.101927796550466
Vac_87,87,RZV_2d,Year_Immunised,5.294394439412118,5.310254923587722,4.821536238221625,5.6511943896945525
Vac_87,87,RZV_2d,Risk_HZ,0.007348920583820955,0.007182511320845471,0.004088360878908357,0.011616675102321629
Vac_87,87,RZV_2d,Risk_Hosp,7.285493343286599e-4,7.042292134989794e-4,3.9911407322749465e-4,0.0011790441974930317
Vac_87,87,RZV_2d,Risk_PHN,6.244261840893663e-4,6.096302592602798e-4,3.349502158436431e-4,0.0010132401919464352
Vac_87,87,RZV_2d,Risk_Death,2.044419379290832e-5,1.9895206405891048e-5,1.1339302550103053e-5,3.273428205601315e-5
Vac_87,87,RZV_2d,Q_Life,4.517798635886655,4.517800111717916,4.517765618791766,4.5178208938700495
Vac_87,87,RZV_2d,Q_HZ,-0.001153234989189697,-0.0011177854956333885,-0.001854550339266106,-6.391613278187665e-4
Vac_87,87,RZV_2d,Q_HZ_Norm,-3.1763544805134026e-4,-3.089836529671325e-4,-5.093300020901051e-4,-1.7284165580034382e-4
Vac_87,87,RZV_2d,Q_All,4.476170840373566,4.47620742295288,4.4754414268414084,4.476705830199053
Vac_87,87,RZV_2d,Q_HZ_d,-9.790590328615004e-4,-9.465628069643842e-4,-0.0015888938323483485,-5.393325010607511e-4
Vac_87,87,RZV_2d,Q_HZ_Norm_d,-2.7061553247663856e-4,-2.6311910489106255e-4,-4.3774934024362665e-4,-1.4783089935930757e-4
Vac_87,87,RZV_2d,Q_Life_d,3.992368447614128,3.992369604962632,3.9923431385405497,3.9923855330636364
Vac_87,87,RZV_2d,Q_All_d,3.9913893885812666,3.9914225996126746,3.9907634560829823,3.9918430714797886
Vac_87,87,RZV_2d,C_Hosp,3.383798753091067,3.2559909805106315,1.8378228118082351,5.561968036432743
Vac_87,87,RZV_2d,C_GP_NonPHN,0.7601709690471873,0.7425591184794031,0.42226656343048313,1.2042706232812324
Vac_87,87,RZV_2d,C_GP_PHN,0.31869975372500803,0.30961294175964116,0.17147597760212538,0.5214841743830887
Vac_87,87,RZV_2d,C_GP,1.0788707227721952,1.0549918783326904,0.5970843227459652,1.7046661749565835
Vac_87,87,RZV_2d,C_Med,4.462669475863263,4.308573461514973,2.4511344325771973,7.218969617914664
Vac_87,87,RZV_2d,C_VacZVL,0,0,0,0
Vac_87,87,RZV_2d,C_VacRZV,170,170,170,170
Vac_87,87,RZV_2d,C_Vac,170,170,170,170
Vac_87,87,RZV_2d,C_All,174.46266947586327,174.30857346151498,172.4511344325772,177.21896961791464
Vac_87,87,RZV_2d,C_Hosp_d,2.8320512671250953,2.721415887763395,1.5409074620994403,4.670170771054451
Vac_87,87,RZV_2d,C_GP_NonPHN_d,0.6485242184666528,0.6323992237932563,0.3632473408326492,1.035977781745565
Vac_87,87,RZV_2d,C_GP_PHN_d,0.2734983857773588,0.26549181333108596,0.14663287793362495,0.44479478195272637
Vac_87,87,RZV_2d,C_GP_d,0.9220226042440116,0.899108886860441,0.51589096771361,1.4804351688889732
Vac_87,87,RZV_2d,C_Med_d,3.754073871369107,3.627293365794978,2.05684128659169,6.1165818061828405
Vac_87,87,RZV_2d,C_VacZVL_d,0,0,0,0
Vac_87,87,RZV_2d,C_VacRZV_d,170,170,170,170
Vac_87,87,RZV_2d,C_Vac_d,170,170,170,170
Vac_87,87,RZV_2d,C_All_d,173.75407387136912,173.62729336579497,172.0568412865917,176.11658180618286
Vac_87,87,RZV_2d,N_VacZVL,0,0,0,0
Vac_87,87,RZV_2d,N_VacRZV,2,2,2,2
Vac_87,87,RZV_2d,N_VacZVL_d,0,0,0,0
Vac_87,87,RZV_2d,N_VacRZV_d,2,2,2,2
Vac_87,87,SOC,N0,1,1,1,1
Vac_87,87,SOC,Year0,2024,2024,2024,2024
Vac_87,87,SOC,Year_Life,6.101341325261929,6.101342798523166,6.101222790684523,6.10144218566236
Vac_87,87,SOC,Year_Immunised,0,0,0,0
Vac_87,87,SOC,Risk_HZ,0.056298603387658075,0.05628422101821982,0.05434303598084023,0.058112655311993576
Vac_87,87,SOC,Risk_Hosp,0.005258463642378806,0.005231799260388658,0.004234372917938744,0.006379792366376119
Vac_87,87,SOC,Risk_PHN,0.004883579106522941,0.00486574897813365,0.004115424286234329,0.005690443817094232
Vac_87,87,SOC,Risk_Death,1.4888241137705124e-4,1.486192909424573e-4,1.2493860364056465e-4,1.77359295381685e-4
Vac_87,87,SOC,Q_Life,4.517434221015078,4.517435091332494,4.517356286827377,4.517500628127077
Vac_87,87,SOC,Q_HZ,-0.008786365352921637,-0.008735028457103323,-0.010363246634943125,-0.007507167408569974
Vac_87,87,SOC,Q_HZ_Norm,-0.0024548593470087063,-0.002444612308686791,-0.002899083940676927,-0.002069820191360194
Vac_87,87,SOC,Q_All,4.468186447752205,4.468238615168471,4.466614631439228,4.469474861381291
Vac_87,87,SOC,Q_HZ_d,-0.007797108127915253,-0.00775038087645283,-0.009192597450640362,-0.0066821044817124454
Vac_87,87,SOC,Q_HZ_Norm_d,-0.00218544933655453,-0.0021757011737130643,-0.002579739485555104,-0.0018430179393476573
Vac_87,87,SOC,Q_Life_d,3.9920798661843966,3.992080347963875,3.992018642943479,3.9921321885888794
Vac_87,87,SOC,Q_All_d,3.9842827580564815,3.984326530144089,3.9828941196036607,3.985419124353473
Vac_87,87,SOC,C_Hosp,24.300590739336005,24.173470189849496,19.50617637441396,29.545832692918562
Vac_87,87,SOC,C_GP_NonPHN,5.903771607257014,5.904678129259488,5.643716785961824,6.158630202685635
Vac_87,87,SOC,C_GP_PHN,2.529132571902501,2.526835023780851,2.1044571043085467,2.9880187045102233
Vac_87,87,SOC,C_GP,8.432904179159516,8.428684079196106,7.953234094917345,8.96221758198879
Vac_87,87,SOC,C_Med,32.73349491849552,32.619899898087446,27.972260794903818,37.95830981458711
Vac_87,87,SOC,C_VacZVL,0,0,0,0
Vac_87,87,SOC,C_VacRZV,0,0,0,0
Vac_87,87,SOC,C_Vac,0,0,0,0
Vac_87,87,SOC,C_All,32.73349491849552,32.619899898087446,27.972260794903818,37.95830981458711
Vac_87,87,SOC,C_Hosp_d,21.25141186847671,21.137326344654195,16.946272572065297,25.939653535491207
Vac_87,87,SOC,C_GP_NonPHN_d,5.261972898281986,5.263308795431806,5.030523587192061,5.492791184874549
Vac_87,87,SOC,C_GP_PHN_d,2.265220183077538,2.2618801917682645,1.8931518275746653,2.6704455931869524
Vac_87,87,SOC,C_GP_d,7.527193081359524,7.522724588315647,7.090488260786243,8.003385034708984
Vac_87,87,SOC,C_Med_d,28.778604949836232,28.667859864952398,24.471256941922327,33.43869496099773
Vac_87,87,SOC,C_VacZVL_d,0,0,0,0
Vac_87,87,SOC,C_VacRZV_d,0,0,0,0
Vac_87,87,SOC,C_Vac_d,0,0,0,0
Vac_87,87,SOC,C_All_d,28.778604949836232,28.667859864952398,24.471256941922327,33.43869496099773
Vac_87,87,SOC,N_VacZVL,0,0,0,0
Vac_87,87,SOC,N_VacRZV,0,0,0,0
Vac_87,87,SOC,N_VacZVL_d,0,0,0,0
Vac_87,87,SOC,N_VacRZV_d,0,0,0,0
Vac_88,88,RZV_1d,N0,1,1,1,1
Vac_88,88,RZV_1d,Year0,2024,2024,2024,2024
Vac_88,88,RZV_1d,Year_Life,5.676267793063475,5.676271769141325,5.676201436820544,5.676307259465255
Vac_88,88,RZV_1d,Year_Immunised,4.802455773278824,4.840826121565414,4.196591939231397,5.197249992574071
Vac_88,88,RZV_1d,Risk_HZ,0.007925349568498694,0.007564163286694776,0.004378634350971271,0.013647210464984252
Vac_88,88,RZV_1d,Risk_Hosp,8.00279517365993e-4,7.594654933772689e-4,4.217510559322662e-4,0.001392921356006912
Vac_88,88,RZV_1d,Risk_PHN,6.696912323621173e-4,6.414722105076889e-4,3.501479017307583e-4,0.0012007050119556338
Vac_88,88,RZV_1d,Risk_Death,2.260899923186129e-5,2.1677294527319874e-5,1.2310150002240728e-5,3.925354521196272e-5
Vac_88,88,RZV_1d,Q_Life,4.201187840737978,4.201190599974943,4.2011441557037905,4.201213626090066
Vac_88,88,RZV_1d,Q_HZ,-0.0012474724868032484,-0.001189868621447009,-0.00219091371051757,-6.740655010780202e-4
Vac_88,88,RZV_1d,Q_HZ_Norm,-3.420801182832528e-4,-3.263817369958742e-4,-6.068555121483209e-4,-1.8500057396192716e-4
Vac_88,88,RZV_1d,Q_All,4.154909252924971,4.154968780081292,4.153928399219371,4.155507933256089
Vac_88,88,RZV_1d,Q_HZ_d,-0.00108157092029761,-0.0010258997314970062,-0.001941508039445002,-5.745640392398429e-4
Vac_88,88,RZV_1d,Q_HZ_Norm_d,-2.9747354213953203e-4,-2.834217668843104e-4,-5.383308643275518e-4,-1.5823510037642574e-4
Vac_88,88,RZV_1d,Q_Life_d,3.7445678038022345,3.744570146745369,3.7445325141858943,3.744588408406994
Vac_88,88,RZV_1d,Q_All_d,3.743486232881937,3.743542260725463,3.7425972771470764,3.7440133986865143
Vac_88,88,RZV_1d,C_Hosp,3.726424016407069,3.5357340270612276,2.0122804072044462,6.506628992848764
Vac_88,88,RZV_1d,C_GP_NonPHN,0.8177321542558077,0.777397823997332,0.4470066456624571,1.4196058377772043
Vac_88,88,RZV_1d,C_GP_PHN,0.3407801282356012,0.32521662768325754,0.17661596140810054,0.6101493907314247
Vac_88,88,RZV_1d,C_GP,1.158512282491409,1.1040748952815806,0.6264654787714338,2.0210759982132664
Vac_88,88,RZV_1d,C_Med,4.884936298898478,4.648460398997374,2.6549327882864424,8.454829456674368
Vac_88,88,RZV_1d,C_VacZVL,0,0,0,0
Vac_88,88,RZV_1d,C_VacRZV,85,85,85,85
Vac_88,88,RZV_1d,C_Vac,85,85,85,85
Vac_88,88,RZV_1d,C_All,89.88493629889848,89.64846039899737,87.65493278828643,93.45482945667437
Vac_88,88,RZV_1d,C_Hosp_d,3.1939472206492923,3.015041760817398,1.7009652939015054,5.667195758969772
Vac_88,88,RZV_1d,C_GP_NonPHN_d,0.7119443728164655,0.6770444086611596,0.3860614168021096,1.2583017846991007
Vac_88,88,RZV_1d,C_GP_PHN_d,0.29828719811565035,0.2840749293386501,0.15352525358608285,0.5450080338805262
Vac_88,88,RZV_1d,C_GP_d,1.010231570932116,0.9605045100621882,0.5401134583029958,1.7839568843289464
Vac_88,88,RZV_1d,C_Med_d,4.204178791581408,3.9857289366974538,2.263383584703451,7.401643069766093
Vac_88,88,RZV_1d,C_VacZVL_d,0,0,0,0
Vac_88,88,RZV_1d,C_VacRZV_d,85,85,85,85
Vac_88,88,RZV_1d,C_Vac_d,85,85,85,85
Vac_88,88,RZV_1d,C_All_d,89.20417879158141,88.98572893669746,87.26338358470345,92.40164306976608
Vac_88,88,RZV_1d,N_VacZVL,0,0,0,0
Vac_88,88,RZV_1d,N_VacRZV,1,1,1,1
Vac_88,88,RZV_1d,N_VacZVL_d,0,0,0,0
Vac_88,88,RZV_1d,N_VacRZV_d,1,1,1,1
Vac_88,88,RZV_2d,N0,1,1,1,1
Vac_88,88,RZV_2d,Year0,2024,2024,2024,2024
Vac_88,88,RZV_2d,Year_Life,5.676283401911717,5.676285484475108,5.676238477658314,5.676313316266829
Vac_88,88,RZV_2d,Year_Immunised,4.952702989510713,4.9670425832149645,4.5251910469295185,5.273129994384459
Vac_88,88,RZV_2d,Risk_HZ,0.006546054588083751,0.006394802652944958,0.003650030604753047,0.010414247635790286
Vac_88,88,RZV_2d,Risk_Hosp,6.672890124768254e-4,6.444546388292665e-4,3.6803065413573715e-4,0.0010832113558477336
Vac_88,88,RZV_2d,Risk_PHN,5.51207772859022e-4,5.37616764353905e-4,2.9339035228880824e-4,9.012045948817561e-4
Vac_88,88,RZV_2d,Risk_Death,1.8778424648438512e-5,1.8242905204132767e-5,1.037481578216777e-5,3.077770142516308e-5
Vac_88,88,RZV_2d,Q_Life,4.201198076723886,4.201199453639349,4.201168783234137,4.201217360043165
Vac_88,88,RZV_2d,Q_HZ,-0.0010307772842657143,-9.97456447879682e-4,-0.0016768586357816281,-5.644442756063654e-4
Vac_88,88,RZV_2d,Q_HZ_Norm,-2.8205276652806154e-4,-2.7467324025121553e-4,-4.5481214059057295e-4,-1.5402302001703673e-4
Vac_88,88,RZV_2d,Q_All,4.155135754771397,4.155171503100318,4.154482157996537,4.155616311542925
Vac_88,88,RZV_2d,Q_HZ_d,-8.865683763502852e-4,-8.531356300160607e-4,-0.0014595808281790917,-4.8589041438649945e-4
Vac_88,88,RZV_2d,Q_HZ_Norm_d,-2.4331379489446082e-4,-2.3589529945582452e-4,-3.96161458946905e-4,-1.332607302766203e-4
Vac_88,88,RZV_2d,Q_Life_d,3.7445760482681627,3.744577229527139,3.7445527733520354,3.744591227060565
Vac_88,88,RZV_2d,Q_All_d,3.7436894798918123,3.743723496229395,3.7431036176609394,3.7441045778164748
Vac_88,88,RZV_2d,C_Hosp,3.108352888856633,2.983397567101836,1.6824770193972651,5.156454574180814
Vac_88,88,RZV_2d,C_GP_NonPHN,0.6734579791676415,0.6580643859760654,0.37691775772115355,1.0759241138765026
Vac_88,88,RZV_2d,C_GP_PHN,0.27962028894821844,0.27126204458605485,0.1493930054921672,0.46041860061523976
Vac_88,88,RZV_2d,C_GP,0.9530782681158599,0.9316888894436088,0.5298098499877383,1.5264138920086605
Vac_88,88,RZV_2d,C_Med,4.061431156972493,3.9178612075658856,2.227074327030258,6.614831329458051
Vac_88,88,RZV_2d,C_VacZVL,0,0,0,0
Vac_88,88,RZV_2d,C_VacRZV,170,170,170,170
Vac_88,88,RZV_2d,C_Vac,170,170,170,170
Vac_88,88,RZV_2d,C_All,174.0614311569725,173.9178612075659,172.22707432703024,176.61483132945807
Vac_88,88,RZV_2d,C_Hosp_d,2.643909051986523,2.5345074683059003,1.429843012955384,4.373547793515696
Vac_88,88,RZV_2d,C_GP_NonPHN_d,0.5816499034778507,0.566353959901427,0.3269002027394093,0.9367781456047254
Vac_88,88,RZV_2d,C_GP_PHN_d,0.24280428750770763,0.2354906331029732,0.12866977805647073,0.4033084043668261
Vac_88,88,RZV_2d,C_GP_d,0.8244541909855584,0.8040333035016511,0.4643108315534678,1.3256785781286609
Vac_88,88,RZV_2d,C_Med_d,3.468363242972081,3.3378601641852628,1.9044629270652966,5.65896217112122
Vac_88,88,RZV_2d,C_VacZVL_d,0,0,0,0
Vac_88,88,RZV_2d,C_VacRZV_d,170,170,170,170
Vac_88,88,RZV_2d,C_Vac_d,170,170,170,170
Vac_88,88,RZV_2d,C_All_d,173.4683632429721,173.33786016418526,171.9044629270653,175.6589621711212
Vac_88,88,RZV_2d,N_VacZVL,0,0,0,0
Vac_88,88,RZV_2d,N_VacRZV,2,2,2,2
Vac_88,88,RZV_2d,N_VacZVL_d,0,0,0,0
Vac_88,88,RZV_2d,N_VacRZV_d,2,2,2,2
Vac_88,88,SOC,N0,1,1,1,1
Vac_88,88,SOC,Year0,2024,2024,2024,2024
Vac_88,88,SOC,Year_Life,5.675767182676184,5.675768334930243,5.675653087105908,5.675861422066134
Vac_88,88,SOC,Year_Immunised,0,0,0,0
Vac_88,88,SOC,Risk_HZ,0.05203547562498762,0.0520426347200547,0.05009257967673075,0.05379573561017282
Vac_88,88,SOC,Risk_Hosp,0.00505258161604561,0.0050293834216349476,0.004096548087845049,0.006142508818663981
Vac_88,88,SOC,Risk_PHN,0.0044731228106685795,0.004459764406658808,0.0037177587782574882,0.005277218344583463
Vac_88,88,SOC,Risk_Death,1.4513768054507617e-4,1.4476491160343846e-4,1.2166482010829758e-4,1.7368788542156482e-4
Vac_88,88,SOC,Q_Life,4.2008594449522185,4.200860171377263,4.200784800403828,4.200921134321162
Vac_88,88,SOC,Q_HZ,-0.008171664230213002,-0.008129363329340979,-0.009687246347203552,-0.006950355938707139
Vac_88,88,SOC,Q_HZ_Norm,-0.0022645501117801925,-0.0022557120516046767,-0.0026813208818450653,-0.0019147588240648033
Vac_88,88,SOC,Q_All,4.147670300704794,4.147709045150535,4.146151809862102,4.148902044540289
Vac_88,88,SOC,Q_HZ_d,-0.007318499246011286,-0.007278980882321305,-0.008663573764240174,-0.006231089774764799
Vac_88,88,SOC,Q_HZ_Norm_d,-0.0020335718829673677,-0.002024169888079714,-0.002403102658922722,-0.0017207003265231405
Vac_88,88,SOC,Q_Life_d,3.744303170547046,3.744303699824252,3.7442433038336036,3.7443527155978122
Vac_88,88,SOC,Q_All_d,3.736984671301035,3.7370241646937843,3.735635663359064,3.738082746973278
Vac_88,88,SOC,C_Hosp,23.483583042593832,23.348772091994533,18.775478241901247,28.713620197901125
Vac_88,88,SOC,C_GP_NonPHN,5.43068650059957,5.43116190975762,5.185080040556837,5.670019282589264
Vac_88,88,SOC,C_GP_PHN,2.3037489601345738,2.301163841556545,1.8998365958059142,2.773665598113356
Vac_88,88,SOC,C_GP,7.734435460734145,7.7353952274233,7.26600198346661,8.226115697617455
Vac_88,88,SOC,C_Med,31.218018503327976,31.094771860317486,26.6066109473001,36.28776354550428
Vac_88,88,SOC,C_VacZVL,0,0,0,0
Vac_88,88,SOC,C_VacRZV,0,0,0,0
Vac_88,88,SOC,C_Vac,0,0,0,0
Vac_88,88,SOC,C_All,31.218018503327976,31.094771860317486,26.6066109473001,36.28776354550428
Vac_88,88,SOC,C_Hosp_d,20.794244800425922,20.68353920795619,16.593046822980796,25.528301446933735
Vac_88,88,SOC,C_GP_NonPHN_d,4.881701070080652,4.881655367994076,4.656059221422552,5.102021645050173
Vac_88,88,SOC,C_GP_PHN_d,2.0804734442677852,2.0795888617872347,1.7227555893292357,2.5016787734673316
Vac_88,88,SOC,C_GP_d,6.962174514348438,6.963623747416687,6.534734806277858,7.402022386182782
Vac_88,88,SOC,C_Med_d,27.75641931477436,27.66230644629995,23.577239383415648,32.33887855532949
Vac_88,88,SOC,C_VacZVL_d,0,0,0,0
Vac_88,88,SOC,C_VacRZV_d,0,0,0,0
Vac_88,88,SOC,C_Vac_d,0,0,0,0
Vac_88,88,SOC,C_All_d,27.75641931477436,27.66230644629995,23.577239383415648,32.33887855532949
Vac_88,88,SOC,N_VacZVL,0,0,0,0
Vac_88,88,SOC,N_VacRZV,0,0,0,0
Vac_88,88,SOC,N_VacZVL_d,0,0,0,0
Vac_88,88,SOC,N_VacRZV_d,0,0,0,0
Vac_89,89,RZV_1d,N0,1,1,1,1
Vac_89,89,RZV_1d,Year0,2024,2024,2024,2024
Vac_89,89,RZV_1d,Year_Life,5.274212189684321,5.2742161866760675,5.274151325930242,5.274247451195472
Vac_89,89,RZV_1d,Year_Immunised,4.486822990337038,4.52254166909279,3.915632254249852,4.843606563000391
Vac_89,89,RZV_1d,Risk_HZ,0.0070951876782545,0.006755856846526336,0.0038636573497542142,0.01237730419174863
Vac_89,89,RZV_1d,Risk_Hosp,7.373463782985086e-4,6.98057460720323e-4,3.8690384793094347e-4,0.001313657857729085
Vac_89,89,RZV_1d,Risk_PHN,5.930812033813377e-4,5.66302949905033e-4,3.03713618078429e-4,0.0010778042819328938
Vac_89,89,RZV_1d,Risk_Death,2.0723045599203312e-5,1.9821558631104657e-5,1.1075287781721342e-5,3.6639574771927664e-5
Vac_89,89,RZV_1d,Q_Life,3.902668263607365,3.9026709103455763,3.9026284822726405,3.902691061047991
Vac_89,89,RZV_1d,Q_HZ,-0.001120479142535149,-0.0010629184908991052,-0.0020017971293912543,-5.935414271167761e-4
Vac_89,89,RZV_1d,Q_HZ_Norm,-3.052276578770641e-4,-2.907742511961656e-4,-5.495020456977023e-4,-1.623060696341166e-4
Vac_89,89,RZV_1d,Q_All,3.8507584212647723,3.8508187829735903,3.8498416129645108,3.8513068096671152
Vac_89,89,RZV_1d,Q_HZ_d,-9.834826328349942e-4,-9.287459790904548e-4,-0.0017874578937481758,-5.132625076431091e-4
Vac_89,89,RZV_1d,Q_HZ_Norm_d,-2.685713953799749e-4,-2.547999566372014e-4,-4.933728848512905e-4,-1.4014998795150763e-4
Vac_89,89,RZV_1d,Q_Life_d,3.507787766139591,3.5077899666047037,3.507755106839248,3.5078062077995367
Vac_89,89,RZV_1d,Q_All_d,3.5068042835067557,3.506860470282235,3.505971720500494,3.507291815293667
Vac_89,89,RZV_1d,C_Hosp,3.4431364887786047,3.246990980654616,1.8219278431087864,6.163783295240164
Vac_89,89,RZV_1d,C_GP_NonPHN,0.727810855353756,0.6910825042626896,0.39337691458770185,1.2821569921890936
Vac_89,89,RZV_1d,C_GP_PHN,0.29977837823392195,0.28365471002929377,0.15140423791060856,0.5479280689392164
Vac_89,89,RZV_1d,C_GP,1.027589233587678,0.9789791124686253,0.5477886855091546,1.8137295311888246
Vac_89,89,RZV_1d,C_Med,4.470725722366283,4.228314212129165,2.4025353110206473,7.9151240910854135
Vac_89,89,RZV_1d,C_VacZVL,0,0,0,0
Vac_89,89,RZV_1d,C_VacRZV,85,85,85,85
Vac_89,89,RZV_1d,C_Vac,85,85,85,85
Vac_89,89,RZV_1d,C_All,89.47072572236628,89.22831421212916,87.40253531102066,92.91512409108542
Vac_89,89,RZV_1d,C_Hosp_d,2.996817861325397,2.8166062113249595,1.567023571583699,5.426781394846911
Vac_89,89,RZV_1d,C_GP_NonPHN_d,0.6410403077691658,0.6077022833801756,0.34243582885792984,1.1511654712745025
Vac_89,89,RZV_1d,C_GP_PHN_d,0.2652609777720926,0.2512373259583811,0.1339864660646667,0.49346873447873496
Vac_89,89,RZV_1d,C_GP_d,0.9063012855412583,0.8594739752532317,0.4811279107250889,1.6225395059373229
Vac_89,89,RZV_1d,C_Med_d,3.9031191468666555,3.6814487613777316,2.062120436532392,7.006420752052816
Vac_89,89,RZV_1d,C_VacZVL_d,0,0,0,0
Vac_89,89,RZV_1d,C_VacRZV_d,85,85,85,85
Vac_89,89,RZV_1d,C_Vac_d,85,85,85,85
Vac_89,89,RZV_1d,C_All_d,88.90311914686666,88.68144876137774,87.06212043653241,92.00642075205282
Vac_89,89,RZV_1d,N_VacZVL,0,0,0,0
Vac_89,89,RZV_1d,N_VacRZV,1,1,1,1
Vac_89,89,RZV_1d,N_VacZVL_d,0,0,0,0
Vac_89,89,RZV_1d,N_VacRZV_d,1,1,1,1
Vac_89,89,RZV_2d,N0,1,1,1,1
Vac_89,89,RZV_2d,Year0,2024,2024,2024,2024
Vac_89,89,RZV_2d,Year_Life,5.274226367250809,5.27422847037319,5.274186156833773,5.274252143463191
Vac_89,89,RZV_2d,Year_Immunised,4.627071332039799,4.640288892520174,4.249910181264843,4.9123031492570615
Vac_89,89,RZV_2d,Risk_HZ,0.0058171102499622145,0.0056739049341009515,0.0032722801389460715,0.009299784181458427
Vac_89,89,RZV_2d,Risk_Hosp,6.090780031048026e-4,5.872203476825029e-4,3.3427058903272517e-4,9.956689594345241e-4
Vac_89,89,RZV_2d,Risk_PHN,4.846622826558632e-4,4.714788403949713e-4,2.552653238539982e-4,8.077763477196964e-4
Vac_89,89,RZV_2d,Risk_Death,1.7034709125355207e-5,1.6546910329702208e-5,9.401295145940703e-6,2.8151874794052957e-5
Vac_89,89,RZV_2d,Q_Life,3.902677493087151,3.90267891293294,3.9026514617844654,3.9026939706379973
Vac_89,89,RZV_2d,Q_HZ,-9.184266672055061e-4,-8.842603826443448e-4,-0.0015127067912807414,-4.992683553137475e-4
Vac_89,89,RZV_2d,Q_HZ_Norm,-2.497145345955378e-4,-2.420493149042416e-4,-4.0669471198623877e-4,-1.3699229018119456e-4
Vac_89,89,RZV_2d,Q_All,3.850969246323811,3.8510047977762283,3.850358712854174,3.8514031589057915
Vac_89,89,RZV_2d,Q_HZ_d,-8.001391452924143e-4,-7.671215403306373e-4,-0.0013286758894406612,-4.326018098525073e-4
Vac_89,89,RZV_2d,Q_HZ_Norm_d,-2.1808877171194637e-4,-2.112838541067413e-4,-3.5735936676464537e-4,-1.1913866098693306e-4
Vac_89,89,RZV_2d,Q_Life_d,3.5077953205519767,3.5077964618358317,3.5077737694028164,3.507808483627313
Vac_89,89,RZV_2d,Q_All_d,3.506995181406684,3.5070280678207224,3.5064534291071197,3.5073734887383985
Vac_89,89,RZV_2d,C_Hosp,2.8435577197867277,2.733828918473195,1.5425448370432662,4.738333533808606
Vac_89,89,RZV_2d,C_GP_NonPHN,0.5948004143641797,0.5799913063963598,0.33309473674576595,0.9563779923281895
Vac_89,89,RZV_2d,C_GP_PHN,0.24415824969667604,0.23709248584037715,0.12889436826701042,0.406966884163431
Vac_89,89,RZV_2d,C_GP,0.8389586640608557,0.8170983798001615,0.4726346119311469,1.3538152109857802
Vac_89,89,RZV_2d,C_Med,3.6825163838475836,3.5466055479178715,2.027168268725121,6.015344681130366
Vac_89,89,RZV_2d,C_VacZVL,0,0,0,0
Vac_89,89,RZV_2d,C_VacRZV,170,170,170,170
Vac_89,89,RZV_2d,C_Vac,170,170,170,170
Vac_89,89,RZV_2d,C_All,173.68251638384757,173.54660554791786,172.02716826872512,176.01534468113036
Vac_89,89,RZV_2d,C_Hosp_d,2.4571060136301948,2.36357413957969,1.333595884908973,4.128092435962949
Vac_89,89,RZV_2d,C_GP_NonPHN_d,0.5199885558765845,0.504652941201792,0.29138543415638607,0.8409697184415376
Vac_89,89,RZV_2d,C_GP_PHN_d,0.21444106592843862,0.20787552775492893,0.1125119705551137,0.36164127908882426
Vac_89,89,RZV_2d,C_GP_d,0.7344296218050231,0.7140325255829487,0.411986830932157,1.189235663350325
Vac_89,89,RZV_2d,C_Med_d,3.1915356354352182,3.0751645943698502,1.7510197260006806,5.241122065813974
Vac_89,89,RZV_2d,C_VacZVL_d,0,0,0,0
Vac_89,89,RZV_2d,C_VacRZV_d,170,170,170,170
Vac_89,89,RZV_2d,C_Vac_d,170,170,170,170
Vac_89,89,RZV_2d,C_All_d,173.19153563543523,173.07516459436985,171.75101972600066,175.24112206581395
Vac_89,89,RZV_2d,N_VacZVL,0,0,0,0
Vac_89,89,RZV_2d,N_VacRZV,2,2,2,2
Vac_89,89,RZV_2d,N_VacZVL_d,0,0,0,0
Vac_89,89,RZV_2d,N_VacRZV_d,2,2,2,2
Vac_89,89,SOC,N0,1,1,1,1
Vac_89,89,SOC,Year0,2024,2024,2024,2024
Vac_89,89,SOC,Year_Life,5.273756975724471,5.2737593308621795,5.273651401853687,5.27384304859589
Vac_89,89,SOC,Year_Immunised,0,0,0,0
Vac_89,89,SOC,Risk_HZ,0.04800289247122573,0.04800320687817194,0.04624271487905289,0.049650376803426585
Vac_89,89,SOC,Risk_Hosp,0.004841082616586554,0.0048188096694879515,0.0038338725626473453,0.005898397697682742
Vac_89,89,SOC,Risk_PHN,0.004076519256003048,0.004044136063894308,0.0033215209210138586,0.004874072010564435
Vac_89,89,SOC,Risk_Death,1.3885260299260278e-4,1.3823203451198898e-4,1.1617168001037023e-4,1.6667202096397622e-4
Vac_89,89,SOC,Q_Life,3.9023718281314324,3.90237335878707,3.9023032137274716,3.9024277684295594
Vac_89,89,SOC,Q_HZ,-0.007582460818790073,-0.007550479292918326,-0.00903006307710958,-0.0064025986836154045
Vac_89,89,SOC,Q_HZ_Norm,-0.0020847483999367543,-0.002073076983020278,-0.0024838767301134657,-0.0017566525647842728
Vac_89,89,SOC,Q_All,3.8440145447041996,3.844046039606455,3.842580454772769,3.845200040627178
Vac_89,89,SOC,Q_HZ_d,-0.0068518899028616595,-0.00682081183566428,-0.008148397160077881,-0.005795769253758547
Vac_89,89,SOC,Q_HZ_Norm_d,-0.0018880781257800507,-0.0018771307626132805,-0.002249181697189049,-0.0015900172170592673
Vac_89,89,SOC,Q_Life_d,3.5075450277930136,3.507546277953683,3.5074889874611803,3.507590716589903
Vac_89,89,SOC,Q_All_d,3.500693137890152,3.5007236241776605,3.499396480825785,3.50175902386475
Vac_89,89,SOC,C_Hosp,22.622593743077353,22.44643555204696,17.938787450918422,27.761151741079097
Vac_89,89,SOC,C_GP_NonPHN,4.984500889083428,4.9848139596125005,4.730504502305784,5.214786162149781
Vac_89,89,SOC,C_GP_PHN,2.0865907412536573,2.0763112175091054,1.6885114125241976,2.5367478502962006
Vac_89,89,SOC,C_GP,7.071091630337086,7.064634338758285,6.625784166566678,7.5427659320678355
Vac_89,89,SOC,C_Med,29.693685373414436,29.54023501546412,25.021047136932058,34.74125650740207
Vac_89,89,SOC,C_VacZVL,0,0,0,0
Vac_89,89,SOC,C_VacRZV,0,0,0,0
Vac_89,89,SOC,C_Vac,0,0,0,0
Vac_89,89,SOC,C_All,29.693685373414436,29.54023501546412,25.021047136932058,34.74125650740207
Vac_89,89,SOC,C_Hosp_d,20.274938573940496,20.126781283590002,15.968700501672721,24.978032112001458
Vac_89,89,SOC,C_GP_NonPHN_d,4.51809069108465,4.51938819463259,4.288718266356621,4.730585227437983
Vac_89,89,SOC,C_GP_PHN_d,1.8989768453045364,1.8886482881489157,1.5370232780340995,2.302846161622026
Vac_89,89,SOC,C_GP_d,6.417067536389187,6.412010130252376,6.008683677231875,6.849239828166063
Vac_89,89,SOC,C_Med_d,26.692006110329682,26.565125733911138,22.444674566640717,31.26057587983055
Vac_89,89,SOC,C_VacZVL_d,0,0,0,0
Vac_89,89,SOC,C_VacRZV_d,0,0,0,0
Vac_89,89,SOC,C_Vac_d,0,0,0,0
Vac_89,89,SOC,C_All_d,26.692006110329682,26.565125733911138,22.444674566640717,31.26057587983055
Vac_89,89,SOC,N_VacZVL,0,0,0,0
Vac_89,89,SOC,N_VacRZV,0,0,0,0
Vac_89,89,SOC,N_VacZVL_d,0,0,0,0
Vac_89,89,SOC,N_VacRZV_d,0,0,0,0
Vac_90,90,RZV_1d,N0,1,1,1,1
Vac_90,90,RZV_1d,Year0,2024,2024,2024,2024
Vac_90,90,RZV_1d,Year_Life,4.8944097263393,4.894413299957287,4.894356514590632,4.894439782158829
Vac_90,90,RZV_1d,Year_Immunised,4.186130235741006,4.217910335586031,3.6476427586775806,4.512387267283674
Vac_90,90,RZV_1d,Risk_HZ,0.006337903460121966,0.00601530914650231,0.003405866198007167,0.01122484009244945
Vac_90,90,RZV_1d,Risk_Hosp,6.739387210009636e-4,6.357371361161545e-4,3.46631277435697e-4,0.0012183382321518576
Vac_90,90,RZV_1d,Risk_PHN,5.237839219124776e-4,4.956413911797546e-4,2.6015081618812057e-4,9.659111464965529e-4
Vac_90,90,RZV_1d,Risk_Death,1.8640635642670953e-5,1.7776275546064055e-5,9.862821712924884e-6,3.3328091418266576e-5
Vac_90,90,RZV_1d,Q_Life,3.621059044091081,3.6210613848459614,3.6210246161773965,3.621078337825178
Vac_90,90,RZV_1d,Q_HZ,-0.0010031784459123868,-9.44723149503528e-4,-0.0018236392240208777,-5.214700798355211e-4
Vac_90,90,RZV_1d,Q_HZ_Norm,-2.715318659803051e-4,-2.573595550951793e-4,-5.01298057557511e-4,-1.4125358533037066e-4
Vac_90,90,RZV_1d,Q_All,3.5618966279887534,3.5619557744869734,3.5610394337016658,3.5623960831907664
Vac_90,90,RZV_1d,Q_HZ_d,-8.912477195747231e-4,-8.366253884049488e-4,-0.001642698350383066,-4.571754200066861e-4
Vac_90,90,RZV_1d,Q_HZ_Norm_d,-2.4172160485889352e-4,-2.2843230284654066e-4,-4.503924417167913e-4,-1.2324162596651499e-4
Vac_90,90,RZV_1d,Q_Life_d,3.2815473937860746,3.2815493555511095,3.281518793659617,3.2815632660241434
Vac_90,90,RZV_1d,Q_All_d,3.2806561460665,3.280712507075071,3.279869496066798,3.2811046648591864
Vac_90,90,RZV_1d,C_Hosp,3.153595973239187,2.97284337057926,1.6464178591861776,5.7826865246588595
Vac_90,90,RZV_1d,C_GP_NonPHN,0.6460586834595707,0.6128576694991597,0.34312007874193384,1.1501655543155205
Vac_90,90,RZV_1d,C_GP_PHN,0.2628713641487543,0.24774090555966877,0.12962228932415995,0.49069065105363585
Vac_90,90,RZV_1d,C_GP,0.9089300476083251,0.8614685328906613,0.4782129499600801,1.6186979813083942
Vac_90,90,RZV_1d,C_Med,4.062526020847512,3.8343807361266355,2.1421776808232433,7.3950609632596365
Vac_90,90,RZV_1d,C_VacZVL,0,0,0,0
Vac_90,90,RZV_1d,C_VacRZV,85,85,85,85
Vac_90,90,RZV_1d,C_Vac,85,85,85,85
Vac_90,90,RZV_1d,C_All,89.06252602084751,88.83438073612663,87.14217768082325,92.39506096325962
Vac_90,90,RZV_1d,C_Hosp_d,2.784088963816076,2.6120591458897753,1.4329226027031212,5.1602228937992685
Vac_90,90,RZV_1d,C_GP_NonPHN_d,0.5756259950856875,0.5456935014668192,0.30249225722715395,1.0438220901916382
Vac_90,90,RZV_1d,C_GP_PHN_d,0.23511724600784348,0.2210437528844783,0.11457864587828302,0.4394262657170427
Vac_90,90,RZV_1d,C_GP_d,0.8107432410935309,0.7665482420989574,0.4215043821148541,1.4723328457594311
Vac_90,90,RZV_1d,C_Med_d,3.594832204909607,3.3856729583587444,1.8892301011098152,6.622851035872523
Vac_90,90,RZV_1d,C_VacZVL_d,0,0,0,0
Vac_90,90,RZV_1d,C_VacRZV_d,85,85,85,85
Vac_90,90,RZV_1d,C_Vac_d,85,85,85,85
Vac_90,90,RZV_1d,C_All_d,88.59483220490961,88.38567295835874,86.88923010110983,91.62285103587253
Vac_90,90,RZV_1d,N_VacZVL,0,0,0,0
Vac_90,90,RZV_1d,N_VacRZV,1,1,1,1
Vac_90,90,RZV_1d,N_VacZVL_d,0,0,0,0
Vac_90,90,RZV_1d,N_VacRZV_d,1,1,1,1
Vac_90,90,RZV_2d,N0,1,1,1,1
Vac_90,90,RZV_2d,Year0,2024,2024,2024,2024
Vac_90,90,RZV_2d,Year_Life,4.894422037098056,4.894423882416463,4.894386860410581,4.894443510008054
Vac_90,90,RZV_2d,Year_Immunised,4.316865742469514,4.329735611932758,3.9689003387032846,4.5714912282639295
Vac_90,90,RZV_2d,Risk_HZ,0.005156122951718411,0.005012856310223909,0.0028813214864579855,0.008305607289427063
Vac_90,90,RZV_2d,Risk_Hosp,5.517318683061603e-4,5.332200829997781e-4,2.9851721972019065e-4,9.134788204538982e-4
Vac_90,90,RZV_2d,Risk_PHN,4.248776108587563e-4,4.122589135478608e-4,2.1830825289664794e-4,7.20700370962857e-4
Vac_90,90,RZV_2d,Risk_Death,1.5202443667772808e-5,1.4751980640054496e-5,8.406175092967828e-6,2.5272846811223707e-5
Vac_90,90,RZV_2d,Q_Life,3.6210669816064898,3.6210682401560668,3.621044528580272,3.6210806361936645
Vac_90,90,RZV_2d,Q_HZ,-8.152978886137325e-4,-7.81268867561828e-4,-0.0013576315826911462,-4.4210409436992704e-4
Vac_90,90,RZV_2d,Q_HZ_Norm,-2.2031619634610368e-4,-2.133216424631465e-4,-3.634427215311222e-4,-1.2038516975398487e-4
Vac_90,90,RZV_2d,Q_All,3.5620919635437915,3.5621270654278705,3.5615396065876097,3.562478847025619
Vac_90,90,RZV_2d,Q_HZ_d,-7.193666455438403e-4,-6.874910649259345e-4,-0.001206464573527734,-3.894027679769718e-4
Vac_90,90,RZV_2d,Q_HZ_Norm_d,-1.9478350792747246e-4,-1.884299066644764e-4,-3.239530972012692e-4,-1.0636419919565938e-4
Vac_90,90,RZV_2d,Q_Life_d,3.28155397925155,3.2815550128797644,3.2815354837674557,3.2815652278575915
Vac_90,90,RZV_2d,Q_All_d,3.280834612606006,3.2808668579388245,3.2803364208605963,3.281174661794164
Vac_90,90,RZV_2d,C_Hosp,2.5792289987589987,2.4777876384165936,1.4030198854298064,4.33511752683779
Vac_90,90,RZV_2d,C_GP_NonPHN,0.5236454375045125,0.5079055569371379,0.29377539669619973,0.8494526163440584
Vac_90,90,RZV_2d,C_GP_PHN,0.21242510221765235,0.2056707895584376,0.11085745428684779,0.3630017637951799
Vac_90,90,RZV_2d,C_GP,0.7360705397221649,0.7147430684600451,0.4122429959366269,1.194538327773459
Vac_90,90,RZV_2d,C_Med,3.3152995384811637,3.189400026785734,1.83685326464553,5.498157320327862
Vac_90,90,RZV_2d,C_VacZVL,0,0,0,0
Vac_90,90,RZV_2d,C_VacRZV,170,170,170,170
Vac_90,90,RZV_2d,C_Vac,170,170,170,170
Vac_90,90,RZV_2d,C_All,173.31529953848116,173.18940002678573,171.83685326464555,175.49815732032786
Vac_90,90,RZV_2d,C_Hosp_d,2.2618559370828644,2.1729865862941375,1.224079831233694,3.8678482492552595
Vac_90,90,RZV_2d,C_GP_NonPHN_d,0.4633580697047113,0.4490957530769653,0.2583761091559413,0.7517731264252657
Vac_90,90,RZV_2d,C_GP_PHN_d,0.18869767331186843,0.1824235099917625,0.09721718882352784,0.32364395859103895
Vac_90,90,RZV_2d,C_GP_d,0.6520557430165798,0.6309047902446414,0.3622571068182328,1.0634738167328248
Vac_90,90,RZV_2d,C_Med_d,2.913911680099444,2.799420856681686,1.6022573756101293,4.874875477861427
Vac_90,90,RZV_2d,C_VacZVL_d,0,0,0,0
Vac_90,90,RZV_2d,C_VacRZV_d,170,170,170,170
Vac_90,90,RZV_2d,C_Vac_d,170,170,170,170
Vac_90,90,RZV_2d,C_All_d,172.91391168009943,172.7994208566817,171.60225737561015,174.87487547786142
Vac_90,90,RZV_2d,N_VacZVL,0,0,0,0
Vac_90,90,RZV_2d,N_VacRZV,2,2,2,2
Vac_90,90,RZV_2d,N_VacZVL_d,0,0,0,0
Vac_90,90,RZV_2d,N_VacRZV_d,2,2,2,2
Vac_90,90,SOC,N0,1,1,1,1
Vac_90,90,SOC,Year0,2024,2024,2024,2024
Vac_90,90,SOC,Year_Life,4.894014165017702,4.894016202423312,4.893922835030686,4.894088624940352
Vac_90,90,SOC,Year_Immunised,0,0,0,0
Vac_90,90,SOC,Risk_HZ,0.044199718964800724,0.044211076983944275,0.04249888787360742,0.045819253359868285
Vac_90,90,SOC,Risk_Hosp,0.004591388669384708,0.004573669012445645,0.003650350835710093,0.005660176003987766
Vac_90,90,SOC,Risk_PHN,0.0037040946869904795,0.0036750477666587303,0.0029263861205464227,0.004512566640361211
Vac_90,90,SOC,Risk_Death,1.2885437230816615e-4,1.2827847729733496e-4,1.0780648806572574e-4,1.546708242925585e-4
Vac_90,90,SOC,Q_Life,3.620803917936665,3.6208052293888655,3.6207451303046794,3.6208518465404285
Vac_90,90,SOC,Q_HZ,-0.007018008394191804,-0.00698318424728809,-0.008380539520674172,-0.005919843064146833
Vac_90,90,SOC,Q_HZ_Norm,-0.0019150177125752746,-0.0019033652990670905,-0.002281694395371779,-0.0016070481162840545
Vac_90,90,SOC,Q_All,3.5556420556759307,3.555673942294233,3.554291108107806,3.556740104231634
Vac_90,90,SOC,Q_HZ_d,-0.006397757850184968,-0.00636518867640601,-0.007625244081387272,-0.005403310011166688
Vac_90,90,SOC,Q_HZ_Norm_d,-0.001748947520567092,-0.0017383545258356304,-0.0020830592513198143,-0.0014687632683960338
Vac_90,90,SOC,Q_Life_d,3.281335649223544,3.2813367353213656,3.281286963687993,3.281375341716247
Vac_90,90,SOC,Q_All_d,3.274937891373359,3.2749673431047963,3.273715515749705,3.2759327140836585
Vac_90,90,SOC,C_Hosp,21.563796297020897,21.379077187076142,16.954279822151182,26.70986528704222
Vac_90,90,SOC,C_GP_NonPHN,4.567181523626206,4.568898945423365,4.327011571968956,4.797917224757853
Vac_90,90,SOC,C_GP_PHN,1.884533446111104,1.873352326860046,1.475731211327279,2.332098296478022
Vac_90,90,SOC,C_GP,6.451714969737311,6.444022413603724,6.006676168109044,6.926568345095222
Vac_90,90,SOC,C_Med,28.01551126675821,27.866362589267837,23.45495281593474,33.1137305395263
Vac_90,90,SOC,C_VacZVL,0,0,0,0
Vac_90,90,SOC,C_VacRZV,0,0,0,0
Vac_90,90,SOC,C_Vac,0,0,0,0
Vac_90,90,SOC,C_All,28.01551126675821,27.866362589267837,23.45495281593474,33.1137305395263
Vac_90,90,SOC,C_Hosp_d,19.536061963101037,19.366961158129488,15.315942650900393,24.307893560750838
Vac_90,90,SOC,C_GP_NonPHN_d,4.174238283652486,4.17473728517575,3.9544488235377306,4.389020869124199
Vac_90,90,SOC,C_GP_PHN_d,1.7281300251998168,1.718306989244923,1.3550561056581631,2.131363445503893
Vac_90,90,SOC,C_GP_d,5.902368308852304,5.895523624096277,5.4971906068964405,6.3349657213865305
Vac_90,90,SOC,C_Med_d,25.43843027195334,25.30630582148424,21.214713110153554,30.09706793036779
Vac_90,90,SOC,C_VacZVL_d,0,0,0,0
Vac_90,90,SOC,C_VacRZV_d,0,0,0,0
Vac_90,90,SOC,C_Vac_d,0,0,0,0
Vac_90,90,SOC,C_All_d,25.43843027195334,25.30630582148424,21.214713110153554,30.09706793036779
Vac_90,90,SOC,N_VacZVL,0,0,0,0
Vac_90,90,SOC,N_VacRZV,0,0,0,0
Vac_90,90,SOC,N_VacZVL_d,0,0,0,0
Vac_90,90,SOC,N_VacRZV_d,0,0,0,0
Vac_91,91,RZV_1d,N0,1,1,1,1
Vac_91,91,RZV_1d,Year0,2024,2024,2024,2024
Vac_91,91,RZV_1d,Year_Life,4.5345952439650405,4.534598435780919,4.534549106143701,4.534620844365761
Vac_91,91,RZV_1d,Year_Immunised,3.8989148757078786,3.9315673964043256,3.3922633996729865,4.199456418414092
Vac_91,91,RZV_1d,Risk_HZ,0.005648393272616988,0.005349974307009463,0.0029715670402773522,0.010273291711929292
Vac_91,91,RZV_1d,Risk_Hosp,6.144563426109229e-4,5.772647332982215e-4,3.1147333997147625e-4,0.0011447664982275234
Vac_91,91,RZV_1d,Risk_PHN,4.6188683770626113e-4,4.3616594838738476e-4,2.2255768722288186e-4,8.630071994784992e-4
Vac_91,91,RZV_1d,Risk_Death,1.6729630042545586e-5,1.5863891679677554e-5,8.666392004680228e-6,3.0359737759464145e-5
Vac_91,91,RZV_1d,Q_Life,3.354484288835901,3.354486451604111,3.354454715683527,3.354500493565715
Vac_91,91,RZV_1d,Q_HZ,-8.948234332113716e-4,-8.398198496155558e-4,-0.0016482943749143066,-4.562402464948279e-4
Vac_91,91,RZV_1d,Q_HZ_Norm,-2.4071242802624481e-4,-2.2680617780672483e-4,-4.469448222258382e-4,-1.2250551282982762e-4
Vac_91,91,RZV_1d,Q_All,3.2858694371893367,3.2859266301066405,3.285085518580139,3.286320773083792
Vac_91,91,RZV_1d,Q_HZ_d,-8.04612629020332e-4,-7.523368840348049e-4,-0.0015043477644681067,-4.063811799776333e-4
Vac_91,91,RZV_1d,Q_HZ_Norm_d,-2.1679321901225582e-4,-2.0387405951346514e-4,-4.071944243150475e-4,-1.0821463894952987e-4
Vac_91,91,RZV_1d,Q_Life_d,3.0647074643850947,3.0647093539880808,3.064682414111792,3.064721058293133
Vac_91,91,RZV_1d,Q_All_d,3.0639028517560742,3.063958848520465,3.063169111983004,3.064311307382122
Vac_91,91,RZV_1d,C_Hosp,2.8773136073106156,2.695956271303162,1.4434143249480875,5.451272811738358
Vac_91,91,RZV_1d,C_GP_NonPHN,0.5712407567420134,0.5406714318358734,0.30063786737968373,1.0466123971552093
Vac_91,91,RZV_1d,C_GP_PHN,0.2298356939302472,0.21515684731684834,0.10925801256294686,0.4344131841689905
Vac_91,91,RZV_1d,C_GP,0.8010764506722605,0.7580573736484026,0.41553031728853285,1.463103323985096
Vac_91,91,RZV_1d,C_Med,3.678390057982876,3.4506812546474976,1.8981978252759357,6.878836948642443
Vac_91,91,RZV_1d,C_VacZVL,0,0,0,0
Vac_91,91,RZV_1d,C_VacRZV,85,85,85,85
Vac_91,91,RZV_1d,C_Vac,85,85,85,85
Vac_91,91,RZV_1d,C_All,88.67839005798288,88.45068125464749,86.89819782527594,91.87883694864244
Vac_91,91,RZV_1d,C_Hosp_d,2.5763055310826366,2.4012153781488212,1.280139219572523,4.881292561548154
Vac_91,91,RZV_1d,C_GP_NonPHN_d,0.5148247273691107,0.4849454229716301,0.2676696637696854,0.9577696180605388
Vac_91,91,RZV_1d,C_GP_PHN_d,0.20781571645346963,0.1939051496369454,0.09822622015790305,0.39956586764842417
Vac_91,91,RZV_1d,C_GP_d,0.7226404438225803,0.6802430022446013,0.3714963323490635,1.3357957636184952
Vac_91,91,RZV_1d,C_Med_d,3.298945974905217,3.0807441569765777,1.6904743433997134,6.2623622416121005
Vac_91,91,RZV_1d,C_VacZVL_d,0,0,0,0
Vac_91,91,RZV_1d,C_VacRZV_d,85,85,85,85
Vac_91,91,RZV_1d,C_Vac_d,85,85,85,85
Vac_91,91,RZV_1d,C_All_d,88.29894597490522,88.08074415697658,86.69047434339971,91.26236224161211
Vac_91,91,RZV_1d,N_VacZVL,0,0,0,0
Vac_91,91,RZV_1d,N_VacRZV,1,1,1,1
Vac_91,91,RZV_1d,N_VacZVL_d,0,0,0,0
Vac_91,91,RZV_1d,N_VacRZV_d,1,1,1,1
Vac_91,91,RZV_2d,N0,1,1,1,1
Vac_91,91,RZV_2d,Year0,2024,2024,2024,2024
Vac_91,91,RZV_2d,Year_Life,4.534605864318092,4.534607545078102,4.534576009315752,4.534623976618705
Vac_91,91,RZV_2d,Year_Immunised,4.020576180528674,4.033817112428515,3.704659059372486,4.245450826666878
Vac_91,91,RZV_2d,Risk_HZ,0.00455742902616186,0.00442351825267678,0.002541642660233226,0.00736463088364131
Vac_91,91,RZV_2d,Risk_Hosp,4.980501602169131e-4,4.782833282069598e-4,2.670628352252289e-4,8.434720172740271e-4
Vac_91,91,RZV_2d,Risk_PHN,3.716667310824224e-4,3.5968666376102305e-4,1.8818543246208034e-4,6.450721883388826e-4
Vac_91,91,RZV_2d,Risk_Death,1.3530051506580294e-5,1.3080139050682864e-5,7.500861895309489e-6,2.2691480703160647e-5
Vac_91,91,RZV_2d,Q_Life,3.3544910598314184,3.3544921134362395,3.354472061588473,3.3545024014490137
Vac_91,91,RZV_2d,Q_HZ,-7.205638943073094e-4,-6.891508033038882e-4,-0.001211069573369306,-3.9022566971102244e-4
Vac_91,91,RZV_2d,Q_HZ_Norm,-1.9356607580392374e-4,-1.8651904895789512e-4,-3.2309434040390754e-4,-1.0527426062961936e-4
Vac_91,91,RZV_2d,Q_All,3.2860499550693607,3.2860817715688118,3.2855439205326094,3.2863911546343045
Vac_91,91,RZV_2d,Q_HZ_d,-6.438855639696263e-4,-6.144716755196193e-4,-0.0010844061292944354,-3.448941046566875e-4
Vac_91,91,RZV_2d,Q_HZ_Norm_d,-1.7324540814278878e-4,-1.6661332249960875e-4,-2.932662688925915e-4,-9.449724058931818e-5
Vac_91,91,RZV_2d,Q_Life_d,3.0647131596997013,3.064714093100738,3.064697318855354,3.0647225492607384
Vac_91,91,RZV_2d,Q_All_d,3.0640692741357314,3.0640984271882785,3.06361680343084,3.0643765269590633
Vac_91,91,RZV_2d,C_Hosp,2.3277838535722615,2.231125215866878,1.2540620484604168,4.032854845537577
Vac_91,91,RZV_2d,C_GP_NonPHN,0.45892257189460606,0.44399815716420143,0.25426903270973317,0.7544264103174094
Vac_91,91,RZV_2d,C_GP_PHN,0.18413775870900165,0.17774442035499838,0.09441066194838506,0.32022878078343253
Vac_91,91,RZV_2d,C_GP,0.6430603306036077,0.6209933750786969,0.3565190055563623,1.0510227281109195
Vac_91,91,RZV_2d,C_Med,2.970844184175869,2.859621774614166,1.6272720529347122,5.040616960161003
Vac_91,91,RZV_2d,C_VacZVL,0,0,0,0
Vac_91,91,RZV_2d,C_VacRZV,170,170,170,170
Vac_91,91,RZV_2d,C_Vac,170,170,170,170
Vac_91,91,RZV_2d,C_All,172.97084418417586,172.85962177461417,171.6272720529347,175.040616960161
Vac_91,91,RZV_2d,C_Hosp_d,2.0715093058605554,1.9762193553082399,1.1132538432504957,3.619862131074639
Vac_91,91,RZV_2d,C_GP_NonPHN_d,0.41102362196377884,0.39529970267812226,0.22624829530097795,0.6837999528141286
Vac_91,91,RZV_2d,C_GP_PHN_d,0.16545922698720528,0.15948942097066893,0.08467814917387988,0.29422202225116256
Vac_91,91,RZV_2d,C_GP_d,0.5764828489509841,0.5565569066413396,0.31862106595615575,0.9559543416381899
Vac_91,91,RZV_2d,C_Med_d,2.6479921548115395,2.535756763067849,1.4470826380443707,4.53165379263741
Vac_91,91,RZV_2d,C_VacZVL_d,0,0,0,0
Vac_91,91,RZV_2d,C_VacRZV_d,170,170,170,170
Vac_91,91,RZV_2d,C_Vac_d,170,170,170,170
Vac_91,91,RZV_2d,C_All_d,172.64799215481153,172.53575676306787,171.44708263804438,174.5316537926374
Vac_91,91,RZV_2d,N_VacZVL,0,0,0,0
Vac_91,91,RZV_2d,N_VacRZV,2,2,2,2
Vac_91,91,RZV_2d,N_VacZVL_d,0,0,0,0
Vac_91,91,RZV_2d,N_VacRZV_d,2,2,2,2
Vac_91,91,SOC,N0,1,1,1,1
Vac_91,91,SOC,Year0,2024,2024,2024,2024
Vac_91,91,SOC,Year_Life,4.5342537472334765,4.534255498269181,4.534175255026035,4.534317740613269
Vac_91,91,SOC,Year_Immunised,0,0,0,0
Vac_91,91,SOC,Risk_HZ,0.04063014282872459,0.04065332624761499,0.039133962195238764,0.04217428420805143
Vac_91,91,SOC,Risk_Hosp,0.004347334703803815,0.004325551627965135,0.0034644978303202674,0.005321938566170885
Vac_91,91,SOC,Risk_PHN,0.003367577910474491,0.0033539739913889368,0.0025964666683234395,0.0042050893861325725
Vac_91,91,SOC,Risk_Death,1.1938225638196435e-4,1.18848685197861e-4,9.988149149947004e-5,1.4330112014882253e-4
Vac_91,91,SOC,Q_Life,3.3542664952888948,3.3542676097570836,3.354216538243929,3.3543072243932395
Vac_91,91,SOC,Q_HZ,-0.006478577655483225,-0.006445279573214181,-0.007747025881704834,-0.005456865611485697
Vac_91,91,SOC,Q_HZ_Norm,-0.0017550546980004726,-0.0017456285236151477,-0.0020968887373346125,-0.0014659289711708376
Vac_91,91,SOC,Q_All,3.28008426374649,3.2801128877168146,3.278827247752312,3.2811076924324096
Vac_91,91,SOC,Q_HZ_d,-0.005957819954615193,-0.005927492616574698,-0.007114097350025589,-0.005023866079673816
Vac_91,91,SOC,Q_HZ_Norm_d,-0.0016163386474565915,-0.0016085044839721048,-0.001931248087647634,-0.0013511907696570505
Vac_91,91,SOC,Q_Life_d,3.064524216932543,3.064525152958922,3.0644822589031784,3.06455842455403
Vac_91,91,SOC,Q_All_d,3.0585663969779278,3.0585935077205497,3.0574074816305683,3.0595034717148866
Vac_91,91,SOC,C_Hosp,20.500494056952064,20.3999151909709,16.063586328844238,25.497826096138798
Vac_91,91,SOC,C_GP_NonPHN,4.172181104932025,4.1726073988768295,3.9376188918109185,4.387350806200952
Vac_91,91,SOC,C_GP_PHN,1.701300712110981,1.6947958132284107,1.2950403857810466,2.154171792094922
Vac_91,91,SOC,C_GP,5.873481817043006,5.86654054429922,5.457682700015879,6.3604530987905745
Vac_91,91,SOC,C_Med,26.373975873995068,26.267198888290274,22.042190811874363,31.31359279033389
Vac_91,91,SOC,C_VacZVL,0,0,0,0
Vac_91,91,SOC,C_VacRZV,0,0,0,0
Vac_91,91,SOC,C_Vac,0,0,0,0
Vac_91,91,SOC,C_All,26.373975873995068,26.267198888290274,22.042190811874363,31.31359279033389
Vac_91,91,SOC,C_Hosp_d,18.77424491054278,18.68584748092286,14.67787206580735,23.471007030274976
Vac_91,91,SOC,C_GP_NonPHN_d,3.8446436783143954,3.8436260829811797,3.6240812194742205,4.046279117438851
Vac_91,91,SOC,C_GP_PHN_d,1.5723533829567042,1.565412498839628,1.2007026302063482,1.988416675573635
Vac_91,91,SOC,C_GP_d,5.4169970612711,5.412567188734991,5.037334488442957,5.865991697983779
Vac_91,91,SOC,C_Med_d,24.191241971813877,24.119799660635287,20.185161113330743,28.837073453890493
Vac_91,91,SOC,C_VacZVL_d,0,0,0,0
Vac_91,91,SOC,C_VacRZV_d,0,0,0,0
Vac_91,91,SOC,C_Vac_d,0,0,0,0
Vac_91,91,SOC,C_All_d,24.191241971813877,24.119799660635287,20.185161113330743,28.837073453890493
Vac_91,91,SOC,N_VacZVL,0,0,0,0
Vac_91,91,SOC,N_VacRZV,0,0,0,0
Vac_91,91,SOC,N_VacZVL_d,0,0,0,0
Vac_91,91,SOC,N_VacRZV_d,0,0,0,0
Vac_92,92,RZV_1d,N0,1,1,1,1
Vac_92,92,RZV_1d,Year0,2024,2024,2024,2024
Vac_92,92,RZV_1d,Year_Life,4.1927629327938,4.192765933460085,4.192722918863096,4.192784595595215
Vac_92,92,RZV_1d,Year_Immunised,3.623893369413632,3.6554411778942217,3.1482499693055743,3.8961411012864215
Vac_92,92,RZV_1d,Risk_HZ,0.0050172575485715,0.00473154403133416,0.0026170298601937195,0.009337511055886703
Vac_92,92,RZV_1d,Risk_Hosp,5.554362242649652e-4,5.183720312217327e-4,2.7108449256779834e-4,0.0010663387161528224
Vac_92,92,RZV_1d,Risk_PHN,4.0521898003612847e-4,3.7993001096683833e-4,1.8864545912348148e-4,7.682185977014058e-4
Vac_92,92,RZV_1d,Risk_Death,1.497101315119979e-5,1.4130800048706631e-5,7.589098853186806e-6,2.775267215053338e-5
Vac_92,92,RZV_1d,Q_Life,3.1011563374238813,3.1011582968471183,3.101131009257255,3.101169840663023
Vac_92,92,RZV_1d,Q_HZ,-7.93891923649977e-4,-7.402107690162737e-4,-0.001506805310377519,-3.9838426816417316e-4
Vac_92,92,RZV_1d,Q_HZ_Norm,-2.1229747421732837e-4,-1.987802832842228e-4,-4.038915075218533e-4,-1.0530800585621376e-4
Vac_92,92,RZV_1d,Q_All,3.020032194780693,3.020087930513137,3.019296153852869,3.020439224546288
Vac_92,92,RZV_1d,Q_HZ_d,-7.22470904159432e-4,-6.714109349345292e-4,-0.001392431079488408,-3.5714902998815494e-4
Vac_92,92,RZV_1d,Q_HZ_Norm_d,-1.93439803131024e-4,-1.8063981609560203e-4,-3.7316171636238255e-4,-9.464555337011977e-5
Vac_92,92,RZV_1d,Q_Life_d,2.8561512737572827,2.8561529647138597,2.856129497849266,2.8561627604523183
Vac_92,92,RZV_1d,Q_All_d,2.8554288028531234,2.855481535639304,2.8547351938402703,2.855804855678877
Vac_92,92,RZV_1d,C_Hosp,2.5978627893840116,2.418717845613953,1.2689814158708623,5.047368328171728
Vac_92,92,RZV_1d,C_GP_NonPHN,0.5027297193810784,0.4733015244131997,0.2595081558003691,0.9412609175366441
Vac_92,92,RZV_1d,C_GP_PHN,0.1996187683713137,0.18562948138771126,0.09245333683627453,0.3803257166339195
Vac_92,92,RZV_1d,C_GP,0.7023484877523921,0.6588639002856624,0.3579587204527296,1.3133619027368348
Vac_92,92,RZV_1d,C_Med,3.300211277136404,3.0645190442221475,1.6506612599806665,6.28435655278973
Vac_92,92,RZV_1d,C_VacZVL,0,0,0,0
Vac_92,92,RZV_1d,C_VacRZV,85,85,85,85
Vac_92,92,RZV_1d,C_Vac,85,85,85,85
Vac_92,92,RZV_1d,C_All,88.3002112771364,88.06451904422215,86.65066125998067,91.28435655278973
Vac_92,92,RZV_1d,C_Hosp_d,2.3574592244091903,2.17706604566696,1.1399257232153475,4.603557440925577
Vac_92,92,RZV_1d,C_GP_NonPHN_d,0.45832728506865705,0.43076257123460393,0.23241429819969706,0.8699317317307542
Vac_92,92,RZV_1d,C_GP_PHN_d,0.18243966721498364,0.16890076815346128,0.08348311512832693,0.35098726500694716
Vac_92,92,RZV_1d,C_GP_d,0.6407669522836407,0.5978966794229794,0.32287265419990324,1.2166115264691622
Vac_92,92,RZV_1d,C_Med_d,2.9982261766928313,2.778708282470522,1.489812790607141,5.797469237310687
Vac_92,92,RZV_1d,C_VacZVL_d,0,0,0,0
Vac_92,92,RZV_1d,C_VacRZV_d,85,85,85,85
Vac_92,92,RZV_1d,C_Vac_d,85,85,85,85
Vac_92,92,RZV_1d,C_All_d,87.99822617669282,87.77870828247052,86.48981279060715,90.7974692373107
Vac_92,92,RZV_1d,N_VacZVL,0,0,0,0
Vac_92,92,RZV_1d,N_VacRZV,1,1,1,1
Vac_92,92,RZV_1d,N_VacZVL_d,0,0,0,0
Vac_92,92,RZV_1d,N_VacRZV_d,1,1,1,1
Vac_92,92,RZV_2d,N0,1,1,1,1
Vac_92,92,RZV_2d,Year0,2024,2024,2024,2024
Vac_92,92,RZV_2d,Year_Life,4.192772015853311,4.192773503424311,4.192746853226871,4.192786928868906
Vac_92,92,RZV_2d,Year_Immunised,3.7368769563092905,3.750925669171037,3.4618117247006843,3.9392465155785357
Vac_92,92,RZV_2d,Risk_HZ,0.004012879675939681,0.0038879246544929946,0.0022290390627480922,0.006629535944427386
Vac_92,92,RZV_2d,Risk_Hosp,4.4574783756549073e-4,4.2761700832412143e-4,2.3309890524461432e-4,7.632136210130122e-4
Vac_92,92,RZV_2d,Risk_PHN,3.234142346297012e-4,3.1223142241522915e-4,1.6063622389236905e-4,5.726518671943908e-4
Vac_92,92,RZV_2d,Risk_Death,1.1999624851098131e-5,1.1546604627752736e-5,6.617296065696728e-6,2.0400881333481955e-5
Vac_92,92,RZV_2d,Q_Life,3.101162050371582,3.101163015709769,3.1011464117518743,3.101171318797992
Vac_92,92,RZV_2d,Q_HZ,-6.329353570241582e-4,-6.057934876613591e-4,-0.0010677252816842459,-3.378801521529664e-4
Vac_92,92,RZV_2d,Q_HZ_Norm,-1.690619219900136e-4,-1.622023120138176e-4,-2.8851084421566164e-4,-9.19447948297487e-5
Vac_92,92,RZV_2d,Q_All,3.0201983168780835,3.0202261579039718,3.0197468684756332,3.0205018485218593
Vac_92,92,RZV_2d,Q_HZ_d,-5.72797060345885e-4,-5.48434719944752e-4,-9.849310569626634e-4,-3.0298729613648876e-4
Vac_92,92,RZV_2d,Q_HZ_Norm_d,-1.5318936831910473e-4,-1.4670633918622587e-4,-2.643651119478646e-4,-8.294242095796204e-5
Vac_92,92,RZV_2d,Q_Life_d,2.8561561470388757,2.856156968543175,2.856142858240343,2.8561640066830405
Vac_92,92,RZV_2d,Q_All_d,2.8555833499785295,2.855608039784226,2.8551560474014415,2.855861183336642
Vac_92,92,RZV_2d,C_Hosp,2.0784069496606263,1.9883095397605448,1.0969394489079796,3.59782597318113
Vac_92,92,RZV_2d,C_GP_NonPHN,0.3999867916594204,0.38401907251279266,0.219310988326347,0.6708814075090368
Vac_92,92,RZV_2d,C_GP_PHN,0.15849388325616182,0.15286816911453704,0.07897737974293842,0.2800981411802472
Vac_92,92,RZV_2d,C_GP,0.5584806749155822,0.5381430910818972,0.3055365521791847,0.9317328691341836
Vac_92,92,RZV_2d,C_Med,2.6368876245762087,2.5259491988786573,1.422676834956662,4.509232424137393
Vac_92,92,RZV_2d,C_VacZVL,0,0,0,0
Vac_92,92,RZV_2d,C_VacRZV,170,170,170,170
Vac_92,92,RZV_2d,C_Vac,170,170,170,170
Vac_92,92,RZV_2d,C_All,172.63688762457622,172.52594919887866,171.42267683495666,174.5092324241374
Vac_92,92,RZV_2d,C_Hosp_d,1.8757396690512294,1.7891371172068928,0.9759956110989704,3.2685573842621465
Vac_92,92,RZV_2d,C_GP_NonPHN_d,0.3626348932462372,0.34728858005055907,0.19715252312497772,0.6138440585157386
Vac_92,92,RZV_2d,C_GP_PHN_d,0.14405242512532557,0.13865326208341788,0.07104896950140813,0.25679234839710624
Vac_92,92,RZV_2d,C_GP_d,0.5066873183715628,0.48782959143928484,0.2785087644774509,0.8548575671200391
Vac_92,92,RZV_2d,C_Med_d,2.382426987422792,2.273723668097868,1.2708175530435453,4.1050004437425685
Vac_92,92,RZV_2d,C_VacZVL_d,0,0,0,0
Vac_92,92,RZV_2d,C_VacRZV_d,170,170,170,170
Vac_92,92,RZV_2d,C_Vac_d,170,170,170,170
Vac_92,92,RZV_2d,C_All_d,172.3824269874228,172.2737236680979,171.27081755304354,174.1050004437426
Vac_92,92,RZV_2d,N_VacZVL,0,0,0,0
Vac_92,92,RZV_2d,N_VacRZV,2,2,2,2
Vac_92,92,RZV_2d,N_VacZVL_d,0,0,0,0
Vac_92,92,RZV_2d,N_VacRZV_d,2,2,2,2
Vac_92,92,SOC,N0,1,1,1,1
Vac_92,92,SOC,Year0,2024,2024,2024,2024
Vac_92,92,SOC,Year_Life,4.192470649594774,4.192472141450957,4.1924037761071835,4.1925251703385324
Vac_92,92,SOC,Year_Immunised,0,0,0,0
Vac_92,92,SOC,Risk_HZ,0.03725445067509198,0.037245158302126755,0.03578936818402912,0.03872351332671353
Vac_92,92,SOC,Risk_Hosp,0.004078129306504468,0.004061319529312105,0.0031872131532339064,0.0051124814393927595
Vac_92,92,SOC,Risk_PHN,0.003043829942078003,0.00302090181422872,0.0022787423554248573,0.00394356398973346
Vac_92,92,SOC,Risk_Death,1.1038346387097924e-4,1.0989010256045494e-4,9.235251941251154e-5,1.3249954477749078e-4
Vac_92,92,SOC,Q_Life,3.100972437548805,3.1009733742316357,3.1009304503406185,3.101006668927825
Vac_92,92,SOC,Q_HZ,-0.005956668038472892,-0.005922517577158443,-0.007137581494198722,-0.004980372889482788
Vac_92,92,SOC,Q_HZ_Norm,-0.0016025593998990784,-0.001593734186376949,-0.001913567950754771,-0.0013326937996432878
Vac_92,92,SOC,Q_All,3.0147030353157125,3.014730598076828,3.0135073000188024,3.015675336487894
Vac_92,92,SOC,Q_HZ_d,-0.005525787161499419,-0.005494078721128837,-0.006621752742857558,-0.004624845489261522
Vac_92,92,SOC,Q_HZ_Norm_d,-0.0014883392857225697,-0.0014808502348077385,-0.0017757864542644326,-0.0012380103667163057
Vac_92,92,SOC,Q_Life_d,2.855994365899379,2.8559951639670267,2.855958592313799,2.8560235314115405
Vac_92,92,SOC,Q_All_d,2.8504685787378796,2.8504961211855417,2.8493669042967156,2.8513764285968652
Vac_92,92,SOC,C_Hosp,19.283616237267438,19.158614625046997,14.896702912801237,24.4075998020349
Vac_92,92,SOC,C_GP_NonPHN,3.7998159036591566,3.800299478654442,3.576811761478631,4.014787978819298
Vac_92,92,SOC,C_GP_PHN,1.5258209993992151,1.5124160404806557,1.124125272967453,1.979963053888665
Vac_92,92,SOC,C_GP,5.3256369030583715,5.3121714040707,4.909794874184574,5.787233286688312
Vac_92,92,SOC,C_Med,24.60925314032581,24.4899049773387,20.376048077903334,29.52673719498724
Vac_92,92,SOC,C_VacZVL,0,0,0,0
Vac_92,92,SOC,C_VacRZV,0,0,0,0
Vac_92,92,SOC,C_Vac,0,0,0,0
Vac_92,92,SOC,C_All,24.60925314032581,24.4899049773387,20.376048077903334,29.52673719498724
Vac_92,92,SOC,C_Hosp_d,17.839127200703977,17.721093990956994,13.740225826815408,22.58531492425951
Vac_92,92,SOC,C_GP_NonPHN_d,3.530672875070852,3.5305770379701316,3.3238904748849047,3.7342525059354634
Vac_92,92,SOC,C_GP_PHN_d,1.4209086636563986,1.407833426947696,1.0511879317980013,1.8376604249475517
Vac_92,92,SOC,C_GP_d,4.95158153872725,4.940585681004826,4.564602640742584,5.382540244337564
Vac_92,92,SOC,C_Med_d,22.79070873943123,22.70540263692972,18.847312783375024,27.32537218543199
Vac_92,92,SOC,C_VacZVL_d,0,0,0,0
Vac_92,92,SOC,C_VacRZV_d,0,0,0,0
Vac_92,92,SOC,C_Vac_d,0,0,0,0
Vac_92,92,SOC,C_All_d,22.79070873943123,22.70540263692972,18.847312783375024,27.32537218543199
Vac_92,92,SOC,N_VacZVL,0,0,0,0
Vac_92,92,SOC,N_VacRZV,0,0,0,0
Vac_92,92,SOC,N_VacZVL_d,0,0,0,0
Vac_92,92,SOC,N_VacRZV_d,0,0,0,0
Vac_93,93,RZV_1d,N0,1,1,1,1
Vac_93,93,RZV_1d,Year0,2024,2024,2024,2024
Vac_93,93,RZV_1d,Year_Life,3.8652836182224792,3.8652862553957874,3.865249221435017,3.8653016455483846
Vac_93,93,RZV_1d,Year_Immunised,3.358345993567377,3.3888129355468735,2.9131658411259695,3.60589188163029
Vac_93,93,RZV_1d,Risk_HZ,0.004438049418741298,0.004169332591192102,0.0022575377608065814,0.008449745900565783
Vac_93,93,RZV_1d,Risk_Hosp,4.988470817695263e-4,4.5904813154975144e-4,2.3647783570639836e-4,9.961309031450876e-4
Vac_93,93,RZV_1d,Risk_PHN,3.5460764963574646e-4,3.299991536843456e-4,1.5920395651965646e-4,6.931832362141432e-4
Vac_93,93,RZV_1d,Risk_Death,1.334084376522693e-5,1.2532545486264131e-5,6.630840213500495e-6,2.525330809806309e-5
Vac_93,93,RZV_1d,Q_Life,2.8580807270813215,2.85808243143563,2.858059478994352,2.8580917887166644
Vac_93,93,RZV_1d,Q_HZ,-6.992351500384787e-4,-6.486056859638532e-4,-0.0013683311177402787,-3.388978748379177e-4
Vac_93,93,RZV_1d,Q_HZ_Norm,-1.859306340888609e-4,-1.7305090171877772e-4,-3.6226881083628083e-4,-9.017334683582691e-5
Vac_93,93,RZV_1d,Q_All,2.76013028148997,2.760181689709518,2.759443135642469,2.7605000847996104
Vac_93,93,RZV_1d,Q_HZ_d,-6.440706344862617e-4,-5.956748508479087e-4,-0.001276095213744257,-3.075938759796684e-4
Vac_93,93,RZV_1d,Q_HZ_Norm_d,-1.714228265488546e-4,-1.589914158099437e-4,-3.3767072255996746e-4,-8.213453780364124e-5
Vac_93,93,RZV_1d,Q_Life_d,2.6536122115825926,2.6536137049440685,2.6535937366771174,2.653621794748616
Vac_93,93,RZV_1d,Q_All_d,2.6529681409481065,2.6530164421756517,2.6523165007355693,2.653314471990636
Vac_93,93,RZV_1d,C_Hosp,2.323735795858595,2.14128886532062,1.0884699197590872,4.627852562416772
Vac_93,93,RZV_1d,C_GP_NonPHN,0.4392635251418684,0.4111682557213493,0.21942114195178047,0.8445573193288936
Vac_93,93,RZV_1d,C_GP_PHN,0.17246633516931376,0.15933466476269692,0.07668566657962789,0.3377133883759994
Vac_93,93,RZV_1d,C_GP,0.6117298603111821,0.5677127241072502,0.30195660905989485,1.1736683532968202
Vac_93,93,RZV_1d,C_Med,2.9354656561697774,2.71034899491801,1.4227515521582863,5.798729543697619
Vac_93,93,RZV_1d,C_VacZVL,0,0,0,0
Vac_93,93,RZV_1d,C_VacRZV,85,85,85,85
Vac_93,93,RZV_1d,C_Vac,85,85,85,85
Vac_93,93,RZV_1d,C_All,87.93546565616978,87.71034899491801,86.42275155215827,90.79872954369762
Vac_93,93,RZV_1d,C_Hosp_d,2.136842609385707,1.9613304690034672,0.9972912310799857,4.299012674904516
Vac_93,93,RZV_1d,C_GP_NonPHN_d,0.40515664118041655,0.3771816286680767,0.19996945743119313,0.7886172247366798
Vac_93,93,RZV_1d,C_GP_PHN_d,0.15938229926588232,0.1467449822546495,0.07016087372907352,0.3161698026595865
Vac_93,93,RZV_1d,C_GP_d,0.5645389404462988,0.5225673685051031,0.27577576883112637,1.0953251627733676
Vac_93,93,RZV_1d,C_Med_d,2.7013815498320057,2.4860935129436457,1.2926708553595108,5.412766599814861
Vac_93,93,RZV_1d,C_VacZVL_d,0,0,0,0
Vac_93,93,RZV_1d,C_VacRZV_d,85,85,85,85
Vac_93,93,RZV_1d,C_Vac_d,85,85,85,85
Vac_93,93,RZV_1d,C_All_d,87.701381549832,87.48609351294365,86.2926708553595,90.41276659981486
Vac_93,93,RZV_1d,N_VacZVL,0,0,0,0
Vac_93,93,RZV_1d,N_VacRZV,1,1,1,1
Vac_93,93,RZV_1d,N_VacZVL_d,0,0,0,0
Vac_93,93,RZV_1d,N_VacRZV_d,1,1,1,1
Vac_93,93,RZV_2d,N0,1,1,1,1
Vac_93,93,RZV_2d,Year0,2024,2024,2024,2024
Vac_93,93,RZV_2d,Year_Life,3.8652912918894136,3.865292602546835,3.865270293519109,3.8653035858904063
Vac_93,93,RZV_2d,Year_Immunised,3.462961552737359,3.478369625240741,3.1993769513803323,3.6435704336202175
Vac_93,93,RZV_2d,Risk_HZ,0.003516034349791437,0.0033781637571614546,0.0019284231814730643,0.005933876390009681
Vac_93,93,RZV_2d,Risk_Hosp,3.960505329916366e-4,3.7842588407074987e-4,2.0598793706523227e-4,7.011548642255464e-4
Vac_93,93,RZV_2d,Risk_PHN,2.8042281835941475e-4,2.6891132266088427e-4,1.3582523524870242e-4,5.031185130201737e-4
Vac_93,93,RZV_2d,Risk_Death,1.0589504528954024e-5,1.0167977170632462e-5,5.8419799833496985e-6,1.839964873947124e-5
Vac_93,93,RZV_2d,Q_Life,2.8580854726490617,2.8580862945628938,2.8580725107941705,2.858092990474892
Vac_93,93,RZV_2d,Q_HZ,-5.513295335881657e-4,-5.269904846011168e-4,-9.606096573003741e-4,-2.9119164732956603e-4
Vac_93,93,RZV_2d,Q_HZ_Norm,-1.4646916751664962e-4,-1.3978976587863002e-4,-2.548613763773645e-4,-7.95295979653603e-5
Vac_93,93,RZV_2d,Q_All,2.760282346534799,2.7603079577835254,2.759863409721415,2.7605485620826755
Vac_93,93,RZV_2d,Q_HZ_d,-5.053831698692712e-4,-4.8030964980017076e-4,-8.893176539671062e-4,-2.6451532239406397e-4
Vac_93,93,RZV_2d,Q_HZ_Norm_d,-1.3438873063558484e-4,-1.2816358434334637e-4,-2.367942547844301e-4,-7.199202852520273e-5
Vac_93,93,RZV_2d,Q_Life_d,2.653616318702719,2.653617029024362,2.653605158397905,2.653622800538074
Vac_93,93,RZV_2d,Q_All_d,2.6531109355328497,2.653136059745706,2.652718392769851,2.6533573953500063
Vac_93,93,RZV_2d,C_Hosp,1.836383525721452,1.745863806784982,0.9447837263501165,3.29530663234262
Vac_93,93,RZV_2d,C_GP_NonPHN,0.34576239162969447,0.32966054584905563,0.1883899538609327,0.5972574510377421
Vac_93,93,RZV_2d,C_GP_PHN,0.13552145499538662,0.13011151268691823,0.06643703404306724,0.2446858981470464
Vac_93,93,RZV_2d,C_GP,0.4812838466250811,0.4608851614753982,0.26232274197201794,0.8148892422075836
Vac_93,93,RZV_2d,C_Med,2.3176673723465333,2.2097693981200273,1.2287111157322057,4.095441112408133
Vac_93,93,RZV_2d,C_VacZVL,0,0,0,0
Vac_93,93,RZV_2d,C_VacRZV,170,170,170,170
Vac_93,93,RZV_2d,C_Vac,170,170,170,170
Vac_93,93,RZV_2d,C_All,172.31766737234653,172.20976939812002,171.2287111157322,174.0954411124081
Vac_93,93,RZV_2d,C_Hosp_d,1.6805765069993985,1.5977500891687897,0.8619138551319371,3.041627493115036
Vac_93,93,RZV_2d,C_GP_NonPHN_d,0.31737809224007363,0.30197954388803216,0.1723809237999991,0.54856548430741
Vac_93,93,RZV_2d,C_GP_PHN_d,0.12463714873606611,0.11935580269944636,0.06064415731273641,0.22569160078025802
Vac_93,93,RZV_2d,C_GP_d,0.4420152409761397,0.4219644248233298,0.23886941087096467,0.7551354249939534
Vac_93,93,RZV_2d,C_Med_d,2.1225917479755383,2.0148855395169916,1.1164385321078256,3.7440312085195657
Vac_93,93,RZV_2d,C_VacZVL_d,0,0,0,0
Vac_93,93,RZV_2d,C_VacRZV_d,170,170,170,170
Vac_93,93,RZV_2d,C_Vac_d,170,170,170,170
Vac_93,93,RZV_2d,C_All_d,172.12259174797555,172.014885539517,171.11643853210782,173.74403120851954
Vac_93,93,RZV_2d,N_VacZVL,0,0,0,0
Vac_93,93,RZV_2d,N_VacRZV,2,2,2,2
Vac_93,93,RZV_2d,N_VacZVL_d,0,0,0,0
Vac_93,93,RZV_2d,N_VacRZV_d,2,2,2,2
Vac_93,93,SOC,N0,1,1,1,1
Vac_93,93,SOC,Year0,2024,2024,2024,2024
Vac_93,93,SOC,Year_Life,3.865036498811399,3.8650377542600176,3.864980223073753,3.865082379323003
Vac_93,93,SOC,Year_Immunised,0,0,0,0
Vac_93,93,SOC,Risk_HZ,0.03405299890501742,0.03403592753305752,0.03271691242897969,0.035469377401533296
Vac_93,93,SOC,Risk_Hosp,0.003798537099336643,0.0037703865251061826,0.0029246218745418726,0.0048427140965619005
Vac_93,93,SOC,Risk_PHN,0.002750077101145616,0.0027161075130459336,0.001982363152232954,0.0036080953418471673
Vac_93,93,SOC,Risk_Death,1.0176246357360164e-4,1.0130762492524774e-4,8.513964280828906e-5,1.2215143089265847e-4
Vac_93,93,SOC,Q_Life,2.8579278483189356,2.8579286233078336,2.8578931095006244,2.8579561701727423
Vac_93,93,SOC,Q_HZ,-0.005447121738720046,-0.0054127491751337796,-0.006546821872433271,-0.004530336251365536
Vac_93,93,SOC,Q_HZ_Norm,-0.0014559139812170875,-0.0014497529832232217,-0.0017444171304117444,-0.0012089455116259444
Vac_93,93,SOC,Q_All,2.755248305975774,2.755286586265941,2.7541384840194385,2.756175607095926
Vac_93,93,SOC,Q_HZ_d,-0.005097857413638049,-0.005064828074274974,-0.006127716503449572,-0.004242367514952087
Vac_93,93,SOC,Q_HZ_Norm_d,-0.0013637479072053473,-0.0013574850668478635,-0.0016343839179461203,-0.0011310565326051116
Vac_93,93,SOC,Q_Life_d,2.653479876565319,2.65348054668155,2.653449838746369,2.6535043657782613
Vac_93,93,SOC,Q_All_d,2.648382019151681,2.6484170606746877,2.6473472082369693,2.6492463616697246
Vac_93,93,SOC,C_Hosp,17.973155578269765,17.798073708673293,13.68522908797903,23.280523346542452
Vac_93,93,SOC,C_GP_NonPHN,3.4425518941837403,3.446330229150062,3.2258192822056295,3.6476543605005194
Vac_93,93,SOC,C_GP_PHN,1.3654009448370974,1.3553358180760178,0.9869560253520159,1.8135438466686067
Vac_93,93,SOC,C_GP,4.807952839020838,4.795508706237296,4.415042641257991,5.262160549319648
Vac_93,93,SOC,C_Med,22.781108417290604,22.61127715695389,18.648883773067237,27.924314051018676
Vac_93,93,SOC,C_VacZVL,0,0,0,0
Vac_93,93,SOC,C_VacRZV,0,0,0,0
Vac_93,93,SOC,C_Vac,0,0,0,0
Vac_93,93,SOC,C_All,22.781108417290604,22.61127715695389,18.648883773067237,27.924314051018676
Vac_93,93,SOC,C_Hosp_d,16.79220473656769,16.648647943804114,12.777418588002865,21.833745192361757
Vac_93,93,SOC,C_GP_NonPHN_d,3.2257925989533844,3.227900167077208,3.0220143548667253,3.419365107631506
Vac_93,93,SOC,C_GP_PHN_d,1.28172998985566,1.2715610494080907,0.9265576415213262,1.7008323592867005
Vac_93,93,SOC,C_GP_d,4.507522588809044,4.495053128759544,4.138578218765413,4.932583142943121
Vac_93,93,SOC,C_Med_d,21.299727325376736,21.13854179119564,17.38031731190076,26.14694155203956
Vac_93,93,SOC,C_VacZVL_d,0,0,0,0
Vac_93,93,SOC,C_VacRZV_d,0,0,0,0
Vac_93,93,SOC,C_Vac_d,0,0,0,0
Vac_93,93,SOC,C_All_d,21.299727325376736,21.13854179119564,17.38031731190076,26.14694155203956
Vac_93,93,SOC,N_VacZVL,0,0,0,0
Vac_93,93,SOC,N_VacRZV,0,0,0,0
Vac_93,93,SOC,N_VacZVL_d,0,0,0,0
Vac_93,93,SOC,N_VacRZV_d,0,0,0,0
Vac_94,94,RZV_1d,N0,1,1,1,1
Vac_94,94,RZV_1d,Year0,2024,2024,2024,2024
Vac_94,94,RZV_1d,Year_Life,3.547264741589169,3.547267099261118,3.5472359135866856,3.5472795564707944
Vac_94,94,RZV_1d,Year_Immunised,3.098383188668371,3.1300058788040053,2.6883620870940366,3.3233385236255706
Vac_94,94,RZV_1d,Risk_HZ,0.003902914134059811,0.0036231770392248838,0.0019261517437682845,0.007618604026660104
Vac_94,94,RZV_1d,Risk_Hosp,4.4311036097699724e-4,4.0684644716668317e-4,2.0478576756895707e-4,9.125127965491431e-4
Vac_94,94,RZV_1d,Risk_PHN,3.082375006567162e-4,2.847192574920793e-4,1.3378060605384574e-4,6.120913151153628e-4
Vac_94,94,RZV_1d,Risk_Death,1.1812720084008348e-5,1.1008638184610928e-5,5.74122715463862e-6,2.28901576845998e-5
Vac_94,94,RZV_1d,Q_Life,2.6212244145268233,2.621225884496653,2.6212068099251153,2.6212333608984792
Vac_94,94,RZV_1d,Q_HZ,-6.094165724795623e-4,-5.635872151867282e-4,-0.001228661035887206,-2.828274795332476e-4
Vac_94,94,RZV_1d,Q_HZ_Norm,-1.611847649993582e-4,-1.4912312648087132e-4,-3.1928182051843085e-4,-7.60284981239933e-5
Vac_94,94,RZV_1d,Q_All,2.5002162370046648,2.5002632694300395,2.4995807842509863,2.500550481792499
Vac_94,94,RZV_1d,Q_HZ_d,-5.683181863626172e-4,-5.238341553280006e-4,-0.00115637369326159,-2.6071613589794874e-4
Vac_94,94,RZV_1d,Q_HZ_Norm_d,-1.504163979772764e-4,-1.387033480307499e-4,-3.0018086896190226e-4,-6.993674046495318e-5
Vac_94,94,RZV_1d,Q_Life_d,2.4537671606465925,2.453768455870195,2.4537516416413743,2.4537749941833673
Vac_94,94,RZV_1d,Q_All_d,2.45319884246023,2.4532443533092243,2.4525935618025274,2.4535136457908697
Vac_94,94,RZV_1d,C_Hosp,2.0460878568792253,1.8708094205158332,0.9258934674088362,4.232501878508012
Vac_94,94,RZV_1d,C_GP_NonPHN,0.38007534882763466,0.3510605124385092,0.18253028810099345,0.7519536603453307
Vac_94,94,RZV_1d,C_GP_PHN,0.14742637445610163,0.13533918387207095,0.06179117006974268,0.2985639613442161
Vac_94,94,RZV_1d,C_GP,0.5275017232837363,0.48858246900741836,0.2525006768830191,1.0391772562181225
Vac_94,94,RZV_1d,C_Med,2.5735895801629614,2.3518863758046167,1.198239514002809,5.286669533645564
Vac_94,94,RZV_1d,C_VacZVL,0,0,0,0
Vac_94,94,RZV_1d,C_VacRZV,85,85,85,85
Vac_94,94,RZV_1d,C_Vac,85,85,85,85
Vac_94,94,RZV_1d,C_All,87.57358958016296,87.35188637580461,86.19823951400281,90.28666953364556
Vac_94,94,RZV_1d,C_Hosp_d,1.9061368515486352,1.7386675156003455,0.8565622045657689,3.9795668267901405
Vac_94,94,RZV_1d,C_GP_NonPHN_d,0.35479867722228,0.3266236101361889,0.1691857397926352,0.7073691805852826
Vac_94,94,RZV_1d,C_GP_PHN_d,0.13780300262962833,0.12607940708319365,0.05741972661565881,0.2804147336030069
Vac_94,94,RZV_1d,C_GP_d,0.4926016798519083,0.4545780343026443,0.23401632188996904,0.9791674005931882
Vac_94,94,RZV_1d,C_Med_d,2.3987385314005434,2.18675893808366,1.110837927070281,4.976586653693555
Vac_94,94,RZV_1d,C_VacZVL_d,0,0,0,0
Vac_94,94,RZV_1d,C_VacRZV_d,85,85,85,85
Vac_94,94,RZV_1d,C_Vac_d,85,85,85,85
Vac_94,94,RZV_1d,C_All_d,87.39873853140054,87.18675893808366,86.11083792707028,89.97658665369356
Vac_94,94,RZV_1d,N_VacZVL,0,0,0,0
Vac_94,94,RZV_1d,N_VacRZV,1,1,1,1
Vac_94,94,RZV_1d,N_VacZVL_d,0,0,0,0
Vac_94,94,RZV_1d,N_VacRZV_d,1,1,1,1
Vac_94,94,RZV_2d,N0,1,1,1,1
Vac_94,94,RZV_2d,Year0,2024,2024,2024,2024
Vac_94,94,RZV_2d,Year_Life,3.547271108582985,3.547272192467715,3.5472538641540527,3.5472810210848507
Vac_94,94,RZV_2d,Year_Immunised,3.194817507377195,3.210379672210065,2.9532002181644423,3.35430540219823
Vac_94,94,RZV_2d,Risk_HZ,0.003059474549655605,0.0029273255978486453,0.0016756874612571938,0.005280799567088188
Vac_94,94,RZV_2d,Risk_Hosp,3.4788864774133797e-4,3.303934492770353e-4,1.7597290174527487e-4,6.344112879953416e-4
Vac_94,94,RZV_2d,Risk_PHN,2.4131870305815718e-4,2.3046626361343867e-4,1.1453940430981564e-4,4.381703462134178e-4
Vac_94,94,RZV_2d,Risk_Death,9.27652051152636e-6,8.881910406537679e-6,5.026941794189322e-6,1.6391133653015256e-5
Vac_94,94,RZV_2d,Q_Life,2.621228266255163,2.6212289111121025,2.6212179270064735,2.6212341588499606
Vac_94,94,RZV_2d,Q_HZ,-4.744690857338637e-4,-4.5209912408118827e-4,-8.520506600564829e-4,-2.463200528936736e-4
Vac_94,94,RZV_2d,Q_HZ_Norm,-1.2540759016466094e-4,-1.1892905242317063e-4,-2.2388582485206344e-4,-6.685607166007204e-5
Vac_94,94,RZV_2d,Q_All,2.5003544095685744,2.5003774049836966,2.4999685961497,2.500586567491907
Vac_94,94,RZV_2d,Q_HZ_d,-4.4067467014808167e-4,-4.1884479416066597e-4,-7.943152978032337e-4,-2.2748435437887403e-4
Vac_94,94,RZV_2d,Q_HZ_Norm_d,-1.1655407933657414e-4,-1.102773288257148e-4,-2.103576425194555e-4,-6.203141963101683e-5
Vac_94,94,RZV_2d,Q_Life_d,2.453770544837653,2.4537711156044986,2.4537614652543924,2.453775672742656
Vac_94,94,RZV_2d,Q_All_d,2.453329870167505,2.453352055434741,2.4529673408665422,2.4535472087203365
Vac_94,94,RZV_2d,C_Hosp,1.59581107927757,1.5044220662297834,0.7989072587938512,2.9971333897384076
Vac_94,94,RZV_2d,C_GP_NonPHN,0.295487471406583,0.2804646869964903,0.15969844912443418,0.5126070189450888
Vac_94,94,RZV_2d,C_GP_PHN,0.11449300058730857,0.10856497404116822,0.05370208785279998,0.21119186167292034
Vac_94,94,RZV_2d,C_GP,0.40998047199389154,0.39161419229667593,0.21838562469235168,0.7081980047356023
Vac_94,94,RZV_2d,C_Med,2.0057915512714617,1.904177255745476,1.0349617915877747,3.6807606767021057
Vac_94,94,RZV_2d,C_VacZVL,0,0,0,0
Vac_94,94,RZV_2d,C_VacRZV,170,170,170,170
Vac_94,94,RZV_2d,C_Vac,170,170,170,170
Vac_94,94,RZV_2d,C_All,172.00579155127147,171.90417725574548,171.03496179158776,173.6807606767021
Vac_94,94,RZV_2d,C_Hosp_d,1.4806581752307573,1.3968050033502426,0.7363346559766732,2.800024062176559
Vac_94,94,RZV_2d,C_GP_NonPHN_d,0.27471645366317793,0.2605055514058354,0.1470063749883407,0.4818624528137298
Vac_94,94,RZV_2d,C_GP_PHN_d,0.10658701118104343,0.10085467903121292,0.04992539545985324,0.19711987662988667
Vac_94,94,RZV_2d,C_GP_d,0.3813034648442214,0.3637019270109656,0.20211419390837493,0.6648094762790719
Vac_94,94,RZV_2d,C_Med_d,1.8619616400749788,1.7627127250027974,0.9593085330061468,3.4523812560370897
Vac_94,94,RZV_2d,C_VacZVL_d,0,0,0,0
Vac_94,94,RZV_2d,C_VacRZV_d,170,170,170,170
Vac_94,94,RZV_2d,C_Vac_d,170,170,170,170
Vac_94,94,RZV_2d,C_All_d,171.86196164007498,171.7627127250028,170.95930853300612,173.45238125603709
Vac_94,94,RZV_2d,N_VacZVL,0,0,0,0
Vac_94,94,RZV_2d,N_VacRZV,2,2,2,2
Vac_94,94,RZV_2d,N_VacZVL_d,0,0,0,0
Vac_94,94,RZV_2d,N_VacRZV_d,2,2,2,2
Vac_94,94,SOC,N0,1,1,1,1
Vac_94,94,SOC,Year0,2024,2024,2024,2024
Vac_94,94,SOC,Year_Life,3.5470595395039206,3.5470605769821697,3.5470130348753095,3.547097453751743
Vac_94,94,SOC,Year_Immunised,0,0,0,0
Vac_94,94,SOC,Risk_HZ,0.031007781658775727,0.03096832602375567,0.029679739186101346,0.032504650044647886
Vac_94,94,SOC,Risk_Hosp,0.0035093510014440107,0.003477967394192564,0.0026072149068658104,0.004489959449498883
Vac_94,94,SOC,Risk_PHN,0.0024718303103957147,0.0024479785284917026,0.0017340764799751195,0.003342839620268863
Vac_94,94,SOC,Risk_Death,9.339046070351379e-5,9.297303296040917e-5,7.813510310523115e-5,1.1210218231345973e-4
Vac_94,94,SOC,Q_Life,2.6211002309500335,2.621100857394958,2.621072150940347,2.621123123969473
Vac_94,94,SOC,Q_HZ,-0.0049438261679059965,-0.004915629968921266,-0.005968410761258188,-0.004095760900519486
Vac_94,94,SOC,Q_HZ_Norm,-0.0013133311778657773,-0.0013068175334650712,-0.0015842863671454797,-0.0010833731151534986
Vac_94,94,SOC,Q_All,2.4957777690527103,2.495808569606802,2.494749971028134,2.4966343680678516
Vac_94,94,SOC,Q_HZ_d,-0.004669319012991585,-0.004642310938143945,-0.005642301172187924,-0.0038716241784120717
Vac_94,94,SOC,Q_HZ_Norm_d,-0.0012411978080392636,-0.001234897495392903,-0.0014972835717459432,-0.0010236032121989916
Vac_94,94,SOC,Q_Life_d,2.453658036566409,2.45365858660677,2.4536333813991016,2.453678137379599
Vac_94,94,SOC,Q_All_d,2.4489887175534175,2.4490165591665862,2.448015196464,2.4497946227982084
Vac_94,94,SOC,C_Hosp,16.55392006885102,16.403848858837584,12.272359371859183,21.58498460080855
Vac_94,94,SOC,C_GP_NonPHN,3.097563026575045,3.1002582340742473,2.8890638636863435,3.296028040400041
Vac_94,94,SOC,C_GP_PHN,1.2118325465158262,1.2008091669589693,0.8414984705211919,1.648401482865566
Vac_94,94,SOC,C_GP,4.309395573090871,4.296977516950584,3.931854961328405,4.729895390574195
Vac_94,94,SOC,C_Med,20.86331564194189,20.712597877625587,16.69051410393834,25.791492135150122
Vac_94,94,SOC,C_VacZVL,0,0,0,0
Vac_94,94,SOC,C_VacRZV,0,0,0,0
Vac_94,94,SOC,C_Vac,0,0,0,0
Vac_94,94,SOC,C_All,20.86331564194189,20.712597877625587,16.69051410393834,25.791492135150122
Vac_94,94,SOC,C_Hosp_d,15.620057958126445,15.480358443064002,11.548274163366319,20.347275093348347
Vac_94,94,SOC,C_GP_NonPHN_d,2.9282262416603952,2.931072816236112,2.7322474938109966,3.1149140082471853
Vac_94,94,SOC,C_GP_PHN_d,1.1470322189330853,1.1358778121995439,0.7973392592181968,1.5608199267675908
Vac_94,94,SOC,C_GP_d,4.0752584605934805,4.065973032183872,3.7167732199825676,4.477854924728201
Vac_94,94,SOC,C_Med_d,19.695316418719926,19.557645065033377,15.695075233290043,24.40899171593243
Vac_94,94,SOC,C_VacZVL_d,0,0,0,0
Vac_94,94,SOC,C_VacRZV_d,0,0,0,0
Vac_94,94,SOC,C_Vac_d,0,0,0,0
Vac_94,94,SOC,C_All_d,19.695316418719926,19.557645065033377,15.695075233290043,24.40899171593243
Vac_94,94,SOC,N_VacZVL,0,0,0,0
Vac_94,94,SOC,N_VacRZV,0,0,0,0
Vac_94,94,SOC,N_VacZVL_d,0,0,0,0
Vac_94,94,SOC,N_VacRZV_d,0,0,0,0
Vac_95,95,RZV_1d,N0,1,1,1,1
Vac_95,95,RZV_1d,Year0,2024,2024,2024,2024
Vac_95,95,RZV_1d,Year_Life,3.231726190581527,3.231728183079395,3.2317026800811126,3.2317380148609405
Vac_95,95,RZV_1d,Year_Immunised,2.8381871526511264,2.8695196108837795,2.4578928628472485,3.0424863833260347
Vac_95,95,RZV_1d,Risk_HZ,0.0033963795969270353,0.0031218092824583906,0.0016147306079828513,0.006781126874943979
Vac_95,95,RZV_1d,Risk_Hosp,3.885642706268281e-4,3.554179420553605e-4,1.724314379576586e-4,8.172327752577906e-4
Vac_95,95,RZV_1d,Risk_PHN,2.656894840835135e-4,2.4180140821542683e-4,1.1160236297706912e-4,5.472393653427998e-4
Vac_95,95,RZV_1d,Risk_Death,1.035604979980766e-5,9.54945821636063e-6,4.879468674301192e-6,2.0691430391278588e-5
Vac_95,95,RZV_1d,Q_Life,2.384841938535944,2.3848431078125563,2.3848279702221715,2.384848833498061
Vac_95,95,RZV_1d,Q_HZ,-5.21595167533928e-4,-4.7747762448595727e-4,-0.0010947990252556214,-2.3216610449662355e-4
Vac_95,95,RZV_1d,Q_HZ_Norm,-1.3725464716882876e-4,-1.254488970626465e-4,-2.838653511539863e-4,-6.17443563700904e-5
Vac_95,95,RZV_1d,Q_All,2.2315696057717207,2.2316144352734057,2.230990485632198,2.2318633894021715
Vac_95,95,RZV_1d,Q_HZ_d,-4.926105571862319e-4,-4.5066612706099395e-4,-0.0010400150017889447,-2.182999418141453e-4
Vac_95,95,RZV_1d,Q_HZ_Norm_d,-1.296863808951286e-4,-1.1829753766111547e-4,-2.699715485713317e-4,-5.7586467377009924e-5
Vac_95,95,RZV_1d,Q_Life_d,2.2515515538687105,2.2515526003901956,2.2515390558213237,2.2515577038634356
Vac_95,95,RZV_1d,Q_All_d,2.2510589433115245,2.2511020547716747,2.250504897229935,2.251339403835981
Vac_95,95,RZV_1d,C_Hosp,1.7653296472278668,1.5964569353725822,0.7574693651023313,3.7818607115070573
Vac_95,95,RZV_1d,C_GP_NonPHN,0.32300121467316256,0.29481147790382456,0.14839997968429477,0.6546374664607085
Vac_95,95,RZV_1d,C_GP_PHN,0.12409078704325444,0.11255261011833648,0.05020077263246615,0.2590113329612897
Vac_95,95,RZV_1d,C_GP,0.447092001716417,0.40948638257724057,0.20619290525287412,0.9089000112252115
Vac_95,95,RZV_1d,C_Med,2.212421648944284,2.0072950433616232,0.9861435084631147,4.716582085855834
Vac_95,95,RZV_1d,C_VacZVL,0,0,0,0
Vac_95,95,RZV_1d,C_VacRZV,85,85,85,85
Vac_95,95,RZV_1d,C_Vac,85,85,85,85
Vac_95,95,RZV_1d,C_All,87.21242164894429,87.00729504336164,85.98614350846313,89.71658208585583
Vac_95,95,RZV_1d,C_Hosp_d,1.6662218130355189,1.5046383948162454,0.7089154371406761,3.603090890961393
Vac_95,95,RZV_1d,C_GP_NonPHN_d,0.3052628908720725,0.27811770933882035,0.13905211989836472,0.6238020795797897
Vac_95,95,RZV_1d,C_GP_PHN_d,0.11738735539221666,0.10637956972703821,0.04686454468164179,0.24627421170488678
Vac_95,95,RZV_1d,C_GP_d,0.4226502462642891,0.38660984705609924,0.1932511794890178,0.8657382296744557
Vac_95,95,RZV_1d,C_Med_d,2.088872059299808,1.8921484831918323,0.9241859702833233,4.4859681425910445
Vac_95,95,RZV_1d,C_VacZVL_d,0,0,0,0
Vac_95,95,RZV_1d,C_VacRZV_d,85,85,85,85
Vac_95,95,RZV_1d,C_Vac_d,85,85,85,85
Vac_95,95,RZV_1d,C_All_d,87.0888720592998,86.89214848319182,85.92418597028333,89.48596814259105
Vac_95,95,RZV_1d,N_VacZVL,0,0,0,0
Vac_95,95,RZV_1d,N_VacRZV,1,1,1,1
Vac_95,95,RZV_1d,N_VacZVL_d,0,0,0,0
Vac_95,95,RZV_1d,N_VacRZV_d,1,1,1,1
Vac_95,95,RZV_2d,N0,1,1,1,1
Vac_95,95,RZV_2d,Year0,2024,2024,2024,2024
Vac_95,95,RZV_2d,Year_Life,3.231731328811163,3.2317322511779163,3.2317173921004536,3.2317390566213717
Vac_95,95,RZV_2d,Year_Immunised,2.926444602229589,2.941489949226086,2.701864117220115,3.0674248389028156
Vac_95,95,RZV_2d,Risk_HZ,0.0026310065663006036,0.0024948577735176307,0.0014268184973868412,0.004645354667098722
Vac_95,95,RZV_2d,Risk_Hosp,3.0127771657012775e-4,2.8434311998740526e-4,1.50227674951662e-4,5.608438390957506e-4
Vac_95,95,RZV_2d,Risk_PHN,2.0559388631372595e-4,1.9465293390059988e-4,9.475727451861795e-5,3.8588093792332653e-4
Vac_95,95,RZV_2d,Risk_Death,8.034877580157943e-6,7.647081662162885e-6,4.279195461543352e-6,1.4369985013517579e-5
Vac_95,95,RZV_2d,Q_Life,2.384844954263054,2.3848455235296,2.3848367176076475,2.3848494511571343
Vac_95,95,RZV_2d,Q_HZ,-4.0020781189303606e-4,-3.7900103004508893e-4,-7.362589735417984e-4,-2.0513192455609761e-4
Vac_95,95,RZV_2d,Q_HZ_Norm,-1.0526523367825549e-4,-9.961651685435932e-5,-1.9436387390449062e-4,-5.450177216417193e-5
Vac_95,95,RZV_2d,Q_All,2.2316933452162093,2.2317149214009957,2.2313479891058194,2.231890835582779
Vac_95,95,RZV_2d,Q_HZ_d,-3.7674088906977123e-4,-3.5601676119787525e-4,-7.002795627579318e-4,-1.9318405873961072e-4
Vac_95,95,RZV_2d,Q_HZ_Norm_d,-9.913772780318744e-5,-9.364411657401459e-5,-1.8437561749774063e-4,-5.096286729402045e-5
Vac_95,95,RZV_2d,Q_Life_d,2.2515542459341655,2.2515547537342293,2.2515468794972264,2.2515582469138833
Vac_95,95,RZV_2d,Q_All_d,2.2511775050450957,2.2511988174916664,2.250845505250095,2.251364979229953
Vac_95,95,RZV_2d,C_Hosp,1.3561352344045745,1.2658608721780937,0.6586882671194618,2.602665545155186
Vac_95,95,RZV_2d,C_GP_NonPHN,0.24755211288480722,0.23317347399332045,0.1309079809209376,0.44778270049823143
Vac_95,95,RZV_2d,C_GP_PHN,0.09502732326440698,0.0893805111846358,0.043257307235435465,0.18099148445411803
Vac_95,95,RZV_2d,C_GP,0.3425794361492142,0.3248391228400688,0.17947855115866293,0.607129446178385
Vac_95,95,RZV_2d,C_Med,1.6987146705537888,1.5911664163751553,0.8519466487559013,3.2035325587727614
Vac_95,95,RZV_2d,C_VacZVL,0,0,0,0
Vac_95,95,RZV_2d,C_VacRZV,170,170,170,170
Vac_95,95,RZV_2d,C_Vac,170,170,170,170
Vac_95,95,RZV_2d,C_All,171.69871467055378,171.59116641637516,170.8519466487559,173.20353255877274
Vac_95,95,RZV_2d,C_Hosp_d,1.2758624437908408,1.1868544903237204,0.6178634583870274,2.4584914993555596
Vac_95,95,RZV_2d,C_GP_NonPHN_d,0.23319751718058693,0.21935459413520353,0.1225705160774012,0.42635516748991437
Vac_95,95,RZV_2d,C_GP_PHN_d,0.08960301069920815,0.08411307555536965,0.04064975343173446,0.1707691571799351
Vac_95,95,RZV_2d,C_GP_d,0.3228005278797951,0.30559425587097144,0.16879306331208394,0.577182242442896
Vac_95,95,RZV_2d,C_Med_d,1.5986629716706358,1.496144031255929,0.7971446951914911,3.0148805567152044
Vac_95,95,RZV_2d,C_VacZVL_d,0,0,0,0
Vac_95,95,RZV_2d,C_VacRZV_d,170,170,170,170
Vac_95,95,RZV_2d,C_Vac_d,170,170,170,170
Vac_95,95,RZV_2d,C_All_d,171.59866297167065,171.49614403125594,170.7971446951915,173.01488055671518
Vac_95,95,RZV_2d,N_VacZVL,0,0,0,0
Vac_95,95,RZV_2d,N_VacRZV,2,2,2,2
Vac_95,95,RZV_2d,N_VacZVL_d,0,0,0,0
Vac_95,95,RZV_2d,N_VacRZV_d,2,2,2,2
Vac_95,95,SOC,N0,1,1,1,1
Vac_95,95,SOC,Year0,2024,2024,2024,2024
Vac_95,95,SOC,Year_Life,3.2315604537708715,3.231561287523013,3.231523081570766,3.2315909224814146
Vac_95,95,SOC,Year_Immunised,0,0,0,0
Vac_95,95,SOC,Risk_HZ,0.0280221453001237,0.02797722540987732,0.026771000816338632,0.02937735615636614
Vac_95,95,SOC,Risk_Hosp,0.0032013480554305093,0.003175470526026656,0.002398824708500979,0.004162402270841905
Vac_95,95,SOC,Risk_PHN,0.0022108960148699004,0.002190362590136903,0.0015038888165355918,0.00309416710545793
Vac_95,95,SOC,Risk_Death,8.50836970444159e-5,8.470338963144516e-5,7.118515722057368e-5,1.0213122592968818e-4
Vac_95,95,SOC,Q_Life,2.384744626991488,2.38474511538731,2.384722735230484,2.3847624748308323
Vac_95,95,SOC,Q_HZ,-0.004425645888449107,-0.004393464345759426,-0.005382571580357934,-0.0036699815733209572
Vac_95,95,SOC,Q_HZ_Norm,-0.001168864093039016,-0.0011617059870572557,-0.001412786588265427,-9.593810740586757e-4
Vac_95,95,SOC,Q_All,2.2275895954497176,2.227622269314101,2.226629545639439,2.228349790848486
Vac_95,95,SOC,Q_HZ_d,-0.004220075088887519,-0.004189890248668442,-0.00513617729727614,-0.003498301923213976
Vac_95,95,SOC,Q_HZ_Norm_d,-0.00111505257704453,-0.0011082418143267985,-0.001347797924380619,-9.15418588018492e-4
Vac_95,95,SOC,Q_Life_d,2.251464678489997,2.251465114273579,2.2514451450398023,2.251480603650053
Vac_95,95,SOC,Q_All_d,2.2472446034011098,2.2472755687866295,2.2463276657762794,2.2479710529116828
Vac_95,95,SOC,C_Hosp,14.962584815607535,14.782693472899023,10.940432474533207,19.856531332099678
Vac_95,95,SOC,C_GP_NonPHN,2.750270001576688,2.7563571634468644,2.5457069153503316,2.945861692152935
Vac_95,95,SOC,C_GP_PHN,1.064664831428416,1.0571869745857079,0.7211730782849138,1.5005357074547065
Vac_95,95,SOC,C_GP,3.814934833005104,3.801327716761562,3.458169162340034,4.230701318876458
Vac_95,95,SOC,C_Med,18.77751964861264,18.596509005789322,14.914513849604834,23.6770482760629
Vac_95,95,SOC,C_VacZVL,0,0,0,0
Vac_95,95,SOC,C_VacRZV,0,0,0,0
Vac_95,95,SOC,C_Vac,0,0,0,0
Vac_95,95,SOC,C_All,18.77751964861264,18.596509005789322,14.914513849604834,23.6770482760629
Vac_95,95,SOC,C_Hosp_d,14.259976530787185,14.068029885481891,10.348161385793466,18.987804837005697
Vac_95,95,SOC,C_GP_NonPHN_d,2.6241652627472707,2.6298064412787725,2.428721882315206,2.8112863777729906
Vac_95,95,SOC,C_GP_PHN_d,1.0168357082938866,1.008260287844101,0.6887056413589309,1.4352541148775853
Vac_95,95,SOC,C_GP_d,3.6410009710411573,3.6272206386571297,3.3010598026547147,4.039318630413421
Vac_95,95,SOC,C_Med_d,17.900977501828343,17.713829108812256,14.186541772905066,22.62460668287811
Vac_95,95,SOC,C_VacZVL_d,0,0,0,0
Vac_95,95,SOC,C_VacRZV_d,0,0,0,0
Vac_95,95,SOC,C_Vac_d,0,0,0,0
Vac_95,95,SOC,C_All_d,17.900977501828343,17.713829108812256,14.186541772905066,22.62460668287811
Vac_95,95,SOC,N_VacZVL,0,0,0,0
Vac_95,95,SOC,N_VacRZV,0,0,0,0
Vac_95,95,SOC,N_VacZVL_d,0,0,0,0
Vac_95,95,SOC,N_VacRZV_d,0,0,0,0
Vac_96,96,RZV_1d,N0,1,1,1,1
Vac_96,96,RZV_1d,Year0,2024,2024,2024,2024
Vac_96,96,RZV_1d,Year_Life,2.907501194664728,2.9075027222597853,2.90748269896123,2.907510217747321
Vac_96,96,RZV_1d,Year_Immunised,2.5680886184270912,2.5992118588238884,2.216942672146779,2.7512958645050776
Vac_96,96,RZV_1d,Risk_HZ,0.002906511749172897,0.002648012705025394,0.0013265738084414114,0.005988738052300931
Vac_96,96,RZV_1d,Risk_Hosp,3.345061106198518e-4,3.0258426485497297e-4,1.3984105978089058e-4,7.253260060973429e-4
Vac_96,96,RZV_1d,Risk_PHN,2.2513804919573199e-4,2.0401812987815644e-4,9.074533906327099e-5,4.8077645840255857e-4
Vac_96,96,RZV_1d,Risk_Death,8.931423251965048e-6,8.147565776879341e-6,4.0336833529511415e-6,1.83956853145327e-5
Vac_96,96,RZV_1d,Q_Life,2.139891246470356,2.139892123926595,2.139880813344231,2.1398962928635266
Vac_96,96,RZV_1d,Q_HZ,-4.333176397856196e-4,-3.918048532650597e-4,-9.375279836007964e-4,-1.8490114344730212e-4
Vac_96,96,RZV_1d,Q_HZ_Norm,-1.1348725802878416e-4,-1.0272128947637791e-4,-2.4351510230527097e-4,-4.836187654462222e-5
Vac_96,96,RZV_1d,Q_All,1.9404534122246953,1.9404953912629908,1.9399449714499932,1.9407052700854137
Vac_96,96,RZV_1d,Q_HZ_d,-4.14635492174853e-4,-3.741403390431801e-4,-8.998460918021222e-4,-1.7555772749714842e-4
Vac_96,96,RZV_1d,Q_HZ_Norm_d,-1.0862464754920734e-4,-9.805516058036229e-5,-2.3419283039309544e-4,-4.591006477982583e-5
Vac_96,96,RZV_1d,Q_Life_d,2.0385564216359846,2.0385572289327003,2.038546943164644,2.038561000948615
Vac_96,96,RZV_1d,Q_All_d,2.0381417861438096,2.0381824701270475,2.0376494115209827,2.038385197286124
Vac_96,96,RZV_1d,C_Hosp,1.4762512987695247,1.3226734520032433,0.5879159024432166,3.3374998438699626
Vac_96,96,RZV_1d,C_GP_NonPHN,0.26653020469688893,0.24092540460546646,0.11605418126751943,0.5585581578338278
Vac_96,96,RZV_1d,C_GP_PHN,0.10141423837215509,0.09087647426361528,0.038658428153495315,0.22098685413069655
Vac_96,96,RZV_1d,C_GP,0.367944443069044,0.33275782755283173,0.160334530955919,0.7745537208850874
Vac_96,96,RZV_1d,C_Med,1.8441957418385686,1.6605931109251701,0.7714020428463295,4.060448944262345
Vac_96,96,RZV_1d,C_VacZVL,0,0,0,0
Vac_96,96,RZV_1d,C_VacRZV,85,85,85,85
Vac_96,96,RZV_1d,C_Vac,85,85,85,85
Vac_96,96,RZV_1d,C_All,86.84419574183858,86.66059311092516,85.77140204284633,89.06044894426235
Vac_96,96,RZV_1d,C_Hosp_d,1.4121729062923423,1.260199569557139,0.5567363903879867,3.187001234209504
Vac_96,96,RZV_1d,C_GP_NonPHN_d,0.2551498020128779,0.230156825225375,0.11031040373587855,0.5380030810132037
Vac_96,96,RZV_1d,C_GP_PHN_d,0.09714313760634322,0.08687520731921784,0.036782058552202075,0.2126636811499113
Vac_96,96,RZV_1d,C_GP_d,0.35229293961922115,0.31841254048679146,0.15281272042604474,0.7459240997120902
Vac_96,96,RZV_1d,C_Med_d,1.7644658459115634,1.586521900480581,0.7341474069322642,3.8897682853670967
Vac_96,96,RZV_1d,C_VacZVL_d,0,0,0,0
Vac_96,96,RZV_1d,C_VacRZV_d,85,85,85,85
Vac_96,96,RZV_1d,C_Vac_d,85,85,85,85
Vac_96,96,RZV_1d,C_All_d,86.76446584591156,86.58652190048059,85.73414740693225,88.88976828536711
Vac_96,96,RZV_1d,N_VacZVL,0,0,0,0
Vac_96,96,RZV_1d,N_VacRZV,1,1,1,1
Vac_96,96,RZV_1d,N_VacZVL_d,0,0,0,0
Vac_96,96,RZV_1d,N_VacRZV_d,1,1,1,1
Vac_96,96,RZV_2d,N0,1,1,1,1
Vac_96,96,RZV_2d,Year0,2024,2024,2024,2024
Vac_96,96,RZV_2d,Year_Life,2.9075051589721337,2.907505958201665,2.9074942217048494,2.907510968944167
Vac_96,96,RZV_2d,Year_Immunised,2.6478722513434585,2.662033134902667,2.440768478641692,2.7696504533377215
Vac_96,96,RZV_2d,Risk_HZ,0.0022208621064236786,0.002096310491785396,0.0011756829545743483,0.004027868790250073
Vac_96,96,RZV_2d,Risk_Hosp,2.5567841026296934e-4,2.3805094853038348e-4,1.235798891249606e-4,4.923771924421768e-4
Vac_96,96,RZV_2d,Risk_PHN,1.7186710845555693e-4,1.6118259124199246e-4,7.712008805801703e-5,3.2970750213078876e-4
Vac_96,96,RZV_2d,Risk_Death,6.833090586094573e-6,6.468332905203386e-6,3.5394283540017645e-6,1.252588443040405e-5
Vac_96,96,RZV_2d,Q_Life,2.1398934718029077,2.139893922576357,2.1398872823546875,2.139896672217456
Vac_96,96,RZV_2d,Q_HZ,-3.2672352486854376e-4,-3.0552827686468613e-4,-6.282662509610999e-4,-1.6415118490011117e-4
Vac_96,96,RZV_2d,Q_HZ_Norm,-8.554980203372814e-5,-8.008320817797785e-5,-1.6376815527728388e-4,-4.267227994048025e-5
Vac_96,96,RZV_2d,Q_All,1.9405615464817196,1.9405829930337155,1.9402553488754877,1.940726409752722
Vac_96,96,RZV_2d,Q_HZ_d,-3.1188694967983606e-4,-2.9092214878565214e-4,-6.035626798668285e-4,-0.00015546423489814901
Vac_96,96,RZV_2d,Q_HZ_Norm_d,-8.168770236623278e-5,-7.639691634315793e-5,-1.570690318265903e-4,-4.045314235880773e-5
Vac_96,96,RZV_2d,Q_Life_d,2.0385584419910203,2.038558855050997,2.0385528201723084,2.0385613467038914
Vac_96,96,RZV_2d,Q_All_d,2.0382465550413404,2.03826743531425,2.037949767053954,2.0384056048676227
Vac_96,96,RZV_2d,C_Hosp,1.113890056704312,1.026452341402663,0.5200809072978761,2.2001890877715216
Vac_96,96,RZV_2d,C_GP_NonPHN,0.20080227548061763,0.18835591117389985,0.10250503633007688,0.3762507755161359
Vac_96,96,RZV_2d,C_GP_PHN,0.07635610983037698,0.07083767940362454,0.03362555172082404,0.15103833028787128
Vac_96,96,RZV_2d,C_GP,0.2771583853109946,0.2599477986805607,0.14049654803183986,0.5123309621285371
Vac_96,96,RZV_2d,C_Med,1.3910484420153066,1.2909912900390097,0.6753960312877704,2.708955039163214
Vac_96,96,RZV_2d,C_VacZVL,0,0,0,0
Vac_96,96,RZV_2d,C_VacRZV,170,170,170,170
Vac_96,96,RZV_2d,C_Vac,170,170,170,170
Vac_96,96,RZV_2d,C_All,171.39104844201532,171.29099129003902,170.67539603128776,172.70895503916321
Vac_96,96,RZV_2d,C_Hosp_d,1.0629908543689925,0.9789855073370766,0.4936904722580166,2.1078219486731906
Vac_96,96,RZV_2d,C_GP_NonPHN_d,0.19176750803605278,0.17999317551429725,0.09714102876119414,0.36045542997210167
Vac_96,96,RZV_2d,C_GP_PHN_d,0.07296431979151388,0.06753093315076766,0.032044489840390045,0.14481379896721075
Vac_96,96,RZV_2d,C_GP_d,0.26473182782756666,0.2475344076722218,0.13335046337722073,0.4927635225404776
Vac_96,96,RZV_2d,C_Med_d,1.327722682196559,1.230903084268298,0.6408104092459006,2.5962644821698624
Vac_96,96,RZV_2d,C_VacZVL_d,0,0,0,0
Vac_96,96,RZV_2d,C_VacRZV_d,170,170,170,170
Vac_96,96,RZV_2d,C_Vac_d,170,170,170,170
Vac_96,96,RZV_2d,C_All_d,171.32772268219657,171.23090308426828,170.64081040924592,172.59626448216986
Vac_96,96,RZV_2d,N_VacZVL,0,0,0,0
Vac_96,96,RZV_2d,N_VacRZV,2,2,2,2
Vac_96,96,RZV_2d,N_VacZVL_d,0,0,0,0
Vac_96,96,RZV_2d,N_VacRZV_d,2,2,2,2
Vac_96,96,SOC,N0,1,1,1,1
Vac_96,96,SOC,Year0,2024,2024,2024,2024
Vac_96,96,SOC,Year_Life,2.907373212360904,2.9073738528016233,2.9073445055696903,2.9073966163089575
Vac_96,96,SOC,Year_Immunised,0,0,0,0
Vac_96,96,SOC,Risk_HZ,0.024980948708499973,0.024966267324847913,0.023801037115244762,0.026302949389817146
Vac_96,96,SOC,Risk_Hosp,0.002876991585535369,0.0028357714840145836,0.002139690454739017,0.00380410500113286
Vac_96,96,SOC,Risk_PHN,0.0019469416501786915,0.0019234859617240784,0.0012689359873438763,0.002791450630235568
Vac_96,96,SOC,Risk_Death,7.654818246030138e-5,7.620601880860292e-5,6.404383791114185e-5,9.188566847848252e-5
Vac_96,96,SOC,Q_Life,2.1398193764904656,2.1398197352882513,2.139803294031917,2.1398324881131554
Vac_96,96,SOC,Q_HZ,-0.003864083085065767,-0.003831510265556598,-0.004711236761655882,-0.0031827847072156807
Vac_96,96,SOC,Q_HZ_Norm,-0.0010151825525690616,-0.00100596224993155,-0.0012274710476796633,-8.32187283070926e-4
Vac_96,96,SOC,Q_All,1.9369728621525706,1.937005373878038,1.9361227452536842,1.937658047796515
Vac_96,96,SOC,Q_HZ_d,-0.0037221255614636488,-0.0036905872779559763,-0.004538690876111732,-0.003065225649366753
Vac_96,96,SOC,Q_HZ_Norm_d,-9.781521997646277e-4,-9.695412101572102e-4,-0.0011838214353624363,-8.01906031282908e-4
Vac_96,96,SOC,Q_Life_d,2.038491168148927,2.038491493809385,2.038476571024521,2.038503068814423
Vac_96,96,SOC,Q_All_d,2.034769042587463,2.034798765474094,2.0339494409822816,2.035426766977261
Vac_96,96,SOC,C_Hosp,13.176746840870102,12.973571716188038,9.616248618488655,17.824485667052894
Vac_96,96,SOC,C_GP_NonPHN,2.3829363001141304,2.3831335109209726,2.2105264614239606,2.5531676098442357
Vac_96,96,SOC,C_GP_PHN,0.9110748482504314,0.8994720065224866,0.5890290975534525,1.3129520644375092
Vac_96,96,SOC,C_GP,3.2940111483645618,3.2793890282880405,2.9798229237811045,3.6868827319438022
Vac_96,96,SOC,C_Med,16.470757989234663,16.23898452255004,12.866468485371096,21.016410910745048
Vac_96,96,SOC,C_VacZVL,0,0,0,0
Vac_96,96,SOC,C_VacRZV,0,0,0,0
Vac_96,96,SOC,C_Vac,0,0,0,0
Vac_96,96,SOC,C_All,16.470757989234663,16.23898452255004,12.866468485371096,21.016410910745048
Vac_96,96,SOC,C_Hosp_d,12.690506024335562,12.48798191801184,9.243562304498916,17.18794242344576
Vac_96,96,SOC,C_GP_NonPHN_d,2.2962940638342766,2.2961748906799775,2.1287139179504893,2.462547078247185
Vac_96,96,SOC,C_GP_PHN_d,0.8784676394919436,0.8675286229572238,0.5650318229658507,1.266984836651354
Vac_96,96,SOC,C_GP_d,3.17476170332622,3.1606609920700395,2.87013493450933,3.559505143479524
Vac_96,96,SOC,C_Med_d,15.865267727661783,15.659635896697374,12.383460108049544,20.24821478577651
Vac_96,96,SOC,C_VacZVL_d,0,0,0,0
Vac_96,96,SOC,C_VacRZV_d,0,0,0,0
Vac_96,96,SOC,C_Vac_d,0,0,0,0
Vac_96,96,SOC,C_All_d,15.865267727661783,15.659635896697374,12.383460108049544,20.24821478577651
Vac_96,96,SOC,N_VacZVL,0,0,0,0
Vac_96,96,SOC,N_VacRZV,0,0,0,0
Vac_96,96,SOC,N_VacZVL_d,0,0,0,0
Vac_96,96,SOC,N_VacRZV_d,0,0,0,0
Vac_97,97,RZV_1d,N0,1,1,1,1
Vac_97,97,RZV_1d,Year0,2024,2024,2024,2024
Vac_97,97,RZV_1d,Year_Life,2.559181904969165,2.559183066237419,2.559168548992869,2.559188322935426
Vac_97,97,RZV_1d,Year_Immunised,2.274348731335332,2.3030284140093693,1.9598552981048019,2.4349888480134103
Vac_97,97,RZV_1d,Risk_HZ,0.002422655585207655,0.002177677617824723,0.0010521464929759868,0.0052032074556629905
Vac_97,97,RZV_1d,Risk_Hosp,2.7982732368043577e-4,2.509375838393734e-4,1.0786928479505669e-4,6.489882300578753e-4
Vac_97,97,RZV_1d,Risk_PHN,1.856143103492812e-4,1.6488551655245639e-4,6.979905280380866e-5,4.066143154366122e-4
Vac_97,97,RZV_1d,Risk_Death,7.494924542263569e-6,6.771219784988161e-6,3.2248553725200843e-6,1.599835997496955e-5
Vac_97,97,RZV_1d,Q_Life,1.8735084082458513,1.8735090151723783,1.8735013995041847,1.8735117657079872
Vac_97,97,RZV_1d,Q_HZ,-3.4218093214665276e-4,-3.06489251720256e-4,-7.759322769515629e-4,-1.356499469877444e-4
Vac_97,97,RZV_1d,Q_HZ_Norm,-8.922774435615942e-5,-7.93281690461829e-5,-1.9931782543120764e-4,-3.61649381074684e-5
Vac_97,97,RZV_1d,Q_All,1.606173340594303,1.6062091477455671,1.605736624901983,1.6063815661252803
Vac_97,97,RZV_1d,Q_HZ_d,-3.319857290782218e-4,-2.97137226968098e-4,-7.553932994190779e-4,-1.3122668661691984e-4
Vac_97,97,RZV_1d,Q_HZ_Norm_d,-8.658206078088307e-5,-7.699675768332124e-5,-1.9408735656443137e-4,-3.493340269622556e-5
Vac_97,97,RZV_1d,Q_Life_d,1.802281219187438,1.8022817815595855,1.8022747352124198,1.8022843221857594
Vac_97,97,RZV_1d,Q_All_d,1.8019492334583598,1.8019842398376378,1.801520996020488,1.802152930707851
Vac_97,97,RZV_1d,C_Hosp,1.1711779566213323,1.0247523215600838,0.42500581994101383,2.8067592744150915
Vac_97,97,RZV_1d,C_GP_NonPHN,0.2091712017604918,0.18729194517606162,0.0836180216810204,0.4632821150207667
Vac_97,97,RZV_1d,C_GP_PHN,0.07874286315426962,0.06895730340119034,0.028171757796701988,0.17731433978549566
Vac_97,97,RZV_1d,C_GP,0.2879140649147614,0.2574639562384006,0.11718804282193518,0.635243735943064
Vac_97,97,RZV_1d,C_Med,1.4590920215360939,1.2899942010264092,0.5475629018686353,3.417375455747223
Vac_97,97,RZV_1d,C_VacZVL,0,0,0,0
Vac_97,97,RZV_1d,C_VacRZV,85,85,85,85
Vac_97,97,RZV_1d,C_Vac,85,85,85,85
Vac_97,97,RZV_1d,C_All,86.4590920215361,86.28999420102642,85.54756290186863,88.41737545574722
Vac_97,97,RZV_1d,C_Hosp_d,1.1361080037044653,0.9922202978325497,0.4099040819640923,2.7284077580005386
Vac_97,97,RZV_1d,C_GP_NonPHN_d,0.20298899465308679,0.18181665882010722,0.080782997845375,0.4513383808070318
Vac_97,97,RZV_1d,C_GP_PHN_d,0.07643414403797034,0.06692747193965651,0.027171290476260483,0.17278023003801576
Vac_97,97,RZV_1d,C_GP_d,0.2794231386910571,0.2500400975999832,0.11337209682120322,0.617893908992935
Vac_97,97,RZV_1d,C_Med_d,1.4155311423955224,1.2517191857451149,0.5286518768086917,3.3257037276308643
Vac_97,97,RZV_1d,C_VacZVL_d,0,0,0,0
Vac_97,97,RZV_1d,C_VacRZV_d,85,85,85,85
Vac_97,97,RZV_1d,C_Vac_d,85,85,85,85
Vac_97,97,RZV_1d,C_All_d,86.41553114239552,86.25171918574512,85.52865187680871,88.32570372763087
Vac_97,97,RZV_1d,N_VacZVL,0,0,0,0
Vac_97,97,RZV_1d,N_VacRZV,1,1,1,1
Vac_97,97,RZV_1d,N_VacZVL_d,0,0,0,0
Vac_97,97,RZV_1d,N_VacRZV_d,1,1,1,1
Vac_97,97,RZV_2d,N0,1,1,1,1
Vac_97,97,RZV_2d,Year0,2024,2024,2024,2024
Vac_97,97,RZV_2d,Year_Life,2.559184735548744,2.559185365129066,2.559176782825092,2.55918876796064
Vac_97,97,RZV_2d,Year_Immunised,2.344935487293376,2.35778279038856,2.157639005508557,2.4490949003721103
Vac_97,97,RZV_2d,Risk_HZ,0.0018206634245232067,0.001706359171819937,9.324444128198332e-4,0.003464390045275596
Vac_97,97,RZV_2d,Risk_Hosp,2.1025996596162267e-4,1.9399352217478366e-4,9.511024967816163e-5,4.334690300207914e-4
Vac_97,97,RZV_2d,Risk_PHN,1.3944093904698043e-4,1.2883769755751742e-4,6.024900782825578e-5,2.76746504520057e-4
Vac_97,97,RZV_2d,Risk_Death,5.638450732057645e-6,5.303299812368716e-6,2.8469305580193936e-6,1.0680111148427157e-5
Vac_97,97,RZV_2d,Q_Life,1.8735098863837591,1.8735102208349375,1.8735056845527218,1.8735119614383715
Vac_97,97,RZV_2d,Q_HZ,-2.524272455531957e-4,-2.3153027120728206e-4,-5.14467819977069e-4,-1.1995574452471534e-4
Vac_97,97,RZV_2d,Q_HZ_Norm,-6.58199535219061e-5,-6.103914054399872e-5,-1.3129550563932292e-4,-3.127586833018273e-5
Vac_97,97,RZV_2d,Q_All,1.6062639060259485,1.6062850345083457,1.6060006194097707,1.6063975433593913
Vac_97,97,RZV_2d,Q_HZ_d,-2.445286746867861e-4,-2.2402787546078995e-4,-4.997019462002914e-4,-1.158401807295753e-4
Vac_97,97,RZV_2d,Q_HZ_Norm_d,-6.376982006220994e-5,-5.9041924386729135e-5,-1.2753127496629933e-4,-3.0205421622726078e-5
Vac_97,97,RZV_2d,Q_Life_d,1.802282585848085,1.802282897574051,1.802278696749529,1.802284503694088
Vac_97,97,RZV_2d,Q_All_d,1.8020380571733983,1.802058913988397,1.8017808812353235,1.8021687594038722
Vac_97,97,RZV_2d,C_Hosp,0.8642655132929172,0.7822125852217996,0.36953478418594743,1.8689036365506027
Vac_97,97,RZV_2d,C_GP_NonPHN,0.15422119223912098,0.14301337053086607,0.07563549977628611,0.3043795304911743
Vac_97,97,RZV_2d,C_GP_PHN,0.05805883382741712,0.05280743090181465,0.02441632972649121,0.11913978618753927
Vac_97,97,RZV_2d,C_GP,0.21228002606653812,0.19631157940205685,0.10297854870025099,0.4161728052772295
Vac_97,97,RZV_2d,C_Med,1.0765455393594554,0.9842483820683654,0.48412232443433495,2.2826108404856744
Vac_97,97,RZV_2d,C_VacZVL,0,0,0,0
Vac_97,97,RZV_2d,C_VacRZV,170,170,170,170
Vac_97,97,RZV_2d,C_Vac,170,170,170,170
Vac_97,97,RZV_2d,C_All,171.07654553935944,170.98424838206836,170.48412232443434,172.2826108404857
Vac_97,97,RZV_2d,C_Hosp_d,0.8370900011800081,0.7561969608485821,0.35805637295061754,1.8162865022103822
Vac_97,97,RZV_2d,C_GP_NonPHN_d,0.14943260987474202,0.1385108804067054,0.0730267518472538,0.2964813386731798
Vac_97,97,RZV_2d,C_GP_PHN_d,0.05626958334994746,0.05111858728687828,0.023554277930279532,0.11578871072798075
Vac_97,97,RZV_2d,C_GP_d,0.2057021932246895,0.18976712941413562,0.09912343454535132,0.4044635720980167
Vac_97,97,RZV_2d,C_Med_d,1.0427921944046976,0.9493958723199962,0.46651208562630864,2.2232906902376883
Vac_97,97,RZV_2d,C_VacZVL_d,0,0,0,0
Vac_97,97,RZV_2d,C_VacRZV_d,170,170,170,170
Vac_97,97,RZV_2d,C_Vac_d,170,170,170,170
Vac_97,97,RZV_2d,C_All_d,171.0427921944047,170.94939587232,170.46651208562633,172.2232906902377
Vac_97,97,RZV_2d,N_VacZVL,0,0,0,0
Vac_97,97,RZV_2d,N_VacRZV,2,2,2,2
Vac_97,97,RZV_2d,N_VacZVL_d,0,0,0,0
Vac_97,97,RZV_2d,N_VacRZV_d,2,2,2,2
Vac_97,97,SOC,N0,1,1,1,1
Vac_97,97,SOC,Year0,2024,2024,2024,2024
Vac_97,97,SOC,Year_Life,2.559090439264999,2.55909089442512,2.5590700377091444,2.5591070721172207
Vac_97,97,SOC,Year_Immunised,0,0,0,0
Vac_97,97,SOC,Risk_HZ,0.021819352815576946,0.02180363260856152,0.020690848739538026,0.023130878086148735
Vac_97,97,SOC,Risk_Hosp,0.0025161199148527997,0.002496803516072369,0.001803910331153589,0.0033892913507971977
Vac_97,97,SOC,Risk_PHN,0.0016803839858611715,0.0016550877077649631,0.001065430692046503,0.002439913835389149
Vac_97,97,SOC,Risk_Death,6.737825634618427e-5,6.707707323073035e-5,5.637175114140519e-5,8.087856827689036e-5
Vac_97,97,SOC,Q_Life,1.8734606263491556,1.873460863580577,1.8734499930429669,1.8734692953949206
Vac_97,97,SOC,Q_HZ,-0.003233767800303527,-0.0032101277387769963,-0.003956431720532911,-0.0026476944712061257
Vac_97,97,SOC,Q_HZ_Norm,-8.455216176746356e-4,-8.391602017753338e-4,-0.001028895133316511,-6.902523865562176e-4
Vac_97,97,SOC,Q_All,1.6032554897086277,1.603279337141828,1.6025319503015816,1.6038442578212846
Vac_97,97,SOC,Q_HZ_d,-0.0031498214905996548,-0.0031263814444393904,-0.0038541180825042696,-0.0025771171736238656
Vac_97,97,SOC,Q_HZ_Norm_d,-8.23692970659345e-4,-8.175198800775907e-4,-0.0010022173370493632,-6.72717906055806e-4
Vac_97,97,SOC,Q_Life_d,1.8022370397044687,1.8022372590153908,1.8022272096445227,1.802245053884798
Vac_97,97,SOC,Q_All_d,1.7990872182138689,1.799110180435333,1.7983823834856039,1.7996636796835694
Vac_97,97,SOC,C_Hosp,11.048573678108875,10.950297776314759,7.7981305644800605,15.202079045584831
Vac_97,97,SOC,C_GP_NonPHN,1.9811440185509814,1.9812542566825484,1.8202335480517557,2.1421375507876887
Vac_97,97,SOC,C_GP_PHN,0.74855124850541,0.7361344608242384,0.47004544408721677,1.1028780991166551
Vac_97,97,SOC,C_GP,2.729695267056391,2.7234740512170994,2.4472065127490126,3.0700878848379833
Vac_97,97,SOC,C_Med,13.778268945165268,13.674962760054731,10.576264596666375,17.888840646311902
Vac_97,97,SOC,C_VacZVL,0,0,0,0
Vac_97,97,SOC,C_VacRZV,0,0,0,0
Vac_97,97,SOC,C_Vac,0,0,0,0
Vac_97,97,SOC,C_All,13.778268945165268,13.674962760054731,10.576264596666375,17.888840646311902
Vac_97,97,SOC,C_Hosp_d,10.760059337879985,10.669749687130924,7.579602846701951,14.841358497938035
Vac_97,97,SOC,C_GP_NonPHN_d,1.9301690090124952,1.9299269290417844,1.7719546061054268,2.087928767133086
Vac_97,97,SOC,C_GP_PHN_d,0.7294708022822308,0.7177101188625143,0.4583205859000951,1.0741041002163063
Vac_97,97,SOC,C_GP_d,2.659639811294726,2.6550399235055835,2.384859676874174,2.989741141287474
Vac_97,97,SOC,C_Med_d,13.419699149174711,13.318277157282608,10.282714691669367,17.41116096796568
Vac_97,97,SOC,C_VacZVL_d,0,0,0,0
Vac_97,97,SOC,C_VacRZV_d,0,0,0,0
Vac_97,97,SOC,C_Vac_d,0,0,0,0
Vac_97,97,SOC,C_All_d,13.419699149174711,13.318277157282608,10.282714691669367,17.41116096796568
Vac_97,97,SOC,N_VacZVL,0,0,0,0
Vac_97,97,SOC,N_VacRZV,0,0,0,0
Vac_97,97,SOC,N_VacZVL_d,0,0,0,0
Vac_97,97,SOC,N_VacRZV_d,0,0,0,0
Vac_98,98,RZV_1d,N0,1,1,1,1
Vac_98,98,RZV_1d,Year0,2024,2024,2024,2024
Vac_98,98,RZV_1d,Year_Life,2.1613353317394184,2.1613360292090373,2.161326973411208,2.1613392756311507
Vac_98,98,RZV_1d,Year_Immunised,1.9337816873729132,1.9588126704125086,1.6630335603199755,2.0688590514994045
Vac_98,98,RZV_1d,Risk_HZ,0.0019214342167819328,0.0017102499550615106,7.687160525799642e-4,0.004322204386182109
Vac_98,98,RZV_1d,Risk_Hosp,2.2220198144521722e-4,1.97479794283494e-4,8.115044033762653e-5,5.161329273623423e-4
Vac_98,98,RZV_1d,Risk_PHN,1.458584318281919e-4,1.2805250688544705e-4,5.106285225846951e-5,3.3276522153741304e-4
Vac_98,98,RZV_1d,Risk_Death,5.987434825458262e-6,5.380932034354678e-6,2.4075044054261503e-6,1.336855216284334e-5
Vac_98,98,RZV_1d,Q_Life,1.5644023514882979,1.5644026688303945,1.5643985189015146,1.5644041484569793
Vac_98,98,RZV_1d,Q_HZ,-2.434053031486361e-4,-2.1453193930576436e-4,-5.817783752793267e-4,-8.516346120994172e-5
Vac_98,98,RZV_1d,Q_HZ_Norm,-6.320402084830634e-5,-5.566155786083725e-5,-1.4918720607848894e-4,-2.2796734154009724e-5
Vac_98,98,RZV_1d,Q_All,1.1940536768384902,1.1940826216675204,1.1937145214936868,1.1942124639095706
Vac_98,98,RZV_1d,Q_HZ_d,-2.3963281395767997e-4,-2.111765510431628e-4,-5.735323885709562e-4,-8.354843604737065e-5
Vac_98,98,RZV_1d,Q_HZ_Norm_d,-6.222762606864334e-5,-5.481852761912384e-5,-1.4706230881986952e-4,-2.2407452812445276e-5
Vac_98,98,RZV_1d,Q_Life_d,1.521351352327004,1.5213516511459888,1.521347736375689,1.5213530472691275
Vac_98,98,RZV_1d,Q_All_d,1.5211117195130464,1.5211401295375442,1.5207753153409296,1.5212695080373015
Vac_98,98,RZV_1d,C_Hosp,0.8349419536244942,0.7198834338122125,0.27257874779184954,2.066385975002881
Vac_98,98,RZV_1d,C_GP_NonPHN,0.14789615226218358,0.13058982359499377,0.05331484085220054,0.3483599639107479
Vac_98,98,RZV_1d,C_GP_PHN,0.05523195173897752,0.04759128714310572,0.017640960261751076,0.13424469265344943
Vac_98,98,RZV_1d,C_GP,0.2031281040011611,0.1793246750103859,0.07300031139283476,0.47704222997835377
Vac_98,98,RZV_1d,C_Med,1.0380700576256552,0.9104282105659072,0.3539322794156157,2.5582946651562857
Vac_98,98,RZV_1d,C_VacZVL,0,0,0,0
Vac_98,98,RZV_1d,C_VacRZV,85,85,85,85
Vac_98,98,RZV_1d,C_Vac,85,85,85,85
Vac_98,98,RZV_1d,C_All,86.03807005762566,85.91042821056591,85.35393227941562,87.55829466515628
Vac_98,98,RZV_1d,C_Hosp_d,0.8218742789907426,0.7067243611345764,0.26767060528341746,2.0330471932417504
Vac_98,98,RZV_1d,C_GP_NonPHN_d,0.14561993041415003,0.12854425645253442,0.05239059967221609,0.34350238908208286
Vac_98,98,RZV_1d,C_GP_PHN_d,0.05438355553864747,0.04683237387952518,0.01729981221830915,0.13214877502366126
Vac_98,98,RZV_1d,C_GP_d,0.2000034859527975,0.17663843686857283,0.07159735880404365,0.4694185903680625
Vac_98,98,RZV_1d,C_Med_d,1.02187776494354,0.8956335180486148,0.3479619315153219,2.5304353554959014
Vac_98,98,RZV_1d,C_VacZVL_d,0,0,0,0
Vac_98,98,RZV_1d,C_VacRZV_d,85,85,85,85
Vac_98,98,RZV_1d,C_Vac_d,85,85,85,85
Vac_98,98,RZV_1d,C_All_d,86.02187776494354,85.89563351804861,85.34796193151533,87.53043535549591
Vac_98,98,RZV_1d,N_VacZVL,0,0,0,0
Vac_98,98,RZV_1d,N_VacRZV,1,1,1,1
Vac_98,98,RZV_1d,N_VacZVL_d,0,0,0,0
Vac_98,98,RZV_1d,N_VacRZV_d,1,1,1,1
Vac_98,98,RZV_2d,N0,1,1,1,1
Vac_98,98,RZV_2d,Year0,2024,2024,2024,2024
Vac_98,98,RZV_2d,Year_Life,2.161337071243622,2.1613375084798183,2.1613320063437724,2.1613394801894863
Vac_98,98,RZV_2d,Year_Immunised,1.9937319571757353,2.0060602309295055,1.832454661757525,2.0784196871409777
Vac_98,98,RZV_2d,Risk_HZ,0.0014143917806738327,0.0013072486256657822,6.912927324497399e-4,0.002847871617960733
Vac_98,98,RZV_2d,Risk_Hosp,1.6350085972290088e-4,1.493776137356576e-4,7.067094651647207e-5,3.4285462602205344e-4
Vac_98,98,RZV_2d,Risk_PHN,1.0736677256418224e-4,9.801611497990311e-5,4.332107396498467e-5,2.208342903912371e-4
Vac_98,98,RZV_2d,Risk_Death,4.410685824804063e-6,4.093487131341752e-6,2.125389925016496e-6,8.783296173652357e-6
Vac_98,98,RZV_2d,Q_Life,1.5644031436798915,1.5644033484986308,1.5644008082914698,1.5644042352915983
Vac_98,98,RZV_2d,Q_HZ,-1.74533170568867e-4,-1.5811874280538183e-4,-3.8136234997609904e-4,-7.617656467243693e-5
Vac_98,98,RZV_2d,Q_HZ_Norm,-4.532537348202383e-5,-4.103861276860658e-5,-9.729999497299415e-5,-2.0017976618988562e-5
Vac_98,98,RZV_2d,Q_All,1.1941227868010984,1.1941392079353654,1.193915321464977,1.1942214969475147
Vac_98,98,RZV_2d,Q_HZ_d,-1.7170582521721335e-4,-1.55529493907044e-4,-3.7600640222514524e-4,-7.469523609051263e-5
Vac_98,98,RZV_2d,Q_HZ_Norm_d,-4.459340163468045e-5,-4.0359689162034695e-5,-9.585334009544834e-5,-1.965675399570802e-5
Vac_98,98,RZV_2d,Q_Life_d,1.5213520996169239,1.5213522923382339,1.5213498959412548,1.5213531292524405
Vac_98,98,RZV_2d,Q_All_d,1.5211803937917068,1.5211969691757972,1.520974121690532,1.521278526510882
Vac_98,98,RZV_2d,C_Hosp,0.5989047693643282,0.5326624657354738,0.23890761863028656,1.3621693188200557
Vac_98,98,RZV_2d,C_GP_NonPHN,0.10601508683284352,0.09555499543560082,0.04742469180379367,0.22592393236904018
Vac_98,98,RZV_2d,C_GP_PHN,0.0396115093308047,0.035196646518216676,0.015324839639531213,0.08744147525493577
Vac_98,98,RZV_2d,C_GP,0.14562659616364823,0.1319001499973477,0.0654969281278097,0.3113037039118837
Vac_98,98,RZV_2d,C_Med,0.7445313655279765,0.6650580523687245,0.3113412222864133,1.679064398467683
Vac_98,98,RZV_2d,C_VacZVL,0,0,0,0
Vac_98,98,RZV_2d,C_VacRZV,170,170,170,170
Vac_98,98,RZV_2d,C_Vac,170,170,170,170
Vac_98,98,RZV_2d,C_All,170.744531365528,170.66505805236872,170.31134122228642,171.6790643984677
Vac_98,98,RZV_2d,C_Hosp_d,0.5891103879979163,0.5241601848279587,0.2347034218420698,1.3471060015709477
Vac_98,98,RZV_2d,C_GP_NonPHN_d,0.10430923847900538,0.09393896466731666,0.04657173727898069,0.22276666090546782
Vac_98,98,RZV_2d,C_GP_PHN_d,0.03897539135593261,0.03467908328879635,0.015063196543581032,0.08600695578733072
Vac_98,98,RZV_2d,C_GP_d,0.143284629834938,0.12973224522822593,0.06434922904116054,0.3067849326474728
Vac_98,98,RZV_2d,C_Med_d,0.7323950178328542,0.6539616395846792,0.3055965510936261,1.6496696474358081
Vac_98,98,RZV_2d,C_VacZVL_d,0,0,0,0
Vac_98,98,RZV_2d,C_VacRZV_d,170,170,170,170
Vac_98,98,RZV_2d,C_Vac_d,170,170,170,170
Vac_98,98,RZV_2d,C_All_d,170.73239501783286,170.65396163958468,170.30559655109363,171.6496696474358
Vac_98,98,RZV_2d,N_VacZVL,0,0,0,0
Vac_98,98,RZV_2d,N_VacRZV,2,2,2,2
Vac_98,98,RZV_2d,N_VacZVL_d,0,0,0,0
Vac_98,98,RZV_2d,N_VacRZV_d,2,2,2,2
Vac_98,98,SOC,N0,1,1,1,1
Vac_98,98,SOC,Year0,2024,2024,2024,2024
Vac_98,98,SOC,Year_Life,2.161279067053691,2.16127934538453,2.1612665916962674,2.161289237857575
Vac_98,98,SOC,Year_Immunised,0,0,0,0
Vac_98,98,SOC,Risk_HZ,0.018278093660888662,0.018267420079573243,0.017212035877491837,0.019428332470373642
Vac_98,98,SOC,Risk_Hosp,0.0021122712587271475,0.002065174268232814,0.0014486645838759848,0.002929848753619823
Vac_98,98,SOC,Risk_PHN,0.001394395017031514,0.0013725262465202094,8.579798079529108e-4,0.002091924391846115
Vac_98,98,SOC,Risk_Death,5.690429157956979e-5,5.664991940623898e-5,4.7608660219248455e-5,6.830612098352264e-5
Vac_98,98,SOC,Q_Life,1.5643767197334009,1.564376846287566,1.5643710473495576,1.5643813442623689
Vac_98,98,SOC,Q_HZ,-0.002465228667014429,-0.0024461750533746537,-0.0030140528230737087,-0.0020074422826651945
Vac_98,98,SOC,Q_HZ_Norm,-6.417330272539337e-4,-6.369318816054344e-4,-7.833003967081239e-4,-5.191803549676378e-4
Vac_98,98,SOC,Q_All,1.1918241526791122,1.1918431121987005,1.1912757997551675,1.192281879041813
Vac_98,98,SOC,Q_HZ_d,-0.0024310686893133752,-0.0024123042375150364,-0.002972695772995494,-0.001980309396982302
Vac_98,98,SOC,Q_HZ_Norm_d,-6.328747686824739e-4,-6.280033076061873e-4,-7.721622544322563e-4,-5.119713839558638e-4
Vac_98,98,SOC,Q_Life_d,1.521327173202413,1.521327292578849,1.5213218225379603,1.5213315354428578
Vac_98,98,SOC,Q_All_d,1.5188961045130995,1.5189144389428848,1.5183560002785508,1.5193458896755043
Vac_98,98,SOC,C_Hosp,8.448813959150513,8.234846016402923,5.460102491108722,12.19656614687804
Vac_98,98,SOC,C_GP_NonPHN,1.5001216188638589,1.5012697229286578,1.3632934631983915,1.6374766471430313
Vac_98,98,SOC,C_GP_PHN,0.5621486866012789,0.5531895803128404,0.34028396726326543,0.8550916739956772
Vac_98,98,SOC,C_GP,2.062270305465138,2.053364007139333,1.828774378207285,2.3551643453131565
Vac_98,98,SOC,C_Med,10.51108426461565,10.31305187444765,7.610313428678042,14.123411278026774
Vac_98,98,SOC,C_VacZVL,0,0,0,0
Vac_98,98,SOC,C_VacRZV,0,0,0,0
Vac_98,98,SOC,C_Vac,0,0,0,0
Vac_98,98,SOC,C_All,10.51108426461565,10.31305187444765,7.610313428678042,14.123411278026774
Vac_98,98,SOC,C_Hosp_d,8.330573022472736,8.124950223157597,5.384778152595426,12.057450923649165
Vac_98,98,SOC,C_GP_NonPHN_d,1.47948886537544,1.480583328260732,1.3447360978879004,1.6154765766695025
Vac_98,98,SOC,C_GP_PHN_d,0.554447990453214,0.5457268880399759,0.33533384945324834,0.843175326366428
Vac_98,98,SOC,C_GP_d,2.033936855828654,2.0248679868561394,1.802898307280527,2.3231625563133376
Vac_98,98,SOC,C_Med_d,10.364509878301389,10.170256183660566,7.510550878296411,13.928935631772147
Vac_98,98,SOC,C_VacZVL_d,0,0,0,0
Vac_98,98,SOC,C_VacRZV_d,0,0,0,0
Vac_98,98,SOC,C_Vac_d,0,0,0,0
Vac_98,98,SOC,C_All_d,10.364509878301389,10.170256183660566,7.510550878296411,13.928935631772147
Vac_98,98,SOC,N_VacZVL,0,0,0,0
Vac_98,98,SOC,N_VacRZV,0,0,0,0
Vac_98,98,SOC,N_VacZVL_d,0,0,0,0
Vac_98,98,SOC,N_VacRZV_d,0,0,0,0
Vac_99,99,RZV_1d,N0,1,1,1,1
Vac_99,99,RZV_1d,Year0,2024,2024,2024,2024
Vac_99,99,RZV_1d,Year_Life,1.6688594826188352,1.6688597795093765,1.6688558504468807,1.6688611510341644
Vac_99,99,RZV_1d,Year_Immunised,1.5045279918296546,1.5244564125215985,1.2909307227884252,1.608390310344591
Vac_99,99,RZV_1d,Risk_HZ,0.001378146134954177,0.0012154297254213528,4.983332497681828e-4,0.0032709642299863333
Vac_99,99,RZV_1d,Risk_Hosp,1.5996385104171697e-4,1.3942021354066458e-4,5.1066870446527325e-5,4.1352070775565206e-4
Vac_99,99,RZV_1d,Risk_PHN,1.0377912102288968e-4,8.856559332419308e-5,3.315328973844737e-5,2.576639756090633e-4
Vac_99,99,RZV_1d,Risk_Death,4.323670201346036e-6,3.8154900983505704e-6,1.5452351106391217e-6,1.0161554332714339e-5
Vac_99,99,RZV_1d,Q_Life,1.1750334022092546,1.1750334968251253,1.1750322446745245,1.1750339339155482
Vac_99,99,RZV_1d,Q_HZ,-1.317471255070787e-4,-1.144277835302968e-4,-3.368698117295706e-4,-3.863604539693707e-5
Vac_99,99,RZV_1d,Q_HZ_Norm,-3.408561675434949e-5,-2.94806055829529e-5,-8.637411132996017e-5,-1.0096059543209398e-5
Vac_99,99,RZV_1d,Q_All,0.643053814554118,0.6430711338960948,0.6428486918678956,0.6431469256342282
Vac_99,99,RZV_1d,Q_HZ_d,-1.317471255070787e-4,-1.144277835302968e-4,-3.368698117295706e-4,-3.863604539693707e-5
Vac_99,99,RZV_1d,Q_HZ_Norm_d,-3.408561675434949e-5,-2.94806055829529e-5,-8.637411132996017e-5,-1.0096059543209398e-5
Vac_99,99,RZV_1d,Q_Life_d,1.1570482095343395,1.1570483009506396,1.1570470911432962,1.1570487232602271
Vac_99,99,RZV_1d,Q_All_d,1.1569164624088324,1.1569339114783435,1.1567105582054742,1.1570100721318757
Vac_99,99,RZV_1d,C_Hosp,0.4563904325974245,0.3829783971151831,0.11654619515983579,1.2463137253850887
Vac_99,99,RZV_1d,C_GP_NonPHN,0.07949170315147006,0.06942012986246043,0.02420134652355841,0.20132369238642447
Vac_99,99,RZV_1d,C_GP_PHN,0.029615796235065064,0.024567668121147822,0.007846290723412138,0.08078476637093986
Vac_99,99,RZV_1d,C_GP,0.10910749938653512,0.09493122043878607,0.032725543596045875,0.2736996296713462
Vac_99,99,RZV_1d,C_Med,0.5654979319839596,0.4827708345444236,0.15436188366902714,1.522395572411073
Vac_99,99,RZV_1d,C_VacZVL,0,0,0,0
Vac_99,99,RZV_1d,C_VacRZV,85,85,85,85
Vac_99,99,RZV_1d,C_Vac,85,85,85,85
Vac_99,99,RZV_1d,C_All,85.56549793198396,85.48277083454443,85.15436188366901,86.52239557241107
Vac_99,99,RZV_1d,C_Hosp_d,0.4563904325974245,0.3829783971151831,0.11654619515983579,1.2463137253850887
Vac_99,99,RZV_1d,C_GP_NonPHN_d,0.07949170315147006,0.06942012986246043,0.02420134652355841,0.20132369238642447
Vac_99,99,RZV_1d,C_GP_PHN_d,0.029615796235065064,0.024567668121147822,0.007846290723412138,0.08078476637093986
Vac_99,99,RZV_1d,C_GP_d,0.10910749938653512,0.09493122043878607,0.032725543596045875,0.2736996296713462
Vac_99,99,RZV_1d,C_Med_d,0.5654979319839596,0.4827708345444236,0.15436188366902714,1.522395572411073
Vac_99,99,RZV_1d,C_VacZVL_d,0,0,0,0
Vac_99,99,RZV_1d,C_VacRZV_d,85,85,85,85
Vac_99,99,RZV_1d,C_Vac_d,85,85,85,85
Vac_99,99,RZV_1d,C_All_d,85.56549793198396,85.48277083454443,85.15436188366901,86.52239557241107
Vac_99,99,RZV_1d,N_VacZVL,0,0,0,0
Vac_99,99,RZV_1d,N_VacRZV,1,1,1,1
Vac_99,99,RZV_1d,N_VacZVL_d,0,0,0,0
Vac_99,99,RZV_1d,N_VacRZV_d,1,1,1,1
Vac_99,99,RZV_2d,N0,1,1,1,1
Vac_99,99,RZV_2d,Year0,2024,2024,2024,2024
Vac_99,99,RZV_2d,Year_Life,1.6688602221566693,1.66886041480878,1.668857981221471,1.668861224161591
Vac_99,99,RZV_2d,Year_Immunised,1.5511122772787758,1.56303031471499,1.421214812603507,1.6151638030465105
Vac_99,99,RZV_2d,Risk_HZ,9.87130605830916e-4,8.887534420457599e-4,4.4143061022957703e-4,0.0021128519546789537
Vac_99,99,RZV_2d,Risk_Hosp,1.1446453438654435e-4,1.0205631790470977e-4,4.40122626489302e-5,2.675189932469338e-4
Vac_99,99,RZV_2d,Risk_PHN,7.433558809635651e-5,6.586406227702905e-5,2.7979315768034524e-5,1.673991899968244e-4
Vac_99,99,RZV_2d,Risk_Death,3.098439960248172e-6,2.8135574133453455e-6,1.3935771436248982e-6,6.611892488769632e-6
Vac_99,99,RZV_2d,Q_Life,1.175033637892129,1.1750336992883161,1.1750329237298174,1.1750339572204842
Vac_99,99,RZV_2d,Q_HZ,-9.084245756525284e-5,-7.933464137956355e-5,-2.192508421188819e-4,-3.41236056185754e-5
Vac_99,99,RZV_2d,Q_HZ_Norm,-2.3507272735367843e-5,-2.0476211828896646e-5,-5.563559258014989e-5,-9.035633832308928e-6
Vac_99,99,RZV_2d,Q_All,0.6430947192220599,0.6431062270382456,0.6429663108375062,0.6431514380740067
Vac_99,99,RZV_2d,Q_HZ_d,-9.084245756525284e-5,-7.933464137956355e-5,-2.192508421188819e-4,-3.41236056185754e-5
Vac_99,99,RZV_2d,Q_HZ_Norm_d,-2.3507272735367843e-5,-2.0476211828896646e-5,-5.563559258014989e-5,-9.035633832308928e-6
Vac_99,99,RZV_2d,Q_Life_d,1.1570484372472618,1.1570484965672492,1.1570477472353664,1.1570487457770737
Vac_99,99,RZV_2d,Q_All_d,1.1569575947896964,1.1569691957385901,1.1568287173454928,1.157014598878391
Vac_99,99,RZV_2d,C_Hosp,0.3147270123549974,0.26851031143125814,0.10023408047522209,0.806815765208561
Vac_99,99,RZV_2d,C_GP_NonPHN,0.0548073103343977,0.04814523499517727,0.02078291274607845,0.12846267661927685
Vac_99,99,RZV_2d,C_GP_PHN,0.02042883714814366,0.017279174188333246,0.00668393514907653,0.052329416536140774
Vac_99,99,RZV_2d,C_GP,0.07523614748254136,0.0658962537088579,0.02906289693565447,0.1761968642535328
Vac_99,99,RZV_2d,C_Med,0.3899631598375387,0.33765256708660113,0.13491409747151095,0.9737655449779543
Vac_99,99,RZV_2d,C_VacZVL,0,0,0,0
Vac_99,99,RZV_2d,C_VacRZV,170,170,170,170
Vac_99,99,RZV_2d,C_Vac,170,170,170,170
Vac_99,99,RZV_2d,C_All,170.38996315983755,170.3376525670866,170.1349140974715,170.97376554497794
Vac_99,99,RZV_2d,C_Hosp_d,0.3147270123549974,0.26851031143125814,0.10023408047522209,0.806815765208561
Vac_99,99,RZV_2d,C_GP_NonPHN_d,0.0548073103343977,0.04814523499517727,0.02078291274607845,0.12846267661927685
Vac_99,99,RZV_2d,C_GP_PHN_d,0.02042883714814366,0.017279174188333246,0.00668393514907653,0.052329416536140774
Vac_99,99,RZV_2d,C_GP_d,0.07523614748254136,0.0658962537088579,0.02906289693565447,0.1761968642535328
Vac_99,99,RZV_2d,C_Med_d,0.3899631598375387,0.33765256708660113,0.13491409747151095,0.9737655449779543
Vac_99,99,RZV_2d,C_VacZVL_d,0,0,0,0
Vac_99,99,RZV_2d,C_VacRZV_d,170,170,170,170
Vac_99,99,RZV_2d,C_Vac_d,170,170,170,170
Vac_99,99,RZV_2d,C_All_d,170.38996315983755,170.3376525670866,170.1349140974715,170.97376554497794
Vac_99,99,RZV_2d,N_VacZVL,0,0,0,0
Vac_99,99,RZV_2d,N_VacRZV,2,2,2,2
Vac_99,99,RZV_2d,N_VacZVL_d,0,0,0,0
Vac_99,99,RZV_2d,N_VacRZV_d,2,2,2,2
Vac_99,99,SOC,N0,1,1,1,1
Vac_99,99,SOC,Year0,2024,2024,2024,2024
Vac_99,99,SOC,Year_Life,1.6688355368216319,1.6688356545266212,1.6688302611448362,1.6688398379178688
Vac_99,99,SOC,Year_Immunised,0,0,0,0
Vac_99,99,SOC,Risk_HZ,0.013996672648837034,0.013998506956799262,0.013078760842888958,0.014989916011949078
Vac_99,99,SOC,Risk_Hosp,0.0016238922453640813,0.0015881975213583848,0.0010526615604794277,0.002352199583947872
Vac_99,99,SOC,Risk_PHN,0.001058254709436893,0.0010336035568125656,6.376279235670273e-4,0.0015747010583596144
Vac_99,99,SOC,Risk_Death,4.393875640396876e-5,4.374233508180357e-5,3.6761034762073424e-5,5.274283244680931e-5
Vac_99,99,SOC,Q_Life,1.17502577093732,1.1750258084486533,1.1750240896350053,1.1750271416511335
Vac_99,99,SOC,Q_HZ,-0.0014516663911644898,-0.001436995538202532,-0.0017912215910373896,-0.0011657035589877592
Vac_99,99,SOC,Q_HZ_Norm,-3.76441584963414e-4,-3.7355799191539504e-4,-4.691459033042066e-4,-3.0538786460246456e-4
Vac_99,99,SOC,Q_All,0.6417338952884607,0.6417485661414226,0.6413943400885879,0.6420198581206374
Vac_99,99,SOC,Q_HZ_d,-0.0014516663911644898,-0.001436995538202532,-0.0017912215910373896,-0.0011657035589877592
Vac_99,99,SOC,Q_HZ_Norm_d,-3.76441584963414e-4,-3.7355799191539504e-4,-4.691459033042066e-4,-3.0538786460246456e-4
Vac_99,99,SOC,Q_Life_d,1.1570408363247409,1.1570408725675752,1.1570392118780601,1.1570421606859134
Vac_99,99,SOC,Q_All_d,1.1555891699335765,1.1556039285806885,1.1552507971619812,1.1558758025999096
Vac_99,99,SOC,C_Hosp,5.024780657036588,4.881130416931702,2.854842953359035,7.916809078240015
Vac_99,99,SOC,C_GP_NonPHN,0.8768118924499294,0.8767686350105826,0.7798736338458931,0.9764612588233653
Vac_99,99,SOC,C_GP_PHN,0.32724967366064256,0.31620302564272107,0.18949686639148208,0.5198473869562977
Vac_99,99,SOC,C_GP,1.204061566110572,1.1969460830727994,1.04685585353941,1.4178626492855497
Vac_99,99,SOC,C_Med,6.22884222314716,6.103720498827365,4.099844230828675,9.04094753190043
Vac_99,99,SOC,C_VacZVL,0,0,0,0
Vac_99,99,SOC,C_VacRZV,0,0,0,0
Vac_99,99,SOC,C_Vac,0,0,0,0
Vac_99,99,SOC,C_All,6.22884222314716,6.103720498827365,4.099844230828675,9.04094753190043
Vac_99,99,SOC,C_Hosp_d,5.024780657036588,4.881130416931702,2.854842953359035,7.916809078240015
Vac_99,99,SOC,C_GP_NonPHN_d,0.8768118924499294,0.8767686350105826,0.7798736338458931,0.9764612588233653
Vac_99,99,SOC,C_GP_PHN_d,0.32724967366064256,0.31620302564272107,0.18949686639148208,0.5198473869562977
Vac_99,99,SOC,C_GP_d,1.204061566110572,1.1969460830727994,1.04685585353941,1.4178626492855497
Vac_99,99,SOC,C_Med_d,6.22884222314716,6.103720498827365,4.099844230828675,9.04094753190043
Vac_99,99,SOC,C_VacZVL_d,0,0,0,0
Vac_99,99,SOC,C_VacRZV_d,0,0,0,0
Vac_99,99,SOC,C_Vac_d,0,0,0,0
Vac_99,99,SOC,C_All_d,6.22884222314716,6.103720498827365,4.099844230828675,9.04094753190043
Vac_99,99,SOC,N_VacZVL,0,0,0,0
Vac_99,99,SOC,N_VacRZV,0,0,0,0
Vac_99,99,SOC,N_VacZVL_d,0,0,0,0
Vac_99,99,SOC,N_VacRZV_d,0,0,0,0
