Eligibility,Agp,Arm,N_All,N,N_Uptake,N_Doses,dRisk_HZ,dC_Med_d,dQ_All_d,Thres,Prop_Uptake,Prop_Doses,Prop_Case,Prop_dQ,Prop_dC_Med
New2023,"[65,70)",RZV_2d,2965505,640873,308987.7238558622,617975.4477117244,-33663.45931748986,-6060781.51255906,3298.7051562341726,116.56593300587829,0.5027537757131506,0.5027537757131506,0.5276861513332979,0.4961597479239069,0.4514474980390437
SOC,"[70,75)",RZV_2d,2662322,1053476.2497747962,241224.43116069655,482448.8623213931,-24523.81893023084,-5673086.285550271,2675.0512820417434,119.23491272169267,0.8952499307282626,0.8952499307282626,0.9121053372891734,0.8985154320240758,0.8740168654488749
SOC,"[75,80)",RZV_2d,2423598,474263.87725610525,64378.40358753453,128756.80717506906,-5607.193584509172,-1691351.1672971158,674.7175059265786,119.09937095516042,1,1,1,1,1
ZVL_85,"[80,85)",ReRZV_1d,1508497,1075401.782433929,145979.17591539328,145979.17591539328,-6586.233678496252,-1980521.3209735353,665.0558427330229,117.5690840068207,1.2375226463728188,1.1187613231864095,1.1032414485038309,1.1000313528058503,1.147522459490371
UV_85,"[80,85)",RZV_1d,1508497,433095.21756607096,58790.01131103047,58790.01131103047,-3517.310262506793,-1415116.3890019986,469.76456642329134,120.28781137611854,1.3331798452802655,1.1665899226401328,1.1583764807642563,1.1706888556201507,1.2529297822795495
ZVL_90,"[85,90)",ReRZV_1d,940569,344417.71727378963,46752.586205033294,46752.586205033294,-2088.5652871878547,-627067.5931706805,181.75830644116968,119.36829365423813,1.4092509556325326,1.2046254778162662,1.1911154505715535,1.198027205437956,1.2996379659439266
UV_95,"[85,90)",RZV_1d,940569,596151.2827262104,80923.8690085801,80923.8690085801,-3621.0395235744036,-1834389.3151118434,522.4982190769438,121.04898305135671,1.5409221436709246,1.2704610718354623,1.2478764742084796,1.2766164010130645,1.4362755373562528
UV_95,"[90,95)",RZV_1d,417138,417138,56623.91719788369,56623.91719788369,-1806.8225500560668,-1080800.8036710024,274.4692053198373,120.87343380723469,1.6330548918968206,1.3165274459484104,1.2761990309780966,1.3178994394401273,1.5167808018480995
UV_100,"[95,100)",RZV_1d,109064,109064,14804.767020194724,14804.767020194724,-297.53042491377937,-181363.21933279082,43.683212194012825,120.42367837119444,1.6571437211392035,1.328571860569602,1.280862921380642,1.3244698513212034,1.5302899460788284
