Eligibility,Agp,Arm,N_All,N,N_Uptake,N_Doses,dRisk_HZ,dC_Med_d,dQ_All_d,Thres,Prop_Uptake,Prop_Doses,Prop_Case,Prop_dQ,Prop_dC_Med
New2023,"[65,70)",RZV_2d,2965505,640873,308563.84904958017,617127.6980991603,-41536.10719317066,-7748859.649448348,3900.7909548109033,138.97395791800244,0.502160096755813,0.502160096755813,0.5501847355064731,0.5143496876345562,0.47816790495367467
SOC,"[70,75)",RZV_2d,2662322,1054369.6604547934,241451.37207275254,482902.7441455051,-27912.863515051842,-6616090.562762245,2965.8011237272967,137.90235793241317,0.8951006331645196,0.8951006331645196,0.9199168184586788,0.9054136793344909,0.8864347089091472
SOC,"[75,80)",RZV_2d,2423598,474087.4539202733,64457.83446899298,128915.66893798596,-6045.866775653808,-1840360.8703035382,717.3358377987535,136.60799922926935,1,1,1,1,1
ZVL_85,"[80,85)",ReRZV_2d,1508497,1076164.3642254202,146317.3595442511,292634.7190885022,-10299.747535676193,-3123458.010213125,1034.245101027999,125.98228475700874,1.2381184304386554,1.2381184304386554,1.1364298259185728,1.1363732768081924,1.1927428603072854
UV_85,"[80,85)",RZV_2d,1508497,432332.6357745799,58780.769754324065,117561.53950864813,-4042.8923252153113,-1633745.0301558138,534.9815681357542,124.47094870734475,1.33377888164877,1.33377888164877,1.1899817303925544,1.2069147658673542,1.293558267172178
ZVL_90,"[85,90)",ReRZV_2d,940569,344866.12479836657,46888.65609583177,93777.31219166354,-3037.5654772425237,-909830.5410116256,262.8458231947272,121.29376509745502,1.4100859803395487,1.4100859803395487,1.2302171369247066,1.2415730361059885,1.3497022397487581
UV_95,"[85,90)",RZV_2d,940569,595702.8752016334,80992.89910529328,161985.79821058657,-4042.3964648418546,-2042156.7522134038,580.6859578952577,118.13160660995916,1.541894687602313,1.541894687602313,1.2837624732625086,1.3181410051454052,1.4757199842903568
UV_95,"[90,95)",RZV_2d,417138,417138,56714.87809345928,113429.75618691856,-1979.3221293175366,-1181218.0526223218,300.04923109696557,115.03579045905798,1.6341930847043322,1.6341930847043322,1.3099804531308705,1.3577048346552578,1.5486107820422665
UV_100,"[95,100)",RZV_2d,109064,109064,14828.549459375658,29657.098918751315,-322.890649971442,-196826.1701485334,47.50607554430603,113.9245595203574,1.658325224143881,1.658325224143881,1.3142574429321985,1.3639688809474133,1.5607565637027565
