Eligibility,Agp,Arm,N_All,N,N_Uptake,N_Doses,dRisk_HZ,dC_Med_d,dQ_All_d,Thres,Prop_Uptake,Prop_Doses,Prop_Case,Prop_dQ,Prop_dC_Med
New2023,"[65,70)",RZV_2d,2965505,640873,308563.84904958017,617127.6980991603,-34960.520427313044,-6529196.1903377585,3296.7570111766863,117.42194790004042,0.502160096755813,0.502160096755813,0.5496160194438529,0.51449079570793,0.47824346520466765
SOC,"[70,75)",RZV_2d,2662322,1054369.6604547934,241451.37207275254,482902.7441455051,-23537.70426563399,-5569261.011605695,2504.417902676592,116.47128166523278,0.8951006331645196,0.8951006331645196,0.9196533978124398,0.9053294153468612,0.886174641903124
SOC,"[75,80)",RZV_2d,2423598,474087.4539202733,64457.83446899298,128915.66893798596,-5110.766294413567,-1553995.2942836382,606.6307042052703,115.39038495425275,1,1,1,1,1
ZVL_85,"[80,85)",ReRZV_2d,1508497,1076164.3642254202,256736.72542993142,513473.45085986285,-14745.176590473095,-4399313.702674823,1483.6802485298842,100.94094864528337,1.4178160833803624,1.4178160833803624,1.231809628821231,1.231542642983514,1.3222361479661322
UV_85,"[80,85)",RZV_2d,1508497,432332.6357745799,76633.20777845594,153266.41555691187,-4622.866016633305,-1815611.961551611,605.7620426878805,100.12857540168432,1.542529782510277,1.542529782510277,1.3044859273267662,1.3260776646109982,1.4552241193253705
ZVL_90,"[85,90)",ReRZV_2d,940569,344866.12479836657,46888.65609583177,93777.31219166354,-2418.054031068451,-720914.5938645699,208.27752535254498,97.86498823375639,1.618836881201056,1.618836881201056,1.3425002707951121,1.358581385505024,1.5080288878505712
UV_95,"[85,90)",RZV_2d,940569,595702.8752016334,80992.89910529328,161985.79821058657,-3441.144104200036,-1737605.7270065984,492.49389436391493,95.88248507092696,1.7506455884638203,1.7506455884638203,1.3965986624027358,1.4354398178170098,1.635303143335935
UV_95,"[90,95)",RZV_2d,417138,417138,56714.87809345928,113429.75618691856,-1689.266829760812,-1005483.8530916907,254.78764804356194,93.77434136051197,1.8429439855658392,1.8429439855658392,1.42315570730377,1.4752018928908097,1.7089517316294713
UV_100,"[95,100)",RZV_2d,109064,109064,14828.549459375658,29657.098918751315,-275.50396614288564,-167633.7132890758,40.389101170818755,92.98740263920403,1.8670761250053884,1.8670761250053884,1.4274869183773369,1.4815050025009069,1.7212303836398264
