Eligibility,Agp,Arm,N_All,N,N_Uptake,N_Doses,dRisk_HZ,dC_Med_d,dQ_All_d,Thres,Prop_Uptake,Prop_Doses,Prop_Case,Prop_dQ,Prop_dC_Med
New2023,"[65,70)",RZV_2d,2965505,640873,308987.7238558622,617975.4477117244,-22980.628874703976,-4072314.5871639145,2339.016848237947,82.289113168206,0.5027537757131506,0.5027537757131506,0.5087830988633671,0.4815623994840509,0.4338251296651807
SOC,"[70,75)",RZV_2d,2662322,1053476.2497747962,241224.43116069655,482448.8623213931,-17871.819821974535,-4036562.3371106246,1993.5787291801444,86.11295443826074,0.8952499307282626,0.8952499307282626,0.9044589492036066,0.8920051703890902,0.8638415593433616
SOC,"[75,80)",RZV_2d,2423598,474263.87725610525,64378.40358753453,128756.80717506906,-4315.382007688856,-1278118.6845479878,524.5461984846477,86.66731829466784,1,1,1,1,1
ZVL_85,"[80,85)",ReRZV_1d,1508497,1075401.782433929,256661.78948319663,256661.78948319663,-10004.09879030505,-2914509.853060925,1035.4293347889266,87.59534880139935,1.4176142732588461,1.208807136629423,1.221487253965857,1.2131766752055502,1.3104837771865658
UV_85,"[80,85)",RZV_1d,1508497,433095.21756607096,76705.70267800335,76705.70267800335,-3426.045170007746,-1328904.0105809346,459.5506655855489,90.02782003356776,1.5424220849053891,1.2712110424526946,1.2973386977164305,1.3077900685937094,1.4520523967917505
ZVL_90,"[85,90)",ReRZV_1d,940569,344417.71727378963,46752.586205033294,46752.586205033294,-1800.4322737841032,-538945.1789123414,158.58168366532672,89.71808648827339,1.618493195257656,1.309246597628828,1.337199639579419,1.3404392460280767,1.5094664194856362
UV_95,"[85,90)",RZV_1d,940569,596151.2827262104,80923.8690085801,80923.8690085801,-2719.0154407517266,-1377076.8595861343,396.4271605098148,90.92815338052452,1.7501643832960483,1.3750821916480243,1.3973976920063385,1.4220566207723286,1.6561669099271001
UV_95,"[90,95)",RZV_1d,417138,417138,56623.91719788369,56623.91719788369,-1396.0150160676162,-837278.9789283647,212.98469907084802,90.89853704381223,1.842297131521944,1.4211485657609721,1.4283049769987222,1.465906421518831,1.745362539052721
UV_100,"[95,100)",RZV_1d,109064,109064,14804.767020194724,14804.767020194724,-236.06419819772398,-144732.25630515747,34.812254423345664,90.6120140429208,1.8663859607643272,1.4331929803821637,1.4335313559174445,1.4730736519661811,1.7607809180886211
