Eligibility,Agp,Arm,N_All,N,N_Uptake,N_Doses,dRisk_HZ,dC_Med_d,dQ_All_d,Thres,Prop_Uptake,Prop_Doses,Prop_Case,Prop_dQ,Prop_dC_Med
New2023,"[65,70)",RZV_2d,2965505,640873,308563.84904958017,617127.6980991603,-33706.057860812936,-6236033.232426576,3186.6096282063763,113.37722486296764,0.502160096755813,0.502160096755813,0.546797551273545,0.5111506974294623,0.474077516445615
SOC,"[70,75)",RZV_2d,2662322,1054369.6604547934,241451.37207275254,482902.7441455051,-22908.903181728485,-5396438.484743562,2450.043744187646,113.05645224806386,0.8951006331645196,0.8951006331645196,0.9184379315832031,0.9041519478772942,0.8843271189005499
SOC,"[75,80)",RZV_2d,2423598,474087.4539202733,64457.83446899298,128915.66893798596,-5027.703198196725,-1521565.3676954096,597.5347921366963,112.15935273421752,1,1,1,1,1
ZVL_85,"[80,85)",ReRZV_2d,1508497,1076164.3642254202,146317.3595442511,292634.7190885022,-8227.686674085453,-2480399.974512264,819.7053727140609,102.99308764053399,1.2381184304386554,1.2381184304386554,1.1334738979151389,1.1314855039791318,1.188565682041911
UV_85,"[80,85)",RZV_2d,1508497,432332.6357745799,58780.769754324065,117561.53950864813,-3401.680275091778,-1366836.1128187715,450.012643396434,101.93098529169609,1.33377888164877,1.33377888164877,1.1886577598878614,1.203670146392842,1.2924756911136805
ZVL_90,"[85,90)",ReRZV_2d,940569,344866.12479836657,46888.65609583177,93777.31219166354,-2446.160127956283,-726970.0147581258,210.05271753284154,99.25873826694071,1.4100859803395487,1.4100859803395487,1.2283406671418875,1.2373638226164654,1.3477416151845916
UV_95,"[85,90)",RZV_2d,940569,595702.8752016334,80992.89910529328,161985.79821058657,-3421.9017297001933,-1717899.2442745874,489.89476123665355,96.85085485203808,1.541894687602313,1.541894687602313,1.2838525722785044,1.3159457884326238,1.4783402468587508
UV_95,"[90,95)",RZV_2d,417138,417138,56714.87809345928,113429.75618691856,-1687.401849656185,-1002808.0909625357,254.776716327858,94.4172838294642,1.6341930847043322,1.6341930847043322,1.3112265002298702,1.356813453893446,1.5545760126919126
UV_100,"[95,100)",RZV_2d,109064,109064,14828.549459375658,29657.098918751315,-277.2348001925086,-168262.3755207976,40.567207795691814,93.52398498667019,1.658325224143881,1.658325224143881,1.3157239502282967,1.3633206697048803,1.5673677035192397
