Eligibility,Agp,Arm,N_All,N,N_Uptake,N_Doses,dRisk_HZ,dC_Med_d,dQ_All_d,Thres,Prop_Uptake,Prop_Doses,Prop_Case,Prop_dQ,Prop_dC_Med
New2023,"[65,70)",RZV_2d,2965505,640873,308563.84904958017,617127.6980991603,-33706.057860812936,-6236033.232426576,3186.6096282063763,113.37722486296764,0.502160096755813,0.502160096755813,0.546797551273545,0.5111506974294623,0.474077516445615
SOC,"[70,75)",RZV_2d,2662322,1054369.6604547934,241451.37207275254,482902.7441455051,-22908.903181728485,-5396438.484743562,2450.043744187646,113.05645224806386,0.8951006331645196,0.8951006331645196,0.9184379315832031,0.9041519478772942,0.8843271189005499
SOC,"[75,80)",RZV_2d,2423598,474087.4539202733,64457.83446899298,128915.66893798596,-5027.703198196725,-1521565.3676954096,597.5347921366963,112.15935273421752,1,1,1,1,1
ZVL_85,"[80,85)",ReRZV_1d,1508497,1076164.3642254202,256736.72542993142,256736.72542993142,-12253.316354909177,-3636120.0818484207,1220.2889671560586,111.6521613581146,1.4178160833803624,1.208908041690181,1.1987797981452473,1.1957414397754091,1.2764261692733083
UV_85,"[80,85)",RZV_1d,1508497,432332.6357745799,76633.20777845594,76633.20777845594,-4000.161470581762,-1564477.7091581686,524.2666279077243,113.88829469335425,1.542529782510277,1.2712648912551385,1.2636725395582338,1.2798368526938912,1.3953613447684563
ZVL_90,"[85,90)",ReRZV_1d,940569,344866.12479836657,46888.65609583177,46888.65609583177,-2013.8918608971655,-598429.748909664,172.2885239146132,113.0830094144687,1.618836881201056,1.3094184406005278,1.2963429616709468,1.3074729328646575,1.4408553436867195
UV_95,"[85,90)",RZV_1d,940569,595702.8752016334,80992.89910529328,80992.89910529328,-2991.290076004213,-1503519.7925379889,429.1713484990635,113.63207302141872,1.7506455884638203,1.37532279423191,1.344869256127041,1.376314510496341,1.555156358868429
UV_95,"[90,95)",RZV_1d,417138,417138,56714.87809345928,56714.87809345928,-1477.3691476014692,-877162.7043014839,222.88904099605222,112.99684620904603,1.8429439855658392,1.4214719927829196,1.3688359221658706,1.4120672075779233,1.6218402748892153
UV_100,"[95,100)",RZV_1d,109064,109064,14828.549459375658,14828.549459375658,-242.50151599851358,-147012.7417834233,35.483222543958924,112.53202072250512,1.8670761250053884,1.433538062502694,1.3727699104025155,1.417758922618839,1.6330165199336035
