Eligibility,Agp,Arm,N_All,N,N_Uptake,N_Doses,dRisk_HZ,dC_Med_d,dQ_All_d,Thres,Prop_Uptake,Prop_Doses,Prop_Case,Prop_dQ,Prop_dC_Med
New2023,"[65,70)",RZV_2d,2965505,640873,308987.7238558622,617975.4477117244,-25975.245829185766,-4762442.088856261,2522.7081627347343,89.35080762190508,0.5027537757131506,0.5027537757131506,0.5355307736179579,0.5013861605840976,0.46283260352574795
SOC,"[70,75)",RZV_2d,2662322,1053476.2497747962,241224.43116069655,482448.8623213931,-18347.769595430145,-4274396.743416932,2002.7870890147042,90.46214533761628,0.8952499307282626,0.8952499307282626,0.9138061250898771,0.8994384378399481,0.8782350664526513
SOC,"[75,80)",RZV_2d,2423598,474263.87725610525,64378.40358753453,128756.80717506906,-4180.725366415154,-1252933.4365279188,505.9722299135299,90.23822474102822,1,1,1,1,1
ZVL_85,"[80,85)",ReRZV_1d,1508497,1075401.782433929,256661.78948319663,256661.78948319663,-8006.7335886806695,-2340195.167595831,819.8958738217606,87.26173807620563,1.4176142732588461,1.208807136629423,1.1650745583351214,1.1629536267122558,1.2274292478455886
UV_85,"[80,85)",RZV_1d,1508497,433095.21756607096,76705.70267800335,76705.70267800335,-3106.5976029644157,-1208594.2744090597,415.86125119882536,89.07438335671912,1.5424220849053891,1.2712110424526946,1.2291231771076114,1.245605706391677,1.344885129553831
ZVL_90,"[85,90)",ReRZV_1d,940569,344417.71727378963,46752.586205033294,46752.586205033294,-1442.5350962959012,-431161.45959529857,127.23430187213486,88.33579551947902,1.618493195257656,1.309246597628828,1.2588638748923613,1.2708934186417982,1.3867870733803813
UV_95,"[85,90)",RZV_1d,940569,596151.2827262104,80923.8690085801,80923.8690085801,-2447.251398854585,-1240539.3777318485,357.0263369784809,89.06504264623283,1.7501643832960483,1.3750821916480243,1.3093187750494046,1.3418521077875896,1.5073475041970283
UV_95,"[90,95)",RZV_1d,417138,417138,56623.91719788369,56623.91719788369,-1260.8784961066483,-760333.7069874465,194.150864784956,88.8361387160648,1.842297131521944,1.4211485657609721,1.3353142647898537,1.38043943156391,1.5812396844246512
UV_100,"[95,100)",RZV_1d,109064,109064,14804.767020194724,14804.767020194724,-219.5710727519289,-135853.0803032816,32.79259694213908,88.53897855171624,1.8663859607643272,1.4331929803821637,1.3398411542456157,1.3869569330804459,1.5944424139656337
