Eligibility,Agp,Arm,N_All,N,N_Uptake,N_Doses,dRisk_HZ,dC_Med_d,dQ_All_d,Thres,Prop_Uptake,Prop_Doses,Prop_Case,Prop_dQ,Prop_dC_Med
New2023,"[65,70)",RZV_2d,2965505,640873,308987.7238558622,617975.4477117244,-22980.628874703976,-4072314.5871639145,2339.016848237947,82.289113168206,0.5027537757131506,0.5027537757131506,0.5087830988633671,0.4815623994840509,0.4338251296651807
SOC,"[70,75)",RZV_2d,2662322,1053476.2497747962,241224.43116069655,482448.8623213931,-17871.819821974535,-4036562.3371106246,1993.5787291801444,86.11295443826074,0.8952499307282626,0.8952499307282626,0.9044589492036066,0.8920051703890902,0.8638415593433616
SOC,"[75,80)",RZV_2d,2423598,474263.87725610525,64378.40358753453,128756.80717506906,-4315.382007688856,-1278118.6845479878,524.5461984846477,86.66731829466784,1,1,1,1,1
ZVL_85,"[80,85)",ReRZV_2d,1508497,1075401.782433929,256661.78948319663,513323.57896639325,-13391.061061010738,-3926251.901139805,1373.6940963000309,79.15615106049542,1.4176142732588461,1.4176142732588461,1.2964734159729288,1.2828194357255958,1.4182650194754167
UV_85,"[80,85)",RZV_2d,1508497,433095.21756607096,76705.70267800335,153411.4053560067,-4186.08400013921,-1631154.6028976545,557.5417416262474,79.49294500308822,1.5424220849053891,1.5424220849053891,1.3891518540307135,1.397607466907293,1.5920325027971929
ZVL_90,"[85,90)",ReRZV_2d,940569,344417.71727378963,46752.586205033294,93505.17241006659,-2326.6492352678792,-696495.7416614176,203.54365469004395,78.1530414203969,1.618493195257656,1.618493195257656,1.4406630556754474,1.4395135227897597,1.666230443297645
UV_95,"[85,90)",RZV_2d,940569,596151.2827262104,80923.8690085801,161847.7380171602,-3267.2930752177144,-1649685.621290898,473.6188218046458,77.44330641878531,1.7501643832960483,1.7501643832960483,1.512999783480748,1.5370233019266102,1.8419720426375243
UV_95,"[90,95)",RZV_2d,417138,417138,56623.91719788369,113247.83439576738,-1651.2560159819386,-986819.29633908,250.92967193963287,76.22235104824097,1.842297131521944,1.842297131521944,1.549558015085665,1.588685304708688,1.9470982552684966
UV_100,"[95,100)",RZV_2d,109064,109064,14804.767020194724,29609.534040389448,-274.77575517852745,-168047.97734939572,40.33889611956764,75.66349674569793,1.8663859607643272,1.8663859607643272,1.5556414543585622,1.596990373405611,1.9650004664074316
