Eligibility,Agp,Arm,N_All,N,N_Uptake,N_Doses,dRisk_HZ,dC_Med_d,dQ_All_d,Thres,Prop_Uptake,Prop_Doses,Prop_Case,Prop_dQ,Prop_dC_Med
New2023,"[65,70)",RZV_2d,2965505,640873,308563.84904958017,617127.6980991603,-25939.61252907734,-4755908.886848582,2519.24746720793,89.35080762190508,0.502160096755813,0.502160096755813,0.5349465703085412,0.500793542186513,0.4622365069983422
SOC,"[70,75)",RZV_2d,2662322,1054369.6604547934,241451.37207275254,482902.7441455051,-18364.53129694426,-4278526.449198858,2004.6625388331527,90.46352867635984,0.8951006331645196,0.8951006331645196,0.9136740097262199,0.8992943114751706,0.8780752389905739
SOC,"[75,80)",RZV_2d,2423598,474087.4539202733,64457.83446899298,128915.66893798596,-4185.955875180614,-1254472.6468645178,506.60108283728573,90.23921289254726,1,1,1,1,1
ZVL_85,"[80,85)",ReRZV_1d,1508497,1076164.3642254202,146317.3595442511,146317.3595442511,-4408.981444514453,-1317465.3308517386,450.35346120016675,88.1457748974173,1.2381184304386554,1.1190592152193277,1.0909253944966657,1.0895243948862023,1.1280471487391874
UV_85,"[80,85)",RZV_1d,1508497,432332.6357745799,58780.769754324065,58780.769754324065,-2319.593802393624,-928454.0015528819,313.4735974938643,89.55204214876227,1.33377888164877,1.1668894408243848,1.1387618356813,1.1518388579607204,1.218285491145872
ZVL_90,"[85,90)",ReRZV_1d,940569,344866.12479836657,46888.65609583177,46888.65609583177,-1446.7739764672588,-432422.5934530401,127.60594291283635,88.73199590757879,1.4100859803395487,1.2050429901697743,1.1685983174658774,1.1772052552627663,1.260313526985168
UV_95,"[85,90)",RZV_1d,940569,595702.8752016334,80992.89910529328,80992.89910529328,-2449.2626421310147,-1241587.3673582254,357.32253402859976,89.50115949991934,1.541894687602313,1.2709473438011565,1.219108888844849,1.2482363150726892,1.3809859413385939
UV_95,"[90,95)",RZV_1d,417138,417138,56714.87809345928,56714.87809345928,-1262.903976555432,-761555.1102097314,194.46274953987148,89.23844693119209,1.6341930847043322,1.3170965423521661,1.2451534625689182,1.2868929736316568,1.45500303931192
UV_100,"[95,100)",RZV_1d,109064,109064,14828.549459375658,14828.549459375658,-219.9237926344162,-136071.31525527022,32.845275105956006,88.91380052887277,1.658325224143881,1.3291626120719404,1.2496888995754327,1.2934221859772117,1.4682280886059036
