Eligibility,Agp,Arm,N_All,N,N_Uptake,N_Doses,dRisk_HZ,dC_Med_d,dQ_All_d,Thres,Prop_Uptake,Prop_Doses,Prop_Case,Prop_dQ,Prop_dC_Med
New2023,"[65,70)",RZV_2d,2965505,640873,308563.84904958017,617127.6980991603,-41536.10719317066,-7748859.649448348,3900.7909548109033,138.97395791800244,0.502160096755813,0.502160096755813,0.5501847355064731,0.5143496876345562,0.47816790495367467
SOC,"[70,75)",RZV_2d,2662322,1054369.6604547934,241451.37207275254,482902.7441455051,-27912.863515051842,-6616090.562762245,2965.8011237272967,137.90235793241317,0.8951006331645196,0.8951006331645196,0.9199168184586788,0.9054136793344909,0.8864347089091472
SOC,"[75,80)",RZV_2d,2423598,474087.4539202733,64457.83446899298,128915.66893798596,-6045.866775653808,-1840360.8703035382,717.3358377987535,136.60799922926935,1,1,1,1,1
ZVL_85,"[80,85)",ReRZV_2d,1508497,1076164.3642254202,256736.72542993142,513473.45085986285,-18747.60222231613,-5577152.819240764,1887.6588887742491,121.21890996011751,1.4178160833803624,1.4178160833803624,1.248329592421735,1.2489025356778432,1.344155862904639
UV_85,"[80,85)",RZV_2d,1508497,432332.6357745799,76633.20777845594,153266.41555691187,-5447.765349468426,-2141646.558606589,713.8171430708868,120.07905956674423,1.542529782510277,1.542529782510277,1.3204903590520616,1.3430248890210512,1.4763129407726148
ZVL_90,"[85,90)",ReRZV_2d,940569,344866.12479836657,46888.65609583177,93777.31219166354,-3037.5654772425237,-909830.5410116256,262.8458231947272,117.51859791967324,1.618836881201056,1.618836881201056,1.3607257655842138,1.3776831592596854,1.532456913349195
UV_95,"[85,90)",RZV_2d,940569,595702.8752016334,80992.89910529328,161985.79821058657,-4042.3964648418546,-2042156.7522134038,580.6859578952577,115.01774023798566,1.7506455884638203,1.7506455884638203,1.4142711019220155,1.4542511282991022,1.6584746578907936
UV_95,"[90,95)",RZV_2d,417138,417138,56714.87809345928,113429.75618691856,-1979.3221293175366,-1181218.0526223218,300.04923109696557,112.42853703497536,1.8429439855658392,1.8429439855658392,1.4404890817903777,1.4938149578089546,1.7313654556427036
UV_100,"[95,100)",RZV_2d,109064,109064,14828.549459375658,29657.098918751315,-322.890649971442,-196826.1701485334,47.50607554430603,111.47524773494379,1.8670761250053884,1.8670761250053884,1.4447660715917057,1.5000790041011103,1.7435112373031936
