Eligibility,Agp,Arm,N_All,N,N_Uptake,N_Doses,dRisk_HZ,dC_Med_d,dQ_All_d,Thres,Prop_Uptake,Prop_Doses,Prop_Case,Prop_dQ,Prop_dC_Med
New2023,"[65,70)",RZV_2d,2965505,640873,308987.7238558622,617975.4477117244,-41593.16543069409,-7759504.274192736,3906.149479522758,138.9739579180024,0.5027537757131506,0.5027537757131506,0.5507630708228666,0.5149393125870608,0.47876372173569576
SOC,"[70,75)",RZV_2d,2662322,1053476.2497747962,241224.43116069655,482448.8623213931,-27887.70774438378,-6609778.773762155,2963.0575804944424,137.90446363706002,0.8952499307282626,0.8952499307282626,0.9200429608351024,0.9055528417554594,0.8865890381158708
SOC,"[75,80)",RZV_2d,2423598,474263.87725610525,64378.40358753453,128756.80717506906,-6038.288573642677,-1838094.2488495947,716.4431011604737,136.61158487510127,1,1,1,1,1
ZVL_85,"[80,85)",ReRZV_1d,1508497,1075401.782433929,256661.78948319663,256661.78948319663,-16249.66418392359,-4827888.243471742,1644.5368806278223,138.39888823394867,1.4176142732588461,1.208807136629423,1.215172729776743,1.2167957717117432,1.297882140648606
UV_85,"[80,85)",RZV_1d,1508497,433095.21756607096,76705.70267800335,76705.70267800335,-4949.080329666929,-1942917.7595718747,651.45768915384,141.18669755052875,1.5424220849053891,1.2712110424526946,1.2807068301966378,1.3026760423954495,1.4177607443234246
ZVL_90,"[85,90)",ReRZV_1d,940569,344417.71727378963,46752.586205033294,46752.586205033294,-2687.5287441703267,-804668.7399057304,233.082514690089,140.48171813608008,1.618493195257656,1.309246597628828,1.3162942053996716,1.3334028106668065,1.4674090449194983
UV_95,"[85,90)",RZV_1d,940569,596151.2827262104,80923.8690085801,80923.8690085801,-3718.194968937203,-1877077.1014901677,535.2958086616087,141.20036155442128,1.7501643832960483,1.3750821916480243,1.3655293251075542,1.4039697096521013,1.5832252604067667
UV_95,"[90,95)",RZV_1d,417138,417138,56623.91719788369,56623.91719788369,-1840.8130072891063,-1099541.9580639359,279.64939096011136,140.45456851948222,1.842297131521944,1.4211485657609721,1.3899047679046308,1.4408352894004688,1.6510673262714717
UV_100,"[95,100)",RZV_1d,109064,109064,14804.767020194724,14804.767020194724,-304.2385805620596,-185682.4990988362,44.879777930822705,139.88912306414483,1.8663859607643272,1.4331929803821637,1.3939333955206836,1.4467516943199192,1.6625239916960157
