Eligibility,Agp,Arm,N_All,N,N_Uptake,N_Doses,dRisk_HZ,dC_Med_d,dQ_All_d,Thres,Prop_Uptake,Prop_Doses,Prop_Case,Prop_dQ,Prop_dC_Med
New2023,"[65,70)",RZV_2d,2965505,640873,308563.84904958017,617127.6980991603,-34960.520427313044,-6529196.1903377585,3296.7570111766863,117.42194790004042,0.502160096755813,0.502160096755813,0.5496160194438529,0.51449079570793,0.47824346520466765
SOC,"[70,75)",RZV_2d,2662322,1054369.6604547934,241451.37207275254,482902.7441455051,-23537.70426563399,-5569261.011605695,2504.417902676592,116.47128166523278,0.8951006331645196,0.8951006331645196,0.9196533978124398,0.9053294153468612,0.886174641903124
SOC,"[75,80)",RZV_2d,2423598,474087.4539202733,64457.83446899298,128915.66893798596,-5110.766294413567,-1553995.2942836382,606.6307042052703,115.39038495425275,1,1,1,1,1
ZVL_85,"[80,85)",ReRZV_1d,1508497,1076164.3642254202,256736.72542993142,256736.72542993142,-11202.780495687144,-3329392.8103482123,1125.979934139001,112.8488209050004,1.4178160833803624,1.208908041690181,1.1761194498103764,1.1757200516454107,1.2438677454668534
UV_85,"[80,85)",RZV_1d,1508497,432332.6357745799,76633.20777845594,76633.20777845594,-3849.183794255683,-1507881.382809208,504.84752937841495,114.74143721719051,1.542529782510277,1.2712648912551385,1.2366326529677811,1.2545063881028788,1.3543154019026413
ZVL_90,"[85,90)",ReRZV_1d,940569,344866.12479836657,46888.65609583177,46888.65609583177,-1881.3674312453984,-559614.674334865,162.2231451270674,113.76207504389753,1.618836881201056,1.3094184406005278,1.266209720643941,1.2798228778337608,1.3953054492578338
UV_95,"[85,90)",RZV_1d,940569,595702.8752016334,80992.89910529328,80992.89910529328,-2901.6903089374487,-1464508.411616024,416.0726778345431,114.10052168611601,1.7506455884638203,1.37532279423191,1.3118273332470716,1.3447550406730897,1.502576169446807
UV_95,"[90,95)",RZV_1d,417138,417138,56714.87809345928,56714.87809345928,-1436.497051817038,-856298.3906742699,217.09969500967642,113.37186189163863,1.8429439855658392,1.4214719927829196,1.3344105723382638,1.378635546410942,1.5652973831562789
UV_100,"[95,100)",RZV_1d,109064,109064,14828.549459375658,14828.549459375658,-236.73542760277797,-144532.24208097137,34.78964589147543,112.89459815735766,1.8670761250053884,1.433538062502694,1.3381323013568833,1.3840648069043364,1.5758839237152673
