Eligibility,Agp,Arm,N_All,N,N_Uptake,N_Doses,dRisk_HZ,dC_Med_d,dQ_All_d,Thres,Prop_Uptake,Prop_Doses,Prop_Case,Prop_dQ,Prop_dC_Med
New2023,"[65,70)",RZV_2d,2965505,640873,308987.7238558622,617975.4477117244,-33663.45931748986,-6060781.51255906,3298.7051562341726,116.56593300587829,0.5027537757131506,0.5027537757131506,0.5276861513332979,0.4961597479239069,0.4514474980390437
SOC,"[70,75)",RZV_2d,2662322,1053476.2497747962,241224.43116069655,482448.8623213931,-24523.81893023084,-5673086.285550271,2675.0512820417434,119.23491272169267,0.8952499307282626,0.8952499307282626,0.9121053372891734,0.8985154320240758,0.8740168654488749
SOC,"[75,80)",RZV_2d,2423598,474263.87725610525,64378.40358753453,128756.80717506906,-5607.193584509172,-1691351.1672971158,674.7175059265786,119.09937095516042,1,1,1,1,1
ZVL_85,"[80,85)",ReRZV_2d,1508497,1075401.782433929,145979.17591539328,291958.35183078656,-7988.457798870417,-2413501.9364676136,802.4561970929726,108.37752032818997,1.2375226463728188,1.2375226463728188,1.1252217875536126,1.1206978028082246,1.179773748397447
UV_85,"[80,85)",RZV_2d,1508497,433095.21756607096,58790.01131103047,117580.02262206093,-3908.881219420624,-1574161.5218655164,519.8396952729059,107.90637449236104,1.3331798452802655,1.3331798452802655,1.1864948274762632,1.1988871286047422,1.297027815234029
ZVL_90,"[85,90)",ReRZV_2d,940569,344417.71727378963,46752.586205033294,93505.17241006659,-2449.983606202619,-733703.1372403397,211.77216963442854,104.95025815980063,1.4092509556325326,1.4092509556325326,1.224899152111879,1.2307398772823683,1.3516789266334719
UV_95,"[85,90)",RZV_2d,940569,596151.2827262104,80923.8690085801,161847.7380171602,-3964.251302006496,-2006117.250289213,570.1266257701471,103.06156999885995,1.5409221436709246,1.5409221436709246,1.2870401368735667,1.3164928832435785,1.501107941941043
UV_95,"[90,95)",RZV_2d,417138,417138,56623.91719788369,113247.83439576738,-1953.7421777210068,-1167800.872107731,295.99152136628857,100.77799400084471,1.6330548918968206,1.6330548918968206,1.3176657086763877,1.3610131030489663,1.5880935527617581
UV_100,"[95,100)",RZV_2d,109064,109064,14804.767020194724,29609.534040389448,-318.26147785850435,-194058.75199085282,46.68538880622417,99.86670931021106,1.6571437211392035,1.6571437211392035,1.3226545653706714,1.368035073684338,1.602548345081414
