Eligibility,Agp,Arm,N_All,N,N_Uptake,N_Doses,dRisk_HZ,dC_Med_d,dQ_All_d,Thres,Prop_Uptake,Prop_Doses,Prop_Case,Prop_dQ,Prop_dC_Med
New2023,"[65,70)",RZV_2d,2965505,640873,308563.84904958017,617127.6980991603,-39756.4155235023,-7372383.723531081,3741.7962364671394,133.21117931683665,0.502160096755813,0.502160096755813,0.5476648072998446,0.5115079689572009,0.47547730977953645
SOC,"[70,75)",RZV_2d,2662322,1054369.6604547934,241451.37207275254,482902.7441455051,-26957.36724109982,-6350282.858431373,2873.5677018218944,132.75082192249332,0.8951006331645196,0.8951006331645196,0.9190162267124036,0.9043280708363206,0.8850348590195092
SOC,"[75,80)",RZV_2d,2423598,474087.4539202733,64457.83446899298,128915.66893798596,-5878.8231388402055,-1782560.6326640828,699.8617542753475,131.6654486258961,1,1,1,1,1
ZVL_85,"[80,85)",ReRZV_2d,1508497,1076164.3642254202,146317.3595442511,292634.7190885022,-10283.646118991752,-3117853.4792097392,1033.6993272684185,121.97944229976733,1.2381184304386554,1.2381184304386554,1.1416624460715785,1.141307920043961,1.2010840238618739
UV_85,"[80,85)",RZV_2d,1508497,432332.6357745799,58780.769754324065,117561.53950864813,-3965.675826861021,-1600672.0647933932,526.0624087027669,120.62619146127173,1.33377888164877,1.33377888164877,1.196291643873568,1.2132212732078271,1.3043183746157558
ZVL_90,"[85,90)",ReRZV_2d,940569,344866.12479836657,46888.65609583177,93777.31219166354,-3043.937730803921,-909408.9118499215,262.94294042788516,117.65794524174953,1.4100859803395487,1.4100859803395487,1.238223431456077,1.249165884007075,1.3629701376155299
UV_95,"[85,90)",RZV_2d,940569,595702.8752016334,80992.89910529328,161985.79821058657,-3982.0575370998076,-2011940.3986648256,572.099512058828,114.70002169644296,1.541894687602313,1.541894687602313,1.293078295633242,1.3273725636233091,1.4927289841525806
UV_95,"[90,95)",RZV_2d,417138,417138,56714.87809345928,113429.75618691856,-1959.1727941326483,-1171841.367510798,297.17436460594183,111.76472148894855,1.6341930847043322,1.6341930847043322,1.3200668955016448,1.367996650574995,1.568306165401841
UV_100,"[95,100)",RZV_2d,109064,109064,14828.549459375658,29657.098918751315,-320.9328132825822,-196338.89671103502,47.29879309928958,110.69881824460641,1.658325224143881,1.658325224143881,1.3244879079351901,1.374462451506792,1.5809689206129238
