Eligibility,Agp,Arm,N_All,N,N_Uptake,N_Doses,dRisk_HZ,dC_Med_d,dQ_All_d,Thres,Prop_Uptake,Prop_Doses,Prop_Case,Prop_dQ,Prop_dC_Med
New2023,"[65,70)",RZV_2d,2965505,640873,308563.84904958017,617127.6980991603,-25939.61252907734,-4755908.886848582,2519.24746720793,89.35080762190508,0.502160096755813,0.502160096755813,0.5349465703085412,0.500793542186513,0.4622365069983422
SOC,"[70,75)",RZV_2d,2662322,1054369.6604547934,241451.37207275254,482902.7441455051,-18364.53129694426,-4278526.449198858,2004.6625388331527,90.46352867635984,0.8951006331645196,0.8951006331645196,0.9136740097262199,0.8992943114751706,0.8780752389905739
SOC,"[75,80)",RZV_2d,2423598,474087.4539202733,64457.83446899298,128915.66893798596,-4185.955875180614,-1254472.6468645178,506.60108283728573,90.23921289254726,1,1,1,1,1
ZVL_85,"[80,85)",ReRZV_1d,1508497,1076164.3642254202,256736.72542993142,256736.72542993142,-8007.544497448691,-2340642.0938110133,819.984832611655,87.25918164478948,1.4178160833803624,1.208908041690181,1.1651377197982986,1.1630022910444442,1.2274917899643385
UV_85,"[80,85)",RZV_1d,1508497,432332.6357745799,76633.20777845594,76633.20777845594,-3103.450461202272,-1207458.9172229103,415.4499491720676,89.07027928617865,1.542529782510277,1.2712648912551385,1.2291394537672087,1.245588322927081,1.3448471904818944
ZVL_90,"[85,90)",ReRZV_1d,940569,344866.12479836657,46888.65609583177,46888.65609583177,-1446.7739764672588,-432422.5934530401,127.60594291283635,88.32963750099188,1.618836881201056,1.3094184406005278,1.2589759355517862,1.270954720229127,1.3868752263211903
UV_95,"[85,90)",RZV_1d,940569,595702.8752016334,80992.89910529328,80992.89910529328,-2449.2626421310147,-1241587.3673582254,357.32253402859976,89.05970872467779,1.7506455884638203,1.37532279423191,1.3094865069307575,1.3419857800390498,1.5075476406746162
UV_95,"[90,95)",RZV_1d,417138,417138,56714.87809345928,56714.87809345928,-1262.903976555432,-761555.1102097314,194.46274953987148,88.83061858566742,1.8429439855658392,1.4214719927829196,1.3355310806548268,1.3806424385980174,1.5815647386479423
UV_100,"[95,100)",RZV_1d,109064,109064,14828.549459375658,14828.549459375658,-219.9237926344162,-136071.31525527022,32.845275105956006,88.53304227010662,1.8670761250053884,1.433538062502694,1.3400665176613413,1.3871716509435725,1.594789787941926
