Eligibility,Agp,Arm,N_All,N,N_Uptake,N_Doses,dRisk_HZ,dC_Med_d,dQ_All_d,Thres,Prop_Uptake,Prop_Doses,Prop_Case,Prop_dQ,Prop_dC_Med
New2023,"[65,70)",RZV_2d,2965505,640873,308987.7238558622,617975.4477117244,-25975.245829185766,-4762442.088856261,2522.7081627347343,89.35080762190508,0.5027537757131506,0.5027537757131506,0.5355307736179579,0.5013861605840976,0.46283260352574795
SOC,"[70,75)",RZV_2d,2662322,1053476.2497747962,241224.43116069655,482448.8623213931,-18347.769595430145,-4274396.743416932,2002.7870890147042,90.46214533761628,0.8952499307282626,0.8952499307282626,0.9138061250898771,0.8994384378399481,0.8782350664526513
SOC,"[75,80)",RZV_2d,2423598,474263.87725610525,64378.40358753453,128756.80717506906,-4180.725366415154,-1252933.4365279188,505.9722299135299,90.23822474102822,1,1,1,1,1
ZVL_85,"[80,85)",ReRZV_2d,1508497,1075401.782433929,145979.17591539328,291958.35183078656,-6375.964185786244,-1916969.4769520662,649.1079428091563,82.71315865249703,1.2375226463728188,1.2375226463728188,1.13145304015325,1.1290096666976008,1.1862985328416231
UV_85,"[80,85)",RZV_2d,1508497,433095.21756607096,58790.01131103047,117580.02262206093,-2932.9633574170302,-1178935.8484512798,395.0380593403455,82.31912048212656,1.3331798452802655,1.3331798452802655,1.191921847498505,1.2075231542198892,1.3008720936215685
ZVL_90,"[85,90)",ReRZV_2d,940569,344417.71727378963,46752.586205033294,93505.17241006659,-2000.1475640594908,-600228.012003156,175.23569853909083,80.24530081828539,1.4092509556325326,1.4092509556325326,1.2331588228624617,1.2423511043512836,1.359204581097804
UV_95,"[85,90)",RZV_2d,940569,596151.2827262104,80923.8690085801,161847.7380171602,-3039.61159036962,-1538712.1831240882,441.57955947164163,78.86350725616833,1.5409221436709246,1.5409221436709246,1.2958263932559535,1.330114676525995,1.5087426022442494
UV_95,"[90,95)",RZV_2d,417138,417138,56623.91719788369,113247.83439576738,-1537.8313694051712,-922661.2595522499,235.27646287674239,77.21806432559032,1.6330548918968206,1.6330548918968206,1.3275318111129104,1.376875678904367,1.5984104039651665
UV_100,"[95,100)",RZV_2d,109064,109064,14804.767020194724,29609.534040389448,-261.2294552123949,-160636.3892912121,38.71221618203612,76.5545607474077,1.6571437211392035,1.6571437211392035,1.3329175700451514,1.3845696998481813,1.6140216716487348
