Eligibility,Agp,Arm,N_All,N,N_Uptake,N_Doses,dRisk_HZ,dC_Med_d,dQ_All_d,Thres,Prop_Uptake,Prop_Doses,Prop_Case,Prop_dQ,Prop_dC_Med
New2023,"[65,70)",RZV_2d,2965505,640873,308987.7238558622,617975.4477117244,-33663.45931748986,-6060781.51255906,3298.7051562341726,116.56593300587829,0.5027537757131506,0.5027537757131506,0.5276861513332979,0.4961597479239069,0.4514474980390437
SOC,"[70,75)",RZV_2d,2662322,1053476.2497747962,241224.43116069655,482448.8623213931,-24523.81893023084,-5673086.285550271,2675.0512820417434,119.23491272169267,0.8952499307282626,0.8952499307282626,0.9121053372891734,0.8985154320240758,0.8740168654488749
SOC,"[75,80)",RZV_2d,2423598,474263.87725610525,64378.40358753453,128756.80717506906,-5607.193584509172,-1691351.1672971158,674.7175059265786,119.09937095516042,1,1,1,1,1
ZVL_85,"[80,85)",ReRZV_2d,1508497,1075401.782433929,256661.78948319663,513323.57896639325,-14619.419845265968,-4329943.168672937,1473.6143308338249,103.41259224747137,1.4176142732588461,1.4176142732588461,1.2291643684066058,1.2216470039893628,1.3225230947688942
UV_85,"[80,85)",RZV_2d,1508497,433095.21756607096,76705.70267800335,153411.4053560067,-5257.304528530265,-2059348.074677819,692.4847715705572,103.43599644656057,1.5424220849053891,1.5424220849053891,1.3115744014006276,1.3258039544989466,1.4759170975024258
ZVL_90,"[85,90)",ReRZV_2d,940569,344417.71727378963,46752.586205033294,93505.17241006659,-2449.983606202619,-733703.1372403397,211.77216963442854,101.07216621471696,1.618493195257656,1.618493195257656,1.349978726036244,1.357656703176573,1.5305682089018684
UV_95,"[85,90)",RZV_2d,940569,596151.2827262104,80923.8690085801,161847.7380171602,-3964.251302006496,-2006117.250289213,570.1266257701471,99.70104447389393,1.7501643832960483,1.7501643832960483,1.4121197107979313,1.443409709137783,1.6799972242094394
UV_95,"[90,95)",RZV_2d,417138,417138,56623.91719788369,113247.83439576738,-1953.7421777210068,-1167800.872107731,295.99152136628857,97.8448886758042,1.842297131521944,1.842297131521944,1.4427452826007523,1.4879299289431709,1.7669828350301549
UV_100,"[95,100)",RZV_2d,109064,109064,14804.767020194724,29609.534040389448,-318.26147785850435,-194058.75199085282,46.68538880622417,97.0736255714999,1.8663859607643272,1.8663859607643272,1.447734139295036,1.4949518995785425,1.7814376273498105
