Eligibility,Agp,Arm,N_All,N,N_Uptake,N_Doses,dRisk_HZ,dC_Med_d,dQ_All_d,Thres,Prop_Uptake,Prop_Doses,Prop_Case,Prop_dQ,Prop_dC_Med
New2023,"[65,70)",RZV_2d,2965505,640873,308563.84904958017,617127.6980991603,-33706.057860812936,-6236033.232426576,3186.6096282063763,113.37722486296764,0.502160096755813,0.502160096755813,0.546797551273545,0.5111506974294623,0.474077516445615
SOC,"[70,75)",RZV_2d,2662322,1054369.6604547934,241451.37207275254,482902.7441455051,-22908.903181728485,-5396438.484743562,2450.043744187646,113.05645224806386,0.8951006331645196,0.8951006331645196,0.9184379315832031,0.9041519478772942,0.8843271189005499
SOC,"[75,80)",RZV_2d,2423598,474087.4539202733,64457.83446899298,128915.66893798596,-5027.703198196725,-1521565.3676954096,597.5347921366963,112.15935273421752,1,1,1,1,1
ZVL_85,"[80,85)",ReRZV_1d,1508497,1076164.3642254202,146317.3595442511,146317.3595442511,-6708.327562987692,-2028058.932265206,666.2510757736123,111.39020564710235,1.2381184304386554,1.1190592152193277,1.1088260484133052,1.1068705432351615,1.154177680903652
UV_85,"[80,85)",RZV_1d,1508497,432332.6357745799,58780.769754324065,58780.769754324065,-2970.9802708871944,-1194116.1129870843,393.4720339530617,113.14465274852155,1.33377888164877,1.1668894408243848,1.1570228664366857,1.169985743413384,1.2449571203474545
ZVL_90,"[85,90)",ReRZV_1d,940569,344866.12479836657,46888.65609583177,46888.65609583177,-2013.8918608971655,-598429.748909664,172.2885239146132,112.29316211885127,1.4100859803395487,1.2050429901697743,1.1896932885493987,1.1976218235841503,1.2904511192657173
UV_95,"[85,90)",RZV_1d,940569,595702.8752016334,80992.89910529328,80992.89910529328,-2991.290076004213,-1503519.7925379889,429.1713484990635,112.92827424489144,1.541894687602313,1.2709473438011565,1.2382195830054932,1.2664634012158338,1.4047521344474272
UV_95,"[90,95)",RZV_1d,417138,417138,56714.87809345928,56714.87809345928,-1477.3691476014692,-877162.7043014839,222.88904099605222,112.26736796704178,1.6341930847043322,1.3170965423521661,1.2621862490443228,1.302216098297416,1.4714360504682136
UV_100,"[95,100)",RZV_1d,109064,109064,14828.549459375658,14828.549459375658,-242.50151599851358,-147012.7417834233,35.483222543958924,111.77266319120882,1.658325224143881,1.3291626120719404,1.2661202372809677,1.307907813338332,1.4826122955126013
