Eligibility,Agp,Arm,N_All,N,N_Uptake,N_Doses,dRisk_HZ,dC_Med_d,dQ_All_d,Thres,Prop_Uptake,Prop_Doses,Prop_Case,Prop_dQ,Prop_dC_Med
New2023,"[65,70)",RZV_2d,2965505,640873,308987.7238558622,617975.4477117244,-22980.628874703976,-4072314.5871639145,2339.016848237947,82.289113168206,0.5027537757131506,0.5027537757131506,0.5087830988633671,0.4815623994840509,0.4338251296651807
SOC,"[70,75)",RZV_2d,2662322,1053476.2497747962,241224.43116069655,482448.8623213931,-17871.819821974535,-4036562.3371106246,1993.5787291801444,86.11295443826074,0.8952499307282626,0.8952499307282626,0.9044589492036066,0.8920051703890902,0.8638415593433616
SOC,"[75,80)",RZV_2d,2423598,474263.87725610525,64378.40358753453,128756.80717506906,-4315.382007688856,-1278118.6845479878,524.5461984846477,86.66731829466784,1,1,1,1,1
ZVL_85,"[80,85)",ReRZV_2d,1508497,1075401.782433929,145979.17591539328,291958.35183078656,-7404.955687174168,-2220964.2426327015,757.5006932031757,81.45262926604073,1.2375226463728188,1.2375226463728188,1.1639431332365973,1.1559560597883491,1.2366001152216681
UV_85,"[80,85)",RZV_2d,1508497,433095.21756607096,58790.01131103047,117580.02262206093,-3124.126531213666,-1252683.2270180786,419.921304768147,81.49772992605588,1.3331798452802655,1.3331798452802655,1.2331102037488322,1.242410465309609,1.3700489074892093
ZVL_90,"[85,90)",ReRZV_2d,940569,344417.71727378963,46752.586205033294,93505.17241006659,-2326.6492352678792,-696495.7416614176,203.54365469004395,79.85066271157736,1.4092509556325326,1.4092509556325326,1.284621405393566,1.2843165211920757,1.4442468479896613
UV_95,"[85,90)",RZV_2d,940569,596151.2827262104,80923.8690085801,161847.7380171602,-3267.2930752177144,-1649685.621290898,473.6188218046458,78.89949153160033,1.5409221436709246,1.5409221436709246,1.3569581331988665,1.3818263003289262,1.619988447329541
UV_95,"[90,95)",RZV_2d,417138,417138,56623.91719788369,113247.83439576738,-1651.2560159819386,-986819.29633908,250.92967193963287,77.43994174851197,1.6330548918968206,1.6330548918968206,1.3935163648037834,1.4334883031110037,1.7251146599605132
UV_100,"[95,100)",RZV_2d,109064,109064,14804.767020194724,29609.534040389448,-274.77575517852745,-168047.97734939572,40.33889611956764,76.79282336936025,1.6571437211392035,1.6571437211392035,1.3995998040766808,1.4417933718079268,1.743016871099448
