Eligibility,Agp,Arm,N_All,N,N_Uptake,N_Doses,dRisk_HZ,dC_Med_d,dQ_All_d,Thres,Prop_Uptake,Prop_Doses,Prop_Case,Prop_dQ,Prop_dC_Med
New2023,"[65,70)",RZV_2d,2965505,640873,308987.7238558622,617975.4477117244,-22980.628874703976,-4072314.5871639145,2339.016848237947,82.289113168206,0.5027537757131506,0.5027537757131506,0.5087830988633671,0.4815623994840509,0.4338251296651807
SOC,"[70,75)",RZV_2d,2662322,1053476.2497747962,241224.43116069655,482448.8623213931,-17871.819821974535,-4036562.3371106246,1993.5787291801444,86.11295443826074,0.8952499307282626,0.8952499307282626,0.9044589492036066,0.8920051703890902,0.8638415593433616
SOC,"[75,80)",RZV_2d,2423598,474263.87725610525,64378.40358753453,128756.80717506906,-4315.382007688856,-1278118.6845479878,524.5461984846477,86.66731829466784,1,1,1,1,1
ZVL_85,"[80,85)",ReRZV_1d,1508497,1075401.782433929,145979.17591539328,145979.17591539328,-5540.731878145669,-1650731.5662152239,571.2976911710545,86.97641803257412,1.2375226463728188,1.1187613231864095,1.1226698690581551,1.1176201390713727,1.1758530242268097
UV_85,"[80,85)",RZV_1d,1508497,433095.21756607096,58790.01131103047,58790.01131103047,-2562.4511323430656,-1023057.321337095,346.9496455414417,88.96303195038432,1.3331798452802655,1.1665899226401328,1.1794016423663494,1.1890509643486438,1.2848396866234084
ZVL_90,"[85,90)",ReRZV_1d,940569,344417.71727378963,46752.586205033294,46752.586205033294,-1800.4322737841032,-538945.1789123414,158.58168366532672,88.66001844852725,1.4092509556325326,1.2046254778162662,1.219262584229338,1.2217001417830111,1.3422537093172942
UV_95,"[85,90)",RZV_1d,940569,596151.2827262104,80923.8690085801,80923.8690085801,-2719.0154407517266,-1377076.8595861343,396.4271605098148,90.02456240078097,1.5409221436709246,1.2704610718354623,1.2794606366562575,1.3033175165272628,1.488954199758758
UV_95,"[90,95)",RZV_1d,417138,417138,56623.91719788369,56623.91719788369,-1396.0150160676162,-837278.9789283647,212.98469907084802,90.02420991718841,1.6330548918968206,1.3165274459484104,1.3103679216486412,1.3471673172737655,1.578149828884379
UV_100,"[95,100)",RZV_1d,109064,109064,14804.767020194724,14804.767020194724,-236.06419819772398,-144732.25630515747,34.812254423345664,89.7230504488579,1.6571437211392035,1.328571860569602,1.3155943005673634,1.3543345477211153,1.593568207920279
