Eligibility,Agp,Arm,N_All,N,N_Uptake,N_Doses,dRisk_HZ,dC_Med_d,dQ_All_d,Thres,Prop_Uptake,Prop_Doses,Prop_Case,Prop_dQ,Prop_dC_Med
New2023,"[65,70)",RZV_2d,2965505,640873,308987.7238558622,617975.4477117244,-41593.16543069409,-7759504.274192736,3906.149479522758,138.9739579180024,0.5027537757131506,0.5027537757131506,0.5507630708228666,0.5149393125870608,0.47876372173569576
SOC,"[70,75)",RZV_2d,2662322,1053476.2497747962,241224.43116069655,482448.8623213931,-27887.70774438378,-6609778.773762155,2963.0575804944424,137.90446363706002,0.8952499307282626,0.8952499307282626,0.9200429608351024,0.9055528417554594,0.8865890381158708
SOC,"[75,80)",RZV_2d,2423598,474263.87725610525,64378.40358753453,128756.80717506906,-6038.288573642677,-1838094.2488495947,716.4431011604737,136.61158487510127,1,1,1,1,1
ZVL_85,"[80,85)",ReRZV_2d,1508497,1075401.782433929,256661.78948319663,513323.57896639325,-18745.10492752984,-5575965.01564309,1887.3884838416188,121.23015546333373,1.4176142732588461,1.4176142732588461,1.2482165386038255,1.2488103779819713,1.3440387000025271
UV_85,"[80,85)",RZV_2d,1508497,433095.21756607096,76705.70267800335,153411.4053560067,-5453.388881338993,-2143704.768232632,714.5360004395611,120.08893210308766,1.5424220849053891,1.5424220849053891,1.3204285276548213,1.3430061272265725,1.4763059218346057
ZVL_90,"[85,90)",ReRZV_2d,940569,344417.71727378963,46752.586205033294,93505.17241006659,-3028.6999796677446,-907188.1290187525,262.08343878953684,117.53538577151164,1.618493195257656,1.618493195257656,1.3605335805915226,1.3775560251550119,1.5322796992327303
UV_95,"[85,90)",RZV_2d,940569,596151.2827262104,80923.8690085801,161847.7380171602,-4039.098334630098,-2040446.8111454705,580.207632492105,115.03535586673867,1.7501643832960483,1.7501643832960483,1.4140179975408214,1.4540435536020169,1.6581758743990709
UV_95,"[90,95)",RZV_2d,417138,417138,56623.91719788369,113247.83439576738,-1976.147637551573,-1179323.5823254886,299.5680038124359,112.44901110992608,1.842297131521944,1.842297131521944,1.4401854971765684,1.493534961384778,1.7309404902112795
UV_100,"[95,100)",RZV_2d,109064,109064,14804.767020194724,29609.534040389448,-322.3727889853708,-196510.49487405038,47.42988398184387,111.49681655498554,1.8663859607643272,1.8663859607643272,1.4444542520398445,1.4997875413184774,1.7430652461958764
